format,path,dist,M,N,K,tile,tflops_median,tflops_min,tflops_max,tflops_mean,ms_median,rel,maxabs,p99,n_runs
CUBLAS_FP16,REF,"U(-1,1)",1,7168,7168,cublas,0.560,0.560,0.570,0.564,0.1820,0.0e+0,0.0e+0,0.0e+0,5
CUBLAS_FP16,REF,"U(-1,1)",8,7168,7168,cublas,4.300,4.180,4.350,4.284,0.1910,0.0e+0,0.0e+0,0.0e+0,5
CUBLAS_FP16,REF,"U(-1,1)",32,7168,7168,cublas,15.040,14.650,15.280,15.014,0.2190,0.0e+0,0.0e+0,0.0e+0,5
CUBLAS_FP16,REF,"U(-1,1)",64,7168,7168,cublas,19.910,18.740,20.220,19.742,0.3300,0.0e+0,0.0e+0,0.0e+0,5
CUBLAS_FP16,REF,"U(-1,1)",256,7168,7168,cublas,56.020,55.850,56.480,56.120,0.4700,0.0e+0,0.0e+0,0.0e+0,5
CUBLAS_FP16,REF,"U(-1,1)",1024,7168,7168,cublas,95.410,83.960,96.570,93.330,1.1030,0.0e+0,0.0e+0,0.0e+0,5
CUBLAS_FP16,REF,"U(-1,1)",2048,7168,7168,cublas,98.430,86.570,99.170,96.292,2.1380,0.0e+0,0.0e+0,0.0e+0,5
CUBLAS_FP16,REF,"U(-1,1)",4096,7168,7168,cublas,97.970,87.050,98.280,95.826,4.2960,0.0e+0,0.0e+0,0.0e+0,5
INT8,LUT,"U(-1,1)",1,7168,7168,16x64x32_w4,0.070,0.060,0.070,0.068,1.4660,2.590e-04,2.655e-02,1.872e-02,5
INT8,BITSHIFT,"U(-1,1)",1,7168,7168,16x64x32_w4,0.130,0.120,0.130,0.128,0.7940,1.818e-04,1.871e-02,1.282e-02,5
INT8,LUT,"U(-1,1)",1,7168,7168,16x128x32_w8,0.070,0.070,0.070,0.070,1.4370,2.590e-04,2.655e-02,1.872e-02,5
INT8,BITSHIFT,"U(-1,1)",1,7168,7168,16x128x32_w8,0.120,0.120,0.130,0.124,0.8260,1.818e-04,1.871e-02,1.282e-02,5
INT8,LUT,"U(-1,1)",1,7168,7168,16x128x32_w4f2,0.040,0.040,0.040,0.040,2.5440,2.590e-04,2.655e-02,1.872e-02,5
INT8,LUT,"U(-1,1)",1,7168,7168,16x256x32_w4f4,0.020,0.020,0.020,0.020,4.7830,2.590e-04,2.655e-02,1.872e-02,5
INT8,LUT,"U(-1,1)",1,7168,7168,128x64x32_w4_v1,0.050,0.040,0.050,0.048,2.1930,2.590e-04,2.655e-02,1.872e-02,5
INT8,LUT,"U(-1,1)",1,7168,7168,128x128x32_w4_v1,0.040,0.030,0.040,0.038,2.9220,2.590e-04,2.655e-02,1.872e-02,5
INT8,LUT,"U(-1,1)",1,7168,7168,128x256x32_w4_v1,0.020,0.020,0.020,0.020,6.5590,2.590e-04,2.655e-02,1.872e-02,5
INT8,LUT,"U(-1,1)",1,7168,7168,128x256x32_w8_v1,0.030,0.030,0.030,0.030,3.2890,2.590e-04,2.655e-02,1.872e-02,5
INT8,LUT,"U(-1,1)",1,7168,7168,64x64x32_w4_v1,0.060,0.060,0.060,0.060,1.7180,2.590e-04,2.655e-02,1.872e-02,5
INT8,LUT,"U(-1,1)",1,7168,7168,64x128x32_w4_v1,0.040,0.040,0.040,0.040,2.6560,2.590e-04,2.655e-02,1.872e-02,5
INT8,LUT,"U(-1,1)",1,7168,7168,128x64x32_w4_v2,0.090,0.090,0.090,0.090,1.1180,2.590e-04,2.655e-02,1.872e-02,5
INT8,LUT,"U(-1,1)",1,7168,7168,128x128x32_w4_v2,0.110,0.110,0.110,0.110,0.9730,2.590e-04,2.655e-02,1.872e-02,5
INT8,LUT,"U(-1,1)",1,7168,7168,128x256x32_w4_v2,0.050,0.050,0.050,0.050,2.2030,2.590e-04,2.655e-02,1.872e-02,5
INT8,LUT,"U(-1,1)",1,7168,7168,128x256x32_w8_v2,0.070,0.070,0.070,0.070,1.3780,2.590e-04,2.655e-02,1.872e-02,5
INT8,LUT,"U(-1,1)",1,7168,7168,64x64x32_w4_v2,0.140,0.140,0.140,0.140,0.7310,2.590e-04,2.655e-02,1.872e-02,5
INT8,LUT,"U(-1,1)",1,7168,7168,64x128x32_w4_v2,0.150,0.150,0.150,0.150,0.6750,2.590e-04,2.655e-02,1.872e-02,5
INT8,LUT,"U(-1,1)",1,7168,7168,128x64x32_w4_v3,0.110,0.110,0.110,0.110,0.8980,2.590e-04,2.655e-02,1.872e-02,5
INT8,LUT,"U(-1,1)",1,7168,7168,128x128x32_w4_v3,0.130,0.130,0.130,0.130,0.8010,2.590e-04,2.655e-02,1.872e-02,5
INT8,LUT,"U(-1,1)",1,7168,7168,64x64x32_w4_v3,0.170,0.170,0.170,0.170,0.6160,2.590e-04,2.655e-02,1.872e-02,5
INT8,LUT,"U(-1,1)",1,7168,7168,64x128x32_w4_v3,0.180,0.180,0.180,0.180,0.5720,2.590e-04,2.655e-02,1.872e-02,5
INT8,LUT,"U(-1,1)",1,7168,7168,32x128x32_w4_v3_b1,0.220,0.220,0.220,0.220,0.4760,2.590e-04,2.655e-02,1.872e-02,5
INT8,LUT,"U(-1,1)",1,7168,7168,32x64x32_w4_v3_b1,0.230,0.230,0.230,0.230,0.4440,2.590e-04,2.655e-02,1.872e-02,5
INT8,LUT,"U(-1,1)",1,7168,7168,32x256x32_w8_v3_b1,0.160,0.160,0.160,0.160,0.6410,2.590e-04,2.655e-02,1.872e-02,5
INT8,LUT,"U(-1,1)",1,7168,7168,128x128x32_w8_v3_b1alt,0.110,0.110,0.110,0.110,0.9540,2.590e-04,2.655e-02,1.872e-02,5
INT8,LUT,"U(-1,1)",1,7168,7168,64x128x32_w8_v3_b1alt,0.170,0.170,0.170,0.170,0.5960,2.590e-04,2.655e-02,1.872e-02,5
INT8,LUT,"U(-1,1)",1,7168,7168,128x64x32_w4_v4,0.110,0.110,0.110,0.110,0.9360,2.590e-04,2.655e-02,1.872e-02,5
INT8,LUT,"U(-1,1)",1,7168,7168,128x128x32_w4_v4,0.130,0.130,0.130,0.130,0.8160,2.590e-04,2.655e-02,1.872e-02,5
INT8,LUT,"U(-1,1)",1,7168,7168,64x64x32_w4_v4,0.180,0.170,0.180,0.176,0.5870,2.590e-04,2.655e-02,1.872e-02,5
INT8,LUT,"U(-1,1)",1,7168,7168,64x128x32_w4_v4,0.170,0.170,0.170,0.170,0.5900,2.590e-04,2.655e-02,1.872e-02,5
INT8,LUT,"U(-1,1)",1,7168,7168,128x64x32_w4_v5,0.110,0.110,0.110,0.110,0.9280,2.590e-04,2.655e-02,1.872e-02,5
INT8,LUT,"U(-1,1)",1,7168,7168,128x128x32_w4_v5,0.120,0.120,0.120,0.120,0.8320,2.590e-04,2.655e-02,1.872e-02,5
INT8,LUT,"U(-1,1)",1,7168,7168,64x64x32_w4_v5,0.170,0.170,0.170,0.170,0.5890,2.590e-04,2.655e-02,1.872e-02,5
INT8,LUT,"U(-1,1)",1,7168,7168,64x128x32_w4_v5,0.170,0.170,0.170,0.170,0.5920,2.590e-04,2.655e-02,1.872e-02,5
INT8,LUT,"U(-1,1)",1,7168,7168,128x128x64_w4_v6,0.090,0.090,0.090,0.090,1.1070,2.590e-04,2.655e-02,1.872e-02,5
INT8,LUT,"U(-1,1)",1,7168,7168,128x64x64_w4_v6,0.070,0.070,0.070,0.070,1.5510,2.590e-04,2.655e-02,1.872e-02,5
INT8,LUT,"U(-1,1)",1,7168,7168,64x128x64_w4_v6,0.140,0.140,0.140,0.140,0.7540,2.590e-04,2.655e-02,1.872e-02,5
INT8,LUT,"U(-1,1)",1,7168,7168,64x64x64_w4_v6,0.120,0.120,0.120,0.120,0.8690,2.590e-04,2.655e-02,1.872e-02,5
INT8,LUT,"U(-1,1)",1,7168,7168,64x128x32_w4_v7,0.180,0.180,0.180,0.180,0.5740,2.590e-04,2.655e-02,1.872e-02,5
INT8,LUT,"U(-1,1)",1,7168,7168,64x64x32_w4_v7,0.180,0.180,0.180,0.180,0.5680,2.590e-04,2.655e-02,1.872e-02,5
INT8,LUT,"U(-1,1)",1,7168,7168,32x128x32_w4_v7,0.220,0.220,0.220,0.220,0.4730,2.590e-04,2.655e-02,1.872e-02,5
INT8,LUT,"U(-1,1)",1,7168,7168,32x64x32_w4_v7,0.230,0.230,0.230,0.230,0.4490,2.590e-04,2.655e-02,1.872e-02,5
INT8,LUT,"U(-1,1)",1,7168,7168,128x64x32_w4_v8,0.110,0.110,0.110,0.110,0.9000,5.378e-03,1.195e+00,5.779e-01,5
INT8,LUT,"U(-1,1)",1,7168,7168,128x128x32_w4_v8,0.130,0.130,0.130,0.130,0.7760,5.378e-03,1.195e+00,5.779e-01,5
INT8,LUT,"U(-1,1)",1,7168,7168,64x64x32_w4_v8,0.190,0.190,0.190,0.190,0.5470,5.378e-03,1.195e+00,5.779e-01,5
INT8,LUT,"U(-1,1)",1,7168,7168,64x128x32_w4_v8,0.180,0.180,0.180,0.180,0.5690,5.378e-03,1.195e+00,5.779e-01,5
INT8,LUT,"U(-1,1)",1,7168,7168,32x128x32_w4_v8,0.210,0.210,0.210,0.210,0.4910,5.378e-03,1.195e+00,5.779e-01,5
INT8,LUT,"U(-1,1)",1,7168,7168,32x64x32_w4_v8,0.230,0.230,0.230,0.230,0.4440,5.378e-03,1.195e+00,5.779e-01,5
INT8,LUT,"U(-1,1)",1,7168,7168,128x128x32_w4_v9_ck2,0.120,0.120,0.120,0.120,0.8730,5.040e-01,1.082e+02,6.751e+01,5
INT8,LUT,"U(-1,1)",1,7168,7168,128x128x32_w4_v9_ck4,0.120,0.120,0.120,0.120,0.8270,5.041e-01,1.082e+02,6.751e+01,5
INT8,LUT,"U(-1,1)",1,7168,7168,128x128x32_w4_v9_ck8,0.130,0.130,0.130,0.130,0.8080,5.042e-01,1.082e+02,6.751e+01,5
INT8,LUT,"U(-1,1)",1,7168,7168,64x128x32_w4_v9_ck4,0.180,0.180,0.180,0.180,0.5860,5.041e-01,1.082e+02,6.751e+01,5
INT8,LUT,"U(-1,1)",1,7168,7168,64x64x32_w4_v9_ck4,0.180,0.180,0.180,0.180,0.5690,5.041e-01,1.082e+02,6.751e+01,5
INT8,LUT,"U(-1,1)",1,7168,7168,128x128x32_w4_v10,0.130,0.130,0.130,0.130,0.7990,2.590e-04,2.655e-02,1.872e-02,5
INT8,LUT,"U(-1,1)",1,7168,7168,128x64x32_w4_v10,0.110,0.110,0.110,0.110,0.9080,2.590e-04,2.655e-02,1.872e-02,5
INT8,LUT,"U(-1,1)",1,7168,7168,64x128x32_w4_v10,0.180,0.180,0.180,0.180,0.5680,2.590e-04,2.655e-02,1.872e-02,5
INT8,LUT,"U(-1,1)",1,7168,7168,64x64x32_w4_v10,0.180,0.180,0.180,0.180,0.5640,2.590e-04,2.655e-02,1.872e-02,5
INT8,LUT,"U(-1,1)",1,7168,7168,64x256x32_w8_v10,0.130,0.130,0.130,0.130,0.7940,2.590e-04,2.655e-02,1.872e-02,5
INT8,LUT,"U(-1,1)",1,7168,7168,128x128x32_w4_v11,0.150,0.150,0.150,0.150,0.6860,2.590e-04,2.655e-02,1.872e-02,5
INT8,LUT,"U(-1,1)",1,7168,7168,64x128x32_w4_v11,0.230,0.220,0.230,0.226,0.4570,2.590e-04,2.655e-02,1.872e-02,5
INT8,LUT,"U(-1,1)",1,7168,7168,128x256x32_w8_v11,0.050,0.050,0.050,0.050,1.8970,2.590e-04,2.655e-02,1.872e-02,5
INT8,LUT,"U(-1,1)",1,7168,7168,64x256x32_w8_v11,0.150,0.150,0.150,0.150,0.6890,2.590e-04,2.655e-02,1.872e-02,5
INT8,LUT,"U(-1,1)",1,7168,7168,128x128x16_w4_v11,0.170,0.170,0.170,0.170,0.6010,2.590e-04,2.655e-02,1.872e-02,5
INT8,LUT,"U(-1,1)",1,7168,7168,64x128x16_w4_v11,0.210,0.210,0.210,0.210,0.4810,2.590e-04,2.655e-02,1.872e-02,5
INT8,LUT,"U(-1,1)",1,7168,7168,128x256x16_w8_v11,0.050,0.050,0.050,0.050,1.9860,2.590e-04,2.655e-02,1.872e-02,5
INT8,LUT,"U(-1,1)",1,7168,7168,64x256x16_w8_v11,0.160,0.160,0.160,0.160,0.6340,2.590e-04,2.655e-02,1.872e-02,5
INT8,LUT,"U(-1,1)",1,7168,7168,64x256x16_w4f4_v11,0.160,0.160,0.160,0.160,0.6620,2.590e-04,2.655e-02,1.872e-02,5
INT8,LUT,"U(-1,1)",1,7168,7168,128x256x16_w4f4_v11,0.060,0.060,0.060,0.060,1.7910,2.590e-04,2.655e-02,1.872e-02,5
INT8,LUT,"U(-1,1)",1,7168,7168,32x128x16_w4_v11,0.250,0.250,0.250,0.250,0.4040,2.590e-04,2.655e-02,1.872e-02,5
INT8,LUT,"U(-1,1)",1,7168,7168,32x256x16_w8_v11,0.190,0.190,0.190,0.190,0.5410,2.590e-04,2.655e-02,1.872e-02,5
INT8,LUT,"U(-1,1)",1,7168,7168,32x128x32_w4_v11,0.290,0.280,0.290,0.288,0.3600,2.590e-04,2.655e-02,1.872e-02,5
INT8,LUT,"U(-1,1)",1,7168,7168,192x128x16_w4_v11,0.130,0.130,0.130,0.130,0.8040,2.590e-04,2.655e-02,1.872e-02,5
INT8,LUT,"U(-1,1)",1,7168,7168,256x128x16_w4_v11,0.050,0.050,0.050,0.050,2.0670,2.590e-04,2.655e-02,1.872e-02,5
INT8,LUT,"U(-1,1)",1,7168,7168,64x128x16_w2f4_v11,0.170,0.170,0.170,0.170,0.6200,2.590e-04,2.655e-02,1.872e-02,5
INT8,LUT,"U(-1,1)",1,7168,7168,64x128x32_w2f4_v11,0.160,0.150,0.160,0.156,0.6620,2.590e-04,2.655e-02,1.872e-02,5
INT8,LUT,"U(-1,1)",1,7168,7168,32x128x16_w2f4_v11,0.160,0.160,0.160,0.160,0.6490,2.590e-04,2.655e-02,1.872e-02,5
INT8,LUT,"U(-1,1)",1,7168,7168,128x128x32_w4_v10s_ks1,0.130,0.130,0.130,0.130,0.7990,2.590e-04,2.655e-02,1.872e-02,5
INT8,LUT,"U(-1,1)",1,7168,7168,128x128x32_w4_v10s_ks2,0.180,0.180,0.180,0.180,0.5660,2.591e-04,2.656e-02,1.871e-02,5
INT8,LUT,"U(-1,1)",1,7168,7168,128x128x32_w4_v10s_ks4,0.180,0.180,0.180,0.180,0.5750,2.591e-04,2.655e-02,1.872e-02,5
INT8,LUT,"U(-1,1)",1,7168,7168,128x128x32_w4_v10s_ks8,0.230,0.230,0.230,0.230,0.4450,2.591e-04,2.654e-02,1.873e-02,5
INT8,LUT,"U(-1,1)",1,7168,7168,64x128x32_w4_v10s_ks2,0.260,0.260,0.270,0.262,0.3890,2.591e-04,2.656e-02,1.871e-02,5
INT8,LUT,"U(-1,1)",1,7168,7168,64x128x32_w4_v10s_ks4,0.310,0.310,0.310,0.310,0.3280,2.591e-04,2.655e-02,1.872e-02,5
INT8,LUT,"U(-1,1)",1,7168,7168,64x128x32_w4_v10s_ks8,0.360,0.360,0.360,0.360,0.2870,2.591e-04,2.653e-02,1.873e-02,5
INT8,LUT,"U(-1,1)",1,7168,7168,64x64x32_w4_v10s_ks2,0.270,0.270,0.270,0.270,0.3790,2.591e-04,2.656e-02,1.871e-02,5
INT8,LUT,"U(-1,1)",1,7168,7168,64x64x32_w4_v10s_ks4,0.240,0.240,0.250,0.242,0.4250,2.591e-04,2.655e-02,1.872e-02,5
INT8,LUT,"U(-1,1)",1,7168,7168,64x64x32_w4_v10s_ks8,0.270,0.270,0.270,0.270,0.3760,2.591e-04,2.654e-02,1.873e-02,5
INT8,LUT,"U(-1,1)",1,7168,7168,64x256x32_w8_v10s_ks2,0.240,0.240,0.240,0.240,0.4250,2.591e-04,2.656e-02,1.871e-02,5
INT8,LUT,"U(-1,1)",1,7168,7168,64x256x32_w8_v10s_ks4,0.280,0.280,0.280,0.280,0.3660,2.591e-04,2.655e-02,1.872e-02,5
INT8,LUT,"U(-1,1)",1,7168,7168,128x128x32_cutlass_p1,0.260,0.250,0.280,0.260,0.4020,2.590e-04,2.655e-02,1.872e-02,5
INT8,BITSHIFT,"U(-1,1)",1,7168,7168,128x128x32_cutlass_p1,0.250,0.240,0.270,0.250,0.4120,2.590e-04,2.655e-02,1.872e-02,5
INT8,LUT,"U(-1,1)",1,7168,7168,64x128x32_cutlass_p1,0.250,0.240,0.270,0.254,0.4030,2.590e-04,2.655e-02,1.872e-02,5
INT8,BITSHIFT,"U(-1,1)",1,7168,7168,64x128x32_cutlass_p1,0.250,0.250,0.270,0.254,0.4050,2.590e-04,2.655e-02,1.872e-02,5
INT8,LUT,"U(-1,1)",1,7168,7168,128x64x32_cutlass_p1,0.250,0.240,0.270,0.250,0.4120,2.590e-04,2.655e-02,1.872e-02,5
INT8,BITSHIFT,"U(-1,1)",1,7168,7168,128x64x32_cutlass_p1,0.260,0.250,0.270,0.260,0.3880,2.590e-04,2.655e-02,1.872e-02,5
INT8,LUT,"U(-1,1)",8,7168,7168,16x64x32_w4,0.570,0.570,0.580,0.574,1.4320,2.621e-04,3.159e-02,1.864e-02,5
INT8,BITSHIFT,"U(-1,1)",8,7168,7168,16x64x32_w4,0.900,0.890,0.900,0.896,0.9180,1.867e-04,2.393e-02,1.337e-02,5
INT8,LUT,"U(-1,1)",8,7168,7168,16x128x32_w8,0.550,0.550,0.550,0.550,1.4880,2.621e-04,3.159e-02,1.864e-02,5
INT8,BITSHIFT,"U(-1,1)",8,7168,7168,16x128x32_w8,0.850,0.850,0.850,0.850,0.9640,1.867e-04,2.393e-02,1.337e-02,5
INT8,LUT,"U(-1,1)",8,7168,7168,16x128x32_w4f2,0.320,0.320,0.320,0.320,2.5700,2.621e-04,3.159e-02,1.864e-02,5
INT8,LUT,"U(-1,1)",8,7168,7168,16x256x32_w4f4,0.170,0.170,0.170,0.170,4.7880,2.621e-04,3.159e-02,1.864e-02,5
INT8,LUT,"U(-1,1)",8,7168,7168,128x64x32_w4_v1,0.370,0.370,0.370,0.370,2.2160,2.621e-04,3.159e-02,1.864e-02,5
INT8,LUT,"U(-1,1)",8,7168,7168,128x128x32_w4_v1,0.280,0.280,0.280,0.280,2.9450,2.621e-04,3.159e-02,1.864e-02,5
INT8,LUT,"U(-1,1)",8,7168,7168,128x256x32_w4_v1,0.120,0.120,0.120,0.120,6.6090,2.621e-04,3.159e-02,1.864e-02,5
INT8,LUT,"U(-1,1)",8,7168,7168,128x256x32_w8_v1,0.250,0.250,0.250,0.250,3.3070,2.621e-04,3.159e-02,1.864e-02,5
INT8,LUT,"U(-1,1)",8,7168,7168,64x64x32_w4_v1,0.480,0.470,0.480,0.478,1.7250,2.621e-04,3.159e-02,1.864e-02,5
INT8,LUT,"U(-1,1)",8,7168,7168,64x128x32_w4_v1,0.310,0.310,0.310,0.310,2.6810,2.621e-04,3.159e-02,1.864e-02,5
INT8,LUT,"U(-1,1)",8,7168,7168,128x64x32_w4_v2,0.730,0.730,0.730,0.730,1.1310,2.621e-04,3.159e-02,1.864e-02,5
INT8,LUT,"U(-1,1)",8,7168,7168,128x128x32_w4_v2,0.850,0.850,0.850,0.850,0.9690,2.621e-04,3.159e-02,1.864e-02,5
INT8,LUT,"U(-1,1)",8,7168,7168,128x256x32_w4_v2,0.370,0.370,0.370,0.370,2.1960,2.621e-04,3.159e-02,1.864e-02,5
INT8,LUT,"U(-1,1)",8,7168,7168,128x256x32_w8_v2,0.600,0.590,0.600,0.598,1.3800,2.621e-04,3.159e-02,1.864e-02,5
INT8,LUT,"U(-1,1)",8,7168,7168,64x64x32_w4_v2,1.110,1.110,1.110,1.110,0.7390,2.621e-04,3.159e-02,1.864e-02,5
INT8,LUT,"U(-1,1)",8,7168,7168,64x128x32_w4_v2,1.220,1.220,1.230,1.222,0.6730,2.621e-04,3.159e-02,1.864e-02,5
INT8,LUT,"U(-1,1)",8,7168,7168,128x64x32_w4_v3,0.910,0.910,0.910,0.910,0.9000,2.621e-04,3.159e-02,1.864e-02,5
INT8,LUT,"U(-1,1)",8,7168,7168,128x128x32_w4_v3,1.030,1.030,1.030,1.030,0.7990,2.621e-04,3.159e-02,1.864e-02,5
INT8,LUT,"U(-1,1)",8,7168,7168,64x64x32_w4_v3,1.330,1.320,1.330,1.328,0.6190,2.621e-04,3.159e-02,1.864e-02,5
INT8,LUT,"U(-1,1)",8,7168,7168,64x128x32_w4_v3,1.430,1.430,1.430,1.430,0.5740,2.621e-04,3.159e-02,1.864e-02,5
INT8,LUT,"U(-1,1)",8,7168,7168,32x128x32_w4_v3_b1,1.710,1.700,1.710,1.708,0.4810,2.621e-04,3.159e-02,1.864e-02,5
INT8,LUT,"U(-1,1)",8,7168,7168,32x64x32_w4_v3_b1,1.840,1.830,1.840,1.838,0.4470,2.621e-04,3.159e-02,1.864e-02,5
INT8,LUT,"U(-1,1)",8,7168,7168,32x256x32_w8_v3_b1,1.300,1.300,1.300,1.300,0.6330,2.621e-04,3.159e-02,1.864e-02,5
INT8,LUT,"U(-1,1)",8,7168,7168,128x128x32_w8_v3_b1alt,0.870,0.870,0.870,0.870,0.9470,2.621e-04,3.159e-02,1.864e-02,5
INT8,LUT,"U(-1,1)",8,7168,7168,64x128x32_w8_v3_b1alt,1.380,1.380,1.380,1.380,0.5950,2.621e-04,3.159e-02,1.864e-02,5
INT8,LUT,"U(-1,1)",8,7168,7168,128x64x32_w4_v4,0.870,0.870,0.880,0.874,0.9400,2.621e-04,3.159e-02,1.864e-02,5
INT8,LUT,"U(-1,1)",8,7168,7168,128x128x32_w4_v4,1.010,1.010,1.020,1.012,0.8110,2.621e-04,3.159e-02,1.864e-02,5
INT8,LUT,"U(-1,1)",8,7168,7168,64x64x32_w4_v4,1.400,1.390,1.400,1.398,0.5880,2.621e-04,3.159e-02,1.864e-02,5
INT8,LUT,"U(-1,1)",8,7168,7168,64x128x32_w4_v4,1.400,1.390,1.400,1.396,0.5890,2.621e-04,3.159e-02,1.864e-02,5
INT8,LUT,"U(-1,1)",8,7168,7168,128x64x32_w4_v5,0.880,0.880,0.890,0.884,0.9300,2.621e-04,3.159e-02,1.864e-02,5
INT8,LUT,"U(-1,1)",8,7168,7168,128x128x32_w4_v5,1.000,1.000,1.000,1.000,0.8230,2.621e-04,3.159e-02,1.864e-02,5
INT8,LUT,"U(-1,1)",8,7168,7168,64x64x32_w4_v5,1.400,1.400,1.400,1.400,0.5870,2.621e-04,3.159e-02,1.864e-02,5
INT8,LUT,"U(-1,1)",8,7168,7168,64x128x32_w4_v5,1.390,1.390,1.400,1.392,0.5910,2.621e-04,3.159e-02,1.864e-02,5
INT8,LUT,"U(-1,1)",8,7168,7168,128x128x64_w4_v6,0.730,0.730,0.730,0.730,1.1300,2.621e-04,3.159e-02,1.864e-02,5
INT8,LUT,"U(-1,1)",8,7168,7168,128x64x64_w4_v6,0.530,0.530,0.530,0.530,1.5550,2.621e-04,3.159e-02,1.864e-02,5
INT8,LUT,"U(-1,1)",8,7168,7168,64x128x64_w4_v6,1.060,1.060,1.060,1.060,0.7760,2.621e-04,3.159e-02,1.864e-02,5
INT8,LUT,"U(-1,1)",8,7168,7168,64x64x64_w4_v6,0.940,0.940,0.940,0.940,0.8770,2.621e-04,3.159e-02,1.864e-02,5
INT8,LUT,"U(-1,1)",8,7168,7168,64x128x32_w4_v7,1.410,1.400,1.410,1.408,0.5840,2.621e-04,3.159e-02,1.864e-02,5
INT8,LUT,"U(-1,1)",8,7168,7168,64x64x32_w4_v7,1.450,1.450,1.460,1.454,0.5670,2.621e-04,3.159e-02,1.864e-02,5
INT8,LUT,"U(-1,1)",8,7168,7168,32x128x32_w4_v7,1.740,1.730,1.750,1.738,0.4740,2.621e-04,3.159e-02,1.864e-02,5
INT8,LUT,"U(-1,1)",8,7168,7168,32x64x32_w4_v7,1.810,1.800,1.810,1.808,0.4540,2.621e-04,3.159e-02,1.864e-02,5
INT8,LUT,"U(-1,1)",8,7168,7168,128x64x32_w4_v8,0.910,0.910,0.910,0.910,0.9030,5.510e-03,2.028e+00,5.961e-01,5
INT8,LUT,"U(-1,1)",8,7168,7168,128x128x32_w4_v8,1.060,1.060,1.060,1.060,0.7760,5.510e-03,2.028e+00,5.961e-01,5
INT8,LUT,"U(-1,1)",8,7168,7168,64x64x32_w4_v8,1.510,1.510,1.520,1.514,0.5430,5.510e-03,2.028e+00,5.961e-01,5
INT8,LUT,"U(-1,1)",8,7168,7168,64x128x32_w4_v8,1.440,1.440,1.440,1.440,0.5700,5.510e-03,2.028e+00,5.961e-01,5
INT8,LUT,"U(-1,1)",8,7168,7168,32x128x32_w4_v8,1.620,1.620,1.620,1.620,0.5070,5.510e-03,2.028e+00,5.961e-01,5
INT8,LUT,"U(-1,1)",8,7168,7168,32x64x32_w4_v8,1.830,1.830,1.840,1.832,0.4480,5.510e-03,2.028e+00,5.961e-01,5
INT8,LUT,"U(-1,1)",8,7168,7168,128x128x32_w4_v9_ck2,0.960,0.960,0.960,0.960,0.8580,7.093e-01,1.596e+02,9.147e+01,5
INT8,LUT,"U(-1,1)",8,7168,7168,128x128x32_w4_v9_ck4,1.000,1.000,1.010,1.002,0.8180,7.094e-01,1.596e+02,9.144e+01,5
INT8,LUT,"U(-1,1)",8,7168,7168,128x128x32_w4_v9_ck8,1.020,1.020,1.020,1.020,0.8030,7.096e-01,1.597e+02,9.143e+01,5
INT8,LUT,"U(-1,1)",8,7168,7168,64x128x32_w4_v9_ck4,1.410,1.410,1.420,1.412,0.5830,7.094e-01,1.596e+02,9.144e+01,5
INT8,LUT,"U(-1,1)",8,7168,7168,64x64x32_w4_v9_ck4,1.420,1.420,1.440,1.426,0.5780,7.094e-01,1.596e+02,9.144e+01,5
INT8,LUT,"U(-1,1)",8,7168,7168,128x128x32_w4_v10,1.030,1.030,1.030,1.030,0.7990,2.621e-04,3.159e-02,1.864e-02,5
INT8,LUT,"U(-1,1)",8,7168,7168,128x64x32_w4_v10,0.910,0.910,0.910,0.910,0.9070,2.621e-04,3.159e-02,1.864e-02,5
INT8,LUT,"U(-1,1)",8,7168,7168,64x128x32_w4_v10,1.440,1.440,1.440,1.440,0.5700,2.621e-04,3.159e-02,1.864e-02,5
INT8,LUT,"U(-1,1)",8,7168,7168,64x64x32_w4_v10,1.470,1.460,1.470,1.468,0.5610,2.621e-04,3.159e-02,1.864e-02,5
INT8,LUT,"U(-1,1)",8,7168,7168,64x256x32_w8_v10,1.050,1.050,1.050,1.050,0.7840,2.621e-04,3.159e-02,1.864e-02,5
INT8,LUT,"U(-1,1)",8,7168,7168,128x128x32_w4_v11,1.220,1.220,1.230,1.222,0.6720,2.621e-04,3.159e-02,1.864e-02,5
INT8,LUT,"U(-1,1)",8,7168,7168,64x128x32_w4_v11,1.840,1.840,1.840,1.840,0.4470,2.621e-04,3.159e-02,1.864e-02,5
INT8,LUT,"U(-1,1)",8,7168,7168,128x256x32_w8_v11,0.430,0.430,0.440,0.434,1.8910,2.621e-04,3.159e-02,1.864e-02,5
INT8,LUT,"U(-1,1)",8,7168,7168,64x256x32_w8_v11,1.240,1.240,1.240,1.240,0.6650,2.621e-04,3.159e-02,1.864e-02,5
INT8,LUT,"U(-1,1)",8,7168,7168,128x128x16_w4_v11,1.140,1.140,1.150,1.142,0.7200,2.621e-04,3.159e-02,1.864e-02,5
INT8,LUT,"U(-1,1)",8,7168,7168,64x128x16_w4_v11,1.370,1.370,1.380,1.372,0.5990,2.621e-04,3.159e-02,1.864e-02,5
INT8,LUT,"U(-1,1)",8,7168,7168,128x256x16_w8_v11,0.410,0.410,0.420,0.412,2.0050,2.621e-04,3.159e-02,1.864e-02,5
INT8,LUT,"U(-1,1)",8,7168,7168,64x256x16_w8_v11,1.210,1.210,1.220,1.214,0.6770,2.621e-04,3.159e-02,1.864e-02,5
INT8,LUT,"U(-1,1)",8,7168,7168,64x256x16_w4f4_v11,1.040,1.040,1.050,1.044,0.7880,2.621e-04,3.159e-02,1.864e-02,5
INT8,LUT,"U(-1,1)",8,7168,7168,128x256x16_w4f4_v11,0.460,0.460,0.460,0.460,1.7930,2.621e-04,3.159e-02,1.864e-02,5
INT8,LUT,"U(-1,1)",8,7168,7168,32x128x16_w4_v11,1.580,1.570,1.590,1.578,0.5220,2.621e-04,3.159e-02,1.864e-02,5
INT8,LUT,"U(-1,1)",8,7168,7168,32x256x16_w8_v11,1.320,1.310,1.330,1.320,0.6230,2.621e-04,3.159e-02,1.864e-02,5
INT8,LUT,"U(-1,1)",8,7168,7168,32x128x32_w4_v11,2.290,2.290,2.300,2.292,0.3590,2.621e-04,3.159e-02,1.864e-02,5
INT8,LUT,"U(-1,1)",8,7168,7168,192x128x16_w4_v11,0.920,0.910,0.920,0.918,0.8970,2.621e-04,3.159e-02,1.864e-02,5
INT8,LUT,"U(-1,1)",8,7168,7168,256x128x16_w4_v11,0.390,0.390,0.390,0.390,2.1000,2.621e-04,3.159e-02,1.864e-02,5
INT8,LUT,"U(-1,1)",8,7168,7168,64x128x16_w2f4_v11,1.140,1.130,1.140,1.136,0.7230,2.621e-04,3.159e-02,1.864e-02,5
INT8,LUT,"U(-1,1)",8,7168,7168,64x128x32_w2f4_v11,1.130,1.130,1.130,1.130,0.7290,2.621e-04,3.159e-02,1.864e-02,5
INT8,LUT,"U(-1,1)",8,7168,7168,32x128x16_w2f4_v11,1.250,1.250,1.260,1.252,0.6580,2.621e-04,3.159e-02,1.864e-02,5
INT8,LUT,"U(-1,1)",8,7168,7168,128x128x32_w4_v10s_ks1,1.030,1.030,1.030,1.030,0.8000,2.621e-04,3.159e-02,1.864e-02,5
INT8,LUT,"U(-1,1)",8,7168,7168,128x128x32_w4_v10s_ks2,1.450,1.450,1.450,1.450,0.5670,2.621e-04,3.157e-02,1.863e-02,5
INT8,LUT,"U(-1,1)",8,7168,7168,128x128x32_w4_v10s_ks4,1.430,1.420,1.430,1.428,0.5760,2.620e-04,3.156e-02,1.860e-02,5
INT8,LUT,"U(-1,1)",8,7168,7168,128x128x32_w4_v10s_ks8,1.840,1.840,1.840,1.840,0.4470,2.620e-04,3.155e-02,1.861e-02,5
INT8,LUT,"U(-1,1)",8,7168,7168,64x128x32_w4_v10s_ks2,2.110,2.100,2.110,2.108,0.3900,2.621e-04,3.157e-02,1.863e-02,5
INT8,LUT,"U(-1,1)",8,7168,7168,64x128x32_w4_v10s_ks4,2.460,2.450,2.460,2.458,0.3340,2.620e-04,3.156e-02,1.861e-02,5
INT8,LUT,"U(-1,1)",8,7168,7168,64x128x32_w4_v10s_ks8,2.840,2.830,2.840,2.836,0.2900,2.620e-04,3.155e-02,1.861e-02,5
INT8,LUT,"U(-1,1)",8,7168,7168,64x64x32_w4_v10s_ks2,2.160,2.150,2.170,2.158,0.3800,2.621e-04,3.157e-02,1.863e-02,5
INT8,LUT,"U(-1,1)",8,7168,7168,64x64x32_w4_v10s_ks4,1.930,1.910,1.950,1.934,0.4250,2.620e-04,3.156e-02,1.860e-02,5
INT8,LUT,"U(-1,1)",8,7168,7168,64x64x32_w4_v10s_ks8,2.170,2.140,2.190,2.168,0.3780,2.620e-04,3.155e-02,1.861e-02,5
INT8,LUT,"U(-1,1)",8,7168,7168,64x256x32_w8_v10s_ks2,1.970,1.960,1.970,1.968,0.4180,2.621e-04,3.157e-02,1.863e-02,5
INT8,LUT,"U(-1,1)",8,7168,7168,64x256x32_w8_v10s_ks4,2.250,2.240,2.250,2.246,0.3650,2.620e-04,3.156e-02,1.861e-02,5
INT8,LUT,"U(-1,1)",8,7168,7168,128x128x32_cutlass_p1,2.150,1.970,2.160,2.116,0.3820,2.621e-04,3.159e-02,1.864e-02,5
INT8,BITSHIFT,"U(-1,1)",8,7168,7168,128x128x32_cutlass_p1,2.110,1.990,2.120,2.084,0.3900,2.621e-04,3.159e-02,1.864e-02,5
INT8,LUT,"U(-1,1)",8,7168,7168,64x128x32_cutlass_p1,2.120,1.970,2.140,2.096,0.3880,2.621e-04,3.159e-02,1.864e-02,5
INT8,BITSHIFT,"U(-1,1)",8,7168,7168,64x128x32_cutlass_p1,2.140,2.020,2.180,2.128,0.3850,2.621e-04,3.159e-02,1.864e-02,5
INT8,LUT,"U(-1,1)",8,7168,7168,128x64x32_cutlass_p1,2.100,2.080,2.110,2.098,0.3910,2.621e-04,3.159e-02,1.864e-02,5
INT8,BITSHIFT,"U(-1,1)",8,7168,7168,128x64x32_cutlass_p1,2.190,2.080,2.200,2.166,0.3750,2.621e-04,3.159e-02,1.864e-02,5
INT8,LUT,"U(-1,1)",32,7168,7168,16x64x32_w4,2.200,2.190,2.220,2.204,1.4920,2.600e-04,3.285e-02,1.890e-02,5
INT8,BITSHIFT,"U(-1,1)",32,7168,7168,16x64x32_w4,2.710,2.700,2.710,2.706,1.2150,1.850e-04,2.502e-02,1.363e-02,5
INT8,LUT,"U(-1,1)",32,7168,7168,16x128x32_w8,2.140,2.140,2.150,2.142,1.5340,2.600e-04,3.285e-02,1.890e-02,5
INT8,BITSHIFT,"U(-1,1)",32,7168,7168,16x128x32_w8,2.190,2.190,2.190,2.190,1.5010,1.850e-04,2.502e-02,1.363e-02,5
INT8,LUT,"U(-1,1)",32,7168,7168,16x128x32_w4f2,1.290,1.290,1.290,1.290,2.5470,2.600e-04,3.285e-02,1.890e-02,5
INT8,LUT,"U(-1,1)",32,7168,7168,16x256x32_w4f4,0.700,0.700,0.700,0.700,4.6980,2.600e-04,3.285e-02,1.890e-02,5
INT8,LUT,"U(-1,1)",32,7168,7168,128x64x32_w4_v1,1.460,1.450,1.460,1.458,2.2550,2.600e-04,3.285e-02,1.890e-02,5
INT8,LUT,"U(-1,1)",32,7168,7168,128x128x32_w4_v1,1.100,1.100,1.100,1.100,2.9830,2.600e-04,3.285e-02,1.890e-02,5
INT8,LUT,"U(-1,1)",32,7168,7168,128x256x32_w4_v1,0.480,0.480,0.490,0.482,6.8140,2.600e-04,3.285e-02,1.890e-02,5
INT8,LUT,"U(-1,1)",32,7168,7168,128x256x32_w8_v1,0.990,0.990,0.990,0.990,3.3230,2.600e-04,3.285e-02,1.890e-02,5
INT8,LUT,"U(-1,1)",32,7168,7168,64x64x32_w4_v1,1.880,1.880,1.880,1.880,1.7500,2.600e-04,3.285e-02,1.890e-02,5
INT8,LUT,"U(-1,1)",32,7168,7168,64x128x32_w4_v1,1.210,1.210,1.210,1.210,2.7160,2.600e-04,3.285e-02,1.890e-02,5
INT8,LUT,"U(-1,1)",32,7168,7168,128x64x32_w4_v2,2.650,2.650,2.650,2.650,1.2420,2.600e-04,3.285e-02,1.890e-02,5
INT8,LUT,"U(-1,1)",32,7168,7168,128x128x32_w4_v2,3.020,3.020,3.030,3.022,1.0880,2.600e-04,3.285e-02,1.890e-02,5
INT8,LUT,"U(-1,1)",32,7168,7168,128x256x32_w4_v2,1.450,1.450,1.450,1.450,2.2740,2.600e-04,3.285e-02,1.890e-02,5
INT8,LUT,"U(-1,1)",32,7168,7168,128x256x32_w8_v2,2.310,2.310,2.320,2.312,1.4220,2.600e-04,3.285e-02,1.890e-02,5
INT8,LUT,"U(-1,1)",32,7168,7168,64x64x32_w4_v2,3.850,3.840,3.850,3.846,0.8540,2.600e-04,3.285e-02,1.890e-02,5
INT8,LUT,"U(-1,1)",32,7168,7168,64x128x32_w4_v2,4.100,4.090,4.110,4.100,0.8020,2.600e-04,3.285e-02,1.890e-02,5
INT8,LUT,"U(-1,1)",32,7168,7168,128x64x32_w4_v3,3.590,3.590,3.590,3.590,0.9160,2.600e-04,3.285e-02,1.890e-02,5
INT8,LUT,"U(-1,1)",32,7168,7168,128x128x32_w4_v3,3.730,3.730,3.750,3.736,0.8810,2.600e-04,3.285e-02,1.890e-02,5
INT8,LUT,"U(-1,1)",32,7168,7168,64x64x32_w4_v3,5.890,5.770,5.920,5.874,0.5580,2.600e-04,3.285e-02,1.890e-02,5
INT8,LUT,"U(-1,1)",32,7168,7168,64x128x32_w4_v3,5.160,5.150,5.170,5.160,0.6370,2.600e-04,3.285e-02,1.890e-02,5
INT8,LUT,"U(-1,1)",32,7168,7168,32x128x32_w4_v3_b1,5.370,5.360,5.400,5.374,0.6120,2.600e-04,3.285e-02,1.890e-02,5
INT8,LUT,"U(-1,1)",32,7168,7168,32x64x32_w4_v3_b1,6.400,6.370,6.420,6.396,0.5140,2.600e-04,3.285e-02,1.890e-02,5
INT8,LUT,"U(-1,1)",32,7168,7168,32x256x32_w8_v3_b1,4.660,4.660,4.660,4.660,0.7060,2.600e-04,3.285e-02,1.890e-02,5
INT8,LUT,"U(-1,1)",32,7168,7168,128x128x32_w8_v3_b1alt,3.280,3.270,3.290,3.278,1.0040,2.600e-04,3.285e-02,1.890e-02,5
INT8,LUT,"U(-1,1)",32,7168,7168,64x128x32_w8_v3_b1alt,4.960,4.960,4.970,4.964,0.6630,2.600e-04,3.285e-02,1.890e-02,5
INT8,LUT,"U(-1,1)",32,7168,7168,128x64x32_w4_v4,3.460,3.440,3.460,3.454,0.9500,2.600e-04,3.285e-02,1.890e-02,5
INT8,LUT,"U(-1,1)",32,7168,7168,128x128x32_w4_v4,3.730,3.730,3.750,3.736,0.8810,2.600e-04,3.285e-02,1.890e-02,5
INT8,LUT,"U(-1,1)",32,7168,7168,64x64x32_w4_v4,5.420,5.400,5.420,5.416,0.6070,2.600e-04,3.285e-02,1.890e-02,5
INT8,LUT,"U(-1,1)",32,7168,7168,64x128x32_w4_v4,5.030,5.030,5.060,5.042,0.6530,2.600e-04,3.285e-02,1.890e-02,5
INT8,LUT,"U(-1,1)",32,7168,7168,128x64x32_w4_v5,3.480,3.480,3.490,3.484,0.9440,2.600e-04,3.285e-02,1.890e-02,5
INT8,LUT,"U(-1,1)",32,7168,7168,128x128x32_w4_v5,3.730,3.730,3.730,3.730,0.8820,2.600e-04,3.285e-02,1.890e-02,5
INT8,LUT,"U(-1,1)",32,7168,7168,64x64x32_w4_v5,5.380,5.380,5.390,5.384,0.6110,2.600e-04,3.285e-02,1.890e-02,5
INT8,LUT,"U(-1,1)",32,7168,7168,64x128x32_w4_v5,5.110,5.110,5.120,5.112,0.6440,2.600e-04,3.285e-02,1.890e-02,5
INT8,LUT,"U(-1,1)",32,7168,7168,128x128x64_w4_v6,2.860,2.860,2.870,2.864,1.1490,2.600e-04,3.285e-02,1.890e-02,5
INT8,LUT,"U(-1,1)",32,7168,7168,128x64x64_w4_v6,2.110,2.110,2.120,2.112,1.5590,2.600e-04,3.285e-02,1.890e-02,5
INT8,LUT,"U(-1,1)",32,7168,7168,64x128x64_w4_v6,4.130,4.130,4.160,4.140,0.7960,2.600e-04,3.285e-02,1.890e-02,5
INT8,LUT,"U(-1,1)",32,7168,7168,64x64x64_w4_v6,3.730,3.710,3.730,3.724,0.8820,2.600e-04,3.285e-02,1.890e-02,5
INT8,LUT,"U(-1,1)",32,7168,7168,64x128x32_w4_v7,5.110,5.100,5.130,5.114,0.6430,2.600e-04,3.285e-02,1.890e-02,5
INT8,LUT,"U(-1,1)",32,7168,7168,64x64x32_w4_v7,5.940,5.850,5.970,5.926,0.5540,2.600e-04,3.285e-02,1.890e-02,5
INT8,LUT,"U(-1,1)",32,7168,7168,32x128x32_w4_v7,5.400,5.390,5.420,5.404,0.6090,2.600e-04,3.285e-02,1.890e-02,5
INT8,LUT,"U(-1,1)",32,7168,7168,32x64x32_w4_v7,6.420,6.410,6.430,6.418,0.5130,2.600e-04,3.285e-02,1.890e-02,5
INT8,LUT,"U(-1,1)",32,7168,7168,128x64x32_w4_v8,3.610,3.600,3.610,3.606,0.9110,5.471e-03,2.028e+00,5.974e-01,5
INT8,LUT,"U(-1,1)",32,7168,7168,128x128x32_w4_v8,3.800,3.790,3.820,3.802,0.8650,5.471e-03,2.028e+00,5.974e-01,5
INT8,LUT,"U(-1,1)",32,7168,7168,64x64x32_w4_v8,6.020,6.010,6.030,6.020,0.5460,5.471e-03,2.028e+00,5.974e-01,5
INT8,LUT,"U(-1,1)",32,7168,7168,64x128x32_w4_v8,5.140,5.130,5.160,5.142,0.6400,5.471e-03,2.028e+00,5.974e-01,5
INT8,LUT,"U(-1,1)",32,7168,7168,32x128x32_w4_v8,5.260,5.250,5.280,5.264,0.6250,5.471e-03,2.028e+00,5.974e-01,5
INT8,LUT,"U(-1,1)",32,7168,7168,32x64x32_w4_v8,6.440,6.420,6.440,6.436,0.5110,5.471e-03,2.028e+00,5.974e-01,5
INT8,LUT,"U(-1,1)",32,7168,7168,128x128x32_w4_v9_ck2,3.650,3.630,3.660,3.648,0.9000,7.091e-01,1.770e+02,9.233e+01,5
INT8,LUT,"U(-1,1)",32,7168,7168,128x128x32_w4_v9_ck4,3.730,3.730,3.730,3.730,0.8820,7.092e-01,1.770e+02,9.232e+01,5
INT8,LUT,"U(-1,1)",32,7168,7168,128x128x32_w4_v9_ck8,3.730,3.730,3.730,3.730,0.8820,7.094e-01,1.770e+02,9.231e+01,5
INT8,LUT,"U(-1,1)",32,7168,7168,64x128x32_w4_v9_ck4,5.030,5.010,5.040,5.028,0.6530,7.092e-01,1.770e+02,9.232e+01,5
INT8,LUT,"U(-1,1)",32,7168,7168,64x64x32_w4_v9_ck4,5.860,5.830,5.890,5.860,0.5610,7.092e-01,1.770e+02,9.232e+01,5
INT8,LUT,"U(-1,1)",32,7168,7168,128x128x32_w4_v10,3.750,3.740,3.790,3.760,0.8760,2.600e-04,3.285e-02,1.890e-02,5
INT8,LUT,"U(-1,1)",32,7168,7168,128x64x32_w4_v10,3.540,3.540,3.550,3.542,0.9280,2.600e-04,3.285e-02,1.890e-02,5
INT8,LUT,"U(-1,1)",32,7168,7168,64x128x32_w4_v10,5.260,5.260,5.280,5.266,0.6250,2.600e-04,3.285e-02,1.890e-02,5
INT8,LUT,"U(-1,1)",32,7168,7168,64x64x32_w4_v10,5.620,5.620,5.630,5.624,0.5850,2.600e-04,3.285e-02,1.890e-02,5
INT8,LUT,"U(-1,1)",32,7168,7168,64x256x32_w8_v10,3.810,3.810,3.810,3.810,0.8630,2.600e-04,3.285e-02,1.890e-02,5
INT8,LUT,"U(-1,1)",32,7168,7168,128x128x32_w4_v11,4.510,4.500,4.510,4.506,0.7300,2.600e-04,3.285e-02,1.890e-02,5
INT8,LUT,"U(-1,1)",32,7168,7168,64x128x32_w4_v11,6.350,6.340,6.360,6.352,0.5180,2.600e-04,3.285e-02,1.890e-02,5
INT8,LUT,"U(-1,1)",32,7168,7168,128x256x32_w8_v11,1.700,1.700,1.710,1.704,1.9340,2.600e-04,3.285e-02,1.890e-02,5
INT8,LUT,"U(-1,1)",32,7168,7168,64x256x32_w8_v11,4.330,4.330,4.350,4.334,0.7600,2.600e-04,3.285e-02,1.890e-02,5
INT8,LUT,"U(-1,1)",32,7168,7168,128x128x16_w4_v11,4.200,4.190,4.210,4.200,0.7830,2.600e-04,3.285e-02,1.890e-02,5
INT8,LUT,"U(-1,1)",32,7168,7168,64x128x16_w4_v11,4.790,4.780,4.800,4.790,0.6870,2.600e-04,3.285e-02,1.890e-02,5
INT8,LUT,"U(-1,1)",32,7168,7168,128x256x16_w8_v11,1.620,1.620,1.640,1.628,2.0250,2.600e-04,3.285e-02,1.890e-02,5
INT8,LUT,"U(-1,1)",32,7168,7168,64x256x16_w8_v11,4.320,4.300,4.340,4.318,0.7620,2.600e-04,3.285e-02,1.890e-02,5
INT8,LUT,"U(-1,1)",32,7168,7168,64x256x16_w4f4_v11,3.690,3.680,3.700,3.688,0.8920,2.600e-04,3.285e-02,1.890e-02,5
INT8,LUT,"U(-1,1)",32,7168,7168,128x256x16_w4f4_v11,1.750,1.740,1.750,1.748,1.8830,2.600e-04,3.285e-02,1.890e-02,5
INT8,LUT,"U(-1,1)",32,7168,7168,32x128x16_w4_v11,5.420,5.410,5.440,5.422,0.6070,2.600e-04,3.285e-02,1.890e-02,5
INT8,LUT,"U(-1,1)",32,7168,7168,32x256x16_w8_v11,4.870,4.860,4.900,4.876,0.6750,2.600e-04,3.285e-02,1.890e-02,5
INT8,LUT,"U(-1,1)",32,7168,7168,32x128x32_w4_v11,6.370,6.350,6.400,6.374,0.5170,2.600e-04,3.285e-02,1.890e-02,5
INT8,LUT,"U(-1,1)",32,7168,7168,192x128x16_w4_v11,3.400,3.390,3.410,3.400,0.9670,2.600e-04,3.285e-02,1.890e-02,5
INT8,LUT,"U(-1,1)",32,7168,7168,256x128x16_w4_v11,1.490,1.480,1.490,1.488,2.2120,2.600e-04,3.285e-02,1.890e-02,5
INT8,LUT,"U(-1,1)",32,7168,7168,64x128x16_w2f4_v11,4.150,4.140,4.160,4.150,0.7930,2.600e-04,3.285e-02,1.890e-02,5
INT8,LUT,"U(-1,1)",32,7168,7168,64x128x32_w2f4_v11,4.470,4.450,4.470,4.462,0.7360,2.600e-04,3.285e-02,1.890e-02,5
INT8,LUT,"U(-1,1)",32,7168,7168,32x128x16_w2f4_v11,3.780,3.740,3.860,3.784,0.8700,2.600e-04,3.285e-02,1.890e-02,5
INT8,LUT,"U(-1,1)",32,7168,7168,128x128x32_w4_v10s_ks1,3.750,3.740,3.760,3.750,0.8760,2.600e-04,3.285e-02,1.890e-02,5
INT8,LUT,"U(-1,1)",32,7168,7168,128x128x32_w4_v10s_ks2,5.720,5.720,5.730,5.724,0.5750,2.600e-04,3.288e-02,1.891e-02,5
INT8,LUT,"U(-1,1)",32,7168,7168,128x128x32_w4_v10s_ks4,5.680,5.650,5.690,5.674,0.5790,2.600e-04,3.289e-02,1.891e-02,5
INT8,LUT,"U(-1,1)",32,7168,7168,128x128x32_w4_v10s_ks8,7.230,7.220,7.240,7.230,0.4550,2.600e-04,3.291e-02,1.892e-02,5
INT8,LUT,"U(-1,1)",32,7168,7168,64x128x32_w4_v10s_ks2,8.020,7.990,8.040,8.018,0.4100,2.600e-04,3.288e-02,1.891e-02,5
INT8,LUT,"U(-1,1)",32,7168,7168,64x128x32_w4_v10s_ks4,9.450,9.380,9.460,9.430,0.3480,2.600e-04,3.289e-02,1.891e-02,5
INT8,LUT,"U(-1,1)",32,7168,7168,64x128x32_w4_v10s_ks8,10.740,10.720,10.740,10.734,0.3060,2.600e-04,3.291e-02,1.892e-02,5
INT8,LUT,"U(-1,1)",32,7168,7168,64x64x32_w4_v10s_ks2,8.450,8.440,8.460,8.450,0.3890,2.600e-04,3.288e-02,1.891e-02,5
INT8,LUT,"U(-1,1)",32,7168,7168,64x64x32_w4_v10s_ks4,7.500,7.400,7.620,7.496,0.4380,2.600e-04,3.289e-02,1.891e-02,5
INT8,LUT,"U(-1,1)",32,7168,7168,64x64x32_w4_v10s_ks8,8.300,8.240,8.450,8.326,0.3960,2.600e-04,3.291e-02,1.892e-02,5
INT8,LUT,"U(-1,1)",32,7168,7168,64x256x32_w8_v10s_ks2,7.300,7.280,7.300,7.296,0.4500,2.600e-04,3.288e-02,1.891e-02,5
INT8,LUT,"U(-1,1)",32,7168,7168,64x256x32_w8_v10s_ks4,8.510,8.510,8.550,8.522,0.3860,2.600e-04,3.289e-02,1.891e-02,5
INT8,LUT,"U(-1,1)",32,7168,7168,128x128x32_cutlass_p1,7.950,7.940,8.430,8.052,0.4140,2.600e-04,3.285e-02,1.890e-02,5
INT8,BITSHIFT,"U(-1,1)",32,7168,7168,128x128x32_cutlass_p1,8.070,7.810,8.450,8.084,0.4080,2.600e-04,3.285e-02,1.890e-02,5
INT8,LUT,"U(-1,1)",32,7168,7168,64x128x32_cutlass_p1,7.980,7.930,8.550,8.116,0.4120,2.600e-04,3.285e-02,1.890e-02,5
INT8,BITSHIFT,"U(-1,1)",32,7168,7168,64x128x32_cutlass_p1,8.260,8.050,8.780,8.336,0.3980,2.600e-04,3.285e-02,1.890e-02,5
INT8,LUT,"U(-1,1)",32,7168,7168,128x64x32_cutlass_p1,8.220,7.750,8.570,8.220,0.4000,2.600e-04,3.285e-02,1.890e-02,5
INT8,BITSHIFT,"U(-1,1)",32,7168,7168,128x64x32_cutlass_p1,8.280,7.950,8.580,8.278,0.3970,2.600e-04,3.285e-02,1.890e-02,5
INT8,LUT,"U(-1,1)",64,7168,7168,16x64x32_w4,4.110,4.100,4.120,4.112,1.6000,2.596e-04,3.949e-02,1.861e-02,5
INT8,BITSHIFT,"U(-1,1)",64,7168,7168,16x64x32_w4,3.620,3.620,3.630,3.624,1.8150,1.849e-04,2.502e-02,1.358e-02,5
INT8,LUT,"U(-1,1)",64,7168,7168,16x128x32_w8,4.000,3.950,4.010,3.988,1.6450,2.596e-04,3.949e-02,1.861e-02,5
INT8,BITSHIFT,"U(-1,1)",64,7168,7168,16x128x32_w8,3.530,3.460,3.530,3.510,1.8630,1.849e-04,2.502e-02,1.358e-02,5
INT8,LUT,"U(-1,1)",64,7168,7168,16x128x32_w4f2,2.530,2.510,2.540,2.526,2.5960,2.596e-04,3.949e-02,1.861e-02,5
INT8,LUT,"U(-1,1)",64,7168,7168,16x256x32_w4f4,1.440,1.420,1.440,1.434,4.5800,2.596e-04,3.949e-02,1.861e-02,5
INT8,LUT,"U(-1,1)",64,7168,7168,128x64x32_w4_v1,2.840,2.810,2.840,2.828,2.3190,2.596e-04,3.949e-02,1.861e-02,5
INT8,LUT,"U(-1,1)",64,7168,7168,128x128x32_w4_v1,2.150,2.140,2.150,2.146,3.0660,2.596e-04,3.949e-02,1.861e-02,5
INT8,LUT,"U(-1,1)",64,7168,7168,128x256x32_w4_v1,0.910,0.900,0.910,0.908,7.2320,2.596e-04,3.949e-02,1.861e-02,5
INT8,LUT,"U(-1,1)",64,7168,7168,128x256x32_w8_v1,1.970,1.960,1.980,1.968,3.3310,2.596e-04,3.949e-02,1.861e-02,5
INT8,LUT,"U(-1,1)",64,7168,7168,64x64x32_w4_v1,3.630,3.620,3.630,3.628,1.8110,2.596e-04,3.949e-02,1.861e-02,5
INT8,LUT,"U(-1,1)",64,7168,7168,64x128x32_w4_v1,2.330,2.320,2.330,2.328,2.8240,2.596e-04,3.949e-02,1.861e-02,5
INT8,LUT,"U(-1,1)",64,7168,7168,128x64x32_w4_v2,4.880,4.870,4.880,4.876,1.3490,2.596e-04,3.949e-02,1.861e-02,5
INT8,LUT,"U(-1,1)",64,7168,7168,128x128x32_w4_v2,5.290,5.280,5.290,5.288,1.2430,2.596e-04,3.949e-02,1.861e-02,5
INT8,LUT,"U(-1,1)",64,7168,7168,128x256x32_w4_v2,2.810,2.800,2.810,2.808,2.3410,2.596e-04,3.949e-02,1.861e-02,5
INT8,LUT,"U(-1,1)",64,7168,7168,128x256x32_w8_v2,4.470,4.460,4.470,4.468,1.4700,2.596e-04,3.949e-02,1.861e-02,5
INT8,LUT,"U(-1,1)",64,7168,7168,64x64x32_w4_v2,7.480,7.450,7.490,7.472,0.8800,2.596e-04,3.949e-02,1.861e-02,5
INT8,LUT,"U(-1,1)",64,7168,7168,64x128x32_w4_v2,7.080,7.070,7.110,7.084,0.9290,2.596e-04,3.949e-02,1.861e-02,5
INT8,LUT,"U(-1,1)",64,7168,7168,128x64x32_w4_v3,7.110,7.100,7.130,7.110,0.9250,2.596e-04,3.949e-02,1.861e-02,5
INT8,LUT,"U(-1,1)",64,7168,7168,128x128x32_w4_v3,7.440,7.440,7.450,7.442,0.8830,2.596e-04,3.949e-02,1.861e-02,5
INT8,LUT,"U(-1,1)",64,7168,7168,64x64x32_w4_v3,10.700,10.200,10.730,10.602,0.6150,2.596e-04,3.949e-02,1.861e-02,5
INT8,LUT,"U(-1,1)",64,7168,7168,64x128x32_w4_v3,9.900,9.890,9.910,9.900,0.6640,2.596e-04,3.949e-02,1.861e-02,5
INT8,LUT,"U(-1,1)",64,7168,7168,32x128x32_w4_v3_b1,10.460,10.440,10.460,10.456,0.6280,2.596e-04,3.949e-02,1.861e-02,5
INT8,LUT,"U(-1,1)",64,7168,7168,32x64x32_w4_v3_b1,12.420,12.380,12.430,12.412,0.5300,2.596e-04,3.949e-02,1.861e-02,5
INT8,LUT,"U(-1,1)",64,7168,7168,32x256x32_w8_v3_b1,9.420,9.390,9.430,9.414,0.6980,2.596e-04,3.949e-02,1.861e-02,5
INT8,LUT,"U(-1,1)",64,7168,7168,128x128x32_w8_v3_b1alt,6.400,6.380,6.400,6.394,1.0280,2.596e-04,3.949e-02,1.861e-02,5
INT8,LUT,"U(-1,1)",64,7168,7168,64x128x32_w8_v3_b1alt,8.810,8.790,8.830,8.812,0.7460,2.596e-04,3.949e-02,1.861e-02,5
INT8,LUT,"U(-1,1)",64,7168,7168,128x64x32_w4_v4,6.850,6.840,6.860,6.850,0.9600,2.596e-04,3.949e-02,1.861e-02,5
INT8,LUT,"U(-1,1)",64,7168,7168,128x128x32_w4_v4,7.440,7.430,7.450,7.442,0.8830,2.596e-04,3.949e-02,1.861e-02,5
INT8,LUT,"U(-1,1)",64,7168,7168,64x64x32_w4_v4,10.590,10.580,10.600,10.588,0.6210,2.596e-04,3.949e-02,1.861e-02,5
INT8,LUT,"U(-1,1)",64,7168,7168,64x128x32_w4_v4,9.850,9.840,9.870,9.852,0.6680,2.596e-04,3.949e-02,1.861e-02,5
INT8,LUT,"U(-1,1)",64,7168,7168,128x64x32_w4_v5,6.880,6.870,6.890,6.880,0.9560,2.596e-04,3.949e-02,1.861e-02,5
INT8,LUT,"U(-1,1)",64,7168,7168,128x128x32_w4_v5,7.400,7.400,7.410,7.404,0.8880,2.596e-04,3.949e-02,1.861e-02,5
INT8,LUT,"U(-1,1)",64,7168,7168,64x64x32_w4_v5,10.530,10.490,10.540,10.522,0.6240,2.596e-04,3.949e-02,1.861e-02,5
INT8,LUT,"U(-1,1)",64,7168,7168,64x128x32_w4_v5,9.840,9.840,9.850,9.842,0.6680,2.596e-04,3.949e-02,1.861e-02,5
INT8,LUT,"U(-1,1)",64,7168,7168,128x128x64_w4_v6,5.570,5.570,5.580,5.572,1.1800,2.596e-04,3.949e-02,1.861e-02,5
INT8,LUT,"U(-1,1)",64,7168,7168,128x64x64_w4_v6,4.190,4.180,4.200,4.190,1.5680,2.596e-04,3.949e-02,1.861e-02,5
INT8,LUT,"U(-1,1)",64,7168,7168,64x128x64_w4_v6,7.960,7.940,8.000,7.966,0.8260,2.596e-04,3.949e-02,1.861e-02,5
INT8,LUT,"U(-1,1)",64,7168,7168,64x64x64_w4_v6,7.400,7.380,7.410,7.398,0.8890,2.596e-04,3.949e-02,1.861e-02,5
INT8,LUT,"U(-1,1)",64,7168,7168,64x128x32_w4_v7,9.930,9.900,9.930,9.922,0.6630,2.596e-04,3.949e-02,1.861e-02,5
INT8,LUT,"U(-1,1)",64,7168,7168,64x64x32_w4_v7,10.850,10.800,10.890,10.852,0.6060,2.596e-04,3.949e-02,1.861e-02,5
INT8,LUT,"U(-1,1)",64,7168,7168,32x128x32_w4_v7,10.440,10.400,10.450,10.432,0.6300,2.596e-04,3.949e-02,1.861e-02,5
INT8,LUT,"U(-1,1)",64,7168,7168,32x64x32_w4_v7,12.150,12.110,12.170,12.140,0.5410,2.596e-04,3.949e-02,1.861e-02,5
INT8,LUT,"U(-1,1)",64,7168,7168,128x64x32_w4_v8,7.140,7.110,7.140,7.132,0.9220,5.469e-03,2.259e+00,6.036e-01,5
INT8,LUT,"U(-1,1)",64,7168,7168,128x128x32_w4_v8,7.560,7.520,7.610,7.562,0.8700,5.469e-03,2.259e+00,6.036e-01,5
INT8,LUT,"U(-1,1)",64,7168,7168,64x64x32_w4_v8,11.070,11.040,11.090,11.070,0.5940,5.469e-03,2.259e+00,6.036e-01,5
INT8,LUT,"U(-1,1)",64,7168,7168,64x128x32_w4_v8,9.960,9.950,9.980,9.962,0.6600,5.469e-03,2.259e+00,6.036e-01,5
INT8,LUT,"U(-1,1)",64,7168,7168,32x128x32_w4_v8,10.210,10.180,10.250,10.218,0.6440,5.469e-03,2.259e+00,6.036e-01,5
INT8,LUT,"U(-1,1)",64,7168,7168,32x64x32_w4_v8,12.280,12.270,12.290,12.280,0.5350,5.469e-03,2.259e+00,6.036e-01,5
INT8,LUT,"U(-1,1)",64,7168,7168,128x128x32_w4_v9_ck2,7.100,7.080,7.100,7.094,0.9270,7.099e-01,1.770e+02,9.159e+01,5
INT8,LUT,"U(-1,1)",64,7168,7168,128x128x32_w4_v9_ck4,7.400,7.380,7.400,7.394,0.8890,7.100e-01,1.770e+02,9.157e+01,5
INT8,LUT,"U(-1,1)",64,7168,7168,128x128x32_w4_v9_ck8,7.440,7.430,7.450,7.440,0.8840,7.101e-01,1.770e+02,9.158e+01,5
INT8,LUT,"U(-1,1)",64,7168,7168,64x128x32_w4_v9_ck4,9.800,9.790,9.810,9.800,0.6710,7.100e-01,1.770e+02,9.157e+01,5
INT8,LUT,"U(-1,1)",64,7168,7168,64x64x32_w4_v9_ck4,10.910,10.720,10.950,10.882,0.6030,7.100e-01,1.770e+02,9.157e+01,5
INT8,LUT,"U(-1,1)",64,7168,7168,128x128x32_w4_v10,7.510,7.490,7.540,7.514,0.8760,2.596e-04,3.949e-02,1.861e-02,5
INT8,LUT,"U(-1,1)",64,7168,7168,128x64x32_w4_v10,7.020,7.020,7.040,7.026,0.9370,2.596e-04,3.949e-02,1.861e-02,5
INT8,LUT,"U(-1,1)",64,7168,7168,64x128x32_w4_v10,10.120,10.070,10.130,10.110,0.6500,2.596e-04,3.949e-02,1.861e-02,5
INT8,LUT,"U(-1,1)",64,7168,7168,64x64x32_w4_v10,11.030,11.020,11.050,11.032,0.5960,2.596e-04,3.949e-02,1.861e-02,5
INT8,LUT,"U(-1,1)",64,7168,7168,64x256x32_w8_v10,6.940,6.930,6.950,6.942,0.9470,2.596e-04,3.949e-02,1.861e-02,5
INT8,LUT,"U(-1,1)",64,7168,7168,128x128x32_w4_v11,8.640,8.640,8.670,8.648,0.7610,2.596e-04,3.949e-02,1.861e-02,5
INT8,LUT,"U(-1,1)",64,7168,7168,64x128x32_w4_v11,11.620,11.600,11.650,11.624,0.5660,2.596e-04,3.949e-02,1.861e-02,5
INT8,LUT,"U(-1,1)",64,7168,7168,128x256x32_w8_v11,3.270,3.270,3.270,3.270,2.0100,2.596e-04,3.949e-02,1.861e-02,5
INT8,LUT,"U(-1,1)",64,7168,7168,64x256x32_w8_v11,7.910,7.890,7.920,7.908,0.8310,2.596e-04,3.949e-02,1.861e-02,5
INT8,LUT,"U(-1,1)",64,7168,7168,128x128x16_w4_v11,7.550,7.540,7.560,7.552,0.8710,2.596e-04,3.949e-02,1.861e-02,5
INT8,LUT,"U(-1,1)",64,7168,7168,64x128x16_w4_v11,7.420,7.420,7.430,7.424,0.8870,2.596e-04,3.949e-02,1.861e-02,5
INT8,LUT,"U(-1,1)",64,7168,7168,128x256x16_w8_v11,3.130,3.110,3.150,3.132,2.1040,2.596e-04,3.949e-02,1.861e-02,5
INT8,LUT,"U(-1,1)",64,7168,7168,64x256x16_w8_v11,7.410,7.400,7.410,7.408,0.8880,2.596e-04,3.949e-02,1.861e-02,5
INT8,LUT,"U(-1,1)",64,7168,7168,64x256x16_w4f4_v11,6.050,6.040,6.050,6.048,1.0870,2.596e-04,3.949e-02,1.861e-02,5
INT8,LUT,"U(-1,1)",64,7168,7168,128x256x16_w4f4_v11,3.200,3.200,3.200,3.200,2.0560,2.596e-04,3.949e-02,1.861e-02,5
INT8,LUT,"U(-1,1)",64,7168,7168,32x128x16_w4_v11,11.040,11.000,11.040,11.024,0.5960,2.596e-04,3.949e-02,1.861e-02,5
INT8,LUT,"U(-1,1)",64,7168,7168,32x256x16_w8_v11,9.880,9.880,9.900,9.886,0.6650,2.596e-04,3.949e-02,1.861e-02,5
INT8,LUT,"U(-1,1)",64,7168,7168,32x128x32_w4_v11,12.960,12.890,13.020,12.968,0.5080,2.596e-04,3.949e-02,1.861e-02,5
INT8,LUT,"U(-1,1)",64,7168,7168,192x128x16_w4_v11,5.580,5.580,5.580,5.580,1.1780,2.596e-04,3.949e-02,1.861e-02,5
INT8,LUT,"U(-1,1)",64,7168,7168,256x128x16_w4_v11,2.790,2.780,2.790,2.786,2.3610,2.596e-04,3.949e-02,1.861e-02,5
INT8,LUT,"U(-1,1)",64,7168,7168,64x128x16_w2f4_v11,7.510,7.480,7.520,7.502,0.8750,2.596e-04,3.949e-02,1.861e-02,5
INT8,LUT,"U(-1,1)",64,7168,7168,64x128x32_w2f4_v11,8.360,8.360,8.400,8.368,0.7870,2.596e-04,3.949e-02,1.861e-02,5
INT8,LUT,"U(-1,1)",64,7168,7168,32x128x16_w2f4_v11,7.510,7.490,7.550,7.512,0.8760,2.596e-04,3.949e-02,1.861e-02,5
INT8,LUT,"U(-1,1)",64,7168,7168,128x128x32_w4_v10s_ks1,7.500,7.490,7.510,7.500,0.8770,2.596e-04,3.949e-02,1.861e-02,5
INT8,LUT,"U(-1,1)",64,7168,7168,128x128x32_w4_v10s_ks2,11.130,11.120,11.170,11.138,0.5910,2.596e-04,3.950e-02,1.862e-02,5
INT8,LUT,"U(-1,1)",64,7168,7168,128x128x32_w4_v10s_ks4,11.020,10.980,11.040,11.012,0.5970,2.596e-04,3.953e-02,1.863e-02,5
INT8,LUT,"U(-1,1)",64,7168,7168,128x128x32_w4_v10s_ks8,13.950,13.910,13.980,13.948,0.4710,2.596e-04,3.949e-02,1.866e-02,5
INT8,LUT,"U(-1,1)",64,7168,7168,64x128x32_w4_v10s_ks2,15.660,15.500,15.710,15.648,0.4200,2.596e-04,3.950e-02,1.862e-02,5
INT8,LUT,"U(-1,1)",64,7168,7168,64x128x32_w4_v10s_ks4,18.120,18.010,18.320,18.152,0.3630,2.596e-04,3.953e-02,1.863e-02,5
INT8,LUT,"U(-1,1)",64,7168,7168,64x128x32_w4_v10s_ks8,20.490,20.440,20.510,20.480,0.3210,2.596e-04,3.949e-02,1.866e-02,5
INT8,LUT,"U(-1,1)",64,7168,7168,64x64x32_w4_v10s_ks2,16.540,16.510,16.540,16.530,0.3980,2.596e-04,3.950e-02,1.862e-02,5
INT8,LUT,"U(-1,1)",64,7168,7168,64x64x32_w4_v10s_ks4,14.320,14.230,14.440,14.320,0.4590,2.596e-04,3.953e-02,1.863e-02,5
INT8,LUT,"U(-1,1)",64,7168,7168,64x64x32_w4_v10s_ks8,15.540,15.390,15.750,15.564,0.4230,2.596e-04,3.949e-02,1.866e-02,5
INT8,LUT,"U(-1,1)",64,7168,7168,64x256x32_w8_v10s_ks2,13.180,13.180,13.190,13.184,0.4990,2.596e-04,3.950e-02,1.862e-02,5
INT8,LUT,"U(-1,1)",64,7168,7168,64x256x32_w8_v10s_ks4,15.960,15.880,16.020,15.954,0.4120,2.596e-04,3.953e-02,1.863e-02,5
INT8,LUT,"U(-1,1)",64,7168,7168,128x128x32_cutlass_p1,17.400,16.640,17.560,17.278,0.3780,2.596e-04,3.949e-02,1.861e-02,5
INT8,BITSHIFT,"U(-1,1)",64,7168,7168,128x128x32_cutlass_p1,16.380,16.220,17.440,16.654,0.4010,2.596e-04,3.949e-02,1.861e-02,5
INT8,LUT,"U(-1,1)",64,7168,7168,64x128x32_cutlass_p1,17.620,16.910,17.780,17.512,0.3730,2.596e-04,3.949e-02,1.861e-02,5
INT8,BITSHIFT,"U(-1,1)",64,7168,7168,64x128x32_cutlass_p1,16.630,16.480,17.740,16.848,0.3960,2.596e-04,3.949e-02,1.861e-02,5
INT8,LUT,"U(-1,1)",64,7168,7168,128x64x32_cutlass_p1,16.880,16.250,17.720,17.074,0.3900,2.596e-04,3.949e-02,1.861e-02,5
INT8,BITSHIFT,"U(-1,1)",64,7168,7168,128x64x32_cutlass_p1,17.010,16.110,17.870,16.904,0.3870,2.596e-04,3.949e-02,1.861e-02,5
INT8,LUT,"U(-1,1)",256,7168,7168,16x64x32_w4,5.070,5.070,5.080,5.074,5.1840,2.595e-04,3.950e-02,1.818e-02,5
INT8,BITSHIFT,"U(-1,1)",256,7168,7168,16x64x32_w4,3.600,3.590,3.610,3.598,7.3160,1.848e-04,2.550e-02,1.292e-02,5
INT8,LUT,"U(-1,1)",256,7168,7168,16x128x32_w8,4.610,4.590,4.620,4.608,5.7030,2.595e-04,3.950e-02,1.818e-02,5
INT8,BITSHIFT,"U(-1,1)",256,7168,7168,16x128x32_w8,3.460,3.420,3.630,3.484,7.6010,1.848e-04,2.550e-02,1.292e-02,5
INT8,LUT,"U(-1,1)",256,7168,7168,16x128x32_w4f2,4.420,4.390,4.490,4.430,5.9460,2.595e-04,3.950e-02,1.818e-02,5
INT8,LUT,"U(-1,1)",256,7168,7168,16x256x32_w4f4,2.660,2.630,2.720,2.672,9.8750,2.595e-04,3.950e-02,1.818e-02,5
INT8,LUT,"U(-1,1)",256,7168,7168,128x64x32_w4_v1,10.060,9.780,10.120,10.020,2.6160,2.595e-04,3.950e-02,1.818e-02,5
INT8,LUT,"U(-1,1)",256,7168,7168,128x128x32_w4_v1,7.810,7.790,7.830,7.808,3.3680,2.595e-04,3.950e-02,1.818e-02,5
INT8,LUT,"U(-1,1)",256,7168,7168,128x256x32_w4_v1,2.990,2.990,3.000,2.992,8.8030,2.595e-04,3.950e-02,1.818e-02,5
INT8,LUT,"U(-1,1)",256,7168,7168,128x256x32_w8_v1,7.760,7.740,7.770,7.756,3.3900,2.595e-04,3.950e-02,1.818e-02,5
INT8,LUT,"U(-1,1)",256,7168,7168,64x64x32_w4_v1,6.520,6.470,6.570,6.524,4.0350,2.595e-04,3.950e-02,1.818e-02,5
INT8,LUT,"U(-1,1)",256,7168,7168,64x128x32_w4_v1,8.800,8.770,8.800,8.792,2.9910,2.595e-04,3.950e-02,1.818e-02,5
INT8,LUT,"U(-1,1)",256,7168,7168,128x64x32_w4_v2,15.320,15.310,15.330,15.320,1.7170,2.595e-04,3.950e-02,1.818e-02,5
INT8,LUT,"U(-1,1)",256,7168,7168,128x128x32_w4_v2,16.730,16.620,16.770,16.716,1.5730,2.595e-04,3.950e-02,1.818e-02,5
INT8,LUT,"U(-1,1)",256,7168,7168,128x256x32_w4_v2,9.030,8.930,9.030,8.996,2.9140,2.595e-04,3.950e-02,1.818e-02,5
INT8,LUT,"U(-1,1)",256,7168,7168,128x256x32_w8_v2,16.080,16.050,16.130,16.090,1.6360,2.595e-04,3.950e-02,1.818e-02,5
INT8,LUT,"U(-1,1)",256,7168,7168,64x64x32_w4_v2,15.370,15.360,15.390,15.376,1.7120,2.595e-04,3.950e-02,1.818e-02,5
INT8,LUT,"U(-1,1)",256,7168,7168,64x128x32_w4_v2,20.360,20.320,20.360,20.348,1.2920,2.595e-04,3.950e-02,1.818e-02,5
INT8,LUT,"U(-1,1)",256,7168,7168,128x64x32_w4_v3,20.730,20.690,20.740,20.726,1.2690,2.595e-04,3.950e-02,1.818e-02,5
INT8,LUT,"U(-1,1)",256,7168,7168,128x128x32_w4_v3,21.510,21.240,21.640,21.466,1.2230,2.595e-04,3.950e-02,1.818e-02,5
INT8,LUT,"U(-1,1)",256,7168,7168,64x64x32_w4_v3,14.000,13.950,14.200,14.022,1.8800,2.595e-04,3.950e-02,1.818e-02,5
INT8,LUT,"U(-1,1)",256,7168,7168,64x128x32_w4_v3,26.960,26.940,26.960,26.952,0.9760,2.595e-04,3.950e-02,1.818e-02,5
INT8,LUT,"U(-1,1)",256,7168,7168,32x128x32_w4_v3_b1,14.880,14.500,15.150,14.840,1.7680,2.595e-04,3.950e-02,1.818e-02,5
INT8,LUT,"U(-1,1)",256,7168,7168,32x64x32_w4_v3_b1,14.150,14.110,14.170,14.146,1.8600,2.595e-04,3.950e-02,1.818e-02,5
INT8,LUT,"U(-1,1)",256,7168,7168,32x256x32_w8_v3_b1,13.640,13.640,13.660,13.646,1.9280,2.595e-04,3.950e-02,1.818e-02,5
INT8,LUT,"U(-1,1)",256,7168,7168,128x128x32_w8_v3_b1alt,15.810,15.800,15.830,15.812,1.6640,2.595e-04,3.950e-02,1.818e-02,5
INT8,LUT,"U(-1,1)",256,7168,7168,64x128x32_w8_v3_b1alt,13.430,13.380,13.550,13.456,1.9590,2.595e-04,3.950e-02,1.818e-02,5
INT8,LUT,"U(-1,1)",256,7168,7168,128x64x32_w4_v4,20.070,20.060,20.090,20.074,1.3110,2.595e-04,3.950e-02,1.818e-02,5
INT8,LUT,"U(-1,1)",256,7168,7168,128x128x32_w4_v4,21.920,21.750,21.920,21.864,1.2000,2.595e-04,3.950e-02,1.818e-02,5
INT8,LUT,"U(-1,1)",256,7168,7168,64x64x32_w4_v4,14.660,14.470,14.680,14.628,1.7940,2.595e-04,3.950e-02,1.818e-02,5
INT8,LUT,"U(-1,1)",256,7168,7168,64x128x32_w4_v4,26.490,26.480,26.500,26.488,0.9930,2.595e-04,3.950e-02,1.818e-02,5
INT8,LUT,"U(-1,1)",256,7168,7168,128x64x32_w4_v5,14.230,14.160,14.280,14.226,1.8490,2.595e-04,3.950e-02,1.818e-02,5
INT8,LUT,"U(-1,1)",256,7168,7168,128x128x32_w4_v5,21.070,21.010,21.210,21.104,1.2480,2.595e-04,3.950e-02,1.818e-02,5
INT8,LUT,"U(-1,1)",256,7168,7168,64x64x32_w4_v5,14.050,13.980,14.080,14.038,1.8730,2.595e-04,3.950e-02,1.818e-02,5
INT8,LUT,"U(-1,1)",256,7168,7168,64x128x32_w4_v5,17.860,17.820,17.930,17.860,1.4730,2.595e-04,3.950e-02,1.818e-02,5
INT8,LUT,"U(-1,1)",256,7168,7168,128x128x64_w4_v6,15.120,15.070,15.170,15.124,1.7400,2.595e-04,3.950e-02,1.818e-02,5
INT8,LUT,"U(-1,1)",256,7168,7168,128x64x64_w4_v6,12.030,12.020,12.030,12.028,2.1870,2.595e-04,3.950e-02,1.818e-02,5
INT8,LUT,"U(-1,1)",256,7168,7168,64x128x64_w4_v6,18.920,18.900,18.950,18.924,1.3900,2.595e-04,3.950e-02,1.818e-02,5
INT8,LUT,"U(-1,1)",256,7168,7168,64x64x64_w4_v6,9.000,8.630,9.130,8.926,2.9220,2.595e-04,3.950e-02,1.818e-02,5
INT8,LUT,"U(-1,1)",256,7168,7168,64x128x32_w4_v7,16.440,16.390,16.490,16.434,1.6010,2.595e-04,3.950e-02,1.818e-02,5
INT8,LUT,"U(-1,1)",256,7168,7168,64x64x32_w4_v7,17.370,17.360,17.380,17.370,1.5140,2.595e-04,3.950e-02,1.818e-02,5
INT8,LUT,"U(-1,1)",256,7168,7168,32x128x32_w4_v7,12.960,12.940,12.990,12.964,2.0290,2.595e-04,3.950e-02,1.818e-02,5
INT8,LUT,"U(-1,1)",256,7168,7168,32x64x32_w4_v7,13.420,13.410,13.440,13.424,1.9610,2.595e-04,3.950e-02,1.818e-02,5
INT8,LUT,"U(-1,1)",256,7168,7168,128x64x32_w4_v8,20.360,20.340,20.380,20.358,1.2920,5.466e-03,2.259e+00,6.049e-01,5
INT8,LUT,"U(-1,1)",256,7168,7168,128x128x32_w4_v8,22.300,21.820,22.350,22.212,1.1800,5.466e-03,2.259e+00,6.049e-01,5
INT8,LUT,"U(-1,1)",256,7168,7168,64x64x32_w4_v8,14.880,14.830,14.900,14.874,1.7680,5.466e-03,2.259e+00,6.049e-01,5
INT8,LUT,"U(-1,1)",256,7168,7168,64x128x32_w4_v8,26.920,26.890,26.940,26.920,0.9770,5.466e-03,2.259e+00,6.049e-01,5
INT8,LUT,"U(-1,1)",256,7168,7168,32x128x32_w4_v8,14.210,13.870,14.870,14.326,1.8510,5.466e-03,2.259e+00,6.049e-01,5
INT8,LUT,"U(-1,1)",256,7168,7168,32x64x32_w4_v8,13.880,13.850,13.930,13.890,1.8950,5.466e-03,2.259e+00,6.049e-01,5
INT8,LUT,"U(-1,1)",256,7168,7168,128x128x32_w4_v9_ck2,20.500,20.290,20.640,20.494,1.2830,7.077e-01,1.820e+02,9.520e+01,5
INT8,LUT,"U(-1,1)",256,7168,7168,128x128x32_w4_v9_ck4,21.460,21.250,21.520,21.426,1.2260,7.078e-01,1.820e+02,9.520e+01,5
INT8,LUT,"U(-1,1)",256,7168,7168,128x128x32_w4_v9_ck8,21.730,21.610,21.820,21.726,1.2110,7.080e-01,1.820e+02,9.519e+01,5
INT8,LUT,"U(-1,1)",256,7168,7168,64x128x32_w4_v9_ck4,26.340,26.320,26.350,26.336,0.9990,7.078e-01,1.820e+02,9.520e+01,5
INT8,LUT,"U(-1,1)",256,7168,7168,64x64x32_w4_v9_ck4,14.820,14.790,14.840,14.816,1.7750,7.078e-01,1.820e+02,9.520e+01,5
INT8,LUT,"U(-1,1)",256,7168,7168,128x128x32_w4_v10,22.500,22.260,22.790,22.510,1.1690,2.595e-04,3.950e-02,1.818e-02,5
INT8,LUT,"U(-1,1)",256,7168,7168,128x64x32_w4_v10,20.620,20.610,20.640,20.624,1.2760,2.595e-04,3.950e-02,1.818e-02,5
INT8,LUT,"U(-1,1)",256,7168,7168,64x128x32_w4_v10,27.970,27.950,28.000,27.972,0.9400,2.595e-04,3.950e-02,1.818e-02,5
INT8,LUT,"U(-1,1)",256,7168,7168,64x64x32_w4_v10,15.590,15.470,15.610,15.552,1.6870,2.595e-04,3.950e-02,1.818e-02,5
INT8,LUT,"U(-1,1)",256,7168,7168,64x256x32_w8_v10,21.050,20.990,21.070,21.044,1.2500,2.595e-04,3.950e-02,1.818e-02,5
INT8,LUT,"U(-1,1)",256,7168,7168,128x128x32_w4_v11,25.110,24.790,25.210,25.068,1.0480,2.595e-04,3.950e-02,1.818e-02,5
INT8,LUT,"U(-1,1)",256,7168,7168,64x128x32_w4_v11,31.870,31.860,31.880,31.872,0.8250,2.595e-04,3.950e-02,1.818e-02,5
INT8,LUT,"U(-1,1)",256,7168,7168,128x256x32_w8_v11,9.280,9.130,9.430,9.258,2.8360,2.595e-04,3.950e-02,1.818e-02,5
INT8,LUT,"U(-1,1)",256,7168,7168,64x256x32_w8_v11,23.500,23.480,23.520,23.498,1.1200,2.595e-04,3.950e-02,1.818e-02,5
INT8,LUT,"U(-1,1)",256,7168,7168,128x128x16_w4_v11,29.180,29.140,29.180,29.164,0.9020,2.595e-04,3.950e-02,1.818e-02,5
INT8,LUT,"U(-1,1)",256,7168,7168,64x128x16_w4_v11,25.850,25.770,25.960,25.862,1.0170,2.595e-04,3.950e-02,1.818e-02,5
INT8,LUT,"U(-1,1)",256,7168,7168,128x256x16_w8_v11,6.990,6.970,7.060,7.006,3.7660,2.595e-04,3.950e-02,1.818e-02,5
INT8,LUT,"U(-1,1)",256,7168,7168,64x256x16_w8_v11,23.660,23.560,23.710,23.648,1.1120,2.595e-04,3.950e-02,1.818e-02,5
INT8,LUT,"U(-1,1)",256,7168,7168,64x256x16_w4f4_v11,22.980,22.910,23.050,22.978,1.1450,2.595e-04,3.950e-02,1.818e-02,5
INT8,LUT,"U(-1,1)",256,7168,7168,128x256x16_w4f4_v11,10.560,10.550,10.580,10.566,2.4910,2.595e-04,3.950e-02,1.818e-02,5
INT8,LUT,"U(-1,1)",256,7168,7168,32x128x16_w4_v11,18.710,18.380,18.820,18.612,1.4060,2.595e-04,3.950e-02,1.818e-02,5
INT8,LUT,"U(-1,1)",256,7168,7168,32x256x16_w8_v11,17.650,17.610,17.670,17.646,1.4900,2.595e-04,3.950e-02,1.818e-02,5
INT8,LUT,"U(-1,1)",256,7168,7168,32x128x32_w4_v11,19.100,18.930,19.290,19.124,1.3770,2.595e-04,3.950e-02,1.818e-02,5
INT8,LUT,"U(-1,1)",256,7168,7168,192x128x16_w4_v11,17.990,17.890,18.010,17.972,1.4630,2.595e-04,3.950e-02,1.818e-02,5
INT8,LUT,"U(-1,1)",256,7168,7168,256x128x16_w4_v11,7.480,7.470,7.480,7.478,3.5190,2.595e-04,3.950e-02,1.818e-02,5
INT8,LUT,"U(-1,1)",256,7168,7168,64x128x16_w2f4_v11,28.500,28.150,28.800,28.498,0.9230,2.595e-04,3.950e-02,1.818e-02,5
INT8,LUT,"U(-1,1)",256,7168,7168,64x128x32_w2f4_v11,30.040,29.530,30.060,29.932,0.8760,2.595e-04,3.950e-02,1.818e-02,5
INT8,LUT,"U(-1,1)",256,7168,7168,32x128x16_w2f4_v11,12.930,12.920,12.970,12.942,2.0340,2.595e-04,3.950e-02,1.818e-02,5
INT8,LUT,"U(-1,1)",256,7168,7168,128x128x32_w4_v10s_ks1,22.560,22.280,22.640,22.476,1.1660,2.595e-04,3.950e-02,1.818e-02,5
INT8,LUT,"U(-1,1)",256,7168,7168,128x128x32_w4_v10s_ks2,22.130,22.040,22.160,22.104,1.1880,2.594e-04,3.951e-02,1.823e-02,5
INT8,LUT,"U(-1,1)",256,7168,7168,128x128x32_w4_v10s_ks4,27.860,27.800,28.030,27.894,0.9440,2.594e-04,3.954e-02,1.823e-02,5
INT8,LUT,"U(-1,1)",256,7168,7168,128x128x32_w4_v10s_ks8,25.890,25.860,25.990,25.902,1.0160,2.594e-04,3.951e-02,1.820e-02,5
INT8,LUT,"U(-1,1)",256,7168,7168,64x128x32_w4_v10s_ks2,26.820,26.800,26.840,26.820,0.9810,2.594e-04,3.951e-02,1.823e-02,5
INT8,LUT,"U(-1,1)",256,7168,7168,64x128x32_w4_v10s_ks4,25.990,25.910,26.040,25.982,1.0120,2.594e-04,3.954e-02,1.823e-02,5
INT8,LUT,"U(-1,1)",256,7168,7168,64x128x32_w4_v10s_ks8,23.960,23.850,24.020,23.942,1.0980,2.594e-04,3.951e-02,1.820e-02,5
INT8,LUT,"U(-1,1)",256,7168,7168,64x64x32_w4_v10s_ks2,17.080,16.730,17.360,17.052,1.5400,2.594e-04,3.951e-02,1.823e-02,5
INT8,LUT,"U(-1,1)",256,7168,7168,64x64x32_w4_v10s_ks4,18.530,18.450,18.640,18.542,1.4190,2.594e-04,3.954e-02,1.823e-02,5
INT8,LUT,"U(-1,1)",256,7168,7168,64x64x32_w4_v10s_ks8,18.240,18.170,18.270,18.226,1.4420,2.594e-04,3.951e-02,1.820e-02,5
INT8,LUT,"U(-1,1)",256,7168,7168,64x256x32_w8_v10s_ks2,20.540,20.450,21.130,20.640,1.2810,2.594e-04,3.951e-02,1.823e-02,5
INT8,LUT,"U(-1,1)",256,7168,7168,64x256x32_w8_v10s_ks4,25.970,25.950,25.980,25.964,1.0130,2.594e-04,3.954e-02,1.823e-02,5
INT8,LUT,"U(-1,1)",256,7168,7168,128x128x32_cutlass_p1,60.110,53.860,64.490,59.538,0.4380,2.595e-04,3.950e-02,1.818e-02,5
INT8,BITSHIFT,"U(-1,1)",256,7168,7168,128x128x32_cutlass_p1,62.370,57.500,63.160,61.412,0.4220,2.595e-04,3.950e-02,1.818e-02,5
INT8,LUT,"U(-1,1)",256,7168,7168,64x128x32_cutlass_p1,57.590,56.790,60.080,58.170,0.4570,2.595e-04,3.950e-02,1.818e-02,5
INT8,BITSHIFT,"U(-1,1)",256,7168,7168,64x128x32_cutlass_p1,58.320,55.640,59.620,57.916,0.4510,2.595e-04,3.950e-02,1.818e-02,5
INT8,LUT,"U(-1,1)",256,7168,7168,128x64x32_cutlass_p1,59.210,57.930,61.240,59.474,0.4440,2.595e-04,3.950e-02,1.818e-02,5
INT8,BITSHIFT,"U(-1,1)",256,7168,7168,128x64x32_cutlass_p1,60.110,57.090,60.630,59.390,0.4380,2.595e-04,3.950e-02,1.818e-02,5
INT8,LUT,"U(-1,1)",1024,7168,7168,16x64x32_w4,5.000,5.000,5.000,5.000,21.0330,2.594e-04,3.979e-02,1.832e-02,5
INT8,BITSHIFT,"U(-1,1)",1024,7168,7168,16x64x32_w4,3.490,3.480,3.510,3.492,30.1600,1.846e-04,2.680e-02,1.347e-02,5
INT8,LUT,"U(-1,1)",1024,7168,7168,16x128x32_w8,4.730,4.670,4.800,4.726,22.2480,2.594e-04,3.979e-02,1.832e-02,5
INT8,BITSHIFT,"U(-1,1)",1024,7168,7168,16x128x32_w8,3.590,3.580,3.600,3.590,29.2720,1.846e-04,2.680e-02,1.347e-02,5
INT8,LUT,"U(-1,1)",1024,7168,7168,16x128x32_w4f2,5.130,5.100,5.170,5.136,20.4980,2.594e-04,3.979e-02,1.832e-02,5
INT8,LUT,"U(-1,1)",1024,7168,7168,16x256x32_w4f4,3.660,3.660,3.670,3.664,28.7210,2.594e-04,3.979e-02,1.832e-02,5
INT8,LUT,"U(-1,1)",1024,7168,7168,128x64x32_w4_v1,12.440,12.290,12.460,12.414,8.4600,2.594e-04,3.979e-02,1.832e-02,5
INT8,LUT,"U(-1,1)",1024,7168,7168,128x128x32_w4_v1,9.800,9.800,9.810,9.802,10.7350,2.594e-04,3.979e-02,1.832e-02,5
INT8,LUT,"U(-1,1)",1024,7168,7168,128x256x32_w4_v1,4.700,4.670,4.720,4.696,22.4030,2.594e-04,3.979e-02,1.832e-02,5
INT8,LUT,"U(-1,1)",1024,7168,7168,128x256x32_w8_v1,10.410,10.400,10.410,10.406,10.1070,2.594e-04,3.979e-02,1.832e-02,5
INT8,LUT,"U(-1,1)",1024,7168,7168,64x64x32_w4_v1,9.840,9.820,9.900,9.856,10.6940,2.594e-04,3.979e-02,1.832e-02,5
INT8,LUT,"U(-1,1)",1024,7168,7168,64x128x32_w4_v1,8.720,8.720,8.730,8.724,12.0620,2.594e-04,3.979e-02,1.832e-02,5
INT8,LUT,"U(-1,1)",1024,7168,7168,128x64x32_w4_v2,16.720,16.650,16.940,16.766,6.2920,2.594e-04,3.979e-02,1.832e-02,5
INT8,LUT,"U(-1,1)",1024,7168,7168,128x128x32_w4_v2,18.310,18.230,18.390,18.322,5.7470,2.594e-04,3.979e-02,1.832e-02,5
INT8,LUT,"U(-1,1)",1024,7168,7168,128x256x32_w4_v2,9.290,9.170,9.300,9.256,11.3280,2.594e-04,3.979e-02,1.832e-02,5
INT8,LUT,"U(-1,1)",1024,7168,7168,128x256x32_w8_v2,21.390,21.380,21.410,21.394,4.9190,2.594e-04,3.979e-02,1.832e-02,5
INT8,LUT,"U(-1,1)",1024,7168,7168,64x64x32_w4_v2,15.420,15.410,15.420,15.416,6.8260,2.594e-04,3.979e-02,1.832e-02,5
INT8,LUT,"U(-1,1)",1024,7168,7168,64x128x32_w4_v2,21.200,21.200,21.280,21.226,4.9630,2.594e-04,3.979e-02,1.832e-02,5
INT8,LUT,"U(-1,1)",1024,7168,7168,128x64x32_w4_v3,20.900,20.900,20.910,20.902,5.0340,2.594e-04,3.979e-02,1.832e-02,5
INT8,LUT,"U(-1,1)",1024,7168,7168,128x128x32_w4_v3,27.550,27.450,27.650,27.546,3.8200,2.594e-04,3.979e-02,1.832e-02,5
INT8,LUT,"U(-1,1)",1024,7168,7168,64x64x32_w4_v3,18.330,18.080,18.470,18.304,5.7410,2.594e-04,3.979e-02,1.832e-02,5
INT8,LUT,"U(-1,1)",1024,7168,7168,64x128x32_w4_v3,26.830,26.800,26.830,26.822,3.9220,2.594e-04,3.979e-02,1.832e-02,5
INT8,LUT,"U(-1,1)",1024,7168,7168,32x128x32_w4_v3_b1,18.850,18.840,18.940,18.868,5.5810,2.594e-04,3.979e-02,1.832e-02,5
INT8,LUT,"U(-1,1)",1024,7168,7168,32x64x32_w4_v3_b1,14.510,14.470,14.530,14.508,7.2510,2.594e-04,3.979e-02,1.832e-02,5
INT8,LUT,"U(-1,1)",1024,7168,7168,32x256x32_w8_v3_b1,18.570,18.570,18.570,18.570,5.6670,2.594e-04,3.979e-02,1.832e-02,5
INT8,LUT,"U(-1,1)",1024,7168,7168,128x128x32_w8_v3_b1alt,21.400,21.400,21.410,21.404,4.9160,2.594e-04,3.979e-02,1.832e-02,5
INT8,LUT,"U(-1,1)",1024,7168,7168,64x128x32_w8_v3_b1alt,18.320,18.290,18.330,18.318,5.7430,2.594e-04,3.979e-02,1.832e-02,5
INT8,LUT,"U(-1,1)",1024,7168,7168,128x64x32_w4_v4,20.220,20.220,20.220,20.220,5.2040,2.594e-04,3.979e-02,1.832e-02,5
INT8,LUT,"U(-1,1)",1024,7168,7168,128x128x32_w4_v4,27.870,27.820,28.060,27.892,3.7760,2.594e-04,3.979e-02,1.832e-02,5
INT8,LUT,"U(-1,1)",1024,7168,7168,64x64x32_w4_v4,17.930,17.910,17.940,17.928,5.8680,2.594e-04,3.979e-02,1.832e-02,5
INT8,LUT,"U(-1,1)",1024,7168,7168,64x128x32_w4_v4,26.410,26.360,26.420,26.400,3.9840,2.594e-04,3.979e-02,1.832e-02,5
INT8,LUT,"U(-1,1)",1024,7168,7168,128x64x32_w4_v5,16.110,16.100,16.120,16.112,6.5310,2.594e-04,3.979e-02,1.832e-02,5
INT8,LUT,"U(-1,1)",1024,7168,7168,128x128x32_w4_v5,27.290,27.230,27.340,27.284,3.8560,2.594e-04,3.979e-02,1.832e-02,5
INT8,LUT,"U(-1,1)",1024,7168,7168,64x64x32_w4_v5,13.640,13.580,13.670,13.630,7.7130,2.594e-04,3.979e-02,1.832e-02,5
INT8,LUT,"U(-1,1)",1024,7168,7168,64x128x32_w4_v5,21.590,21.550,21.710,21.616,4.8750,2.594e-04,3.979e-02,1.832e-02,5
INT8,LUT,"U(-1,1)",1024,7168,7168,128x128x64_w4_v6,20.920,20.860,20.930,20.904,5.0310,2.594e-04,3.979e-02,1.832e-02,5
INT8,LUT,"U(-1,1)",1024,7168,7168,128x64x64_w4_v6,12.120,12.120,12.120,12.120,8.6840,2.594e-04,3.979e-02,1.832e-02,5
INT8,LUT,"U(-1,1)",1024,7168,7168,64x128x64_w4_v6,19.020,19.020,19.030,19.024,5.5320,2.594e-04,3.979e-02,1.832e-02,5
INT8,LUT,"U(-1,1)",1024,7168,7168,64x64x64_w4_v6,10.980,10.980,10.980,10.980,9.5840,2.594e-04,3.979e-02,1.832e-02,5
INT8,LUT,"U(-1,1)",1024,7168,7168,64x128x32_w4_v7,22.130,22.130,22.140,22.134,4.7540,2.594e-04,3.979e-02,1.832e-02,5
INT8,LUT,"U(-1,1)",1024,7168,7168,64x64x32_w4_v7,17.530,17.530,17.530,17.530,6.0020,2.594e-04,3.979e-02,1.832e-02,5
INT8,LUT,"U(-1,1)",1024,7168,7168,32x128x32_w4_v7,12.710,12.690,12.730,12.708,8.2760,2.594e-04,3.979e-02,1.832e-02,5
INT8,LUT,"U(-1,1)",1024,7168,7168,32x64x32_w4_v7,13.790,13.780,13.820,13.794,7.6290,2.594e-04,3.979e-02,1.832e-02,5
INT8,LUT,"U(-1,1)",1024,7168,7168,128x64x32_w4_v8,20.520,20.520,20.520,20.520,5.1280,5.467e-03,2.450e+00,6.124e-01,5
INT8,LUT,"U(-1,1)",1024,7168,7168,128x128x32_w4_v8,28.600,28.450,28.630,28.564,3.6790,5.467e-03,2.450e+00,6.124e-01,5
INT8,LUT,"U(-1,1)",1024,7168,7168,64x64x32_w4_v8,18.230,18.130,18.230,18.206,5.7730,5.467e-03,2.450e+00,6.124e-01,5
INT8,LUT,"U(-1,1)",1024,7168,7168,64x128x32_w4_v8,26.840,26.820,26.870,26.842,3.9210,5.467e-03,2.450e+00,6.124e-01,5
INT8,LUT,"U(-1,1)",1024,7168,7168,32x128x32_w4_v8,18.750,18.740,18.770,18.754,5.6130,5.467e-03,2.450e+00,6.124e-01,5
INT8,LUT,"U(-1,1)",1024,7168,7168,32x64x32_w4_v8,14.190,14.140,14.240,14.186,7.4160,5.467e-03,2.450e+00,6.124e-01,5
INT8,LUT,"U(-1,1)",1024,7168,7168,128x128x32_w4_v9_ck2,26.550,26.500,26.680,26.564,3.9640,7.072e-01,1.857e+02,9.276e+01,5
INT8,LUT,"U(-1,1)",1024,7168,7168,128x128x32_w4_v9_ck4,27.150,26.990,27.180,27.120,3.8750,7.073e-01,1.856e+02,9.277e+01,5
INT8,LUT,"U(-1,1)",1024,7168,7168,128x128x32_w4_v9_ck8,27.420,27.410,27.620,27.466,3.8380,7.074e-01,1.857e+02,9.276e+01,5
INT8,LUT,"U(-1,1)",1024,7168,7168,64x128x32_w4_v9_ck4,26.260,26.230,26.290,26.262,4.0080,7.073e-01,1.856e+02,9.277e+01,5
INT8,LUT,"U(-1,1)",1024,7168,7168,64x64x32_w4_v9_ck4,18.090,18.080,18.110,18.094,5.8160,7.073e-01,1.856e+02,9.277e+01,5
INT8,LUT,"U(-1,1)",1024,7168,7168,128x128x32_w4_v10,29.510,29.440,29.600,29.514,3.5660,2.594e-04,3.979e-02,1.832e-02,5
INT8,LUT,"U(-1,1)",1024,7168,7168,128x64x32_w4_v10,20.770,20.760,20.770,20.768,5.0670,2.594e-04,3.979e-02,1.832e-02,5
INT8,LUT,"U(-1,1)",1024,7168,7168,64x128x32_w4_v10,27.830,27.800,27.870,27.830,3.7810,2.594e-04,3.979e-02,1.832e-02,5
INT8,LUT,"U(-1,1)",1024,7168,7168,64x64x32_w4_v10,18.490,18.440,18.660,18.540,5.6930,2.594e-04,3.979e-02,1.832e-02,5
INT8,LUT,"U(-1,1)",1024,7168,7168,64x256x32_w8_v10,28.410,28.380,28.690,28.506,3.7040,2.594e-04,3.979e-02,1.832e-02,5
INT8,LUT,"U(-1,1)",1024,7168,7168,128x128x32_w4_v11,32.910,32.610,33.140,32.920,3.1980,2.594e-04,3.979e-02,1.832e-02,5
INT8,LUT,"U(-1,1)",1024,7168,7168,64x128x32_w4_v11,31.580,31.550,31.820,31.654,3.3320,2.594e-04,3.979e-02,1.832e-02,5
INT8,LUT,"U(-1,1)",1024,7168,7168,128x256x32_w8_v11,8.430,8.380,8.490,8.434,12.4880,2.594e-04,3.979e-02,1.832e-02,5
INT8,LUT,"U(-1,1)",1024,7168,7168,64x256x32_w8_v11,31.750,31.450,31.870,31.712,3.3140,2.594e-04,3.979e-02,1.832e-02,5
INT8,LUT,"U(-1,1)",1024,7168,7168,128x128x16_w4_v11,34.530,34.420,34.950,34.600,3.0470,2.594e-04,3.979e-02,1.832e-02,5
INT8,LUT,"U(-1,1)",1024,7168,7168,64x128x16_w4_v11,26.650,26.560,26.750,26.668,3.9480,2.594e-04,3.979e-02,1.832e-02,5
INT8,LUT,"U(-1,1)",1024,7168,7168,128x256x16_w8_v11,6.150,6.140,6.180,6.158,17.0980,2.594e-04,3.979e-02,1.832e-02,5
INT8,LUT,"U(-1,1)",1024,7168,7168,64x256x16_w8_v11,33.320,33.150,33.580,33.366,3.1580,2.594e-04,3.979e-02,1.832e-02,5
INT8,LUT,"U(-1,1)",1024,7168,7168,64x256x16_w4f4_v11,29.780,29.710,30.280,29.942,3.5330,2.594e-04,3.979e-02,1.832e-02,5
INT8,LUT,"U(-1,1)",1024,7168,7168,128x256x16_w4f4_v11,10.550,10.480,10.680,10.576,9.9730,2.594e-04,3.979e-02,1.832e-02,5
INT8,LUT,"U(-1,1)",1024,7168,7168,32x128x16_w4_v11,21.820,21.710,22.010,21.836,4.8240,2.594e-04,3.979e-02,1.832e-02,5
INT8,LUT,"U(-1,1)",1024,7168,7168,32x256x16_w8_v11,21.610,21.350,21.770,21.578,4.8700,2.594e-04,3.979e-02,1.832e-02,5
INT8,LUT,"U(-1,1)",1024,7168,7168,32x128x32_w4_v11,23.450,23.230,23.490,23.412,4.4870,2.594e-04,3.979e-02,1.832e-02,5
INT8,LUT,"U(-1,1)",1024,7168,7168,192x128x16_w4_v11,24.630,24.600,24.800,24.674,4.2720,2.594e-04,3.979e-02,1.832e-02,5
INT8,LUT,"U(-1,1)",1024,7168,7168,256x128x16_w4_v11,10.950,10.880,11.130,10.992,9.6130,2.594e-04,3.979e-02,1.832e-02,5
INT8,LUT,"U(-1,1)",1024,7168,7168,64x128x16_w2f4_v11,35.070,34.710,35.300,35.034,3.0010,2.594e-04,3.979e-02,1.832e-02,5
INT8,LUT,"U(-1,1)",1024,7168,7168,64x128x32_w2f4_v11,29.320,27.800,30.180,29.188,3.5900,2.594e-04,3.979e-02,1.832e-02,5
INT8,LUT,"U(-1,1)",1024,7168,7168,32x128x16_w2f4_v11,6.720,6.530,7.340,6.804,15.6580,2.594e-04,3.979e-02,1.832e-02,5
INT8,LUT,"U(-1,1)",1024,7168,7168,128x128x32_w4_v10s_ks1,29.030,28.800,29.190,29.000,3.6250,2.594e-04,3.979e-02,1.832e-02,5
INT8,LUT,"U(-1,1)",1024,7168,7168,128x128x32_w4_v10s_ks2,28.130,28.040,28.200,28.136,3.7410,2.594e-04,3.977e-02,1.843e-02,5
INT8,LUT,"U(-1,1)",1024,7168,7168,128x128x32_w4_v10s_ks4,26.990,26.890,27.040,26.984,3.8990,2.594e-04,3.977e-02,1.843e-02,5
INT8,LUT,"U(-1,1)",1024,7168,7168,128x128x32_w4_v10s_ks8,25.790,25.750,25.810,25.782,4.0810,2.594e-04,3.978e-02,1.844e-02,5
INT8,LUT,"U(-1,1)",1024,7168,7168,64x128x32_w4_v10s_ks2,26.960,26.950,26.980,26.964,3.9030,2.594e-04,3.977e-02,1.843e-02,5
INT8,LUT,"U(-1,1)",1024,7168,7168,64x128x32_w4_v10s_ks4,27.530,27.330,27.570,27.504,3.8230,2.594e-04,3.977e-02,1.843e-02,5
INT8,LUT,"U(-1,1)",1024,7168,7168,64x128x32_w4_v10s_ks8,25.220,25.080,25.320,25.212,4.1720,2.594e-04,3.978e-02,1.844e-02,5
INT8,LUT,"U(-1,1)",1024,7168,7168,64x64x32_w4_v10s_ks2,19.200,19.070,19.210,19.174,5.4820,2.594e-04,3.977e-02,1.843e-02,5
INT8,LUT,"U(-1,1)",1024,7168,7168,64x64x32_w4_v10s_ks4,19.020,19.000,19.100,19.036,5.5340,2.594e-04,3.977e-02,1.843e-02,5
INT8,LUT,"U(-1,1)",1024,7168,7168,64x64x32_w4_v10s_ks8,18.480,18.410,18.490,18.466,5.6930,2.594e-04,3.978e-02,1.844e-02,5
INT8,LUT,"U(-1,1)",1024,7168,7168,64x256x32_w8_v10s_ks2,27.310,27.100,27.340,27.280,3.8520,2.594e-04,3.977e-02,1.843e-02,5
INT8,LUT,"U(-1,1)",1024,7168,7168,64x256x32_w8_v10s_ks4,26.260,26.050,26.390,26.238,4.0080,2.594e-04,3.977e-02,1.843e-02,5
INT8,LUT,"U(-1,1)",1024,7168,7168,128x128x32_cutlass_p1,86.970,86.610,87.030,86.880,1.2100,2.594e-04,3.979e-02,1.832e-02,5
INT8,BITSHIFT,"U(-1,1)",1024,7168,7168,128x128x32_cutlass_p1,86.980,86.510,87.010,86.864,1.2100,2.594e-04,3.979e-02,1.832e-02,5
INT8,LUT,"U(-1,1)",1024,7168,7168,64x128x32_cutlass_p1,66.570,66.190,66.870,66.528,1.5810,2.594e-04,3.979e-02,1.832e-02,5
INT8,BITSHIFT,"U(-1,1)",1024,7168,7168,64x128x32_cutlass_p1,66.480,66.080,66.700,66.400,1.5830,2.594e-04,3.979e-02,1.832e-02,5
INT8,LUT,"U(-1,1)",1024,7168,7168,128x64x32_cutlass_p1,66.660,66.060,67.100,66.620,1.5790,2.594e-04,3.979e-02,1.832e-02,5
INT8,BITSHIFT,"U(-1,1)",1024,7168,7168,128x64x32_cutlass_p1,66.680,66.200,67.090,66.706,1.5780,2.594e-04,3.979e-02,1.832e-02,5
INT8,LUT,"U(-1,1)",2048,7168,7168,16x64x32_w4,5.210,5.200,5.240,5.216,40.3640,2.594e-04,3.975e-02,1.811e-02,5
INT8,BITSHIFT,"U(-1,1)",2048,7168,7168,16x64x32_w4,3.450,3.440,3.460,3.450,61.0500,1.846e-04,2.817e-02,1.329e-02,5
INT8,LUT,"U(-1,1)",2048,7168,7168,16x128x32_w8,5.040,4.990,5.060,5.034,41.7550,2.594e-04,3.975e-02,1.811e-02,5
INT8,BITSHIFT,"U(-1,1)",2048,7168,7168,16x128x32_w8,3.650,3.630,3.660,3.650,57.6190,1.846e-04,2.817e-02,1.329e-02,5
INT8,LUT,"U(-1,1)",2048,7168,7168,16x128x32_w4f2,5.570,5.520,5.580,5.558,37.7570,2.594e-04,3.975e-02,1.811e-02,5
INT8,LUT,"U(-1,1)",2048,7168,7168,16x256x32_w4f4,3.650,3.650,3.660,3.654,57.6100,2.594e-04,3.975e-02,1.811e-02,5
INT8,LUT,"U(-1,1)",2048,7168,7168,128x64x32_w4_v1,12.390,12.350,12.400,12.382,16.9910,2.594e-04,3.975e-02,1.811e-02,5
INT8,LUT,"U(-1,1)",2048,7168,7168,128x128x32_w4_v1,9.690,9.680,9.700,9.690,21.7110,2.594e-04,3.975e-02,1.811e-02,5
INT8,LUT,"U(-1,1)",2048,7168,7168,128x256x32_w4_v1,5.650,5.640,5.650,5.648,37.2520,2.594e-04,3.975e-02,1.811e-02,5
INT8,LUT,"U(-1,1)",2048,7168,7168,128x256x32_w8_v1,10.400,10.390,10.410,10.400,20.2320,2.594e-04,3.975e-02,1.811e-02,5
INT8,LUT,"U(-1,1)",2048,7168,7168,64x64x32_w4_v1,11.030,11.010,11.040,11.028,19.0860,2.594e-04,3.975e-02,1.811e-02,5
INT8,LUT,"U(-1,1)",2048,7168,7168,64x128x32_w4_v1,8.620,8.610,8.640,8.624,24.4120,2.594e-04,3.975e-02,1.811e-02,5
INT8,LUT,"U(-1,1)",2048,7168,7168,128x64x32_w4_v2,16.220,16.160,16.290,16.230,12.9710,2.594e-04,3.975e-02,1.811e-02,5
INT8,LUT,"U(-1,1)",2048,7168,7168,128x128x32_w4_v2,18.110,18.090,18.200,18.130,11.6230,2.594e-04,3.975e-02,1.811e-02,5
INT8,LUT,"U(-1,1)",2048,7168,7168,128x256x32_w4_v2,10.630,10.630,10.650,10.636,19.7910,2.594e-04,3.975e-02,1.811e-02,5
INT8,LUT,"U(-1,1)",2048,7168,7168,128x256x32_w8_v2,21.420,21.410,21.430,21.422,9.8230,2.594e-04,3.975e-02,1.811e-02,5
INT8,LUT,"U(-1,1)",2048,7168,7168,64x64x32_w4_v2,15.720,15.700,15.760,15.724,13.3880,2.594e-04,3.975e-02,1.811e-02,5
INT8,LUT,"U(-1,1)",2048,7168,7168,64x128x32_w4_v2,21.350,21.350,21.360,21.352,9.8560,2.594e-04,3.975e-02,1.811e-02,5
INT8,LUT,"U(-1,1)",2048,7168,7168,128x64x32_w4_v3,20.950,20.950,20.950,20.950,10.0460,2.594e-04,3.975e-02,1.811e-02,5
INT8,LUT,"U(-1,1)",2048,7168,7168,128x128x32_w4_v3,27.480,27.470,27.610,27.520,7.6580,2.594e-04,3.975e-02,1.811e-02,5
INT8,LUT,"U(-1,1)",2048,7168,7168,64x64x32_w4_v3,19.990,19.980,19.990,19.986,10.5300,2.594e-04,3.975e-02,1.811e-02,5
INT8,LUT,"U(-1,1)",2048,7168,7168,64x128x32_w4_v3,27.030,27.020,27.030,27.026,7.7870,2.594e-04,3.975e-02,1.811e-02,5
INT8,LUT,"U(-1,1)",2048,7168,7168,32x128x32_w4_v3_b1,19.150,19.080,19.180,19.136,10.9900,2.594e-04,3.975e-02,1.811e-02,5
INT8,LUT,"U(-1,1)",2048,7168,7168,32x64x32_w4_v3_b1,13.970,13.960,14.030,13.986,15.0660,2.594e-04,3.975e-02,1.811e-02,5
INT8,LUT,"U(-1,1)",2048,7168,7168,32x256x32_w8_v3_b1,18.860,18.720,19.040,18.892,11.1600,2.594e-04,3.975e-02,1.811e-02,5
INT8,LUT,"U(-1,1)",2048,7168,7168,128x128x32_w8_v3_b1alt,21.410,21.400,21.410,21.408,9.8310,2.594e-04,3.975e-02,1.811e-02,5
INT8,LUT,"U(-1,1)",2048,7168,7168,64x128x32_w8_v3_b1alt,18.270,18.250,18.290,18.272,11.5170,2.594e-04,3.975e-02,1.811e-02,5
INT8,LUT,"U(-1,1)",2048,7168,7168,128x64x32_w4_v4,20.230,20.220,20.230,20.228,10.4030,2.594e-04,3.975e-02,1.811e-02,5
INT8,LUT,"U(-1,1)",2048,7168,7168,128x128x32_w4_v4,27.700,27.640,27.770,27.702,7.5970,2.594e-04,3.975e-02,1.811e-02,5
INT8,LUT,"U(-1,1)",2048,7168,7168,64x64x32_w4_v4,18.950,18.930,18.950,18.944,11.1080,2.594e-04,3.975e-02,1.811e-02,5
INT8,LUT,"U(-1,1)",2048,7168,7168,64x128x32_w4_v4,26.530,26.530,26.550,26.536,7.9320,2.594e-04,3.975e-02,1.811e-02,5
INT8,LUT,"U(-1,1)",2048,7168,7168,128x64x32_w4_v5,16.330,16.300,16.330,16.324,12.8870,2.594e-04,3.975e-02,1.811e-02,5
INT8,LUT,"U(-1,1)",2048,7168,7168,128x128x32_w4_v5,26.630,26.500,26.660,26.614,7.9020,2.594e-04,3.975e-02,1.811e-02,5
INT8,LUT,"U(-1,1)",2048,7168,7168,64x64x32_w4_v5,13.920,13.900,13.940,13.918,15.1150,2.594e-04,3.975e-02,1.811e-02,5
INT8,LUT,"U(-1,1)",2048,7168,7168,64x128x32_w4_v5,21.650,21.420,21.650,21.598,9.7220,2.594e-04,3.975e-02,1.811e-02,5
INT8,LUT,"U(-1,1)",2048,7168,7168,128x128x64_w4_v6,20.970,20.940,21.000,20.974,10.0370,2.594e-04,3.975e-02,1.811e-02,5
INT8,LUT,"U(-1,1)",2048,7168,7168,128x64x64_w4_v6,12.120,12.120,12.120,12.120,17.3590,2.594e-04,3.975e-02,1.811e-02,5
INT8,LUT,"U(-1,1)",2048,7168,7168,64x128x64_w4_v6,19.060,19.060,19.060,19.060,11.0410,2.594e-04,3.975e-02,1.811e-02,5
INT8,LUT,"U(-1,1)",2048,7168,7168,64x64x64_w4_v6,12.150,12.150,12.160,12.154,17.3170,2.594e-04,3.975e-02,1.811e-02,5
INT8,LUT,"U(-1,1)",2048,7168,7168,64x128x32_w4_v7,22.150,22.140,22.160,22.152,9.5000,2.594e-04,3.975e-02,1.811e-02,5
INT8,LUT,"U(-1,1)",2048,7168,7168,64x64x32_w4_v7,18.410,18.370,18.560,18.442,11.4340,2.594e-04,3.975e-02,1.811e-02,5
INT8,LUT,"U(-1,1)",2048,7168,7168,32x128x32_w4_v7,13.220,13.210,13.230,13.220,15.9180,2.594e-04,3.975e-02,1.811e-02,5
INT8,LUT,"U(-1,1)",2048,7168,7168,32x64x32_w4_v7,14.130,14.120,14.140,14.130,14.8930,2.594e-04,3.975e-02,1.811e-02,5
INT8,LUT,"U(-1,1)",2048,7168,7168,128x64x32_w4_v8,20.530,20.530,20.540,20.532,10.2490,5.469e-03,2.450e+00,6.244e-01,5
INT8,LUT,"U(-1,1)",2048,7168,7168,128x128x32_w4_v8,28.430,28.390,28.630,28.464,7.4010,5.469e-03,2.450e+00,6.244e-01,5
INT8,LUT,"U(-1,1)",2048,7168,7168,64x64x32_w4_v8,19.330,19.310,19.350,19.330,10.8880,5.469e-03,2.450e+00,6.244e-01,5
INT8,LUT,"U(-1,1)",2048,7168,7168,64x128x32_w4_v8,26.940,26.930,26.940,26.936,7.8130,5.469e-03,2.450e+00,6.244e-01,5
INT8,LUT,"U(-1,1)",2048,7168,7168,32x128x32_w4_v8,19.220,19.200,19.310,19.246,10.9510,5.469e-03,2.450e+00,6.244e-01,5
INT8,LUT,"U(-1,1)",2048,7168,7168,32x64x32_w4_v8,13.590,13.540,13.640,13.596,15.4830,5.469e-03,2.450e+00,6.244e-01,5
INT8,LUT,"U(-1,1)",2048,7168,7168,128x128x32_w4_v9_ck2,26.330,26.250,26.400,26.336,7.9920,7.072e-01,2.039e+02,9.265e+01,5
INT8,LUT,"U(-1,1)",2048,7168,7168,128x128x32_w4_v9_ck4,26.840,26.780,26.960,26.850,7.8400,7.073e-01,2.039e+02,9.264e+01,5
INT8,LUT,"U(-1,1)",2048,7168,7168,128x128x32_w4_v9_ck8,27.180,27.160,27.220,27.188,7.7430,7.075e-01,2.039e+02,9.264e+01,5
INT8,LUT,"U(-1,1)",2048,7168,7168,64x128x32_w4_v9_ck4,26.380,26.370,26.390,26.380,7.9790,7.073e-01,2.039e+02,9.264e+01,5
INT8,LUT,"U(-1,1)",2048,7168,7168,64x64x32_w4_v9_ck4,19.240,19.220,19.270,19.240,10.9360,7.073e-01,2.039e+02,9.264e+01,5
INT8,LUT,"U(-1,1)",2048,7168,7168,128x128x32_w4_v10,29.380,29.360,29.420,29.388,7.1620,2.594e-04,3.975e-02,1.811e-02,5
INT8,LUT,"U(-1,1)",2048,7168,7168,128x64x32_w4_v10,20.780,20.770,20.780,20.778,10.1280,2.594e-04,3.975e-02,1.811e-02,5
INT8,LUT,"U(-1,1)",2048,7168,7168,64x128x32_w4_v10,27.950,27.870,28.000,27.952,7.5300,2.594e-04,3.975e-02,1.811e-02,5
INT8,LUT,"U(-1,1)",2048,7168,7168,64x64x32_w4_v10,19.560,19.400,19.590,19.532,10.7610,2.594e-04,3.975e-02,1.811e-02,5
INT8,LUT,"U(-1,1)",2048,7168,7168,64x256x32_w8_v10,28.350,28.330,28.370,28.352,7.4220,2.594e-04,3.975e-02,1.811e-02,5
INT8,LUT,"U(-1,1)",2048,7168,7168,128x128x32_w4_v11,33.240,33.040,33.310,33.218,6.3300,2.594e-04,3.975e-02,1.811e-02,5
INT8,LUT,"U(-1,1)",2048,7168,7168,64x128x32_w4_v11,31.800,31.740,32.130,31.912,6.6180,2.594e-04,3.975e-02,1.811e-02,5
INT8,LUT,"U(-1,1)",2048,7168,7168,128x256x32_w8_v11,8.070,8.040,8.090,8.068,26.0780,2.594e-04,3.975e-02,1.811e-02,5
INT8,LUT,"U(-1,1)",2048,7168,7168,64x256x32_w8_v11,31.780,31.760,31.800,31.780,6.6220,2.594e-04,3.975e-02,1.811e-02,5
INT8,LUT,"U(-1,1)",2048,7168,7168,128x128x16_w4_v11,35.070,35.000,35.130,35.064,6.0010,2.594e-04,3.975e-02,1.811e-02,5
INT8,LUT,"U(-1,1)",2048,7168,7168,64x128x16_w4_v11,26.340,26.310,26.390,26.342,7.9890,2.594e-04,3.975e-02,1.811e-02,5
INT8,LUT,"U(-1,1)",2048,7168,7168,128x256x16_w8_v11,6.040,6.000,6.050,6.034,34.8490,2.594e-04,3.975e-02,1.811e-02,5
INT8,LUT,"U(-1,1)",2048,7168,7168,64x256x16_w8_v11,33.610,33.310,34.060,33.668,6.2620,2.594e-04,3.975e-02,1.811e-02,5
INT8,LUT,"U(-1,1)",2048,7168,7168,64x256x16_w4f4_v11,29.600,29.460,29.780,29.622,7.1100,2.594e-04,3.975e-02,1.811e-02,5
INT8,LUT,"U(-1,1)",2048,7168,7168,128x256x16_w4f4_v11,10.110,10.030,10.120,10.084,20.8260,2.594e-04,3.975e-02,1.811e-02,5
INT8,LUT,"U(-1,1)",2048,7168,7168,32x128x16_w4_v11,22.070,21.940,22.230,22.080,9.5360,2.594e-04,3.975e-02,1.811e-02,5
INT8,LUT,"U(-1,1)",2048,7168,7168,32x256x16_w8_v11,21.320,21.160,21.550,21.358,9.8700,2.594e-04,3.975e-02,1.811e-02,5
INT8,LUT,"U(-1,1)",2048,7168,7168,32x128x32_w4_v11,18.350,18.160,19.740,18.704,11.4660,2.594e-04,3.975e-02,1.811e-02,5
INT8,LUT,"U(-1,1)",2048,7168,7168,192x128x16_w4_v11,32.710,32.600,32.930,32.740,6.4340,2.594e-04,3.975e-02,1.811e-02,5
INT8,LUT,"U(-1,1)",2048,7168,7168,256x128x16_w4_v11,10.600,10.510,10.630,10.586,19.8490,2.594e-04,3.975e-02,1.811e-02,5
INT8,LUT,"U(-1,1)",2048,7168,7168,64x128x16_w2f4_v11,34.780,34.570,35.100,34.820,6.0510,2.594e-04,3.975e-02,1.811e-02,5
INT8,LUT,"U(-1,1)",2048,7168,7168,64x128x32_w2f4_v11,24.170,23.530,25.090,24.192,8.7090,2.594e-04,3.975e-02,1.811e-02,5
INT8,LUT,"U(-1,1)",2048,7168,7168,32x128x16_w2f4_v11,5.310,5.240,5.510,5.336,39.6080,2.594e-04,3.975e-02,1.811e-02,5
INT8,LUT,"U(-1,1)",2048,7168,7168,128x128x32_w4_v10s_ks1,28.990,28.960,29.070,29.008,7.2590,2.594e-04,3.975e-02,1.811e-02,5
INT8,LUT,"U(-1,1)",2048,7168,7168,128x128x32_w4_v10s_ks2,28.030,27.990,28.150,28.044,7.5070,2.594e-04,3.972e-02,1.811e-02,5
INT8,LUT,"U(-1,1)",2048,7168,7168,128x128x32_w4_v10s_ks4,27.960,27.910,28.020,27.970,7.5270,2.593e-04,3.973e-02,1.812e-02,5
INT8,LUT,"U(-1,1)",2048,7168,7168,128x128x32_w4_v10s_ks8,26.160,26.100,26.250,26.168,8.0460,2.593e-04,3.973e-02,1.810e-02,5
INT8,LUT,"U(-1,1)",2048,7168,7168,64x128x32_w4_v10s_ks2,28.660,28.550,28.690,28.644,7.3430,2.594e-04,3.972e-02,1.811e-02,5
INT8,LUT,"U(-1,1)",2048,7168,7168,64x128x32_w4_v10s_ks4,27.150,27.100,27.200,27.146,7.7520,2.593e-04,3.973e-02,1.812e-02,5
INT8,LUT,"U(-1,1)",2048,7168,7168,64x128x32_w4_v10s_ks8,25.150,25.140,25.160,25.148,8.3680,2.593e-04,3.973e-02,1.810e-02,5
INT8,LUT,"U(-1,1)",2048,7168,7168,64x64x32_w4_v10s_ks2,18.880,18.830,18.960,18.886,11.1480,2.594e-04,3.972e-02,1.811e-02,5
INT8,LUT,"U(-1,1)",2048,7168,7168,64x64x32_w4_v10s_ks4,18.910,18.790,18.990,18.902,11.1300,2.593e-04,3.973e-02,1.812e-02,5
INT8,LUT,"U(-1,1)",2048,7168,7168,64x64x32_w4_v10s_ks8,18.410,18.380,18.430,18.404,11.4340,2.593e-04,3.973e-02,1.810e-02,5
INT8,LUT,"U(-1,1)",2048,7168,7168,64x256x32_w8_v10s_ks2,27.240,27.060,27.270,27.212,7.7260,2.594e-04,3.972e-02,1.811e-02,5
INT8,LUT,"U(-1,1)",2048,7168,7168,64x256x32_w8_v10s_ks4,27.450,27.230,27.560,27.408,7.6660,2.593e-04,3.973e-02,1.812e-02,5
INT8,LUT,"U(-1,1)",2048,7168,7168,128x128x32_cutlass_p1,85.160,84.880,85.290,85.108,2.4710,2.594e-04,3.975e-02,1.811e-02,5
INT8,BITSHIFT,"U(-1,1)",2048,7168,7168,128x128x32_cutlass_p1,84.730,84.170,85.500,84.756,2.4840,2.594e-04,3.975e-02,1.811e-02,5
INT8,LUT,"U(-1,1)",2048,7168,7168,64x128x32_cutlass_p1,65.460,64.570,66.530,65.502,3.2150,2.594e-04,3.975e-02,1.811e-02,5
INT8,BITSHIFT,"U(-1,1)",2048,7168,7168,64x128x32_cutlass_p1,64.790,63.700,65.910,64.778,3.2480,2.594e-04,3.975e-02,1.811e-02,5
INT8,LUT,"U(-1,1)",2048,7168,7168,128x64x32_cutlass_p1,64.470,62.680,65.760,64.268,3.2640,2.594e-04,3.975e-02,1.811e-02,5
INT8,BITSHIFT,"U(-1,1)",2048,7168,7168,128x64x32_cutlass_p1,64.440,64.190,64.750,64.410,3.2660,2.594e-04,3.975e-02,1.811e-02,5
INT8,LUT,"U(-1,1)",4096,7168,7168,16x64x32_w4,5.340,5.330,5.340,5.338,78.8370,2.594e-04,3.975e-02,1.873e-02,5
INT8,BITSHIFT,"U(-1,1)",4096,7168,7168,16x64x32_w4,3.310,3.300,3.320,3.312,127.0230,1.846e-04,2.949e-02,1.378e-02,5
INT8,LUT,"U(-1,1)",4096,7168,7168,16x128x32_w8,5.200,5.190,5.210,5.198,80.9190,2.594e-04,3.975e-02,1.873e-02,5
INT8,BITSHIFT,"U(-1,1)",4096,7168,7168,16x128x32_w8,3.690,3.690,3.700,3.692,114.1070,1.846e-04,2.949e-02,1.378e-02,5
INT8,LUT,"U(-1,1)",4096,7168,7168,16x128x32_w4f2,5.600,5.600,5.600,5.600,75.1650,2.594e-04,3.975e-02,1.873e-02,5
INT8,LUT,"U(-1,1)",4096,7168,7168,16x256x32_w4f4,3.820,3.820,3.820,3.820,110.2370,2.594e-04,3.975e-02,1.873e-02,5
INT8,LUT,"U(-1,1)",4096,7168,7168,128x64x32_w4_v1,12.390,12.390,12.400,12.394,33.9620,2.594e-04,3.975e-02,1.873e-02,5
INT8,LUT,"U(-1,1)",4096,7168,7168,128x128x32_w4_v1,9.680,9.660,9.680,9.674,43.4980,2.594e-04,3.975e-02,1.873e-02,5
INT8,LUT,"U(-1,1)",4096,7168,7168,128x256x32_w4_v1,5.610,5.610,5.620,5.614,74.9820,2.594e-04,3.975e-02,1.873e-02,5
INT8,LUT,"U(-1,1)",4096,7168,7168,128x256x32_w8_v1,10.400,10.390,10.400,10.398,40.4840,2.594e-04,3.975e-02,1.873e-02,5
INT8,LUT,"U(-1,1)",4096,7168,7168,64x64x32_w4_v1,10.100,9.990,10.260,10.128,41.6680,2.594e-04,3.975e-02,1.873e-02,5
INT8,LUT,"U(-1,1)",4096,7168,7168,64x128x32_w4_v1,9.200,9.200,9.210,9.202,45.7320,2.594e-04,3.975e-02,1.873e-02,5
INT8,LUT,"U(-1,1)",4096,7168,7168,128x64x32_w4_v2,16.120,16.080,16.150,16.120,26.1120,2.594e-04,3.975e-02,1.873e-02,5
INT8,LUT,"U(-1,1)",4096,7168,7168,128x128x32_w4_v2,18.160,18.160,18.190,18.170,23.1720,2.594e-04,3.975e-02,1.873e-02,5
INT8,LUT,"U(-1,1)",4096,7168,7168,128x256x32_w4_v2,10.370,10.360,10.410,10.380,40.5820,2.594e-04,3.975e-02,1.873e-02,5
INT8,LUT,"U(-1,1)",4096,7168,7168,128x256x32_w8_v2,21.440,21.430,21.450,21.438,19.6360,2.594e-04,3.975e-02,1.873e-02,5
INT8,LUT,"U(-1,1)",4096,7168,7168,64x64x32_w4_v2,16.390,16.380,16.400,16.392,25.6760,2.594e-04,3.975e-02,1.873e-02,5
INT8,LUT,"U(-1,1)",4096,7168,7168,64x128x32_w4_v2,21.730,21.620,21.780,21.708,19.3660,2.594e-04,3.975e-02,1.873e-02,5
INT8,LUT,"U(-1,1)",4096,7168,7168,128x64x32_w4_v3,22.380,22.370,22.380,22.378,18.8100,2.594e-04,3.975e-02,1.873e-02,5
INT8,LUT,"U(-1,1)",4096,7168,7168,128x128x32_w4_v3,27.450,27.430,27.510,27.460,15.3360,2.594e-04,3.975e-02,1.873e-02,5
INT8,LUT,"U(-1,1)",4096,7168,7168,64x64x32_w4_v3,19.830,19.800,19.990,19.854,21.2280,2.594e-04,3.975e-02,1.873e-02,5
INT8,LUT,"U(-1,1)",4096,7168,7168,64x128x32_w4_v3,28.530,28.390,28.580,28.510,14.7540,2.594e-04,3.975e-02,1.873e-02,5
INT8,LUT,"U(-1,1)",4096,7168,7168,32x128x32_w4_v3_b1,13.610,13.250,14.590,13.832,30.9300,2.594e-04,3.975e-02,1.873e-02,5
INT8,LUT,"U(-1,1)",4096,7168,7168,32x64x32_w4_v3_b1,11.610,11.590,11.630,11.610,36.2520,2.594e-04,3.975e-02,1.873e-02,5
INT8,LUT,"U(-1,1)",4096,7168,7168,32x256x32_w8_v3_b1,19.490,19.480,19.490,19.486,21.5960,2.594e-04,3.975e-02,1.873e-02,5
INT8,LUT,"U(-1,1)",4096,7168,7168,128x128x32_w8_v3_b1alt,21.450,21.450,21.460,21.452,19.6200,2.594e-04,3.975e-02,1.873e-02,5
INT8,LUT,"U(-1,1)",4096,7168,7168,64x128x32_w8_v3_b1alt,19.070,19.010,19.090,19.064,22.0720,2.594e-04,3.975e-02,1.873e-02,5
INT8,LUT,"U(-1,1)",4096,7168,7168,128x64x32_w4_v4,21.610,21.610,21.620,21.614,19.4730,2.594e-04,3.975e-02,1.873e-02,5
INT8,LUT,"U(-1,1)",4096,7168,7168,128x128x32_w4_v4,27.650,27.630,27.710,27.664,15.2200,2.594e-04,3.975e-02,1.873e-02,5
INT8,LUT,"U(-1,1)",4096,7168,7168,64x64x32_w4_v4,18.650,18.630,18.690,18.654,22.5670,2.594e-04,3.975e-02,1.873e-02,5
INT8,LUT,"U(-1,1)",4096,7168,7168,64x128x32_w4_v4,28.080,28.020,28.140,28.084,14.9910,2.594e-04,3.975e-02,1.873e-02,5
INT8,LUT,"U(-1,1)",4096,7168,7168,128x64x32_w4_v5,16.950,16.890,16.990,16.952,24.8270,2.594e-04,3.975e-02,1.873e-02,5
INT8,LUT,"U(-1,1)",4096,7168,7168,128x128x32_w4_v5,26.610,26.560,26.690,26.622,15.8160,2.594e-04,3.975e-02,1.873e-02,5
INT8,LUT,"U(-1,1)",4096,7168,7168,64x64x32_w4_v5,14.040,14.020,14.100,14.046,29.9800,2.594e-04,3.975e-02,1.873e-02,5
INT8,LUT,"U(-1,1)",4096,7168,7168,64x128x32_w4_v5,21.820,21.820,21.830,21.822,19.2880,2.594e-04,3.975e-02,1.873e-02,5
INT8,LUT,"U(-1,1)",4096,7168,7168,128x128x64_w4_v6,21.060,21.050,21.070,21.060,19.9880,2.594e-04,3.975e-02,1.873e-02,5
INT8,LUT,"U(-1,1)",4096,7168,7168,128x64x64_w4_v6,12.950,12.950,12.950,12.950,32.5060,2.594e-04,3.975e-02,1.873e-02,5
INT8,LUT,"U(-1,1)",4096,7168,7168,64x128x64_w4_v6,20.410,20.400,20.410,20.406,20.6260,2.594e-04,3.975e-02,1.873e-02,5
INT8,LUT,"U(-1,1)",4096,7168,7168,64x64x64_w4_v6,12.150,12.140,12.160,12.152,34.6390,2.594e-04,3.975e-02,1.873e-02,5
INT8,LUT,"U(-1,1)",4096,7168,7168,64x128x32_w4_v7,23.130,23.120,23.130,23.126,18.2000,2.594e-04,3.975e-02,1.873e-02,5
INT8,LUT,"U(-1,1)",4096,7168,7168,64x64x32_w4_v7,18.010,17.970,18.060,18.012,23.3750,2.594e-04,3.975e-02,1.873e-02,5
INT8,LUT,"U(-1,1)",4096,7168,7168,32x128x32_w4_v7,13.520,13.510,13.540,13.524,31.1260,2.594e-04,3.975e-02,1.873e-02,5
INT8,LUT,"U(-1,1)",4096,7168,7168,32x64x32_w4_v7,14.450,14.420,14.490,14.448,29.1360,2.594e-04,3.975e-02,1.873e-02,5
INT8,LUT,"U(-1,1)",4096,7168,7168,128x64x32_w4_v8,21.930,21.930,21.930,21.930,19.1930,5.468e-03,2.450e+00,6.234e-01,5
INT8,LUT,"U(-1,1)",4096,7168,7168,128x128x32_w4_v8,28.320,28.300,28.350,28.326,14.8620,5.468e-03,2.450e+00,6.234e-01,5
INT8,LUT,"U(-1,1)",4096,7168,7168,64x64x32_w4_v8,19.020,18.990,19.040,19.018,22.1260,5.468e-03,2.450e+00,6.234e-01,5
INT8,LUT,"U(-1,1)",4096,7168,7168,64x128x32_w4_v8,28.840,28.830,28.840,28.838,14.5950,5.468e-03,2.450e+00,6.234e-01,5
INT8,LUT,"U(-1,1)",4096,7168,7168,32x128x32_w4_v8,18.650,17.980,19.710,18.774,22.5710,5.468e-03,2.450e+00,6.234e-01,5
INT8,LUT,"U(-1,1)",4096,7168,7168,32x64x32_w4_v8,11.250,11.190,11.300,11.248,37.4050,5.468e-03,2.450e+00,6.234e-01,5
INT8,LUT,"U(-1,1)",4096,7168,7168,128x128x32_w4_v9_ck2,26.200,26.170,26.210,26.192,16.0660,7.073e-01,2.119e+02,9.372e+01,5
INT8,LUT,"U(-1,1)",4096,7168,7168,128x128x32_w4_v9_ck4,26.740,26.700,26.770,26.740,15.7400,7.074e-01,2.119e+02,9.373e+01,5
INT8,LUT,"U(-1,1)",4096,7168,7168,128x128x32_w4_v9_ck8,27.070,27.000,27.090,27.048,15.5500,7.076e-01,2.119e+02,9.378e+01,5
INT8,LUT,"U(-1,1)",4096,7168,7168,64x128x32_w4_v9_ck4,28.260,28.250,28.260,28.258,14.8950,7.074e-01,2.119e+02,9.373e+01,5
INT8,LUT,"U(-1,1)",4096,7168,7168,64x64x32_w4_v9_ck4,18.910,18.890,18.920,18.906,22.2580,7.074e-01,2.119e+02,9.373e+01,5
INT8,LUT,"U(-1,1)",4096,7168,7168,128x128x32_w4_v10,29.300,29.260,29.330,29.298,14.3640,2.594e-04,3.975e-02,1.873e-02,5
INT8,LUT,"U(-1,1)",4096,7168,7168,128x64x32_w4_v10,22.190,22.190,22.200,22.192,18.9650,2.594e-04,3.975e-02,1.873e-02,5
INT8,LUT,"U(-1,1)",4096,7168,7168,64x128x32_w4_v10,29.270,29.240,29.370,29.300,14.3800,2.594e-04,3.975e-02,1.873e-02,5
INT8,LUT,"U(-1,1)",4096,7168,7168,64x64x32_w4_v10,19.080,19.010,19.110,19.072,22.0610,2.594e-04,3.975e-02,1.873e-02,5
INT8,LUT,"U(-1,1)",4096,7168,7168,64x256x32_w8_v10,28.490,28.280,28.550,28.458,14.7760,2.594e-04,3.975e-02,1.873e-02,5
INT8,LUT,"U(-1,1)",4096,7168,7168,128x128x32_w4_v11,33.870,33.770,33.980,33.882,12.4280,2.594e-04,3.975e-02,1.873e-02,5
INT8,LUT,"U(-1,1)",4096,7168,7168,64x128x32_w4_v11,32.930,32.890,33.290,32.988,12.7820,2.594e-04,3.975e-02,1.873e-02,5
INT8,LUT,"U(-1,1)",4096,7168,7168,128x256x32_w8_v11,7.820,7.800,7.820,7.814,53.8260,2.594e-04,3.975e-02,1.873e-02,5
INT8,LUT,"U(-1,1)",4096,7168,7168,64x256x32_w8_v11,32.400,32.250,32.500,32.392,12.9930,2.594e-04,3.975e-02,1.873e-02,5
INT8,LUT,"U(-1,1)",4096,7168,7168,128x128x16_w4_v11,34.660,34.580,34.760,34.654,12.1440,2.594e-04,3.975e-02,1.873e-02,5
INT8,LUT,"U(-1,1)",4096,7168,7168,64x128x16_w4_v11,26.250,24.750,26.870,26.044,16.0350,2.594e-04,3.975e-02,1.873e-02,5
INT8,LUT,"U(-1,1)",4096,7168,7168,128x256x16_w8_v11,5.840,5.830,5.860,5.842,72.0960,2.594e-04,3.975e-02,1.873e-02,5
INT8,LUT,"U(-1,1)",4096,7168,7168,64x256x16_w8_v11,28.880,23.850,28.980,27.464,14.5730,2.594e-04,3.975e-02,1.873e-02,5
INT8,LUT,"U(-1,1)",4096,7168,7168,64x256x16_w4f4_v11,29.760,29.320,29.850,29.690,14.1440,2.594e-04,3.975e-02,1.873e-02,5
INT8,LUT,"U(-1,1)",4096,7168,7168,128x256x16_w4f4_v11,9.470,9.420,9.520,9.464,44.4690,2.594e-04,3.975e-02,1.873e-02,5
INT8,LUT,"U(-1,1)",4096,7168,7168,32x128x16_w4_v11,15.690,14.610,16.860,15.710,26.8230,2.594e-04,3.975e-02,1.873e-02,5
INT8,LUT,"U(-1,1)",4096,7168,7168,32x256x16_w8_v11,22.360,22.180,22.410,22.330,18.8240,2.594e-04,3.975e-02,1.873e-02,5
INT8,LUT,"U(-1,1)",4096,7168,7168,32x128x32_w4_v11,11.660,11.570,11.880,11.724,36.0940,2.594e-04,3.975e-02,1.873e-02,5
INT8,LUT,"U(-1,1)",4096,7168,7168,192x128x16_w4_v11,33.020,32.960,33.170,33.044,12.7470,2.594e-04,3.975e-02,1.873e-02,5
INT8,LUT,"U(-1,1)",4096,7168,7168,256x128x16_w4_v11,9.850,9.840,9.900,9.858,42.7160,2.594e-04,3.975e-02,1.873e-02,5
INT8,LUT,"U(-1,1)",4096,7168,7168,64x128x16_w2f4_v11,34.250,34.120,34.720,34.326,12.2900,2.594e-04,3.975e-02,1.873e-02,5
INT8,LUT,"U(-1,1)",4096,7168,7168,64x128x32_w2f4_v11,19.050,18.800,19.740,19.144,22.0920,2.594e-04,3.975e-02,1.873e-02,5
INT8,LUT,"U(-1,1)",4096,7168,7168,32x128x16_w2f4_v11,4.730,4.650,4.780,4.714,88.9110,2.594e-04,3.975e-02,1.873e-02,5
INT8,LUT,"U(-1,1)",4096,7168,7168,128x128x32_w4_v10s_ks1,28.880,28.820,28.930,28.868,14.5760,2.594e-04,3.975e-02,1.873e-02,5
INT8,LUT,"U(-1,1)",4096,7168,7168,128x128x32_w4_v10s_ks2,29.130,29.110,29.170,29.136,14.4520,2.594e-04,3.972e-02,1.874e-02,5
INT8,LUT,"U(-1,1)",4096,7168,7168,128x128x32_w4_v10s_ks4,28.570,28.510,28.620,28.558,14.7340,2.594e-04,3.973e-02,1.876e-02,5
INT8,LUT,"U(-1,1)",4096,7168,7168,128x128x32_w4_v10s_ks8,26.180,26.110,26.200,26.162,16.0760,2.594e-04,3.973e-02,1.880e-02,5
INT8,LUT,"U(-1,1)",4096,7168,7168,64x128x32_w4_v10s_ks2,28.350,28.170,28.370,28.314,14.8460,2.594e-04,3.972e-02,1.874e-02,5
INT8,LUT,"U(-1,1)",4096,7168,7168,64x128x32_w4_v10s_ks4,27.100,26.990,27.160,27.088,15.5290,2.594e-04,3.973e-02,1.876e-02,5
INT8,LUT,"U(-1,1)",4096,7168,7168,64x128x32_w4_v10s_ks8,25.210,25.060,25.260,25.182,16.6940,2.594e-04,3.973e-02,1.880e-02,5
INT8,LUT,"U(-1,1)",4096,7168,7168,64x64x32_w4_v10s_ks2,18.590,18.540,18.660,18.596,22.6420,2.594e-04,3.972e-02,1.874e-02,5
INT8,LUT,"U(-1,1)",4096,7168,7168,64x64x32_w4_v10s_ks4,18.780,18.760,18.950,18.840,22.4110,2.594e-04,3.973e-02,1.876e-02,5
INT8,LUT,"U(-1,1)",4096,7168,7168,64x64x32_w4_v10s_ks8,18.350,18.350,18.370,18.358,22.9360,2.594e-04,3.973e-02,1.880e-02,5
INT8,LUT,"U(-1,1)",4096,7168,7168,64x256x32_w8_v10s_ks2,28.450,28.280,28.550,28.448,14.7920,2.594e-04,3.972e-02,1.874e-02,5
INT8,LUT,"U(-1,1)",4096,7168,7168,64x256x32_w8_v10s_ks4,28.000,27.910,28.190,28.034,15.0340,2.594e-04,3.973e-02,1.876e-02,5
INT8,LUT,"U(-1,1)",4096,7168,7168,128x128x32_cutlass_p1,83.040,81.690,83.550,82.898,5.0690,2.594e-04,3.975e-02,1.873e-02,5
INT8,BITSHIFT,"U(-1,1)",4096,7168,7168,128x128x32_cutlass_p1,82.560,80.820,83.140,82.284,5.0980,2.594e-04,3.975e-02,1.873e-02,5
INT8,LUT,"U(-1,1)",4096,7168,7168,64x128x32_cutlass_p1,65.510,65.040,65.930,65.462,6.4250,2.594e-04,3.975e-02,1.873e-02,5
INT8,BITSHIFT,"U(-1,1)",4096,7168,7168,64x128x32_cutlass_p1,65.300,65.130,65.450,65.296,6.4450,2.594e-04,3.975e-02,1.873e-02,5
INT8,LUT,"U(-1,1)",4096,7168,7168,128x64x32_cutlass_p1,52.670,40.060,64.420,50.900,7.9920,2.594e-04,3.975e-02,1.873e-02,5
INT8,BITSHIFT,"U(-1,1)",4096,7168,7168,128x64x32_cutlass_p1,44.900,39.890,62.630,47.326,9.3740,2.594e-04,3.975e-02,1.873e-02,5
INT4,LUT,"U(-1,1)",1,7168,7168,16x64x32_w4,0.060,0.060,0.070,0.062,1.6190,2.533e-04,2.849e-02,1.838e-02,5
INT4,BITSHIFT,"U(-1,1)",1,7168,7168,16x64x32_w4,0.130,0.120,0.130,0.128,0.7970,1.821e-04,1.886e-02,1.284e-02,5
INT4,LUT,"U(-1,1)",1,7168,7168,16x128x32_w8,0.070,0.070,0.070,0.070,1.5080,2.533e-04,2.849e-02,1.838e-02,5
INT4,BITSHIFT,"U(-1,1)",1,7168,7168,16x128x32_w8,0.130,0.120,0.130,0.128,0.8010,1.821e-04,1.886e-02,1.284e-02,5
INT4,LUT,"U(-1,1)",1,7168,7168,128x64x32_w4_v2,0.070,0.060,0.070,0.068,1.5240,2.533e-04,2.849e-02,1.838e-02,5
INT4,LUT,"U(-1,1)",1,7168,7168,64x64x32_w4_v2,0.110,0.110,0.120,0.112,0.9150,2.533e-04,2.849e-02,1.838e-02,5
INT4,LUT,"U(-1,1)",1,7168,7168,128x64x32_w4_v3,0.070,0.070,0.070,0.070,1.4490,2.533e-04,2.849e-02,1.838e-02,5
INT4,LUT,"U(-1,1)",1,7168,7168,64x64x32_w4_v3,0.100,0.100,0.100,0.100,1.0170,2.533e-04,2.849e-02,1.838e-02,5
INT4,LUT,"U(-1,1)",1,7168,7168,32x64x32_w4_v3_b1,0.110,0.110,0.120,0.112,0.9070,2.533e-04,2.849e-02,1.838e-02,5
INT4,LUT,"U(-1,1)",1,7168,7168,128x64x32_w4_v4,0.070,0.070,0.070,0.070,1.4380,2.533e-04,2.849e-02,1.838e-02,5
INT4,LUT,"U(-1,1)",1,7168,7168,64x64x32_w4_v4,0.090,0.090,0.100,0.094,1.0830,2.533e-04,2.849e-02,1.838e-02,5
INT4,LUT,"U(-1,1)",1,7168,7168,128x64x32_w4_v5,0.070,0.070,0.070,0.070,1.3930,2.533e-04,2.849e-02,1.838e-02,5
INT4,LUT,"U(-1,1)",1,7168,7168,64x64x32_w4_v5,0.100,0.100,0.100,0.100,1.0120,2.533e-04,2.849e-02,1.838e-02,5
INT4,LUT,"U(-1,1)",1,7168,7168,128x64x32_w4_v3s_ks2,0.130,0.120,0.130,0.128,0.8060,2.533e-04,2.846e-02,1.843e-02,5
INT4,LUT,"U(-1,1)",1,7168,7168,128x64x32_w4_v3s_ks4,0.130,0.120,0.130,0.128,0.8090,2.533e-04,2.840e-02,1.841e-02,5
INT4,LUT,"U(-1,1)",1,7168,7168,64x64x32_w4_v3s_ks2,0.180,0.170,0.180,0.178,0.5670,2.533e-04,2.846e-02,1.843e-02,5
INT4,LUT,"U(-1,1)",1,7168,7168,64x64x32_w4_v3s_ks4,0.140,0.140,0.140,0.140,0.7260,2.533e-04,2.840e-02,1.841e-02,5
INT4,LUT,"U(-1,1)",1,7168,7168,64x64x32_w4_v3s_ks8,0.190,0.180,0.190,0.188,0.5490,2.533e-04,2.840e-02,1.841e-02,5
INT4,LUT,"U(-1,1)",8,7168,7168,16x64x32_w4,0.610,0.610,0.620,0.614,1.3380,2.574e-04,3.204e-02,1.856e-02,5
INT4,BITSHIFT,"U(-1,1)",8,7168,7168,16x64x32_w4,0.940,0.940,0.940,0.940,0.8730,1.891e-04,2.484e-02,1.351e-02,5
INT4,LUT,"U(-1,1)",8,7168,7168,16x128x32_w8,0.590,0.580,0.590,0.588,1.4010,2.574e-04,3.204e-02,1.856e-02,5
INT4,BITSHIFT,"U(-1,1)",8,7168,7168,16x128x32_w8,0.930,0.930,0.940,0.932,0.8800,1.891e-04,2.484e-02,1.351e-02,5
INT4,LUT,"U(-1,1)",8,7168,7168,128x64x32_w4_v2,0.600,0.600,0.600,0.600,1.3720,2.574e-04,3.204e-02,1.856e-02,5
INT4,LUT,"U(-1,1)",8,7168,7168,64x64x32_w4_v2,0.920,0.920,0.920,0.920,0.8930,2.574e-04,3.204e-02,1.856e-02,5
INT4,LUT,"U(-1,1)",8,7168,7168,128x64x32_w4_v3,0.610,0.610,0.610,0.610,1.3510,2.574e-04,3.204e-02,1.856e-02,5
INT4,LUT,"U(-1,1)",8,7168,7168,64x64x32_w4_v3,0.840,0.840,0.840,0.840,0.9810,2.574e-04,3.204e-02,1.856e-02,5
INT4,LUT,"U(-1,1)",8,7168,7168,32x64x32_w4_v3_b1,0.940,0.940,0.940,0.940,0.8770,2.574e-04,3.204e-02,1.856e-02,5
INT4,LUT,"U(-1,1)",8,7168,7168,128x64x32_w4_v4,0.610,0.610,0.610,0.610,1.3510,2.574e-04,3.204e-02,1.856e-02,5
INT4,LUT,"U(-1,1)",8,7168,7168,64x64x32_w4_v4,0.810,0.810,0.810,0.810,1.0110,2.574e-04,3.204e-02,1.856e-02,5
INT4,LUT,"U(-1,1)",8,7168,7168,128x64x32_w4_v5,0.600,0.600,0.610,0.602,1.3600,2.574e-04,3.204e-02,1.856e-02,5
INT4,LUT,"U(-1,1)",8,7168,7168,64x64x32_w4_v5,0.830,0.830,0.830,0.830,0.9930,2.574e-04,3.204e-02,1.856e-02,5
INT4,LUT,"U(-1,1)",8,7168,7168,128x64x32_w4_v3s_ks2,1.030,1.020,1.030,1.028,0.7990,2.574e-04,3.213e-02,1.858e-02,5
INT4,LUT,"U(-1,1)",8,7168,7168,128x64x32_w4_v3s_ks4,1.030,1.030,1.030,1.030,0.8000,2.574e-04,3.213e-02,1.856e-02,5
INT4,LUT,"U(-1,1)",8,7168,7168,64x64x32_w4_v3s_ks2,1.460,1.450,1.460,1.458,0.5650,2.574e-04,3.213e-02,1.858e-02,5
INT4,LUT,"U(-1,1)",8,7168,7168,64x64x32_w4_v3s_ks4,1.140,1.120,1.140,1.134,0.7210,2.574e-04,3.213e-02,1.856e-02,5
INT4,LUT,"U(-1,1)",8,7168,7168,64x64x32_w4_v3s_ks8,1.500,1.490,1.500,1.496,0.5480,2.574e-04,3.212e-02,1.856e-02,5
INT4,LUT,"U(-1,1)",32,7168,7168,16x64x32_w4,2.330,2.330,2.330,2.330,1.4110,2.561e-04,3.464e-02,1.872e-02,5
INT4,BITSHIFT,"U(-1,1)",32,7168,7168,16x64x32_w4,2.860,2.850,2.860,2.858,1.1510,1.870e-04,2.487e-02,1.387e-02,5
INT4,LUT,"U(-1,1)",32,7168,7168,16x128x32_w8,2.210,2.210,2.210,2.210,1.4870,2.561e-04,3.464e-02,1.872e-02,5
INT4,BITSHIFT,"U(-1,1)",32,7168,7168,16x128x32_w8,2.270,2.270,2.270,2.270,1.4480,1.870e-04,2.487e-02,1.387e-02,5
INT4,LUT,"U(-1,1)",32,7168,7168,128x64x32_w4_v2,2.360,2.360,2.370,2.362,1.3910,2.561e-04,3.464e-02,1.872e-02,5
INT4,LUT,"U(-1,1)",32,7168,7168,64x64x32_w4_v2,3.380,3.380,3.390,3.382,0.9730,2.561e-04,3.464e-02,1.872e-02,5
INT4,LUT,"U(-1,1)",32,7168,7168,128x64x32_w4_v3,2.400,2.400,2.400,2.400,1.3720,2.561e-04,3.464e-02,1.872e-02,5
INT4,LUT,"U(-1,1)",32,7168,7168,64x64x32_w4_v3,3.050,3.050,3.080,3.060,1.0770,2.561e-04,3.464e-02,1.872e-02,5
INT4,LUT,"U(-1,1)",32,7168,7168,32x64x32_w4_v3_b1,3.450,3.450,3.460,3.454,0.9520,2.561e-04,3.464e-02,1.872e-02,5
INT4,LUT,"U(-1,1)",32,7168,7168,128x64x32_w4_v4,2.400,2.390,2.400,2.398,1.3720,2.561e-04,3.464e-02,1.872e-02,5
INT4,LUT,"U(-1,1)",32,7168,7168,64x64x32_w4_v4,3.200,3.200,3.210,3.204,1.0260,2.561e-04,3.464e-02,1.872e-02,5
INT4,LUT,"U(-1,1)",32,7168,7168,128x64x32_w4_v5,2.390,2.390,2.390,2.390,1.3750,2.561e-04,3.464e-02,1.872e-02,5
INT4,LUT,"U(-1,1)",32,7168,7168,64x64x32_w4_v5,3.250,3.250,3.250,3.250,1.0120,2.561e-04,3.464e-02,1.872e-02,5
INT4,LUT,"U(-1,1)",32,7168,7168,128x64x32_w4_v3s_ks2,4.050,4.050,4.070,4.054,0.8120,2.561e-04,3.464e-02,1.872e-02,5
INT4,LUT,"U(-1,1)",32,7168,7168,128x64x32_w4_v3s_ks4,4.060,4.060,4.070,4.062,0.8090,2.561e-04,3.464e-02,1.871e-02,5
INT4,LUT,"U(-1,1)",32,7168,7168,64x64x32_w4_v3s_ks2,5.610,5.600,5.640,5.620,0.5860,2.561e-04,3.464e-02,1.872e-02,5
INT4,LUT,"U(-1,1)",32,7168,7168,64x64x32_w4_v3s_ks4,4.460,4.380,4.470,4.438,0.7380,2.561e-04,3.464e-02,1.871e-02,5
INT4,LUT,"U(-1,1)",32,7168,7168,64x64x32_w4_v3s_ks8,5.730,5.710,5.740,5.728,0.5740,2.561e-04,3.464e-02,1.872e-02,5
INT4,LUT,"U(-1,1)",64,7168,7168,16x64x32_w4,4.200,4.200,4.200,4.200,1.5650,2.561e-04,3.466e-02,1.871e-02,5
INT4,BITSHIFT,"U(-1,1)",64,7168,7168,16x64x32_w4,3.610,3.610,3.620,3.612,1.8210,1.865e-04,2.489e-02,1.371e-02,5
INT4,LUT,"U(-1,1)",64,7168,7168,16x128x32_w8,4.090,4.070,4.090,4.084,1.6090,2.561e-04,3.466e-02,1.871e-02,5
INT4,BITSHIFT,"U(-1,1)",64,7168,7168,16x128x32_w8,3.480,3.460,3.480,3.476,1.8890,1.865e-04,2.489e-02,1.371e-02,5
INT4,LUT,"U(-1,1)",64,7168,7168,128x64x32_w4_v2,4.660,4.630,4.670,4.656,1.4100,2.561e-04,3.466e-02,1.871e-02,5
INT4,LUT,"U(-1,1)",64,7168,7168,64x64x32_w4_v2,6.500,6.460,6.510,6.494,1.0120,2.561e-04,3.466e-02,1.871e-02,5
INT4,LUT,"U(-1,1)",64,7168,7168,128x64x32_w4_v3,4.730,4.700,4.740,4.726,1.3900,2.561e-04,3.466e-02,1.871e-02,5
INT4,LUT,"U(-1,1)",64,7168,7168,64x64x32_w4_v3,6.200,6.170,6.220,6.198,1.0610,2.561e-04,3.466e-02,1.871e-02,5
INT4,LUT,"U(-1,1)",64,7168,7168,32x64x32_w4_v3_b1,6.840,6.780,6.850,6.828,0.9620,2.561e-04,3.466e-02,1.871e-02,5
INT4,LUT,"U(-1,1)",64,7168,7168,128x64x32_w4_v4,4.750,4.720,4.750,4.744,1.3840,2.561e-04,3.466e-02,1.871e-02,5
INT4,LUT,"U(-1,1)",64,7168,7168,64x64x32_w4_v4,6.260,6.220,6.270,6.256,1.0510,2.561e-04,3.466e-02,1.871e-02,5
INT4,LUT,"U(-1,1)",64,7168,7168,128x64x32_w4_v5,4.730,4.690,4.730,4.720,1.3920,2.561e-04,3.466e-02,1.871e-02,5
INT4,LUT,"U(-1,1)",64,7168,7168,64x64x32_w4_v5,6.360,6.330,6.370,6.354,1.0350,2.561e-04,3.466e-02,1.871e-02,5
INT4,LUT,"U(-1,1)",64,7168,7168,128x64x32_w4_v3s_ks2,7.960,7.880,7.990,7.948,0.8260,2.561e-04,3.466e-02,1.868e-02,5
INT4,LUT,"U(-1,1)",64,7168,7168,128x64x32_w4_v3s_ks4,7.950,7.930,8.000,7.964,0.8270,2.561e-04,3.465e-02,1.869e-02,5
INT4,LUT,"U(-1,1)",64,7168,7168,64x64x32_w4_v3s_ks2,11.030,10.930,11.150,11.034,0.5960,2.561e-04,3.466e-02,1.868e-02,5
INT4,LUT,"U(-1,1)",64,7168,7168,64x64x32_w4_v3s_ks4,8.580,8.510,8.710,8.594,0.7670,2.561e-04,3.465e-02,1.869e-02,5
INT4,LUT,"U(-1,1)",64,7168,7168,64x64x32_w4_v3s_ks8,11.040,11.000,11.090,11.044,0.5960,2.561e-04,3.466e-02,1.867e-02,5
INT4,LUT,"U(-1,1)",256,7168,7168,16x64x32_w4,4.980,4.970,4.980,4.976,5.2850,2.557e-04,3.903e-02,1.841e-02,5
INT4,BITSHIFT,"U(-1,1)",256,7168,7168,16x64x32_w4,3.500,3.480,3.520,3.500,7.5180,1.863e-04,2.604e-02,1.333e-02,5
INT4,LUT,"U(-1,1)",256,7168,7168,16x128x32_w8,4.760,4.730,4.830,4.770,5.5300,2.557e-04,3.903e-02,1.841e-02,5
INT4,BITSHIFT,"U(-1,1)",256,7168,7168,16x128x32_w8,3.430,3.360,3.450,3.406,7.6670,1.863e-04,2.604e-02,1.333e-02,5
INT4,LUT,"U(-1,1)",256,7168,7168,128x64x32_w4_v2,16.120,15.810,16.240,16.024,1.6320,2.557e-04,3.903e-02,1.841e-02,5
INT4,LUT,"U(-1,1)",256,7168,7168,64x64x32_w4_v2,10.630,10.450,10.690,10.580,2.4750,2.557e-04,3.903e-02,1.841e-02,5
INT4,LUT,"U(-1,1)",256,7168,7168,128x64x32_w4_v3,16.280,16.220,16.350,16.292,1.6160,2.557e-04,3.903e-02,1.841e-02,5
INT4,LUT,"U(-1,1)",256,7168,7168,64x64x32_w4_v3,10.810,10.790,10.890,10.832,2.4350,2.557e-04,3.903e-02,1.841e-02,5
INT4,LUT,"U(-1,1)",256,7168,7168,32x64x32_w4_v3_b1,11.900,11.890,11.900,11.898,2.2110,2.557e-04,3.903e-02,1.841e-02,5
INT4,LUT,"U(-1,1)",256,7168,7168,128x64x32_w4_v4,16.230,16.220,16.260,16.238,1.6210,2.557e-04,3.903e-02,1.841e-02,5
INT4,LUT,"U(-1,1)",256,7168,7168,64x64x32_w4_v4,10.750,10.720,10.820,10.758,2.4480,2.557e-04,3.903e-02,1.841e-02,5
INT4,LUT,"U(-1,1)",256,7168,7168,128x64x32_w4_v5,9.670,9.650,9.700,9.670,2.7210,2.557e-04,3.903e-02,1.841e-02,5
INT4,LUT,"U(-1,1)",256,7168,7168,64x64x32_w4_v5,8.680,8.650,8.710,8.678,3.0290,2.557e-04,3.903e-02,1.841e-02,5
INT4,LUT,"U(-1,1)",256,7168,7168,128x64x32_w4_v3s_ks2,16.150,16.130,16.160,16.150,1.6290,2.557e-04,3.905e-02,1.843e-02,5
INT4,LUT,"U(-1,1)",256,7168,7168,128x64x32_w4_v3s_ks4,15.900,15.860,15.920,15.896,1.6550,2.557e-04,3.903e-02,1.847e-02,5
INT4,LUT,"U(-1,1)",256,7168,7168,64x64x32_w4_v3s_ks2,12.750,12.730,12.910,12.784,2.0640,2.557e-04,3.905e-02,1.843e-02,5
INT4,LUT,"U(-1,1)",256,7168,7168,64x64x32_w4_v3s_ks4,15.040,15.030,15.140,15.066,1.7490,2.557e-04,3.903e-02,1.847e-02,5
INT4,LUT,"U(-1,1)",256,7168,7168,64x64x32_w4_v3s_ks8,15.640,15.590,15.670,15.634,1.6820,2.557e-04,3.903e-02,1.846e-02,5
INT4,LUT,"U(-1,1)",1024,7168,7168,16x64x32_w4,4.960,4.950,4.970,4.958,21.2190,2.556e-04,3.902e-02,1.859e-02,5
INT4,BITSHIFT,"U(-1,1)",1024,7168,7168,16x64x32_w4,3.640,3.630,3.660,3.644,28.8730,1.860e-04,2.781e-02,1.388e-02,5
INT4,LUT,"U(-1,1)",1024,7168,7168,16x128x32_w8,4.750,4.720,4.840,4.770,22.1760,2.556e-04,3.902e-02,1.859e-02,5
INT4,BITSHIFT,"U(-1,1)",1024,7168,7168,16x128x32_w8,3.640,3.610,3.640,3.634,28.9350,1.860e-04,2.781e-02,1.388e-02,5
INT4,LUT,"U(-1,1)",1024,7168,7168,128x64x32_w4_v2,18.640,18.600,18.750,18.654,5.6440,2.556e-04,3.902e-02,1.859e-02,5
INT4,LUT,"U(-1,1)",1024,7168,7168,64x64x32_w4_v2,14.460,14.360,14.490,14.432,7.2760,2.556e-04,3.902e-02,1.859e-02,5
INT4,LUT,"U(-1,1)",1024,7168,7168,128x64x32_w4_v3,16.430,16.310,16.540,16.432,6.4040,2.556e-04,3.902e-02,1.859e-02,5
INT4,LUT,"U(-1,1)",1024,7168,7168,64x64x32_w4_v3,15.820,15.800,15.860,15.822,6.6530,2.556e-04,3.902e-02,1.859e-02,5
INT4,LUT,"U(-1,1)",1024,7168,7168,32x64x32_w4_v3_b1,12.000,11.980,12.010,11.998,8.7710,2.556e-04,3.902e-02,1.859e-02,5
INT4,LUT,"U(-1,1)",1024,7168,7168,128x64x32_w4_v4,16.480,16.470,16.500,16.482,6.3850,2.556e-04,3.902e-02,1.859e-02,5
INT4,LUT,"U(-1,1)",1024,7168,7168,64x64x32_w4_v4,15.260,15.210,15.300,15.252,6.8940,2.556e-04,3.902e-02,1.859e-02,5
INT4,LUT,"U(-1,1)",1024,7168,7168,128x64x32_w4_v5,11.840,11.820,11.850,11.838,8.8860,2.556e-04,3.902e-02,1.859e-02,5
INT4,LUT,"U(-1,1)",1024,7168,7168,64x64x32_w4_v5,8.720,8.690,8.720,8.710,12.0720,2.556e-04,3.902e-02,1.859e-02,5
INT4,LUT,"U(-1,1)",1024,7168,7168,128x64x32_w4_v3s_ks2,16.300,16.300,16.310,16.304,6.4540,2.556e-04,3.904e-02,1.859e-02,5
INT4,LUT,"U(-1,1)",1024,7168,7168,128x64x32_w4_v3s_ks4,16.920,16.910,16.930,16.918,6.2190,2.556e-04,3.903e-02,1.857e-02,5
INT4,LUT,"U(-1,1)",1024,7168,7168,64x64x32_w4_v3s_ks2,17.290,17.290,17.300,17.294,6.0850,2.556e-04,3.904e-02,1.859e-02,5
INT4,LUT,"U(-1,1)",1024,7168,7168,64x64x32_w4_v3s_ks4,16.820,16.810,16.830,16.820,6.2580,2.556e-04,3.903e-02,1.857e-02,5
INT4,LUT,"U(-1,1)",1024,7168,7168,64x64x32_w4_v3s_ks8,16.140,16.140,16.160,16.144,6.5200,2.556e-04,3.902e-02,1.860e-02,5
INT4,LUT,"U(-1,1)",2048,7168,7168,16x64x32_w4,5.160,5.160,5.160,5.160,40.7890,2.555e-04,3.901e-02,1.858e-02,5
INT4,BITSHIFT,"U(-1,1)",2048,7168,7168,16x64x32_w4,3.660,3.660,3.660,3.660,57.4780,1.860e-04,2.781e-02,1.348e-02,5
INT4,LUT,"U(-1,1)",2048,7168,7168,16x128x32_w8,5.080,5.060,5.090,5.080,41.4100,2.555e-04,3.901e-02,1.858e-02,5
INT4,BITSHIFT,"U(-1,1)",2048,7168,7168,16x128x32_w8,3.640,3.640,3.640,3.640,57.8730,1.860e-04,2.781e-02,1.348e-02,5
INT4,LUT,"U(-1,1)",2048,7168,7168,128x64x32_w4_v2,18.690,18.600,18.940,18.738,11.2580,2.555e-04,3.901e-02,1.858e-02,5
INT4,LUT,"U(-1,1)",2048,7168,7168,64x64x32_w4_v2,14.630,14.620,14.680,14.642,14.3860,2.555e-04,3.901e-02,1.858e-02,5
INT4,LUT,"U(-1,1)",2048,7168,7168,128x64x32_w4_v3,16.630,16.620,16.640,16.630,12.6570,2.555e-04,3.901e-02,1.858e-02,5
INT4,LUT,"U(-1,1)",2048,7168,7168,64x64x32_w4_v3,17.790,17.760,17.800,17.788,11.8270,2.555e-04,3.901e-02,1.858e-02,5
INT4,LUT,"U(-1,1)",2048,7168,7168,32x64x32_w4_v3_b1,12.560,12.560,12.590,12.566,16.7520,2.555e-04,3.901e-02,1.858e-02,5
INT4,LUT,"U(-1,1)",2048,7168,7168,128x64x32_w4_v4,16.440,16.430,16.450,16.442,12.8010,2.555e-04,3.901e-02,1.858e-02,5
INT4,LUT,"U(-1,1)",2048,7168,7168,64x64x32_w4_v4,16.890,16.830,16.920,16.888,12.4590,2.555e-04,3.901e-02,1.858e-02,5
INT4,LUT,"U(-1,1)",2048,7168,7168,128x64x32_w4_v5,11.920,11.910,11.920,11.916,17.6620,2.555e-04,3.901e-02,1.858e-02,5
INT4,LUT,"U(-1,1)",2048,7168,7168,64x64x32_w4_v5,8.940,8.930,8.940,8.938,23.5490,2.555e-04,3.901e-02,1.858e-02,5
INT4,LUT,"U(-1,1)",2048,7168,7168,128x64x32_w4_v3s_ks2,17.420,17.420,17.430,17.422,12.0790,2.555e-04,3.903e-02,1.854e-02,5
INT4,LUT,"U(-1,1)",2048,7168,7168,128x64x32_w4_v3s_ks4,16.940,16.940,16.940,16.940,12.4260,2.555e-04,3.901e-02,1.852e-02,5
INT4,LUT,"U(-1,1)",2048,7168,7168,64x64x32_w4_v3s_ks2,17.370,17.370,17.380,17.374,12.1130,2.555e-04,3.903e-02,1.854e-02,5
INT4,LUT,"U(-1,1)",2048,7168,7168,64x64x32_w4_v3s_ks4,16.860,16.820,16.890,16.858,12.4830,2.555e-04,3.901e-02,1.852e-02,5
INT4,LUT,"U(-1,1)",2048,7168,7168,64x64x32_w4_v3s_ks8,16.290,16.280,16.290,16.288,12.9210,2.555e-04,3.901e-02,1.852e-02,5
INT4,LUT,"U(-1,1)",4096,7168,7168,16x64x32_w4,5.200,5.200,5.240,5.214,80.8860,2.555e-04,4.047e-02,1.868e-02,5
INT4,BITSHIFT,"U(-1,1)",4096,7168,7168,16x64x32_w4,3.660,3.660,3.660,3.660,114.9600,1.860e-04,2.995e-02,1.398e-02,5
INT4,LUT,"U(-1,1)",4096,7168,7168,16x128x32_w8,5.200,5.200,5.200,5.200,80.8980,2.555e-04,4.047e-02,1.868e-02,5
INT4,BITSHIFT,"U(-1,1)",4096,7168,7168,16x128x32_w8,3.640,3.640,3.640,3.640,115.7420,1.860e-04,2.995e-02,1.398e-02,5
INT4,LUT,"U(-1,1)",4096,7168,7168,128x64x32_w4_v2,18.960,18.860,19.080,18.968,22.2050,2.555e-04,4.047e-02,1.868e-02,5
INT4,LUT,"U(-1,1)",4096,7168,7168,64x64x32_w4_v2,15.330,15.320,15.330,15.326,27.4620,2.555e-04,4.047e-02,1.868e-02,5
INT4,LUT,"U(-1,1)",4096,7168,7168,128x64x32_w4_v3,17.820,17.820,17.820,17.820,23.6160,2.555e-04,4.047e-02,1.868e-02,5
INT4,LUT,"U(-1,1)",4096,7168,7168,64x64x32_w4_v3,17.700,17.690,17.730,17.706,23.7850,2.555e-04,4.047e-02,1.868e-02,5
INT4,LUT,"U(-1,1)",4096,7168,7168,32x64x32_w4_v3_b1,12.550,12.500,12.570,12.538,33.5350,2.555e-04,4.047e-02,1.868e-02,5
INT4,LUT,"U(-1,1)",4096,7168,7168,128x64x32_w4_v4,17.680,17.640,17.720,17.684,23.8040,2.555e-04,4.047e-02,1.868e-02,5
INT4,LUT,"U(-1,1)",4096,7168,7168,64x64x32_w4_v4,16.930,16.920,16.930,16.928,24.8650,2.555e-04,4.047e-02,1.868e-02,5
INT4,LUT,"U(-1,1)",4096,7168,7168,128x64x32_w4_v5,12.110,12.090,12.120,12.104,34.7690,2.555e-04,4.047e-02,1.868e-02,5
INT4,LUT,"U(-1,1)",4096,7168,7168,64x64x32_w4_v5,8.950,8.950,8.950,8.950,47.0160,2.555e-04,4.047e-02,1.868e-02,5
INT4,LUT,"U(-1,1)",4096,7168,7168,128x64x32_w4_v3s_ks2,17.450,17.450,17.450,17.450,24.1190,2.555e-04,4.048e-02,1.872e-02,5
INT4,LUT,"U(-1,1)",4096,7168,7168,128x64x32_w4_v3s_ks4,16.970,16.970,16.980,16.974,24.7960,2.555e-04,4.046e-02,1.870e-02,5
INT4,LUT,"U(-1,1)",4096,7168,7168,64x64x32_w4_v3s_ks2,17.380,17.310,17.380,17.364,24.2250,2.555e-04,4.048e-02,1.872e-02,5
INT4,LUT,"U(-1,1)",4096,7168,7168,64x64x32_w4_v3s_ks4,16.700,16.550,16.730,16.662,25.2080,2.555e-04,4.046e-02,1.870e-02,5
INT4,LUT,"U(-1,1)",4096,7168,7168,64x64x32_w4_v3s_ks8,16.290,16.200,16.300,16.276,25.8330,2.555e-04,4.048e-02,1.873e-02,5
MXFP4,LUT,"U(-1,1)",1,7168,7168,16x64x32_w4,0.070,0.070,0.070,0.070,1.4210,1.828e-04,1.681e-02,1.181e-02,5
MXFP4,BITSHIFT,"U(-1,1)",1,7168,7168,16x64x32_w4,0.060,0.060,0.070,0.062,1.5820,1.828e-04,1.681e-02,1.181e-02,5
MXFP4,LUT,"U(-1,1)",1,7168,7168,16x128x32_w8,0.070,0.070,0.070,0.070,1.3940,1.828e-04,1.681e-02,1.181e-02,5
MXFP4,BITSHIFT,"U(-1,1)",1,7168,7168,16x128x32_w8,0.060,0.060,0.060,0.060,1.6260,1.828e-04,1.681e-02,1.181e-02,5
MXFP4,LUT,"U(-1,1)",1,7168,7168,128x64x32_w4_v2,0.070,0.070,0.070,0.070,1.4380,1.828e-04,1.681e-02,1.181e-02,5
MXFP4,LUT,"U(-1,1)",1,7168,7168,64x64x32_w4_v2,0.100,0.100,0.100,0.100,1.0250,1.828e-04,1.681e-02,1.181e-02,5
MXFP4,LUT,"U(-1,1)",1,7168,7168,128x64x32_w4_v3,0.100,0.100,0.100,0.100,0.9960,1.828e-04,1.681e-02,1.181e-02,5
MXFP4,LUT,"U(-1,1)",1,7168,7168,64x64x32_w4_v3,0.170,0.170,0.170,0.170,0.6140,1.828e-04,1.681e-02,1.181e-02,5
MXFP4,LUT,"U(-1,1)",1,7168,7168,32x64x32_w4_v3_b1,0.210,0.210,0.220,0.212,0.4790,1.828e-04,1.681e-02,1.181e-02,5
MXFP4,LUT,"U(-1,1)",1,7168,7168,128x64x32_w4_v4,0.100,0.100,0.100,0.100,1.0050,1.828e-04,1.681e-02,1.181e-02,5
MXFP4,LUT,"U(-1,1)",1,7168,7168,64x64x32_w4_v4,0.160,0.160,0.160,0.160,0.6550,1.828e-04,1.681e-02,1.181e-02,5
MXFP4,LUT,"U(-1,1)",1,7168,7168,128x64x32_w4_v5,0.100,0.100,0.100,0.100,1.0070,1.828e-04,1.681e-02,1.181e-02,5
MXFP4,LUT,"U(-1,1)",1,7168,7168,64x64x32_w4_v5,0.160,0.160,0.160,0.160,0.6530,1.828e-04,1.681e-02,1.181e-02,5
MXFP4,LUT,"U(-1,1)",1,7168,7168,128x64x32_w4_v3s_ks2,0.160,0.160,0.160,0.160,0.6540,1.828e-04,1.682e-02,1.181e-02,5
MXFP4,LUT,"U(-1,1)",1,7168,7168,128x64x32_w4_v3s_ks4,0.160,0.160,0.160,0.160,0.6560,1.828e-04,1.681e-02,1.181e-02,5
MXFP4,LUT,"U(-1,1)",1,7168,7168,64x64x32_w4_v3s_ks2,0.250,0.250,0.250,0.250,0.4080,1.828e-04,1.682e-02,1.181e-02,5
MXFP4,LUT,"U(-1,1)",1,7168,7168,64x64x32_w4_v3s_ks4,0.230,0.230,0.230,0.230,0.4530,1.828e-04,1.681e-02,1.181e-02,5
MXFP4,LUT,"U(-1,1)",1,7168,7168,64x64x32_w4_v3s_ks8,0.270,0.270,0.270,0.270,0.3850,1.828e-04,1.681e-02,1.181e-02,5
MXFP4,LUT,"U(-1,1)",8,7168,7168,16x64x32_w4,0.580,0.580,0.580,0.580,1.4100,1.869e-04,2.174e-02,1.225e-02,5
MXFP4,BITSHIFT,"U(-1,1)",8,7168,7168,16x64x32_w4,0.490,0.490,0.500,0.494,1.6610,1.869e-04,2.174e-02,1.225e-02,5
MXFP4,LUT,"U(-1,1)",8,7168,7168,16x128x32_w8,0.570,0.570,0.570,0.570,1.4460,1.869e-04,2.174e-02,1.225e-02,5
MXFP4,BITSHIFT,"U(-1,1)",8,7168,7168,16x128x32_w8,0.480,0.470,0.480,0.478,1.7290,1.869e-04,2.174e-02,1.225e-02,5
MXFP4,LUT,"U(-1,1)",8,7168,7168,128x64x32_w4_v2,0.570,0.570,0.570,0.570,1.4520,1.869e-04,2.174e-02,1.225e-02,5
MXFP4,LUT,"U(-1,1)",8,7168,7168,64x64x32_w4_v2,0.790,0.790,0.790,0.790,1.0400,1.869e-04,2.174e-02,1.225e-02,5
MXFP4,LUT,"U(-1,1)",8,7168,7168,128x64x32_w4_v3,0.810,0.810,0.820,0.812,1.0090,1.869e-04,2.174e-02,1.225e-02,5
MXFP4,LUT,"U(-1,1)",8,7168,7168,64x64x32_w4_v3,1.320,1.320,1.320,1.320,0.6240,1.869e-04,2.174e-02,1.225e-02,5
MXFP4,LUT,"U(-1,1)",8,7168,7168,32x64x32_w4_v3_b1,1.680,1.680,1.680,1.680,0.4900,1.869e-04,2.174e-02,1.225e-02,5
MXFP4,LUT,"U(-1,1)",8,7168,7168,128x64x32_w4_v4,0.810,0.810,0.810,0.810,1.0150,1.869e-04,2.174e-02,1.225e-02,5
MXFP4,LUT,"U(-1,1)",8,7168,7168,64x64x32_w4_v4,1.230,1.230,1.230,1.230,0.6670,1.869e-04,2.174e-02,1.225e-02,5
MXFP4,LUT,"U(-1,1)",8,7168,7168,128x64x32_w4_v5,0.810,0.810,0.810,0.810,1.0190,1.869e-04,2.174e-02,1.225e-02,5
MXFP4,LUT,"U(-1,1)",8,7168,7168,64x64x32_w4_v5,1.240,1.230,1.240,1.236,0.6650,1.869e-04,2.174e-02,1.225e-02,5
MXFP4,LUT,"U(-1,1)",8,7168,7168,128x64x32_w4_v3s_ks2,1.250,1.250,1.250,1.250,0.6580,1.869e-04,2.175e-02,1.225e-02,5
MXFP4,LUT,"U(-1,1)",8,7168,7168,128x64x32_w4_v3s_ks4,1.250,1.250,1.250,1.250,0.6600,1.869e-04,2.174e-02,1.225e-02,5
MXFP4,LUT,"U(-1,1)",8,7168,7168,64x64x32_w4_v3s_ks2,2.000,1.990,2.000,1.998,0.4110,1.869e-04,2.175e-02,1.225e-02,5
MXFP4,LUT,"U(-1,1)",8,7168,7168,64x64x32_w4_v3s_ks4,1.800,1.800,1.810,1.804,0.4560,1.869e-04,2.174e-02,1.225e-02,5
MXFP4,LUT,"U(-1,1)",8,7168,7168,64x64x32_w4_v3s_ks8,2.130,2.120,2.130,2.126,0.3870,1.869e-04,2.174e-02,1.225e-02,5
MXFP4,LUT,"U(-1,1)",32,7168,7168,16x64x32_w4,2.100,2.100,2.100,2.100,1.5640,1.851e-04,2.392e-02,1.256e-02,5
MXFP4,BITSHIFT,"U(-1,1)",32,7168,7168,16x64x32_w4,1.710,1.710,1.720,1.712,1.9210,1.851e-04,2.391e-02,1.257e-02,5
MXFP4,LUT,"U(-1,1)",32,7168,7168,16x128x32_w8,1.950,1.940,1.950,1.946,1.6900,1.851e-04,2.392e-02,1.256e-02,5
MXFP4,BITSHIFT,"U(-1,1)",32,7168,7168,16x128x32_w8,1.530,1.530,1.540,1.532,2.1450,1.851e-04,2.391e-02,1.257e-02,5
MXFP4,LUT,"U(-1,1)",32,7168,7168,128x64x32_w4_v2,2.200,2.200,2.200,2.200,1.4960,1.851e-04,2.392e-02,1.256e-02,5
MXFP4,LUT,"U(-1,1)",32,7168,7168,64x64x32_w4_v2,3.020,3.020,3.030,3.024,1.0880,1.851e-04,2.392e-02,1.256e-02,5
MXFP4,LUT,"U(-1,1)",32,7168,7168,128x64x32_w4_v3,3.170,3.160,3.170,3.166,1.0390,1.851e-04,2.392e-02,1.256e-02,5
MXFP4,LUT,"U(-1,1)",32,7168,7168,64x64x32_w4_v3,5.100,5.100,5.110,5.102,0.6440,1.851e-04,2.392e-02,1.256e-02,5
MXFP4,LUT,"U(-1,1)",32,7168,7168,32x64x32_w4_v3_b1,5.740,5.700,5.750,5.734,0.5720,1.851e-04,2.392e-02,1.256e-02,5
MXFP4,LUT,"U(-1,1)",32,7168,7168,128x64x32_w4_v4,3.170,3.160,3.170,3.166,1.0390,1.851e-04,2.392e-02,1.256e-02,5
MXFP4,LUT,"U(-1,1)",32,7168,7168,64x64x32_w4_v4,4.770,4.760,4.780,4.768,0.6900,1.851e-04,2.392e-02,1.256e-02,5
MXFP4,LUT,"U(-1,1)",32,7168,7168,128x64x32_w4_v5,3.130,3.120,3.130,3.128,1.0520,1.851e-04,2.392e-02,1.256e-02,5
MXFP4,LUT,"U(-1,1)",32,7168,7168,64x64x32_w4_v5,4.720,4.700,4.720,4.712,0.6970,1.851e-04,2.392e-02,1.256e-02,5
MXFP4,LUT,"U(-1,1)",32,7168,7168,128x64x32_w4_v3s_ks2,4.920,4.920,4.930,4.922,0.6680,1.851e-04,2.391e-02,1.256e-02,5
MXFP4,LUT,"U(-1,1)",32,7168,7168,128x64x32_w4_v3s_ks4,4.900,4.890,4.910,4.900,0.6710,1.851e-04,2.392e-02,1.257e-02,5
MXFP4,LUT,"U(-1,1)",32,7168,7168,64x64x32_w4_v3s_ks2,7.780,7.760,7.790,7.776,0.4230,1.851e-04,2.391e-02,1.256e-02,5
MXFP4,LUT,"U(-1,1)",32,7168,7168,64x64x32_w4_v3s_ks4,7.040,7.030,7.050,7.038,0.4670,1.851e-04,2.392e-02,1.257e-02,5
MXFP4,LUT,"U(-1,1)",32,7168,7168,64x64x32_w4_v3s_ks8,8.280,8.270,8.290,8.280,0.3970,1.851e-04,2.392e-02,1.257e-02,5
MXFP4,LUT,"U(-1,1)",64,7168,7168,16x64x32_w4,3.660,3.650,3.660,3.658,1.7990,1.850e-04,2.391e-02,1.255e-02,5
MXFP4,BITSHIFT,"U(-1,1)",64,7168,7168,16x64x32_w4,2.920,2.920,2.920,2.920,2.2500,1.850e-04,2.390e-02,1.256e-02,5
MXFP4,LUT,"U(-1,1)",64,7168,7168,16x128x32_w8,3.540,3.540,3.550,3.544,1.8550,1.850e-04,2.391e-02,1.255e-02,5
MXFP4,BITSHIFT,"U(-1,1)",64,7168,7168,16x128x32_w8,2.690,2.690,2.690,2.690,2.4480,1.850e-04,2.390e-02,1.256e-02,5
MXFP4,LUT,"U(-1,1)",64,7168,7168,128x64x32_w4_v2,4.280,4.280,4.280,4.280,1.5370,1.850e-04,2.391e-02,1.255e-02,5
MXFP4,LUT,"U(-1,1)",64,7168,7168,64x64x32_w4_v2,5.770,5.760,5.780,5.770,1.1400,1.850e-04,2.391e-02,1.255e-02,5
MXFP4,LUT,"U(-1,1)",64,7168,7168,128x64x32_w4_v3,6.200,6.190,6.200,6.198,1.0610,1.850e-04,2.391e-02,1.255e-02,5
MXFP4,LUT,"U(-1,1)",64,7168,7168,64x64x32_w4_v3,9.810,9.770,9.830,9.800,0.6700,1.850e-04,2.391e-02,1.255e-02,5
MXFP4,LUT,"U(-1,1)",64,7168,7168,32x64x32_w4_v3_b1,10.510,10.480,10.530,10.504,0.6260,1.850e-04,2.391e-02,1.255e-02,5
MXFP4,LUT,"U(-1,1)",64,7168,7168,128x64x32_w4_v4,6.200,6.200,6.210,6.204,1.0600,1.850e-04,2.391e-02,1.255e-02,5
MXFP4,LUT,"U(-1,1)",64,7168,7168,64x64x32_w4_v4,9.180,9.170,9.180,9.178,0.7170,1.850e-04,2.391e-02,1.255e-02,5
MXFP4,LUT,"U(-1,1)",64,7168,7168,128x64x32_w4_v5,6.100,6.100,6.110,6.102,1.0780,1.850e-04,2.391e-02,1.255e-02,5
MXFP4,LUT,"U(-1,1)",64,7168,7168,64x64x32_w4_v5,9.050,9.050,9.060,9.054,0.7260,1.850e-04,2.391e-02,1.255e-02,5
MXFP4,LUT,"U(-1,1)",64,7168,7168,128x64x32_w4_v3s_ks2,9.680,9.660,9.700,9.680,0.6790,1.850e-04,2.390e-02,1.255e-02,5
MXFP4,LUT,"U(-1,1)",64,7168,7168,128x64x32_w4_v3s_ks4,9.630,9.620,9.640,9.632,0.6830,1.850e-04,2.391e-02,1.256e-02,5
MXFP4,LUT,"U(-1,1)",64,7168,7168,64x64x32_w4_v3s_ks2,15.100,15.090,15.140,15.110,0.4350,1.850e-04,2.390e-02,1.255e-02,5
MXFP4,LUT,"U(-1,1)",64,7168,7168,64x64x32_w4_v3s_ks4,13.230,13.120,13.500,13.288,0.4970,1.850e-04,2.391e-02,1.256e-02,5
MXFP4,LUT,"U(-1,1)",64,7168,7168,64x64x32_w4_v3s_ks8,16.040,16.030,16.070,16.042,0.4100,1.850e-04,2.391e-02,1.256e-02,5
MXFP4,LUT,"U(-1,1)",256,7168,7168,16x64x32_w4,4.230,4.190,4.250,4.228,6.2250,1.847e-04,2.392e-02,1.214e-02,5
MXFP4,BITSHIFT,"U(-1,1)",256,7168,7168,16x64x32_w4,3.270,3.270,3.270,3.270,8.0450,1.847e-04,2.391e-02,1.215e-02,5
MXFP4,LUT,"U(-1,1)",256,7168,7168,16x128x32_w8,4.210,4.210,4.220,4.214,6.2420,1.847e-04,2.392e-02,1.214e-02,5
MXFP4,BITSHIFT,"U(-1,1)",256,7168,7168,16x128x32_w8,3.050,3.050,3.050,3.050,8.6310,1.847e-04,2.391e-02,1.215e-02,5
MXFP4,LUT,"U(-1,1)",256,7168,7168,128x64x32_w4_v2,15.530,15.480,15.540,15.522,1.6940,1.847e-04,2.392e-02,1.214e-02,5
MXFP4,LUT,"U(-1,1)",256,7168,7168,64x64x32_w4_v2,9.990,9.980,10.020,9.996,2.6330,1.847e-04,2.392e-02,1.214e-02,5
MXFP4,LUT,"U(-1,1)",256,7168,7168,128x64x32_w4_v3,19.520,19.520,19.540,19.528,1.3480,1.847e-04,2.392e-02,1.214e-02,5
MXFP4,LUT,"U(-1,1)",256,7168,7168,64x64x32_w4_v3,13.020,13.010,13.030,13.022,2.0200,1.847e-04,2.392e-02,1.214e-02,5
MXFP4,LUT,"U(-1,1)",256,7168,7168,32x64x32_w4_v3_b1,14.000,14.000,14.010,14.002,1.8790,1.847e-04,2.392e-02,1.214e-02,5
MXFP4,LUT,"U(-1,1)",256,7168,7168,128x64x32_w4_v4,19.420,19.410,19.430,19.422,1.3550,1.847e-04,2.392e-02,1.214e-02,5
MXFP4,LUT,"U(-1,1)",256,7168,7168,64x64x32_w4_v4,13.790,13.720,13.920,13.822,1.9080,1.847e-04,2.392e-02,1.214e-02,5
MXFP4,LUT,"U(-1,1)",256,7168,7168,128x64x32_w4_v5,12.840,12.830,12.870,12.848,2.0490,1.847e-04,2.392e-02,1.214e-02,5
MXFP4,LUT,"U(-1,1)",256,7168,7168,64x64x32_w4_v5,12.300,12.290,12.310,12.300,2.1390,1.847e-04,2.392e-02,1.214e-02,5
MXFP4,LUT,"U(-1,1)",256,7168,7168,128x64x32_w4_v3s_ks2,19.100,19.080,19.130,19.102,1.3770,1.847e-04,2.391e-02,1.215e-02,5
MXFP4,LUT,"U(-1,1)",256,7168,7168,128x64x32_w4_v3s_ks4,18.750,18.720,18.770,18.746,1.4030,1.847e-04,2.391e-02,1.215e-02,5
MXFP4,LUT,"U(-1,1)",256,7168,7168,64x64x32_w4_v3s_ks2,17.150,17.140,17.160,17.148,1.5340,1.847e-04,2.391e-02,1.215e-02,5
MXFP4,LUT,"U(-1,1)",256,7168,7168,64x64x32_w4_v3s_ks4,16.980,16.970,17.010,16.986,1.5500,1.847e-04,2.391e-02,1.215e-02,5
MXFP4,LUT,"U(-1,1)",256,7168,7168,64x64x32_w4_v3s_ks8,16.650,16.570,16.670,16.624,1.5800,1.847e-04,2.392e-02,1.214e-02,5
MXFP4,LUT,"U(-1,1)",1024,7168,7168,16x64x32_w4,4.830,4.830,4.830,4.830,21.7880,1.846e-04,2.579e-02,1.245e-02,5
MXFP4,BITSHIFT,"U(-1,1)",1024,7168,7168,16x64x32_w4,3.300,3.300,3.310,3.304,31.8530,1.846e-04,2.580e-02,1.245e-02,5
MXFP4,LUT,"U(-1,1)",1024,7168,7168,16x128x32_w8,4.210,4.200,4.220,4.210,24.9910,1.846e-04,2.579e-02,1.245e-02,5
MXFP4,BITSHIFT,"U(-1,1)",1024,7168,7168,16x128x32_w8,3.070,3.070,3.080,3.074,34.2370,1.846e-04,2.580e-02,1.245e-02,5
MXFP4,LUT,"U(-1,1)",1024,7168,7168,128x64x32_w4_v2,18.370,18.310,18.390,18.360,5.7290,1.846e-04,2.579e-02,1.245e-02,5
MXFP4,LUT,"U(-1,1)",1024,7168,7168,64x64x32_w4_v2,14.270,14.260,14.290,14.274,7.3730,1.846e-04,2.579e-02,1.245e-02,5
MXFP4,LUT,"U(-1,1)",1024,7168,7168,128x64x32_w4_v3,19.650,19.640,19.650,19.648,5.3550,1.846e-04,2.579e-02,1.245e-02,5
MXFP4,LUT,"U(-1,1)",1024,7168,7168,64x64x32_w4_v3,17.540,17.540,17.540,17.540,5.9990,1.846e-04,2.579e-02,1.245e-02,5
MXFP4,LUT,"U(-1,1)",1024,7168,7168,32x64x32_w4_v3_b1,14.460,14.400,14.460,14.442,7.2790,1.846e-04,2.579e-02,1.245e-02,5
MXFP4,LUT,"U(-1,1)",1024,7168,7168,128x64x32_w4_v4,19.540,19.540,19.550,19.542,5.3850,1.846e-04,2.579e-02,1.245e-02,5
MXFP4,LUT,"U(-1,1)",1024,7168,7168,64x64x32_w4_v4,17.180,17.110,17.250,17.180,6.1240,1.846e-04,2.579e-02,1.245e-02,5
MXFP4,LUT,"U(-1,1)",1024,7168,7168,128x64x32_w4_v5,14.960,14.930,14.990,14.958,7.0360,1.846e-04,2.579e-02,1.245e-02,5
MXFP4,LUT,"U(-1,1)",1024,7168,7168,64x64x32_w4_v5,12.230,12.200,12.270,12.230,8.6070,1.846e-04,2.579e-02,1.245e-02,5
MXFP4,LUT,"U(-1,1)",1024,7168,7168,128x64x32_w4_v3s_ks2,19.250,19.250,19.250,19.250,5.4660,1.846e-04,2.579e-02,1.244e-02,5
MXFP4,LUT,"U(-1,1)",1024,7168,7168,128x64x32_w4_v3s_ks4,19.980,19.970,19.990,19.980,5.2660,1.846e-04,2.580e-02,1.245e-02,5
MXFP4,LUT,"U(-1,1)",1024,7168,7168,64x64x32_w4_v3s_ks2,17.280,17.220,17.290,17.262,6.0880,1.846e-04,2.579e-02,1.244e-02,5
MXFP4,LUT,"U(-1,1)",1024,7168,7168,64x64x32_w4_v3s_ks4,17.900,17.880,17.910,17.900,5.8770,1.846e-04,2.580e-02,1.245e-02,5
MXFP4,LUT,"U(-1,1)",1024,7168,7168,64x64x32_w4_v3s_ks8,17.500,17.500,17.510,17.504,6.0110,1.846e-04,2.579e-02,1.245e-02,5
MXFP4,LUT,"U(-1,1)",2048,7168,7168,16x64x32_w4,4.830,4.830,4.830,4.830,43.5690,1.846e-04,2.631e-02,1.225e-02,5
MXFP4,BITSHIFT,"U(-1,1)",2048,7168,7168,16x64x32_w4,3.410,3.410,3.420,3.414,61.6310,1.846e-04,2.630e-02,1.226e-02,5
MXFP4,LUT,"U(-1,1)",2048,7168,7168,16x128x32_w8,4.390,4.380,4.390,4.386,47.9880,1.846e-04,2.631e-02,1.225e-02,5
MXFP4,BITSHIFT,"U(-1,1)",2048,7168,7168,16x128x32_w8,3.190,3.180,3.190,3.186,66.0520,1.846e-04,2.630e-02,1.226e-02,5
MXFP4,LUT,"U(-1,1)",2048,7168,7168,128x64x32_w4_v2,18.340,18.330,18.350,18.342,11.4730,1.846e-04,2.631e-02,1.225e-02,5
MXFP4,LUT,"U(-1,1)",2048,7168,7168,64x64x32_w4_v2,15.990,15.990,15.990,15.990,13.1600,1.846e-04,2.631e-02,1.225e-02,5
MXFP4,LUT,"U(-1,1)",2048,7168,7168,128x64x32_w4_v3,19.720,19.720,19.720,19.720,10.6720,1.846e-04,2.631e-02,1.225e-02,5
MXFP4,LUT,"U(-1,1)",2048,7168,7168,64x64x32_w4_v3,17.760,17.730,17.770,17.752,11.8470,1.846e-04,2.631e-02,1.225e-02,5
MXFP4,LUT,"U(-1,1)",2048,7168,7168,32x64x32_w4_v3_b1,15.030,15.020,15.040,15.028,14.0060,1.846e-04,2.631e-02,1.225e-02,5
MXFP4,LUT,"U(-1,1)",2048,7168,7168,128x64x32_w4_v4,19.600,19.590,19.600,19.598,10.7380,1.846e-04,2.631e-02,1.225e-02,5
MXFP4,LUT,"U(-1,1)",2048,7168,7168,64x64x32_w4_v4,19.050,19.050,19.050,19.050,11.0490,1.846e-04,2.631e-02,1.225e-02,5
MXFP4,LUT,"U(-1,1)",2048,7168,7168,128x64x32_w4_v5,15.130,15.120,15.140,15.132,13.9070,1.846e-04,2.631e-02,1.225e-02,5
MXFP4,LUT,"U(-1,1)",2048,7168,7168,64x64x32_w4_v5,12.540,12.530,12.540,12.538,16.7840,1.846e-04,2.631e-02,1.225e-02,5
MXFP4,LUT,"U(-1,1)",2048,7168,7168,128x64x32_w4_v3s_ks2,20.560,20.540,20.560,20.554,10.2380,1.846e-04,2.631e-02,1.225e-02,5
MXFP4,LUT,"U(-1,1)",2048,7168,7168,128x64x32_w4_v3s_ks4,20.000,20.000,20.000,20.000,10.5230,1.846e-04,2.631e-02,1.226e-02,5
MXFP4,LUT,"U(-1,1)",2048,7168,7168,64x64x32_w4_v3s_ks2,17.990,17.990,17.990,17.990,11.6990,1.846e-04,2.631e-02,1.225e-02,5
MXFP4,LUT,"U(-1,1)",2048,7168,7168,64x64x32_w4_v3s_ks4,18.080,18.060,18.090,18.080,11.6420,1.846e-04,2.631e-02,1.226e-02,5
MXFP4,LUT,"U(-1,1)",2048,7168,7168,64x64x32_w4_v3s_ks8,17.530,17.520,17.530,17.526,12.0090,1.846e-04,2.630e-02,1.226e-02,5
MXFP4,LUT,"U(-1,1)",4096,7168,7168,16x64x32_w4,4.830,4.830,4.830,4.830,87.1630,1.846e-04,2.655e-02,1.262e-02,5
MXFP4,BITSHIFT,"U(-1,1)",4096,7168,7168,16x64x32_w4,3.480,3.470,3.480,3.476,121.1220,1.846e-04,2.655e-02,1.263e-02,5
MXFP4,LUT,"U(-1,1)",4096,7168,7168,16x128x32_w8,4.480,4.480,4.480,4.480,94.0050,1.846e-04,2.655e-02,1.262e-02,5
MXFP4,BITSHIFT,"U(-1,1)",4096,7168,7168,16x128x32_w8,3.250,3.250,3.260,3.254,129.3180,1.846e-04,2.655e-02,1.263e-02,5
MXFP4,LUT,"U(-1,1)",4096,7168,7168,128x64x32_w4_v2,18.410,18.410,18.430,18.414,22.8660,1.846e-04,2.655e-02,1.262e-02,5
MXFP4,LUT,"U(-1,1)",4096,7168,7168,64x64x32_w4_v2,16.000,16.000,16.000,16.000,26.3080,1.846e-04,2.655e-02,1.262e-02,5
MXFP4,LUT,"U(-1,1)",4096,7168,7168,128x64x32_w4_v3,21.100,21.100,21.100,21.100,19.9520,1.846e-04,2.655e-02,1.262e-02,5
MXFP4,LUT,"U(-1,1)",4096,7168,7168,64x64x32_w4_v3,18.370,18.360,18.370,18.368,22.9160,1.846e-04,2.655e-02,1.262e-02,5
MXFP4,LUT,"U(-1,1)",4096,7168,7168,32x64x32_w4_v3_b1,14.930,14.920,14.950,14.934,28.1860,1.846e-04,2.655e-02,1.262e-02,5
MXFP4,LUT,"U(-1,1)",4096,7168,7168,128x64x32_w4_v4,20.960,20.960,20.960,20.960,20.0790,1.846e-04,2.655e-02,1.262e-02,5
MXFP4,LUT,"U(-1,1)",4096,7168,7168,64x64x32_w4_v4,19.060,19.060,19.060,19.060,22.0810,1.846e-04,2.655e-02,1.262e-02,5
MXFP4,LUT,"U(-1,1)",4096,7168,7168,128x64x32_w4_v5,15.220,15.200,15.220,15.214,27.6550,1.846e-04,2.655e-02,1.262e-02,5
MXFP4,LUT,"U(-1,1)",4096,7168,7168,64x64x32_w4_v5,12.380,12.370,12.410,12.386,33.9920,1.846e-04,2.655e-02,1.262e-02,5
MXFP4,LUT,"U(-1,1)",4096,7168,7168,128x64x32_w4_v3s_ks2,20.580,20.580,20.580,20.580,20.4540,1.846e-04,2.655e-02,1.262e-02,5
MXFP4,LUT,"U(-1,1)",4096,7168,7168,128x64x32_w4_v3s_ks4,20.030,20.030,20.030,20.030,21.0120,1.846e-04,2.655e-02,1.262e-02,5
MXFP4,LUT,"U(-1,1)",4096,7168,7168,64x64x32_w4_v3s_ks2,18.400,18.400,18.400,18.400,22.8760,1.846e-04,2.655e-02,1.262e-02,5
MXFP4,LUT,"U(-1,1)",4096,7168,7168,64x64x32_w4_v3s_ks4,18.150,18.150,18.160,18.152,23.1890,1.846e-04,2.655e-02,1.262e-02,5
MXFP4,LUT,"U(-1,1)",4096,7168,7168,64x64x32_w4_v3s_ks8,17.560,17.550,17.560,17.556,23.9760,1.846e-04,2.655e-02,1.262e-02,5
F8_E4M3_B128,LUT,"U(-1,1)",1,7168,7168,16x64x32_w4,0.050,0.050,0.050,0.050,2.0090,1.819e-04,1.831e-02,1.252e-02,5
F8_E4M3_B128,BITSHIFT,"U(-1,1)",1,7168,7168,16x64x32_w4,0.050,0.050,0.050,0.050,2.2180,1.819e-04,1.832e-02,1.255e-02,5
F8_E4M3_B128,LUT,"U(-1,1)",1,7168,7168,16x128x32_w8,0.050,0.050,0.050,0.050,2.2050,1.819e-04,1.831e-02,1.252e-02,5
F8_E4M3_B128,BITSHIFT,"U(-1,1)",1,7168,7168,16x128x32_w8,0.040,0.040,0.040,0.040,2.4190,1.819e-04,1.832e-02,1.255e-02,5
F8_E4M3_B128,LUT,"U(-1,1)",1,7168,7168,128x64x32_w4_v2,0.040,0.040,0.040,0.040,2.6060,1.819e-04,1.831e-02,1.252e-02,5
F8_E4M3_B128,LUT,"U(-1,1)",1,7168,7168,64x64x32_w4_v2,0.050,0.050,0.050,0.050,2.2160,1.819e-04,1.831e-02,1.252e-02,5
F8_E4M3_B128,LUT,"U(-1,1)",1,7168,7168,128x64x32_w4_v3,0.060,0.060,0.060,0.060,1.7360,1.819e-04,1.831e-02,1.252e-02,5
F8_E4M3_B128,LUT,"U(-1,1)",1,7168,7168,64x64x32_w4_v3,0.070,0.070,0.070,0.070,1.3730,1.819e-04,1.831e-02,1.252e-02,5
F8_E4M3_B128,LUT,"U(-1,1)",1,7168,7168,32x64x32_w4_v3_b1,0.090,0.090,0.090,0.090,1.1760,1.819e-04,1.831e-02,1.252e-02,5
F8_E4M3_B128,LUT,"U(-1,1)",1,7168,7168,128x64x32_w4_v4,0.060,0.060,0.060,0.060,1.7570,1.819e-04,1.831e-02,1.252e-02,5
F8_E4M3_B128,LUT,"U(-1,1)",1,7168,7168,64x64x32_w4_v4,0.070,0.070,0.070,0.070,1.3790,1.819e-04,1.831e-02,1.252e-02,5
F8_E4M3_B128,LUT,"U(-1,1)",1,7168,7168,128x64x32_w4_v5,0.060,0.060,0.060,0.060,1.7470,1.819e-04,1.831e-02,1.252e-02,5
F8_E4M3_B128,LUT,"U(-1,1)",1,7168,7168,64x64x32_w4_v5,0.070,0.070,0.070,0.070,1.3780,1.819e-04,1.831e-02,1.252e-02,5
F8_E4M3_B128,LUT,"U(-1,1)",1,7168,7168,128x64x32_w4_v3s_ks2,0.100,0.100,0.100,0.100,0.9850,1.819e-04,1.833e-02,1.254e-02,5
F8_E4M3_B128,LUT,"U(-1,1)",1,7168,7168,128x64x32_w4_v3s_ks4,0.100,0.100,0.100,0.100,0.9880,1.819e-04,1.832e-02,1.255e-02,5
F8_E4M3_B128,LUT,"U(-1,1)",1,7168,7168,64x64x32_w4_v3s_ks2,0.140,0.140,0.140,0.140,0.7260,1.819e-04,1.833e-02,1.254e-02,5
F8_E4M3_B128,LUT,"U(-1,1)",1,7168,7168,64x64x32_w4_v3s_ks4,0.130,0.130,0.130,0.130,0.7860,1.819e-04,1.832e-02,1.254e-02,5
F8_E4M3_B128,LUT,"U(-1,1)",1,7168,7168,64x64x32_w4_v3s_ks8,0.160,0.160,0.160,0.160,0.6300,1.819e-04,1.833e-02,1.254e-02,5
F8_E4M3_B128,LUT,"U(-1,1)",8,7168,7168,16x64x32_w4,0.410,0.410,0.410,0.410,2.0260,1.867e-04,2.293e-02,1.310e-02,5
F8_E4M3_B128,BITSHIFT,"U(-1,1)",8,7168,7168,16x64x32_w4,0.360,0.360,0.360,0.360,2.2670,1.867e-04,2.284e-02,1.312e-02,5
F8_E4M3_B128,LUT,"U(-1,1)",8,7168,7168,16x128x32_w8,0.370,0.370,0.370,0.370,2.2390,1.867e-04,2.293e-02,1.310e-02,5
F8_E4M3_B128,BITSHIFT,"U(-1,1)",8,7168,7168,16x128x32_w8,0.330,0.330,0.330,0.330,2.4830,1.867e-04,2.284e-02,1.312e-02,5
F8_E4M3_B128,LUT,"U(-1,1)",8,7168,7168,128x64x32_w4_v2,0.320,0.310,0.320,0.316,2.6100,1.867e-04,2.293e-02,1.310e-02,5
F8_E4M3_B128,LUT,"U(-1,1)",8,7168,7168,64x64x32_w4_v2,0.370,0.370,0.370,0.370,2.2200,1.867e-04,2.293e-02,1.310e-02,5
F8_E4M3_B128,LUT,"U(-1,1)",8,7168,7168,128x64x32_w4_v3,0.470,0.470,0.480,0.474,1.7320,1.867e-04,2.293e-02,1.310e-02,5
F8_E4M3_B128,LUT,"U(-1,1)",8,7168,7168,64x64x32_w4_v3,0.600,0.600,0.600,0.600,1.3720,1.867e-04,2.293e-02,1.310e-02,5
F8_E4M3_B128,LUT,"U(-1,1)",8,7168,7168,32x64x32_w4_v3_b1,0.690,0.690,0.700,0.694,1.1840,1.867e-04,2.293e-02,1.310e-02,5
F8_E4M3_B128,LUT,"U(-1,1)",8,7168,7168,128x64x32_w4_v4,0.470,0.470,0.470,0.470,1.7520,1.867e-04,2.293e-02,1.310e-02,5
F8_E4M3_B128,LUT,"U(-1,1)",8,7168,7168,64x64x32_w4_v4,0.600,0.600,0.600,0.600,1.3730,1.867e-04,2.293e-02,1.310e-02,5
F8_E4M3_B128,LUT,"U(-1,1)",8,7168,7168,128x64x32_w4_v5,0.470,0.470,0.470,0.470,1.7450,1.867e-04,2.293e-02,1.310e-02,5
F8_E4M3_B128,LUT,"U(-1,1)",8,7168,7168,64x64x32_w4_v5,0.600,0.600,0.600,0.600,1.3720,1.867e-04,2.293e-02,1.310e-02,5
F8_E4M3_B128,LUT,"U(-1,1)",8,7168,7168,128x64x32_w4_v3s_ks2,0.830,0.830,0.830,0.830,0.9870,1.867e-04,2.288e-02,1.310e-02,5
F8_E4M3_B128,LUT,"U(-1,1)",8,7168,7168,128x64x32_w4_v3s_ks4,0.830,0.830,0.830,0.830,0.9910,1.867e-04,2.287e-02,1.311e-02,5
F8_E4M3_B128,LUT,"U(-1,1)",8,7168,7168,64x64x32_w4_v3s_ks2,1.130,1.130,1.130,1.130,0.7280,1.867e-04,2.288e-02,1.310e-02,5
F8_E4M3_B128,LUT,"U(-1,1)",8,7168,7168,64x64x32_w4_v3s_ks4,1.050,1.040,1.050,1.046,0.7850,1.867e-04,2.287e-02,1.311e-02,5
F8_E4M3_B128,LUT,"U(-1,1)",8,7168,7168,64x64x32_w4_v3s_ks8,1.300,1.290,1.300,1.296,0.6340,1.867e-04,2.285e-02,1.311e-02,5
F8_E4M3_B128,LUT,"U(-1,1)",32,7168,7168,16x64x32_w4,1.640,1.630,1.640,1.636,2.0110,1.851e-04,2.471e-02,1.328e-02,5
F8_E4M3_B128,BITSHIFT,"U(-1,1)",32,7168,7168,16x64x32_w4,1.420,1.420,1.430,1.422,2.3100,1.851e-04,2.473e-02,1.330e-02,5
F8_E4M3_B128,LUT,"U(-1,1)",32,7168,7168,16x128x32_w8,1.430,1.420,1.430,1.428,2.3030,1.851e-04,2.471e-02,1.328e-02,5
F8_E4M3_B128,BITSHIFT,"U(-1,1)",32,7168,7168,16x128x32_w8,1.250,1.240,1.250,1.246,2.6390,1.851e-04,2.473e-02,1.330e-02,5
F8_E4M3_B128,LUT,"U(-1,1)",32,7168,7168,128x64x32_w4_v2,1.260,1.260,1.260,1.260,2.6160,1.851e-04,2.471e-02,1.328e-02,5
F8_E4M3_B128,LUT,"U(-1,1)",32,7168,7168,64x64x32_w4_v2,1.460,1.460,1.470,1.462,2.2450,1.851e-04,2.471e-02,1.328e-02,5
F8_E4M3_B128,LUT,"U(-1,1)",32,7168,7168,128x64x32_w4_v3,1.880,1.880,1.880,1.880,1.7510,1.851e-04,2.471e-02,1.328e-02,5
F8_E4M3_B128,LUT,"U(-1,1)",32,7168,7168,64x64x32_w4_v3,2.370,2.370,2.380,2.374,1.3860,1.851e-04,2.471e-02,1.328e-02,5
F8_E4M3_B128,LUT,"U(-1,1)",32,7168,7168,32x64x32_w4_v3_b1,2.570,2.560,2.580,2.568,1.2780,1.851e-04,2.471e-02,1.328e-02,5
F8_E4M3_B128,LUT,"U(-1,1)",32,7168,7168,128x64x32_w4_v4,1.840,1.840,1.840,1.840,1.7880,1.851e-04,2.471e-02,1.328e-02,5
F8_E4M3_B128,LUT,"U(-1,1)",32,7168,7168,64x64x32_w4_v4,2.310,2.310,2.310,2.310,1.4220,1.851e-04,2.471e-02,1.328e-02,5
F8_E4M3_B128,LUT,"U(-1,1)",32,7168,7168,128x64x32_w4_v5,1.860,1.860,1.860,1.860,1.7660,1.851e-04,2.471e-02,1.328e-02,5
F8_E4M3_B128,LUT,"U(-1,1)",32,7168,7168,64x64x32_w4_v5,2.330,2.330,2.340,2.332,1.4090,1.851e-04,2.471e-02,1.328e-02,5
F8_E4M3_B128,LUT,"U(-1,1)",32,7168,7168,128x64x32_w4_v3s_ks2,3.310,3.310,3.310,3.310,0.9950,1.851e-04,2.471e-02,1.328e-02,5
F8_E4M3_B128,LUT,"U(-1,1)",32,7168,7168,128x64x32_w4_v3s_ks4,3.290,3.290,3.290,3.290,0.9990,1.851e-04,2.472e-02,1.330e-02,5
F8_E4M3_B128,LUT,"U(-1,1)",32,7168,7168,64x64x32_w4_v3s_ks2,4.460,4.440,4.460,4.454,0.7380,1.851e-04,2.471e-02,1.328e-02,5
F8_E4M3_B128,LUT,"U(-1,1)",32,7168,7168,64x64x32_w4_v3s_ks4,4.140,4.130,4.170,4.144,0.7940,1.851e-04,2.472e-02,1.330e-02,5
F8_E4M3_B128,LUT,"U(-1,1)",32,7168,7168,64x64x32_w4_v3s_ks8,5.080,5.060,5.120,5.090,0.6470,1.851e-04,2.472e-02,1.329e-02,5
F8_E4M3_B128,LUT,"U(-1,1)",64,7168,7168,16x64x32_w4,3.020,3.020,3.030,3.022,2.1770,1.849e-04,2.472e-02,1.323e-02,5
F8_E4M3_B128,BITSHIFT,"U(-1,1)",64,7168,7168,16x64x32_w4,2.600,2.600,2.600,2.600,2.5290,1.849e-04,2.474e-02,1.324e-02,5
F8_E4M3_B128,LUT,"U(-1,1)",64,7168,7168,16x128x32_w8,2.740,2.730,2.740,2.738,2.4010,1.849e-04,2.472e-02,1.323e-02,5
F8_E4M3_B128,BITSHIFT,"U(-1,1)",64,7168,7168,16x128x32_w8,2.320,2.320,2.320,2.320,2.8390,1.849e-04,2.474e-02,1.324e-02,5
F8_E4M3_B128,LUT,"U(-1,1)",64,7168,7168,128x64x32_w4_v2,2.510,2.510,2.510,2.510,2.6200,1.849e-04,2.472e-02,1.323e-02,5
F8_E4M3_B128,LUT,"U(-1,1)",64,7168,7168,64x64x32_w4_v2,2.890,2.890,2.890,2.890,2.2770,1.849e-04,2.472e-02,1.323e-02,5
F8_E4M3_B128,LUT,"U(-1,1)",64,7168,7168,128x64x32_w4_v3,3.740,3.740,3.740,3.740,1.7570,1.849e-04,2.472e-02,1.323e-02,5
F8_E4M3_B128,LUT,"U(-1,1)",64,7168,7168,64x64x32_w4_v3,4.590,4.590,4.600,4.594,1.4320,1.849e-04,2.472e-02,1.323e-02,5
F8_E4M3_B128,LUT,"U(-1,1)",64,7168,7168,32x64x32_w4_v3_b1,5.140,5.120,5.170,5.146,1.2780,1.849e-04,2.472e-02,1.323e-02,5
F8_E4M3_B128,LUT,"U(-1,1)",64,7168,7168,128x64x32_w4_v4,3.680,3.670,3.680,3.678,1.7880,1.849e-04,2.472e-02,1.323e-02,5
F8_E4M3_B128,LUT,"U(-1,1)",64,7168,7168,64x64x32_w4_v4,4.620,4.620,4.630,4.624,1.4220,1.849e-04,2.472e-02,1.323e-02,5
F8_E4M3_B128,LUT,"U(-1,1)",64,7168,7168,128x64x32_w4_v5,3.700,3.690,3.710,3.702,1.7750,1.849e-04,2.472e-02,1.323e-02,5
F8_E4M3_B128,LUT,"U(-1,1)",64,7168,7168,64x64x32_w4_v5,4.610,4.600,4.640,4.616,1.4250,1.849e-04,2.472e-02,1.323e-02,5
F8_E4M3_B128,LUT,"U(-1,1)",64,7168,7168,128x64x32_w4_v3s_ks2,6.570,6.560,6.570,6.568,1.0020,1.849e-04,2.472e-02,1.325e-02,5
F8_E4M3_B128,LUT,"U(-1,1)",64,7168,7168,128x64x32_w4_v3s_ks4,6.520,6.520,6.520,6.520,1.0080,1.849e-04,2.473e-02,1.322e-02,5
F8_E4M3_B128,LUT,"U(-1,1)",64,7168,7168,64x64x32_w4_v3s_ks2,8.650,8.630,8.690,8.658,0.7600,1.849e-04,2.472e-02,1.325e-02,5
F8_E4M3_B128,LUT,"U(-1,1)",64,7168,7168,64x64x32_w4_v3s_ks4,8.190,8.180,8.220,8.198,0.8030,1.849e-04,2.473e-02,1.322e-02,5
F8_E4M3_B128,LUT,"U(-1,1)",64,7168,7168,64x64x32_w4_v3s_ks8,10.040,9.980,10.060,10.032,0.6550,1.849e-04,2.474e-02,1.323e-02,5
F8_E4M3_B128,LUT,"U(-1,1)",256,7168,7168,16x64x32_w4,3.520,3.510,3.540,3.522,7.4630,1.848e-04,2.503e-02,1.270e-02,5
F8_E4M3_B128,BITSHIFT,"U(-1,1)",256,7168,7168,16x64x32_w4,3.080,3.070,3.080,3.076,8.5520,1.848e-04,2.501e-02,1.271e-02,5
F8_E4M3_B128,LUT,"U(-1,1)",256,7168,7168,16x128x32_w8,3.430,3.420,3.430,3.426,7.6740,1.848e-04,2.503e-02,1.270e-02,5
F8_E4M3_B128,BITSHIFT,"U(-1,1)",256,7168,7168,16x128x32_w8,2.840,2.830,2.840,2.836,9.2760,1.848e-04,2.501e-02,1.271e-02,5
F8_E4M3_B128,LUT,"U(-1,1)",256,7168,7168,128x64x32_w4_v2,9.610,9.610,9.640,9.620,2.7360,1.848e-04,2.503e-02,1.270e-02,5
F8_E4M3_B128,LUT,"U(-1,1)",256,7168,7168,64x64x32_w4_v2,5.650,5.620,5.650,5.642,4.6570,1.848e-04,2.503e-02,1.270e-02,5
F8_E4M3_B128,LUT,"U(-1,1)",256,7168,7168,128x64x32_w4_v3,13.520,13.490,13.530,13.516,1.9450,1.848e-04,2.503e-02,1.270e-02,5
F8_E4M3_B128,LUT,"U(-1,1)",256,7168,7168,64x64x32_w4_v3,8.730,8.720,8.740,8.730,3.0120,1.848e-04,2.503e-02,1.270e-02,5
F8_E4M3_B128,LUT,"U(-1,1)",256,7168,7168,32x64x32_w4_v3_b1,9.240,9.240,9.250,9.244,2.8460,1.848e-04,2.503e-02,1.270e-02,5
F8_E4M3_B128,LUT,"U(-1,1)",256,7168,7168,128x64x32_w4_v4,13.310,13.300,13.320,13.312,1.9760,1.848e-04,2.503e-02,1.270e-02,5
F8_E4M3_B128,LUT,"U(-1,1)",256,7168,7168,64x64x32_w4_v4,8.340,8.300,8.380,8.340,3.1540,1.848e-04,2.503e-02,1.270e-02,5
F8_E4M3_B128,LUT,"U(-1,1)",256,7168,7168,128x64x32_w4_v5,7.900,7.890,7.920,7.904,3.3290,1.848e-04,2.503e-02,1.270e-02,5
F8_E4M3_B128,LUT,"U(-1,1)",256,7168,7168,64x64x32_w4_v5,6.470,6.470,6.470,6.470,4.0670,1.848e-04,2.503e-02,1.270e-02,5
F8_E4M3_B128,LUT,"U(-1,1)",256,7168,7168,128x64x32_w4_v3s_ks2,13.480,13.460,13.510,13.482,1.9520,1.848e-04,2.500e-02,1.269e-02,5
F8_E4M3_B128,LUT,"U(-1,1)",256,7168,7168,128x64x32_w4_v3s_ks4,13.420,13.410,13.430,13.420,1.9600,1.848e-04,2.502e-02,1.268e-02,5
F8_E4M3_B128,LUT,"U(-1,1)",256,7168,7168,64x64x32_w4_v3s_ks2,10.860,10.820,10.880,10.854,2.4220,1.848e-04,2.500e-02,1.269e-02,5
F8_E4M3_B128,LUT,"U(-1,1)",256,7168,7168,64x64x32_w4_v3s_ks4,12.280,12.280,12.300,12.286,2.1420,1.848e-04,2.502e-02,1.268e-02,5
F8_E4M3_B128,LUT,"U(-1,1)",256,7168,7168,64x64x32_w4_v3s_ks8,13.150,13.140,13.160,13.150,2.0010,1.848e-04,2.501e-02,1.269e-02,5
F8_E4M3_B128,LUT,"U(-1,1)",1024,7168,7168,16x64x32_w4,4.040,4.040,4.040,4.040,26.0460,1.846e-04,2.631e-02,1.321e-02,5
F8_E4M3_B128,BITSHIFT,"U(-1,1)",1024,7168,7168,16x64x32_w4,3.070,3.070,3.070,3.070,34.3010,1.846e-04,2.631e-02,1.327e-02,5
F8_E4M3_B128,LUT,"U(-1,1)",1024,7168,7168,16x128x32_w8,3.420,3.410,3.420,3.416,30.7910,1.846e-04,2.631e-02,1.321e-02,5
F8_E4M3_B128,BITSHIFT,"U(-1,1)",1024,7168,7168,16x128x32_w8,2.820,2.820,2.820,2.820,37.3250,1.846e-04,2.631e-02,1.327e-02,5
F8_E4M3_B128,LUT,"U(-1,1)",1024,7168,7168,128x64x32_w4_v2,12.350,12.330,12.380,12.354,8.5190,1.846e-04,2.631e-02,1.321e-02,5
F8_E4M3_B128,LUT,"U(-1,1)",1024,7168,7168,64x64x32_w4_v2,8.660,8.650,8.670,8.660,12.1540,1.846e-04,2.631e-02,1.321e-02,5
F8_E4M3_B128,LUT,"U(-1,1)",1024,7168,7168,128x64x32_w4_v3,13.850,13.820,13.860,13.842,7.6000,1.846e-04,2.631e-02,1.321e-02,5
F8_E4M3_B128,LUT,"U(-1,1)",1024,7168,7168,64x64x32_w4_v3,12.950,12.930,12.960,12.950,8.1240,1.846e-04,2.631e-02,1.321e-02,5
F8_E4M3_B128,LUT,"U(-1,1)",1024,7168,7168,32x64x32_w4_v3_b1,9.290,9.280,9.300,9.290,11.3280,1.846e-04,2.631e-02,1.321e-02,5
F8_E4M3_B128,LUT,"U(-1,1)",1024,7168,7168,128x64x32_w4_v4,13.570,13.540,13.590,13.566,7.7540,1.846e-04,2.631e-02,1.321e-02,5
F8_E4M3_B128,LUT,"U(-1,1)",1024,7168,7168,64x64x32_w4_v4,12.570,12.570,12.580,12.572,8.3680,1.846e-04,2.631e-02,1.321e-02,5
F8_E4M3_B128,LUT,"U(-1,1)",1024,7168,7168,128x64x32_w4_v5,9.790,9.780,9.800,9.792,10.7430,1.846e-04,2.631e-02,1.321e-02,5
F8_E4M3_B128,LUT,"U(-1,1)",1024,7168,7168,64x64x32_w4_v5,6.510,6.500,6.520,6.508,16.1760,1.846e-04,2.631e-02,1.321e-02,5
F8_E4M3_B128,LUT,"U(-1,1)",1024,7168,7168,128x64x32_w4_v3s_ks2,13.780,13.780,13.780,13.780,7.6380,1.846e-04,2.631e-02,1.324e-02,5
F8_E4M3_B128,LUT,"U(-1,1)",1024,7168,7168,128x64x32_w4_v3s_ks4,14.480,14.470,14.480,14.476,7.2690,1.846e-04,2.631e-02,1.323e-02,5
F8_E4M3_B128,LUT,"U(-1,1)",1024,7168,7168,64x64x32_w4_v3s_ks2,14.240,14.230,14.240,14.236,7.3900,1.846e-04,2.631e-02,1.324e-02,5
F8_E4M3_B128,LUT,"U(-1,1)",1024,7168,7168,64x64x32_w4_v3s_ks4,13.960,13.960,13.960,13.960,7.5370,1.846e-04,2.631e-02,1.323e-02,5
F8_E4M3_B128,LUT,"U(-1,1)",1024,7168,7168,64x64x32_w4_v3s_ks8,13.380,13.380,13.380,13.380,7.8640,1.846e-04,2.631e-02,1.323e-02,5
F8_E4M3_B128,LUT,"U(-1,1)",2048,7168,7168,16x64x32_w4,4.040,4.040,4.040,4.040,52.0760,1.846e-04,2.790e-02,1.309e-02,5
F8_E4M3_B128,BITSHIFT,"U(-1,1)",2048,7168,7168,16x64x32_w4,3.190,3.190,3.190,3.190,65.9450,1.846e-04,2.789e-02,1.309e-02,5
F8_E4M3_B128,LUT,"U(-1,1)",2048,7168,7168,16x128x32_w8,3.570,3.570,3.580,3.574,58.9030,1.846e-04,2.790e-02,1.309e-02,5
F8_E4M3_B128,BITSHIFT,"U(-1,1)",2048,7168,7168,16x128x32_w8,2.950,2.940,2.950,2.948,71.4290,1.846e-04,2.789e-02,1.309e-02,5
F8_E4M3_B128,LUT,"U(-1,1)",2048,7168,7168,128x64x32_w4_v2,12.360,12.360,12.380,12.366,17.0210,1.846e-04,2.790e-02,1.309e-02,5
F8_E4M3_B128,LUT,"U(-1,1)",2048,7168,7168,64x64x32_w4_v2,9.690,9.690,9.700,9.692,21.7160,1.846e-04,2.790e-02,1.309e-02,5
F8_E4M3_B128,LUT,"U(-1,1)",2048,7168,7168,128x64x32_w4_v3,13.940,13.930,13.940,13.936,15.0990,1.846e-04,2.790e-02,1.309e-02,5
F8_E4M3_B128,LUT,"U(-1,1)",2048,7168,7168,64x64x32_w4_v3,14.550,14.550,14.550,14.550,14.4630,1.846e-04,2.790e-02,1.309e-02,5
F8_E4M3_B128,LUT,"U(-1,1)",2048,7168,7168,32x64x32_w4_v3_b1,9.870,9.870,9.880,9.874,21.3120,1.846e-04,2.790e-02,1.309e-02,5
F8_E4M3_B128,LUT,"U(-1,1)",2048,7168,7168,128x64x32_w4_v4,13.680,13.660,13.690,13.678,15.3820,1.846e-04,2.790e-02,1.309e-02,5
F8_E4M3_B128,LUT,"U(-1,1)",2048,7168,7168,64x64x32_w4_v4,14.070,14.070,14.070,14.070,14.9570,1.846e-04,2.790e-02,1.309e-02,5
F8_E4M3_B128,LUT,"U(-1,1)",2048,7168,7168,128x64x32_w4_v5,9.830,9.820,9.840,9.830,21.4060,1.846e-04,2.790e-02,1.309e-02,5
F8_E4M3_B128,LUT,"U(-1,1)",2048,7168,7168,64x64x32_w4_v5,6.790,6.770,6.800,6.784,31.0100,1.846e-04,2.790e-02,1.309e-02,5
F8_E4M3_B128,LUT,"U(-1,1)",2048,7168,7168,128x64x32_w4_v3s_ks2,14.790,14.770,14.790,14.784,14.2310,1.846e-04,2.789e-02,1.309e-02,5
F8_E4M3_B128,LUT,"U(-1,1)",2048,7168,7168,128x64x32_w4_v3s_ks4,14.530,14.520,14.530,14.528,14.4860,1.846e-04,2.790e-02,1.309e-02,5
F8_E4M3_B128,LUT,"U(-1,1)",2048,7168,7168,64x64x32_w4_v3s_ks2,14.290,14.280,14.290,14.288,14.7270,1.846e-04,2.789e-02,1.309e-02,5
F8_E4M3_B128,LUT,"U(-1,1)",2048,7168,7168,64x64x32_w4_v3s_ks4,14.010,14.000,14.010,14.006,15.0270,1.846e-04,2.790e-02,1.309e-02,5
F8_E4M3_B128,LUT,"U(-1,1)",2048,7168,7168,64x64x32_w4_v3s_ks8,13.400,13.400,13.410,13.402,15.7030,1.846e-04,2.789e-02,1.309e-02,5
F8_E4M3_B128,LUT,"U(-1,1)",4096,7168,7168,16x64x32_w4,4.040,4.040,4.040,4.040,104.2180,1.846e-04,2.885e-02,1.347e-02,5
F8_E4M3_B128,BITSHIFT,"U(-1,1)",4096,7168,7168,16x64x32_w4,3.250,3.250,3.250,3.250,129.6390,1.846e-04,2.882e-02,1.348e-02,5
F8_E4M3_B128,LUT,"U(-1,1)",4096,7168,7168,16x128x32_w8,3.650,3.650,3.650,3.650,115.3000,1.846e-04,2.885e-02,1.347e-02,5
F8_E4M3_B128,BITSHIFT,"U(-1,1)",4096,7168,7168,16x128x32_w8,3.010,3.010,3.010,3.010,139.7080,1.846e-04,2.882e-02,1.348e-02,5
F8_E4M3_B128,LUT,"U(-1,1)",4096,7168,7168,128x64x32_w4_v2,12.480,12.470,12.490,12.478,33.7210,1.846e-04,2.885e-02,1.347e-02,5
F8_E4M3_B128,LUT,"U(-1,1)",4096,7168,7168,64x64x32_w4_v2,9.700,9.700,9.700,9.700,43.3900,1.846e-04,2.885e-02,1.347e-02,5
F8_E4M3_B128,LUT,"U(-1,1)",4096,7168,7168,128x64x32_w4_v3,14.960,14.950,14.960,14.958,28.1390,1.846e-04,2.885e-02,1.347e-02,5
F8_E4M3_B128,LUT,"U(-1,1)",4096,7168,7168,64x64x32_w4_v3,14.560,14.560,14.570,14.562,28.9060,1.846e-04,2.885e-02,1.347e-02,5
F8_E4M3_B128,LUT,"U(-1,1)",4096,7168,7168,32x64x32_w4_v3_b1,9.880,9.880,9.880,9.880,42.6190,1.846e-04,2.885e-02,1.347e-02,5
F8_E4M3_B128,LUT,"U(-1,1)",4096,7168,7168,128x64x32_w4_v4,14.690,14.680,14.700,14.690,28.6550,1.846e-04,2.885e-02,1.347e-02,5
F8_E4M3_B128,LUT,"U(-1,1)",4096,7168,7168,64x64x32_w4_v4,14.080,14.080,14.080,14.080,29.8960,1.846e-04,2.885e-02,1.347e-02,5
F8_E4M3_B128,LUT,"U(-1,1)",4096,7168,7168,128x64x32_w4_v5,10.020,10.010,10.030,10.018,42.0170,1.846e-04,2.885e-02,1.347e-02,5
F8_E4M3_B128,LUT,"U(-1,1)",4096,7168,7168,64x64x32_w4_v5,6.750,6.730,6.760,6.746,62.3750,1.846e-04,2.885e-02,1.347e-02,5
F8_E4M3_B128,LUT,"U(-1,1)",4096,7168,7168,128x64x32_w4_v3s_ks2,14.840,14.840,14.860,14.844,28.3580,1.846e-04,2.883e-02,1.348e-02,5
F8_E4M3_B128,LUT,"U(-1,1)",4096,7168,7168,128x64x32_w4_v3s_ks4,14.580,14.570,14.590,14.578,28.8780,1.846e-04,2.882e-02,1.348e-02,5
F8_E4M3_B128,LUT,"U(-1,1)",4096,7168,7168,64x64x32_w4_v3s_ks2,14.300,14.300,14.320,14.304,29.4260,1.846e-04,2.883e-02,1.348e-02,5
F8_E4M3_B128,LUT,"U(-1,1)",4096,7168,7168,64x64x32_w4_v3s_ks4,14.010,14.000,14.020,14.010,30.0490,1.846e-04,2.882e-02,1.348e-02,5
F8_E4M3_B128,LUT,"U(-1,1)",4096,7168,7168,64x64x32_w4_v3s_ks8,13.420,13.410,13.430,13.418,31.3760,1.846e-04,2.881e-02,1.347e-02,5
