device: Tesla V100-SXM2-32GB, cc=7.0, smem=48KiB/cta

=== cuBLAS FP16 GEMM ceiling (V100 TC peak target 125 TFLOPS) ===
format,path,dist,M,N,K,tile,status,detail
CUBLAS_FP16,REF,U(-1,1),1,4096,4096,cublas,OK,ms=0.072,tflops=0.47,gbps=466.5,maxabs=0.0e+0,p99=0.0e+0,rel=0.0e+0
CUBLAS_FP16,REF,U(-1,1),16,4096,4096,cublas,OK,ms=0.067,tflops=8.01,gbps=504.3,maxabs=0.0e+0,p99=0.0e+0,rel=0.0e+0
CUBLAS_FP16,REF,U(-1,1),64,4096,4096,cublas,OK,ms=0.120,tflops=17.95,gbps=289.2,maxabs=0.0e+0,p99=0.0e+0,rel=0.0e+0
CUBLAS_FP16,REF,U(-1,1),128,4096,4096,cublas,OK,ms=0.100,tflops=42.89,gbps=356.0,maxabs=0.0e+0,p99=0.0e+0,rel=0.0e+0
CUBLAS_FP16,REF,U(-1,1),256,4096,4096,cublas,OK,ms=0.144,tflops=59.53,gbps=261.6,maxabs=0.0e+0,p99=0.0e+0,rel=0.0e+0
CUBLAS_FP16,REF,U(-1,1),512,4096,4096,cublas,OK,ms=0.246,tflops=69.74,gbps=170.3,maxabs=0.0e+0,p99=0.0e+0,rel=0.0e+0
CUBLAS_FP16,REF,U(-1,1),1024,4096,4096,cublas,OK,ms=0.548,tflops=62.71,gbps=91.9,maxabs=0.0e+0,p99=0.0e+0,rel=0.0e+0
CUBLAS_FP16,REF,U(-1,1),2048,4096,4096,cublas,OK,ms=0.833,tflops=82.50,gbps=80.6,maxabs=0.0e+0,p99=0.0e+0,rel=0.0e+0
CUBLAS_FP16,REF,U(-1,1),1,7168,7168,cublas,OK,ms=0.186,tflops=0.55,gbps=554.0,maxabs=0.0e+0,p99=0.0e+0,rel=0.0e+0
CUBLAS_FP16,REF,U(-1,1),16,7168,7168,cublas,OK,ms=0.228,tflops=7.22,gbps=453.6,maxabs=0.0e+0,p99=0.0e+0,rel=0.0e+0
CUBLAS_FP16,REF,U(-1,1),64,7168,7168,cublas,OK,ms=0.349,tflops=18.84,gbps=299.6,maxabs=0.0e+0,p99=0.0e+0,rel=0.0e+0
CUBLAS_FP16,REF,U(-1,1),128,7168,7168,cublas,OK,ms=0.388,tflops=33.90,gbps=274.3,maxabs=0.0e+0,p99=0.0e+0,rel=0.0e+0
CUBLAS_FP16,REF,U(-1,1),256,7168,7168,cublas,OK,ms=0.478,tflops=55.09,gbps=230.6,maxabs=0.0e+0,p99=0.0e+0,rel=0.0e+0
CUBLAS_FP16,REF,U(-1,1),512,7168,7168,cublas,OK,ms=0.692,tflops=76.05,gbps=169.8,maxabs=0.0e+0,p99=0.0e+0,rel=0.0e+0
CUBLAS_FP16,REF,U(-1,1),1024,7168,7168,cublas,OK,ms=1.243,tflops=84.68,gbps=106.3,maxabs=0.0e+0,p99=0.0e+0,rel=0.0e+0
CUBLAS_FP16,REF,U(-1,1),2048,7168,7168,cublas,OK,ms=2.455,tflops=85.72,gbps=65.8,maxabs=0.0e+0,p99=0.0e+0,rel=0.0e+0
INT8,LUT,U(-1,1),1,4096,4096,16x64x32_w4,OK,ms=0.843,tflops=0.04,gbps=21.2,maxabs=1.897e-02,p99=1.446e-02,rel=2.592e-04
INT8,BITSHIFT,U(-1,1),1,4096,4096,16x64x32_w4,OK,ms=0.422,tflops=0.08,gbps=42.3,maxabs=1.311e-02,p99=9.978e-03,rel=1.834e-04
INT8,LUT,U(-1,1),1,4096,4096,16x128x32_w8,OK,ms=0.896,tflops=0.04,gbps=19.9,maxabs=1.897e-02,p99=1.446e-02,rel=2.592e-04
INT8,BITSHIFT,U(-1,1),1,4096,4096,16x128x32_w8,OK,ms=0.507,tflops=0.07,gbps=35.2,maxabs=1.311e-02,p99=9.978e-03,rel=1.834e-04
INT8,LUT,U(-1,1),1,4096,4096,16x128x32_w4f2,OK,ms=1.555,tflops=0.02,gbps=11.5,maxabs=1.897e-02,p99=1.446e-02,rel=2.592e-04
INT8,BITSHIFT,U(-1,1),1,4096,4096,16x128x32_w4f2,SKIP,MF path-B not implemented
INT8,LUT,U(-1,1),1,4096,4096,16x256x32_w4f4,OK,ms=2.928,tflops=0.01,gbps=6.1,maxabs=1.897e-02,p99=1.446e-02,rel=2.592e-04
INT8,BITSHIFT,U(-1,1),1,4096,4096,16x256x32_w4f4,SKIP,MF path-B not implemented
INT8,LUT,U(-1,1),1,4096,4096,128x64x32_w4_v1,OK,ms=1.133,tflops=0.03,gbps=15.8,maxabs=1.897e-02,p99=1.446e-02,rel=2.592e-04
INT8,BITSHIFT,U(-1,1),1,4096,4096,128x64x32_w4_v1,SKIP,v1 path-B not implemented
INT8,LUT,U(-1,1),1,4096,4096,128x128x32_w4_v1,OK,ms=1.834,tflops=0.02,gbps=9.7,maxabs=1.897e-02,p99=1.446e-02,rel=2.592e-04
INT8,BITSHIFT,U(-1,1),1,4096,4096,128x128x32_w4_v1,SKIP,v1 path-B not implemented
INT8,LUT,U(-1,1),1,4096,4096,128x256x32_w4_v1,OK,ms=3.993,tflops=0.01,gbps=4.5,maxabs=1.897e-02,p99=1.446e-02,rel=2.592e-04
INT8,BITSHIFT,U(-1,1),1,4096,4096,128x256x32_w4_v1,SKIP,v1 path-B not implemented
INT8,LUT,U(-1,1),1,4096,4096,128x256x32_w8_v1,OK,ms=1.927,tflops=0.02,gbps=9.3,maxabs=1.897e-02,p99=1.446e-02,rel=2.592e-04
INT8,BITSHIFT,U(-1,1),1,4096,4096,128x256x32_w8_v1,SKIP,v1 path-B not implemented
INT8,LUT,U(-1,1),1,4096,4096,64x64x32_w4_v1,OK,ms=0.867,tflops=0.04,gbps=20.6,maxabs=1.897e-02,p99=1.446e-02,rel=2.592e-04
INT8,BITSHIFT,U(-1,1),1,4096,4096,64x64x32_w4_v1,SKIP,v1 path-B not implemented
INT8,LUT,U(-1,1),1,4096,4096,64x128x32_w4_v1,OK,ms=1.539,tflops=0.02,gbps=11.6,maxabs=1.897e-02,p99=1.446e-02,rel=2.592e-04
INT8,BITSHIFT,U(-1,1),1,4096,4096,64x128x32_w4_v1,SKIP,v1 path-B not implemented
INT8,LUT,U(-1,1),1,4096,4096,128x64x32_w4_v2,OK,ms=0.434,tflops=0.08,gbps=41.1,maxabs=1.897e-02,p99=1.446e-02,rel=2.592e-04
INT8,BITSHIFT,U(-1,1),1,4096,4096,128x64x32_w4_v2,SKIP,v2 path-B not implemented
INT8,LUT,U(-1,1),1,4096,4096,128x128x32_w4_v2,OK,ms=0.576,tflops=0.06,gbps=31.0,maxabs=1.897e-02,p99=1.446e-02,rel=2.592e-04
INT8,BITSHIFT,U(-1,1),1,4096,4096,128x128x32_w4_v2,SKIP,v2 path-B not implemented
INT8,LUT,U(-1,1),1,4096,4096,128x256x32_w4_v2,OK,ms=1.270,tflops=0.03,gbps=14.1,maxabs=1.897e-02,p99=1.446e-02,rel=2.592e-04
INT8,BITSHIFT,U(-1,1),1,4096,4096,128x256x32_w4_v2,SKIP,v2 path-B not implemented
INT8,LUT,U(-1,1),1,4096,4096,128x256x32_w8_v2,OK,ms=0.812,tflops=0.04,gbps=22.0,maxabs=1.897e-02,p99=1.446e-02,rel=2.592e-04
INT8,BITSHIFT,U(-1,1),1,4096,4096,128x256x32_w8_v2,SKIP,v2 path-B not implemented
INT8,LUT,U(-1,1),1,4096,4096,64x64x32_w4_v2,OK,ms=0.285,tflops=0.12,gbps=62.7,maxabs=1.897e-02,p99=1.446e-02,rel=2.592e-04
INT8,BITSHIFT,U(-1,1),1,4096,4096,64x64x32_w4_v2,SKIP,v2 path-B not implemented
INT8,LUT,U(-1,1),1,4096,4096,64x128x32_w4_v2,OK,ms=0.392,tflops=0.09,gbps=45.6,maxabs=1.897e-02,p99=1.446e-02,rel=2.592e-04
INT8,BITSHIFT,U(-1,1),1,4096,4096,64x128x32_w4_v2,SKIP,v2 path-B not implemented
INT8,LUT,U(-1,1),1,4096,4096,128x64x32_w4_v3,OK,ms=0.381,tflops=0.09,gbps=46.8,maxabs=1.897e-02,p99=1.446e-02,rel=2.592e-04
INT8,BITSHIFT,U(-1,1),1,4096,4096,128x64x32_w4_v3,SKIP,v3 path-B not implemented
INT8,LUT,U(-1,1),1,4096,4096,128x128x32_w4_v3,OK,ms=0.472,tflops=0.07,gbps=37.8,maxabs=1.897e-02,p99=1.446e-02,rel=2.592e-04
INT8,BITSHIFT,U(-1,1),1,4096,4096,128x128x32_w4_v3,SKIP,v3 path-B not implemented
INT8,LUT,U(-1,1),1,4096,4096,128x256x32_w8_v3,SKIP,smem > 48KiB
INT8,BITSHIFT,U(-1,1),1,4096,4096,128x256x32_w8_v3,SKIP,smem > 48KiB
INT8,LUT,U(-1,1),1,4096,4096,64x64x32_w4_v3,OK,ms=0.259,tflops=0.13,gbps=68.9,maxabs=1.897e-02,p99=1.446e-02,rel=2.592e-04
INT8,BITSHIFT,U(-1,1),1,4096,4096,64x64x32_w4_v3,SKIP,v3 path-B not implemented
INT8,LUT,U(-1,1),1,4096,4096,64x128x32_w4_v3,OK,ms=0.325,tflops=0.10,gbps=54.9,maxabs=1.897e-02,p99=1.446e-02,rel=2.592e-04
INT8,BITSHIFT,U(-1,1),1,4096,4096,64x128x32_w4_v3,SKIP,v3 path-B not implemented
INT8,LUT,U(-1,1),1,4096,4096,128x64x32_w4_v4,OK,ms=0.394,tflops=0.09,gbps=45.4,maxabs=1.897e-02,p99=1.446e-02,rel=2.592e-04
INT8,BITSHIFT,U(-1,1),1,4096,4096,128x64x32_w4_v4,SKIP,v4 path-B not implemented
INT8,LUT,U(-1,1),1,4096,4096,128x128x32_w4_v4,OK,ms=0.481,tflops=0.07,gbps=37.1,maxabs=1.897e-02,p99=1.446e-02,rel=2.592e-04
INT8,BITSHIFT,U(-1,1),1,4096,4096,128x128x32_w4_v4,SKIP,v4 path-B not implemented
INT8,LUT,U(-1,1),1,4096,4096,64x64x32_w4_v4,OK,ms=0.262,tflops=0.13,gbps=68.1,maxabs=1.897e-02,p99=1.446e-02,rel=2.592e-04
INT8,BITSHIFT,U(-1,1),1,4096,4096,64x64x32_w4_v4,SKIP,v4 path-B not implemented
INT8,LUT,U(-1,1),1,4096,4096,64x128x32_w4_v4,OK,ms=0.337,tflops=0.10,gbps=52.9,maxabs=1.897e-02,p99=1.446e-02,rel=2.592e-04
INT8,BITSHIFT,U(-1,1),1,4096,4096,64x128x32_w4_v4,SKIP,v4 path-B not implemented
INT8,LUT,U(-1,1),1,4096,4096,128x64x32_w4_v5,OK,ms=0.393,tflops=0.09,gbps=45.4,maxabs=1.897e-02,p99=1.446e-02,rel=2.592e-04
INT8,BITSHIFT,U(-1,1),1,4096,4096,128x64x32_w4_v5,SKIP,v5 path-B not implemented
INT8,LUT,U(-1,1),1,4096,4096,128x128x32_w4_v5,OK,ms=0.499,tflops=0.07,gbps=35.8,maxabs=1.897e-02,p99=1.446e-02,rel=2.592e-04
INT8,BITSHIFT,U(-1,1),1,4096,4096,128x128x32_w4_v5,SKIP,v5 path-B not implemented
INT8,LUT,U(-1,1),1,4096,4096,64x64x32_w4_v5,OK,ms=0.268,tflops=0.13,gbps=66.7,maxabs=1.897e-02,p99=1.446e-02,rel=2.592e-04
INT8,BITSHIFT,U(-1,1),1,4096,4096,64x64x32_w4_v5,SKIP,v5 path-B not implemented
INT8,LUT,U(-1,1),1,4096,4096,64x128x32_w4_v5,OK,ms=0.342,tflops=0.10,gbps=52.2,maxabs=1.897e-02,p99=1.446e-02,rel=2.592e-04
INT8,BITSHIFT,U(-1,1),1,4096,4096,64x128x32_w4_v5,SKIP,v5 path-B not implemented
INT8,LUT,U(-1,1),1,4096,4096,128x128x64_w4_v6,OK,ms=0.617,tflops=0.05,gbps=29.0,maxabs=1.897e-02,p99=1.446e-02,rel=2.592e-04
INT8,BITSHIFT,U(-1,1),1,4096,4096,128x128x64_w4_v6,SKIP,v6 path-B not implemented
INT8,LUT,U(-1,1),1,4096,4096,128x64x64_w4_v6,OK,ms=0.535,tflops=0.06,gbps=33.4,maxabs=1.897e-02,p99=1.446e-02,rel=2.592e-04
INT8,BITSHIFT,U(-1,1),1,4096,4096,128x64x64_w4_v6,SKIP,v6 path-B not implemented
INT8,LUT,U(-1,1),1,4096,4096,64x128x64_w4_v6,OK,ms=0.412,tflops=0.08,gbps=43.4,maxabs=1.897e-02,p99=1.446e-02,rel=2.592e-04
INT8,BITSHIFT,U(-1,1),1,4096,4096,64x128x64_w4_v6,SKIP,v6 path-B not implemented
INT8,LUT,U(-1,1),1,4096,4096,64x64x64_w4_v6,OK,ms=0.323,tflops=0.10,gbps=55.2,maxabs=1.897e-02,p99=1.446e-02,rel=2.592e-04
INT8,BITSHIFT,U(-1,1),1,4096,4096,64x64x64_w4_v6,SKIP,v6 path-B not implemented
INT8,LUT,U(-1,1),16,4096,4096,16x64x32_w4,OK,ms=0.754,tflops=0.71,gbps=24.3,maxabs=2.375e-02,p99=1.435e-02,rel=2.601e-04
INT8,BITSHIFT,U(-1,1),16,4096,4096,16x64x32_w4,OK,ms=0.534,tflops=1.01,gbps=34.4,maxabs=1.652e-02,p99=1.020e-02,rel=1.857e-04
INT8,LUT,U(-1,1),16,4096,4096,16x128x32_w8,OK,ms=0.836,tflops=0.64,gbps=21.9,maxabs=2.375e-02,p99=1.435e-02,rel=2.601e-04
INT8,BITSHIFT,U(-1,1),16,4096,4096,16x128x32_w8,OK,ms=0.669,tflops=0.80,gbps=27.4,maxabs=1.652e-02,p99=1.020e-02,rel=1.857e-04
INT8,LUT,U(-1,1),16,4096,4096,16x128x32_w4f2,OK,ms=1.396,tflops=0.38,gbps=13.1,maxabs=2.375e-02,p99=1.435e-02,rel=2.601e-04
INT8,BITSHIFT,U(-1,1),16,4096,4096,16x128x32_w4f2,SKIP,MF path-B not implemented
INT8,LUT,U(-1,1),16,4096,4096,16x256x32_w4f4,OK,ms=2.628,tflops=0.20,gbps=7.0,maxabs=2.375e-02,p99=1.435e-02,rel=2.601e-04
INT8,BITSHIFT,U(-1,1),16,4096,4096,16x256x32_w4f4,SKIP,MF path-B not implemented
INT8,LUT,U(-1,1),16,4096,4096,128x64x32_w4_v1,OK,ms=1.007,tflops=0.53,gbps=18.2,maxabs=2.375e-02,p99=1.435e-02,rel=2.601e-04
INT8,BITSHIFT,U(-1,1),16,4096,4096,128x64x32_w4_v1,SKIP,v1 path-B not implemented
INT8,LUT,U(-1,1),16,4096,4096,128x128x32_w4_v1,OK,ms=1.640,tflops=0.33,gbps=11.2,maxabs=2.375e-02,p99=1.435e-02,rel=2.601e-04
INT8,BITSHIFT,U(-1,1),16,4096,4096,128x128x32_w4_v1,SKIP,v1 path-B not implemented
INT8,LUT,U(-1,1),16,4096,4096,128x256x32_w4_v1,OK,ms=3.712,tflops=0.14,gbps=4.9,maxabs=2.375e-02,p99=1.435e-02,rel=2.601e-04
INT8,BITSHIFT,U(-1,1),16,4096,4096,128x256x32_w4_v1,SKIP,v1 path-B not implemented
INT8,LUT,U(-1,1),16,4096,4096,128x256x32_w8_v1,OK,ms=1.856,tflops=0.29,gbps=9.9,maxabs=2.375e-02,p99=1.435e-02,rel=2.601e-04
INT8,BITSHIFT,U(-1,1),16,4096,4096,128x256x32_w8_v1,SKIP,v1 path-B not implemented
INT8,LUT,U(-1,1),16,4096,4096,64x64x32_w4_v1,OK,ms=0.838,tflops=0.64,gbps=21.9,maxabs=2.375e-02,p99=1.435e-02,rel=2.601e-04
INT8,BITSHIFT,U(-1,1),16,4096,4096,64x64x32_w4_v1,SKIP,v1 path-B not implemented
INT8,LUT,U(-1,1),16,4096,4096,64x128x32_w4_v1,OK,ms=1.507,tflops=0.36,gbps=12.2,maxabs=2.375e-02,p99=1.435e-02,rel=2.601e-04
INT8,BITSHIFT,U(-1,1),16,4096,4096,64x128x32_w4_v1,SKIP,v1 path-B not implemented
INT8,LUT,U(-1,1),16,4096,4096,128x64x32_w4_v2,OK,ms=0.444,tflops=1.21,gbps=41.3,maxabs=2.375e-02,p99=1.435e-02,rel=2.601e-04
INT8,BITSHIFT,U(-1,1),16,4096,4096,128x64x32_w4_v2,SKIP,v2 path-B not implemented
INT8,LUT,U(-1,1),16,4096,4096,128x128x32_w4_v2,OK,ms=0.572,tflops=0.94,gbps=32.1,maxabs=2.375e-02,p99=1.435e-02,rel=2.601e-04
INT8,BITSHIFT,U(-1,1),16,4096,4096,128x128x32_w4_v2,SKIP,v2 path-B not implemented
INT8,LUT,U(-1,1),16,4096,4096,128x256x32_w4_v2,OK,ms=1.243,tflops=0.43,gbps=14.8,maxabs=2.375e-02,p99=1.435e-02,rel=2.601e-04
INT8,BITSHIFT,U(-1,1),16,4096,4096,128x256x32_w4_v2,SKIP,v2 path-B not implemented
INT8,LUT,U(-1,1),16,4096,4096,128x256x32_w8_v2,OK,ms=0.761,tflops=0.71,gbps=24.1,maxabs=2.375e-02,p99=1.435e-02,rel=2.601e-04
INT8,BITSHIFT,U(-1,1),16,4096,4096,128x256x32_w8_v2,SKIP,v2 path-B not implemented
INT8,LUT,U(-1,1),16,4096,4096,64x64x32_w4_v2,OK,ms=0.301,tflops=1.78,gbps=60.9,maxabs=2.375e-02,p99=1.435e-02,rel=2.601e-04
INT8,BITSHIFT,U(-1,1),16,4096,4096,64x64x32_w4_v2,SKIP,v2 path-B not implemented
INT8,LUT,U(-1,1),16,4096,4096,64x128x32_w4_v2,OK,ms=0.401,tflops=1.34,gbps=45.7,maxabs=2.375e-02,p99=1.435e-02,rel=2.601e-04
INT8,BITSHIFT,U(-1,1),16,4096,4096,64x128x32_w4_v2,SKIP,v2 path-B not implemented
INT8,LUT,U(-1,1),16,4096,4096,128x64x32_w4_v3,OK,ms=0.380,tflops=1.41,gbps=48.3,maxabs=2.375e-02,p99=1.435e-02,rel=2.601e-04
INT8,BITSHIFT,U(-1,1),16,4096,4096,128x64x32_w4_v3,SKIP,v3 path-B not implemented
INT8,LUT,U(-1,1),16,4096,4096,128x128x32_w4_v3,OK,ms=0.470,tflops=1.14,gbps=39.1,maxabs=2.375e-02,p99=1.435e-02,rel=2.601e-04
INT8,BITSHIFT,U(-1,1),16,4096,4096,128x128x32_w4_v3,SKIP,v3 path-B not implemented
INT8,LUT,U(-1,1),16,4096,4096,128x256x32_w8_v3,SKIP,smem > 48KiB
INT8,BITSHIFT,U(-1,1),16,4096,4096,128x256x32_w8_v3,SKIP,smem > 48KiB
INT8,LUT,U(-1,1),16,4096,4096,64x64x32_w4_v3,OK,ms=0.269,tflops=1.99,gbps=68.2,maxabs=2.375e-02,p99=1.435e-02,rel=2.601e-04
INT8,BITSHIFT,U(-1,1),16,4096,4096,64x64x32_w4_v3,SKIP,v3 path-B not implemented
INT8,LUT,U(-1,1),16,4096,4096,64x128x32_w4_v3,OK,ms=0.339,tflops=1.58,gbps=54.1,maxabs=2.375e-02,p99=1.435e-02,rel=2.601e-04
INT8,BITSHIFT,U(-1,1),16,4096,4096,64x128x32_w4_v3,SKIP,v3 path-B not implemented
INT8,LUT,U(-1,1),16,4096,4096,128x64x32_w4_v4,OK,ms=0.392,tflops=1.37,gbps=46.8,maxabs=2.375e-02,p99=1.435e-02,rel=2.601e-04
INT8,BITSHIFT,U(-1,1),16,4096,4096,128x64x32_w4_v4,SKIP,v4 path-B not implemented
INT8,LUT,U(-1,1),16,4096,4096,128x128x32_w4_v4,OK,ms=0.476,tflops=1.13,gbps=38.5,maxabs=2.375e-02,p99=1.435e-02,rel=2.601e-04
INT8,BITSHIFT,U(-1,1),16,4096,4096,128x128x32_w4_v4,SKIP,v4 path-B not implemented
INT8,LUT,U(-1,1),16,4096,4096,64x64x32_w4_v4,OK,ms=0.271,tflops=1.98,gbps=67.6,maxabs=2.375e-02,p99=1.435e-02,rel=2.601e-04
INT8,BITSHIFT,U(-1,1),16,4096,4096,64x64x32_w4_v4,SKIP,v4 path-B not implemented
INT8,LUT,U(-1,1),16,4096,4096,64x128x32_w4_v4,OK,ms=0.343,tflops=1.57,gbps=53.5,maxabs=2.375e-02,p99=1.435e-02,rel=2.601e-04
INT8,BITSHIFT,U(-1,1),16,4096,4096,64x128x32_w4_v4,SKIP,v4 path-B not implemented
INT8,LUT,U(-1,1),16,4096,4096,128x64x32_w4_v5,OK,ms=0.390,tflops=1.38,gbps=47.0,maxabs=2.375e-02,p99=1.435e-02,rel=2.601e-04
INT8,BITSHIFT,U(-1,1),16,4096,4096,128x64x32_w4_v5,SKIP,v5 path-B not implemented
INT8,LUT,U(-1,1),16,4096,4096,128x128x32_w4_v5,OK,ms=0.479,tflops=1.12,gbps=38.3,maxabs=2.375e-02,p99=1.435e-02,rel=2.601e-04
INT8,BITSHIFT,U(-1,1),16,4096,4096,128x128x32_w4_v5,SKIP,v5 path-B not implemented
INT8,LUT,U(-1,1),16,4096,4096,64x64x32_w4_v5,OK,ms=0.270,tflops=1.99,gbps=67.9,maxabs=2.375e-02,p99=1.435e-02,rel=2.601e-04
INT8,BITSHIFT,U(-1,1),16,4096,4096,64x64x32_w4_v5,SKIP,v5 path-B not implemented
INT8,LUT,U(-1,1),16,4096,4096,64x128x32_w4_v5,OK,ms=0.340,tflops=1.58,gbps=54.0,maxabs=2.375e-02,p99=1.435e-02,rel=2.601e-04
INT8,BITSHIFT,U(-1,1),16,4096,4096,64x128x32_w4_v5,SKIP,v5 path-B not implemented
INT8,LUT,U(-1,1),16,4096,4096,128x128x64_w4_v6,OK,ms=0.631,tflops=0.85,gbps=29.1,maxabs=2.375e-02,p99=1.435e-02,rel=2.601e-04
INT8,BITSHIFT,U(-1,1),16,4096,4096,128x128x64_w4_v6,SKIP,v6 path-B not implemented
INT8,LUT,U(-1,1),16,4096,4096,128x64x64_w4_v6,OK,ms=0.543,tflops=0.99,gbps=33.8,maxabs=2.375e-02,p99=1.435e-02,rel=2.601e-04
INT8,BITSHIFT,U(-1,1),16,4096,4096,128x64x64_w4_v6,SKIP,v6 path-B not implemented
INT8,LUT,U(-1,1),16,4096,4096,64x128x64_w4_v6,OK,ms=0.424,tflops=1.27,gbps=43.3,maxabs=2.375e-02,p99=1.435e-02,rel=2.601e-04
INT8,BITSHIFT,U(-1,1),16,4096,4096,64x128x64_w4_v6,SKIP,v6 path-B not implemented
INT8,LUT,U(-1,1),16,4096,4096,64x64x64_w4_v6,OK,ms=0.335,tflops=1.60,gbps=54.8,maxabs=2.375e-02,p99=1.435e-02,rel=2.601e-04
INT8,BITSHIFT,U(-1,1),16,4096,4096,64x64x64_w4_v6,SKIP,v6 path-B not implemented
INT8,LUT,U(-1,1),64,4096,4096,16x64x32_w4,OK,ms=0.795,tflops=2.70,gbps=25.1,maxabs=2.856e-02,p99=1.473e-02,rel=2.601e-04
INT8,BITSHIFT,U(-1,1),64,4096,4096,16x64x32_w4,OK,ms=0.745,tflops=2.88,gbps=26.7,maxabs=1.963e-02,p99=1.034e-02,rel=1.852e-04
INT8,LUT,U(-1,1),64,4096,4096,16x128x32_w8,OK,ms=0.827,tflops=2.60,gbps=24.1,maxabs=2.856e-02,p99=1.473e-02,rel=2.601e-04
INT8,BITSHIFT,U(-1,1),64,4096,4096,16x128x32_w8,OK,ms=0.789,tflops=2.72,gbps=25.2,maxabs=1.963e-02,p99=1.034e-02,rel=1.852e-04
INT8,LUT,U(-1,1),64,4096,4096,16x128x32_w4f2,OK,ms=1.376,tflops=1.56,gbps=14.5,maxabs=2.856e-02,p99=1.473e-02,rel=2.601e-04
INT8,BITSHIFT,U(-1,1),64,4096,4096,16x128x32_w4f2,SKIP,MF path-B not implemented
INT8,LUT,U(-1,1),64,4096,4096,16x256x32_w4f4,OK,ms=2.518,tflops=0.85,gbps=7.9,maxabs=2.856e-02,p99=1.473e-02,rel=2.601e-04
INT8,BITSHIFT,U(-1,1),64,4096,4096,16x256x32_w4f4,SKIP,MF path-B not implemented
INT8,LUT,U(-1,1),64,4096,4096,128x64x32_w4_v1,OK,ms=1.128,tflops=1.90,gbps=17.7,maxabs=2.856e-02,p99=1.473e-02,rel=2.601e-04
INT8,BITSHIFT,U(-1,1),64,4096,4096,128x64x32_w4_v1,SKIP,v1 path-B not implemented
INT8,LUT,U(-1,1),64,4096,4096,128x128x32_w4_v1,OK,ms=1.726,tflops=1.24,gbps=11.5,maxabs=2.856e-02,p99=1.473e-02,rel=2.601e-04
INT8,BITSHIFT,U(-1,1),64,4096,4096,128x128x32_w4_v1,SKIP,v1 path-B not implemented
INT8,LUT,U(-1,1),64,4096,4096,128x256x32_w4_v1,OK,ms=4.092,tflops=0.52,gbps=4.9,maxabs=2.856e-02,p99=1.473e-02,rel=2.601e-04
INT8,BITSHIFT,U(-1,1),64,4096,4096,128x256x32_w4_v1,SKIP,v1 path-B not implemented
INT8,LUT,U(-1,1),64,4096,4096,128x256x32_w8_v1,OK,ms=1.889,tflops=1.14,gbps=10.5,maxabs=2.856e-02,p99=1.473e-02,rel=2.601e-04
INT8,BITSHIFT,U(-1,1),64,4096,4096,128x256x32_w8_v1,SKIP,v1 path-B not implemented
INT8,LUT,U(-1,1),64,4096,4096,64x64x32_w4_v1,OK,ms=0.956,tflops=2.25,gbps=20.8,maxabs=2.856e-02,p99=1.473e-02,rel=2.601e-04
INT8,BITSHIFT,U(-1,1),64,4096,4096,64x64x32_w4_v1,SKIP,v1 path-B not implemented
INT8,LUT,U(-1,1),64,4096,4096,64x128x32_w4_v1,OK,ms=1.586,tflops=1.35,gbps=12.6,maxabs=2.856e-02,p99=1.473e-02,rel=2.601e-04
INT8,BITSHIFT,U(-1,1),64,4096,4096,64x128x32_w4_v1,SKIP,v1 path-B not implemented
INT8,LUT,U(-1,1),64,4096,4096,128x64x32_w4_v2,OK,ms=0.570,tflops=3.77,gbps=34.9,maxabs=2.856e-02,p99=1.473e-02,rel=2.601e-04
INT8,BITSHIFT,U(-1,1),64,4096,4096,128x64x32_w4_v2,SKIP,v2 path-B not implemented
INT8,LUT,U(-1,1),64,4096,4096,128x128x32_w4_v2,OK,ms=0.680,tflops=3.16,gbps=29.3,maxabs=2.856e-02,p99=1.473e-02,rel=2.601e-04
INT8,BITSHIFT,U(-1,1),64,4096,4096,128x128x32_w4_v2,SKIP,v2 path-B not implemented
INT8,LUT,U(-1,1),64,4096,4096,128x256x32_w4_v2,OK,ms=1.310,tflops=1.64,gbps=15.2,maxabs=2.856e-02,p99=1.473e-02,rel=2.601e-04
INT8,BITSHIFT,U(-1,1),64,4096,4096,128x256x32_w4_v2,SKIP,v2 path-B not implemented
INT8,LUT,U(-1,1),64,4096,4096,128x256x32_w8_v2,OK,ms=0.832,tflops=2.58,gbps=24.0,maxabs=2.856e-02,p99=1.473e-02,rel=2.601e-04
INT8,BITSHIFT,U(-1,1),64,4096,4096,128x256x32_w8_v2,SKIP,v2 path-B not implemented
INT8,LUT,U(-1,1),64,4096,4096,64x64x32_w4_v2,OK,ms=0.431,tflops=4.99,gbps=46.3,maxabs=2.856e-02,p99=1.473e-02,rel=2.601e-04
INT8,BITSHIFT,U(-1,1),64,4096,4096,64x64x32_w4_v2,SKIP,v2 path-B not implemented
INT8,LUT,U(-1,1),64,4096,4096,64x128x32_w4_v2,OK,ms=0.510,tflops=4.21,gbps=39.0,maxabs=2.856e-02,p99=1.473e-02,rel=2.601e-04
INT8,BITSHIFT,U(-1,1),64,4096,4096,64x128x32_w4_v2,SKIP,v2 path-B not implemented
INT8,LUT,U(-1,1),64,4096,4096,128x64x32_w4_v3,OK,ms=0.399,tflops=5.39,gbps=50.0,maxabs=2.856e-02,p99=1.473e-02,rel=2.601e-04
INT8,BITSHIFT,U(-1,1),64,4096,4096,128x64x32_w4_v3,SKIP,v3 path-B not implemented
INT8,LUT,U(-1,1),64,4096,4096,128x128x32_w4_v3,OK,ms=0.498,tflops=4.31,gbps=40.0,maxabs=2.856e-02,p99=1.473e-02,rel=2.601e-04
INT8,BITSHIFT,U(-1,1),64,4096,4096,128x128x32_w4_v3,SKIP,v3 path-B not implemented
INT8,LUT,U(-1,1),64,4096,4096,128x256x32_w8_v3,SKIP,smem > 48KiB
INT8,BITSHIFT,U(-1,1),64,4096,4096,128x256x32_w8_v3,SKIP,smem > 48KiB
INT8,LUT,U(-1,1),64,4096,4096,64x64x32_w4_v3,OK,ms=0.327,tflops=6.56,gbps=60.9,maxabs=2.856e-02,p99=1.473e-02,rel=2.601e-04
INT8,BITSHIFT,U(-1,1),64,4096,4096,64x64x32_w4_v3,SKIP,v3 path-B not implemented
INT8,LUT,U(-1,1),64,4096,4096,64x128x32_w4_v3,OK,ms=0.361,tflops=5.95,gbps=55.2,maxabs=2.856e-02,p99=1.473e-02,rel=2.601e-04
INT8,BITSHIFT,U(-1,1),64,4096,4096,64x128x32_w4_v3,SKIP,v3 path-B not implemented
INT8,LUT,U(-1,1),64,4096,4096,128x64x32_w4_v4,OK,ms=0.408,tflops=5.26,gbps=48.8,maxabs=2.856e-02,p99=1.473e-02,rel=2.601e-04
INT8,BITSHIFT,U(-1,1),64,4096,4096,128x64x32_w4_v4,SKIP,v4 path-B not implemented
INT8,LUT,U(-1,1),64,4096,4096,128x128x32_w4_v4,OK,ms=0.504,tflops=4.26,gbps=39.5,maxabs=2.856e-02,p99=1.473e-02,rel=2.601e-04
INT8,BITSHIFT,U(-1,1),64,4096,4096,128x128x32_w4_v4,SKIP,v4 path-B not implemented
INT8,LUT,U(-1,1),64,4096,4096,64x64x32_w4_v4,OK,ms=0.288,tflops=7.44,gbps=69.1,maxabs=2.856e-02,p99=1.473e-02,rel=2.601e-04
INT8,BITSHIFT,U(-1,1),64,4096,4096,64x64x32_w4_v4,SKIP,v4 path-B not implemented
INT8,LUT,U(-1,1),64,4096,4096,64x128x32_w4_v4,OK,ms=0.363,tflops=5.91,gbps=54.8,maxabs=2.856e-02,p99=1.473e-02,rel=2.601e-04
INT8,BITSHIFT,U(-1,1),64,4096,4096,64x128x32_w4_v4,SKIP,v4 path-B not implemented
INT8,LUT,U(-1,1),64,4096,4096,128x64x32_w4_v5,OK,ms=0.409,tflops=5.25,gbps=48.7,maxabs=2.856e-02,p99=1.473e-02,rel=2.601e-04
INT8,BITSHIFT,U(-1,1),64,4096,4096,128x64x32_w4_v5,SKIP,v5 path-B not implemented
INT8,LUT,U(-1,1),64,4096,4096,128x128x32_w4_v5,OK,ms=0.508,tflops=4.23,gbps=39.2,maxabs=2.856e-02,p99=1.473e-02,rel=2.601e-04
INT8,BITSHIFT,U(-1,1),64,4096,4096,128x128x32_w4_v5,SKIP,v5 path-B not implemented
INT8,LUT,U(-1,1),64,4096,4096,64x64x32_w4_v5,OK,ms=0.289,tflops=7.44,gbps=69.0,maxabs=2.856e-02,p99=1.473e-02,rel=2.601e-04
INT8,BITSHIFT,U(-1,1),64,4096,4096,64x64x32_w4_v5,SKIP,v5 path-B not implemented
INT8,LUT,U(-1,1),64,4096,4096,64x128x32_w4_v5,OK,ms=0.364,tflops=5.91,gbps=54.8,maxabs=2.856e-02,p99=1.473e-02,rel=2.601e-04
INT8,BITSHIFT,U(-1,1),64,4096,4096,64x128x32_w4_v5,SKIP,v5 path-B not implemented
INT8,LUT,U(-1,1),64,4096,4096,128x128x64_w4_v6,OK,ms=0.656,tflops=3.27,gbps=30.4,maxabs=2.856e-02,p99=1.473e-02,rel=2.601e-04
INT8,BITSHIFT,U(-1,1),64,4096,4096,128x128x64_w4_v6,SKIP,v6 path-B not implemented
INT8,LUT,U(-1,1),64,4096,4096,128x64x64_w4_v6,OK,ms=0.578,tflops=3.72,gbps=34.5,maxabs=2.856e-02,p99=1.473e-02,rel=2.601e-04
INT8,BITSHIFT,U(-1,1),64,4096,4096,128x64x64_w4_v6,SKIP,v6 path-B not implemented
INT8,LUT,U(-1,1),64,4096,4096,64x128x64_w4_v6,OK,ms=0.450,tflops=4.77,gbps=44.3,maxabs=2.856e-02,p99=1.473e-02,rel=2.601e-04
INT8,BITSHIFT,U(-1,1),64,4096,4096,64x128x64_w4_v6,SKIP,v6 path-B not implemented
INT8,LUT,U(-1,1),64,4096,4096,64x64x64_w4_v6,OK,ms=0.371,tflops=5.79,gbps=53.7,maxabs=2.856e-02,p99=1.473e-02,rel=2.601e-04
INT8,BITSHIFT,U(-1,1),64,4096,4096,64x64x64_w4_v6,SKIP,v6 path-B not implemented
INT8,LUT,U(-1,1),128,4096,4096,16x64x32_w4,OK,ms=0.914,tflops=4.70,gbps=24.1,maxabs=2.855e-02,p99=1.473e-02,rel=2.602e-04
INT8,BITSHIFT,U(-1,1),128,4096,4096,16x64x32_w4,OK,ms=1.186,tflops=3.62,gbps=18.6,maxabs=1.963e-02,p99=1.035e-02,rel=1.852e-04
INT8,LUT,U(-1,1),128,4096,4096,16x128x32_w8,OK,ms=0.954,tflops=4.50,gbps=23.1,maxabs=2.855e-02,p99=1.473e-02,rel=2.602e-04
INT8,BITSHIFT,U(-1,1),128,4096,4096,16x128x32_w8,OK,ms=1.360,tflops=3.16,gbps=16.2,maxabs=1.963e-02,p99=1.035e-02,rel=1.852e-04
INT8,LUT,U(-1,1),128,4096,4096,16x128x32_w4f2,OK,ms=1.459,tflops=2.94,gbps=15.1,maxabs=2.855e-02,p99=1.473e-02,rel=2.602e-04
INT8,BITSHIFT,U(-1,1),128,4096,4096,16x128x32_w4f2,SKIP,MF path-B not implemented
INT8,LUT,U(-1,1),128,4096,4096,16x256x32_w4f4,OK,ms=2.557,tflops=1.68,gbps=8.6,maxabs=2.855e-02,p99=1.473e-02,rel=2.602e-04
INT8,BITSHIFT,U(-1,1),128,4096,4096,16x256x32_w4f4,SKIP,MF path-B not implemented
INT8,LUT,U(-1,1),128,4096,4096,128x64x32_w4_v1,OK,ms=1.261,tflops=3.41,gbps=17.5,maxabs=2.855e-02,p99=1.473e-02,rel=2.602e-04
INT8,BITSHIFT,U(-1,1),128,4096,4096,128x64x32_w4_v1,SKIP,v1 path-B not implemented
INT8,LUT,U(-1,1),128,4096,4096,128x128x32_w4_v1,OK,ms=1.885,tflops=2.28,gbps=11.7,maxabs=2.855e-02,p99=1.473e-02,rel=2.602e-04
INT8,BITSHIFT,U(-1,1),128,4096,4096,128x128x32_w4_v1,SKIP,v1 path-B not implemented
INT8,LUT,U(-1,1),128,4096,4096,128x256x32_w4_v1,OK,ms=4.697,tflops=0.91,gbps=4.7,maxabs=2.855e-02,p99=1.473e-02,rel=2.602e-04
INT8,BITSHIFT,U(-1,1),128,4096,4096,128x256x32_w4_v1,SKIP,v1 path-B not implemented
INT8,LUT,U(-1,1),128,4096,4096,128x256x32_w8_v1,OK,ms=1.975,tflops=2.17,gbps=11.2,maxabs=2.855e-02,p99=1.473e-02,rel=2.602e-04
INT8,BITSHIFT,U(-1,1),128,4096,4096,128x256x32_w8_v1,SKIP,v1 path-B not implemented
INT8,LUT,U(-1,1),128,4096,4096,64x64x32_w4_v1,OK,ms=0.952,tflops=4.51,gbps=23.1,maxabs=2.855e-02,p99=1.473e-02,rel=2.602e-04
INT8,BITSHIFT,U(-1,1),128,4096,4096,64x64x32_w4_v1,SKIP,v1 path-B not implemented
INT8,LUT,U(-1,1),128,4096,4096,64x128x32_w4_v1,OK,ms=1.566,tflops=2.74,gbps=14.1,maxabs=2.855e-02,p99=1.473e-02,rel=2.602e-04
INT8,BITSHIFT,U(-1,1),128,4096,4096,64x128x32_w4_v1,SKIP,v1 path-B not implemented
INT8,LUT,U(-1,1),128,4096,4096,128x64x32_w4_v2,OK,ms=0.754,tflops=5.70,gbps=29.2,maxabs=2.855e-02,p99=1.473e-02,rel=2.602e-04
INT8,BITSHIFT,U(-1,1),128,4096,4096,128x64x32_w4_v2,SKIP,v2 path-B not implemented
INT8,LUT,U(-1,1),128,4096,4096,128x128x32_w4_v2,OK,ms=0.858,tflops=5.00,gbps=25.7,maxabs=2.855e-02,p99=1.473e-02,rel=2.602e-04
INT8,BITSHIFT,U(-1,1),128,4096,4096,128x128x32_w4_v2,SKIP,v2 path-B not implemented
INT8,LUT,U(-1,1),128,4096,4096,128x256x32_w4_v2,OK,ms=1.482,tflops=2.90,gbps=14.9,maxabs=2.855e-02,p99=1.473e-02,rel=2.602e-04
INT8,BITSHIFT,U(-1,1),128,4096,4096,128x256x32_w4_v2,SKIP,v2 path-B not implemented
INT8,LUT,U(-1,1),128,4096,4096,128x256x32_w8_v2,OK,ms=0.912,tflops=4.71,gbps=24.1,maxabs=2.855e-02,p99=1.473e-02,rel=2.602e-04
INT8,BITSHIFT,U(-1,1),128,4096,4096,128x256x32_w8_v2,SKIP,v2 path-B not implemented
INT8,LUT,U(-1,1),128,4096,4096,64x64x32_w4_v2,OK,ms=0.465,tflops=9.24,gbps=47.4,maxabs=2.855e-02,p99=1.473e-02,rel=2.602e-04
INT8,BITSHIFT,U(-1,1),128,4096,4096,64x64x32_w4_v2,SKIP,v2 path-B not implemented
INT8,LUT,U(-1,1),128,4096,4096,64x128x32_w4_v2,OK,ms=0.510,tflops=8.43,gbps=43.2,maxabs=2.855e-02,p99=1.473e-02,rel=2.602e-04
INT8,BITSHIFT,U(-1,1),128,4096,4096,64x128x32_w4_v2,SKIP,v2 path-B not implemented
INT8,LUT,U(-1,1),128,4096,4096,128x64x32_w4_v3,OK,ms=0.450,tflops=9.55,gbps=48.9,maxabs=2.855e-02,p99=1.473e-02,rel=2.602e-04
INT8,BITSHIFT,U(-1,1),128,4096,4096,128x64x32_w4_v3,SKIP,v3 path-B not implemented
INT8,LUT,U(-1,1),128,4096,4096,128x128x32_w4_v3,OK,ms=0.542,tflops=7.92,gbps=40.6,maxabs=2.855e-02,p99=1.473e-02,rel=2.602e-04
INT8,BITSHIFT,U(-1,1),128,4096,4096,128x128x32_w4_v3,SKIP,v3 path-B not implemented
INT8,LUT,U(-1,1),128,4096,4096,128x256x32_w8_v3,SKIP,smem > 48KiB
INT8,BITSHIFT,U(-1,1),128,4096,4096,128x256x32_w8_v3,SKIP,smem > 48KiB
INT8,LUT,U(-1,1),128,4096,4096,64x64x32_w4_v3,OK,ms=0.363,tflops=11.84,gbps=60.7,maxabs=2.855e-02,p99=1.473e-02,rel=2.602e-04
INT8,BITSHIFT,U(-1,1),128,4096,4096,64x64x32_w4_v3,SKIP,v3 path-B not implemented
INT8,LUT,U(-1,1),128,4096,4096,64x128x32_w4_v3,OK,ms=0.361,tflops=11.90,gbps=61.0,maxabs=2.855e-02,p99=1.473e-02,rel=2.602e-04
INT8,BITSHIFT,U(-1,1),128,4096,4096,64x128x32_w4_v3,SKIP,v3 path-B not implemented
INT8,LUT,U(-1,1),128,4096,4096,128x64x32_w4_v4,OK,ms=0.463,tflops=9.28,gbps=47.6,maxabs=2.855e-02,p99=1.473e-02,rel=2.602e-04
INT8,BITSHIFT,U(-1,1),128,4096,4096,128x64x32_w4_v4,SKIP,v4 path-B not implemented
INT8,LUT,U(-1,1),128,4096,4096,128x128x32_w4_v4,OK,ms=0.542,tflops=7.93,gbps=40.6,maxabs=2.855e-02,p99=1.473e-02,rel=2.602e-04
INT8,BITSHIFT,U(-1,1),128,4096,4096,128x128x32_w4_v4,SKIP,v4 path-B not implemented
INT8,LUT,U(-1,1),128,4096,4096,64x64x32_w4_v4,OK,ms=0.345,tflops=12.45,gbps=63.8,maxabs=2.855e-02,p99=1.473e-02,rel=2.602e-04
INT8,BITSHIFT,U(-1,1),128,4096,4096,64x64x32_w4_v4,SKIP,v4 path-B not implemented
INT8,LUT,U(-1,1),128,4096,4096,64x128x32_w4_v4,OK,ms=0.361,tflops=11.90,gbps=61.0,maxabs=2.855e-02,p99=1.473e-02,rel=2.602e-04
INT8,BITSHIFT,U(-1,1),128,4096,4096,64x128x32_w4_v4,SKIP,v4 path-B not implemented
INT8,LUT,U(-1,1),128,4096,4096,128x64x32_w4_v5,OK,ms=0.465,tflops=9.23,gbps=47.3,maxabs=2.855e-02,p99=1.473e-02,rel=2.602e-04
INT8,BITSHIFT,U(-1,1),128,4096,4096,128x64x32_w4_v5,SKIP,v5 path-B not implemented
INT8,LUT,U(-1,1),128,4096,4096,128x128x32_w4_v5,OK,ms=0.539,tflops=7.97,gbps=40.8,maxabs=2.855e-02,p99=1.473e-02,rel=2.602e-04
INT8,BITSHIFT,U(-1,1),128,4096,4096,128x128x32_w4_v5,SKIP,v5 path-B not implemented
INT8,LUT,U(-1,1),128,4096,4096,64x64x32_w4_v5,OK,ms=0.344,tflops=12.47,gbps=63.9,maxabs=2.855e-02,p99=1.473e-02,rel=2.602e-04
INT8,BITSHIFT,U(-1,1),128,4096,4096,64x64x32_w4_v5,SKIP,v5 path-B not implemented
INT8,LUT,U(-1,1),128,4096,4096,64x128x32_w4_v5,OK,ms=0.361,tflops=11.90,gbps=61.0,maxabs=2.855e-02,p99=1.473e-02,rel=2.602e-04
INT8,BITSHIFT,U(-1,1),128,4096,4096,64x128x32_w4_v5,SKIP,v5 path-B not implemented
INT8,LUT,U(-1,1),128,4096,4096,128x128x64_w4_v6,OK,ms=0.712,tflops=6.03,gbps=30.9,maxabs=2.855e-02,p99=1.473e-02,rel=2.602e-04
INT8,BITSHIFT,U(-1,1),128,4096,4096,128x128x64_w4_v6,SKIP,v6 path-B not implemented
INT8,LUT,U(-1,1),128,4096,4096,128x64x64_w4_v6,OK,ms=0.630,tflops=6.81,gbps=34.9,maxabs=2.855e-02,p99=1.473e-02,rel=2.602e-04
INT8,BITSHIFT,U(-1,1),128,4096,4096,128x64x64_w4_v6,SKIP,v6 path-B not implemented
INT8,LUT,U(-1,1),128,4096,4096,64x128x64_w4_v6,OK,ms=0.443,tflops=9.70,gbps=49.7,maxabs=2.855e-02,p99=1.473e-02,rel=2.602e-04
INT8,BITSHIFT,U(-1,1),128,4096,4096,64x128x64_w4_v6,SKIP,v6 path-B not implemented
INT8,LUT,U(-1,1),128,4096,4096,64x64x64_w4_v6,OK,ms=0.496,tflops=8.65,gbps=44.4,maxabs=2.855e-02,p99=1.473e-02,rel=2.602e-04
INT8,BITSHIFT,U(-1,1),128,4096,4096,64x64x64_w4_v6,SKIP,v6 path-B not implemented
INT8,LUT,U(-1,1),256,4096,4096,16x64x32_w4,OK,ms=1.828,tflops=4.70,gbps=14.3,maxabs=2.855e-02,p99=1.464e-02,rel=2.597e-04
INT8,BITSHIFT,U(-1,1),256,4096,4096,16x64x32_w4,OK,ms=2.678,tflops=3.21,gbps=9.8,maxabs=1.963e-02,p99=9.987e-03,rel=1.849e-04
INT8,LUT,U(-1,1),256,4096,4096,16x128x32_w8,OK,ms=1.911,tflops=4.50,gbps=13.7,maxabs=2.855e-02,p99=1.464e-02,rel=2.597e-04
INT8,BITSHIFT,U(-1,1),256,4096,4096,16x128x32_w8,OK,ms=2.640,tflops=3.25,gbps=9.9,maxabs=1.963e-02,p99=9.987e-03,rel=1.849e-04
INT8,LUT,U(-1,1),256,4096,4096,16x128x32_w4f2,OK,ms=1.668,tflops=5.15,gbps=15.7,maxabs=2.855e-02,p99=1.464e-02,rel=2.597e-04
INT8,BITSHIFT,U(-1,1),256,4096,4096,16x128x32_w4f2,SKIP,MF path-B not implemented
INT8,LUT,U(-1,1),256,4096,4096,16x256x32_w4f4,OK,ms=2.740,tflops=3.14,gbps=9.6,maxabs=2.855e-02,p99=1.464e-02,rel=2.597e-04
INT8,BITSHIFT,U(-1,1),256,4096,4096,16x256x32_w4f4,SKIP,MF path-B not implemented
INT8,LUT,U(-1,1),256,4096,4096,128x64x32_w4_v1,OK,ms=1.269,tflops=6.77,gbps=20.7,maxabs=2.855e-02,p99=1.464e-02,rel=2.597e-04
INT8,BITSHIFT,U(-1,1),256,4096,4096,128x64x32_w4_v1,SKIP,v1 path-B not implemented
INT8,LUT,U(-1,1),256,4096,4096,128x128x32_w4_v1,OK,ms=1.857,tflops=4.63,gbps=14.1,maxabs=2.855e-02,p99=1.464e-02,rel=2.597e-04
INT8,BITSHIFT,U(-1,1),256,4096,4096,128x128x32_w4_v1,SKIP,v1 path-B not implemented
INT8,LUT,U(-1,1),256,4096,4096,128x256x32_w4_v1,OK,ms=4.637,tflops=1.85,gbps=5.7,maxabs=2.855e-02,p99=1.464e-02,rel=2.597e-04
INT8,BITSHIFT,U(-1,1),256,4096,4096,128x256x32_w4_v1,SKIP,v1 path-B not implemented
INT8,LUT,U(-1,1),256,4096,4096,128x256x32_w8_v1,OK,ms=1.925,tflops=4.46,gbps=13.6,maxabs=2.855e-02,p99=1.464e-02,rel=2.597e-04
INT8,BITSHIFT,U(-1,1),256,4096,4096,128x256x32_w8_v1,SKIP,v1 path-B not implemented
INT8,LUT,U(-1,1),256,4096,4096,64x64x32_w4_v1,OK,ms=1.073,tflops=8.00,gbps=24.4,maxabs=2.855e-02,p99=1.464e-02,rel=2.597e-04
INT8,BITSHIFT,U(-1,1),256,4096,4096,64x64x32_w4_v1,SKIP,v1 path-B not implemented
INT8,LUT,U(-1,1),256,4096,4096,64x128x32_w4_v1,OK,ms=1.581,tflops=5.43,gbps=16.6,maxabs=2.855e-02,p99=1.464e-02,rel=2.597e-04
INT8,BITSHIFT,U(-1,1),256,4096,4096,64x128x32_w4_v1,SKIP,v1 path-B not implemented
INT8,LUT,U(-1,1),256,4096,4096,128x64x32_w4_v2,OK,ms=0.759,tflops=11.32,gbps=34.5,maxabs=2.855e-02,p99=1.464e-02,rel=2.597e-04
INT8,BITSHIFT,U(-1,1),256,4096,4096,128x64x32_w4_v2,SKIP,v2 path-B not implemented
INT8,LUT,U(-1,1),256,4096,4096,128x128x32_w4_v2,OK,ms=0.858,tflops=10.01,gbps=30.5,maxabs=2.855e-02,p99=1.464e-02,rel=2.597e-04
INT8,BITSHIFT,U(-1,1),256,4096,4096,128x128x32_w4_v2,SKIP,v2 path-B not implemented
INT8,LUT,U(-1,1),256,4096,4096,128x256x32_w4_v2,OK,ms=1.481,tflops=5.80,gbps=17.7,maxabs=2.855e-02,p99=1.464e-02,rel=2.597e-04
INT8,BITSHIFT,U(-1,1),256,4096,4096,128x256x32_w4_v2,SKIP,v2 path-B not implemented
INT8,LUT,U(-1,1),256,4096,4096,128x256x32_w8_v2,OK,ms=0.905,tflops=9.49,gbps=29.0,maxabs=2.855e-02,p99=1.464e-02,rel=2.597e-04
INT8,BITSHIFT,U(-1,1),256,4096,4096,128x256x32_w8_v2,SKIP,v2 path-B not implemented
INT8,LUT,U(-1,1),256,4096,4096,64x64x32_w4_v2,OK,ms=0.695,tflops=12.36,gbps=37.7,maxabs=2.855e-02,p99=1.464e-02,rel=2.597e-04
INT8,BITSHIFT,U(-1,1),256,4096,4096,64x64x32_w4_v2,SKIP,v2 path-B not implemented
INT8,LUT,U(-1,1),256,4096,4096,64x128x32_w4_v2,OK,ms=0.615,tflops=13.96,gbps=42.6,maxabs=2.855e-02,p99=1.464e-02,rel=2.597e-04
INT8,BITSHIFT,U(-1,1),256,4096,4096,64x128x32_w4_v2,SKIP,v2 path-B not implemented
INT8,LUT,U(-1,1),256,4096,4096,128x64x32_w4_v3,OK,ms=0.545,tflops=15.77,gbps=48.1,maxabs=2.855e-02,p99=1.464e-02,rel=2.597e-04
INT8,BITSHIFT,U(-1,1),256,4096,4096,128x64x32_w4_v3,SKIP,v3 path-B not implemented
INT8,LUT,U(-1,1),256,4096,4096,128x128x32_w4_v3,OK,ms=0.541,tflops=15.88,gbps=48.5,maxabs=2.855e-02,p99=1.464e-02,rel=2.597e-04
INT8,BITSHIFT,U(-1,1),256,4096,4096,128x128x32_w4_v3,SKIP,v3 path-B not implemented
INT8,LUT,U(-1,1),256,4096,4096,128x256x32_w8_v3,SKIP,smem > 48KiB
INT8,BITSHIFT,U(-1,1),256,4096,4096,128x256x32_w8_v3,SKIP,smem > 48KiB
INT8,LUT,U(-1,1),256,4096,4096,64x64x32_w4_v3,OK,ms=0.556,tflops=15.44,gbps=47.1,maxabs=2.855e-02,p99=1.464e-02,rel=2.597e-04
INT8,BITSHIFT,U(-1,1),256,4096,4096,64x64x32_w4_v3,SKIP,v3 path-B not implemented
INT8,LUT,U(-1,1),256,4096,4096,64x128x32_w4_v3,OK,ms=0.435,tflops=19.75,gbps=60.3,maxabs=2.855e-02,p99=1.464e-02,rel=2.597e-04
INT8,BITSHIFT,U(-1,1),256,4096,4096,64x128x32_w4_v3,SKIP,v3 path-B not implemented
INT8,LUT,U(-1,1),256,4096,4096,128x64x32_w4_v4,OK,ms=0.571,tflops=15.04,gbps=45.9,maxabs=2.855e-02,p99=1.464e-02,rel=2.597e-04
INT8,BITSHIFT,U(-1,1),256,4096,4096,128x64x32_w4_v4,SKIP,v4 path-B not implemented
INT8,LUT,U(-1,1),256,4096,4096,128x128x32_w4_v4,OK,ms=0.541,tflops=15.87,gbps=48.4,maxabs=2.855e-02,p99=1.464e-02,rel=2.597e-04
INT8,BITSHIFT,U(-1,1),256,4096,4096,128x128x32_w4_v4,SKIP,v4 path-B not implemented
INT8,LUT,U(-1,1),256,4096,4096,64x64x32_w4_v4,OK,ms=0.580,tflops=14.82,gbps=45.2,maxabs=2.855e-02,p99=1.464e-02,rel=2.597e-04
INT8,BITSHIFT,U(-1,1),256,4096,4096,64x64x32_w4_v4,SKIP,v4 path-B not implemented
INT8,LUT,U(-1,1),256,4096,4096,64x128x32_w4_v4,OK,ms=0.440,tflops=19.51,gbps=59.5,maxabs=2.855e-02,p99=1.464e-02,rel=2.597e-04
INT8,BITSHIFT,U(-1,1),256,4096,4096,64x128x32_w4_v4,SKIP,v4 path-B not implemented
INT8,LUT,U(-1,1),256,4096,4096,128x64x32_w4_v5,OK,ms=0.556,tflops=15.44,gbps=47.1,maxabs=2.855e-02,p99=1.464e-02,rel=2.597e-04
INT8,BITSHIFT,U(-1,1),256,4096,4096,128x64x32_w4_v5,SKIP,v5 path-B not implemented
INT8,LUT,U(-1,1),256,4096,4096,128x128x32_w4_v5,OK,ms=0.539,tflops=15.95,gbps=48.7,maxabs=2.855e-02,p99=1.464e-02,rel=2.597e-04
INT8,BITSHIFT,U(-1,1),256,4096,4096,128x128x32_w4_v5,SKIP,v5 path-B not implemented
INT8,LUT,U(-1,1),256,4096,4096,64x64x32_w4_v5,OK,ms=0.700,tflops=12.27,gbps=37.5,maxabs=2.855e-02,p99=1.464e-02,rel=2.597e-04
INT8,BITSHIFT,U(-1,1),256,4096,4096,64x64x32_w4_v5,SKIP,v5 path-B not implemented
INT8,LUT,U(-1,1),256,4096,4096,64x128x32_w4_v5,OK,ms=0.440,tflops=19.52,gbps=59.6,maxabs=2.855e-02,p99=1.464e-02,rel=2.597e-04
INT8,BITSHIFT,U(-1,1),256,4096,4096,64x128x32_w4_v5,SKIP,v5 path-B not implemented
INT8,LUT,U(-1,1),256,4096,4096,128x128x64_w4_v6,OK,ms=0.709,tflops=12.12,gbps=37.0,maxabs=2.855e-02,p99=1.464e-02,rel=2.597e-04
INT8,BITSHIFT,U(-1,1),256,4096,4096,128x128x64_w4_v6,SKIP,v6 path-B not implemented
INT8,LUT,U(-1,1),256,4096,4096,128x64x64_w4_v6,OK,ms=0.869,tflops=9.88,gbps=30.2,maxabs=2.855e-02,p99=1.464e-02,rel=2.597e-04
INT8,BITSHIFT,U(-1,1),256,4096,4096,128x64x64_w4_v6,SKIP,v6 path-B not implemented
INT8,LUT,U(-1,1),256,4096,4096,64x128x64_w4_v6,OK,ms=0.574,tflops=14.96,gbps=45.6,maxabs=2.855e-02,p99=1.464e-02,rel=2.597e-04
INT8,BITSHIFT,U(-1,1),256,4096,4096,64x128x64_w4_v6,SKIP,v6 path-B not implemented
INT8,LUT,U(-1,1),256,4096,4096,64x64x64_w4_v6,OK,ms=0.906,tflops=9.48,gbps=28.9,maxabs=2.855e-02,p99=1.464e-02,rel=2.597e-04
INT8,BITSHIFT,U(-1,1),256,4096,4096,64x64x64_w4_v6,SKIP,v6 path-B not implemented
INT8,LUT,U(-1,1),512,4096,4096,16x64x32_w4,OK,ms=3.658,tflops=4.70,gbps=9.5,maxabs=2.854e-02,p99=1.429e-02,rel=2.596e-04
INT8,BITSHIFT,U(-1,1),512,4096,4096,16x64x32_w4,OK,ms=4.755,tflops=3.61,gbps=7.3,maxabs=1.971e-02,p99=1.010e-02,rel=1.848e-04
INT8,LUT,U(-1,1),512,4096,4096,16x128x32_w8,OK,ms=3.956,tflops=4.34,gbps=8.7,maxabs=2.854e-02,p99=1.429e-02,rel=2.596e-04
INT8,BITSHIFT,U(-1,1),512,4096,4096,16x128x32_w8,OK,ms=5.002,tflops=3.43,gbps=6.9,maxabs=1.971e-02,p99=1.010e-02,rel=1.848e-04
INT8,LUT,U(-1,1),512,4096,4096,16x128x32_w4f2,OK,ms=3.308,tflops=5.19,gbps=10.5,maxabs=2.854e-02,p99=1.429e-02,rel=2.596e-04
INT8,BITSHIFT,U(-1,1),512,4096,4096,16x128x32_w4f2,SKIP,MF path-B not implemented
INT8,LUT,U(-1,1),512,4096,4096,16x256x32_w4f4,OK,ms=5.516,tflops=3.11,gbps=6.3,maxabs=2.854e-02,p99=1.429e-02,rel=2.596e-04
INT8,BITSHIFT,U(-1,1),512,4096,4096,16x256x32_w4f4,SKIP,MF path-B not implemented
INT8,LUT,U(-1,1),512,4096,4096,128x64x32_w4_v1,OK,ms=1.545,tflops=11.12,gbps=22.4,maxabs=2.854e-02,p99=1.429e-02,rel=2.596e-04
INT8,BITSHIFT,U(-1,1),512,4096,4096,128x64x32_w4_v1,SKIP,v1 path-B not implemented
INT8,LUT,U(-1,1),512,4096,4096,128x128x32_w4_v1,OK,ms=1.894,tflops=9.07,gbps=18.3,maxabs=2.854e-02,p99=1.429e-02,rel=2.596e-04
INT8,BITSHIFT,U(-1,1),512,4096,4096,128x128x32_w4_v1,SKIP,v1 path-B not implemented
INT8,LUT,U(-1,1),512,4096,4096,128x256x32_w4_v1,OK,ms=4.845,tflops=3.55,gbps=7.1,maxabs=2.854e-02,p99=1.429e-02,rel=2.596e-04
INT8,BITSHIFT,U(-1,1),512,4096,4096,128x256x32_w4_v1,SKIP,v1 path-B not implemented
INT8,LUT,U(-1,1),512,4096,4096,128x256x32_w8_v1,OK,ms=1.916,tflops=8.97,gbps=18.1,maxabs=2.854e-02,p99=1.429e-02,rel=2.596e-04
INT8,BITSHIFT,U(-1,1),512,4096,4096,128x256x32_w8_v1,SKIP,v1 path-B not implemented
INT8,LUT,U(-1,1),512,4096,4096,64x64x32_w4_v1,OK,ms=2.290,tflops=7.50,gbps=15.1,maxabs=2.854e-02,p99=1.429e-02,rel=2.596e-04
INT8,BITSHIFT,U(-1,1),512,4096,4096,64x64x32_w4_v1,SKIP,v1 path-B not implemented
INT8,LUT,U(-1,1),512,4096,4096,64x128x32_w4_v1,OK,ms=3.275,tflops=5.25,gbps=10.6,maxabs=2.854e-02,p99=1.429e-02,rel=2.596e-04
INT8,BITSHIFT,U(-1,1),512,4096,4096,64x128x32_w4_v1,SKIP,v1 path-B not implemented
INT8,LUT,U(-1,1),512,4096,4096,128x64x32_w4_v2,OK,ms=1.139,tflops=15.08,gbps=30.4,maxabs=2.854e-02,p99=1.429e-02,rel=2.596e-04
INT8,BITSHIFT,U(-1,1),512,4096,4096,128x64x32_w4_v2,SKIP,v2 path-B not implemented
INT8,LUT,U(-1,1),512,4096,4096,128x128x32_w4_v2,OK,ms=0.965,tflops=17.81,gbps=35.9,maxabs=2.854e-02,p99=1.429e-02,rel=2.596e-04
INT8,BITSHIFT,U(-1,1),512,4096,4096,128x128x32_w4_v2,SKIP,v2 path-B not implemented
INT8,LUT,U(-1,1),512,4096,4096,128x256x32_w4_v2,OK,ms=1.536,tflops=11.18,gbps=22.5,maxabs=2.854e-02,p99=1.429e-02,rel=2.596e-04
INT8,BITSHIFT,U(-1,1),512,4096,4096,128x256x32_w4_v2,SKIP,v2 path-B not implemented
INT8,LUT,U(-1,1),512,4096,4096,128x256x32_w8_v2,OK,ms=0.908,tflops=18.93,gbps=38.1,maxabs=2.854e-02,p99=1.429e-02,rel=2.596e-04
INT8,BITSHIFT,U(-1,1),512,4096,4096,128x256x32_w8_v2,SKIP,v2 path-B not implemented
INT8,LUT,U(-1,1),512,4096,4096,64x64x32_w4_v2,OK,ms=1.447,tflops=11.87,gbps=23.9,maxabs=2.854e-02,p99=1.429e-02,rel=2.596e-04
INT8,BITSHIFT,U(-1,1),512,4096,4096,64x64x32_w4_v2,SKIP,v2 path-B not implemented
INT8,LUT,U(-1,1),512,4096,4096,64x128x32_w4_v2,OK,ms=0.952,tflops=18.04,gbps=36.3,maxabs=2.854e-02,p99=1.429e-02,rel=2.596e-04
INT8,BITSHIFT,U(-1,1),512,4096,4096,64x128x32_w4_v2,SKIP,v2 path-B not implemented
INT8,LUT,U(-1,1),512,4096,4096,128x64x32_w4_v3,OK,ms=1.349,tflops=12.73,gbps=25.6,maxabs=2.854e-02,p99=1.429e-02,rel=2.596e-04
INT8,BITSHIFT,U(-1,1),512,4096,4096,128x64x32_w4_v3,SKIP,v3 path-B not implemented
INT8,LUT,U(-1,1),512,4096,4096,128x128x32_w4_v3,OK,ms=0.693,tflops=24.78,gbps=49.9,maxabs=2.854e-02,p99=1.429e-02,rel=2.596e-04
INT8,BITSHIFT,U(-1,1),512,4096,4096,128x128x32_w4_v3,SKIP,v3 path-B not implemented
INT8,LUT,U(-1,1),512,4096,4096,128x256x32_w8_v3,SKIP,smem > 48KiB
INT8,BITSHIFT,U(-1,1),512,4096,4096,128x256x32_w8_v3,SKIP,smem > 48KiB
INT8,LUT,U(-1,1),512,4096,4096,64x64x32_w4_v3,OK,ms=1.250,tflops=13.74,gbps=27.7,maxabs=2.854e-02,p99=1.429e-02,rel=2.596e-04
INT8,BITSHIFT,U(-1,1),512,4096,4096,64x64x32_w4_v3,SKIP,v3 path-B not implemented
INT8,LUT,U(-1,1),512,4096,4096,64x128x32_w4_v3,OK,ms=0.996,tflops=17.25,gbps=34.7,maxabs=2.854e-02,p99=1.429e-02,rel=2.596e-04
INT8,BITSHIFT,U(-1,1),512,4096,4096,64x128x32_w4_v3,SKIP,v3 path-B not implemented
INT8,LUT,U(-1,1),512,4096,4096,128x64x32_w4_v4,OK,ms=1.339,tflops=12.83,gbps=25.8,maxabs=2.854e-02,p99=1.429e-02,rel=2.596e-04
INT8,BITSHIFT,U(-1,1),512,4096,4096,128x64x32_w4_v4,SKIP,v4 path-B not implemented
INT8,LUT,U(-1,1),512,4096,4096,128x128x32_w4_v4,OK,ms=0.674,tflops=25.48,gbps=51.3,maxabs=2.854e-02,p99=1.429e-02,rel=2.596e-04
INT8,BITSHIFT,U(-1,1),512,4096,4096,128x128x32_w4_v4,SKIP,v4 path-B not implemented
INT8,LUT,U(-1,1),512,4096,4096,64x64x32_w4_v4,OK,ms=1.123,tflops=15.29,gbps=30.8,maxabs=2.854e-02,p99=1.429e-02,rel=2.596e-04
INT8,BITSHIFT,U(-1,1),512,4096,4096,64x64x32_w4_v4,SKIP,v4 path-B not implemented
INT8,LUT,U(-1,1),512,4096,4096,64x128x32_w4_v4,OK,ms=0.981,tflops=17.51,gbps=35.3,maxabs=2.854e-02,p99=1.429e-02,rel=2.596e-04
INT8,BITSHIFT,U(-1,1),512,4096,4096,64x128x32_w4_v4,SKIP,v4 path-B not implemented
INT8,LUT,U(-1,1),512,4096,4096,128x64x32_w4_v5,OK,ms=1.127,tflops=15.25,gbps=30.7,maxabs=2.854e-02,p99=1.429e-02,rel=2.596e-04
INT8,BITSHIFT,U(-1,1),512,4096,4096,128x64x32_w4_v5,SKIP,v5 path-B not implemented
INT8,LUT,U(-1,1),512,4096,4096,128x128x32_w4_v5,OK,ms=0.697,tflops=24.66,gbps=49.7,maxabs=2.854e-02,p99=1.429e-02,rel=2.596e-04
INT8,BITSHIFT,U(-1,1),512,4096,4096,128x128x32_w4_v5,SKIP,v5 path-B not implemented
INT8,LUT,U(-1,1),512,4096,4096,64x64x32_w4_v5,OK,ms=1.376,tflops=12.49,gbps=25.2,maxabs=2.854e-02,p99=1.429e-02,rel=2.596e-04
INT8,BITSHIFT,U(-1,1),512,4096,4096,64x64x32_w4_v5,SKIP,v5 path-B not implemented
INT8,LUT,U(-1,1),512,4096,4096,64x128x32_w4_v5,OK,ms=0.888,tflops=19.35,gbps=39.0,maxabs=2.854e-02,p99=1.429e-02,rel=2.596e-04
INT8,BITSHIFT,U(-1,1),512,4096,4096,64x128x32_w4_v5,SKIP,v5 path-B not implemented
INT8,LUT,U(-1,1),512,4096,4096,128x128x64_w4_v6,OK,ms=0.968,tflops=17.74,gbps=35.7,maxabs=2.854e-02,p99=1.429e-02,rel=2.596e-04
INT8,BITSHIFT,U(-1,1),512,4096,4096,128x128x64_w4_v6,SKIP,v6 path-B not implemented
INT8,LUT,U(-1,1),512,4096,4096,128x64x64_w4_v6,OK,ms=2.204,tflops=7.79,gbps=15.7,maxabs=2.854e-02,p99=1.429e-02,rel=2.596e-04
INT8,BITSHIFT,U(-1,1),512,4096,4096,128x64x64_w4_v6,SKIP,v6 path-B not implemented
INT8,LUT,U(-1,1),512,4096,4096,64x128x64_w4_v6,OK,ms=1.451,tflops=11.84,gbps=23.8,maxabs=2.854e-02,p99=1.429e-02,rel=2.596e-04
INT8,BITSHIFT,U(-1,1),512,4096,4096,64x128x64_w4_v6,SKIP,v6 path-B not implemented
INT8,LUT,U(-1,1),512,4096,4096,64x64x64_w4_v6,OK,ms=2.021,tflops=8.50,gbps=17.1,maxabs=2.854e-02,p99=1.429e-02,rel=2.596e-04
INT8,BITSHIFT,U(-1,1),512,4096,4096,64x64x64_w4_v6,SKIP,v6 path-B not implemented
INT8,LUT,U(-1,1),1024,4096,4096,16x64x32_w4,OK,ms=6.516,tflops=5.27,gbps=7.9,maxabs=2.854e-02,p99=1.417e-02,rel=2.594e-04
INT8,BITSHIFT,U(-1,1),1024,4096,4096,16x64x32_w4,OK,ms=9.480,tflops=3.62,gbps=5.4,maxabs=1.971e-02,p99=1.013e-02,rel=1.847e-04
INT8,LUT,U(-1,1),1024,4096,4096,16x128x32_w8,OK,ms=7.186,tflops=4.78,gbps=7.1,maxabs=2.854e-02,p99=1.417e-02,rel=2.594e-04
INT8,BITSHIFT,U(-1,1),1024,4096,4096,16x128x32_w8,OK,ms=9.286,tflops=3.70,gbps=5.5,maxabs=1.971e-02,p99=1.013e-02,rel=1.847e-04
INT8,LUT,U(-1,1),1024,4096,4096,16x128x32_w4f2,OK,ms=6.483,tflops=5.30,gbps=7.9,maxabs=2.854e-02,p99=1.417e-02,rel=2.594e-04
INT8,BITSHIFT,U(-1,1),1024,4096,4096,16x128x32_w4f2,SKIP,MF path-B not implemented
INT8,LUT,U(-1,1),1024,4096,4096,16x256x32_w4f4,OK,ms=10.788,tflops=3.18,gbps=4.8,maxabs=2.854e-02,p99=1.417e-02,rel=2.594e-04
INT8,BITSHIFT,U(-1,1),1024,4096,4096,16x256x32_w4f4,SKIP,MF path-B not implemented
INT8,LUT,U(-1,1),1024,4096,4096,128x64x32_w4_v1,OK,ms=3.150,tflops=10.91,gbps=16.3,maxabs=2.854e-02,p99=1.417e-02,rel=2.594e-04
INT8,BITSHIFT,U(-1,1),1024,4096,4096,128x64x32_w4_v1,SKIP,v1 path-B not implemented
INT8,LUT,U(-1,1),1024,4096,4096,128x128x32_w4_v1,OK,ms=3.977,tflops=8.64,gbps=12.9,maxabs=2.854e-02,p99=1.417e-02,rel=2.594e-04
INT8,BITSHIFT,U(-1,1),1024,4096,4096,128x128x32_w4_v1,SKIP,v1 path-B not implemented
INT8,LUT,U(-1,1),1024,4096,4096,128x256x32_w4_v1,OK,ms=5.985,tflops=5.74,gbps=8.6,maxabs=2.854e-02,p99=1.417e-02,rel=2.594e-04
INT8,BITSHIFT,U(-1,1),1024,4096,4096,128x256x32_w4_v1,SKIP,v1 path-B not implemented
INT8,LUT,U(-1,1),1024,4096,4096,128x256x32_w8_v1,OK,ms=3.812,tflops=9.01,gbps=13.5,maxabs=2.854e-02,p99=1.417e-02,rel=2.594e-04
INT8,BITSHIFT,U(-1,1),1024,4096,4096,128x256x32_w8_v1,SKIP,v1 path-B not implemented
INT8,LUT,U(-1,1),1024,4096,4096,64x64x32_w4_v1,OK,ms=3.460,tflops=9.93,gbps=14.9,maxabs=2.854e-02,p99=1.417e-02,rel=2.594e-04
INT8,BITSHIFT,U(-1,1),1024,4096,4096,64x64x32_w4_v1,SKIP,v1 path-B not implemented
INT8,LUT,U(-1,1),1024,4096,4096,64x128x32_w4_v1,OK,ms=5.186,tflops=6.63,gbps=9.9,maxabs=2.854e-02,p99=1.417e-02,rel=2.594e-04
INT8,BITSHIFT,U(-1,1),1024,4096,4096,64x128x32_w4_v1,SKIP,v1 path-B not implemented
INT8,LUT,U(-1,1),1024,4096,4096,128x64x32_w4_v2,OK,ms=2.310,tflops=14.87,gbps=22.2,maxabs=2.854e-02,p99=1.417e-02,rel=2.594e-04
INT8,BITSHIFT,U(-1,1),1024,4096,4096,128x64x32_w4_v2,SKIP,v2 path-B not implemented
INT8,LUT,U(-1,1),1024,4096,4096,128x128x32_w4_v2,OK,ms=2.037,tflops=16.87,gbps=25.2,maxabs=2.854e-02,p99=1.417e-02,rel=2.594e-04
INT8,BITSHIFT,U(-1,1),1024,4096,4096,128x128x32_w4_v2,SKIP,v2 path-B not implemented
INT8,LUT,U(-1,1),1024,4096,4096,128x256x32_w4_v2,OK,ms=2.870,tflops=11.97,gbps=17.9,maxabs=2.854e-02,p99=1.417e-02,rel=2.594e-04
INT8,BITSHIFT,U(-1,1),1024,4096,4096,128x256x32_w4_v2,SKIP,v2 path-B not implemented
INT8,LUT,U(-1,1),1024,4096,4096,128x256x32_w8_v2,OK,ms=1.813,tflops=18.95,gbps=28.3,maxabs=2.854e-02,p99=1.417e-02,rel=2.594e-04
INT8,BITSHIFT,U(-1,1),1024,4096,4096,128x256x32_w8_v2,SKIP,v2 path-B not implemented
INT8,LUT,U(-1,1),1024,4096,4096,64x64x32_w4_v2,OK,ms=2.490,tflops=13.80,gbps=20.6,maxabs=2.854e-02,p99=1.417e-02,rel=2.594e-04
INT8,BITSHIFT,U(-1,1),1024,4096,4096,64x64x32_w4_v2,SKIP,v2 path-B not implemented
INT8,LUT,U(-1,1),1024,4096,4096,64x128x32_w4_v2,OK,ms=1.912,tflops=17.97,gbps=26.9,maxabs=2.854e-02,p99=1.417e-02,rel=2.594e-04
INT8,BITSHIFT,U(-1,1),1024,4096,4096,64x128x32_w4_v2,SKIP,v2 path-B not implemented
INT8,LUT,U(-1,1),1024,4096,4096,128x64x32_w4_v3,OK,ms=2.142,tflops=16.04,gbps=24.0,maxabs=2.854e-02,p99=1.417e-02,rel=2.594e-04
INT8,BITSHIFT,U(-1,1),1024,4096,4096,128x64x32_w4_v3,SKIP,v3 path-B not implemented
INT8,LUT,U(-1,1),1024,4096,4096,128x128x32_w4_v3,OK,ms=1.428,tflops=24.06,gbps=36.0,maxabs=2.854e-02,p99=1.417e-02,rel=2.594e-04
INT8,BITSHIFT,U(-1,1),1024,4096,4096,128x128x32_w4_v3,SKIP,v3 path-B not implemented
INT8,LUT,U(-1,1),1024,4096,4096,128x256x32_w8_v3,SKIP,smem > 48KiB
INT8,BITSHIFT,U(-1,1),1024,4096,4096,128x256x32_w8_v3,SKIP,smem > 48KiB
INT8,LUT,U(-1,1),1024,4096,4096,64x64x32_w4_v3,OK,ms=2.043,tflops=16.82,gbps=25.1,maxabs=2.854e-02,p99=1.417e-02,rel=2.594e-04
INT8,BITSHIFT,U(-1,1),1024,4096,4096,64x64x32_w4_v3,SKIP,v3 path-B not implemented
INT8,LUT,U(-1,1),1024,4096,4096,64x128x32_w4_v3,OK,ms=1.630,tflops=21.09,gbps=31.5,maxabs=2.854e-02,p99=1.417e-02,rel=2.594e-04
INT8,BITSHIFT,U(-1,1),1024,4096,4096,64x128x32_w4_v3,SKIP,v3 path-B not implemented
INT8,LUT,U(-1,1),1024,4096,4096,128x64x32_w4_v4,OK,ms=2.217,tflops=15.50,gbps=23.2,maxabs=2.854e-02,p99=1.417e-02,rel=2.594e-04
INT8,BITSHIFT,U(-1,1),1024,4096,4096,128x64x32_w4_v4,SKIP,v4 path-B not implemented
INT8,LUT,U(-1,1),1024,4096,4096,128x128x32_w4_v4,OK,ms=1.399,tflops=24.57,gbps=36.7,maxabs=2.854e-02,p99=1.417e-02,rel=2.594e-04
INT8,BITSHIFT,U(-1,1),1024,4096,4096,128x128x32_w4_v4,SKIP,v4 path-B not implemented
INT8,LUT,U(-1,1),1024,4096,4096,64x64x32_w4_v4,OK,ms=1.973,tflops=17.42,gbps=26.0,maxabs=2.854e-02,p99=1.417e-02,rel=2.594e-04
INT8,BITSHIFT,U(-1,1),1024,4096,4096,64x64x32_w4_v4,SKIP,v4 path-B not implemented
INT8,LUT,U(-1,1),1024,4096,4096,64x128x32_w4_v4,OK,ms=1.586,tflops=21.67,gbps=32.4,maxabs=2.854e-02,p99=1.417e-02,rel=2.594e-04
INT8,BITSHIFT,U(-1,1),1024,4096,4096,64x128x32_w4_v4,SKIP,v4 path-B not implemented
INT8,LUT,U(-1,1),1024,4096,4096,128x64x32_w4_v5,OK,ms=2.269,tflops=15.14,gbps=22.6,maxabs=2.854e-02,p99=1.417e-02,rel=2.594e-04
INT8,BITSHIFT,U(-1,1),1024,4096,4096,128x64x32_w4_v5,SKIP,v5 path-B not implemented
INT8,LUT,U(-1,1),1024,4096,4096,128x128x32_w4_v5,OK,ms=1.433,tflops=23.97,gbps=35.8,maxabs=2.854e-02,p99=1.417e-02,rel=2.594e-04
INT8,BITSHIFT,U(-1,1),1024,4096,4096,128x128x32_w4_v5,SKIP,v5 path-B not implemented
INT8,LUT,U(-1,1),1024,4096,4096,64x64x32_w4_v5,OK,ms=2.460,tflops=13.97,gbps=20.9,maxabs=2.854e-02,p99=1.417e-02,rel=2.594e-04
INT8,BITSHIFT,U(-1,1),1024,4096,4096,64x64x32_w4_v5,SKIP,v5 path-B not implemented
INT8,LUT,U(-1,1),1024,4096,4096,64x128x32_w4_v5,OK,ms=1.730,tflops=19.86,gbps=29.7,maxabs=2.854e-02,p99=1.417e-02,rel=2.594e-04
INT8,BITSHIFT,U(-1,1),1024,4096,4096,64x128x32_w4_v5,SKIP,v5 path-B not implemented
INT8,LUT,U(-1,1),1024,4096,4096,128x128x64_w4_v6,OK,ms=1.932,tflops=17.79,gbps=26.6,maxabs=2.854e-02,p99=1.417e-02,rel=2.594e-04
INT8,BITSHIFT,U(-1,1),1024,4096,4096,128x128x64_w4_v6,SKIP,v6 path-B not implemented
INT8,LUT,U(-1,1),1024,4096,4096,128x64x64_w4_v6,OK,ms=3.728,tflops=9.22,gbps=13.8,maxabs=2.854e-02,p99=1.417e-02,rel=2.594e-04
INT8,BITSHIFT,U(-1,1),1024,4096,4096,128x64x64_w4_v6,SKIP,v6 path-B not implemented
INT8,LUT,U(-1,1),1024,4096,4096,64x128x64_w4_v6,OK,ms=2.379,tflops=14.44,gbps=21.6,maxabs=2.854e-02,p99=1.417e-02,rel=2.594e-04
INT8,BITSHIFT,U(-1,1),1024,4096,4096,64x128x64_w4_v6,SKIP,v6 path-B not implemented
INT8,LUT,U(-1,1),1024,4096,4096,64x64x64_w4_v6,OK,ms=3.299,tflops=10.42,gbps=15.6,maxabs=2.854e-02,p99=1.417e-02,rel=2.594e-04
INT8,BITSHIFT,U(-1,1),1024,4096,4096,64x64x64_w4_v6,SKIP,v6 path-B not implemented
INT8,LUT,U(-1,1),2048,4096,4096,16x64x32_w4,OK,ms=12.314,tflops=5.58,gbps=6.9,maxabs=2.962e-02,p99=1.442e-02,rel=2.594e-04
INT8,BITSHIFT,U(-1,1),2048,4096,4096,16x64x32_w4,OK,ms=18.714,tflops=3.67,gbps=4.5,maxabs=2.094e-02,p99=1.016e-02,rel=1.846e-04
INT8,LUT,U(-1,1),2048,4096,4096,16x128x32_w8,OK,ms=13.188,tflops=5.21,gbps=6.4,maxabs=2.962e-02,p99=1.442e-02,rel=2.594e-04
INT8,BITSHIFT,U(-1,1),2048,4096,4096,16x128x32_w8,OK,ms=18.501,tflops=3.71,gbps=4.6,maxabs=2.094e-02,p99=1.016e-02,rel=1.846e-04
INT8,LUT,U(-1,1),2048,4096,4096,16x128x32_w4f2,OK,ms=12.960,tflops=5.30,gbps=6.6,maxabs=2.962e-02,p99=1.442e-02,rel=2.594e-04
INT8,BITSHIFT,U(-1,1),2048,4096,4096,16x128x32_w4f2,SKIP,MF path-B not implemented
INT8,LUT,U(-1,1),2048,4096,4096,16x256x32_w4f4,OK,ms=18.796,tflops=3.66,gbps=4.5,maxabs=2.962e-02,p99=1.442e-02,rel=2.594e-04
INT8,BITSHIFT,U(-1,1),2048,4096,4096,16x256x32_w4f4,SKIP,MF path-B not implemented
INT8,LUT,U(-1,1),2048,4096,4096,128x64x32_w4_v1,OK,ms=6.457,tflops=10.64,gbps=13.2,maxabs=2.962e-02,p99=1.442e-02,rel=2.594e-04
INT8,BITSHIFT,U(-1,1),2048,4096,4096,128x64x32_w4_v1,SKIP,v1 path-B not implemented
INT8,LUT,U(-1,1),2048,4096,4096,128x128x32_w4_v1,OK,ms=8.158,tflops=8.42,gbps=10.4,maxabs=2.962e-02,p99=1.442e-02,rel=2.594e-04
INT8,BITSHIFT,U(-1,1),2048,4096,4096,128x128x32_w4_v1,SKIP,v1 path-B not implemented
INT8,LUT,U(-1,1),2048,4096,4096,128x256x32_w4_v1,OK,ms=12.474,tflops=5.51,gbps=6.8,maxabs=2.962e-02,p99=1.442e-02,rel=2.594e-04
INT8,BITSHIFT,U(-1,1),2048,4096,4096,128x256x32_w4_v1,SKIP,v1 path-B not implemented
INT8,LUT,U(-1,1),2048,4096,4096,128x256x32_w8_v1,OK,ms=7.657,tflops=8.97,gbps=11.1,maxabs=2.962e-02,p99=1.442e-02,rel=2.594e-04
INT8,BITSHIFT,U(-1,1),2048,4096,4096,128x256x32_w8_v1,SKIP,v1 path-B not implemented
INT8,LUT,U(-1,1),2048,4096,4096,64x64x32_w4_v1,OK,ms=6.909,tflops=9.95,gbps=12.3,maxabs=2.962e-02,p99=1.442e-02,rel=2.594e-04
INT8,BITSHIFT,U(-1,1),2048,4096,4096,64x64x32_w4_v1,SKIP,v1 path-B not implemented
INT8,LUT,U(-1,1),2048,4096,4096,64x128x32_w4_v1,OK,ms=8.583,tflops=8.01,gbps=9.9,maxabs=2.962e-02,p99=1.442e-02,rel=2.594e-04
INT8,BITSHIFT,U(-1,1),2048,4096,4096,64x128x32_w4_v1,SKIP,v1 path-B not implemented
INT8,LUT,U(-1,1),2048,4096,4096,128x64x32_w4_v2,OK,ms=4.629,tflops=14.84,gbps=18.3,maxabs=2.962e-02,p99=1.442e-02,rel=2.594e-04
INT8,BITSHIFT,U(-1,1),2048,4096,4096,128x64x32_w4_v2,SKIP,v2 path-B not implemented
INT8,LUT,U(-1,1),2048,4096,4096,128x128x32_w4_v2,OK,ms=4.186,tflops=16.42,gbps=20.3,maxabs=2.962e-02,p99=1.442e-02,rel=2.594e-04
INT8,BITSHIFT,U(-1,1),2048,4096,4096,128x128x32_w4_v2,SKIP,v2 path-B not implemented
INT8,LUT,U(-1,1),2048,4096,4096,128x256x32_w4_v2,OK,ms=6.402,tflops=10.73,gbps=13.3,maxabs=2.962e-02,p99=1.442e-02,rel=2.594e-04
INT8,BITSHIFT,U(-1,1),2048,4096,4096,128x256x32_w4_v2,SKIP,v2 path-B not implemented
INT8,LUT,U(-1,1),2048,4096,4096,128x256x32_w8_v2,OK,ms=3.628,tflops=18.94,gbps=23.4,maxabs=2.962e-02,p99=1.442e-02,rel=2.594e-04
INT8,BITSHIFT,U(-1,1),2048,4096,4096,128x256x32_w8_v2,SKIP,v2 path-B not implemented
INT8,LUT,U(-1,1),2048,4096,4096,64x64x32_w4_v2,OK,ms=4.705,tflops=14.60,gbps=18.1,maxabs=2.962e-02,p99=1.442e-02,rel=2.594e-04
INT8,BITSHIFT,U(-1,1),2048,4096,4096,64x64x32_w4_v2,SKIP,v2 path-B not implemented
INT8,LUT,U(-1,1),2048,4096,4096,64x128x32_w4_v2,OK,ms=3.529,tflops=19.47,gbps=24.1,maxabs=2.962e-02,p99=1.442e-02,rel=2.594e-04
INT8,BITSHIFT,U(-1,1),2048,4096,4096,64x128x32_w4_v2,SKIP,v2 path-B not implemented
INT8,LUT,U(-1,1),2048,4096,4096,128x64x32_w4_v3,OK,ms=3.607,tflops=19.05,gbps=23.5,maxabs=2.962e-02,p99=1.442e-02,rel=2.594e-04
INT8,BITSHIFT,U(-1,1),2048,4096,4096,128x64x32_w4_v3,SKIP,v3 path-B not implemented
INT8,LUT,U(-1,1),2048,4096,4096,128x128x32_w4_v3,OK,ms=2.891,tflops=23.77,gbps=29.4,maxabs=2.962e-02,p99=1.442e-02,rel=2.594e-04
INT8,BITSHIFT,U(-1,1),2048,4096,4096,128x128x32_w4_v3,SKIP,v3 path-B not implemented
INT8,LUT,U(-1,1),2048,4096,4096,128x256x32_w8_v3,SKIP,smem > 48KiB
INT8,BITSHIFT,U(-1,1),2048,4096,4096,128x256x32_w8_v3,SKIP,smem > 48KiB
INT8,LUT,U(-1,1),2048,4096,4096,64x64x32_w4_v3,OK,ms=3.803,tflops=18.07,gbps=22.3,maxabs=2.962e-02,p99=1.442e-02,rel=2.594e-04
INT8,BITSHIFT,U(-1,1),2048,4096,4096,64x64x32_w4_v3,SKIP,v3 path-B not implemented
INT8,LUT,U(-1,1),2048,4096,4096,64x128x32_w4_v3,OK,ms=2.797,tflops=24.57,gbps=30.4,maxabs=2.962e-02,p99=1.442e-02,rel=2.594e-04
INT8,BITSHIFT,U(-1,1),2048,4096,4096,64x128x32_w4_v3,SKIP,v3 path-B not implemented
INT8,LUT,U(-1,1),2048,4096,4096,128x64x32_w4_v4,OK,ms=3.725,tflops=18.45,gbps=22.8,maxabs=2.962e-02,p99=1.442e-02,rel=2.594e-04
INT8,BITSHIFT,U(-1,1),2048,4096,4096,128x64x32_w4_v4,SKIP,v4 path-B not implemented
INT8,LUT,U(-1,1),2048,4096,4096,128x128x32_w4_v4,OK,ms=2.839,tflops=24.20,gbps=29.9,maxabs=2.962e-02,p99=1.442e-02,rel=2.594e-04
INT8,BITSHIFT,U(-1,1),2048,4096,4096,128x128x32_w4_v4,SKIP,v4 path-B not implemented
INT8,LUT,U(-1,1),2048,4096,4096,64x64x32_w4_v4,OK,ms=3.831,tflops=17.94,gbps=22.2,maxabs=2.962e-02,p99=1.442e-02,rel=2.594e-04
INT8,BITSHIFT,U(-1,1),2048,4096,4096,64x64x32_w4_v4,SKIP,v4 path-B not implemented
INT8,LUT,U(-1,1),2048,4096,4096,64x128x32_w4_v4,OK,ms=2.826,tflops=24.32,gbps=30.1,maxabs=2.962e-02,p99=1.442e-02,rel=2.594e-04
INT8,BITSHIFT,U(-1,1),2048,4096,4096,64x128x32_w4_v4,SKIP,v4 path-B not implemented
INT8,LUT,U(-1,1),2048,4096,4096,128x64x32_w4_v5,OK,ms=4.096,tflops=16.78,gbps=20.7,maxabs=2.962e-02,p99=1.442e-02,rel=2.594e-04
INT8,BITSHIFT,U(-1,1),2048,4096,4096,128x64x32_w4_v5,SKIP,v5 path-B not implemented
INT8,LUT,U(-1,1),2048,4096,4096,128x128x32_w4_v5,OK,ms=2.735,tflops=25.13,gbps=31.1,maxabs=2.962e-02,p99=1.442e-02,rel=2.594e-04
INT8,BITSHIFT,U(-1,1),2048,4096,4096,128x128x32_w4_v5,SKIP,v5 path-B not implemented
INT8,LUT,U(-1,1),2048,4096,4096,64x64x32_w4_v5,OK,ms=4.729,tflops=14.53,gbps=18.0,maxabs=2.962e-02,p99=1.442e-02,rel=2.594e-04
INT8,BITSHIFT,U(-1,1),2048,4096,4096,64x64x32_w4_v5,SKIP,v5 path-B not implemented
INT8,LUT,U(-1,1),2048,4096,4096,64x128x32_w4_v5,OK,ms=3.111,tflops=22.09,gbps=27.3,maxabs=2.962e-02,p99=1.442e-02,rel=2.594e-04
INT8,BITSHIFT,U(-1,1),2048,4096,4096,64x128x32_w4_v5,SKIP,v5 path-B not implemented
INT8,LUT,U(-1,1),2048,4096,4096,128x128x64_w4_v6,OK,ms=3.911,tflops=17.57,gbps=21.7,maxabs=2.962e-02,p99=1.442e-02,rel=2.594e-04
INT8,BITSHIFT,U(-1,1),2048,4096,4096,128x128x64_w4_v6,SKIP,v6 path-B not implemented
INT8,LUT,U(-1,1),2048,4096,4096,128x64x64_w4_v6,OK,ms=6.202,tflops=11.08,gbps=13.7,maxabs=2.962e-02,p99=1.442e-02,rel=2.594e-04
INT8,BITSHIFT,U(-1,1),2048,4096,4096,128x64x64_w4_v6,SKIP,v6 path-B not implemented
INT8,LUT,U(-1,1),2048,4096,4096,64x128x64_w4_v6,OK,ms=3.937,tflops=17.45,gbps=21.6,maxabs=2.962e-02,p99=1.442e-02,rel=2.594e-04
INT8,BITSHIFT,U(-1,1),2048,4096,4096,64x128x64_w4_v6,SKIP,v6 path-B not implemented
INT8,LUT,U(-1,1),2048,4096,4096,64x64x64_w4_v6,OK,ms=6.228,tflops=11.03,gbps=13.6,maxabs=2.962e-02,p99=1.442e-02,rel=2.594e-04
INT8,BITSHIFT,U(-1,1),2048,4096,4096,64x64x64_w4_v6,SKIP,v6 path-B not implemented
INT8,LUT,U(-1,1),1,7168,7168,16x64x32_w4,OK,ms=1.468,tflops=0.07,gbps=37.2,maxabs=2.655e-02,p99=1.872e-02,rel=2.590e-04
INT8,BITSHIFT,U(-1,1),1,7168,7168,16x64x32_w4,OK,ms=0.794,tflops=0.13,gbps=68.8,maxabs=1.871e-02,p99=1.282e-02,rel=1.818e-04
INT8,LUT,U(-1,1),1,7168,7168,16x128x32_w8,OK,ms=1.430,tflops=0.07,gbps=38.2,maxabs=2.655e-02,p99=1.872e-02,rel=2.590e-04
INT8,BITSHIFT,U(-1,1),1,7168,7168,16x128x32_w8,OK,ms=0.827,tflops=0.12,gbps=66.1,maxabs=1.871e-02,p99=1.282e-02,rel=1.818e-04
INT8,LUT,U(-1,1),1,7168,7168,16x128x32_w4f2,OK,ms=2.530,tflops=0.04,gbps=21.6,maxabs=2.655e-02,p99=1.872e-02,rel=2.590e-04
INT8,BITSHIFT,U(-1,1),1,7168,7168,16x128x32_w4f2,SKIP,MF path-B not implemented
INT8,LUT,U(-1,1),1,7168,7168,16x256x32_w4f4,OK,ms=4.774,tflops=0.02,gbps=11.4,maxabs=2.655e-02,p99=1.872e-02,rel=2.590e-04
INT8,BITSHIFT,U(-1,1),1,7168,7168,16x256x32_w4f4,SKIP,MF path-B not implemented
INT8,LUT,U(-1,1),1,7168,7168,128x64x32_w4_v1,OK,ms=2.190,tflops=0.05,gbps=25.0,maxabs=2.655e-02,p99=1.872e-02,rel=2.590e-04
INT8,BITSHIFT,U(-1,1),1,7168,7168,128x64x32_w4_v1,SKIP,v1 path-B not implemented
INT8,LUT,U(-1,1),1,7168,7168,128x128x32_w4_v1,OK,ms=2.907,tflops=0.04,gbps=18.8,maxabs=2.655e-02,p99=1.872e-02,rel=2.590e-04
INT8,BITSHIFT,U(-1,1),1,7168,7168,128x128x32_w4_v1,SKIP,v1 path-B not implemented
INT8,LUT,U(-1,1),1,7168,7168,128x256x32_w4_v1,OK,ms=6.549,tflops=0.02,gbps=8.3,maxabs=2.655e-02,p99=1.872e-02,rel=2.590e-04
INT8,BITSHIFT,U(-1,1),1,7168,7168,128x256x32_w4_v1,SKIP,v1 path-B not implemented
INT8,LUT,U(-1,1),1,7168,7168,128x256x32_w8_v1,OK,ms=3.281,tflops=0.03,gbps=16.7,maxabs=2.655e-02,p99=1.872e-02,rel=2.590e-04
INT8,BITSHIFT,U(-1,1),1,7168,7168,128x256x32_w8_v1,SKIP,v1 path-B not implemented
INT8,LUT,U(-1,1),1,7168,7168,64x64x32_w4_v1,OK,ms=1.700,tflops=0.06,gbps=32.2,maxabs=2.655e-02,p99=1.872e-02,rel=2.590e-04
INT8,BITSHIFT,U(-1,1),1,7168,7168,64x64x32_w4_v1,SKIP,v1 path-B not implemented
INT8,LUT,U(-1,1),1,7168,7168,64x128x32_w4_v1,OK,ms=2.644,tflops=0.04,gbps=20.7,maxabs=2.655e-02,p99=1.872e-02,rel=2.590e-04
INT8,BITSHIFT,U(-1,1),1,7168,7168,64x128x32_w4_v1,SKIP,v1 path-B not implemented
INT8,LUT,U(-1,1),1,7168,7168,128x64x32_w4_v2,OK,ms=1.114,tflops=0.09,gbps=49.0,maxabs=2.655e-02,p99=1.872e-02,rel=2.590e-04
INT8,BITSHIFT,U(-1,1),1,7168,7168,128x64x32_w4_v2,SKIP,v2 path-B not implemented
INT8,LUT,U(-1,1),1,7168,7168,128x128x32_w4_v2,OK,ms=0.967,tflops=0.11,gbps=56.5,maxabs=2.655e-02,p99=1.872e-02,rel=2.590e-04
INT8,BITSHIFT,U(-1,1),1,7168,7168,128x128x32_w4_v2,SKIP,v2 path-B not implemented
INT8,LUT,U(-1,1),1,7168,7168,128x256x32_w4_v2,OK,ms=2.199,tflops=0.05,gbps=24.8,maxabs=2.655e-02,p99=1.872e-02,rel=2.590e-04
INT8,BITSHIFT,U(-1,1),1,7168,7168,128x256x32_w4_v2,SKIP,v2 path-B not implemented
INT8,LUT,U(-1,1),1,7168,7168,128x256x32_w8_v2,OK,ms=1.374,tflops=0.07,gbps=39.8,maxabs=2.655e-02,p99=1.872e-02,rel=2.590e-04
INT8,BITSHIFT,U(-1,1),1,7168,7168,128x256x32_w8_v2,SKIP,v2 path-B not implemented
INT8,LUT,U(-1,1),1,7168,7168,64x64x32_w4_v2,OK,ms=0.729,tflops=0.14,gbps=74.9,maxabs=2.655e-02,p99=1.872e-02,rel=2.590e-04
INT8,BITSHIFT,U(-1,1),1,7168,7168,64x64x32_w4_v2,SKIP,v2 path-B not implemented
INT8,LUT,U(-1,1),1,7168,7168,64x128x32_w4_v2,OK,ms=0.673,tflops=0.15,gbps=81.2,maxabs=2.655e-02,p99=1.872e-02,rel=2.590e-04
INT8,BITSHIFT,U(-1,1),1,7168,7168,64x128x32_w4_v2,SKIP,v2 path-B not implemented
INT8,LUT,U(-1,1),1,7168,7168,128x64x32_w4_v3,OK,ms=0.894,tflops=0.11,gbps=61.1,maxabs=2.655e-02,p99=1.872e-02,rel=2.590e-04
INT8,BITSHIFT,U(-1,1),1,7168,7168,128x64x32_w4_v3,SKIP,v3 path-B not implemented
INT8,LUT,U(-1,1),1,7168,7168,128x128x32_w4_v3,OK,ms=0.795,tflops=0.13,gbps=68.7,maxabs=2.655e-02,p99=1.872e-02,rel=2.590e-04
INT8,BITSHIFT,U(-1,1),1,7168,7168,128x128x32_w4_v3,SKIP,v3 path-B not implemented
INT8,LUT,U(-1,1),1,7168,7168,128x256x32_w8_v3,SKIP,smem > 48KiB
INT8,BITSHIFT,U(-1,1),1,7168,7168,128x256x32_w8_v3,SKIP,smem > 48KiB
INT8,LUT,U(-1,1),1,7168,7168,64x64x32_w4_v3,OK,ms=0.616,tflops=0.17,gbps=88.7,maxabs=2.655e-02,p99=1.872e-02,rel=2.590e-04
INT8,BITSHIFT,U(-1,1),1,7168,7168,64x64x32_w4_v3,SKIP,v3 path-B not implemented
INT8,LUT,U(-1,1),1,7168,7168,64x128x32_w4_v3,OK,ms=0.572,tflops=0.18,gbps=95.5,maxabs=2.655e-02,p99=1.872e-02,rel=2.590e-04
INT8,BITSHIFT,U(-1,1),1,7168,7168,64x128x32_w4_v3,SKIP,v3 path-B not implemented
INT8,LUT,U(-1,1),1,7168,7168,128x64x32_w4_v4,OK,ms=0.931,tflops=0.11,gbps=58.7,maxabs=2.655e-02,p99=1.872e-02,rel=2.590e-04
INT8,BITSHIFT,U(-1,1),1,7168,7168,128x64x32_w4_v4,SKIP,v4 path-B not implemented
INT8,LUT,U(-1,1),1,7168,7168,128x128x32_w4_v4,OK,ms=0.809,tflops=0.13,gbps=67.5,maxabs=2.655e-02,p99=1.872e-02,rel=2.590e-04
INT8,BITSHIFT,U(-1,1),1,7168,7168,128x128x32_w4_v4,SKIP,v4 path-B not implemented
INT8,LUT,U(-1,1),1,7168,7168,64x64x32_w4_v4,OK,ms=0.586,tflops=0.18,gbps=93.2,maxabs=2.655e-02,p99=1.872e-02,rel=2.590e-04
INT8,BITSHIFT,U(-1,1),1,7168,7168,64x64x32_w4_v4,SKIP,v4 path-B not implemented
INT8,LUT,U(-1,1),1,7168,7168,64x128x32_w4_v4,OK,ms=0.591,tflops=0.17,gbps=92.4,maxabs=2.655e-02,p99=1.872e-02,rel=2.590e-04
INT8,BITSHIFT,U(-1,1),1,7168,7168,64x128x32_w4_v4,SKIP,v4 path-B not implemented
INT8,LUT,U(-1,1),1,7168,7168,128x64x32_w4_v5,OK,ms=0.925,tflops=0.11,gbps=59.0,maxabs=2.655e-02,p99=1.872e-02,rel=2.590e-04
INT8,BITSHIFT,U(-1,1),1,7168,7168,128x64x32_w4_v5,SKIP,v5 path-B not implemented
INT8,LUT,U(-1,1),1,7168,7168,128x128x32_w4_v5,OK,ms=0.825,tflops=0.12,gbps=66.2,maxabs=2.655e-02,p99=1.872e-02,rel=2.590e-04
INT8,BITSHIFT,U(-1,1),1,7168,7168,128x128x32_w4_v5,SKIP,v5 path-B not implemented
INT8,LUT,U(-1,1),1,7168,7168,64x64x32_w4_v5,OK,ms=0.587,tflops=0.17,gbps=93.1,maxabs=2.655e-02,p99=1.872e-02,rel=2.590e-04
INT8,BITSHIFT,U(-1,1),1,7168,7168,64x64x32_w4_v5,SKIP,v5 path-B not implemented
INT8,LUT,U(-1,1),1,7168,7168,64x128x32_w4_v5,OK,ms=0.591,tflops=0.17,gbps=92.5,maxabs=2.655e-02,p99=1.872e-02,rel=2.590e-04
INT8,BITSHIFT,U(-1,1),1,7168,7168,64x128x32_w4_v5,SKIP,v5 path-B not implemented
INT8,LUT,U(-1,1),1,7168,7168,128x128x64_w4_v6,OK,ms=1.103,tflops=0.09,gbps=49.6,maxabs=2.655e-02,p99=1.872e-02,rel=2.590e-04
INT8,BITSHIFT,U(-1,1),1,7168,7168,128x128x64_w4_v6,SKIP,v6 path-B not implemented
INT8,LUT,U(-1,1),1,7168,7168,128x64x64_w4_v6,OK,ms=1.546,tflops=0.07,gbps=35.3,maxabs=2.655e-02,p99=1.872e-02,rel=2.590e-04
INT8,BITSHIFT,U(-1,1),1,7168,7168,128x64x64_w4_v6,SKIP,v6 path-B not implemented
INT8,LUT,U(-1,1),1,7168,7168,64x128x64_w4_v6,OK,ms=0.748,tflops=0.14,gbps=73.1,maxabs=2.655e-02,p99=1.872e-02,rel=2.590e-04
INT8,BITSHIFT,U(-1,1),1,7168,7168,64x128x64_w4_v6,SKIP,v6 path-B not implemented
INT8,LUT,U(-1,1),1,7168,7168,64x64x64_w4_v6,OK,ms=0.866,tflops=0.12,gbps=63.1,maxabs=2.655e-02,p99=1.872e-02,rel=2.590e-04
INT8,BITSHIFT,U(-1,1),1,7168,7168,64x64x64_w4_v6,SKIP,v6 path-B not implemented
INT8,LUT,U(-1,1),16,7168,7168,16x64x32_w4,OK,ms=1.438,tflops=1.14,gbps=38.6,maxabs=3.157e-02,p99=1.922e-02,rel=2.608e-04
INT8,BITSHIFT,U(-1,1),16,7168,7168,16x64x32_w4,OK,ms=1.090,tflops=1.51,gbps=50.9,maxabs=2.451e-02,p99=1.327e-02,rel=1.854e-04
INT8,LUT,U(-1,1),16,7168,7168,16x128x32_w8,OK,ms=1.523,tflops=1.08,gbps=36.4,maxabs=3.157e-02,p99=1.922e-02,rel=2.608e-04
INT8,BITSHIFT,U(-1,1),16,7168,7168,16x128x32_w8,OK,ms=1.191,tflops=1.38,gbps=46.6,maxabs=2.451e-02,p99=1.327e-02,rel=1.854e-04
INT8,LUT,U(-1,1),16,7168,7168,16x128x32_w4f2,OK,ms=2.566,tflops=0.64,gbps=21.6,maxabs=3.157e-02,p99=1.922e-02,rel=2.608e-04
INT8,BITSHIFT,U(-1,1),16,7168,7168,16x128x32_w4f2,SKIP,MF path-B not implemented
INT8,LUT,U(-1,1),16,7168,7168,16x256x32_w4f4,OK,ms=4.797,tflops=0.34,gbps=11.6,maxabs=3.157e-02,p99=1.922e-02,rel=2.608e-04
INT8,BITSHIFT,U(-1,1),16,7168,7168,16x256x32_w4f4,SKIP,MF path-B not implemented
INT8,LUT,U(-1,1),16,7168,7168,128x64x32_w4_v1,OK,ms=2.207,tflops=0.75,gbps=25.2,maxabs=3.157e-02,p99=1.922e-02,rel=2.608e-04
INT8,BITSHIFT,U(-1,1),16,7168,7168,128x64x32_w4_v1,SKIP,v1 path-B not implemented
INT8,LUT,U(-1,1),16,7168,7168,128x128x32_w4_v1,OK,ms=2.939,tflops=0.56,gbps=18.9,maxabs=3.157e-02,p99=1.922e-02,rel=2.608e-04
INT8,BITSHIFT,U(-1,1),16,7168,7168,128x128x32_w4_v1,SKIP,v1 path-B not implemented
INT8,LUT,U(-1,1),16,7168,7168,128x256x32_w4_v1,OK,ms=6.621,tflops=0.25,gbps=8.4,maxabs=3.157e-02,p99=1.922e-02,rel=2.608e-04
INT8,BITSHIFT,U(-1,1),16,7168,7168,128x256x32_w4_v1,SKIP,v1 path-B not implemented
INT8,LUT,U(-1,1),16,7168,7168,128x256x32_w8_v1,OK,ms=3.314,tflops=0.50,gbps=16.8,maxabs=3.157e-02,p99=1.922e-02,rel=2.608e-04
INT8,BITSHIFT,U(-1,1),16,7168,7168,128x256x32_w8_v1,SKIP,v1 path-B not implemented
INT8,LUT,U(-1,1),16,7168,7168,64x64x32_w4_v1,OK,ms=1.729,tflops=0.95,gbps=32.1,maxabs=3.157e-02,p99=1.922e-02,rel=2.608e-04
INT8,BITSHIFT,U(-1,1),16,7168,7168,64x64x32_w4_v1,SKIP,v1 path-B not implemented
INT8,LUT,U(-1,1),16,7168,7168,64x128x32_w4_v1,OK,ms=2.679,tflops=0.61,gbps=20.7,maxabs=3.157e-02,p99=1.922e-02,rel=2.608e-04
INT8,BITSHIFT,U(-1,1),16,7168,7168,64x128x32_w4_v1,SKIP,v1 path-B not implemented
INT8,LUT,U(-1,1),16,7168,7168,128x64x32_w4_v2,OK,ms=1.176,tflops=1.40,gbps=47.2,maxabs=3.157e-02,p99=1.922e-02,rel=2.608e-04
INT8,BITSHIFT,U(-1,1),16,7168,7168,128x64x32_w4_v2,SKIP,v2 path-B not implemented
INT8,LUT,U(-1,1),16,7168,7168,128x128x32_w4_v2,OK,ms=1.006,tflops=1.63,gbps=55.2,maxabs=3.157e-02,p99=1.922e-02,rel=2.608e-04
INT8,BITSHIFT,U(-1,1),16,7168,7168,128x128x32_w4_v2,SKIP,v2 path-B not implemented
INT8,LUT,U(-1,1),16,7168,7168,128x256x32_w4_v2,OK,ms=2.225,tflops=0.74,gbps=24.9,maxabs=3.157e-02,p99=1.922e-02,rel=2.608e-04
INT8,BITSHIFT,U(-1,1),16,7168,7168,128x256x32_w4_v2,SKIP,v2 path-B not implemented
INT8,LUT,U(-1,1),16,7168,7168,128x256x32_w8_v2,OK,ms=1.341,tflops=1.23,gbps=41.4,maxabs=3.157e-02,p99=1.922e-02,rel=2.608e-04
INT8,BITSHIFT,U(-1,1),16,7168,7168,128x256x32_w8_v2,SKIP,v2 path-B not implemented
INT8,LUT,U(-1,1),16,7168,7168,64x64x32_w4_v2,OK,ms=0.788,tflops=2.09,gbps=70.5,maxabs=3.157e-02,p99=1.922e-02,rel=2.608e-04
INT8,BITSHIFT,U(-1,1),16,7168,7168,64x64x32_w4_v2,SKIP,v2 path-B not implemented
INT8,LUT,U(-1,1),16,7168,7168,64x128x32_w4_v2,OK,ms=0.722,tflops=2.28,gbps=76.9,maxabs=3.157e-02,p99=1.922e-02,rel=2.608e-04
INT8,BITSHIFT,U(-1,1),16,7168,7168,64x128x32_w4_v2,SKIP,v2 path-B not implemented
INT8,LUT,U(-1,1),16,7168,7168,128x64x32_w4_v3,OK,ms=0.909,tflops=1.81,gbps=61.0,maxabs=3.157e-02,p99=1.922e-02,rel=2.608e-04
INT8,BITSHIFT,U(-1,1),16,7168,7168,128x64x32_w4_v3,SKIP,v3 path-B not implemented
INT8,LUT,U(-1,1),16,7168,7168,128x128x32_w4_v3,OK,ms=0.837,tflops=1.96,gbps=66.3,maxabs=3.157e-02,p99=1.922e-02,rel=2.608e-04
INT8,BITSHIFT,U(-1,1),16,7168,7168,128x128x32_w4_v3,SKIP,v3 path-B not implemented
INT8,LUT,U(-1,1),16,7168,7168,128x256x32_w8_v3,SKIP,smem > 48KiB
INT8,BITSHIFT,U(-1,1),16,7168,7168,128x256x32_w8_v3,SKIP,smem > 48KiB
INT8,LUT,U(-1,1),16,7168,7168,64x64x32_w4_v3,OK,ms=0.599,tflops=2.74,gbps=92.7,maxabs=3.157e-02,p99=1.922e-02,rel=2.608e-04
INT8,BITSHIFT,U(-1,1),16,7168,7168,64x64x32_w4_v3,SKIP,v3 path-B not implemented
INT8,LUT,U(-1,1),16,7168,7168,64x128x32_w4_v3,OK,ms=0.618,tflops=2.66,gbps=89.8,maxabs=3.157e-02,p99=1.922e-02,rel=2.608e-04
INT8,BITSHIFT,U(-1,1),16,7168,7168,64x128x32_w4_v3,SKIP,v3 path-B not implemented
INT8,LUT,U(-1,1),16,7168,7168,128x64x32_w4_v4,OK,ms=0.945,tflops=1.74,gbps=58.7,maxabs=3.157e-02,p99=1.922e-02,rel=2.608e-04
INT8,BITSHIFT,U(-1,1),16,7168,7168,128x64x32_w4_v4,SKIP,v4 path-B not implemented
INT8,LUT,U(-1,1),16,7168,7168,128x128x32_w4_v4,OK,ms=0.845,tflops=1.95,gbps=65.7,maxabs=3.157e-02,p99=1.922e-02,rel=2.608e-04
INT8,BITSHIFT,U(-1,1),16,7168,7168,128x128x32_w4_v4,SKIP,v4 path-B not implemented
INT8,LUT,U(-1,1),16,7168,7168,64x64x32_w4_v4,OK,ms=0.601,tflops=2.74,gbps=92.3,maxabs=3.157e-02,p99=1.922e-02,rel=2.608e-04
INT8,BITSHIFT,U(-1,1),16,7168,7168,64x64x32_w4_v4,SKIP,v4 path-B not implemented
INT8,LUT,U(-1,1),16,7168,7168,64x128x32_w4_v4,OK,ms=0.625,tflops=2.63,gbps=88.8,maxabs=3.157e-02,p99=1.922e-02,rel=2.608e-04
INT8,BITSHIFT,U(-1,1),16,7168,7168,64x128x32_w4_v4,SKIP,v4 path-B not implemented
INT8,LUT,U(-1,1),16,7168,7168,128x64x32_w4_v5,OK,ms=0.939,tflops=1.75,gbps=59.1,maxabs=3.157e-02,p99=1.922e-02,rel=2.608e-04
INT8,BITSHIFT,U(-1,1),16,7168,7168,128x64x32_w4_v5,SKIP,v5 path-B not implemented
INT8,LUT,U(-1,1),16,7168,7168,128x128x32_w4_v5,OK,ms=0.856,tflops=1.92,gbps=64.9,maxabs=3.157e-02,p99=1.922e-02,rel=2.608e-04
INT8,BITSHIFT,U(-1,1),16,7168,7168,128x128x32_w4_v5,SKIP,v5 path-B not implemented
INT8,LUT,U(-1,1),16,7168,7168,64x64x32_w4_v5,OK,ms=0.602,tflops=2.73,gbps=92.1,maxabs=3.157e-02,p99=1.922e-02,rel=2.608e-04
INT8,BITSHIFT,U(-1,1),16,7168,7168,64x64x32_w4_v5,SKIP,v5 path-B not implemented
INT8,LUT,U(-1,1),16,7168,7168,64x128x32_w4_v5,OK,ms=0.622,tflops=2.64,gbps=89.3,maxabs=3.157e-02,p99=1.922e-02,rel=2.608e-04
INT8,BITSHIFT,U(-1,1),16,7168,7168,64x128x32_w4_v5,SKIP,v5 path-B not implemented
INT8,LUT,U(-1,1),16,7168,7168,128x128x64_w4_v6,OK,ms=1.130,tflops=1.45,gbps=49.1,maxabs=3.157e-02,p99=1.922e-02,rel=2.608e-04
INT8,BITSHIFT,U(-1,1),16,7168,7168,128x128x64_w4_v6,SKIP,v6 path-B not implemented
INT8,LUT,U(-1,1),16,7168,7168,128x64x64_w4_v6,OK,ms=1.550,tflops=1.06,gbps=35.8,maxabs=3.157e-02,p99=1.922e-02,rel=2.608e-04
INT8,BITSHIFT,U(-1,1),16,7168,7168,128x64x64_w4_v6,SKIP,v6 path-B not implemented
INT8,LUT,U(-1,1),16,7168,7168,64x128x64_w4_v6,OK,ms=0.780,tflops=2.11,gbps=71.2,maxabs=3.157e-02,p99=1.922e-02,rel=2.608e-04
INT8,BITSHIFT,U(-1,1),16,7168,7168,64x128x64_w4_v6,SKIP,v6 path-B not implemented
INT8,LUT,U(-1,1),16,7168,7168,64x64x64_w4_v6,OK,ms=0.877,tflops=1.88,gbps=63.3,maxabs=3.157e-02,p99=1.922e-02,rel=2.608e-04
INT8,BITSHIFT,U(-1,1),16,7168,7168,64x64x64_w4_v6,SKIP,v6 path-B not implemented
INT8,LUT,U(-1,1),64,7168,7168,16x64x32_w4,OK,ms=1.598,tflops=4.12,gbps=36.5,maxabs=3.949e-02,p99=1.861e-02,rel=2.596e-04
INT8,BITSHIFT,U(-1,1),64,7168,7168,16x64x32_w4,OK,ms=1.812,tflops=3.63,gbps=32.2,maxabs=2.502e-02,p99=1.358e-02,rel=1.849e-04
INT8,LUT,U(-1,1),64,7168,7168,16x128x32_w8,OK,ms=1.644,tflops=4.00,gbps=35.4,maxabs=3.949e-02,p99=1.861e-02,rel=2.596e-04
INT8,BITSHIFT,U(-1,1),64,7168,7168,16x128x32_w8,OK,ms=1.864,tflops=3.53,gbps=31.3,maxabs=2.502e-02,p99=1.358e-02,rel=1.849e-04
INT8,LUT,U(-1,1),64,7168,7168,16x128x32_w4f2,OK,ms=2.600,tflops=2.53,gbps=22.4,maxabs=3.949e-02,p99=1.861e-02,rel=2.596e-04
INT8,BITSHIFT,U(-1,1),64,7168,7168,16x128x32_w4f2,SKIP,MF path-B not implemented
INT8,LUT,U(-1,1),64,7168,7168,16x256x32_w4f4,OK,ms=4.580,tflops=1.44,gbps=12.7,maxabs=3.949e-02,p99=1.861e-02,rel=2.596e-04
INT8,BITSHIFT,U(-1,1),64,7168,7168,16x256x32_w4f4,SKIP,MF path-B not implemented
INT8,LUT,U(-1,1),64,7168,7168,128x64x32_w4_v1,OK,ms=2.311,tflops=2.85,gbps=25.2,maxabs=3.949e-02,p99=1.861e-02,rel=2.596e-04
INT8,BITSHIFT,U(-1,1),64,7168,7168,128x64x32_w4_v1,SKIP,v1 path-B not implemented
INT8,LUT,U(-1,1),64,7168,7168,128x128x32_w4_v1,OK,ms=3.064,tflops=2.15,gbps=19.0,maxabs=3.949e-02,p99=1.861e-02,rel=2.596e-04
INT8,BITSHIFT,U(-1,1),64,7168,7168,128x128x32_w4_v1,SKIP,v1 path-B not implemented
INT8,LUT,U(-1,1),64,7168,7168,128x256x32_w4_v1,OK,ms=7.215,tflops=0.91,gbps=8.1,maxabs=3.949e-02,p99=1.861e-02,rel=2.596e-04
INT8,BITSHIFT,U(-1,1),64,7168,7168,128x256x32_w4_v1,SKIP,v1 path-B not implemented
INT8,LUT,U(-1,1),64,7168,7168,128x256x32_w8_v1,OK,ms=3.353,tflops=1.96,gbps=17.4,maxabs=3.949e-02,p99=1.861e-02,rel=2.596e-04
INT8,BITSHIFT,U(-1,1),64,7168,7168,128x256x32_w8_v1,SKIP,v1 path-B not implemented
INT8,LUT,U(-1,1),64,7168,7168,64x64x32_w4_v1,OK,ms=1.808,tflops=3.64,gbps=32.2,maxabs=3.949e-02,p99=1.861e-02,rel=2.596e-04
INT8,BITSHIFT,U(-1,1),64,7168,7168,64x64x32_w4_v1,SKIP,v1 path-B not implemented
INT8,LUT,U(-1,1),64,7168,7168,64x128x32_w4_v1,OK,ms=2.827,tflops=2.33,gbps=20.6,maxabs=3.949e-02,p99=1.861e-02,rel=2.596e-04
INT8,BITSHIFT,U(-1,1),64,7168,7168,64x128x32_w4_v1,SKIP,v1 path-B not implemented
INT8,LUT,U(-1,1),64,7168,7168,128x64x32_w4_v2,OK,ms=1.348,tflops=4.88,gbps=43.2,maxabs=3.949e-02,p99=1.861e-02,rel=2.596e-04
INT8,BITSHIFT,U(-1,1),64,7168,7168,128x64x32_w4_v2,SKIP,v2 path-B not implemented
INT8,LUT,U(-1,1),64,7168,7168,128x128x32_w4_v2,OK,ms=1.244,tflops=5.29,gbps=46.8,maxabs=3.949e-02,p99=1.861e-02,rel=2.596e-04
INT8,BITSHIFT,U(-1,1),64,7168,7168,128x128x32_w4_v2,SKIP,v2 path-B not implemented
INT8,LUT,U(-1,1),64,7168,7168,128x256x32_w4_v2,OK,ms=2.332,tflops=2.82,gbps=25.0,maxabs=3.949e-02,p99=1.861e-02,rel=2.596e-04
INT8,BITSHIFT,U(-1,1),64,7168,7168,128x256x32_w4_v2,SKIP,v2 path-B not implemented
INT8,LUT,U(-1,1),64,7168,7168,128x256x32_w8_v2,OK,ms=1.469,tflops=4.48,gbps=39.7,maxabs=3.949e-02,p99=1.861e-02,rel=2.596e-04
INT8,BITSHIFT,U(-1,1),64,7168,7168,128x256x32_w8_v2,SKIP,v2 path-B not implemented
INT8,LUT,U(-1,1),64,7168,7168,64x64x32_w4_v2,OK,ms=0.883,tflops=7.45,gbps=66.0,maxabs=3.949e-02,p99=1.861e-02,rel=2.596e-04
INT8,BITSHIFT,U(-1,1),64,7168,7168,64x64x32_w4_v2,SKIP,v2 path-B not implemented
INT8,LUT,U(-1,1),64,7168,7168,64x128x32_w4_v2,OK,ms=0.923,tflops=7.12,gbps=63.1,maxabs=3.949e-02,p99=1.861e-02,rel=2.596e-04
INT8,BITSHIFT,U(-1,1),64,7168,7168,64x128x32_w4_v2,SKIP,v2 path-B not implemented
INT8,LUT,U(-1,1),64,7168,7168,128x64x32_w4_v3,OK,ms=0.923,tflops=7.12,gbps=63.1,maxabs=3.949e-02,p99=1.861e-02,rel=2.596e-04
INT8,BITSHIFT,U(-1,1),64,7168,7168,128x64x32_w4_v3,SKIP,v3 path-B not implemented
INT8,LUT,U(-1,1),64,7168,7168,128x128x32_w4_v3,OK,ms=0.883,tflops=7.45,gbps=66.0,maxabs=3.949e-02,p99=1.861e-02,rel=2.596e-04
INT8,BITSHIFT,U(-1,1),64,7168,7168,128x128x32_w4_v3,SKIP,v3 path-B not implemented
INT8,LUT,U(-1,1),64,7168,7168,128x256x32_w8_v3,SKIP,smem > 48KiB
INT8,BITSHIFT,U(-1,1),64,7168,7168,128x256x32_w8_v3,SKIP,smem > 48KiB
INT8,LUT,U(-1,1),64,7168,7168,64x64x32_w4_v3,OK,ms=0.629,tflops=10.46,gbps=92.6,maxabs=3.949e-02,p99=1.861e-02,rel=2.596e-04
INT8,BITSHIFT,U(-1,1),64,7168,7168,64x64x32_w4_v3,SKIP,v3 path-B not implemented
INT8,LUT,U(-1,1),64,7168,7168,64x128x32_w4_v3,OK,ms=0.665,tflops=9.89,gbps=87.6,maxabs=3.949e-02,p99=1.861e-02,rel=2.596e-04
INT8,BITSHIFT,U(-1,1),64,7168,7168,64x128x32_w4_v3,SKIP,v3 path-B not implemented
INT8,LUT,U(-1,1),64,7168,7168,128x64x32_w4_v4,OK,ms=0.960,tflops=6.85,gbps=60.7,maxabs=3.949e-02,p99=1.861e-02,rel=2.596e-04
INT8,BITSHIFT,U(-1,1),64,7168,7168,128x64x32_w4_v4,SKIP,v4 path-B not implemented
INT8,LUT,U(-1,1),64,7168,7168,128x128x32_w4_v4,OK,ms=0.883,tflops=7.45,gbps=66.0,maxabs=3.949e-02,p99=1.861e-02,rel=2.596e-04
INT8,BITSHIFT,U(-1,1),64,7168,7168,128x128x32_w4_v4,SKIP,v4 path-B not implemented
INT8,LUT,U(-1,1),64,7168,7168,64x64x32_w4_v4,OK,ms=0.621,tflops=10.59,gbps=93.8,maxabs=3.949e-02,p99=1.861e-02,rel=2.596e-04
INT8,BITSHIFT,U(-1,1),64,7168,7168,64x64x32_w4_v4,SKIP,v4 path-B not implemented
INT8,LUT,U(-1,1),64,7168,7168,64x128x32_w4_v4,OK,ms=0.667,tflops=9.86,gbps=87.4,maxabs=3.949e-02,p99=1.861e-02,rel=2.596e-04
INT8,BITSHIFT,U(-1,1),64,7168,7168,64x128x32_w4_v4,SKIP,v4 path-B not implemented
INT8,LUT,U(-1,1),64,7168,7168,128x64x32_w4_v5,OK,ms=0.954,tflops=6.90,gbps=61.1,maxabs=3.949e-02,p99=1.861e-02,rel=2.596e-04
INT8,BITSHIFT,U(-1,1),64,7168,7168,128x64x32_w4_v5,SKIP,v5 path-B not implemented
INT8,LUT,U(-1,1),64,7168,7168,128x128x32_w4_v5,OK,ms=0.888,tflops=7.41,gbps=65.6,maxabs=3.949e-02,p99=1.861e-02,rel=2.596e-04
INT8,BITSHIFT,U(-1,1),64,7168,7168,128x128x32_w4_v5,SKIP,v5 path-B not implemented
INT8,LUT,U(-1,1),64,7168,7168,64x64x32_w4_v5,OK,ms=0.625,tflops=10.52,gbps=93.2,maxabs=3.949e-02,p99=1.861e-02,rel=2.596e-04
INT8,BITSHIFT,U(-1,1),64,7168,7168,64x64x32_w4_v5,SKIP,v5 path-B not implemented
INT8,LUT,U(-1,1),64,7168,7168,64x128x32_w4_v5,OK,ms=0.669,tflops=9.83,gbps=87.1,maxabs=3.949e-02,p99=1.861e-02,rel=2.596e-04
INT8,BITSHIFT,U(-1,1),64,7168,7168,64x128x32_w4_v5,SKIP,v5 path-B not implemented
INT8,LUT,U(-1,1),64,7168,7168,128x128x64_w4_v6,OK,ms=1.177,tflops=5.59,gbps=49.5,maxabs=3.949e-02,p99=1.861e-02,rel=2.596e-04
INT8,BITSHIFT,U(-1,1),64,7168,7168,128x128x64_w4_v6,SKIP,v6 path-B not implemented
INT8,LUT,U(-1,1),64,7168,7168,128x64x64_w4_v6,OK,ms=1.567,tflops=4.20,gbps=37.2,maxabs=3.949e-02,p99=1.861e-02,rel=2.596e-04
INT8,BITSHIFT,U(-1,1),64,7168,7168,128x64x64_w4_v6,SKIP,v6 path-B not implemented
INT8,LUT,U(-1,1),64,7168,7168,64x128x64_w4_v6,OK,ms=0.827,tflops=7.95,gbps=70.4,maxabs=3.949e-02,p99=1.861e-02,rel=2.596e-04
INT8,BITSHIFT,U(-1,1),64,7168,7168,64x128x64_w4_v6,SKIP,v6 path-B not implemented
INT8,LUT,U(-1,1),64,7168,7168,64x64x64_w4_v6,OK,ms=0.889,tflops=7.40,gbps=65.5,maxabs=3.949e-02,p99=1.861e-02,rel=2.596e-04
INT8,BITSHIFT,U(-1,1),64,7168,7168,64x64x64_w4_v6,SKIP,v6 path-B not implemented
INT8,LUT,U(-1,1),128,7168,7168,16x64x32_w4,OK,ms=3.371,tflops=3.90,gbps=18.4,maxabs=3.949e-02,p99=1.868e-02,rel=2.592e-04
INT8,BITSHIFT,U(-1,1),128,7168,7168,16x64x32_w4,OK,ms=4.287,tflops=3.07,gbps=14.4,maxabs=2.550e-02,p99=1.298e-02,rel=1.847e-04
INT8,LUT,U(-1,1),128,7168,7168,16x128x32_w8,OK,ms=3.661,tflops=3.59,gbps=16.9,maxabs=3.949e-02,p99=1.868e-02,rel=2.592e-04
INT8,BITSHIFT,U(-1,1),128,7168,7168,16x128x32_w8,OK,ms=4.428,tflops=2.97,gbps=14.0,maxabs=2.550e-02,p99=1.298e-02,rel=1.847e-04
INT8,LUT,U(-1,1),128,7168,7168,16x128x32_w4f2,OK,ms=2.751,tflops=4.78,gbps=22.5,maxabs=3.949e-02,p99=1.868e-02,rel=2.592e-04
INT8,BITSHIFT,U(-1,1),128,7168,7168,16x128x32_w4f2,SKIP,MF path-B not implemented
INT8,LUT,U(-1,1),128,7168,7168,16x256x32_w4f4,OK,ms=4.738,tflops=2.78,gbps=13.1,maxabs=3.949e-02,p99=1.868e-02,rel=2.592e-04
INT8,BITSHIFT,U(-1,1),128,7168,7168,16x256x32_w4f4,SKIP,MF path-B not implemented
INT8,LUT,U(-1,1),128,7168,7168,128x64x32_w4_v1,OK,ms=2.455,tflops=5.36,gbps=25.2,maxabs=3.949e-02,p99=1.868e-02,rel=2.592e-04
INT8,BITSHIFT,U(-1,1),128,7168,7168,128x64x32_w4_v1,SKIP,v1 path-B not implemented
INT8,LUT,U(-1,1),128,7168,7168,128x128x32_w4_v1,OK,ms=3.371,tflops=3.90,gbps=18.4,maxabs=3.949e-02,p99=1.868e-02,rel=2.592e-04
INT8,BITSHIFT,U(-1,1),128,7168,7168,128x128x32_w4_v1,SKIP,v1 path-B not implemented
INT8,LUT,U(-1,1),128,7168,7168,128x256x32_w4_v1,OK,ms=8.228,tflops=1.60,gbps=7.5,maxabs=3.949e-02,p99=1.868e-02,rel=2.592e-04
INT8,BITSHIFT,U(-1,1),128,7168,7168,128x256x32_w4_v1,SKIP,v1 path-B not implemented
INT8,LUT,U(-1,1),128,7168,7168,128x256x32_w8_v1,OK,ms=3.477,tflops=3.78,gbps=17.8,maxabs=3.949e-02,p99=1.868e-02,rel=2.592e-04
INT8,BITSHIFT,U(-1,1),128,7168,7168,128x256x32_w8_v1,SKIP,v1 path-B not implemented
INT8,LUT,U(-1,1),128,7168,7168,64x64x32_w4_v1,OK,ms=1.881,tflops=6.99,gbps=32.9,maxabs=3.949e-02,p99=1.868e-02,rel=2.592e-04
INT8,BITSHIFT,U(-1,1),128,7168,7168,64x64x32_w4_v1,SKIP,v1 path-B not implemented
INT8,LUT,U(-1,1),128,7168,7168,64x128x32_w4_v1,OK,ms=2.861,tflops=4.60,gbps=21.6,maxabs=3.949e-02,p99=1.868e-02,rel=2.592e-04
INT8,BITSHIFT,U(-1,1),128,7168,7168,64x128x32_w4_v1,SKIP,v1 path-B not implemented
INT8,LUT,U(-1,1),128,7168,7168,128x64x32_w4_v2,OK,ms=1.394,tflops=9.44,gbps=44.4,maxabs=3.949e-02,p99=1.868e-02,rel=2.592e-04
INT8,BITSHIFT,U(-1,1),128,7168,7168,128x64x32_w4_v2,SKIP,v2 path-B not implemented
INT8,LUT,U(-1,1),128,7168,7168,128x128x32_w4_v2,OK,ms=1.577,tflops=8.34,gbps=39.3,maxabs=3.949e-02,p99=1.868e-02,rel=2.592e-04
INT8,BITSHIFT,U(-1,1),128,7168,7168,128x128x32_w4_v2,SKIP,v2 path-B not implemented
INT8,LUT,U(-1,1),128,7168,7168,128x256x32_w4_v2,OK,ms=2.638,tflops=4.99,gbps=23.5,maxabs=3.949e-02,p99=1.868e-02,rel=2.592e-04
INT8,BITSHIFT,U(-1,1),128,7168,7168,128x256x32_w4_v2,SKIP,v2 path-B not implemented
INT8,LUT,U(-1,1),128,7168,7168,128x256x32_w8_v2,OK,ms=1.641,tflops=8.01,gbps=37.7,maxabs=3.949e-02,p99=1.868e-02,rel=2.592e-04
INT8,BITSHIFT,U(-1,1),128,7168,7168,128x256x32_w8_v2,SKIP,v2 path-B not implemented
INT8,LUT,U(-1,1),128,7168,7168,64x64x32_w4_v2,OK,ms=1.060,tflops=12.41,gbps=58.4,maxabs=3.949e-02,p99=1.868e-02,rel=2.592e-04
INT8,BITSHIFT,U(-1,1),128,7168,7168,64x64x32_w4_v2,SKIP,v2 path-B not implemented
INT8,LUT,U(-1,1),128,7168,7168,64x128x32_w4_v2,OK,ms=1.069,tflops=12.30,gbps=57.9,maxabs=3.949e-02,p99=1.868e-02,rel=2.592e-04
INT8,BITSHIFT,U(-1,1),128,7168,7168,64x128x32_w4_v2,SKIP,v2 path-B not implemented
INT8,LUT,U(-1,1),128,7168,7168,128x64x32_w4_v3,OK,ms=0.963,tflops=13.66,gbps=64.3,maxabs=3.949e-02,p99=1.868e-02,rel=2.592e-04
INT8,BITSHIFT,U(-1,1),128,7168,7168,128x64x32_w4_v3,SKIP,v3 path-B not implemented
INT8,LUT,U(-1,1),128,7168,7168,128x128x32_w4_v3,OK,ms=0.999,tflops=13.17,gbps=62.0,maxabs=3.949e-02,p99=1.868e-02,rel=2.592e-04
INT8,BITSHIFT,U(-1,1),128,7168,7168,128x128x32_w4_v3,SKIP,v3 path-B not implemented
INT8,LUT,U(-1,1),128,7168,7168,128x256x32_w8_v3,SKIP,smem > 48KiB
INT8,BITSHIFT,U(-1,1),128,7168,7168,128x256x32_w8_v3,SKIP,smem > 48KiB
INT8,LUT,U(-1,1),128,7168,7168,64x64x32_w4_v3,OK,ms=0.762,tflops=17.26,gbps=81.2,maxabs=3.949e-02,p99=1.868e-02,rel=2.592e-04
INT8,BITSHIFT,U(-1,1),128,7168,7168,64x64x32_w4_v3,SKIP,v3 path-B not implemented
INT8,LUT,U(-1,1),128,7168,7168,64x128x32_w4_v3,OK,ms=0.797,tflops=16.49,gbps=77.7,maxabs=3.949e-02,p99=1.868e-02,rel=2.592e-04
INT8,BITSHIFT,U(-1,1),128,7168,7168,64x128x32_w4_v3,SKIP,v3 path-B not implemented
INT8,LUT,U(-1,1),128,7168,7168,128x64x32_w4_v4,OK,ms=1.010,tflops=13.03,gbps=61.3,maxabs=3.949e-02,p99=1.868e-02,rel=2.592e-04
INT8,BITSHIFT,U(-1,1),128,7168,7168,128x64x32_w4_v4,SKIP,v4 path-B not implemented
INT8,LUT,U(-1,1),128,7168,7168,128x128x32_w4_v4,OK,ms=1.001,tflops=13.14,gbps=61.9,maxabs=3.949e-02,p99=1.868e-02,rel=2.592e-04
INT8,BITSHIFT,U(-1,1),128,7168,7168,128x128x32_w4_v4,SKIP,v4 path-B not implemented
INT8,LUT,U(-1,1),128,7168,7168,64x64x32_w4_v4,OK,ms=0.788,tflops=16.69,gbps=78.6,maxabs=3.949e-02,p99=1.868e-02,rel=2.592e-04
INT8,BITSHIFT,U(-1,1),128,7168,7168,64x64x32_w4_v4,SKIP,v4 path-B not implemented
INT8,LUT,U(-1,1),128,7168,7168,64x128x32_w4_v4,OK,ms=0.805,tflops=16.34,gbps=76.9,maxabs=3.949e-02,p99=1.868e-02,rel=2.592e-04
INT8,BITSHIFT,U(-1,1),128,7168,7168,64x128x32_w4_v4,SKIP,v4 path-B not implemented
INT8,LUT,U(-1,1),128,7168,7168,128x64x32_w4_v5,OK,ms=0.994,tflops=13.23,gbps=62.3,maxabs=3.949e-02,p99=1.868e-02,rel=2.592e-04
INT8,BITSHIFT,U(-1,1),128,7168,7168,128x64x32_w4_v5,SKIP,v5 path-B not implemented
INT8,LUT,U(-1,1),128,7168,7168,128x128x32_w4_v5,OK,ms=1.007,tflops=13.06,gbps=61.5,maxabs=3.949e-02,p99=1.868e-02,rel=2.592e-04
INT8,BITSHIFT,U(-1,1),128,7168,7168,128x128x32_w4_v5,SKIP,v5 path-B not implemented
INT8,LUT,U(-1,1),128,7168,7168,64x64x32_w4_v5,OK,ms=1.125,tflops=11.69,gbps=55.0,maxabs=3.949e-02,p99=1.868e-02,rel=2.592e-04
INT8,BITSHIFT,U(-1,1),128,7168,7168,64x64x32_w4_v5,SKIP,v5 path-B not implemented
INT8,LUT,U(-1,1),128,7168,7168,64x128x32_w4_v5,OK,ms=0.797,tflops=16.50,gbps=77.7,maxabs=3.949e-02,p99=1.868e-02,rel=2.592e-04
INT8,BITSHIFT,U(-1,1),128,7168,7168,64x128x32_w4_v5,SKIP,v5 path-B not implemented
INT8,LUT,U(-1,1),128,7168,7168,128x128x64_w4_v6,OK,ms=1.282,tflops=10.26,gbps=48.3,maxabs=3.949e-02,p99=1.868e-02,rel=2.592e-04
INT8,BITSHIFT,U(-1,1),128,7168,7168,128x128x64_w4_v6,SKIP,v6 path-B not implemented
INT8,LUT,U(-1,1),128,7168,7168,128x64x64_w4_v6,OK,ms=1.533,tflops=8.58,gbps=40.4,maxabs=3.949e-02,p99=1.868e-02,rel=2.592e-04
INT8,BITSHIFT,U(-1,1),128,7168,7168,128x64x64_w4_v6,SKIP,v6 path-B not implemented
INT8,LUT,U(-1,1),128,7168,7168,64x128x64_w4_v6,OK,ms=1.054,tflops=12.48,gbps=58.8,maxabs=3.949e-02,p99=1.868e-02,rel=2.592e-04
INT8,BITSHIFT,U(-1,1),128,7168,7168,64x128x64_w4_v6,SKIP,v6 path-B not implemented
INT8,LUT,U(-1,1),128,7168,7168,64x64x64_w4_v6,OK,ms=1.222,tflops=10.76,gbps=50.7,maxabs=3.949e-02,p99=1.868e-02,rel=2.592e-04
INT8,BITSHIFT,U(-1,1),128,7168,7168,64x64x64_w4_v6,SKIP,v6 path-B not implemented
INT8,LUT,U(-1,1),256,7168,7168,16x64x32_w4,OK,ms=5.179,tflops=5.08,gbps=13.4,maxabs=3.950e-02,p99=1.818e-02,rel=2.595e-04
INT8,BITSHIFT,U(-1,1),256,7168,7168,16x64x32_w4,OK,ms=7.207,tflops=3.65,gbps=9.6,maxabs=2.550e-02,p99=1.292e-02,rel=1.848e-04
INT8,LUT,U(-1,1),256,7168,7168,16x128x32_w8,OK,ms=5.618,tflops=4.68,gbps=12.3,maxabs=3.950e-02,p99=1.818e-02,rel=2.595e-04
INT8,BITSHIFT,U(-1,1),256,7168,7168,16x128x32_w8,OK,ms=7.266,tflops=3.62,gbps=9.5,maxabs=2.550e-02,p99=1.292e-02,rel=1.848e-04
INT8,LUT,U(-1,1),256,7168,7168,16x128x32_w4f2,OK,ms=5.975,tflops=4.40,gbps=11.6,maxabs=3.950e-02,p99=1.818e-02,rel=2.595e-04
INT8,BITSHIFT,U(-1,1),256,7168,7168,16x128x32_w4f2,SKIP,MF path-B not implemented
INT8,LUT,U(-1,1),256,7168,7168,16x256x32_w4f4,OK,ms=9.769,tflops=2.69,gbps=7.1,maxabs=3.950e-02,p99=1.818e-02,rel=2.595e-04
INT8,BITSHIFT,U(-1,1),256,7168,7168,16x256x32_w4f4,SKIP,MF path-B not implemented
INT8,LUT,U(-1,1),256,7168,7168,128x64x32_w4_v1,OK,ms=2.618,tflops=10.05,gbps=26.5,maxabs=3.950e-02,p99=1.818e-02,rel=2.595e-04
INT8,BITSHIFT,U(-1,1),256,7168,7168,128x64x32_w4_v1,SKIP,v1 path-B not implemented
INT8,LUT,U(-1,1),256,7168,7168,128x128x32_w4_v1,OK,ms=3.365,tflops=7.82,gbps=20.6,maxabs=3.950e-02,p99=1.818e-02,rel=2.595e-04
INT8,BITSHIFT,U(-1,1),256,7168,7168,128x128x32_w4_v1,SKIP,v1 path-B not implemented
INT8,LUT,U(-1,1),256,7168,7168,128x256x32_w4_v1,OK,ms=8.777,tflops=3.00,gbps=7.9,maxabs=3.950e-02,p99=1.818e-02,rel=2.595e-04
INT8,BITSHIFT,U(-1,1),256,7168,7168,128x256x32_w4_v1,SKIP,v1 path-B not implemented
INT8,LUT,U(-1,1),256,7168,7168,128x256x32_w8_v1,OK,ms=3.385,tflops=7.77,gbps=20.5,maxabs=3.950e-02,p99=1.818e-02,rel=2.595e-04
INT8,BITSHIFT,U(-1,1),256,7168,7168,128x256x32_w8_v1,SKIP,v1 path-B not implemented
INT8,LUT,U(-1,1),256,7168,7168,64x64x32_w4_v1,OK,ms=4.020,tflops=6.54,gbps=17.2,maxabs=3.950e-02,p99=1.818e-02,rel=2.595e-04
INT8,BITSHIFT,U(-1,1),256,7168,7168,64x64x32_w4_v1,SKIP,v1 path-B not implemented
INT8,LUT,U(-1,1),256,7168,7168,64x128x32_w4_v1,OK,ms=2.997,tflops=8.78,gbps=23.1,maxabs=3.950e-02,p99=1.818e-02,rel=2.595e-04
INT8,BITSHIFT,U(-1,1),256,7168,7168,64x128x32_w4_v1,SKIP,v1 path-B not implemented
INT8,LUT,U(-1,1),256,7168,7168,128x64x32_w4_v2,OK,ms=1.717,tflops=15.32,gbps=40.3,maxabs=3.950e-02,p99=1.818e-02,rel=2.595e-04
INT8,BITSHIFT,U(-1,1),256,7168,7168,128x64x32_w4_v2,SKIP,v2 path-B not implemented
INT8,LUT,U(-1,1),256,7168,7168,128x128x32_w4_v2,OK,ms=1.571,tflops=16.74,gbps=44.1,maxabs=3.950e-02,p99=1.818e-02,rel=2.595e-04
INT8,BITSHIFT,U(-1,1),256,7168,7168,128x128x32_w4_v2,SKIP,v2 path-B not implemented
INT8,LUT,U(-1,1),256,7168,7168,128x256x32_w4_v2,OK,ms=2.903,tflops=9.06,gbps=23.9,maxabs=3.950e-02,p99=1.818e-02,rel=2.595e-04
INT8,BITSHIFT,U(-1,1),256,7168,7168,128x256x32_w4_v2,SKIP,v2 path-B not implemented
INT8,LUT,U(-1,1),256,7168,7168,128x256x32_w8_v2,OK,ms=1.636,tflops=16.08,gbps=42.3,maxabs=3.950e-02,p99=1.818e-02,rel=2.595e-04
INT8,BITSHIFT,U(-1,1),256,7168,7168,128x256x32_w8_v2,SKIP,v2 path-B not implemented
INT8,LUT,U(-1,1),256,7168,7168,64x64x32_w4_v2,OK,ms=1.709,tflops=15.39,gbps=40.5,maxabs=3.950e-02,p99=1.818e-02,rel=2.595e-04
INT8,BITSHIFT,U(-1,1),256,7168,7168,64x64x32_w4_v2,SKIP,v2 path-B not implemented
INT8,LUT,U(-1,1),256,7168,7168,64x128x32_w4_v2,OK,ms=1.293,tflops=20.34,gbps=53.6,maxabs=3.950e-02,p99=1.818e-02,rel=2.595e-04
INT8,BITSHIFT,U(-1,1),256,7168,7168,64x128x32_w4_v2,SKIP,v2 path-B not implemented
INT8,LUT,U(-1,1),256,7168,7168,128x64x32_w4_v3,OK,ms=1.269,tflops=20.74,gbps=54.6,maxabs=3.950e-02,p99=1.818e-02,rel=2.595e-04
INT8,BITSHIFT,U(-1,1),256,7168,7168,128x64x32_w4_v3,SKIP,v3 path-B not implemented
INT8,LUT,U(-1,1),256,7168,7168,128x128x32_w4_v3,OK,ms=1.236,tflops=21.29,gbps=56.1,maxabs=3.950e-02,p99=1.818e-02,rel=2.595e-04
INT8,BITSHIFT,U(-1,1),256,7168,7168,128x128x32_w4_v3,SKIP,v3 path-B not implemented
INT8,LUT,U(-1,1),256,7168,7168,128x256x32_w8_v3,SKIP,smem > 48KiB
INT8,BITSHIFT,U(-1,1),256,7168,7168,128x256x32_w8_v3,SKIP,smem > 48KiB
INT8,LUT,U(-1,1),256,7168,7168,64x64x32_w4_v3,OK,ms=1.883,tflops=13.97,gbps=36.8,maxabs=3.950e-02,p99=1.818e-02,rel=2.595e-04
INT8,BITSHIFT,U(-1,1),256,7168,7168,64x64x32_w4_v3,SKIP,v3 path-B not implemented
INT8,LUT,U(-1,1),256,7168,7168,64x128x32_w4_v3,OK,ms=0.978,tflops=26.91,gbps=70.9,maxabs=3.950e-02,p99=1.818e-02,rel=2.595e-04
INT8,BITSHIFT,U(-1,1),256,7168,7168,64x128x32_w4_v3,SKIP,v3 path-B not implemented
INT8,LUT,U(-1,1),256,7168,7168,128x64x32_w4_v4,OK,ms=1.310,tflops=20.08,gbps=52.9,maxabs=3.950e-02,p99=1.818e-02,rel=2.595e-04
INT8,BITSHIFT,U(-1,1),256,7168,7168,128x64x32_w4_v4,SKIP,v4 path-B not implemented
INT8,LUT,U(-1,1),256,7168,7168,128x128x32_w4_v4,OK,ms=1.207,tflops=21.79,gbps=57.4,maxabs=3.950e-02,p99=1.818e-02,rel=2.595e-04
INT8,BITSHIFT,U(-1,1),256,7168,7168,128x128x32_w4_v4,SKIP,v4 path-B not implemented
INT8,LUT,U(-1,1),256,7168,7168,64x64x32_w4_v4,OK,ms=1.794,tflops=14.66,gbps=38.6,maxabs=3.950e-02,p99=1.818e-02,rel=2.595e-04
INT8,BITSHIFT,U(-1,1),256,7168,7168,64x64x32_w4_v4,SKIP,v4 path-B not implemented
INT8,LUT,U(-1,1),256,7168,7168,64x128x32_w4_v4,OK,ms=0.993,tflops=26.49,gbps=69.8,maxabs=3.950e-02,p99=1.818e-02,rel=2.595e-04
INT8,BITSHIFT,U(-1,1),256,7168,7168,64x128x32_w4_v4,SKIP,v4 path-B not implemented
INT8,LUT,U(-1,1),256,7168,7168,128x64x32_w4_v5,OK,ms=1.863,tflops=14.12,gbps=37.2,maxabs=3.950e-02,p99=1.818e-02,rel=2.595e-04
INT8,BITSHIFT,U(-1,1),256,7168,7168,128x64x32_w4_v5,SKIP,v5 path-B not implemented
INT8,LUT,U(-1,1),256,7168,7168,128x128x32_w4_v5,OK,ms=1.244,tflops=21.15,gbps=55.7,maxabs=3.950e-02,p99=1.818e-02,rel=2.595e-04
INT8,BITSHIFT,U(-1,1),256,7168,7168,128x128x32_w4_v5,SKIP,v5 path-B not implemented
INT8,LUT,U(-1,1),256,7168,7168,64x64x32_w4_v5,OK,ms=1.880,tflops=13.99,gbps=36.9,maxabs=3.950e-02,p99=1.818e-02,rel=2.595e-04
INT8,BITSHIFT,U(-1,1),256,7168,7168,64x64x32_w4_v5,SKIP,v5 path-B not implemented
INT8,LUT,U(-1,1),256,7168,7168,64x128x32_w4_v5,OK,ms=1.469,tflops=17.90,gbps=47.1,maxabs=3.950e-02,p99=1.818e-02,rel=2.595e-04
INT8,BITSHIFT,U(-1,1),256,7168,7168,64x128x32_w4_v5,SKIP,v5 path-B not implemented
INT8,LUT,U(-1,1),256,7168,7168,128x128x64_w4_v6,OK,ms=1.736,tflops=15.15,gbps=39.9,maxabs=3.950e-02,p99=1.818e-02,rel=2.595e-04
INT8,BITSHIFT,U(-1,1),256,7168,7168,128x128x64_w4_v6,SKIP,v6 path-B not implemented
INT8,LUT,U(-1,1),256,7168,7168,128x64x64_w4_v6,OK,ms=2.186,tflops=12.03,gbps=31.7,maxabs=3.950e-02,p99=1.818e-02,rel=2.595e-04
INT8,BITSHIFT,U(-1,1),256,7168,7168,128x64x64_w4_v6,SKIP,v6 path-B not implemented
INT8,LUT,U(-1,1),256,7168,7168,64x128x64_w4_v6,OK,ms=1.390,tflops=18.93,gbps=49.8,maxabs=3.950e-02,p99=1.818e-02,rel=2.595e-04
INT8,BITSHIFT,U(-1,1),256,7168,7168,64x128x64_w4_v6,SKIP,v6 path-B not implemented
INT8,LUT,U(-1,1),256,7168,7168,64x64x64_w4_v6,OK,ms=3.006,tflops=8.75,gbps=23.0,maxabs=3.950e-02,p99=1.818e-02,rel=2.595e-04
INT8,BITSHIFT,U(-1,1),256,7168,7168,64x64x64_w4_v6,SKIP,v6 path-B not implemented
INT8,LUT,U(-1,1),512,7168,7168,16x64x32_w4,OK,ms=10.364,tflops=5.08,gbps=8.1,maxabs=3.949e-02,p99=1.846e-02,rel=2.594e-04
INT8,BITSHIFT,U(-1,1),512,7168,7168,16x64x32_w4,OK,ms=14.484,tflops=3.63,gbps=5.8,maxabs=2.680e-02,p99=1.346e-02,rel=1.847e-04
INT8,LUT,U(-1,1),512,7168,7168,16x128x32_w8,OK,ms=11.080,tflops=4.75,gbps=7.6,maxabs=3.949e-02,p99=1.846e-02,rel=2.594e-04
INT8,BITSHIFT,U(-1,1),512,7168,7168,16x128x32_w8,OK,ms=14.811,tflops=3.55,gbps=5.7,maxabs=2.680e-02,p99=1.346e-02,rel=1.847e-04
INT8,LUT,U(-1,1),512,7168,7168,16x128x32_w4f2,OK,ms=11.831,tflops=4.45,gbps=7.1,maxabs=3.949e-02,p99=1.846e-02,rel=2.594e-04
INT8,BITSHIFT,U(-1,1),512,7168,7168,16x128x32_w4f2,SKIP,MF path-B not implemented
INT8,LUT,U(-1,1),512,7168,7168,16x256x32_w4f4,OK,ms=14.404,tflops=3.65,gbps=5.8,maxabs=3.949e-02,p99=1.846e-02,rel=2.594e-04
INT8,BITSHIFT,U(-1,1),512,7168,7168,16x256x32_w4f4,SKIP,MF path-B not implemented
INT8,LUT,U(-1,1),512,7168,7168,128x64x32_w4_v1,OK,ms=5.677,tflops=9.27,gbps=14.8,maxabs=3.949e-02,p99=1.846e-02,rel=2.594e-04
INT8,BITSHIFT,U(-1,1),512,7168,7168,128x64x32_w4_v1,SKIP,v1 path-B not implemented
INT8,LUT,U(-1,1),512,7168,7168,128x128x32_w4_v1,OK,ms=7.214,tflops=7.29,gbps=11.6,maxabs=3.949e-02,p99=1.846e-02,rel=2.594e-04
INT8,BITSHIFT,U(-1,1),512,7168,7168,128x128x32_w4_v1,SKIP,v1 path-B not implemented
INT8,LUT,U(-1,1),512,7168,7168,128x256x32_w4_v1,OK,ms=10.711,tflops=4.91,gbps=7.8,maxabs=3.949e-02,p99=1.846e-02,rel=2.594e-04
INT8,BITSHIFT,U(-1,1),512,7168,7168,128x256x32_w4_v1,SKIP,v1 path-B not implemented
INT8,LUT,U(-1,1),512,7168,7168,128x256x32_w8_v1,OK,ms=6.799,tflops=7.74,gbps=12.3,maxabs=3.949e-02,p99=1.846e-02,rel=2.594e-04
INT8,BITSHIFT,U(-1,1),512,7168,7168,128x256x32_w8_v1,SKIP,v1 path-B not implemented
INT8,LUT,U(-1,1),512,7168,7168,64x64x32_w4_v1,OK,ms=6.270,tflops=8.39,gbps=13.4,maxabs=3.949e-02,p99=1.846e-02,rel=2.594e-04
INT8,BITSHIFT,U(-1,1),512,7168,7168,64x64x32_w4_v1,SKIP,v1 path-B not implemented
INT8,LUT,U(-1,1),512,7168,7168,64x128x32_w4_v1,OK,ms=5.984,tflops=8.79,gbps=14.0,maxabs=3.949e-02,p99=1.846e-02,rel=2.594e-04
INT8,BITSHIFT,U(-1,1),512,7168,7168,64x128x32_w4_v1,SKIP,v1 path-B not implemented
INT8,LUT,U(-1,1),512,7168,7168,128x64x32_w4_v2,OK,ms=4.049,tflops=13.00,gbps=20.7,maxabs=3.949e-02,p99=1.846e-02,rel=2.594e-04
INT8,BITSHIFT,U(-1,1),512,7168,7168,128x64x32_w4_v2,SKIP,v2 path-B not implemented
INT8,LUT,U(-1,1),512,7168,7168,128x128x32_w4_v2,OK,ms=3.718,tflops=14.15,gbps=22.6,maxabs=3.949e-02,p99=1.846e-02,rel=2.594e-04
INT8,BITSHIFT,U(-1,1),512,7168,7168,128x128x32_w4_v2,SKIP,v2 path-B not implemented
INT8,LUT,U(-1,1),512,7168,7168,128x256x32_w4_v2,OK,ms=4.916,tflops=10.70,gbps=17.1,maxabs=3.949e-02,p99=1.846e-02,rel=2.594e-04
INT8,BITSHIFT,U(-1,1),512,7168,7168,128x256x32_w4_v2,SKIP,v2 path-B not implemented
INT8,LUT,U(-1,1),512,7168,7168,128x256x32_w8_v2,OK,ms=3.280,tflops=16.04,gbps=25.6,maxabs=3.949e-02,p99=1.846e-02,rel=2.594e-04
INT8,BITSHIFT,U(-1,1),512,7168,7168,128x256x32_w8_v2,SKIP,v2 path-B not implemented
INT8,LUT,U(-1,1),512,7168,7168,64x64x32_w4_v2,OK,ms=3.415,tflops=15.41,gbps=24.6,maxabs=3.949e-02,p99=1.846e-02,rel=2.594e-04
INT8,BITSHIFT,U(-1,1),512,7168,7168,64x64x32_w4_v2,SKIP,v2 path-B not implemented
INT8,LUT,U(-1,1),512,7168,7168,64x128x32_w4_v2,OK,ms=3.325,tflops=15.82,gbps=25.2,maxabs=3.949e-02,p99=1.846e-02,rel=2.594e-04
INT8,BITSHIFT,U(-1,1),512,7168,7168,64x128x32_w4_v2,SKIP,v2 path-B not implemented
INT8,LUT,U(-1,1),512,7168,7168,128x64x32_w4_v3,OK,ms=2.526,tflops=20.82,gbps=33.2,maxabs=3.949e-02,p99=1.846e-02,rel=2.594e-04
INT8,BITSHIFT,U(-1,1),512,7168,7168,128x64x32_w4_v3,SKIP,v3 path-B not implemented
INT8,LUT,U(-1,1),512,7168,7168,128x128x32_w4_v3,OK,ms=2.534,tflops=20.77,gbps=33.1,maxabs=3.949e-02,p99=1.846e-02,rel=2.594e-04
INT8,BITSHIFT,U(-1,1),512,7168,7168,128x128x32_w4_v3,SKIP,v3 path-B not implemented
INT8,LUT,U(-1,1),512,7168,7168,128x256x32_w8_v3,SKIP,smem > 48KiB
INT8,BITSHIFT,U(-1,1),512,7168,7168,128x256x32_w8_v3,SKIP,smem > 48KiB
INT8,LUT,U(-1,1),512,7168,7168,64x64x32_w4_v3,OK,ms=3.223,tflops=16.33,gbps=26.0,maxabs=3.949e-02,p99=1.846e-02,rel=2.594e-04
INT8,BITSHIFT,U(-1,1),512,7168,7168,64x64x32_w4_v3,SKIP,v3 path-B not implemented
INT8,LUT,U(-1,1),512,7168,7168,64x128x32_w4_v3,OK,ms=1.968,tflops=26.74,gbps=42.7,maxabs=3.949e-02,p99=1.846e-02,rel=2.594e-04
INT8,BITSHIFT,U(-1,1),512,7168,7168,64x128x32_w4_v3,SKIP,v3 path-B not implemented
INT8,LUT,U(-1,1),512,7168,7168,128x64x32_w4_v4,OK,ms=2.613,tflops=20.14,gbps=32.1,maxabs=3.949e-02,p99=1.846e-02,rel=2.594e-04
INT8,BITSHIFT,U(-1,1),512,7168,7168,128x64x32_w4_v4,SKIP,v4 path-B not implemented
INT8,LUT,U(-1,1),512,7168,7168,128x128x32_w4_v4,OK,ms=2.516,tflops=20.91,gbps=33.4,maxabs=3.949e-02,p99=1.846e-02,rel=2.594e-04
INT8,BITSHIFT,U(-1,1),512,7168,7168,128x128x32_w4_v4,SKIP,v4 path-B not implemented
INT8,LUT,U(-1,1),512,7168,7168,64x64x32_w4_v4,OK,ms=3.172,tflops=16.59,gbps=26.5,maxabs=3.949e-02,p99=1.846e-02,rel=2.594e-04
INT8,BITSHIFT,U(-1,1),512,7168,7168,64x64x32_w4_v4,SKIP,v4 path-B not implemented
INT8,LUT,U(-1,1),512,7168,7168,64x128x32_w4_v4,OK,ms=1.996,tflops=26.36,gbps=42.1,maxabs=3.949e-02,p99=1.846e-02,rel=2.594e-04
INT8,BITSHIFT,U(-1,1),512,7168,7168,64x128x32_w4_v4,SKIP,v4 path-B not implemented
INT8,LUT,U(-1,1),512,7168,7168,128x64x32_w4_v5,OK,ms=3.135,tflops=16.78,gbps=26.8,maxabs=3.949e-02,p99=1.846e-02,rel=2.594e-04
INT8,BITSHIFT,U(-1,1),512,7168,7168,128x64x32_w4_v5,SKIP,v5 path-B not implemented
INT8,LUT,U(-1,1),512,7168,7168,128x128x32_w4_v5,OK,ms=2.279,tflops=23.08,gbps=36.8,maxabs=3.949e-02,p99=1.846e-02,rel=2.594e-04
INT8,BITSHIFT,U(-1,1),512,7168,7168,128x128x32_w4_v5,SKIP,v5 path-B not implemented
INT8,LUT,U(-1,1),512,7168,7168,64x64x32_w4_v5,OK,ms=3.855,tflops=13.65,gbps=21.8,maxabs=3.949e-02,p99=1.846e-02,rel=2.594e-04
INT8,BITSHIFT,U(-1,1),512,7168,7168,64x64x32_w4_v5,SKIP,v5 path-B not implemented
INT8,LUT,U(-1,1),512,7168,7168,64x128x32_w4_v5,OK,ms=2.388,tflops=22.03,gbps=35.2,maxabs=3.949e-02,p99=1.846e-02,rel=2.594e-04
INT8,BITSHIFT,U(-1,1),512,7168,7168,64x128x32_w4_v5,SKIP,v5 path-B not implemented
INT8,LUT,U(-1,1),512,7168,7168,128x128x64_w4_v6,OK,ms=3.371,tflops=15.61,gbps=24.9,maxabs=3.949e-02,p99=1.846e-02,rel=2.594e-04
INT8,BITSHIFT,U(-1,1),512,7168,7168,128x128x64_w4_v6,SKIP,v6 path-B not implemented
INT8,LUT,U(-1,1),512,7168,7168,128x64x64_w4_v6,OK,ms=4.356,tflops=12.08,gbps=19.3,maxabs=3.949e-02,p99=1.846e-02,rel=2.594e-04
INT8,BITSHIFT,U(-1,1),512,7168,7168,128x64x64_w4_v6,SKIP,v6 path-B not implemented
INT8,LUT,U(-1,1),512,7168,7168,64x128x64_w4_v6,OK,ms=2.771,tflops=18.99,gbps=30.3,maxabs=3.949e-02,p99=1.846e-02,rel=2.594e-04
INT8,BITSHIFT,U(-1,1),512,7168,7168,64x128x64_w4_v6,SKIP,v6 path-B not implemented
INT8,LUT,U(-1,1),512,7168,7168,64x64x64_w4_v6,OK,ms=5.441,tflops=9.67,gbps=15.4,maxabs=3.949e-02,p99=1.846e-02,rel=2.594e-04
INT8,BITSHIFT,U(-1,1),512,7168,7168,64x64x64_w4_v6,SKIP,v6 path-B not implemented
INT8,LUT,U(-1,1),1024,7168,7168,16x64x32_w4,OK,ms=21.030,tflops=5.00,gbps=5.4,maxabs=3.979e-02,p99=1.832e-02,rel=2.594e-04
INT8,BITSHIFT,U(-1,1),1024,7168,7168,16x64x32_w4,OK,ms=29.671,tflops=3.55,gbps=3.8,maxabs=2.680e-02,p99=1.347e-02,rel=1.846e-04
INT8,LUT,U(-1,1),1024,7168,7168,16x128x32_w8,OK,ms=22.063,tflops=4.77,gbps=5.1,maxabs=3.979e-02,p99=1.832e-02,rel=2.594e-04
INT8,BITSHIFT,U(-1,1),1024,7168,7168,16x128x32_w8,OK,ms=29.083,tflops=3.62,gbps=3.9,maxabs=2.680e-02,p99=1.347e-02,rel=1.846e-04
INT8,LUT,U(-1,1),1024,7168,7168,16x128x32_w4f2,OK,ms=20.557,tflops=5.12,gbps=5.5,maxabs=3.979e-02,p99=1.832e-02,rel=2.594e-04
INT8,BITSHIFT,U(-1,1),1024,7168,7168,16x128x32_w4f2,SKIP,MF path-B not implemented
INT8,LUT,U(-1,1),1024,7168,7168,16x256x32_w4f4,OK,ms=28.680,tflops=3.67,gbps=4.0,maxabs=3.979e-02,p99=1.832e-02,rel=2.594e-04
INT8,BITSHIFT,U(-1,1),1024,7168,7168,16x256x32_w4f4,SKIP,MF path-B not implemented
INT8,LUT,U(-1,1),1024,7168,7168,128x64x32_w4_v1,OK,ms=8.414,tflops=12.51,gbps=13.5,maxabs=3.979e-02,p99=1.832e-02,rel=2.594e-04
INT8,BITSHIFT,U(-1,1),1024,7168,7168,128x64x32_w4_v1,SKIP,v1 path-B not implemented
INT8,LUT,U(-1,1),1024,7168,7168,128x128x32_w4_v1,OK,ms=10.724,tflops=9.81,gbps=10.6,maxabs=3.979e-02,p99=1.832e-02,rel=2.594e-04
INT8,BITSHIFT,U(-1,1),1024,7168,7168,128x128x32_w4_v1,SKIP,v1 path-B not implemented
INT8,LUT,U(-1,1),1024,7168,7168,128x256x32_w4_v1,OK,ms=22.173,tflops=4.75,gbps=5.1,maxabs=3.979e-02,p99=1.832e-02,rel=2.594e-04
INT8,BITSHIFT,U(-1,1),1024,7168,7168,128x256x32_w4_v1,SKIP,v1 path-B not implemented
INT8,LUT,U(-1,1),1024,7168,7168,128x256x32_w8_v1,OK,ms=10.107,tflops=10.41,gbps=11.2,maxabs=3.979e-02,p99=1.832e-02,rel=2.594e-04
INT8,BITSHIFT,U(-1,1),1024,7168,7168,128x256x32_w8_v1,SKIP,v1 path-B not implemented
INT8,LUT,U(-1,1),1024,7168,7168,64x64x32_w4_v1,OK,ms=10.617,tflops=9.91,gbps=10.7,maxabs=3.979e-02,p99=1.832e-02,rel=2.594e-04
INT8,BITSHIFT,U(-1,1),1024,7168,7168,64x64x32_w4_v1,SKIP,v1 path-B not implemented
INT8,LUT,U(-1,1),1024,7168,7168,64x128x32_w4_v1,OK,ms=12.041,tflops=8.74,gbps=9.4,maxabs=3.979e-02,p99=1.832e-02,rel=2.594e-04
INT8,BITSHIFT,U(-1,1),1024,7168,7168,64x128x32_w4_v1,SKIP,v1 path-B not implemented
INT8,LUT,U(-1,1),1024,7168,7168,128x64x32_w4_v2,OK,ms=6.271,tflops=16.78,gbps=18.1,maxabs=3.979e-02,p99=1.832e-02,rel=2.594e-04
INT8,BITSHIFT,U(-1,1),1024,7168,7168,128x64x32_w4_v2,SKIP,v2 path-B not implemented
INT8,LUT,U(-1,1),1024,7168,7168,128x128x32_w4_v2,OK,ms=5.762,tflops=18.26,gbps=19.7,maxabs=3.979e-02,p99=1.832e-02,rel=2.594e-04
INT8,BITSHIFT,U(-1,1),1024,7168,7168,128x128x32_w4_v2,SKIP,v2 path-B not implemented
INT8,LUT,U(-1,1),1024,7168,7168,128x256x32_w4_v2,OK,ms=11.389,tflops=9.24,gbps=9.9,maxabs=3.979e-02,p99=1.832e-02,rel=2.594e-04
INT8,BITSHIFT,U(-1,1),1024,7168,7168,128x256x32_w4_v2,SKIP,v2 path-B not implemented
INT8,LUT,U(-1,1),1024,7168,7168,128x256x32_w8_v2,OK,ms=4.919,tflops=21.39,gbps=23.0,maxabs=3.979e-02,p99=1.832e-02,rel=2.594e-04
INT8,BITSHIFT,U(-1,1),1024,7168,7168,128x256x32_w8_v2,SKIP,v2 path-B not implemented
INT8,LUT,U(-1,1),1024,7168,7168,64x64x32_w4_v2,OK,ms=6.826,tflops=15.42,gbps=16.6,maxabs=3.979e-02,p99=1.832e-02,rel=2.594e-04
INT8,BITSHIFT,U(-1,1),1024,7168,7168,64x64x32_w4_v2,SKIP,v2 path-B not implemented
INT8,LUT,U(-1,1),1024,7168,7168,64x128x32_w4_v2,OK,ms=4.962,tflops=21.21,gbps=22.8,maxabs=3.979e-02,p99=1.832e-02,rel=2.594e-04
INT8,BITSHIFT,U(-1,1),1024,7168,7168,64x128x32_w4_v2,SKIP,v2 path-B not implemented
INT8,LUT,U(-1,1),1024,7168,7168,128x64x32_w4_v3,OK,ms=5.033,tflops=20.91,gbps=22.5,maxabs=3.979e-02,p99=1.832e-02,rel=2.594e-04
INT8,BITSHIFT,U(-1,1),1024,7168,7168,128x64x32_w4_v3,SKIP,v3 path-B not implemented
INT8,LUT,U(-1,1),1024,7168,7168,128x128x32_w4_v3,OK,ms=3.832,tflops=27.46,gbps=29.6,maxabs=3.979e-02,p99=1.832e-02,rel=2.594e-04
INT8,BITSHIFT,U(-1,1),1024,7168,7168,128x128x32_w4_v3,SKIP,v3 path-B not implemented
INT8,LUT,U(-1,1),1024,7168,7168,128x256x32_w8_v3,SKIP,smem > 48KiB
INT8,BITSHIFT,U(-1,1),1024,7168,7168,128x256x32_w8_v3,SKIP,smem > 48KiB
INT8,LUT,U(-1,1),1024,7168,7168,64x64x32_w4_v3,OK,ms=5.787,tflops=18.18,gbps=19.6,maxabs=3.979e-02,p99=1.832e-02,rel=2.594e-04
INT8,BITSHIFT,U(-1,1),1024,7168,7168,64x64x32_w4_v3,SKIP,v3 path-B not implemented
INT8,LUT,U(-1,1),1024,7168,7168,64x128x32_w4_v3,OK,ms=3.928,tflops=26.79,gbps=28.9,maxabs=3.979e-02,p99=1.832e-02,rel=2.594e-04
INT8,BITSHIFT,U(-1,1),1024,7168,7168,64x128x32_w4_v3,SKIP,v3 path-B not implemented
INT8,LUT,U(-1,1),1024,7168,7168,128x64x32_w4_v4,OK,ms=5.205,tflops=20.22,gbps=21.8,maxabs=3.979e-02,p99=1.832e-02,rel=2.594e-04
INT8,BITSHIFT,U(-1,1),1024,7168,7168,128x64x32_w4_v4,SKIP,v4 path-B not implemented
INT8,LUT,U(-1,1),1024,7168,7168,128x128x32_w4_v4,OK,ms=3.774,tflops=27.88,gbps=30.0,maxabs=3.979e-02,p99=1.832e-02,rel=2.594e-04
INT8,BITSHIFT,U(-1,1),1024,7168,7168,128x128x32_w4_v4,SKIP,v4 path-B not implemented
INT8,LUT,U(-1,1),1024,7168,7168,64x64x32_w4_v4,OK,ms=5.869,tflops=17.93,gbps=19.3,maxabs=3.979e-02,p99=1.832e-02,rel=2.594e-04
INT8,BITSHIFT,U(-1,1),1024,7168,7168,64x64x32_w4_v4,SKIP,v4 path-B not implemented
INT8,LUT,U(-1,1),1024,7168,7168,64x128x32_w4_v4,OK,ms=3.984,tflops=26.41,gbps=28.4,maxabs=3.979e-02,p99=1.832e-02,rel=2.594e-04
INT8,BITSHIFT,U(-1,1),1024,7168,7168,64x128x32_w4_v4,SKIP,v4 path-B not implemented
INT8,LUT,U(-1,1),1024,7168,7168,128x64x32_w4_v5,OK,ms=6.530,tflops=16.11,gbps=17.4,maxabs=3.979e-02,p99=1.832e-02,rel=2.594e-04
INT8,BITSHIFT,U(-1,1),1024,7168,7168,128x64x32_w4_v5,SKIP,v5 path-B not implemented
INT8,LUT,U(-1,1),1024,7168,7168,128x128x32_w4_v5,OK,ms=3.854,tflops=27.31,gbps=29.4,maxabs=3.979e-02,p99=1.832e-02,rel=2.594e-04
INT8,BITSHIFT,U(-1,1),1024,7168,7168,128x128x32_w4_v5,SKIP,v5 path-B not implemented
INT8,LUT,U(-1,1),1024,7168,7168,64x64x32_w4_v5,OK,ms=7.740,tflops=13.60,gbps=14.6,maxabs=3.979e-02,p99=1.832e-02,rel=2.594e-04
INT8,BITSHIFT,U(-1,1),1024,7168,7168,64x64x32_w4_v5,SKIP,v5 path-B not implemented
INT8,LUT,U(-1,1),1024,7168,7168,64x128x32_w4_v5,OK,ms=4.872,tflops=21.60,gbps=23.3,maxabs=3.979e-02,p99=1.832e-02,rel=2.594e-04
INT8,BITSHIFT,U(-1,1),1024,7168,7168,64x128x32_w4_v5,SKIP,v5 path-B not implemented
INT8,LUT,U(-1,1),1024,7168,7168,128x128x64_w4_v6,OK,ms=5.037,tflops=20.89,gbps=22.5,maxabs=3.979e-02,p99=1.832e-02,rel=2.594e-04
INT8,BITSHIFT,U(-1,1),1024,7168,7168,128x128x64_w4_v6,SKIP,v6 path-B not implemented
INT8,LUT,U(-1,1),1024,7168,7168,128x64x64_w4_v6,OK,ms=8.682,tflops=12.12,gbps=13.1,maxabs=3.979e-02,p99=1.832e-02,rel=2.594e-04
INT8,BITSHIFT,U(-1,1),1024,7168,7168,128x64x64_w4_v6,SKIP,v6 path-B not implemented
INT8,LUT,U(-1,1),1024,7168,7168,64x128x64_w4_v6,OK,ms=5.530,tflops=19.03,gbps=20.5,maxabs=3.979e-02,p99=1.832e-02,rel=2.594e-04
INT8,BITSHIFT,U(-1,1),1024,7168,7168,64x128x64_w4_v6,SKIP,v6 path-B not implemented
INT8,LUT,U(-1,1),1024,7168,7168,64x64x64_w4_v6,OK,ms=9.582,tflops=10.98,gbps=11.8,maxabs=3.979e-02,p99=1.832e-02,rel=2.594e-04
INT8,BITSHIFT,U(-1,1),1024,7168,7168,64x64x64_w4_v6,SKIP,v6 path-B not implemented
INT8,LUT,U(-1,1),2048,7168,7168,16x64x32_w4,OK,ms=40.142,tflops=5.24,gbps=4.3,maxabs=3.975e-02,p99=1.811e-02,rel=2.594e-04
INT8,BITSHIFT,U(-1,1),2048,7168,7168,16x64x32_w4,OK,ms=60.764,tflops=3.46,gbps=2.8,maxabs=2.817e-02,p99=1.329e-02,rel=1.846e-04
INT8,LUT,U(-1,1),2048,7168,7168,16x128x32_w8,OK,ms=41.709,tflops=5.05,gbps=4.1,maxabs=3.975e-02,p99=1.811e-02,rel=2.594e-04
INT8,BITSHIFT,U(-1,1),2048,7168,7168,16x128x32_w8,OK,ms=57.204,tflops=3.68,gbps=3.0,maxabs=2.817e-02,p99=1.329e-02,rel=1.846e-04
INT8,LUT,U(-1,1),2048,7168,7168,16x128x32_w4f2,OK,ms=37.907,tflops=5.55,gbps=4.5,maxabs=3.975e-02,p99=1.811e-02,rel=2.594e-04
INT8,BITSHIFT,U(-1,1),2048,7168,7168,16x128x32_w4f2,SKIP,MF path-B not implemented
INT8,LUT,U(-1,1),2048,7168,7168,16x256x32_w4f4,OK,ms=57.527,tflops=3.66,gbps=3.0,maxabs=3.975e-02,p99=1.811e-02,rel=2.594e-04
INT8,BITSHIFT,U(-1,1),2048,7168,7168,16x256x32_w4f4,SKIP,MF path-B not implemented
INT8,LUT,U(-1,1),2048,7168,7168,128x64x32_w4_v1,OK,ms=16.994,tflops=12.38,gbps=10.1,maxabs=3.975e-02,p99=1.811e-02,rel=2.594e-04
INT8,BITSHIFT,U(-1,1),2048,7168,7168,128x64x32_w4_v1,SKIP,v1 path-B not implemented
INT8,LUT,U(-1,1),2048,7168,7168,128x128x32_w4_v1,OK,ms=21.722,tflops=9.69,gbps=7.9,maxabs=3.975e-02,p99=1.811e-02,rel=2.594e-04
INT8,BITSHIFT,U(-1,1),2048,7168,7168,128x128x32_w4_v1,SKIP,v1 path-B not implemented
INT8,LUT,U(-1,1),2048,7168,7168,128x256x32_w4_v1,OK,ms=37.201,tflops=5.66,gbps=4.6,maxabs=3.975e-02,p99=1.811e-02,rel=2.594e-04
INT8,BITSHIFT,U(-1,1),2048,7168,7168,128x256x32_w4_v1,SKIP,v1 path-B not implemented
INT8,LUT,U(-1,1),2048,7168,7168,128x256x32_w8_v1,OK,ms=20.222,tflops=10.41,gbps=8.5,maxabs=3.975e-02,p99=1.811e-02,rel=2.594e-04
INT8,BITSHIFT,U(-1,1),2048,7168,7168,128x256x32_w8_v1,SKIP,v1 path-B not implemented
INT8,LUT,U(-1,1),2048,7168,7168,64x64x32_w4_v1,OK,ms=19.182,tflops=10.97,gbps=9.0,maxabs=3.975e-02,p99=1.811e-02,rel=2.594e-04
INT8,BITSHIFT,U(-1,1),2048,7168,7168,64x64x32_w4_v1,SKIP,v1 path-B not implemented
INT8,LUT,U(-1,1),2048,7168,7168,64x128x32_w4_v1,OK,ms=24.403,tflops=8.62,gbps=7.0,maxabs=3.975e-02,p99=1.811e-02,rel=2.594e-04
INT8,BITSHIFT,U(-1,1),2048,7168,7168,64x128x32_w4_v1,SKIP,v1 path-B not implemented
INT8,LUT,U(-1,1),2048,7168,7168,128x64x32_w4_v2,OK,ms=12.870,tflops=16.35,gbps=13.4,maxabs=3.975e-02,p99=1.811e-02,rel=2.594e-04
INT8,BITSHIFT,U(-1,1),2048,7168,7168,128x64x32_w4_v2,SKIP,v2 path-B not implemented
INT8,LUT,U(-1,1),2048,7168,7168,128x128x32_w4_v2,OK,ms=11.620,tflops=18.11,gbps=14.8,maxabs=3.975e-02,p99=1.811e-02,rel=2.594e-04
INT8,BITSHIFT,U(-1,1),2048,7168,7168,128x128x32_w4_v2,SKIP,v2 path-B not implemented
INT8,LUT,U(-1,1),2048,7168,7168,128x256x32_w4_v2,OK,ms=19.764,tflops=10.65,gbps=8.7,maxabs=3.975e-02,p99=1.811e-02,rel=2.594e-04
INT8,BITSHIFT,U(-1,1),2048,7168,7168,128x256x32_w4_v2,SKIP,v2 path-B not implemented
INT8,LUT,U(-1,1),2048,7168,7168,128x256x32_w8_v2,OK,ms=9.828,tflops=21.41,gbps=17.5,maxabs=3.975e-02,p99=1.811e-02,rel=2.594e-04
INT8,BITSHIFT,U(-1,1),2048,7168,7168,128x256x32_w8_v2,SKIP,v2 path-B not implemented
INT8,LUT,U(-1,1),2048,7168,7168,64x64x32_w4_v2,OK,ms=13.377,tflops=15.73,gbps=12.9,maxabs=3.975e-02,p99=1.811e-02,rel=2.594e-04
INT8,BITSHIFT,U(-1,1),2048,7168,7168,64x64x32_w4_v2,SKIP,v2 path-B not implemented
INT8,LUT,U(-1,1),2048,7168,7168,64x128x32_w4_v2,OK,ms=9.853,tflops=21.36,gbps=17.5,maxabs=3.975e-02,p99=1.811e-02,rel=2.594e-04
INT8,BITSHIFT,U(-1,1),2048,7168,7168,64x128x32_w4_v2,SKIP,v2 path-B not implemented
INT8,LUT,U(-1,1),2048,7168,7168,128x64x32_w4_v3,OK,ms=10.048,tflops=20.94,gbps=17.1,maxabs=3.975e-02,p99=1.811e-02,rel=2.594e-04
INT8,BITSHIFT,U(-1,1),2048,7168,7168,128x64x32_w4_v3,SKIP,v3 path-B not implemented
INT8,LUT,U(-1,1),2048,7168,7168,128x128x32_w4_v3,OK,ms=7.671,tflops=27.44,gbps=22.4,maxabs=3.975e-02,p99=1.811e-02,rel=2.594e-04
INT8,BITSHIFT,U(-1,1),2048,7168,7168,128x128x32_w4_v3,SKIP,v3 path-B not implemented
INT8,LUT,U(-1,1),2048,7168,7168,128x256x32_w8_v3,SKIP,smem > 48KiB
INT8,BITSHIFT,U(-1,1),2048,7168,7168,128x256x32_w8_v3,SKIP,smem > 48KiB
INT8,LUT,U(-1,1),2048,7168,7168,64x64x32_w4_v3,OK,ms=10.534,tflops=19.98,gbps=16.3,maxabs=3.975e-02,p99=1.811e-02,rel=2.594e-04
INT8,BITSHIFT,U(-1,1),2048,7168,7168,64x64x32_w4_v3,SKIP,v3 path-B not implemented
INT8,LUT,U(-1,1),2048,7168,7168,64x128x32_w4_v3,OK,ms=7.789,tflops=27.02,gbps=22.1,maxabs=3.975e-02,p99=1.811e-02,rel=2.594e-04
INT8,BITSHIFT,U(-1,1),2048,7168,7168,64x128x32_w4_v3,SKIP,v3 path-B not implemented
INT8,LUT,U(-1,1),2048,7168,7168,128x64x32_w4_v4,OK,ms=10.388,tflops=20.26,gbps=16.6,maxabs=3.975e-02,p99=1.811e-02,rel=2.594e-04
INT8,BITSHIFT,U(-1,1),2048,7168,7168,128x64x32_w4_v4,SKIP,v4 path-B not implemented
INT8,LUT,U(-1,1),2048,7168,7168,128x128x32_w4_v4,OK,ms=7.605,tflops=27.67,gbps=22.6,maxabs=3.975e-02,p99=1.811e-02,rel=2.594e-04
INT8,BITSHIFT,U(-1,1),2048,7168,7168,128x128x32_w4_v4,SKIP,v4 path-B not implemented
INT8,LUT,U(-1,1),2048,7168,7168,64x64x32_w4_v4,OK,ms=11.073,tflops=19.01,gbps=15.5,maxabs=3.975e-02,p99=1.811e-02,rel=2.594e-04
INT8,BITSHIFT,U(-1,1),2048,7168,7168,64x64x32_w4_v4,SKIP,v4 path-B not implemented
INT8,LUT,U(-1,1),2048,7168,7168,64x128x32_w4_v4,OK,ms=7.920,tflops=26.57,gbps=21.7,maxabs=3.975e-02,p99=1.811e-02,rel=2.594e-04
INT8,BITSHIFT,U(-1,1),2048,7168,7168,64x128x32_w4_v4,SKIP,v4 path-B not implemented
INT8,LUT,U(-1,1),2048,7168,7168,128x64x32_w4_v5,OK,ms=12.910,tflops=16.30,gbps=13.3,maxabs=3.975e-02,p99=1.811e-02,rel=2.594e-04
INT8,BITSHIFT,U(-1,1),2048,7168,7168,128x64x32_w4_v5,SKIP,v5 path-B not implemented
INT8,LUT,U(-1,1),2048,7168,7168,128x128x32_w4_v5,OK,ms=7.949,tflops=26.48,gbps=21.6,maxabs=3.975e-02,p99=1.811e-02,rel=2.594e-04
INT8,BITSHIFT,U(-1,1),2048,7168,7168,128x128x32_w4_v5,SKIP,v5 path-B not implemented
INT8,LUT,U(-1,1),2048,7168,7168,64x64x32_w4_v5,OK,ms=15.102,tflops=13.94,gbps=11.4,maxabs=3.975e-02,p99=1.811e-02,rel=2.594e-04
INT8,BITSHIFT,U(-1,1),2048,7168,7168,64x64x32_w4_v5,SKIP,v5 path-B not implemented
INT8,LUT,U(-1,1),2048,7168,7168,64x128x32_w4_v5,OK,ms=9.811,tflops=21.45,gbps=17.5,maxabs=3.975e-02,p99=1.811e-02,rel=2.594e-04
INT8,BITSHIFT,U(-1,1),2048,7168,7168,64x128x32_w4_v5,SKIP,v5 path-B not implemented
INT8,LUT,U(-1,1),2048,7168,7168,128x128x64_w4_v6,OK,ms=10.034,tflops=20.97,gbps=17.1,maxabs=3.975e-02,p99=1.811e-02,rel=2.594e-04
INT8,BITSHIFT,U(-1,1),2048,7168,7168,128x128x64_w4_v6,SKIP,v6 path-B not implemented
INT8,LUT,U(-1,1),2048,7168,7168,128x64x64_w4_v6,OK,ms=17.327,tflops=12.15,gbps=9.9,maxabs=3.975e-02,p99=1.811e-02,rel=2.594e-04
INT8,BITSHIFT,U(-1,1),2048,7168,7168,128x64x64_w4_v6,SKIP,v6 path-B not implemented
INT8,LUT,U(-1,1),2048,7168,7168,64x128x64_w4_v6,OK,ms=11.020,tflops=19.10,gbps=15.6,maxabs=3.975e-02,p99=1.811e-02,rel=2.594e-04
INT8,BITSHIFT,U(-1,1),2048,7168,7168,64x128x64_w4_v6,SKIP,v6 path-B not implemented
INT8,LUT,U(-1,1),2048,7168,7168,64x64x64_w4_v6,OK,ms=17.242,tflops=12.21,gbps=10.0,maxabs=3.975e-02,p99=1.811e-02,rel=2.594e-04
INT8,BITSHIFT,U(-1,1),2048,7168,7168,64x64x64_w4_v6,SKIP,v6 path-B not implemented
INT4,LUT,U(-1,1),1,4096,4096,16x64x32_w4,OK,ms=0.615,tflops=0.05,gbps=15.4,maxabs=1.898e-02,p99=1.403e-02,rel=2.504e-04
INT4,BITSHIFT,U(-1,1),1,4096,4096,16x64x32_w4,OK,ms=0.345,tflops=0.10,gbps=27.4,maxabs=1.367e-02,p99=1.016e-02,rel=1.847e-04
INT4,LUT,U(-1,1),1,4096,4096,16x128x32_w8,OK,ms=0.768,tflops=0.04,gbps=12.3,maxabs=1.898e-02,p99=1.403e-02,rel=2.504e-04
INT4,BITSHIFT,U(-1,1),1,4096,4096,16x128x32_w8,OK,ms=0.410,tflops=0.08,gbps=23.1,maxabs=1.367e-02,p99=1.016e-02,rel=1.847e-04
INT4,LUT,U(-1,1),1,4096,4096,16x128x32_w4f2,SKIP,BN/WARPS != 16
INT4,BITSHIFT,U(-1,1),1,4096,4096,16x128x32_w4f2,SKIP,BN/WARPS != 16
INT4,LUT,U(-1,1),1,4096,4096,16x256x32_w4f4,SKIP,BN/WARPS != 16
INT4,BITSHIFT,U(-1,1),1,4096,4096,16x256x32_w4f4,SKIP,BN/WARPS != 16
INT4,LUT,U(-1,1),1,4096,4096,128x64x32_w4_v1,SKIP,no template instantiation for this tile
INT4,BITSHIFT,U(-1,1),1,4096,4096,128x64x32_w4_v1,SKIP,opt only LUT path
INT4,LUT,U(-1,1),1,4096,4096,128x128x32_w4_v1,SKIP,BN/WARPS != 16
INT4,BITSHIFT,U(-1,1),1,4096,4096,128x128x32_w4_v1,SKIP,BN/WARPS != 16
INT4,LUT,U(-1,1),1,4096,4096,128x256x32_w4_v1,SKIP,BN/WARPS != 16
INT4,BITSHIFT,U(-1,1),1,4096,4096,128x256x32_w4_v1,SKIP,BN/WARPS != 16
INT4,LUT,U(-1,1),1,4096,4096,128x256x32_w8_v1,SKIP,BN/WARPS != 16
INT4,BITSHIFT,U(-1,1),1,4096,4096,128x256x32_w8_v1,SKIP,BN/WARPS != 16
INT4,LUT,U(-1,1),1,4096,4096,64x64x32_w4_v1,SKIP,no template instantiation for this tile
INT4,BITSHIFT,U(-1,1),1,4096,4096,64x64x32_w4_v1,SKIP,opt only LUT path
INT4,LUT,U(-1,1),1,4096,4096,64x128x32_w4_v1,SKIP,BN/WARPS != 16
INT4,BITSHIFT,U(-1,1),1,4096,4096,64x128x32_w4_v1,SKIP,BN/WARPS != 16
INT4,LUT,U(-1,1),1,4096,4096,128x64x32_w4_v2,OK,ms=0.544,tflops=0.06,gbps=17.4,maxabs=1.898e-02,p99=1.403e-02,rel=2.504e-04
INT4,BITSHIFT,U(-1,1),1,4096,4096,128x64x32_w4_v2,SKIP,opt only LUT path
INT4,LUT,U(-1,1),1,4096,4096,128x128x32_w4_v2,SKIP,BN/WARPS != 16
INT4,BITSHIFT,U(-1,1),1,4096,4096,128x128x32_w4_v2,SKIP,BN/WARPS != 16
INT4,LUT,U(-1,1),1,4096,4096,128x256x32_w4_v2,SKIP,BN/WARPS != 16
INT4,BITSHIFT,U(-1,1),1,4096,4096,128x256x32_w4_v2,SKIP,BN/WARPS != 16
INT4,LUT,U(-1,1),1,4096,4096,128x256x32_w8_v2,SKIP,BN/WARPS != 16
INT4,BITSHIFT,U(-1,1),1,4096,4096,128x256x32_w8_v2,SKIP,BN/WARPS != 16
INT4,LUT,U(-1,1),1,4096,4096,64x64x32_w4_v2,OK,ms=0.423,tflops=0.08,gbps=22.4,maxabs=1.898e-02,p99=1.403e-02,rel=2.504e-04
INT4,BITSHIFT,U(-1,1),1,4096,4096,64x64x32_w4_v2,SKIP,opt only LUT path
INT4,LUT,U(-1,1),1,4096,4096,64x128x32_w4_v2,SKIP,BN/WARPS != 16
INT4,BITSHIFT,U(-1,1),1,4096,4096,64x128x32_w4_v2,SKIP,BN/WARPS != 16
INT4,LUT,U(-1,1),1,4096,4096,128x64x32_w4_v3,OK,ms=0.540,tflops=0.06,gbps=17.5,maxabs=1.898e-02,p99=1.403e-02,rel=2.504e-04
INT4,BITSHIFT,U(-1,1),1,4096,4096,128x64x32_w4_v3,SKIP,opt only LUT path
INT4,LUT,U(-1,1),1,4096,4096,128x128x32_w4_v3,SKIP,BN/WARPS != 16
INT4,BITSHIFT,U(-1,1),1,4096,4096,128x128x32_w4_v3,SKIP,BN/WARPS != 16
INT4,LUT,U(-1,1),1,4096,4096,128x256x32_w8_v3,SKIP,BN/WARPS != 16
INT4,BITSHIFT,U(-1,1),1,4096,4096,128x256x32_w8_v3,SKIP,BN/WARPS != 16
INT4,LUT,U(-1,1),1,4096,4096,64x64x32_w4_v3,OK,ms=0.422,tflops=0.08,gbps=22.4,maxabs=1.898e-02,p99=1.403e-02,rel=2.504e-04
INT4,BITSHIFT,U(-1,1),1,4096,4096,64x64x32_w4_v3,SKIP,opt only LUT path
INT4,LUT,U(-1,1),1,4096,4096,64x128x32_w4_v3,SKIP,BN/WARPS != 16
INT4,BITSHIFT,U(-1,1),1,4096,4096,64x128x32_w4_v3,SKIP,BN/WARPS != 16
INT4,LUT,U(-1,1),1,4096,4096,128x64x32_w4_v4,OK,ms=0.544,tflops=0.06,gbps=17.4,maxabs=1.898e-02,p99=1.403e-02,rel=2.504e-04
INT4,BITSHIFT,U(-1,1),1,4096,4096,128x64x32_w4_v4,SKIP,opt only LUT path
INT4,LUT,U(-1,1),1,4096,4096,128x128x32_w4_v4,SKIP,BN/WARPS != 16
INT4,BITSHIFT,U(-1,1),1,4096,4096,128x128x32_w4_v4,SKIP,BN/WARPS != 16
INT4,LUT,U(-1,1),1,4096,4096,64x64x32_w4_v4,OK,ms=0.427,tflops=0.08,gbps=22.2,maxabs=1.898e-02,p99=1.403e-02,rel=2.504e-04
INT4,BITSHIFT,U(-1,1),1,4096,4096,64x64x32_w4_v4,SKIP,opt only LUT path
INT4,LUT,U(-1,1),1,4096,4096,64x128x32_w4_v4,SKIP,BN/WARPS != 16
INT4,BITSHIFT,U(-1,1),1,4096,4096,64x128x32_w4_v4,SKIP,BN/WARPS != 16
INT4,LUT,U(-1,1),1,4096,4096,128x64x32_w4_v5,OK,ms=0.545,tflops=0.06,gbps=17.4,maxabs=1.898e-02,p99=1.403e-02,rel=2.504e-04
INT4,BITSHIFT,U(-1,1),1,4096,4096,128x64x32_w4_v5,SKIP,opt only LUT path
INT4,LUT,U(-1,1),1,4096,4096,128x128x32_w4_v5,SKIP,BN/WARPS != 16
INT4,BITSHIFT,U(-1,1),1,4096,4096,128x128x32_w4_v5,SKIP,BN/WARPS != 16
INT4,LUT,U(-1,1),1,4096,4096,64x64x32_w4_v5,OK,ms=0.421,tflops=0.08,gbps=22.5,maxabs=1.898e-02,p99=1.403e-02,rel=2.504e-04
INT4,BITSHIFT,U(-1,1),1,4096,4096,64x64x32_w4_v5,SKIP,opt only LUT path
INT4,LUT,U(-1,1),1,4096,4096,64x128x32_w4_v5,SKIP,BN/WARPS != 16
INT4,BITSHIFT,U(-1,1),1,4096,4096,64x128x32_w4_v5,SKIP,BN/WARPS != 16
INT4,LUT,U(-1,1),1,4096,4096,128x128x64_w4_v6,SKIP,BN/WARPS != 16
INT4,BITSHIFT,U(-1,1),1,4096,4096,128x128x64_w4_v6,SKIP,BN/WARPS != 16
INT4,LUT,U(-1,1),1,4096,4096,128x64x64_w4_v6,SKIP,v6 only INT8 (A1 retry)
INT4,BITSHIFT,U(-1,1),1,4096,4096,128x64x64_w4_v6,SKIP,opt only LUT path
INT4,LUT,U(-1,1),1,4096,4096,64x128x64_w4_v6,SKIP,BN/WARPS != 16
INT4,BITSHIFT,U(-1,1),1,4096,4096,64x128x64_w4_v6,SKIP,BN/WARPS != 16
INT4,LUT,U(-1,1),1,4096,4096,64x64x64_w4_v6,SKIP,v6 only INT8 (A1 retry)
INT4,BITSHIFT,U(-1,1),1,4096,4096,64x64x64_w4_v6,SKIP,opt only LUT path
INT4,LUT,U(-1,1),16,4096,4096,16x64x32_w4,OK,ms=0.675,tflops=0.80,gbps=14.8,maxabs=2.508e-02,p99=1.395e-02,rel=2.557e-04
INT4,BITSHIFT,U(-1,1),16,4096,4096,16x64x32_w4,OK,ms=0.506,tflops=1.06,gbps=19.7,maxabs=1.660e-02,p99=1.025e-02,rel=1.872e-04
INT4,LUT,U(-1,1),16,4096,4096,16x128x32_w8,OK,ms=0.818,tflops=0.66,gbps=12.2,maxabs=2.508e-02,p99=1.395e-02,rel=2.557e-04
INT4,BITSHIFT,U(-1,1),16,4096,4096,16x128x32_w8,OK,ms=0.643,tflops=0.83,gbps=15.5,maxabs=1.660e-02,p99=1.025e-02,rel=1.872e-04
INT4,LUT,U(-1,1),16,4096,4096,16x128x32_w4f2,SKIP,BN/WARPS != 16
INT4,BITSHIFT,U(-1,1),16,4096,4096,16x128x32_w4f2,SKIP,BN/WARPS != 16
INT4,LUT,U(-1,1),16,4096,4096,16x256x32_w4f4,SKIP,BN/WARPS != 16
INT4,BITSHIFT,U(-1,1),16,4096,4096,16x256x32_w4f4,SKIP,BN/WARPS != 16
INT4,LUT,U(-1,1),16,4096,4096,128x64x32_w4_v1,SKIP,no template instantiation for this tile
INT4,BITSHIFT,U(-1,1),16,4096,4096,128x64x32_w4_v1,SKIP,opt only LUT path
INT4,LUT,U(-1,1),16,4096,4096,128x128x32_w4_v1,SKIP,BN/WARPS != 16
INT4,BITSHIFT,U(-1,1),16,4096,4096,128x128x32_w4_v1,SKIP,BN/WARPS != 16
INT4,LUT,U(-1,1),16,4096,4096,128x256x32_w4_v1,SKIP,BN/WARPS != 16
INT4,BITSHIFT,U(-1,1),16,4096,4096,128x256x32_w4_v1,SKIP,BN/WARPS != 16
INT4,LUT,U(-1,1),16,4096,4096,128x256x32_w8_v1,SKIP,BN/WARPS != 16
INT4,BITSHIFT,U(-1,1),16,4096,4096,128x256x32_w8_v1,SKIP,BN/WARPS != 16
INT4,LUT,U(-1,1),16,4096,4096,64x64x32_w4_v1,SKIP,no template instantiation for this tile
INT4,BITSHIFT,U(-1,1),16,4096,4096,64x64x32_w4_v1,SKIP,opt only LUT path
INT4,LUT,U(-1,1),16,4096,4096,64x128x32_w4_v1,SKIP,BN/WARPS != 16
INT4,BITSHIFT,U(-1,1),16,4096,4096,64x128x32_w4_v1,SKIP,BN/WARPS != 16
INT4,LUT,U(-1,1),16,4096,4096,128x64x32_w4_v2,OK,ms=0.575,tflops=0.93,gbps=17.3,maxabs=2.508e-02,p99=1.395e-02,rel=2.557e-04
INT4,BITSHIFT,U(-1,1),16,4096,4096,128x64x32_w4_v2,SKIP,opt only LUT path
INT4,LUT,U(-1,1),16,4096,4096,128x128x32_w4_v2,SKIP,BN/WARPS != 16
INT4,BITSHIFT,U(-1,1),16,4096,4096,128x128x32_w4_v2,SKIP,BN/WARPS != 16
INT4,LUT,U(-1,1),16,4096,4096,128x256x32_w4_v2,SKIP,BN/WARPS != 16
INT4,BITSHIFT,U(-1,1),16,4096,4096,128x256x32_w4_v2,SKIP,BN/WARPS != 16
INT4,LUT,U(-1,1),16,4096,4096,128x256x32_w8_v2,SKIP,BN/WARPS != 16
INT4,BITSHIFT,U(-1,1),16,4096,4096,128x256x32_w8_v2,SKIP,BN/WARPS != 16
INT4,LUT,U(-1,1),16,4096,4096,64x64x32_w4_v2,OK,ms=0.442,tflops=1.21,gbps=22.5,maxabs=2.508e-02,p99=1.395e-02,rel=2.557e-04
INT4,BITSHIFT,U(-1,1),16,4096,4096,64x64x32_w4_v2,SKIP,opt only LUT path
INT4,LUT,U(-1,1),16,4096,4096,64x128x32_w4_v2,SKIP,BN/WARPS != 16
INT4,BITSHIFT,U(-1,1),16,4096,4096,64x128x32_w4_v2,SKIP,BN/WARPS != 16
INT4,LUT,U(-1,1),16,4096,4096,128x64x32_w4_v3,OK,ms=0.571,tflops=0.94,gbps=17.4,maxabs=2.508e-02,p99=1.395e-02,rel=2.557e-04
INT4,BITSHIFT,U(-1,1),16,4096,4096,128x64x32_w4_v3,SKIP,opt only LUT path
INT4,LUT,U(-1,1),16,4096,4096,128x128x32_w4_v3,SKIP,BN/WARPS != 16
INT4,BITSHIFT,U(-1,1),16,4096,4096,128x128x32_w4_v3,SKIP,BN/WARPS != 16
INT4,LUT,U(-1,1),16,4096,4096,128x256x32_w8_v3,SKIP,BN/WARPS != 16
INT4,BITSHIFT,U(-1,1),16,4096,4096,128x256x32_w8_v3,SKIP,BN/WARPS != 16
INT4,LUT,U(-1,1),16,4096,4096,64x64x32_w4_v3,OK,ms=0.455,tflops=1.18,gbps=21.9,maxabs=2.508e-02,p99=1.395e-02,rel=2.557e-04
INT4,BITSHIFT,U(-1,1),16,4096,4096,64x64x32_w4_v3,SKIP,opt only LUT path
INT4,LUT,U(-1,1),16,4096,4096,64x128x32_w4_v3,SKIP,BN/WARPS != 16
INT4,BITSHIFT,U(-1,1),16,4096,4096,64x128x32_w4_v3,SKIP,BN/WARPS != 16
INT4,LUT,U(-1,1),16,4096,4096,128x64x32_w4_v4,OK,ms=0.575,tflops=0.93,gbps=17.3,maxabs=2.508e-02,p99=1.395e-02,rel=2.557e-04
INT4,BITSHIFT,U(-1,1),16,4096,4096,128x64x32_w4_v4,SKIP,opt only LUT path
INT4,LUT,U(-1,1),16,4096,4096,128x128x32_w4_v4,SKIP,BN/WARPS != 16
INT4,BITSHIFT,U(-1,1),16,4096,4096,128x128x32_w4_v4,SKIP,BN/WARPS != 16
INT4,LUT,U(-1,1),16,4096,4096,64x64x32_w4_v4,OK,ms=0.460,tflops=1.17,gbps=21.6,maxabs=2.508e-02,p99=1.395e-02,rel=2.557e-04
INT4,BITSHIFT,U(-1,1),16,4096,4096,64x64x32_w4_v4,SKIP,opt only LUT path
INT4,LUT,U(-1,1),16,4096,4096,64x128x32_w4_v4,SKIP,BN/WARPS != 16
INT4,BITSHIFT,U(-1,1),16,4096,4096,64x128x32_w4_v4,SKIP,BN/WARPS != 16
INT4,LUT,U(-1,1),16,4096,4096,128x64x32_w4_v5,OK,ms=0.575,tflops=0.93,gbps=17.3,maxabs=2.508e-02,p99=1.395e-02,rel=2.557e-04
INT4,BITSHIFT,U(-1,1),16,4096,4096,128x64x32_w4_v5,SKIP,opt only LUT path
INT4,LUT,U(-1,1),16,4096,4096,128x128x32_w4_v5,SKIP,BN/WARPS != 16
INT4,BITSHIFT,U(-1,1),16,4096,4096,128x128x32_w4_v5,SKIP,BN/WARPS != 16
INT4,LUT,U(-1,1),16,4096,4096,64x64x32_w4_v5,OK,ms=0.453,tflops=1.18,gbps=22.0,maxabs=2.508e-02,p99=1.395e-02,rel=2.557e-04
INT4,BITSHIFT,U(-1,1),16,4096,4096,64x64x32_w4_v5,SKIP,opt only LUT path
INT4,LUT,U(-1,1),16,4096,4096,64x128x32_w4_v5,SKIP,BN/WARPS != 16
INT4,BITSHIFT,U(-1,1),16,4096,4096,64x128x32_w4_v5,SKIP,BN/WARPS != 16
INT4,LUT,U(-1,1),16,4096,4096,128x128x64_w4_v6,SKIP,BN/WARPS != 16
INT4,BITSHIFT,U(-1,1),16,4096,4096,128x128x64_w4_v6,SKIP,BN/WARPS != 16
INT4,LUT,U(-1,1),16,4096,4096,128x64x64_w4_v6,SKIP,v6 only INT8 (A1 retry)
INT4,BITSHIFT,U(-1,1),16,4096,4096,128x64x64_w4_v6,SKIP,opt only LUT path
INT4,LUT,U(-1,1),16,4096,4096,64x128x64_w4_v6,SKIP,BN/WARPS != 16
INT4,BITSHIFT,U(-1,1),16,4096,4096,64x128x64_w4_v6,SKIP,BN/WARPS != 16
INT4,LUT,U(-1,1),16,4096,4096,64x64x64_w4_v6,SKIP,v6 only INT8 (A1 retry)
INT4,BITSHIFT,U(-1,1),16,4096,4096,64x64x64_w4_v6,SKIP,opt only LUT path
INT4,LUT,U(-1,1),64,4096,4096,16x64x32_w4,OK,ms=0.807,tflops=2.66,gbps=14.3,maxabs=2.522e-02,p99=1.420e-02,rel=2.555e-04
INT4,BITSHIFT,U(-1,1),64,4096,4096,16x64x32_w4,OK,ms=0.767,tflops=2.80,gbps=15.0,maxabs=1.901e-02,p99=1.045e-02,rel=1.867e-04
INT4,LUT,U(-1,1),64,4096,4096,16x128x32_w8,OK,ms=0.821,tflops=2.62,gbps=14.0,maxabs=2.522e-02,p99=1.420e-02,rel=2.555e-04
INT4,BITSHIFT,U(-1,1),64,4096,4096,16x128x32_w8,OK,ms=0.811,tflops=2.65,gbps=14.2,maxabs=1.901e-02,p99=1.045e-02,rel=1.867e-04
INT4,LUT,U(-1,1),64,4096,4096,16x128x32_w4f2,SKIP,BN/WARPS != 16
INT4,BITSHIFT,U(-1,1),64,4096,4096,16x128x32_w4f2,SKIP,BN/WARPS != 16
INT4,LUT,U(-1,1),64,4096,4096,16x256x32_w4f4,SKIP,BN/WARPS != 16
INT4,BITSHIFT,U(-1,1),64,4096,4096,16x256x32_w4f4,SKIP,BN/WARPS != 16
INT4,LUT,U(-1,1),64,4096,4096,128x64x32_w4_v1,SKIP,no template instantiation for this tile
INT4,BITSHIFT,U(-1,1),64,4096,4096,128x64x32_w4_v1,SKIP,opt only LUT path
INT4,LUT,U(-1,1),64,4096,4096,128x128x32_w4_v1,SKIP,BN/WARPS != 16
INT4,BITSHIFT,U(-1,1),64,4096,4096,128x128x32_w4_v1,SKIP,BN/WARPS != 16
INT4,LUT,U(-1,1),64,4096,4096,128x256x32_w4_v1,SKIP,BN/WARPS != 16
INT4,BITSHIFT,U(-1,1),64,4096,4096,128x256x32_w4_v1,SKIP,BN/WARPS != 16
INT4,LUT,U(-1,1),64,4096,4096,128x256x32_w8_v1,SKIP,BN/WARPS != 16
INT4,BITSHIFT,U(-1,1),64,4096,4096,128x256x32_w8_v1,SKIP,BN/WARPS != 16
INT4,LUT,U(-1,1),64,4096,4096,64x64x32_w4_v1,SKIP,no template instantiation for this tile
INT4,BITSHIFT,U(-1,1),64,4096,4096,64x64x32_w4_v1,SKIP,opt only LUT path
INT4,LUT,U(-1,1),64,4096,4096,64x128x32_w4_v1,SKIP,BN/WARPS != 16
INT4,BITSHIFT,U(-1,1),64,4096,4096,64x128x32_w4_v1,SKIP,BN/WARPS != 16
INT4,LUT,U(-1,1),64,4096,4096,128x64x32_w4_v2,OK,ms=0.608,tflops=3.53,gbps=19.0,maxabs=2.522e-02,p99=1.420e-02,rel=2.555e-04
INT4,BITSHIFT,U(-1,1),64,4096,4096,128x64x32_w4_v2,SKIP,opt only LUT path
INT4,LUT,U(-1,1),64,4096,4096,128x128x32_w4_v2,SKIP,BN/WARPS != 16
INT4,BITSHIFT,U(-1,1),64,4096,4096,128x128x32_w4_v2,SKIP,BN/WARPS != 16
INT4,LUT,U(-1,1),64,4096,4096,128x256x32_w4_v2,SKIP,BN/WARPS != 16
INT4,BITSHIFT,U(-1,1),64,4096,4096,128x256x32_w4_v2,SKIP,BN/WARPS != 16
INT4,LUT,U(-1,1),64,4096,4096,128x256x32_w8_v2,SKIP,BN/WARPS != 16
INT4,BITSHIFT,U(-1,1),64,4096,4096,128x256x32_w8_v2,SKIP,BN/WARPS != 16
INT4,LUT,U(-1,1),64,4096,4096,64x64x32_w4_v2,OK,ms=0.493,tflops=4.35,gbps=23.4,maxabs=2.522e-02,p99=1.420e-02,rel=2.555e-04
INT4,BITSHIFT,U(-1,1),64,4096,4096,64x64x32_w4_v2,SKIP,opt only LUT path
INT4,LUT,U(-1,1),64,4096,4096,64x128x32_w4_v2,SKIP,BN/WARPS != 16
INT4,BITSHIFT,U(-1,1),64,4096,4096,64x128x32_w4_v2,SKIP,BN/WARPS != 16
INT4,LUT,U(-1,1),64,4096,4096,128x64x32_w4_v3,OK,ms=0.604,tflops=3.56,gbps=19.1,maxabs=2.522e-02,p99=1.420e-02,rel=2.555e-04
INT4,BITSHIFT,U(-1,1),64,4096,4096,128x64x32_w4_v3,SKIP,opt only LUT path
INT4,LUT,U(-1,1),64,4096,4096,128x128x32_w4_v3,SKIP,BN/WARPS != 16
INT4,BITSHIFT,U(-1,1),64,4096,4096,128x128x32_w4_v3,SKIP,BN/WARPS != 16
INT4,LUT,U(-1,1),64,4096,4096,128x256x32_w8_v3,SKIP,BN/WARPS != 16
INT4,BITSHIFT,U(-1,1),64,4096,4096,128x256x32_w8_v3,SKIP,BN/WARPS != 16
INT4,LUT,U(-1,1),64,4096,4096,64x64x32_w4_v3,OK,ms=0.504,tflops=4.26,gbps=22.9,maxabs=2.522e-02,p99=1.420e-02,rel=2.555e-04
INT4,BITSHIFT,U(-1,1),64,4096,4096,64x64x32_w4_v3,SKIP,opt only LUT path
INT4,LUT,U(-1,1),64,4096,4096,64x128x32_w4_v3,SKIP,BN/WARPS != 16
INT4,BITSHIFT,U(-1,1),64,4096,4096,64x128x32_w4_v3,SKIP,BN/WARPS != 16
INT4,LUT,U(-1,1),64,4096,4096,128x64x32_w4_v4,OK,ms=0.604,tflops=3.55,gbps=19.1,maxabs=2.522e-02,p99=1.420e-02,rel=2.555e-04
INT4,BITSHIFT,U(-1,1),64,4096,4096,128x64x32_w4_v4,SKIP,opt only LUT path
INT4,LUT,U(-1,1),64,4096,4096,128x128x32_w4_v4,SKIP,BN/WARPS != 16
INT4,BITSHIFT,U(-1,1),64,4096,4096,128x128x32_w4_v4,SKIP,BN/WARPS != 16
INT4,LUT,U(-1,1),64,4096,4096,64x64x32_w4_v4,OK,ms=0.493,tflops=4.36,gbps=23.4,maxabs=2.522e-02,p99=1.420e-02,rel=2.555e-04
INT4,BITSHIFT,U(-1,1),64,4096,4096,64x64x32_w4_v4,SKIP,opt only LUT path
INT4,LUT,U(-1,1),64,4096,4096,64x128x32_w4_v4,SKIP,BN/WARPS != 16
INT4,BITSHIFT,U(-1,1),64,4096,4096,64x128x32_w4_v4,SKIP,BN/WARPS != 16
INT4,LUT,U(-1,1),64,4096,4096,128x64x32_w4_v5,OK,ms=0.607,tflops=3.54,gbps=19.0,maxabs=2.522e-02,p99=1.420e-02,rel=2.555e-04
INT4,BITSHIFT,U(-1,1),64,4096,4096,128x64x32_w4_v5,SKIP,opt only LUT path
INT4,LUT,U(-1,1),64,4096,4096,128x128x32_w4_v5,SKIP,BN/WARPS != 16
INT4,BITSHIFT,U(-1,1),64,4096,4096,128x128x32_w4_v5,SKIP,BN/WARPS != 16
INT4,LUT,U(-1,1),64,4096,4096,64x64x32_w4_v5,OK,ms=0.485,tflops=4.43,gbps=23.8,maxabs=2.522e-02,p99=1.420e-02,rel=2.555e-04
INT4,BITSHIFT,U(-1,1),64,4096,4096,64x64x32_w4_v5,SKIP,opt only LUT path
INT4,LUT,U(-1,1),64,4096,4096,64x128x32_w4_v5,SKIP,BN/WARPS != 16
INT4,BITSHIFT,U(-1,1),64,4096,4096,64x128x32_w4_v5,SKIP,BN/WARPS != 16
INT4,LUT,U(-1,1),64,4096,4096,128x128x64_w4_v6,SKIP,BN/WARPS != 16
INT4,BITSHIFT,U(-1,1),64,4096,4096,128x128x64_w4_v6,SKIP,BN/WARPS != 16
INT4,LUT,U(-1,1),64,4096,4096,128x64x64_w4_v6,SKIP,v6 only INT8 (A1 retry)
INT4,BITSHIFT,U(-1,1),64,4096,4096,128x64x64_w4_v6,SKIP,opt only LUT path
INT4,LUT,U(-1,1),64,4096,4096,64x128x64_w4_v6,SKIP,BN/WARPS != 16
INT4,BITSHIFT,U(-1,1),64,4096,4096,64x128x64_w4_v6,SKIP,BN/WARPS != 16
INT4,LUT,U(-1,1),64,4096,4096,64x64x64_w4_v6,SKIP,v6 only INT8 (A1 retry)
INT4,BITSHIFT,U(-1,1),64,4096,4096,64x64x64_w4_v6,SKIP,opt only LUT path
INT4,LUT,U(-1,1),128,4096,4096,16x64x32_w4,OK,ms=0.930,tflops=4.62,gbps=14.7,maxabs=2.653e-02,p99=1.412e-02,rel=2.556e-04
INT4,BITSHIFT,U(-1,1),128,4096,4096,16x64x32_w4,OK,ms=1.209,tflops=3.55,gbps=11.3,maxabs=1.902e-02,p99=1.040e-02,rel=1.866e-04
INT4,LUT,U(-1,1),128,4096,4096,16x128x32_w8,OK,ms=0.994,tflops=4.32,gbps=13.7,maxabs=2.653e-02,p99=1.412e-02,rel=2.556e-04
INT4,BITSHIFT,U(-1,1),128,4096,4096,16x128x32_w8,OK,ms=1.708,tflops=2.51,gbps=8.0,maxabs=1.902e-02,p99=1.040e-02,rel=1.866e-04
INT4,LUT,U(-1,1),128,4096,4096,16x128x32_w4f2,SKIP,BN/WARPS != 16
INT4,BITSHIFT,U(-1,1),128,4096,4096,16x128x32_w4f2,SKIP,BN/WARPS != 16
INT4,LUT,U(-1,1),128,4096,4096,16x256x32_w4f4,SKIP,BN/WARPS != 16
INT4,BITSHIFT,U(-1,1),128,4096,4096,16x256x32_w4f4,SKIP,BN/WARPS != 16
INT4,LUT,U(-1,1),128,4096,4096,128x64x32_w4_v1,SKIP,no template instantiation for this tile
INT4,BITSHIFT,U(-1,1),128,4096,4096,128x64x32_w4_v1,SKIP,opt only LUT path
INT4,LUT,U(-1,1),128,4096,4096,128x128x32_w4_v1,SKIP,BN/WARPS != 16
INT4,BITSHIFT,U(-1,1),128,4096,4096,128x128x32_w4_v1,SKIP,BN/WARPS != 16
INT4,LUT,U(-1,1),128,4096,4096,128x256x32_w4_v1,SKIP,BN/WARPS != 16
INT4,BITSHIFT,U(-1,1),128,4096,4096,128x256x32_w4_v1,SKIP,BN/WARPS != 16
INT4,LUT,U(-1,1),128,4096,4096,128x256x32_w8_v1,SKIP,BN/WARPS != 16
INT4,BITSHIFT,U(-1,1),128,4096,4096,128x256x32_w8_v1,SKIP,BN/WARPS != 16
INT4,LUT,U(-1,1),128,4096,4096,64x64x32_w4_v1,SKIP,no template instantiation for this tile
INT4,BITSHIFT,U(-1,1),128,4096,4096,64x64x32_w4_v1,SKIP,opt only LUT path
INT4,LUT,U(-1,1),128,4096,4096,64x128x32_w4_v1,SKIP,BN/WARPS != 16
INT4,BITSHIFT,U(-1,1),128,4096,4096,64x128x32_w4_v1,SKIP,BN/WARPS != 16
INT4,LUT,U(-1,1),128,4096,4096,128x64x32_w4_v2,OK,ms=0.676,tflops=6.35,gbps=20.2,maxabs=2.653e-02,p99=1.412e-02,rel=2.556e-04
INT4,BITSHIFT,U(-1,1),128,4096,4096,128x64x32_w4_v2,SKIP,opt only LUT path
INT4,LUT,U(-1,1),128,4096,4096,128x128x32_w4_v2,SKIP,BN/WARPS != 16
INT4,BITSHIFT,U(-1,1),128,4096,4096,128x128x32_w4_v2,SKIP,BN/WARPS != 16
INT4,LUT,U(-1,1),128,4096,4096,128x256x32_w4_v2,SKIP,BN/WARPS != 16
INT4,BITSHIFT,U(-1,1),128,4096,4096,128x256x32_w4_v2,SKIP,BN/WARPS != 16
INT4,LUT,U(-1,1),128,4096,4096,128x256x32_w8_v2,SKIP,BN/WARPS != 16
INT4,BITSHIFT,U(-1,1),128,4096,4096,128x256x32_w8_v2,SKIP,BN/WARPS != 16
INT4,LUT,U(-1,1),128,4096,4096,64x64x32_w4_v2,OK,ms=0.518,tflops=8.30,gbps=26.3,maxabs=2.653e-02,p99=1.412e-02,rel=2.556e-04
INT4,BITSHIFT,U(-1,1),128,4096,4096,64x64x32_w4_v2,SKIP,opt only LUT path
INT4,LUT,U(-1,1),128,4096,4096,64x128x32_w4_v2,SKIP,BN/WARPS != 16
INT4,BITSHIFT,U(-1,1),128,4096,4096,64x128x32_w4_v2,SKIP,BN/WARPS != 16
INT4,LUT,U(-1,1),128,4096,4096,128x64x32_w4_v3,OK,ms=0.672,tflops=6.39,gbps=20.3,maxabs=2.653e-02,p99=1.412e-02,rel=2.556e-04
INT4,BITSHIFT,U(-1,1),128,4096,4096,128x64x32_w4_v3,SKIP,opt only LUT path
INT4,LUT,U(-1,1),128,4096,4096,128x128x32_w4_v3,SKIP,BN/WARPS != 16
INT4,BITSHIFT,U(-1,1),128,4096,4096,128x128x32_w4_v3,SKIP,BN/WARPS != 16
INT4,LUT,U(-1,1),128,4096,4096,128x256x32_w8_v3,SKIP,BN/WARPS != 16
INT4,BITSHIFT,U(-1,1),128,4096,4096,128x256x32_w8_v3,SKIP,BN/WARPS != 16
INT4,LUT,U(-1,1),128,4096,4096,64x64x32_w4_v3,OK,ms=0.551,tflops=7.80,gbps=24.8,maxabs=2.653e-02,p99=1.412e-02,rel=2.556e-04
INT4,BITSHIFT,U(-1,1),128,4096,4096,64x64x32_w4_v3,SKIP,opt only LUT path
INT4,LUT,U(-1,1),128,4096,4096,64x128x32_w4_v3,SKIP,BN/WARPS != 16
INT4,BITSHIFT,U(-1,1),128,4096,4096,64x128x32_w4_v3,SKIP,BN/WARPS != 16
INT4,LUT,U(-1,1),128,4096,4096,128x64x32_w4_v4,OK,ms=0.668,tflops=6.43,gbps=20.4,maxabs=2.653e-02,p99=1.412e-02,rel=2.556e-04
INT4,BITSHIFT,U(-1,1),128,4096,4096,128x64x32_w4_v4,SKIP,opt only LUT path
INT4,LUT,U(-1,1),128,4096,4096,128x128x32_w4_v4,SKIP,BN/WARPS != 16
INT4,BITSHIFT,U(-1,1),128,4096,4096,128x128x32_w4_v4,SKIP,BN/WARPS != 16
INT4,LUT,U(-1,1),128,4096,4096,64x64x32_w4_v4,OK,ms=0.571,tflops=7.52,gbps=23.9,maxabs=2.653e-02,p99=1.412e-02,rel=2.556e-04
INT4,BITSHIFT,U(-1,1),128,4096,4096,64x64x32_w4_v4,SKIP,opt only LUT path
INT4,LUT,U(-1,1),128,4096,4096,64x128x32_w4_v4,SKIP,BN/WARPS != 16
INT4,BITSHIFT,U(-1,1),128,4096,4096,64x128x32_w4_v4,SKIP,BN/WARPS != 16
INT4,LUT,U(-1,1),128,4096,4096,128x64x32_w4_v5,OK,ms=0.678,tflops=6.34,gbps=20.1,maxabs=2.653e-02,p99=1.412e-02,rel=2.556e-04
INT4,BITSHIFT,U(-1,1),128,4096,4096,128x64x32_w4_v5,SKIP,opt only LUT path
INT4,LUT,U(-1,1),128,4096,4096,128x128x32_w4_v5,SKIP,BN/WARPS != 16
INT4,BITSHIFT,U(-1,1),128,4096,4096,128x128x32_w4_v5,SKIP,BN/WARPS != 16
INT4,LUT,U(-1,1),128,4096,4096,64x64x32_w4_v5,OK,ms=0.578,tflops=7.43,gbps=23.6,maxabs=2.653e-02,p99=1.412e-02,rel=2.556e-04
INT4,BITSHIFT,U(-1,1),128,4096,4096,64x64x32_w4_v5,SKIP,opt only LUT path
INT4,LUT,U(-1,1),128,4096,4096,64x128x32_w4_v5,SKIP,BN/WARPS != 16
INT4,BITSHIFT,U(-1,1),128,4096,4096,64x128x32_w4_v5,SKIP,BN/WARPS != 16
INT4,LUT,U(-1,1),128,4096,4096,128x128x64_w4_v6,SKIP,BN/WARPS != 16
INT4,BITSHIFT,U(-1,1),128,4096,4096,128x128x64_w4_v6,SKIP,BN/WARPS != 16
INT4,LUT,U(-1,1),128,4096,4096,128x64x64_w4_v6,SKIP,v6 only INT8 (A1 retry)
INT4,BITSHIFT,U(-1,1),128,4096,4096,128x64x64_w4_v6,SKIP,opt only LUT path
INT4,LUT,U(-1,1),128,4096,4096,64x128x64_w4_v6,SKIP,BN/WARPS != 16
INT4,BITSHIFT,U(-1,1),128,4096,4096,64x128x64_w4_v6,SKIP,BN/WARPS != 16
INT4,LUT,U(-1,1),128,4096,4096,64x64x64_w4_v6,SKIP,v6 only INT8 (A1 retry)
INT4,BITSHIFT,U(-1,1),128,4096,4096,64x64x64_w4_v6,SKIP,opt only LUT path
INT4,LUT,U(-1,1),256,4096,4096,16x64x32_w4,OK,ms=1.943,tflops=4.42,gbps=9.2,maxabs=2.924e-02,p99=1.398e-02,rel=2.555e-04
INT4,BITSHIFT,U(-1,1),256,4096,4096,16x64x32_w4,OK,ms=2.402,tflops=3.58,gbps=7.4,maxabs=1.902e-02,p99=1.010e-02,rel=1.863e-04
INT4,LUT,U(-1,1),256,4096,4096,16x128x32_w8,OK,ms=1.985,tflops=4.33,gbps=9.0,maxabs=2.924e-02,p99=1.398e-02,rel=2.555e-04
INT4,BITSHIFT,U(-1,1),256,4096,4096,16x128x32_w8,OK,ms=2.832,tflops=3.03,gbps=6.3,maxabs=1.902e-02,p99=1.010e-02,rel=1.863e-04
INT4,LUT,U(-1,1),256,4096,4096,16x128x32_w4f2,SKIP,BN/WARPS != 16
INT4,BITSHIFT,U(-1,1),256,4096,4096,16x128x32_w4f2,SKIP,BN/WARPS != 16
INT4,LUT,U(-1,1),256,4096,4096,16x256x32_w4f4,SKIP,BN/WARPS != 16
INT4,BITSHIFT,U(-1,1),256,4096,4096,16x256x32_w4f4,SKIP,BN/WARPS != 16
INT4,LUT,U(-1,1),256,4096,4096,128x64x32_w4_v1,SKIP,no template instantiation for this tile
INT4,BITSHIFT,U(-1,1),256,4096,4096,128x64x32_w4_v1,SKIP,opt only LUT path
INT4,LUT,U(-1,1),256,4096,4096,128x128x32_w4_v1,SKIP,BN/WARPS != 16
INT4,BITSHIFT,U(-1,1),256,4096,4096,128x128x32_w4_v1,SKIP,BN/WARPS != 16
INT4,LUT,U(-1,1),256,4096,4096,128x256x32_w4_v1,SKIP,BN/WARPS != 16
INT4,BITSHIFT,U(-1,1),256,4096,4096,128x256x32_w4_v1,SKIP,BN/WARPS != 16
INT4,LUT,U(-1,1),256,4096,4096,128x256x32_w8_v1,SKIP,BN/WARPS != 16
INT4,BITSHIFT,U(-1,1),256,4096,4096,128x256x32_w8_v1,SKIP,BN/WARPS != 16
INT4,LUT,U(-1,1),256,4096,4096,64x64x32_w4_v1,SKIP,no template instantiation for this tile
INT4,BITSHIFT,U(-1,1),256,4096,4096,64x64x32_w4_v1,SKIP,opt only LUT path
INT4,LUT,U(-1,1),256,4096,4096,64x128x32_w4_v1,SKIP,BN/WARPS != 16
INT4,BITSHIFT,U(-1,1),256,4096,4096,64x128x32_w4_v1,SKIP,BN/WARPS != 16
INT4,LUT,U(-1,1),256,4096,4096,128x64x32_w4_v2,OK,ms=0.809,tflops=10.61,gbps=22.0,maxabs=2.924e-02,p99=1.398e-02,rel=2.555e-04
INT4,BITSHIFT,U(-1,1),256,4096,4096,128x64x32_w4_v2,SKIP,opt only LUT path
INT4,LUT,U(-1,1),256,4096,4096,128x128x32_w4_v2,SKIP,BN/WARPS != 16
INT4,BITSHIFT,U(-1,1),256,4096,4096,128x128x32_w4_v2,SKIP,BN/WARPS != 16
INT4,LUT,U(-1,1),256,4096,4096,128x256x32_w4_v2,SKIP,BN/WARPS != 16
INT4,BITSHIFT,U(-1,1),256,4096,4096,128x256x32_w4_v2,SKIP,BN/WARPS != 16
INT4,LUT,U(-1,1),256,4096,4096,128x256x32_w8_v2,SKIP,BN/WARPS != 16
INT4,BITSHIFT,U(-1,1),256,4096,4096,128x256x32_w8_v2,SKIP,BN/WARPS != 16
INT4,LUT,U(-1,1),256,4096,4096,64x64x32_w4_v2,OK,ms=0.659,tflops=13.04,gbps=27.1,maxabs=2.924e-02,p99=1.398e-02,rel=2.555e-04
INT4,BITSHIFT,U(-1,1),256,4096,4096,64x64x32_w4_v2,SKIP,opt only LUT path
INT4,LUT,U(-1,1),256,4096,4096,64x128x32_w4_v2,SKIP,BN/WARPS != 16
INT4,BITSHIFT,U(-1,1),256,4096,4096,64x128x32_w4_v2,SKIP,BN/WARPS != 16
INT4,LUT,U(-1,1),256,4096,4096,128x64x32_w4_v3,OK,ms=0.801,tflops=10.73,gbps=22.3,maxabs=2.924e-02,p99=1.398e-02,rel=2.555e-04
INT4,BITSHIFT,U(-1,1),256,4096,4096,128x64x32_w4_v3,SKIP,opt only LUT path
INT4,LUT,U(-1,1),256,4096,4096,128x128x32_w4_v3,SKIP,BN/WARPS != 16
INT4,BITSHIFT,U(-1,1),256,4096,4096,128x128x32_w4_v3,SKIP,BN/WARPS != 16
INT4,LUT,U(-1,1),256,4096,4096,128x256x32_w8_v3,SKIP,BN/WARPS != 16
INT4,BITSHIFT,U(-1,1),256,4096,4096,128x256x32_w8_v3,SKIP,BN/WARPS != 16
INT4,LUT,U(-1,1),256,4096,4096,64x64x32_w4_v3,OK,ms=0.653,tflops=13.15,gbps=27.3,maxabs=2.924e-02,p99=1.398e-02,rel=2.555e-04
INT4,BITSHIFT,U(-1,1),256,4096,4096,64x64x32_w4_v3,SKIP,opt only LUT path
INT4,LUT,U(-1,1),256,4096,4096,64x128x32_w4_v3,SKIP,BN/WARPS != 16
INT4,BITSHIFT,U(-1,1),256,4096,4096,64x128x32_w4_v3,SKIP,BN/WARPS != 16
INT4,LUT,U(-1,1),256,4096,4096,128x64x32_w4_v4,OK,ms=0.798,tflops=10.76,gbps=22.3,maxabs=2.924e-02,p99=1.398e-02,rel=2.555e-04
INT4,BITSHIFT,U(-1,1),256,4096,4096,128x64x32_w4_v4,SKIP,opt only LUT path
INT4,LUT,U(-1,1),256,4096,4096,128x128x32_w4_v4,SKIP,BN/WARPS != 16
INT4,BITSHIFT,U(-1,1),256,4096,4096,128x128x32_w4_v4,SKIP,BN/WARPS != 16
INT4,LUT,U(-1,1),256,4096,4096,64x64x32_w4_v4,OK,ms=0.689,tflops=12.47,gbps=25.9,maxabs=2.924e-02,p99=1.398e-02,rel=2.555e-04
INT4,BITSHIFT,U(-1,1),256,4096,4096,64x64x32_w4_v4,SKIP,opt only LUT path
INT4,LUT,U(-1,1),256,4096,4096,64x128x32_w4_v4,SKIP,BN/WARPS != 16
INT4,BITSHIFT,U(-1,1),256,4096,4096,64x128x32_w4_v4,SKIP,BN/WARPS != 16
INT4,LUT,U(-1,1),256,4096,4096,128x64x32_w4_v5,OK,ms=0.816,tflops=10.53,gbps=21.9,maxabs=2.924e-02,p99=1.398e-02,rel=2.555e-04
INT4,BITSHIFT,U(-1,1),256,4096,4096,128x64x32_w4_v5,SKIP,opt only LUT path
INT4,LUT,U(-1,1),256,4096,4096,128x128x32_w4_v5,SKIP,BN/WARPS != 16
INT4,BITSHIFT,U(-1,1),256,4096,4096,128x128x32_w4_v5,SKIP,BN/WARPS != 16
INT4,LUT,U(-1,1),256,4096,4096,64x64x32_w4_v5,OK,ms=1.135,tflops=7.57,gbps=15.7,maxabs=2.924e-02,p99=1.398e-02,rel=2.555e-04
INT4,BITSHIFT,U(-1,1),256,4096,4096,64x64x32_w4_v5,SKIP,opt only LUT path
INT4,LUT,U(-1,1),256,4096,4096,64x128x32_w4_v5,SKIP,BN/WARPS != 16
INT4,BITSHIFT,U(-1,1),256,4096,4096,64x128x32_w4_v5,SKIP,BN/WARPS != 16
INT4,LUT,U(-1,1),256,4096,4096,128x128x64_w4_v6,SKIP,BN/WARPS != 16
INT4,BITSHIFT,U(-1,1),256,4096,4096,128x128x64_w4_v6,SKIP,BN/WARPS != 16
INT4,LUT,U(-1,1),256,4096,4096,128x64x64_w4_v6,SKIP,v6 only INT8 (A1 retry)
INT4,BITSHIFT,U(-1,1),256,4096,4096,128x64x64_w4_v6,SKIP,opt only LUT path
INT4,LUT,U(-1,1),256,4096,4096,64x128x64_w4_v6,SKIP,BN/WARPS != 16
INT4,BITSHIFT,U(-1,1),256,4096,4096,64x128x64_w4_v6,SKIP,BN/WARPS != 16
INT4,LUT,U(-1,1),256,4096,4096,64x64x64_w4_v6,SKIP,v6 only INT8 (A1 retry)
INT4,BITSHIFT,U(-1,1),256,4096,4096,64x64x64_w4_v6,SKIP,opt only LUT path
INT4,LUT,U(-1,1),512,4096,4096,16x64x32_w4,OK,ms=3.785,tflops=4.54,gbps=6.9,maxabs=2.925e-02,p99=1.424e-02,rel=2.555e-04
INT4,BITSHIFT,U(-1,1),512,4096,4096,16x64x32_w4,OK,ms=4.792,tflops=3.59,gbps=5.5,maxabs=1.953e-02,p99=1.035e-02,rel=1.863e-04
INT4,LUT,U(-1,1),512,4096,4096,16x128x32_w8,OK,ms=3.969,tflops=4.33,gbps=6.6,maxabs=2.925e-02,p99=1.424e-02,rel=2.555e-04
INT4,BITSHIFT,U(-1,1),512,4096,4096,16x128x32_w8,OK,ms=5.144,tflops=3.34,gbps=5.1,maxabs=1.953e-02,p99=1.035e-02,rel=1.863e-04
INT4,LUT,U(-1,1),512,4096,4096,16x128x32_w4f2,SKIP,BN/WARPS != 16
INT4,BITSHIFT,U(-1,1),512,4096,4096,16x128x32_w4f2,SKIP,BN/WARPS != 16
INT4,LUT,U(-1,1),512,4096,4096,16x256x32_w4f4,SKIP,BN/WARPS != 16
INT4,BITSHIFT,U(-1,1),512,4096,4096,16x256x32_w4f4,SKIP,BN/WARPS != 16
INT4,LUT,U(-1,1),512,4096,4096,128x64x32_w4_v1,SKIP,no template instantiation for this tile
INT4,BITSHIFT,U(-1,1),512,4096,4096,128x64x32_w4_v1,SKIP,opt only LUT path
INT4,LUT,U(-1,1),512,4096,4096,128x128x32_w4_v1,SKIP,BN/WARPS != 16
INT4,BITSHIFT,U(-1,1),512,4096,4096,128x128x32_w4_v1,SKIP,BN/WARPS != 16
INT4,LUT,U(-1,1),512,4096,4096,128x256x32_w4_v1,SKIP,BN/WARPS != 16
INT4,BITSHIFT,U(-1,1),512,4096,4096,128x256x32_w4_v1,SKIP,BN/WARPS != 16
INT4,LUT,U(-1,1),512,4096,4096,128x256x32_w8_v1,SKIP,BN/WARPS != 16
INT4,BITSHIFT,U(-1,1),512,4096,4096,128x256x32_w8_v1,SKIP,BN/WARPS != 16
INT4,LUT,U(-1,1),512,4096,4096,64x64x32_w4_v1,SKIP,no template instantiation for this tile
INT4,BITSHIFT,U(-1,1),512,4096,4096,64x64x32_w4_v1,SKIP,opt only LUT path
INT4,LUT,U(-1,1),512,4096,4096,64x128x32_w4_v1,SKIP,BN/WARPS != 16
INT4,BITSHIFT,U(-1,1),512,4096,4096,64x128x32_w4_v1,SKIP,BN/WARPS != 16
INT4,LUT,U(-1,1),512,4096,4096,128x64x32_w4_v2,OK,ms=1.072,tflops=16.03,gbps=24.5,maxabs=2.925e-02,p99=1.424e-02,rel=2.555e-04
INT4,BITSHIFT,U(-1,1),512,4096,4096,128x64x32_w4_v2,SKIP,opt only LUT path
INT4,LUT,U(-1,1),512,4096,4096,128x128x32_w4_v2,SKIP,BN/WARPS != 16
INT4,BITSHIFT,U(-1,1),512,4096,4096,128x128x32_w4_v2,SKIP,BN/WARPS != 16
INT4,LUT,U(-1,1),512,4096,4096,128x256x32_w4_v2,SKIP,BN/WARPS != 16
INT4,BITSHIFT,U(-1,1),512,4096,4096,128x256x32_w4_v2,SKIP,BN/WARPS != 16
INT4,LUT,U(-1,1),512,4096,4096,128x256x32_w8_v2,SKIP,BN/WARPS != 16
INT4,BITSHIFT,U(-1,1),512,4096,4096,128x256x32_w8_v2,SKIP,BN/WARPS != 16
INT4,LUT,U(-1,1),512,4096,4096,64x64x32_w4_v2,OK,ms=1.395,tflops=12.31,gbps=18.8,maxabs=2.925e-02,p99=1.424e-02,rel=2.555e-04
INT4,BITSHIFT,U(-1,1),512,4096,4096,64x64x32_w4_v2,SKIP,opt only LUT path
INT4,LUT,U(-1,1),512,4096,4096,64x128x32_w4_v2,SKIP,BN/WARPS != 16
INT4,BITSHIFT,U(-1,1),512,4096,4096,64x128x32_w4_v2,SKIP,BN/WARPS != 16
INT4,LUT,U(-1,1),512,4096,4096,128x64x32_w4_v3,OK,ms=1.834,tflops=9.37,gbps=14.3,maxabs=2.925e-02,p99=1.424e-02,rel=2.555e-04
INT4,BITSHIFT,U(-1,1),512,4096,4096,128x64x32_w4_v3,SKIP,opt only LUT path
INT4,LUT,U(-1,1),512,4096,4096,128x128x32_w4_v3,SKIP,BN/WARPS != 16
INT4,BITSHIFT,U(-1,1),512,4096,4096,128x128x32_w4_v3,SKIP,BN/WARPS != 16
INT4,LUT,U(-1,1),512,4096,4096,128x256x32_w8_v3,SKIP,BN/WARPS != 16
INT4,BITSHIFT,U(-1,1),512,4096,4096,128x256x32_w8_v3,SKIP,BN/WARPS != 16
INT4,LUT,U(-1,1),512,4096,4096,64x64x32_w4_v3,OK,ms=1.517,tflops=11.33,gbps=17.3,maxabs=2.925e-02,p99=1.424e-02,rel=2.555e-04
INT4,BITSHIFT,U(-1,1),512,4096,4096,64x64x32_w4_v3,SKIP,opt only LUT path
INT4,LUT,U(-1,1),512,4096,4096,64x128x32_w4_v3,SKIP,BN/WARPS != 16
INT4,BITSHIFT,U(-1,1),512,4096,4096,64x128x32_w4_v3,SKIP,BN/WARPS != 16
INT4,LUT,U(-1,1),512,4096,4096,128x64x32_w4_v4,OK,ms=1.788,tflops=9.61,gbps=14.7,maxabs=2.925e-02,p99=1.424e-02,rel=2.555e-04
INT4,BITSHIFT,U(-1,1),512,4096,4096,128x64x32_w4_v4,SKIP,opt only LUT path
INT4,LUT,U(-1,1),512,4096,4096,128x128x32_w4_v4,SKIP,BN/WARPS != 16
INT4,BITSHIFT,U(-1,1),512,4096,4096,128x128x32_w4_v4,SKIP,BN/WARPS != 16
INT4,LUT,U(-1,1),512,4096,4096,64x64x32_w4_v4,OK,ms=1.446,tflops=11.88,gbps=18.1,maxabs=2.925e-02,p99=1.424e-02,rel=2.555e-04
INT4,BITSHIFT,U(-1,1),512,4096,4096,64x64x32_w4_v4,SKIP,opt only LUT path
INT4,LUT,U(-1,1),512,4096,4096,64x128x32_w4_v4,SKIP,BN/WARPS != 16
INT4,BITSHIFT,U(-1,1),512,4096,4096,64x128x32_w4_v4,SKIP,BN/WARPS != 16
INT4,LUT,U(-1,1),512,4096,4096,128x64x32_w4_v5,OK,ms=1.641,tflops=10.47,gbps=16.0,maxabs=2.925e-02,p99=1.424e-02,rel=2.555e-04
INT4,BITSHIFT,U(-1,1),512,4096,4096,128x64x32_w4_v5,SKIP,opt only LUT path
INT4,LUT,U(-1,1),512,4096,4096,128x128x32_w4_v5,SKIP,BN/WARPS != 16
INT4,BITSHIFT,U(-1,1),512,4096,4096,128x128x32_w4_v5,SKIP,BN/WARPS != 16
INT4,LUT,U(-1,1),512,4096,4096,64x64x32_w4_v5,OK,ms=2.182,tflops=7.87,gbps=12.0,maxabs=2.925e-02,p99=1.424e-02,rel=2.555e-04
INT4,BITSHIFT,U(-1,1),512,4096,4096,64x64x32_w4_v5,SKIP,opt only LUT path
INT4,LUT,U(-1,1),512,4096,4096,64x128x32_w4_v5,SKIP,BN/WARPS != 16
INT4,BITSHIFT,U(-1,1),512,4096,4096,64x128x32_w4_v5,SKIP,BN/WARPS != 16
INT4,LUT,U(-1,1),512,4096,4096,128x128x64_w4_v6,SKIP,BN/WARPS != 16
INT4,BITSHIFT,U(-1,1),512,4096,4096,128x128x64_w4_v6,SKIP,BN/WARPS != 16
INT4,LUT,U(-1,1),512,4096,4096,128x64x64_w4_v6,SKIP,v6 only INT8 (A1 retry)
INT4,BITSHIFT,U(-1,1),512,4096,4096,128x64x64_w4_v6,SKIP,opt only LUT path
INT4,LUT,U(-1,1),512,4096,4096,64x128x64_w4_v6,SKIP,BN/WARPS != 16
INT4,BITSHIFT,U(-1,1),512,4096,4096,64x128x64_w4_v6,SKIP,BN/WARPS != 16
INT4,LUT,U(-1,1),512,4096,4096,64x64x64_w4_v6,SKIP,v6 only INT8 (A1 retry)
INT4,BITSHIFT,U(-1,1),512,4096,4096,64x64x64_w4_v6,SKIP,opt only LUT path
INT4,LUT,U(-1,1),1024,4096,4096,16x64x32_w4,OK,ms=6.811,tflops=5.04,gbps=6.3,maxabs=2.925e-02,p99=1.432e-02,rel=2.555e-04
INT4,BITSHIFT,U(-1,1),1024,4096,4096,16x64x32_w4,OK,ms=9.583,tflops=3.59,gbps=4.5,maxabs=1.954e-02,p99=1.016e-02,rel=1.862e-04
INT4,LUT,U(-1,1),1024,4096,4096,16x128x32_w8,OK,ms=7.114,tflops=4.83,gbps=6.0,maxabs=2.925e-02,p99=1.432e-02,rel=2.555e-04
INT4,BITSHIFT,U(-1,1),1024,4096,4096,16x128x32_w8,OK,ms=9.878,tflops=3.48,gbps=4.4,maxabs=1.954e-02,p99=1.016e-02,rel=1.862e-04
INT4,LUT,U(-1,1),1024,4096,4096,16x128x32_w4f2,SKIP,BN/WARPS != 16
INT4,BITSHIFT,U(-1,1),1024,4096,4096,16x128x32_w4f2,SKIP,BN/WARPS != 16
INT4,LUT,U(-1,1),1024,4096,4096,16x256x32_w4f4,SKIP,BN/WARPS != 16
INT4,BITSHIFT,U(-1,1),1024,4096,4096,16x256x32_w4f4,SKIP,BN/WARPS != 16
INT4,LUT,U(-1,1),1024,4096,4096,128x64x32_w4_v1,SKIP,no template instantiation for this tile
INT4,BITSHIFT,U(-1,1),1024,4096,4096,128x64x32_w4_v1,SKIP,opt only LUT path
INT4,LUT,U(-1,1),1024,4096,4096,128x128x32_w4_v1,SKIP,BN/WARPS != 16
INT4,BITSHIFT,U(-1,1),1024,4096,4096,128x128x32_w4_v1,SKIP,BN/WARPS != 16
INT4,LUT,U(-1,1),1024,4096,4096,128x256x32_w4_v1,SKIP,BN/WARPS != 16
INT4,BITSHIFT,U(-1,1),1024,4096,4096,128x256x32_w4_v1,SKIP,BN/WARPS != 16
INT4,LUT,U(-1,1),1024,4096,4096,128x256x32_w8_v1,SKIP,BN/WARPS != 16
INT4,BITSHIFT,U(-1,1),1024,4096,4096,128x256x32_w8_v1,SKIP,BN/WARPS != 16
INT4,LUT,U(-1,1),1024,4096,4096,64x64x32_w4_v1,SKIP,no template instantiation for this tile
INT4,BITSHIFT,U(-1,1),1024,4096,4096,64x64x32_w4_v1,SKIP,opt only LUT path
INT4,LUT,U(-1,1),1024,4096,4096,64x128x32_w4_v1,SKIP,BN/WARPS != 16
INT4,BITSHIFT,U(-1,1),1024,4096,4096,64x128x32_w4_v1,SKIP,BN/WARPS != 16
INT4,LUT,U(-1,1),1024,4096,4096,128x64x32_w4_v2,OK,ms=2.130,tflops=16.13,gbps=20.2,maxabs=2.925e-02,p99=1.432e-02,rel=2.555e-04
INT4,BITSHIFT,U(-1,1),1024,4096,4096,128x64x32_w4_v2,SKIP,opt only LUT path
INT4,LUT,U(-1,1),1024,4096,4096,128x128x32_w4_v2,SKIP,BN/WARPS != 16
INT4,BITSHIFT,U(-1,1),1024,4096,4096,128x128x32_w4_v2,SKIP,BN/WARPS != 16
INT4,LUT,U(-1,1),1024,4096,4096,128x256x32_w4_v2,SKIP,BN/WARPS != 16
INT4,BITSHIFT,U(-1,1),1024,4096,4096,128x256x32_w4_v2,SKIP,BN/WARPS != 16
INT4,LUT,U(-1,1),1024,4096,4096,128x256x32_w8_v2,SKIP,BN/WARPS != 16
INT4,BITSHIFT,U(-1,1),1024,4096,4096,128x256x32_w8_v2,SKIP,BN/WARPS != 16
INT4,LUT,U(-1,1),1024,4096,4096,64x64x32_w4_v2,OK,ms=2.761,tflops=12.44,gbps=15.6,maxabs=2.925e-02,p99=1.432e-02,rel=2.555e-04
INT4,BITSHIFT,U(-1,1),1024,4096,4096,64x64x32_w4_v2,SKIP,opt only LUT path
INT4,LUT,U(-1,1),1024,4096,4096,64x128x32_w4_v2,SKIP,BN/WARPS != 16
INT4,BITSHIFT,U(-1,1),1024,4096,4096,64x128x32_w4_v2,SKIP,BN/WARPS != 16
INT4,LUT,U(-1,1),1024,4096,4096,128x64x32_w4_v3,OK,ms=2.719,tflops=12.64,gbps=15.8,maxabs=2.925e-02,p99=1.432e-02,rel=2.555e-04
INT4,BITSHIFT,U(-1,1),1024,4096,4096,128x64x32_w4_v3,SKIP,opt only LUT path
INT4,LUT,U(-1,1),1024,4096,4096,128x128x32_w4_v3,SKIP,BN/WARPS != 16
INT4,BITSHIFT,U(-1,1),1024,4096,4096,128x128x32_w4_v3,SKIP,BN/WARPS != 16
INT4,LUT,U(-1,1),1024,4096,4096,128x256x32_w8_v3,SKIP,BN/WARPS != 16
INT4,BITSHIFT,U(-1,1),1024,4096,4096,128x256x32_w8_v3,SKIP,BN/WARPS != 16
INT4,LUT,U(-1,1),1024,4096,4096,64x64x32_w4_v3,OK,ms=2.240,tflops=15.34,gbps=19.2,maxabs=2.925e-02,p99=1.432e-02,rel=2.555e-04
INT4,BITSHIFT,U(-1,1),1024,4096,4096,64x64x32_w4_v3,SKIP,opt only LUT path
INT4,LUT,U(-1,1),1024,4096,4096,64x128x32_w4_v3,SKIP,BN/WARPS != 16
INT4,BITSHIFT,U(-1,1),1024,4096,4096,64x128x32_w4_v3,SKIP,BN/WARPS != 16
INT4,LUT,U(-1,1),1024,4096,4096,128x64x32_w4_v4,OK,ms=2.749,tflops=12.50,gbps=15.6,maxabs=2.925e-02,p99=1.432e-02,rel=2.555e-04
INT4,BITSHIFT,U(-1,1),1024,4096,4096,128x64x32_w4_v4,SKIP,opt only LUT path
INT4,LUT,U(-1,1),1024,4096,4096,128x128x32_w4_v4,SKIP,BN/WARPS != 16
INT4,BITSHIFT,U(-1,1),1024,4096,4096,128x128x32_w4_v4,SKIP,BN/WARPS != 16
INT4,LUT,U(-1,1),1024,4096,4096,64x64x32_w4_v4,OK,ms=2.334,tflops=14.72,gbps=18.4,maxabs=2.925e-02,p99=1.432e-02,rel=2.555e-04
INT4,BITSHIFT,U(-1,1),1024,4096,4096,64x64x32_w4_v4,SKIP,opt only LUT path
INT4,LUT,U(-1,1),1024,4096,4096,64x128x32_w4_v4,SKIP,BN/WARPS != 16
INT4,BITSHIFT,U(-1,1),1024,4096,4096,64x128x32_w4_v4,SKIP,BN/WARPS != 16
INT4,LUT,U(-1,1),1024,4096,4096,128x64x32_w4_v5,OK,ms=3.185,tflops=10.79,gbps=13.5,maxabs=2.925e-02,p99=1.432e-02,rel=2.555e-04
INT4,BITSHIFT,U(-1,1),1024,4096,4096,128x64x32_w4_v5,SKIP,opt only LUT path
INT4,LUT,U(-1,1),1024,4096,4096,128x128x32_w4_v5,SKIP,BN/WARPS != 16
INT4,BITSHIFT,U(-1,1),1024,4096,4096,128x128x32_w4_v5,SKIP,BN/WARPS != 16
INT4,LUT,U(-1,1),1024,4096,4096,64x64x32_w4_v5,OK,ms=3.886,tflops=8.84,gbps=11.1,maxabs=2.925e-02,p99=1.432e-02,rel=2.555e-04
INT4,BITSHIFT,U(-1,1),1024,4096,4096,64x64x32_w4_v5,SKIP,opt only LUT path
INT4,LUT,U(-1,1),1024,4096,4096,64x128x32_w4_v5,SKIP,BN/WARPS != 16
INT4,BITSHIFT,U(-1,1),1024,4096,4096,64x128x32_w4_v5,SKIP,BN/WARPS != 16
INT4,LUT,U(-1,1),1024,4096,4096,128x128x64_w4_v6,SKIP,BN/WARPS != 16
INT4,BITSHIFT,U(-1,1),1024,4096,4096,128x128x64_w4_v6,SKIP,BN/WARPS != 16
INT4,LUT,U(-1,1),1024,4096,4096,128x64x64_w4_v6,SKIP,v6 only INT8 (A1 retry)
INT4,BITSHIFT,U(-1,1),1024,4096,4096,128x64x64_w4_v6,SKIP,opt only LUT path
INT4,LUT,U(-1,1),1024,4096,4096,64x128x64_w4_v6,SKIP,BN/WARPS != 16
INT4,BITSHIFT,U(-1,1),1024,4096,4096,64x128x64_w4_v6,SKIP,BN/WARPS != 16
INT4,LUT,U(-1,1),1024,4096,4096,64x64x64_w4_v6,SKIP,v6 only INT8 (A1 retry)
INT4,BITSHIFT,U(-1,1),1024,4096,4096,64x64x64_w4_v6,SKIP,opt only LUT path
INT4,LUT,U(-1,1),2048,4096,4096,16x64x32_w4,OK,ms=12.919,tflops=5.32,gbps=5.9,maxabs=3.018e-02,p99=1.420e-02,rel=2.555e-04
INT4,BITSHIFT,U(-1,1),2048,4096,4096,16x64x32_w4,OK,ms=18.732,tflops=3.67,gbps=4.1,maxabs=2.168e-02,p99=1.021e-02,rel=1.861e-04
INT4,LUT,U(-1,1),2048,4096,4096,16x128x32_w8,OK,ms=13.315,tflops=5.16,gbps=5.7,maxabs=3.018e-02,p99=1.420e-02,rel=2.555e-04
INT4,BITSHIFT,U(-1,1),2048,4096,4096,16x128x32_w8,OK,ms=19.119,tflops=3.59,gbps=4.0,maxabs=2.168e-02,p99=1.021e-02,rel=1.861e-04
INT4,LUT,U(-1,1),2048,4096,4096,16x128x32_w4f2,SKIP,BN/WARPS != 16
INT4,BITSHIFT,U(-1,1),2048,4096,4096,16x128x32_w4f2,SKIP,BN/WARPS != 16
INT4,LUT,U(-1,1),2048,4096,4096,16x256x32_w4f4,SKIP,BN/WARPS != 16
INT4,BITSHIFT,U(-1,1),2048,4096,4096,16x256x32_w4f4,SKIP,BN/WARPS != 16
INT4,LUT,U(-1,1),2048,4096,4096,128x64x32_w4_v1,SKIP,no template instantiation for this tile
INT4,BITSHIFT,U(-1,1),2048,4096,4096,128x64x32_w4_v1,SKIP,opt only LUT path
INT4,LUT,U(-1,1),2048,4096,4096,128x128x32_w4_v1,SKIP,BN/WARPS != 16
INT4,BITSHIFT,U(-1,1),2048,4096,4096,128x128x32_w4_v1,SKIP,BN/WARPS != 16
INT4,LUT,U(-1,1),2048,4096,4096,128x256x32_w4_v1,SKIP,BN/WARPS != 16
INT4,BITSHIFT,U(-1,1),2048,4096,4096,128x256x32_w4_v1,SKIP,BN/WARPS != 16
INT4,LUT,U(-1,1),2048,4096,4096,128x256x32_w8_v1,SKIP,BN/WARPS != 16
INT4,BITSHIFT,U(-1,1),2048,4096,4096,128x256x32_w8_v1,SKIP,BN/WARPS != 16
INT4,LUT,U(-1,1),2048,4096,4096,64x64x32_w4_v1,SKIP,no template instantiation for this tile
INT4,BITSHIFT,U(-1,1),2048,4096,4096,64x64x32_w4_v1,SKIP,opt only LUT path
INT4,LUT,U(-1,1),2048,4096,4096,64x128x32_w4_v1,SKIP,BN/WARPS != 16
INT4,BITSHIFT,U(-1,1),2048,4096,4096,64x128x32_w4_v1,SKIP,BN/WARPS != 16
INT4,LUT,U(-1,1),2048,4096,4096,128x64x32_w4_v2,OK,ms=4.259,tflops=16.14,gbps=18.0,maxabs=3.018e-02,p99=1.420e-02,rel=2.555e-04
INT4,BITSHIFT,U(-1,1),2048,4096,4096,128x64x32_w4_v2,SKIP,opt only LUT path
INT4,LUT,U(-1,1),2048,4096,4096,128x128x32_w4_v2,SKIP,BN/WARPS != 16
INT4,BITSHIFT,U(-1,1),2048,4096,4096,128x128x32_w4_v2,SKIP,BN/WARPS != 16
INT4,LUT,U(-1,1),2048,4096,4096,128x256x32_w4_v2,SKIP,BN/WARPS != 16
INT4,BITSHIFT,U(-1,1),2048,4096,4096,128x256x32_w4_v2,SKIP,BN/WARPS != 16
INT4,LUT,U(-1,1),2048,4096,4096,128x256x32_w8_v2,SKIP,BN/WARPS != 16
INT4,BITSHIFT,U(-1,1),2048,4096,4096,128x256x32_w8_v2,SKIP,BN/WARPS != 16
INT4,LUT,U(-1,1),2048,4096,4096,64x64x32_w4_v2,OK,ms=4.817,tflops=14.27,gbps=15.9,maxabs=3.018e-02,p99=1.420e-02,rel=2.555e-04
INT4,BITSHIFT,U(-1,1),2048,4096,4096,64x64x32_w4_v2,SKIP,opt only LUT path
INT4,LUT,U(-1,1),2048,4096,4096,64x128x32_w4_v2,SKIP,BN/WARPS != 16
INT4,BITSHIFT,U(-1,1),2048,4096,4096,64x128x32_w4_v2,SKIP,BN/WARPS != 16
INT4,LUT,U(-1,1),2048,4096,4096,128x64x32_w4_v3,OK,ms=4.572,tflops=15.03,gbps=16.7,maxabs=3.018e-02,p99=1.420e-02,rel=2.555e-04
INT4,BITSHIFT,U(-1,1),2048,4096,4096,128x64x32_w4_v3,SKIP,opt only LUT path
INT4,LUT,U(-1,1),2048,4096,4096,128x128x32_w4_v3,SKIP,BN/WARPS != 16
INT4,BITSHIFT,U(-1,1),2048,4096,4096,128x128x32_w4_v3,SKIP,BN/WARPS != 16
INT4,LUT,U(-1,1),2048,4096,4096,128x256x32_w8_v3,SKIP,BN/WARPS != 16
INT4,BITSHIFT,U(-1,1),2048,4096,4096,128x256x32_w8_v3,SKIP,BN/WARPS != 16
INT4,LUT,U(-1,1),2048,4096,4096,64x64x32_w4_v3,OK,ms=4.374,tflops=15.71,gbps=17.5,maxabs=3.018e-02,p99=1.420e-02,rel=2.555e-04
INT4,BITSHIFT,U(-1,1),2048,4096,4096,64x64x32_w4_v3,SKIP,opt only LUT path
INT4,LUT,U(-1,1),2048,4096,4096,64x128x32_w4_v3,SKIP,BN/WARPS != 16
INT4,BITSHIFT,U(-1,1),2048,4096,4096,64x128x32_w4_v3,SKIP,BN/WARPS != 16
INT4,LUT,U(-1,1),2048,4096,4096,128x64x32_w4_v4,OK,ms=4.572,tflops=15.03,gbps=16.7,maxabs=3.018e-02,p99=1.420e-02,rel=2.555e-04
INT4,BITSHIFT,U(-1,1),2048,4096,4096,128x64x32_w4_v4,SKIP,opt only LUT path
INT4,LUT,U(-1,1),2048,4096,4096,128x128x32_w4_v4,SKIP,BN/WARPS != 16
INT4,BITSHIFT,U(-1,1),2048,4096,4096,128x128x32_w4_v4,SKIP,BN/WARPS != 16
INT4,LUT,U(-1,1),2048,4096,4096,64x64x32_w4_v4,OK,ms=4.515,tflops=15.22,gbps=17.0,maxabs=3.018e-02,p99=1.420e-02,rel=2.555e-04
INT4,BITSHIFT,U(-1,1),2048,4096,4096,64x64x32_w4_v4,SKIP,opt only LUT path
INT4,LUT,U(-1,1),2048,4096,4096,64x128x32_w4_v4,SKIP,BN/WARPS != 16
INT4,BITSHIFT,U(-1,1),2048,4096,4096,64x128x32_w4_v4,SKIP,BN/WARPS != 16
INT4,LUT,U(-1,1),2048,4096,4096,128x64x32_w4_v5,OK,ms=5.720,tflops=12.01,gbps=13.4,maxabs=3.018e-02,p99=1.420e-02,rel=2.555e-04
INT4,BITSHIFT,U(-1,1),2048,4096,4096,128x64x32_w4_v5,SKIP,opt only LUT path
INT4,LUT,U(-1,1),2048,4096,4096,128x128x32_w4_v5,SKIP,BN/WARPS != 16
INT4,BITSHIFT,U(-1,1),2048,4096,4096,128x128x32_w4_v5,SKIP,BN/WARPS != 16
INT4,LUT,U(-1,1),2048,4096,4096,64x64x32_w4_v5,OK,ms=7.388,tflops=9.30,gbps=10.4,maxabs=3.018e-02,p99=1.420e-02,rel=2.555e-04
INT4,BITSHIFT,U(-1,1),2048,4096,4096,64x64x32_w4_v5,SKIP,opt only LUT path
INT4,LUT,U(-1,1),2048,4096,4096,64x128x32_w4_v5,SKIP,BN/WARPS != 16
INT4,BITSHIFT,U(-1,1),2048,4096,4096,64x128x32_w4_v5,SKIP,BN/WARPS != 16
INT4,LUT,U(-1,1),2048,4096,4096,128x128x64_w4_v6,SKIP,BN/WARPS != 16
INT4,BITSHIFT,U(-1,1),2048,4096,4096,128x128x64_w4_v6,SKIP,BN/WARPS != 16
INT4,LUT,U(-1,1),2048,4096,4096,128x64x64_w4_v6,SKIP,v6 only INT8 (A1 retry)
INT4,BITSHIFT,U(-1,1),2048,4096,4096,128x64x64_w4_v6,SKIP,opt only LUT path
INT4,LUT,U(-1,1),2048,4096,4096,64x128x64_w4_v6,SKIP,BN/WARPS != 16
INT4,BITSHIFT,U(-1,1),2048,4096,4096,64x128x64_w4_v6,SKIP,BN/WARPS != 16
INT4,LUT,U(-1,1),2048,4096,4096,64x64x64_w4_v6,SKIP,v6 only INT8 (A1 retry)
INT4,BITSHIFT,U(-1,1),2048,4096,4096,64x64x64_w4_v6,SKIP,opt only LUT path
INT4,LUT,U(-1,1),1,7168,7168,16x64x32_w4,OK,ms=1.346,tflops=0.08,gbps=21.5,maxabs=2.849e-02,p99=1.838e-02,rel=2.533e-04
INT4,BITSHIFT,U(-1,1),1,7168,7168,16x64x32_w4,OK,ms=0.719,tflops=0.14,gbps=40.3,maxabs=1.886e-02,p99=1.284e-02,rel=1.821e-04
INT4,LUT,U(-1,1),1,7168,7168,16x128x32_w8,OK,ms=1.353,tflops=0.08,gbps=21.4,maxabs=2.849e-02,p99=1.838e-02,rel=2.533e-04
INT4,BITSHIFT,U(-1,1),1,7168,7168,16x128x32_w8,OK,ms=0.719,tflops=0.14,gbps=40.3,maxabs=1.886e-02,p99=1.284e-02,rel=1.821e-04
INT4,LUT,U(-1,1),1,7168,7168,16x128x32_w4f2,SKIP,BN/WARPS != 16
INT4,BITSHIFT,U(-1,1),1,7168,7168,16x128x32_w4f2,SKIP,BN/WARPS != 16
INT4,LUT,U(-1,1),1,7168,7168,16x256x32_w4f4,SKIP,BN/WARPS != 16
INT4,BITSHIFT,U(-1,1),1,7168,7168,16x256x32_w4f4,SKIP,BN/WARPS != 16
INT4,LUT,U(-1,1),1,7168,7168,128x64x32_w4_v1,SKIP,no template instantiation for this tile
INT4,BITSHIFT,U(-1,1),1,7168,7168,128x64x32_w4_v1,SKIP,opt only LUT path
INT4,LUT,U(-1,1),1,7168,7168,128x128x32_w4_v1,SKIP,BN/WARPS != 16
INT4,BITSHIFT,U(-1,1),1,7168,7168,128x128x32_w4_v1,SKIP,BN/WARPS != 16
INT4,LUT,U(-1,1),1,7168,7168,128x256x32_w4_v1,SKIP,BN/WARPS != 16
INT4,BITSHIFT,U(-1,1),1,7168,7168,128x256x32_w4_v1,SKIP,BN/WARPS != 16
INT4,LUT,U(-1,1),1,7168,7168,128x256x32_w8_v1,SKIP,BN/WARPS != 16
INT4,BITSHIFT,U(-1,1),1,7168,7168,128x256x32_w8_v1,SKIP,BN/WARPS != 16
INT4,LUT,U(-1,1),1,7168,7168,64x64x32_w4_v1,SKIP,no template instantiation for this tile
INT4,BITSHIFT,U(-1,1),1,7168,7168,64x64x32_w4_v1,SKIP,opt only LUT path
INT4,LUT,U(-1,1),1,7168,7168,64x128x32_w4_v1,SKIP,BN/WARPS != 16
INT4,BITSHIFT,U(-1,1),1,7168,7168,64x128x32_w4_v1,SKIP,BN/WARPS != 16
INT4,LUT,U(-1,1),1,7168,7168,128x64x32_w4_v2,OK,ms=1.364,tflops=0.08,gbps=21.2,maxabs=2.849e-02,p99=1.838e-02,rel=2.533e-04
INT4,BITSHIFT,U(-1,1),1,7168,7168,128x64x32_w4_v2,SKIP,opt only LUT path
INT4,LUT,U(-1,1),1,7168,7168,128x128x32_w4_v2,SKIP,BN/WARPS != 16
INT4,BITSHIFT,U(-1,1),1,7168,7168,128x128x32_w4_v2,SKIP,BN/WARPS != 16
INT4,LUT,U(-1,1),1,7168,7168,128x256x32_w4_v2,SKIP,BN/WARPS != 16
INT4,BITSHIFT,U(-1,1),1,7168,7168,128x256x32_w4_v2,SKIP,BN/WARPS != 16
INT4,LUT,U(-1,1),1,7168,7168,128x256x32_w8_v2,SKIP,BN/WARPS != 16
INT4,BITSHIFT,U(-1,1),1,7168,7168,128x256x32_w8_v2,SKIP,BN/WARPS != 16
INT4,LUT,U(-1,1),1,7168,7168,64x64x32_w4_v2,OK,ms=0.861,tflops=0.12,gbps=33.6,maxabs=2.849e-02,p99=1.838e-02,rel=2.533e-04
INT4,BITSHIFT,U(-1,1),1,7168,7168,64x64x32_w4_v2,SKIP,opt only LUT path
INT4,LUT,U(-1,1),1,7168,7168,64x128x32_w4_v2,SKIP,BN/WARPS != 16
INT4,BITSHIFT,U(-1,1),1,7168,7168,64x128x32_w4_v2,SKIP,BN/WARPS != 16
INT4,LUT,U(-1,1),1,7168,7168,128x64x32_w4_v3,OK,ms=1.346,tflops=0.08,gbps=21.5,maxabs=2.849e-02,p99=1.838e-02,rel=2.533e-04
INT4,BITSHIFT,U(-1,1),1,7168,7168,128x64x32_w4_v3,SKIP,opt only LUT path
INT4,LUT,U(-1,1),1,7168,7168,128x128x32_w4_v3,SKIP,BN/WARPS != 16
INT4,BITSHIFT,U(-1,1),1,7168,7168,128x128x32_w4_v3,SKIP,BN/WARPS != 16
INT4,LUT,U(-1,1),1,7168,7168,128x256x32_w8_v3,SKIP,BN/WARPS != 16
INT4,BITSHIFT,U(-1,1),1,7168,7168,128x256x32_w8_v3,SKIP,BN/WARPS != 16
INT4,LUT,U(-1,1),1,7168,7168,64x64x32_w4_v3,OK,ms=0.960,tflops=0.11,gbps=30.2,maxabs=2.849e-02,p99=1.838e-02,rel=2.533e-04
INT4,BITSHIFT,U(-1,1),1,7168,7168,64x64x32_w4_v3,SKIP,opt only LUT path
INT4,LUT,U(-1,1),1,7168,7168,64x128x32_w4_v3,SKIP,BN/WARPS != 16
INT4,BITSHIFT,U(-1,1),1,7168,7168,64x128x32_w4_v3,SKIP,BN/WARPS != 16
INT4,LUT,U(-1,1),1,7168,7168,128x64x32_w4_v4,OK,ms=1.342,tflops=0.08,gbps=21.6,maxabs=2.849e-02,p99=1.838e-02,rel=2.533e-04
INT4,BITSHIFT,U(-1,1),1,7168,7168,128x64x32_w4_v4,SKIP,opt only LUT path
INT4,LUT,U(-1,1),1,7168,7168,128x128x32_w4_v4,SKIP,BN/WARPS != 16
INT4,BITSHIFT,U(-1,1),1,7168,7168,128x128x32_w4_v4,SKIP,BN/WARPS != 16
INT4,LUT,U(-1,1),1,7168,7168,64x64x32_w4_v4,OK,ms=1.007,tflops=0.10,gbps=28.7,maxabs=2.849e-02,p99=1.838e-02,rel=2.533e-04
INT4,BITSHIFT,U(-1,1),1,7168,7168,64x64x32_w4_v4,SKIP,opt only LUT path
INT4,LUT,U(-1,1),1,7168,7168,64x128x32_w4_v4,SKIP,BN/WARPS != 16
INT4,BITSHIFT,U(-1,1),1,7168,7168,64x128x32_w4_v4,SKIP,BN/WARPS != 16
INT4,LUT,U(-1,1),1,7168,7168,128x64x32_w4_v5,OK,ms=1.355,tflops=0.08,gbps=21.4,maxabs=2.849e-02,p99=1.838e-02,rel=2.533e-04
INT4,BITSHIFT,U(-1,1),1,7168,7168,128x64x32_w4_v5,SKIP,opt only LUT path
INT4,LUT,U(-1,1),1,7168,7168,128x128x32_w4_v5,SKIP,BN/WARPS != 16
INT4,BITSHIFT,U(-1,1),1,7168,7168,128x128x32_w4_v5,SKIP,BN/WARPS != 16
INT4,LUT,U(-1,1),1,7168,7168,64x64x32_w4_v5,OK,ms=0.988,tflops=0.10,gbps=29.3,maxabs=2.849e-02,p99=1.838e-02,rel=2.533e-04
INT4,BITSHIFT,U(-1,1),1,7168,7168,64x64x32_w4_v5,SKIP,opt only LUT path
INT4,LUT,U(-1,1),1,7168,7168,64x128x32_w4_v5,SKIP,BN/WARPS != 16
INT4,BITSHIFT,U(-1,1),1,7168,7168,64x128x32_w4_v5,SKIP,BN/WARPS != 16
INT4,LUT,U(-1,1),1,7168,7168,128x128x64_w4_v6,SKIP,BN/WARPS != 16
INT4,BITSHIFT,U(-1,1),1,7168,7168,128x128x64_w4_v6,SKIP,BN/WARPS != 16
INT4,LUT,U(-1,1),1,7168,7168,128x64x64_w4_v6,SKIP,v6 only INT8 (A1 retry)
INT4,BITSHIFT,U(-1,1),1,7168,7168,128x64x64_w4_v6,SKIP,opt only LUT path
INT4,LUT,U(-1,1),1,7168,7168,64x128x64_w4_v6,SKIP,BN/WARPS != 16
INT4,BITSHIFT,U(-1,1),1,7168,7168,64x128x64_w4_v6,SKIP,BN/WARPS != 16
INT4,LUT,U(-1,1),1,7168,7168,64x64x64_w4_v6,SKIP,v6 only INT8 (A1 retry)
INT4,BITSHIFT,U(-1,1),1,7168,7168,64x64x64_w4_v6,SKIP,opt only LUT path
INT4,LUT,U(-1,1),16,7168,7168,16x64x32_w4,OK,ms=1.389,tflops=1.18,gbps=21.5,maxabs=3.330e-02,p99=1.859e-02,rel=2.565e-04
INT4,BITSHIFT,U(-1,1),16,7168,7168,16x64x32_w4,OK,ms=1.034,tflops=1.59,gbps=28.8,maxabs=2.491e-02,p99=1.344e-02,rel=1.875e-04
INT4,LUT,U(-1,1),16,7168,7168,16x128x32_w8,OK,ms=1.429,tflops=1.15,gbps=20.9,maxabs=3.330e-02,p99=1.859e-02,rel=2.565e-04
INT4,BITSHIFT,U(-1,1),16,7168,7168,16x128x32_w8,OK,ms=1.127,tflops=1.46,gbps=26.5,maxabs=2.491e-02,p99=1.344e-02,rel=1.875e-04
INT4,LUT,U(-1,1),16,7168,7168,16x128x32_w4f2,SKIP,BN/WARPS != 16
INT4,BITSHIFT,U(-1,1),16,7168,7168,16x128x32_w4f2,SKIP,BN/WARPS != 16
INT4,LUT,U(-1,1),16,7168,7168,16x256x32_w4f4,SKIP,BN/WARPS != 16
INT4,BITSHIFT,U(-1,1),16,7168,7168,16x256x32_w4f4,SKIP,BN/WARPS != 16
INT4,LUT,U(-1,1),16,7168,7168,128x64x32_w4_v1,SKIP,no template instantiation for this tile
INT4,BITSHIFT,U(-1,1),16,7168,7168,128x64x32_w4_v1,SKIP,opt only LUT path
INT4,LUT,U(-1,1),16,7168,7168,128x128x32_w4_v1,SKIP,BN/WARPS != 16
INT4,BITSHIFT,U(-1,1),16,7168,7168,128x128x32_w4_v1,SKIP,BN/WARPS != 16
INT4,LUT,U(-1,1),16,7168,7168,128x256x32_w4_v1,SKIP,BN/WARPS != 16
INT4,BITSHIFT,U(-1,1),16,7168,7168,128x256x32_w4_v1,SKIP,BN/WARPS != 16
INT4,LUT,U(-1,1),16,7168,7168,128x256x32_w8_v1,SKIP,BN/WARPS != 16
INT4,BITSHIFT,U(-1,1),16,7168,7168,128x256x32_w8_v1,SKIP,BN/WARPS != 16
INT4,LUT,U(-1,1),16,7168,7168,64x64x32_w4_v1,SKIP,no template instantiation for this tile
INT4,BITSHIFT,U(-1,1),16,7168,7168,64x64x32_w4_v1,SKIP,opt only LUT path
INT4,LUT,U(-1,1),16,7168,7168,64x128x32_w4_v1,SKIP,BN/WARPS != 16
INT4,BITSHIFT,U(-1,1),16,7168,7168,64x128x32_w4_v1,SKIP,BN/WARPS != 16
INT4,LUT,U(-1,1),16,7168,7168,128x64x32_w4_v2,OK,ms=1.382,tflops=1.19,gbps=21.6,maxabs=3.330e-02,p99=1.859e-02,rel=2.565e-04
INT4,BITSHIFT,U(-1,1),16,7168,7168,128x64x32_w4_v2,SKIP,opt only LUT path
INT4,LUT,U(-1,1),16,7168,7168,128x128x32_w4_v2,SKIP,BN/WARPS != 16
INT4,BITSHIFT,U(-1,1),16,7168,7168,128x128x32_w4_v2,SKIP,BN/WARPS != 16
INT4,LUT,U(-1,1),16,7168,7168,128x256x32_w4_v2,SKIP,BN/WARPS != 16
INT4,BITSHIFT,U(-1,1),16,7168,7168,128x256x32_w4_v2,SKIP,BN/WARPS != 16
INT4,LUT,U(-1,1),16,7168,7168,128x256x32_w8_v2,SKIP,BN/WARPS != 16
INT4,BITSHIFT,U(-1,1),16,7168,7168,128x256x32_w8_v2,SKIP,BN/WARPS != 16
INT4,LUT,U(-1,1),16,7168,7168,64x64x32_w4_v2,OK,ms=0.924,tflops=1.78,gbps=32.3,maxabs=3.330e-02,p99=1.859e-02,rel=2.565e-04
INT4,BITSHIFT,U(-1,1),16,7168,7168,64x64x32_w4_v2,SKIP,opt only LUT path
INT4,LUT,U(-1,1),16,7168,7168,64x128x32_w4_v2,SKIP,BN/WARPS != 16
INT4,BITSHIFT,U(-1,1),16,7168,7168,64x128x32_w4_v2,SKIP,BN/WARPS != 16
INT4,LUT,U(-1,1),16,7168,7168,128x64x32_w4_v3,OK,ms=1.361,tflops=1.21,gbps=21.9,maxabs=3.330e-02,p99=1.859e-02,rel=2.565e-04
INT4,BITSHIFT,U(-1,1),16,7168,7168,128x64x32_w4_v3,SKIP,opt only LUT path
INT4,LUT,U(-1,1),16,7168,7168,128x128x32_w4_v3,SKIP,BN/WARPS != 16
INT4,BITSHIFT,U(-1,1),16,7168,7168,128x128x32_w4_v3,SKIP,BN/WARPS != 16
INT4,LUT,U(-1,1),16,7168,7168,128x256x32_w8_v3,SKIP,BN/WARPS != 16
INT4,BITSHIFT,U(-1,1),16,7168,7168,128x256x32_w8_v3,SKIP,BN/WARPS != 16
INT4,LUT,U(-1,1),16,7168,7168,64x64x32_w4_v3,OK,ms=1.003,tflops=1.64,gbps=29.7,maxabs=3.330e-02,p99=1.859e-02,rel=2.565e-04
INT4,BITSHIFT,U(-1,1),16,7168,7168,64x64x32_w4_v3,SKIP,opt only LUT path
INT4,LUT,U(-1,1),16,7168,7168,64x128x32_w4_v3,SKIP,BN/WARPS != 16
INT4,BITSHIFT,U(-1,1),16,7168,7168,64x128x32_w4_v3,SKIP,BN/WARPS != 16
INT4,LUT,U(-1,1),16,7168,7168,128x64x32_w4_v4,OK,ms=1.363,tflops=1.21,gbps=21.9,maxabs=3.330e-02,p99=1.859e-02,rel=2.565e-04
INT4,BITSHIFT,U(-1,1),16,7168,7168,128x64x32_w4_v4,SKIP,opt only LUT path
INT4,LUT,U(-1,1),16,7168,7168,128x128x32_w4_v4,SKIP,BN/WARPS != 16
INT4,BITSHIFT,U(-1,1),16,7168,7168,128x128x32_w4_v4,SKIP,BN/WARPS != 16
INT4,LUT,U(-1,1),16,7168,7168,64x64x32_w4_v4,OK,ms=1.019,tflops=1.61,gbps=29.3,maxabs=3.330e-02,p99=1.859e-02,rel=2.565e-04
INT4,BITSHIFT,U(-1,1),16,7168,7168,64x64x32_w4_v4,SKIP,opt only LUT path
INT4,LUT,U(-1,1),16,7168,7168,64x128x32_w4_v4,SKIP,BN/WARPS != 16
INT4,BITSHIFT,U(-1,1),16,7168,7168,64x128x32_w4_v4,SKIP,BN/WARPS != 16
INT4,LUT,U(-1,1),16,7168,7168,128x64x32_w4_v5,OK,ms=1.366,tflops=1.20,gbps=21.8,maxabs=3.330e-02,p99=1.859e-02,rel=2.565e-04
INT4,BITSHIFT,U(-1,1),16,7168,7168,128x64x32_w4_v5,SKIP,opt only LUT path
INT4,LUT,U(-1,1),16,7168,7168,128x128x32_w4_v5,SKIP,BN/WARPS != 16
INT4,BITSHIFT,U(-1,1),16,7168,7168,128x128x32_w4_v5,SKIP,BN/WARPS != 16
INT4,LUT,U(-1,1),16,7168,7168,64x64x32_w4_v5,OK,ms=1.002,tflops=1.64,gbps=29.8,maxabs=3.330e-02,p99=1.859e-02,rel=2.565e-04
INT4,BITSHIFT,U(-1,1),16,7168,7168,64x64x32_w4_v5,SKIP,opt only LUT path
INT4,LUT,U(-1,1),16,7168,7168,64x128x32_w4_v5,SKIP,BN/WARPS != 16
INT4,BITSHIFT,U(-1,1),16,7168,7168,64x128x32_w4_v5,SKIP,BN/WARPS != 16
INT4,LUT,U(-1,1),16,7168,7168,128x128x64_w4_v6,SKIP,BN/WARPS != 16
INT4,BITSHIFT,U(-1,1),16,7168,7168,128x128x64_w4_v6,SKIP,BN/WARPS != 16
INT4,LUT,U(-1,1),16,7168,7168,128x64x64_w4_v6,SKIP,v6 only INT8 (A1 retry)
INT4,BITSHIFT,U(-1,1),16,7168,7168,128x64x64_w4_v6,SKIP,opt only LUT path
INT4,LUT,U(-1,1),16,7168,7168,64x128x64_w4_v6,SKIP,BN/WARPS != 16
INT4,BITSHIFT,U(-1,1),16,7168,7168,64x128x64_w4_v6,SKIP,BN/WARPS != 16
INT4,LUT,U(-1,1),16,7168,7168,64x64x64_w4_v6,SKIP,v6 only INT8 (A1 retry)
INT4,BITSHIFT,U(-1,1),16,7168,7168,64x64x64_w4_v6,SKIP,opt only LUT path
INT4,LUT,U(-1,1),64,7168,7168,16x64x32_w4,OK,ms=1.563,tflops=4.21,gbps=20.8,maxabs=3.466e-02,p99=1.871e-02,rel=2.561e-04
INT4,BITSHIFT,U(-1,1),64,7168,7168,16x64x32_w4,OK,ms=1.814,tflops=3.62,gbps=18.0,maxabs=2.489e-02,p99=1.371e-02,rel=1.865e-04
INT4,LUT,U(-1,1),64,7168,7168,16x128x32_w8,OK,ms=1.611,tflops=4.08,gbps=20.2,maxabs=3.466e-02,p99=1.871e-02,rel=2.561e-04
INT4,BITSHIFT,U(-1,1),64,7168,7168,16x128x32_w8,OK,ms=1.884,tflops=3.49,gbps=17.3,maxabs=2.489e-02,p99=1.371e-02,rel=1.865e-04
INT4,LUT,U(-1,1),64,7168,7168,16x128x32_w4f2,SKIP,BN/WARPS != 16
INT4,BITSHIFT,U(-1,1),64,7168,7168,16x128x32_w4f2,SKIP,BN/WARPS != 16
INT4,LUT,U(-1,1),64,7168,7168,16x256x32_w4f4,SKIP,BN/WARPS != 16
INT4,BITSHIFT,U(-1,1),64,7168,7168,16x256x32_w4f4,SKIP,BN/WARPS != 16
INT4,LUT,U(-1,1),64,7168,7168,128x64x32_w4_v1,SKIP,no template instantiation for this tile
INT4,BITSHIFT,U(-1,1),64,7168,7168,128x64x32_w4_v1,SKIP,opt only LUT path
INT4,LUT,U(-1,1),64,7168,7168,128x128x32_w4_v1,SKIP,BN/WARPS != 16
INT4,BITSHIFT,U(-1,1),64,7168,7168,128x128x32_w4_v1,SKIP,BN/WARPS != 16
INT4,LUT,U(-1,1),64,7168,7168,128x256x32_w4_v1,SKIP,BN/WARPS != 16
INT4,BITSHIFT,U(-1,1),64,7168,7168,128x256x32_w4_v1,SKIP,BN/WARPS != 16
INT4,LUT,U(-1,1),64,7168,7168,128x256x32_w8_v1,SKIP,BN/WARPS != 16
INT4,BITSHIFT,U(-1,1),64,7168,7168,128x256x32_w8_v1,SKIP,BN/WARPS != 16
INT4,LUT,U(-1,1),64,7168,7168,64x64x32_w4_v1,SKIP,no template instantiation for this tile
INT4,BITSHIFT,U(-1,1),64,7168,7168,64x64x32_w4_v1,SKIP,opt only LUT path
INT4,LUT,U(-1,1),64,7168,7168,64x128x32_w4_v1,SKIP,BN/WARPS != 16
INT4,BITSHIFT,U(-1,1),64,7168,7168,64x128x32_w4_v1,SKIP,BN/WARPS != 16
INT4,LUT,U(-1,1),64,7168,7168,128x64x32_w4_v2,OK,ms=1.406,tflops=4.68,gbps=23.2,maxabs=3.466e-02,p99=1.871e-02,rel=2.561e-04
INT4,BITSHIFT,U(-1,1),64,7168,7168,128x64x32_w4_v2,SKIP,opt only LUT path
INT4,LUT,U(-1,1),64,7168,7168,128x128x32_w4_v2,SKIP,BN/WARPS != 16
INT4,BITSHIFT,U(-1,1),64,7168,7168,128x128x32_w4_v2,SKIP,BN/WARPS != 16
INT4,LUT,U(-1,1),64,7168,7168,128x256x32_w4_v2,SKIP,BN/WARPS != 16
INT4,BITSHIFT,U(-1,1),64,7168,7168,128x256x32_w4_v2,SKIP,BN/WARPS != 16
INT4,LUT,U(-1,1),64,7168,7168,128x256x32_w8_v2,SKIP,BN/WARPS != 16
INT4,BITSHIFT,U(-1,1),64,7168,7168,128x256x32_w8_v2,SKIP,BN/WARPS != 16
INT4,LUT,U(-1,1),64,7168,7168,64x64x32_w4_v2,OK,ms=1.009,tflops=6.52,gbps=32.3,maxabs=3.466e-02,p99=1.871e-02,rel=2.561e-04
INT4,BITSHIFT,U(-1,1),64,7168,7168,64x64x32_w4_v2,SKIP,opt only LUT path
INT4,LUT,U(-1,1),64,7168,7168,64x128x32_w4_v2,SKIP,BN/WARPS != 16
INT4,BITSHIFT,U(-1,1),64,7168,7168,64x128x32_w4_v2,SKIP,BN/WARPS != 16
INT4,LUT,U(-1,1),64,7168,7168,128x64x32_w4_v3,OK,ms=1.386,tflops=4.74,gbps=23.5,maxabs=3.466e-02,p99=1.871e-02,rel=2.561e-04
INT4,BITSHIFT,U(-1,1),64,7168,7168,128x64x32_w4_v3,SKIP,opt only LUT path
INT4,LUT,U(-1,1),64,7168,7168,128x128x32_w4_v3,SKIP,BN/WARPS != 16
INT4,BITSHIFT,U(-1,1),64,7168,7168,128x128x32_w4_v3,SKIP,BN/WARPS != 16
INT4,LUT,U(-1,1),64,7168,7168,128x256x32_w8_v3,SKIP,BN/WARPS != 16
INT4,BITSHIFT,U(-1,1),64,7168,7168,128x256x32_w8_v3,SKIP,BN/WARPS != 16
INT4,LUT,U(-1,1),64,7168,7168,64x64x32_w4_v3,OK,ms=1.058,tflops=6.22,gbps=30.8,maxabs=3.466e-02,p99=1.871e-02,rel=2.561e-04
INT4,BITSHIFT,U(-1,1),64,7168,7168,64x64x32_w4_v3,SKIP,opt only LUT path
INT4,LUT,U(-1,1),64,7168,7168,64x128x32_w4_v3,SKIP,BN/WARPS != 16
INT4,BITSHIFT,U(-1,1),64,7168,7168,64x128x32_w4_v3,SKIP,BN/WARPS != 16
INT4,LUT,U(-1,1),64,7168,7168,128x64x32_w4_v4,OK,ms=1.379,tflops=4.77,gbps=23.6,maxabs=3.466e-02,p99=1.871e-02,rel=2.561e-04
INT4,BITSHIFT,U(-1,1),64,7168,7168,128x64x32_w4_v4,SKIP,opt only LUT path
INT4,LUT,U(-1,1),64,7168,7168,128x128x32_w4_v4,SKIP,BN/WARPS != 16
INT4,BITSHIFT,U(-1,1),64,7168,7168,128x128x32_w4_v4,SKIP,BN/WARPS != 16
INT4,LUT,U(-1,1),64,7168,7168,64x64x32_w4_v4,OK,ms=1.045,tflops=6.29,gbps=31.2,maxabs=3.466e-02,p99=1.871e-02,rel=2.561e-04
INT4,BITSHIFT,U(-1,1),64,7168,7168,64x64x32_w4_v4,SKIP,opt only LUT path
INT4,LUT,U(-1,1),64,7168,7168,64x128x32_w4_v4,SKIP,BN/WARPS != 16
INT4,BITSHIFT,U(-1,1),64,7168,7168,64x128x32_w4_v4,SKIP,BN/WARPS != 16
INT4,LUT,U(-1,1),64,7168,7168,128x64x32_w4_v5,OK,ms=1.387,tflops=4.74,gbps=23.5,maxabs=3.466e-02,p99=1.871e-02,rel=2.561e-04
INT4,BITSHIFT,U(-1,1),64,7168,7168,128x64x32_w4_v5,SKIP,opt only LUT path
INT4,LUT,U(-1,1),64,7168,7168,128x128x32_w4_v5,SKIP,BN/WARPS != 16
INT4,BITSHIFT,U(-1,1),64,7168,7168,128x128x32_w4_v5,SKIP,BN/WARPS != 16
INT4,LUT,U(-1,1),64,7168,7168,64x64x32_w4_v5,OK,ms=1.031,tflops=6.38,gbps=31.6,maxabs=3.466e-02,p99=1.871e-02,rel=2.561e-04
INT4,BITSHIFT,U(-1,1),64,7168,7168,64x64x32_w4_v5,SKIP,opt only LUT path
INT4,LUT,U(-1,1),64,7168,7168,64x128x32_w4_v5,SKIP,BN/WARPS != 16
INT4,BITSHIFT,U(-1,1),64,7168,7168,64x128x32_w4_v5,SKIP,BN/WARPS != 16
INT4,LUT,U(-1,1),64,7168,7168,128x128x64_w4_v6,SKIP,BN/WARPS != 16
INT4,BITSHIFT,U(-1,1),64,7168,7168,128x128x64_w4_v6,SKIP,BN/WARPS != 16
INT4,LUT,U(-1,1),64,7168,7168,128x64x64_w4_v6,SKIP,v6 only INT8 (A1 retry)
INT4,BITSHIFT,U(-1,1),64,7168,7168,128x64x64_w4_v6,SKIP,opt only LUT path
INT4,LUT,U(-1,1),64,7168,7168,64x128x64_w4_v6,SKIP,BN/WARPS != 16
INT4,BITSHIFT,U(-1,1),64,7168,7168,64x128x64_w4_v6,SKIP,BN/WARPS != 16
INT4,LUT,U(-1,1),64,7168,7168,64x64x64_w4_v6,SKIP,v6 only INT8 (A1 retry)
INT4,BITSHIFT,U(-1,1),64,7168,7168,64x64x64_w4_v6,SKIP,opt only LUT path
INT4,LUT,U(-1,1),128,7168,7168,16x64x32_w4,OK,ms=3.291,tflops=4.00,gbps=11.0,maxabs=3.510e-02,p99=1.887e-02,rel=2.556e-04
INT4,BITSHIFT,U(-1,1),128,7168,7168,16x64x32_w4,OK,ms=4.031,tflops=3.26,gbps=9.0,maxabs=2.605e-02,p99=1.335e-02,rel=1.863e-04
INT4,LUT,U(-1,1),128,7168,7168,16x128x32_w8,OK,ms=3.372,tflops=3.90,gbps=10.7,maxabs=3.510e-02,p99=1.887e-02,rel=2.556e-04
INT4,BITSHIFT,U(-1,1),128,7168,7168,16x128x32_w8,OK,ms=3.764,tflops=3.49,gbps=9.6,maxabs=2.605e-02,p99=1.335e-02,rel=1.863e-04
INT4,LUT,U(-1,1),128,7168,7168,16x128x32_w4f2,SKIP,BN/WARPS != 16
INT4,BITSHIFT,U(-1,1),128,7168,7168,16x128x32_w4f2,SKIP,BN/WARPS != 16
INT4,LUT,U(-1,1),128,7168,7168,16x256x32_w4f4,SKIP,BN/WARPS != 16
INT4,BITSHIFT,U(-1,1),128,7168,7168,16x256x32_w4f4,SKIP,BN/WARPS != 16
INT4,LUT,U(-1,1),128,7168,7168,128x64x32_w4_v1,SKIP,no template instantiation for this tile
INT4,BITSHIFT,U(-1,1),128,7168,7168,128x64x32_w4_v1,SKIP,opt only LUT path
INT4,LUT,U(-1,1),128,7168,7168,128x128x32_w4_v1,SKIP,BN/WARPS != 16
INT4,BITSHIFT,U(-1,1),128,7168,7168,128x128x32_w4_v1,SKIP,BN/WARPS != 16
INT4,LUT,U(-1,1),128,7168,7168,128x256x32_w4_v1,SKIP,BN/WARPS != 16
INT4,BITSHIFT,U(-1,1),128,7168,7168,128x256x32_w4_v1,SKIP,BN/WARPS != 16
INT4,LUT,U(-1,1),128,7168,7168,128x256x32_w8_v1,SKIP,BN/WARPS != 16
INT4,BITSHIFT,U(-1,1),128,7168,7168,128x256x32_w8_v1,SKIP,BN/WARPS != 16
INT4,LUT,U(-1,1),128,7168,7168,64x64x32_w4_v1,SKIP,no template instantiation for this tile
INT4,BITSHIFT,U(-1,1),128,7168,7168,64x64x32_w4_v1,SKIP,opt only LUT path
INT4,LUT,U(-1,1),128,7168,7168,64x128x32_w4_v1,SKIP,BN/WARPS != 16
INT4,BITSHIFT,U(-1,1),128,7168,7168,64x128x32_w4_v1,SKIP,BN/WARPS != 16
INT4,LUT,U(-1,1),128,7168,7168,128x64x32_w4_v2,OK,ms=1.473,tflops=8.93,gbps=24.6,maxabs=3.510e-02,p99=1.887e-02,rel=2.556e-04
INT4,BITSHIFT,U(-1,1),128,7168,7168,128x64x32_w4_v2,SKIP,opt only LUT path
INT4,LUT,U(-1,1),128,7168,7168,128x128x32_w4_v2,SKIP,BN/WARPS != 16
INT4,BITSHIFT,U(-1,1),128,7168,7168,128x128x32_w4_v2,SKIP,BN/WARPS != 16
INT4,LUT,U(-1,1),128,7168,7168,128x256x32_w4_v2,SKIP,BN/WARPS != 16
INT4,BITSHIFT,U(-1,1),128,7168,7168,128x256x32_w4_v2,SKIP,BN/WARPS != 16
INT4,LUT,U(-1,1),128,7168,7168,128x256x32_w8_v2,SKIP,BN/WARPS != 16
INT4,BITSHIFT,U(-1,1),128,7168,7168,128x256x32_w8_v2,SKIP,BN/WARPS != 16
INT4,LUT,U(-1,1),128,7168,7168,64x64x32_w4_v2,OK,ms=1.100,tflops=11.95,gbps=32.9,maxabs=3.510e-02,p99=1.887e-02,rel=2.556e-04
INT4,BITSHIFT,U(-1,1),128,7168,7168,64x64x32_w4_v2,SKIP,opt only LUT path
INT4,LUT,U(-1,1),128,7168,7168,64x128x32_w4_v2,SKIP,BN/WARPS != 16
INT4,BITSHIFT,U(-1,1),128,7168,7168,64x128x32_w4_v2,SKIP,BN/WARPS != 16
INT4,LUT,U(-1,1),128,7168,7168,128x64x32_w4_v3,OK,ms=1.450,tflops=9.07,gbps=25.0,maxabs=3.510e-02,p99=1.887e-02,rel=2.556e-04
INT4,BITSHIFT,U(-1,1),128,7168,7168,128x64x32_w4_v3,SKIP,opt only LUT path
INT4,LUT,U(-1,1),128,7168,7168,128x128x32_w4_v3,SKIP,BN/WARPS != 16
INT4,BITSHIFT,U(-1,1),128,7168,7168,128x128x32_w4_v3,SKIP,BN/WARPS != 16
INT4,LUT,U(-1,1),128,7168,7168,128x256x32_w8_v3,SKIP,BN/WARPS != 16
INT4,BITSHIFT,U(-1,1),128,7168,7168,128x256x32_w8_v3,SKIP,BN/WARPS != 16
INT4,LUT,U(-1,1),128,7168,7168,64x64x32_w4_v3,OK,ms=1.084,tflops=12.14,gbps=33.4,maxabs=3.510e-02,p99=1.887e-02,rel=2.556e-04
INT4,BITSHIFT,U(-1,1),128,7168,7168,64x64x32_w4_v3,SKIP,opt only LUT path
INT4,LUT,U(-1,1),128,7168,7168,64x128x32_w4_v3,SKIP,BN/WARPS != 16
INT4,BITSHIFT,U(-1,1),128,7168,7168,64x128x32_w4_v3,SKIP,BN/WARPS != 16
INT4,LUT,U(-1,1),128,7168,7168,128x64x32_w4_v4,OK,ms=1.445,tflops=9.10,gbps=25.1,maxabs=3.510e-02,p99=1.887e-02,rel=2.556e-04
INT4,BITSHIFT,U(-1,1),128,7168,7168,128x64x32_w4_v4,SKIP,opt only LUT path
INT4,LUT,U(-1,1),128,7168,7168,128x128x32_w4_v4,SKIP,BN/WARPS != 16
INT4,BITSHIFT,U(-1,1),128,7168,7168,128x128x32_w4_v4,SKIP,BN/WARPS != 16
INT4,LUT,U(-1,1),128,7168,7168,64x64x32_w4_v4,OK,ms=1.132,tflops=11.62,gbps=32.0,maxabs=3.510e-02,p99=1.887e-02,rel=2.556e-04
INT4,BITSHIFT,U(-1,1),128,7168,7168,64x64x32_w4_v4,SKIP,opt only LUT path
INT4,LUT,U(-1,1),128,7168,7168,64x128x32_w4_v4,SKIP,BN/WARPS != 16
INT4,BITSHIFT,U(-1,1),128,7168,7168,64x128x32_w4_v4,SKIP,BN/WARPS != 16
INT4,LUT,U(-1,1),128,7168,7168,128x64x32_w4_v5,OK,ms=1.454,tflops=9.04,gbps=24.9,maxabs=3.510e-02,p99=1.887e-02,rel=2.556e-04
INT4,BITSHIFT,U(-1,1),128,7168,7168,128x64x32_w4_v5,SKIP,opt only LUT path
INT4,LUT,U(-1,1),128,7168,7168,128x128x32_w4_v5,SKIP,BN/WARPS != 16
INT4,BITSHIFT,U(-1,1),128,7168,7168,128x128x32_w4_v5,SKIP,BN/WARPS != 16
INT4,LUT,U(-1,1),128,7168,7168,64x64x32_w4_v5,OK,ms=1.887,tflops=6.97,gbps=19.2,maxabs=3.510e-02,p99=1.887e-02,rel=2.556e-04
INT4,BITSHIFT,U(-1,1),128,7168,7168,64x64x32_w4_v5,SKIP,opt only LUT path
INT4,LUT,U(-1,1),128,7168,7168,64x128x32_w4_v5,SKIP,BN/WARPS != 16
INT4,BITSHIFT,U(-1,1),128,7168,7168,64x128x32_w4_v5,SKIP,BN/WARPS != 16
INT4,LUT,U(-1,1),128,7168,7168,128x128x64_w4_v6,SKIP,BN/WARPS != 16
INT4,BITSHIFT,U(-1,1),128,7168,7168,128x128x64_w4_v6,SKIP,BN/WARPS != 16
INT4,LUT,U(-1,1),128,7168,7168,128x64x64_w4_v6,SKIP,v6 only INT8 (A1 retry)
INT4,BITSHIFT,U(-1,1),128,7168,7168,128x64x64_w4_v6,SKIP,opt only LUT path
INT4,LUT,U(-1,1),128,7168,7168,64x128x64_w4_v6,SKIP,BN/WARPS != 16
INT4,BITSHIFT,U(-1,1),128,7168,7168,64x128x64_w4_v6,SKIP,BN/WARPS != 16
INT4,LUT,U(-1,1),128,7168,7168,64x64x64_w4_v6,SKIP,v6 only INT8 (A1 retry)
INT4,BITSHIFT,U(-1,1),128,7168,7168,64x64x64_w4_v6,SKIP,opt only LUT path
INT4,LUT,U(-1,1),256,7168,7168,16x64x32_w4,OK,ms=5.275,tflops=4.99,gbps=8.3,maxabs=3.903e-02,p99=1.841e-02,rel=2.557e-04
INT4,BITSHIFT,U(-1,1),256,7168,7168,16x64x32_w4,OK,ms=7.456,tflops=3.53,gbps=5.8,maxabs=2.604e-02,p99=1.333e-02,rel=1.863e-04
INT4,LUT,U(-1,1),256,7168,7168,16x128x32_w8,OK,ms=5.520,tflops=4.77,gbps=7.9,maxabs=3.903e-02,p99=1.841e-02,rel=2.557e-04
INT4,BITSHIFT,U(-1,1),256,7168,7168,16x128x32_w8,OK,ms=7.743,tflops=3.40,gbps=5.6,maxabs=2.604e-02,p99=1.333e-02,rel=1.863e-04
INT4,LUT,U(-1,1),256,7168,7168,16x128x32_w4f2,SKIP,BN/WARPS != 16
INT4,BITSHIFT,U(-1,1),256,7168,7168,16x128x32_w4f2,SKIP,BN/WARPS != 16
INT4,LUT,U(-1,1),256,7168,7168,16x256x32_w4f4,SKIP,BN/WARPS != 16
INT4,BITSHIFT,U(-1,1),256,7168,7168,16x256x32_w4f4,SKIP,BN/WARPS != 16
INT4,LUT,U(-1,1),256,7168,7168,128x64x32_w4_v1,SKIP,no template instantiation for this tile
INT4,BITSHIFT,U(-1,1),256,7168,7168,128x64x32_w4_v1,SKIP,opt only LUT path
INT4,LUT,U(-1,1),256,7168,7168,128x128x32_w4_v1,SKIP,BN/WARPS != 16
INT4,BITSHIFT,U(-1,1),256,7168,7168,128x128x32_w4_v1,SKIP,BN/WARPS != 16
INT4,LUT,U(-1,1),256,7168,7168,128x256x32_w4_v1,SKIP,BN/WARPS != 16
INT4,BITSHIFT,U(-1,1),256,7168,7168,128x256x32_w4_v1,SKIP,BN/WARPS != 16
INT4,LUT,U(-1,1),256,7168,7168,128x256x32_w8_v1,SKIP,BN/WARPS != 16
INT4,BITSHIFT,U(-1,1),256,7168,7168,128x256x32_w8_v1,SKIP,BN/WARPS != 16
INT4,LUT,U(-1,1),256,7168,7168,64x64x32_w4_v1,SKIP,no template instantiation for this tile
INT4,BITSHIFT,U(-1,1),256,7168,7168,64x64x32_w4_v1,SKIP,opt only LUT path
INT4,LUT,U(-1,1),256,7168,7168,64x128x32_w4_v1,SKIP,BN/WARPS != 16
INT4,BITSHIFT,U(-1,1),256,7168,7168,64x128x32_w4_v1,SKIP,BN/WARPS != 16
INT4,LUT,U(-1,1),256,7168,7168,128x64x32_w4_v2,OK,ms=1.649,tflops=15.95,gbps=26.4,maxabs=3.903e-02,p99=1.841e-02,rel=2.557e-04
INT4,BITSHIFT,U(-1,1),256,7168,7168,128x64x32_w4_v2,SKIP,opt only LUT path
INT4,LUT,U(-1,1),256,7168,7168,128x128x32_w4_v2,SKIP,BN/WARPS != 16
INT4,BITSHIFT,U(-1,1),256,7168,7168,128x128x32_w4_v2,SKIP,BN/WARPS != 16
INT4,LUT,U(-1,1),256,7168,7168,128x256x32_w4_v2,SKIP,BN/WARPS != 16
INT4,BITSHIFT,U(-1,1),256,7168,7168,128x256x32_w4_v2,SKIP,BN/WARPS != 16
INT4,LUT,U(-1,1),256,7168,7168,128x256x32_w8_v2,SKIP,BN/WARPS != 16
INT4,BITSHIFT,U(-1,1),256,7168,7168,128x256x32_w8_v2,SKIP,BN/WARPS != 16
INT4,LUT,U(-1,1),256,7168,7168,64x64x32_w4_v2,OK,ms=2.487,tflops=10.58,gbps=17.5,maxabs=3.903e-02,p99=1.841e-02,rel=2.557e-04
INT4,BITSHIFT,U(-1,1),256,7168,7168,64x64x32_w4_v2,SKIP,opt only LUT path
INT4,LUT,U(-1,1),256,7168,7168,64x128x32_w4_v2,SKIP,BN/WARPS != 16
INT4,BITSHIFT,U(-1,1),256,7168,7168,64x128x32_w4_v2,SKIP,BN/WARPS != 16
INT4,LUT,U(-1,1),256,7168,7168,128x64x32_w4_v3,OK,ms=1.611,tflops=16.33,gbps=27.1,maxabs=3.903e-02,p99=1.841e-02,rel=2.557e-04
INT4,BITSHIFT,U(-1,1),256,7168,7168,128x64x32_w4_v3,SKIP,opt only LUT path
INT4,LUT,U(-1,1),256,7168,7168,128x128x32_w4_v3,SKIP,BN/WARPS != 16
INT4,BITSHIFT,U(-1,1),256,7168,7168,128x128x32_w4_v3,SKIP,BN/WARPS != 16
INT4,LUT,U(-1,1),256,7168,7168,128x256x32_w8_v3,SKIP,BN/WARPS != 16
INT4,BITSHIFT,U(-1,1),256,7168,7168,128x256x32_w8_v3,SKIP,BN/WARPS != 16
INT4,LUT,U(-1,1),256,7168,7168,64x64x32_w4_v3,OK,ms=2.411,tflops=10.91,gbps=18.1,maxabs=3.903e-02,p99=1.841e-02,rel=2.557e-04
INT4,BITSHIFT,U(-1,1),256,7168,7168,64x64x32_w4_v3,SKIP,opt only LUT path
INT4,LUT,U(-1,1),256,7168,7168,64x128x32_w4_v3,SKIP,BN/WARPS != 16
INT4,BITSHIFT,U(-1,1),256,7168,7168,64x128x32_w4_v3,SKIP,BN/WARPS != 16
INT4,LUT,U(-1,1),256,7168,7168,128x64x32_w4_v4,OK,ms=1.623,tflops=16.21,gbps=26.9,maxabs=3.903e-02,p99=1.841e-02,rel=2.557e-04
INT4,BITSHIFT,U(-1,1),256,7168,7168,128x64x32_w4_v4,SKIP,opt only LUT path
INT4,LUT,U(-1,1),256,7168,7168,128x128x32_w4_v4,SKIP,BN/WARPS != 16
INT4,BITSHIFT,U(-1,1),256,7168,7168,128x128x32_w4_v4,SKIP,BN/WARPS != 16
INT4,LUT,U(-1,1),256,7168,7168,64x64x32_w4_v4,OK,ms=2.442,tflops=10.77,gbps=17.8,maxabs=3.903e-02,p99=1.841e-02,rel=2.557e-04
INT4,BITSHIFT,U(-1,1),256,7168,7168,64x64x32_w4_v4,SKIP,opt only LUT path
INT4,LUT,U(-1,1),256,7168,7168,64x128x32_w4_v4,SKIP,BN/WARPS != 16
INT4,BITSHIFT,U(-1,1),256,7168,7168,64x128x32_w4_v4,SKIP,BN/WARPS != 16
INT4,LUT,U(-1,1),256,7168,7168,128x64x32_w4_v5,OK,ms=2.725,tflops=9.65,gbps=16.0,maxabs=3.903e-02,p99=1.841e-02,rel=2.557e-04
INT4,BITSHIFT,U(-1,1),256,7168,7168,128x64x32_w4_v5,SKIP,opt only LUT path
INT4,LUT,U(-1,1),256,7168,7168,128x128x32_w4_v5,SKIP,BN/WARPS != 16
INT4,BITSHIFT,U(-1,1),256,7168,7168,128x128x32_w4_v5,SKIP,BN/WARPS != 16
INT4,LUT,U(-1,1),256,7168,7168,64x64x32_w4_v5,OK,ms=3.030,tflops=8.68,gbps=14.4,maxabs=3.903e-02,p99=1.841e-02,rel=2.557e-04
INT4,BITSHIFT,U(-1,1),256,7168,7168,64x64x32_w4_v5,SKIP,opt only LUT path
INT4,LUT,U(-1,1),256,7168,7168,64x128x32_w4_v5,SKIP,BN/WARPS != 16
INT4,BITSHIFT,U(-1,1),256,7168,7168,64x128x32_w4_v5,SKIP,BN/WARPS != 16
INT4,LUT,U(-1,1),256,7168,7168,128x128x64_w4_v6,SKIP,BN/WARPS != 16
INT4,BITSHIFT,U(-1,1),256,7168,7168,128x128x64_w4_v6,SKIP,BN/WARPS != 16
INT4,LUT,U(-1,1),256,7168,7168,128x64x64_w4_v6,SKIP,v6 only INT8 (A1 retry)
INT4,BITSHIFT,U(-1,1),256,7168,7168,128x64x64_w4_v6,SKIP,opt only LUT path
INT4,LUT,U(-1,1),256,7168,7168,64x128x64_w4_v6,SKIP,BN/WARPS != 16
INT4,BITSHIFT,U(-1,1),256,7168,7168,64x128x64_w4_v6,SKIP,BN/WARPS != 16
INT4,LUT,U(-1,1),256,7168,7168,64x64x64_w4_v6,SKIP,v6 only INT8 (A1 retry)
INT4,BITSHIFT,U(-1,1),256,7168,7168,64x64x64_w4_v6,SKIP,opt only LUT path
INT4,LUT,U(-1,1),512,7168,7168,16x64x32_w4,OK,ms=10.583,tflops=4.97,gbps=5.5,maxabs=3.902e-02,p99=1.870e-02,rel=2.556e-04
INT4,BITSHIFT,U(-1,1),512,7168,7168,16x64x32_w4,OK,ms=14.752,tflops=3.57,gbps=3.9,maxabs=2.781e-02,p99=1.369e-02,rel=1.862e-04
INT4,LUT,U(-1,1),512,7168,7168,16x128x32_w8,OK,ms=11.246,tflops=4.68,gbps=5.2,maxabs=3.902e-02,p99=1.870e-02,rel=2.556e-04
INT4,BITSHIFT,U(-1,1),512,7168,7168,16x128x32_w8,OK,ms=15.043,tflops=3.50,gbps=3.9,maxabs=2.781e-02,p99=1.369e-02,rel=1.862e-04
INT4,LUT,U(-1,1),512,7168,7168,16x128x32_w4f2,SKIP,BN/WARPS != 16
INT4,BITSHIFT,U(-1,1),512,7168,7168,16x128x32_w4f2,SKIP,BN/WARPS != 16
INT4,LUT,U(-1,1),512,7168,7168,16x256x32_w4f4,SKIP,BN/WARPS != 16
INT4,BITSHIFT,U(-1,1),512,7168,7168,16x256x32_w4f4,SKIP,BN/WARPS != 16
INT4,LUT,U(-1,1),512,7168,7168,128x64x32_w4_v1,SKIP,no template instantiation for this tile
INT4,BITSHIFT,U(-1,1),512,7168,7168,128x64x32_w4_v1,SKIP,opt only LUT path
INT4,LUT,U(-1,1),512,7168,7168,128x128x32_w4_v1,SKIP,BN/WARPS != 16
INT4,BITSHIFT,U(-1,1),512,7168,7168,128x128x32_w4_v1,SKIP,BN/WARPS != 16
INT4,LUT,U(-1,1),512,7168,7168,128x256x32_w4_v1,SKIP,BN/WARPS != 16
INT4,BITSHIFT,U(-1,1),512,7168,7168,128x256x32_w4_v1,SKIP,BN/WARPS != 16
INT4,LUT,U(-1,1),512,7168,7168,128x256x32_w8_v1,SKIP,BN/WARPS != 16
INT4,BITSHIFT,U(-1,1),512,7168,7168,128x256x32_w8_v1,SKIP,BN/WARPS != 16
INT4,LUT,U(-1,1),512,7168,7168,64x64x32_w4_v1,SKIP,no template instantiation for this tile
INT4,BITSHIFT,U(-1,1),512,7168,7168,64x64x32_w4_v1,SKIP,opt only LUT path
INT4,LUT,U(-1,1),512,7168,7168,64x128x32_w4_v1,SKIP,BN/WARPS != 16
INT4,BITSHIFT,U(-1,1),512,7168,7168,64x128x32_w4_v1,SKIP,BN/WARPS != 16
INT4,LUT,U(-1,1),512,7168,7168,128x64x32_w4_v2,OK,ms=3.738,tflops=14.07,gbps=15.6,maxabs=3.902e-02,p99=1.870e-02,rel=2.556e-04
INT4,BITSHIFT,U(-1,1),512,7168,7168,128x64x32_w4_v2,SKIP,opt only LUT path
INT4,LUT,U(-1,1),512,7168,7168,128x128x32_w4_v2,SKIP,BN/WARPS != 16
INT4,BITSHIFT,U(-1,1),512,7168,7168,128x128x32_w4_v2,SKIP,BN/WARPS != 16
INT4,LUT,U(-1,1),512,7168,7168,128x256x32_w4_v2,SKIP,BN/WARPS != 16
INT4,BITSHIFT,U(-1,1),512,7168,7168,128x256x32_w4_v2,SKIP,BN/WARPS != 16
INT4,LUT,U(-1,1),512,7168,7168,128x256x32_w8_v2,SKIP,BN/WARPS != 16
INT4,BITSHIFT,U(-1,1),512,7168,7168,128x256x32_w8_v2,SKIP,BN/WARPS != 16
INT4,LUT,U(-1,1),512,7168,7168,64x64x32_w4_v2,OK,ms=3.632,tflops=14.49,gbps=16.0,maxabs=3.902e-02,p99=1.870e-02,rel=2.556e-04
INT4,BITSHIFT,U(-1,1),512,7168,7168,64x64x32_w4_v2,SKIP,opt only LUT path
INT4,LUT,U(-1,1),512,7168,7168,64x128x32_w4_v2,SKIP,BN/WARPS != 16
INT4,BITSHIFT,U(-1,1),512,7168,7168,64x128x32_w4_v2,SKIP,BN/WARPS != 16
INT4,LUT,U(-1,1),512,7168,7168,128x64x32_w4_v3,OK,ms=3.226,tflops=16.31,gbps=18.1,maxabs=3.902e-02,p99=1.870e-02,rel=2.556e-04
INT4,BITSHIFT,U(-1,1),512,7168,7168,128x64x32_w4_v3,SKIP,opt only LUT path
INT4,LUT,U(-1,1),512,7168,7168,128x128x32_w4_v3,SKIP,BN/WARPS != 16
INT4,BITSHIFT,U(-1,1),512,7168,7168,128x128x32_w4_v3,SKIP,BN/WARPS != 16
INT4,LUT,U(-1,1),512,7168,7168,128x256x32_w8_v3,SKIP,BN/WARPS != 16
INT4,BITSHIFT,U(-1,1),512,7168,7168,128x256x32_w8_v3,SKIP,BN/WARPS != 16
INT4,LUT,U(-1,1),512,7168,7168,64x64x32_w4_v3,OK,ms=3.954,tflops=13.31,gbps=14.7,maxabs=3.902e-02,p99=1.870e-02,rel=2.556e-04
INT4,BITSHIFT,U(-1,1),512,7168,7168,64x64x32_w4_v3,SKIP,opt only LUT path
INT4,LUT,U(-1,1),512,7168,7168,64x128x32_w4_v3,SKIP,BN/WARPS != 16
INT4,BITSHIFT,U(-1,1),512,7168,7168,64x128x32_w4_v3,SKIP,BN/WARPS != 16
INT4,LUT,U(-1,1),512,7168,7168,128x64x32_w4_v4,OK,ms=3.226,tflops=16.31,gbps=18.1,maxabs=3.902e-02,p99=1.870e-02,rel=2.556e-04
INT4,BITSHIFT,U(-1,1),512,7168,7168,128x64x32_w4_v4,SKIP,opt only LUT path
INT4,LUT,U(-1,1),512,7168,7168,128x128x32_w4_v4,SKIP,BN/WARPS != 16
INT4,BITSHIFT,U(-1,1),512,7168,7168,128x128x32_w4_v4,SKIP,BN/WARPS != 16
INT4,LUT,U(-1,1),512,7168,7168,64x64x32_w4_v4,OK,ms=3.959,tflops=13.29,gbps=14.7,maxabs=3.902e-02,p99=1.870e-02,rel=2.556e-04
INT4,BITSHIFT,U(-1,1),512,7168,7168,64x64x32_w4_v4,SKIP,opt only LUT path
INT4,LUT,U(-1,1),512,7168,7168,64x128x32_w4_v4,SKIP,BN/WARPS != 16
INT4,BITSHIFT,U(-1,1),512,7168,7168,64x128x32_w4_v4,SKIP,BN/WARPS != 16
INT4,LUT,U(-1,1),512,7168,7168,128x64x32_w4_v5,OK,ms=4.382,tflops=12.01,gbps=13.3,maxabs=3.902e-02,p99=1.870e-02,rel=2.556e-04
INT4,BITSHIFT,U(-1,1),512,7168,7168,128x64x32_w4_v5,SKIP,opt only LUT path
INT4,LUT,U(-1,1),512,7168,7168,128x128x32_w4_v5,SKIP,BN/WARPS != 16
INT4,BITSHIFT,U(-1,1),512,7168,7168,128x128x32_w4_v5,SKIP,BN/WARPS != 16
INT4,LUT,U(-1,1),512,7168,7168,64x64x32_w4_v5,OK,ms=6.047,tflops=8.70,gbps=9.6,maxabs=3.902e-02,p99=1.870e-02,rel=2.556e-04
INT4,BITSHIFT,U(-1,1),512,7168,7168,64x64x32_w4_v5,SKIP,opt only LUT path
INT4,LUT,U(-1,1),512,7168,7168,64x128x32_w4_v5,SKIP,BN/WARPS != 16
INT4,BITSHIFT,U(-1,1),512,7168,7168,64x128x32_w4_v5,SKIP,BN/WARPS != 16
INT4,LUT,U(-1,1),512,7168,7168,128x128x64_w4_v6,SKIP,BN/WARPS != 16
INT4,BITSHIFT,U(-1,1),512,7168,7168,128x128x64_w4_v6,SKIP,BN/WARPS != 16
INT4,LUT,U(-1,1),512,7168,7168,128x64x64_w4_v6,SKIP,v6 only INT8 (A1 retry)
INT4,BITSHIFT,U(-1,1),512,7168,7168,128x64x64_w4_v6,SKIP,opt only LUT path
INT4,LUT,U(-1,1),512,7168,7168,64x128x64_w4_v6,SKIP,BN/WARPS != 16
INT4,BITSHIFT,U(-1,1),512,7168,7168,64x128x64_w4_v6,SKIP,BN/WARPS != 16
INT4,LUT,U(-1,1),512,7168,7168,64x64x64_w4_v6,SKIP,v6 only INT8 (A1 retry)
INT4,BITSHIFT,U(-1,1),512,7168,7168,64x64x64_w4_v6,SKIP,opt only LUT path
INT4,LUT,U(-1,1),1024,7168,7168,16x64x32_w4,OK,ms=21.209,tflops=4.96,gbps=4.1,maxabs=3.902e-02,p99=1.859e-02,rel=2.556e-04
INT4,BITSHIFT,U(-1,1),1024,7168,7168,16x64x32_w4,OK,ms=28.534,tflops=3.69,gbps=3.1,maxabs=2.781e-02,p99=1.388e-02,rel=1.860e-04
INT4,LUT,U(-1,1),1024,7168,7168,16x128x32_w8,OK,ms=21.588,tflops=4.87,gbps=4.1,maxabs=3.902e-02,p99=1.859e-02,rel=2.556e-04
INT4,BITSHIFT,U(-1,1),1024,7168,7168,16x128x32_w8,OK,ms=28.661,tflops=3.67,gbps=3.1,maxabs=2.781e-02,p99=1.388e-02,rel=1.860e-04
INT4,LUT,U(-1,1),1024,7168,7168,16x128x32_w4f2,SKIP,BN/WARPS != 16
INT4,BITSHIFT,U(-1,1),1024,7168,7168,16x128x32_w4f2,SKIP,BN/WARPS != 16
INT4,LUT,U(-1,1),1024,7168,7168,16x256x32_w4f4,SKIP,BN/WARPS != 16
INT4,BITSHIFT,U(-1,1),1024,7168,7168,16x256x32_w4f4,SKIP,BN/WARPS != 16
INT4,LUT,U(-1,1),1024,7168,7168,128x64x32_w4_v1,SKIP,no template instantiation for this tile
INT4,BITSHIFT,U(-1,1),1024,7168,7168,128x64x32_w4_v1,SKIP,opt only LUT path
INT4,LUT,U(-1,1),1024,7168,7168,128x128x32_w4_v1,SKIP,BN/WARPS != 16
INT4,BITSHIFT,U(-1,1),1024,7168,7168,128x128x32_w4_v1,SKIP,BN/WARPS != 16
INT4,LUT,U(-1,1),1024,7168,7168,128x256x32_w4_v1,SKIP,BN/WARPS != 16
INT4,BITSHIFT,U(-1,1),1024,7168,7168,128x256x32_w4_v1,SKIP,BN/WARPS != 16
INT4,LUT,U(-1,1),1024,7168,7168,128x256x32_w8_v1,SKIP,BN/WARPS != 16
INT4,BITSHIFT,U(-1,1),1024,7168,7168,128x256x32_w8_v1,SKIP,BN/WARPS != 16
INT4,LUT,U(-1,1),1024,7168,7168,64x64x32_w4_v1,SKIP,no template instantiation for this tile
INT4,BITSHIFT,U(-1,1),1024,7168,7168,64x64x32_w4_v1,SKIP,opt only LUT path
INT4,LUT,U(-1,1),1024,7168,7168,64x128x32_w4_v1,SKIP,BN/WARPS != 16
INT4,BITSHIFT,U(-1,1),1024,7168,7168,64x128x32_w4_v1,SKIP,BN/WARPS != 16
INT4,LUT,U(-1,1),1024,7168,7168,128x64x32_w4_v2,OK,ms=5.599,tflops=18.79,gbps=15.6,maxabs=3.902e-02,p99=1.859e-02,rel=2.556e-04
INT4,BITSHIFT,U(-1,1),1024,7168,7168,128x64x32_w4_v2,SKIP,opt only LUT path
INT4,LUT,U(-1,1),1024,7168,7168,128x128x32_w4_v2,SKIP,BN/WARPS != 16
INT4,BITSHIFT,U(-1,1),1024,7168,7168,128x128x32_w4_v2,SKIP,BN/WARPS != 16
INT4,LUT,U(-1,1),1024,7168,7168,128x256x32_w4_v2,SKIP,BN/WARPS != 16
INT4,BITSHIFT,U(-1,1),1024,7168,7168,128x256x32_w4_v2,SKIP,BN/WARPS != 16
INT4,LUT,U(-1,1),1024,7168,7168,128x256x32_w8_v2,SKIP,BN/WARPS != 16
INT4,BITSHIFT,U(-1,1),1024,7168,7168,128x256x32_w8_v2,SKIP,BN/WARPS != 16
INT4,LUT,U(-1,1),1024,7168,7168,64x64x32_w4_v2,OK,ms=7.324,tflops=14.37,gbps=12.0,maxabs=3.902e-02,p99=1.859e-02,rel=2.556e-04
INT4,BITSHIFT,U(-1,1),1024,7168,7168,64x64x32_w4_v2,SKIP,opt only LUT path
INT4,LUT,U(-1,1),1024,7168,7168,64x128x32_w4_v2,SKIP,BN/WARPS != 16
INT4,BITSHIFT,U(-1,1),1024,7168,7168,64x128x32_w4_v2,SKIP,BN/WARPS != 16
INT4,LUT,U(-1,1),1024,7168,7168,128x64x32_w4_v3,OK,ms=6.420,tflops=16.39,gbps=13.6,maxabs=3.902e-02,p99=1.859e-02,rel=2.556e-04
INT4,BITSHIFT,U(-1,1),1024,7168,7168,128x64x32_w4_v3,SKIP,opt only LUT path
INT4,LUT,U(-1,1),1024,7168,7168,128x128x32_w4_v3,SKIP,BN/WARPS != 16
INT4,BITSHIFT,U(-1,1),1024,7168,7168,128x128x32_w4_v3,SKIP,BN/WARPS != 16
INT4,LUT,U(-1,1),1024,7168,7168,128x256x32_w8_v3,SKIP,BN/WARPS != 16
INT4,BITSHIFT,U(-1,1),1024,7168,7168,128x256x32_w8_v3,SKIP,BN/WARPS != 16
INT4,LUT,U(-1,1),1024,7168,7168,64x64x32_w4_v3,OK,ms=6.631,tflops=15.87,gbps=13.2,maxabs=3.902e-02,p99=1.859e-02,rel=2.556e-04
INT4,BITSHIFT,U(-1,1),1024,7168,7168,64x64x32_w4_v3,SKIP,opt only LUT path
INT4,LUT,U(-1,1),1024,7168,7168,64x128x32_w4_v3,SKIP,BN/WARPS != 16
INT4,BITSHIFT,U(-1,1),1024,7168,7168,64x128x32_w4_v3,SKIP,BN/WARPS != 16
INT4,LUT,U(-1,1),1024,7168,7168,128x64x32_w4_v4,OK,ms=6.374,tflops=16.51,gbps=13.7,maxabs=3.902e-02,p99=1.859e-02,rel=2.556e-04
INT4,BITSHIFT,U(-1,1),1024,7168,7168,128x64x32_w4_v4,SKIP,opt only LUT path
INT4,LUT,U(-1,1),1024,7168,7168,128x128x32_w4_v4,SKIP,BN/WARPS != 16
INT4,BITSHIFT,U(-1,1),1024,7168,7168,128x128x32_w4_v4,SKIP,BN/WARPS != 16
INT4,LUT,U(-1,1),1024,7168,7168,64x64x32_w4_v4,OK,ms=6.888,tflops=15.28,gbps=12.7,maxabs=3.902e-02,p99=1.859e-02,rel=2.556e-04
INT4,BITSHIFT,U(-1,1),1024,7168,7168,64x64x32_w4_v4,SKIP,opt only LUT path
INT4,LUT,U(-1,1),1024,7168,7168,64x128x32_w4_v4,SKIP,BN/WARPS != 16
INT4,BITSHIFT,U(-1,1),1024,7168,7168,64x128x32_w4_v4,SKIP,BN/WARPS != 16
INT4,LUT,U(-1,1),1024,7168,7168,128x64x32_w4_v5,OK,ms=8.870,tflops=11.86,gbps=9.9,maxabs=3.902e-02,p99=1.859e-02,rel=2.556e-04
INT4,BITSHIFT,U(-1,1),1024,7168,7168,128x64x32_w4_v5,SKIP,opt only LUT path
INT4,LUT,U(-1,1),1024,7168,7168,128x128x32_w4_v5,SKIP,BN/WARPS != 16
INT4,BITSHIFT,U(-1,1),1024,7168,7168,128x128x32_w4_v5,SKIP,BN/WARPS != 16
INT4,LUT,U(-1,1),1024,7168,7168,64x64x32_w4_v5,OK,ms=12.047,tflops=8.73,gbps=7.3,maxabs=3.902e-02,p99=1.859e-02,rel=2.556e-04
INT4,BITSHIFT,U(-1,1),1024,7168,7168,64x64x32_w4_v5,SKIP,opt only LUT path
INT4,LUT,U(-1,1),1024,7168,7168,64x128x32_w4_v5,SKIP,BN/WARPS != 16
INT4,BITSHIFT,U(-1,1),1024,7168,7168,64x128x32_w4_v5,SKIP,BN/WARPS != 16
INT4,LUT,U(-1,1),1024,7168,7168,128x128x64_w4_v6,SKIP,BN/WARPS != 16
INT4,BITSHIFT,U(-1,1),1024,7168,7168,128x128x64_w4_v6,SKIP,BN/WARPS != 16
INT4,LUT,U(-1,1),1024,7168,7168,128x64x64_w4_v6,SKIP,v6 only INT8 (A1 retry)
INT4,BITSHIFT,U(-1,1),1024,7168,7168,128x64x64_w4_v6,SKIP,opt only LUT path
INT4,LUT,U(-1,1),1024,7168,7168,64x128x64_w4_v6,SKIP,BN/WARPS != 16
INT4,BITSHIFT,U(-1,1),1024,7168,7168,64x128x64_w4_v6,SKIP,BN/WARPS != 16
INT4,LUT,U(-1,1),1024,7168,7168,64x64x64_w4_v6,SKIP,v6 only INT8 (A1 retry)
INT4,BITSHIFT,U(-1,1),1024,7168,7168,64x64x64_w4_v6,SKIP,opt only LUT path
INT4,LUT,U(-1,1),2048,7168,7168,16x64x32_w4,OK,ms=40.738,tflops=5.17,gbps=3.6,maxabs=3.901e-02,p99=1.858e-02,rel=2.555e-04
INT4,BITSHIFT,U(-1,1),2048,7168,7168,16x64x32_w4,OK,ms=57.046,tflops=3.69,gbps=2.6,maxabs=2.781e-02,p99=1.348e-02,rel=1.860e-04
INT4,LUT,U(-1,1),2048,7168,7168,16x128x32_w8,OK,ms=41.337,tflops=5.09,gbps=3.5,maxabs=3.901e-02,p99=1.858e-02,rel=2.555e-04
INT4,BITSHIFT,U(-1,1),2048,7168,7168,16x128x32_w8,OK,ms=57.326,tflops=3.67,gbps=2.6,maxabs=2.781e-02,p99=1.348e-02,rel=1.860e-04
INT4,LUT,U(-1,1),2048,7168,7168,16x128x32_w4f2,SKIP,BN/WARPS != 16
INT4,BITSHIFT,U(-1,1),2048,7168,7168,16x128x32_w4f2,SKIP,BN/WARPS != 16
INT4,LUT,U(-1,1),2048,7168,7168,16x256x32_w4f4,SKIP,BN/WARPS != 16
INT4,BITSHIFT,U(-1,1),2048,7168,7168,16x256x32_w4f4,SKIP,BN/WARPS != 16
INT4,LUT,U(-1,1),2048,7168,7168,128x64x32_w4_v1,SKIP,no template instantiation for this tile
INT4,BITSHIFT,U(-1,1),2048,7168,7168,128x64x32_w4_v1,SKIP,opt only LUT path
INT4,LUT,U(-1,1),2048,7168,7168,128x128x32_w4_v1,SKIP,BN/WARPS != 16
INT4,BITSHIFT,U(-1,1),2048,7168,7168,128x128x32_w4_v1,SKIP,BN/WARPS != 16
INT4,LUT,U(-1,1),2048,7168,7168,128x256x32_w4_v1,SKIP,BN/WARPS != 16
INT4,BITSHIFT,U(-1,1),2048,7168,7168,128x256x32_w4_v1,SKIP,BN/WARPS != 16
INT4,LUT,U(-1,1),2048,7168,7168,128x256x32_w8_v1,SKIP,BN/WARPS != 16
INT4,BITSHIFT,U(-1,1),2048,7168,7168,128x256x32_w8_v1,SKIP,BN/WARPS != 16
INT4,LUT,U(-1,1),2048,7168,7168,64x64x32_w4_v1,SKIP,no template instantiation for this tile
INT4,BITSHIFT,U(-1,1),2048,7168,7168,64x64x32_w4_v1,SKIP,opt only LUT path
INT4,LUT,U(-1,1),2048,7168,7168,64x128x32_w4_v1,SKIP,BN/WARPS != 16
INT4,BITSHIFT,U(-1,1),2048,7168,7168,64x128x32_w4_v1,SKIP,BN/WARPS != 16
INT4,LUT,U(-1,1),2048,7168,7168,128x64x32_w4_v2,OK,ms=11.182,tflops=18.82,gbps=13.1,maxabs=3.901e-02,p99=1.858e-02,rel=2.555e-04
INT4,BITSHIFT,U(-1,1),2048,7168,7168,128x64x32_w4_v2,SKIP,opt only LUT path
INT4,LUT,U(-1,1),2048,7168,7168,128x128x32_w4_v2,SKIP,BN/WARPS != 16
INT4,BITSHIFT,U(-1,1),2048,7168,7168,128x128x32_w4_v2,SKIP,BN/WARPS != 16
INT4,LUT,U(-1,1),2048,7168,7168,128x256x32_w4_v2,SKIP,BN/WARPS != 16
INT4,BITSHIFT,U(-1,1),2048,7168,7168,128x256x32_w4_v2,SKIP,BN/WARPS != 16
INT4,LUT,U(-1,1),2048,7168,7168,128x256x32_w8_v2,SKIP,BN/WARPS != 16
INT4,BITSHIFT,U(-1,1),2048,7168,7168,128x256x32_w8_v2,SKIP,BN/WARPS != 16
INT4,LUT,U(-1,1),2048,7168,7168,64x64x32_w4_v2,OK,ms=14.307,tflops=14.71,gbps=10.2,maxabs=3.901e-02,p99=1.858e-02,rel=2.555e-04
INT4,BITSHIFT,U(-1,1),2048,7168,7168,64x64x32_w4_v2,SKIP,opt only LUT path
INT4,LUT,U(-1,1),2048,7168,7168,64x128x32_w4_v2,SKIP,BN/WARPS != 16
INT4,BITSHIFT,U(-1,1),2048,7168,7168,64x128x32_w4_v2,SKIP,BN/WARPS != 16
INT4,LUT,U(-1,1),2048,7168,7168,128x64x32_w4_v3,OK,ms=12.644,tflops=16.64,gbps=11.6,maxabs=3.901e-02,p99=1.858e-02,rel=2.555e-04
INT4,BITSHIFT,U(-1,1),2048,7168,7168,128x64x32_w4_v3,SKIP,opt only LUT path
INT4,LUT,U(-1,1),2048,7168,7168,128x128x32_w4_v3,SKIP,BN/WARPS != 16
INT4,BITSHIFT,U(-1,1),2048,7168,7168,128x128x32_w4_v3,SKIP,BN/WARPS != 16
INT4,LUT,U(-1,1),2048,7168,7168,128x256x32_w8_v3,SKIP,BN/WARPS != 16
INT4,BITSHIFT,U(-1,1),2048,7168,7168,128x256x32_w8_v3,SKIP,BN/WARPS != 16
INT4,LUT,U(-1,1),2048,7168,7168,64x64x32_w4_v3,OK,ms=11.814,tflops=17.81,gbps=12.4,maxabs=3.901e-02,p99=1.858e-02,rel=2.555e-04
INT4,BITSHIFT,U(-1,1),2048,7168,7168,64x64x32_w4_v3,SKIP,opt only LUT path
INT4,LUT,U(-1,1),2048,7168,7168,64x128x32_w4_v3,SKIP,BN/WARPS != 16
INT4,BITSHIFT,U(-1,1),2048,7168,7168,64x128x32_w4_v3,SKIP,BN/WARPS != 16
INT4,LUT,U(-1,1),2048,7168,7168,128x64x32_w4_v4,OK,ms=12.703,tflops=16.57,gbps=11.5,maxabs=3.901e-02,p99=1.858e-02,rel=2.555e-04
INT4,BITSHIFT,U(-1,1),2048,7168,7168,128x64x32_w4_v4,SKIP,opt only LUT path
INT4,LUT,U(-1,1),2048,7168,7168,128x128x32_w4_v4,SKIP,BN/WARPS != 16
INT4,BITSHIFT,U(-1,1),2048,7168,7168,128x128x32_w4_v4,SKIP,BN/WARPS != 16
INT4,LUT,U(-1,1),2048,7168,7168,64x64x32_w4_v4,OK,ms=12.431,tflops=16.93,gbps=11.8,maxabs=3.901e-02,p99=1.858e-02,rel=2.555e-04
INT4,BITSHIFT,U(-1,1),2048,7168,7168,64x64x32_w4_v4,SKIP,opt only LUT path
INT4,LUT,U(-1,1),2048,7168,7168,64x128x32_w4_v4,SKIP,BN/WARPS != 16
INT4,BITSHIFT,U(-1,1),2048,7168,7168,64x128x32_w4_v4,SKIP,BN/WARPS != 16
INT4,LUT,U(-1,1),2048,7168,7168,128x64x32_w4_v5,OK,ms=17.645,tflops=11.93,gbps=8.3,maxabs=3.901e-02,p99=1.858e-02,rel=2.555e-04
INT4,BITSHIFT,U(-1,1),2048,7168,7168,128x64x32_w4_v5,SKIP,opt only LUT path
INT4,LUT,U(-1,1),2048,7168,7168,128x128x32_w4_v5,SKIP,BN/WARPS != 16
INT4,BITSHIFT,U(-1,1),2048,7168,7168,128x128x32_w4_v5,SKIP,BN/WARPS != 16
INT4,LUT,U(-1,1),2048,7168,7168,64x64x32_w4_v5,OK,ms=23.521,tflops=8.95,gbps=6.2,maxabs=3.901e-02,p99=1.858e-02,rel=2.555e-04
INT4,BITSHIFT,U(-1,1),2048,7168,7168,64x64x32_w4_v5,SKIP,opt only LUT path
INT4,LUT,U(-1,1),2048,7168,7168,64x128x32_w4_v5,SKIP,BN/WARPS != 16
INT4,BITSHIFT,U(-1,1),2048,7168,7168,64x128x32_w4_v5,SKIP,BN/WARPS != 16
INT4,LUT,U(-1,1),2048,7168,7168,128x128x64_w4_v6,SKIP,BN/WARPS != 16
INT4,BITSHIFT,U(-1,1),2048,7168,7168,128x128x64_w4_v6,SKIP,BN/WARPS != 16
INT4,LUT,U(-1,1),2048,7168,7168,128x64x64_w4_v6,SKIP,v6 only INT8 (A1 retry)
INT4,BITSHIFT,U(-1,1),2048,7168,7168,128x64x64_w4_v6,SKIP,opt only LUT path
INT4,LUT,U(-1,1),2048,7168,7168,64x128x64_w4_v6,SKIP,BN/WARPS != 16
INT4,BITSHIFT,U(-1,1),2048,7168,7168,64x128x64_w4_v6,SKIP,BN/WARPS != 16
INT4,LUT,U(-1,1),2048,7168,7168,64x64x64_w4_v6,SKIP,v6 only INT8 (A1 retry)
INT4,BITSHIFT,U(-1,1),2048,7168,7168,64x64x64_w4_v6,SKIP,opt only LUT path
MXFP4,LUT,U(-1,1),1,4096,4096,16x64x32_w4,OK,ms=0.678,tflops=0.05,gbps=13.2,maxabs=1.194e-02,p99=9.323e-03,rel=1.840e-04
MXFP4,BITSHIFT,U(-1,1),1,4096,4096,16x64x32_w4,OK,ms=0.737,tflops=0.05,gbps=12.1,maxabs=1.194e-02,p99=9.315e-03,rel=1.840e-04
MXFP4,LUT,U(-1,1),1,4096,4096,16x128x32_w8,OK,ms=0.729,tflops=0.05,gbps=12.3,maxabs=1.194e-02,p99=9.323e-03,rel=1.840e-04
MXFP4,BITSHIFT,U(-1,1),1,4096,4096,16x128x32_w8,OK,ms=0.869,tflops=0.04,gbps=10.3,maxabs=1.194e-02,p99=9.315e-03,rel=1.840e-04
MXFP4,LUT,U(-1,1),1,4096,4096,16x128x32_w4f2,SKIP,BN/WARPS != 16
MXFP4,BITSHIFT,U(-1,1),1,4096,4096,16x128x32_w4f2,SKIP,BN/WARPS != 16
MXFP4,LUT,U(-1,1),1,4096,4096,16x256x32_w4f4,SKIP,BN/WARPS != 16
MXFP4,BITSHIFT,U(-1,1),1,4096,4096,16x256x32_w4f4,SKIP,BN/WARPS != 16
MXFP4,LUT,U(-1,1),1,4096,4096,128x64x32_w4_v1,SKIP,no template
MXFP4,BITSHIFT,U(-1,1),1,4096,4096,128x64x32_w4_v1,SKIP,opt only LUT path
MXFP4,LUT,U(-1,1),1,4096,4096,128x128x32_w4_v1,SKIP,BN/WARPS != 16
MXFP4,BITSHIFT,U(-1,1),1,4096,4096,128x128x32_w4_v1,SKIP,BN/WARPS != 16
MXFP4,LUT,U(-1,1),1,4096,4096,128x256x32_w4_v1,SKIP,BN/WARPS != 16
MXFP4,BITSHIFT,U(-1,1),1,4096,4096,128x256x32_w4_v1,SKIP,BN/WARPS != 16
MXFP4,LUT,U(-1,1),1,4096,4096,128x256x32_w8_v1,SKIP,BN/WARPS != 16
MXFP4,BITSHIFT,U(-1,1),1,4096,4096,128x256x32_w8_v1,SKIP,BN/WARPS != 16
MXFP4,LUT,U(-1,1),1,4096,4096,64x64x32_w4_v1,SKIP,no template
MXFP4,BITSHIFT,U(-1,1),1,4096,4096,64x64x32_w4_v1,SKIP,opt only LUT path
MXFP4,LUT,U(-1,1),1,4096,4096,64x128x32_w4_v1,SKIP,BN/WARPS != 16
MXFP4,BITSHIFT,U(-1,1),1,4096,4096,64x128x32_w4_v1,SKIP,BN/WARPS != 16
MXFP4,LUT,U(-1,1),1,4096,4096,128x64x32_w4_v2,OK,ms=0.591,tflops=0.06,gbps=15.1,maxabs=1.194e-02,p99=9.323e-03,rel=1.840e-04
MXFP4,BITSHIFT,U(-1,1),1,4096,4096,128x64x32_w4_v2,SKIP,opt only LUT path
MXFP4,LUT,U(-1,1),1,4096,4096,128x128x32_w4_v2,SKIP,BN/WARPS != 16
MXFP4,BITSHIFT,U(-1,1),1,4096,4096,128x128x32_w4_v2,SKIP,BN/WARPS != 16
MXFP4,LUT,U(-1,1),1,4096,4096,128x256x32_w4_v2,SKIP,BN/WARPS != 16
MXFP4,BITSHIFT,U(-1,1),1,4096,4096,128x256x32_w4_v2,SKIP,BN/WARPS != 16
MXFP4,LUT,U(-1,1),1,4096,4096,128x256x32_w8_v2,SKIP,BN/WARPS != 16
MXFP4,BITSHIFT,U(-1,1),1,4096,4096,128x256x32_w8_v2,SKIP,BN/WARPS != 16
MXFP4,LUT,U(-1,1),1,4096,4096,64x64x32_w4_v2,OK,ms=0.475,tflops=0.07,gbps=18.8,maxabs=1.194e-02,p99=9.323e-03,rel=1.840e-04
MXFP4,BITSHIFT,U(-1,1),1,4096,4096,64x64x32_w4_v2,SKIP,opt only LUT path
MXFP4,LUT,U(-1,1),1,4096,4096,64x128x32_w4_v2,SKIP,BN/WARPS != 16
MXFP4,BITSHIFT,U(-1,1),1,4096,4096,64x128x32_w4_v2,SKIP,BN/WARPS != 16
MXFP4,LUT,U(-1,1),1,4096,4096,128x64x32_w4_v3,OK,ms=0.382,tflops=0.09,gbps=23.4,maxabs=1.194e-02,p99=9.323e-03,rel=1.840e-04
MXFP4,BITSHIFT,U(-1,1),1,4096,4096,128x64x32_w4_v3,SKIP,opt only LUT path
MXFP4,LUT,U(-1,1),1,4096,4096,128x128x32_w4_v3,SKIP,BN/WARPS != 16
MXFP4,BITSHIFT,U(-1,1),1,4096,4096,128x128x32_w4_v3,SKIP,BN/WARPS != 16
MXFP4,LUT,U(-1,1),1,4096,4096,128x256x32_w8_v3,SKIP,BN/WARPS != 16
MXFP4,BITSHIFT,U(-1,1),1,4096,4096,128x256x32_w8_v3,SKIP,BN/WARPS != 16
MXFP4,LUT,U(-1,1),1,4096,4096,64x64x32_w4_v3,OK,ms=0.261,tflops=0.13,gbps=34.3,maxabs=1.194e-02,p99=9.323e-03,rel=1.840e-04
MXFP4,BITSHIFT,U(-1,1),1,4096,4096,64x64x32_w4_v3,SKIP,opt only LUT path
MXFP4,LUT,U(-1,1),1,4096,4096,64x128x32_w4_v3,SKIP,BN/WARPS != 16
MXFP4,BITSHIFT,U(-1,1),1,4096,4096,64x128x32_w4_v3,SKIP,BN/WARPS != 16
MXFP4,LUT,U(-1,1),1,4096,4096,128x64x32_w4_v4,OK,ms=0.388,tflops=0.09,gbps=23.0,maxabs=1.194e-02,p99=9.323e-03,rel=1.840e-04
MXFP4,BITSHIFT,U(-1,1),1,4096,4096,128x64x32_w4_v4,SKIP,opt only LUT path
MXFP4,LUT,U(-1,1),1,4096,4096,128x128x32_w4_v4,SKIP,BN/WARPS != 16
MXFP4,BITSHIFT,U(-1,1),1,4096,4096,128x128x32_w4_v4,SKIP,BN/WARPS != 16
MXFP4,LUT,U(-1,1),1,4096,4096,64x64x32_w4_v4,OK,ms=0.275,tflops=0.12,gbps=32.6,maxabs=1.194e-02,p99=9.323e-03,rel=1.840e-04
MXFP4,BITSHIFT,U(-1,1),1,4096,4096,64x64x32_w4_v4,SKIP,opt only LUT path
MXFP4,LUT,U(-1,1),1,4096,4096,64x128x32_w4_v4,SKIP,BN/WARPS != 16
MXFP4,BITSHIFT,U(-1,1),1,4096,4096,64x128x32_w4_v4,SKIP,BN/WARPS != 16
MXFP4,LUT,U(-1,1),1,4096,4096,128x64x32_w4_v5,OK,ms=0.390,tflops=0.09,gbps=22.9,maxabs=1.194e-02,p99=9.323e-03,rel=1.840e-04
MXFP4,BITSHIFT,U(-1,1),1,4096,4096,128x64x32_w4_v5,SKIP,opt only LUT path
MXFP4,LUT,U(-1,1),1,4096,4096,128x128x32_w4_v5,SKIP,BN/WARPS != 16
MXFP4,BITSHIFT,U(-1,1),1,4096,4096,128x128x32_w4_v5,SKIP,BN/WARPS != 16
MXFP4,LUT,U(-1,1),1,4096,4096,64x64x32_w4_v5,OK,ms=0.275,tflops=0.12,gbps=32.5,maxabs=1.194e-02,p99=9.323e-03,rel=1.840e-04
MXFP4,BITSHIFT,U(-1,1),1,4096,4096,64x64x32_w4_v5,SKIP,opt only LUT path
MXFP4,LUT,U(-1,1),1,4096,4096,64x128x32_w4_v5,SKIP,BN/WARPS != 16
MXFP4,BITSHIFT,U(-1,1),1,4096,4096,64x128x32_w4_v5,SKIP,BN/WARPS != 16
MXFP4,LUT,U(-1,1),1,4096,4096,128x128x64_w4_v6,SKIP,BN/WARPS != 16
MXFP4,BITSHIFT,U(-1,1),1,4096,4096,128x128x64_w4_v6,SKIP,BN/WARPS != 16
MXFP4,LUT,U(-1,1),1,4096,4096,128x64x64_w4_v6,SKIP,v6 only INT8 (A1 retry)
MXFP4,BITSHIFT,U(-1,1),1,4096,4096,128x64x64_w4_v6,SKIP,opt only LUT path
MXFP4,LUT,U(-1,1),1,4096,4096,64x128x64_w4_v6,SKIP,BN/WARPS != 16
MXFP4,BITSHIFT,U(-1,1),1,4096,4096,64x128x64_w4_v6,SKIP,BN/WARPS != 16
MXFP4,LUT,U(-1,1),1,4096,4096,64x64x64_w4_v6,SKIP,v6 only INT8 (A1 retry)
MXFP4,BITSHIFT,U(-1,1),1,4096,4096,64x64x64_w4_v6,SKIP,opt only LUT path
MXFP4,LUT,U(-1,1),16,4096,4096,16x64x32_w4,OK,ms=0.669,tflops=0.80,gbps=14.1,maxabs=1.548e-02,p99=9.417e-03,rel=1.858e-04
MXFP4,BITSHIFT,U(-1,1),16,4096,4096,16x64x32_w4,OK,ms=0.814,tflops=0.66,gbps=11.6,maxabs=1.549e-02,p99=9.416e-03,rel=1.858e-04
MXFP4,LUT,U(-1,1),16,4096,4096,16x128x32_w8,OK,ms=0.786,tflops=0.68,gbps=12.0,maxabs=1.548e-02,p99=9.417e-03,rel=1.858e-04
MXFP4,BITSHIFT,U(-1,1),16,4096,4096,16x128x32_w8,OK,ms=1.060,tflops=0.51,gbps=8.9,maxabs=1.549e-02,p99=9.416e-03,rel=1.858e-04
MXFP4,LUT,U(-1,1),16,4096,4096,16x128x32_w4f2,SKIP,BN/WARPS != 16
MXFP4,BITSHIFT,U(-1,1),16,4096,4096,16x128x32_w4f2,SKIP,BN/WARPS != 16
MXFP4,LUT,U(-1,1),16,4096,4096,16x256x32_w4f4,SKIP,BN/WARPS != 16
MXFP4,BITSHIFT,U(-1,1),16,4096,4096,16x256x32_w4f4,SKIP,BN/WARPS != 16
MXFP4,LUT,U(-1,1),16,4096,4096,128x64x32_w4_v1,SKIP,no template
MXFP4,BITSHIFT,U(-1,1),16,4096,4096,128x64x32_w4_v1,SKIP,opt only LUT path
MXFP4,LUT,U(-1,1),16,4096,4096,128x128x32_w4_v1,SKIP,BN/WARPS != 16
MXFP4,BITSHIFT,U(-1,1),16,4096,4096,128x128x32_w4_v1,SKIP,BN/WARPS != 16
MXFP4,LUT,U(-1,1),16,4096,4096,128x256x32_w4_v1,SKIP,BN/WARPS != 16
MXFP4,BITSHIFT,U(-1,1),16,4096,4096,128x256x32_w4_v1,SKIP,BN/WARPS != 16
MXFP4,LUT,U(-1,1),16,4096,4096,128x256x32_w8_v1,SKIP,BN/WARPS != 16
MXFP4,BITSHIFT,U(-1,1),16,4096,4096,128x256x32_w8_v1,SKIP,BN/WARPS != 16
MXFP4,LUT,U(-1,1),16,4096,4096,64x64x32_w4_v1,SKIP,no template
MXFP4,BITSHIFT,U(-1,1),16,4096,4096,64x64x32_w4_v1,SKIP,opt only LUT path
MXFP4,LUT,U(-1,1),16,4096,4096,64x128x32_w4_v1,SKIP,BN/WARPS != 16
MXFP4,BITSHIFT,U(-1,1),16,4096,4096,64x128x32_w4_v1,SKIP,BN/WARPS != 16
MXFP4,LUT,U(-1,1),16,4096,4096,128x64x32_w4_v2,OK,ms=0.613,tflops=0.88,gbps=15.4,maxabs=1.548e-02,p99=9.417e-03,rel=1.858e-04
MXFP4,BITSHIFT,U(-1,1),16,4096,4096,128x64x32_w4_v2,SKIP,opt only LUT path
MXFP4,LUT,U(-1,1),16,4096,4096,128x128x32_w4_v2,SKIP,BN/WARPS != 16
MXFP4,BITSHIFT,U(-1,1),16,4096,4096,128x128x32_w4_v2,SKIP,BN/WARPS != 16
MXFP4,LUT,U(-1,1),16,4096,4096,128x256x32_w4_v2,SKIP,BN/WARPS != 16
MXFP4,BITSHIFT,U(-1,1),16,4096,4096,128x256x32_w4_v2,SKIP,BN/WARPS != 16
MXFP4,LUT,U(-1,1),16,4096,4096,128x256x32_w8_v2,SKIP,BN/WARPS != 16
MXFP4,BITSHIFT,U(-1,1),16,4096,4096,128x256x32_w8_v2,SKIP,BN/WARPS != 16
MXFP4,LUT,U(-1,1),16,4096,4096,64x64x32_w4_v2,OK,ms=0.489,tflops=1.10,gbps=19.3,maxabs=1.548e-02,p99=9.417e-03,rel=1.858e-04
MXFP4,BITSHIFT,U(-1,1),16,4096,4096,64x64x32_w4_v2,SKIP,opt only LUT path
MXFP4,LUT,U(-1,1),16,4096,4096,64x128x32_w4_v2,SKIP,BN/WARPS != 16
MXFP4,BITSHIFT,U(-1,1),16,4096,4096,64x128x32_w4_v2,SKIP,BN/WARPS != 16
MXFP4,LUT,U(-1,1),16,4096,4096,128x64x32_w4_v3,OK,ms=0.408,tflops=1.31,gbps=23.1,maxabs=1.548e-02,p99=9.417e-03,rel=1.858e-04
MXFP4,BITSHIFT,U(-1,1),16,4096,4096,128x64x32_w4_v3,SKIP,opt only LUT path
MXFP4,LUT,U(-1,1),16,4096,4096,128x128x32_w4_v3,SKIP,BN/WARPS != 16
MXFP4,BITSHIFT,U(-1,1),16,4096,4096,128x128x32_w4_v3,SKIP,BN/WARPS != 16
MXFP4,LUT,U(-1,1),16,4096,4096,128x256x32_w8_v3,SKIP,BN/WARPS != 16
MXFP4,BITSHIFT,U(-1,1),16,4096,4096,128x256x32_w8_v3,SKIP,BN/WARPS != 16
MXFP4,LUT,U(-1,1),16,4096,4096,64x64x32_w4_v3,OK,ms=0.288,tflops=1.86,gbps=32.8,maxabs=1.548e-02,p99=9.417e-03,rel=1.858e-04
MXFP4,BITSHIFT,U(-1,1),16,4096,4096,64x64x32_w4_v3,SKIP,opt only LUT path
MXFP4,LUT,U(-1,1),16,4096,4096,64x128x32_w4_v3,SKIP,BN/WARPS != 16
MXFP4,BITSHIFT,U(-1,1),16,4096,4096,64x128x32_w4_v3,SKIP,BN/WARPS != 16
MXFP4,LUT,U(-1,1),16,4096,4096,128x64x32_w4_v4,OK,ms=0.414,tflops=1.30,gbps=22.8,maxabs=1.548e-02,p99=9.417e-03,rel=1.858e-04
MXFP4,BITSHIFT,U(-1,1),16,4096,4096,128x64x32_w4_v4,SKIP,opt only LUT path
MXFP4,LUT,U(-1,1),16,4096,4096,128x128x32_w4_v4,SKIP,BN/WARPS != 16
MXFP4,BITSHIFT,U(-1,1),16,4096,4096,128x128x32_w4_v4,SKIP,BN/WARPS != 16
MXFP4,LUT,U(-1,1),16,4096,4096,64x64x32_w4_v4,OK,ms=0.302,tflops=1.78,gbps=31.3,maxabs=1.548e-02,p99=9.417e-03,rel=1.858e-04
MXFP4,BITSHIFT,U(-1,1),16,4096,4096,64x64x32_w4_v4,SKIP,opt only LUT path
MXFP4,LUT,U(-1,1),16,4096,4096,64x128x32_w4_v4,SKIP,BN/WARPS != 16
MXFP4,BITSHIFT,U(-1,1),16,4096,4096,64x128x32_w4_v4,SKIP,BN/WARPS != 16
MXFP4,LUT,U(-1,1),16,4096,4096,128x64x32_w4_v5,OK,ms=0.416,tflops=1.29,gbps=22.7,maxabs=1.548e-02,p99=9.417e-03,rel=1.858e-04
MXFP4,BITSHIFT,U(-1,1),16,4096,4096,128x64x32_w4_v5,SKIP,opt only LUT path
MXFP4,LUT,U(-1,1),16,4096,4096,128x128x32_w4_v5,SKIP,BN/WARPS != 16
MXFP4,BITSHIFT,U(-1,1),16,4096,4096,128x128x32_w4_v5,SKIP,BN/WARPS != 16
MXFP4,LUT,U(-1,1),16,4096,4096,64x64x32_w4_v5,OK,ms=0.300,tflops=1.79,gbps=31.4,maxabs=1.548e-02,p99=9.417e-03,rel=1.858e-04
MXFP4,BITSHIFT,U(-1,1),16,4096,4096,64x64x32_w4_v5,SKIP,opt only LUT path
MXFP4,LUT,U(-1,1),16,4096,4096,64x128x32_w4_v5,SKIP,BN/WARPS != 16
MXFP4,BITSHIFT,U(-1,1),16,4096,4096,64x128x32_w4_v5,SKIP,BN/WARPS != 16
MXFP4,LUT,U(-1,1),16,4096,4096,128x128x64_w4_v6,SKIP,BN/WARPS != 16
MXFP4,BITSHIFT,U(-1,1),16,4096,4096,128x128x64_w4_v6,SKIP,BN/WARPS != 16
MXFP4,LUT,U(-1,1),16,4096,4096,128x64x64_w4_v6,SKIP,v6 only INT8 (A1 retry)
MXFP4,BITSHIFT,U(-1,1),16,4096,4096,128x64x64_w4_v6,SKIP,opt only LUT path
MXFP4,LUT,U(-1,1),16,4096,4096,64x128x64_w4_v6,SKIP,BN/WARPS != 16
MXFP4,BITSHIFT,U(-1,1),16,4096,4096,64x128x64_w4_v6,SKIP,BN/WARPS != 16
MXFP4,LUT,U(-1,1),16,4096,4096,64x64x64_w4_v6,SKIP,v6 only INT8 (A1 retry)
MXFP4,BITSHIFT,U(-1,1),16,4096,4096,64x64x64_w4_v6,SKIP,opt only LUT path
MXFP4,LUT,U(-1,1),64,4096,4096,16x64x32_w4,OK,ms=0.799,tflops=2.69,gbps=13.8,maxabs=1.873e-02,p99=9.468e-03,rel=1.852e-04
MXFP4,BITSHIFT,U(-1,1),64,4096,4096,16x64x32_w4,OK,ms=1.126,tflops=1.91,gbps=9.8,maxabs=1.873e-02,p99=9.464e-03,rel=1.852e-04
MXFP4,LUT,U(-1,1),64,4096,4096,16x128x32_w8,OK,ms=0.828,tflops=2.59,gbps=13.3,maxabs=1.873e-02,p99=9.468e-03,rel=1.852e-04
MXFP4,BITSHIFT,U(-1,1),64,4096,4096,16x128x32_w8,OK,ms=1.260,tflops=1.70,gbps=8.7,maxabs=1.873e-02,p99=9.464e-03,rel=1.852e-04
MXFP4,LUT,U(-1,1),64,4096,4096,16x128x32_w4f2,SKIP,BN/WARPS != 16
MXFP4,BITSHIFT,U(-1,1),64,4096,4096,16x128x32_w4f2,SKIP,BN/WARPS != 16
MXFP4,LUT,U(-1,1),64,4096,4096,16x256x32_w4f4,SKIP,BN/WARPS != 16
MXFP4,BITSHIFT,U(-1,1),64,4096,4096,16x256x32_w4f4,SKIP,BN/WARPS != 16
MXFP4,LUT,U(-1,1),64,4096,4096,128x64x32_w4_v1,SKIP,no template
MXFP4,BITSHIFT,U(-1,1),64,4096,4096,128x64x32_w4_v1,SKIP,opt only LUT path
MXFP4,LUT,U(-1,1),64,4096,4096,128x128x32_w4_v1,SKIP,BN/WARPS != 16
MXFP4,BITSHIFT,U(-1,1),64,4096,4096,128x128x32_w4_v1,SKIP,BN/WARPS != 16
MXFP4,LUT,U(-1,1),64,4096,4096,128x256x32_w4_v1,SKIP,BN/WARPS != 16
MXFP4,BITSHIFT,U(-1,1),64,4096,4096,128x256x32_w4_v1,SKIP,BN/WARPS != 16
MXFP4,LUT,U(-1,1),64,4096,4096,128x256x32_w8_v1,SKIP,BN/WARPS != 16
MXFP4,BITSHIFT,U(-1,1),64,4096,4096,128x256x32_w8_v1,SKIP,BN/WARPS != 16
MXFP4,LUT,U(-1,1),64,4096,4096,64x64x32_w4_v1,SKIP,no template
MXFP4,BITSHIFT,U(-1,1),64,4096,4096,64x64x32_w4_v1,SKIP,opt only LUT path
MXFP4,LUT,U(-1,1),64,4096,4096,64x128x32_w4_v1,SKIP,BN/WARPS != 16
MXFP4,BITSHIFT,U(-1,1),64,4096,4096,64x128x32_w4_v1,SKIP,BN/WARPS != 16
MXFP4,LUT,U(-1,1),64,4096,4096,128x64x32_w4_v2,OK,ms=0.636,tflops=3.37,gbps=17.3,maxabs=1.873e-02,p99=9.468e-03,rel=1.852e-04
MXFP4,BITSHIFT,U(-1,1),64,4096,4096,128x64x32_w4_v2,SKIP,opt only LUT path
MXFP4,LUT,U(-1,1),64,4096,4096,128x128x32_w4_v2,SKIP,BN/WARPS != 16
MXFP4,BITSHIFT,U(-1,1),64,4096,4096,128x128x32_w4_v2,SKIP,BN/WARPS != 16
MXFP4,LUT,U(-1,1),64,4096,4096,128x256x32_w4_v2,SKIP,BN/WARPS != 16
MXFP4,BITSHIFT,U(-1,1),64,4096,4096,128x256x32_w4_v2,SKIP,BN/WARPS != 16
MXFP4,LUT,U(-1,1),64,4096,4096,128x256x32_w8_v2,SKIP,BN/WARPS != 16
MXFP4,BITSHIFT,U(-1,1),64,4096,4096,128x256x32_w8_v2,SKIP,BN/WARPS != 16
MXFP4,LUT,U(-1,1),64,4096,4096,64x64x32_w4_v2,OK,ms=0.509,tflops=4.22,gbps=21.6,maxabs=1.873e-02,p99=9.468e-03,rel=1.852e-04
MXFP4,BITSHIFT,U(-1,1),64,4096,4096,64x64x32_w4_v2,SKIP,opt only LUT path
MXFP4,LUT,U(-1,1),64,4096,4096,64x128x32_w4_v2,SKIP,BN/WARPS != 16
MXFP4,BITSHIFT,U(-1,1),64,4096,4096,64x128x32_w4_v2,SKIP,BN/WARPS != 16
MXFP4,LUT,U(-1,1),64,4096,4096,128x64x32_w4_v3,OK,ms=0.430,tflops=5.00,gbps=25.6,maxabs=1.873e-02,p99=9.468e-03,rel=1.852e-04
MXFP4,BITSHIFT,U(-1,1),64,4096,4096,128x64x32_w4_v3,SKIP,opt only LUT path
MXFP4,LUT,U(-1,1),64,4096,4096,128x128x32_w4_v3,SKIP,BN/WARPS != 16
MXFP4,BITSHIFT,U(-1,1),64,4096,4096,128x128x32_w4_v3,SKIP,BN/WARPS != 16
MXFP4,LUT,U(-1,1),64,4096,4096,128x256x32_w8_v3,SKIP,BN/WARPS != 16
MXFP4,BITSHIFT,U(-1,1),64,4096,4096,128x256x32_w8_v3,SKIP,BN/WARPS != 16
MXFP4,LUT,U(-1,1),64,4096,4096,64x64x32_w4_v3,OK,ms=0.311,tflops=6.90,gbps=35.4,maxabs=1.873e-02,p99=9.468e-03,rel=1.852e-04
MXFP4,BITSHIFT,U(-1,1),64,4096,4096,64x64x32_w4_v3,SKIP,opt only LUT path
MXFP4,LUT,U(-1,1),64,4096,4096,64x128x32_w4_v3,SKIP,BN/WARPS != 16
MXFP4,BITSHIFT,U(-1,1),64,4096,4096,64x128x32_w4_v3,SKIP,BN/WARPS != 16
MXFP4,LUT,U(-1,1),64,4096,4096,128x64x32_w4_v4,OK,ms=0.433,tflops=4.96,gbps=25.5,maxabs=1.873e-02,p99=9.468e-03,rel=1.852e-04
MXFP4,BITSHIFT,U(-1,1),64,4096,4096,128x64x32_w4_v4,SKIP,opt only LUT path
MXFP4,LUT,U(-1,1),64,4096,4096,128x128x32_w4_v4,SKIP,BN/WARPS != 16
MXFP4,BITSHIFT,U(-1,1),64,4096,4096,128x128x32_w4_v4,SKIP,BN/WARPS != 16
MXFP4,LUT,U(-1,1),64,4096,4096,64x64x32_w4_v4,OK,ms=0.321,tflops=6.70,gbps=34.3,maxabs=1.873e-02,p99=9.468e-03,rel=1.852e-04
MXFP4,BITSHIFT,U(-1,1),64,4096,4096,64x64x32_w4_v4,SKIP,opt only LUT path
MXFP4,LUT,U(-1,1),64,4096,4096,64x128x32_w4_v4,SKIP,BN/WARPS != 16
MXFP4,BITSHIFT,U(-1,1),64,4096,4096,64x128x32_w4_v4,SKIP,BN/WARPS != 16
MXFP4,LUT,U(-1,1),64,4096,4096,128x64x32_w4_v5,OK,ms=0.437,tflops=4.91,gbps=25.2,maxabs=1.873e-02,p99=9.468e-03,rel=1.852e-04
MXFP4,BITSHIFT,U(-1,1),64,4096,4096,128x64x32_w4_v5,SKIP,opt only LUT path
MXFP4,LUT,U(-1,1),64,4096,4096,128x128x32_w4_v5,SKIP,BN/WARPS != 16
MXFP4,BITSHIFT,U(-1,1),64,4096,4096,128x128x32_w4_v5,SKIP,BN/WARPS != 16
MXFP4,LUT,U(-1,1),64,4096,4096,64x64x32_w4_v5,OK,ms=0.321,tflops=6.68,gbps=34.3,maxabs=1.873e-02,p99=9.468e-03,rel=1.852e-04
MXFP4,BITSHIFT,U(-1,1),64,4096,4096,64x64x32_w4_v5,SKIP,opt only LUT path
MXFP4,LUT,U(-1,1),64,4096,4096,64x128x32_w4_v5,SKIP,BN/WARPS != 16
MXFP4,BITSHIFT,U(-1,1),64,4096,4096,64x128x32_w4_v5,SKIP,BN/WARPS != 16
MXFP4,LUT,U(-1,1),64,4096,4096,128x128x64_w4_v6,SKIP,BN/WARPS != 16
MXFP4,BITSHIFT,U(-1,1),64,4096,4096,128x128x64_w4_v6,SKIP,BN/WARPS != 16
MXFP4,LUT,U(-1,1),64,4096,4096,128x64x64_w4_v6,SKIP,v6 only INT8 (A1 retry)
MXFP4,BITSHIFT,U(-1,1),64,4096,4096,128x64x64_w4_v6,SKIP,opt only LUT path
MXFP4,LUT,U(-1,1),64,4096,4096,64x128x64_w4_v6,SKIP,BN/WARPS != 16
MXFP4,BITSHIFT,U(-1,1),64,4096,4096,64x128x64_w4_v6,SKIP,BN/WARPS != 16
MXFP4,LUT,U(-1,1),64,4096,4096,64x64x64_w4_v6,SKIP,v6 only INT8 (A1 retry)
MXFP4,BITSHIFT,U(-1,1),64,4096,4096,64x64x64_w4_v6,SKIP,opt only LUT path
MXFP4,LUT,U(-1,1),128,4096,4096,16x64x32_w4,OK,ms=1.006,tflops=4.27,gbps=13.0,maxabs=1.872e-02,p99=9.602e-03,rel=1.852e-04
MXFP4,BITSHIFT,U(-1,1),128,4096,4096,16x64x32_w4,OK,ms=1.538,tflops=2.79,gbps=8.5,maxabs=1.872e-02,p99=9.604e-03,rel=1.852e-04
MXFP4,LUT,U(-1,1),128,4096,4096,16x128x32_w8,OK,ms=1.119,tflops=3.84,gbps=11.7,maxabs=1.872e-02,p99=9.602e-03,rel=1.852e-04
MXFP4,BITSHIFT,U(-1,1),128,4096,4096,16x128x32_w8,OK,ms=1.824,tflops=2.35,gbps=7.2,maxabs=1.872e-02,p99=9.604e-03,rel=1.852e-04
MXFP4,LUT,U(-1,1),128,4096,4096,16x128x32_w4f2,SKIP,BN/WARPS != 16
MXFP4,BITSHIFT,U(-1,1),128,4096,4096,16x128x32_w4f2,SKIP,BN/WARPS != 16
MXFP4,LUT,U(-1,1),128,4096,4096,16x256x32_w4f4,SKIP,BN/WARPS != 16
MXFP4,BITSHIFT,U(-1,1),128,4096,4096,16x256x32_w4f4,SKIP,BN/WARPS != 16
MXFP4,LUT,U(-1,1),128,4096,4096,128x64x32_w4_v1,SKIP,no template
MXFP4,BITSHIFT,U(-1,1),128,4096,4096,128x64x32_w4_v1,SKIP,opt only LUT path
MXFP4,LUT,U(-1,1),128,4096,4096,128x128x32_w4_v1,SKIP,BN/WARPS != 16
MXFP4,BITSHIFT,U(-1,1),128,4096,4096,128x128x32_w4_v1,SKIP,BN/WARPS != 16
MXFP4,LUT,U(-1,1),128,4096,4096,128x256x32_w4_v1,SKIP,BN/WARPS != 16
MXFP4,BITSHIFT,U(-1,1),128,4096,4096,128x256x32_w4_v1,SKIP,BN/WARPS != 16
MXFP4,LUT,U(-1,1),128,4096,4096,128x256x32_w8_v1,SKIP,BN/WARPS != 16
MXFP4,BITSHIFT,U(-1,1),128,4096,4096,128x256x32_w8_v1,SKIP,BN/WARPS != 16
MXFP4,LUT,U(-1,1),128,4096,4096,64x64x32_w4_v1,SKIP,no template
MXFP4,BITSHIFT,U(-1,1),128,4096,4096,64x64x32_w4_v1,SKIP,opt only LUT path
MXFP4,LUT,U(-1,1),128,4096,4096,64x128x32_w4_v1,SKIP,BN/WARPS != 16
MXFP4,BITSHIFT,U(-1,1),128,4096,4096,64x128x32_w4_v1,SKIP,BN/WARPS != 16
MXFP4,LUT,U(-1,1),128,4096,4096,128x64x32_w4_v2,OK,ms=0.690,tflops=6.22,gbps=19.0,maxabs=1.872e-02,p99=9.602e-03,rel=1.852e-04
MXFP4,BITSHIFT,U(-1,1),128,4096,4096,128x64x32_w4_v2,SKIP,opt only LUT path
MXFP4,LUT,U(-1,1),128,4096,4096,128x128x32_w4_v2,SKIP,BN/WARPS != 16
MXFP4,BITSHIFT,U(-1,1),128,4096,4096,128x128x32_w4_v2,SKIP,BN/WARPS != 16
MXFP4,LUT,U(-1,1),128,4096,4096,128x256x32_w4_v2,SKIP,BN/WARPS != 16
MXFP4,BITSHIFT,U(-1,1),128,4096,4096,128x256x32_w4_v2,SKIP,BN/WARPS != 16
MXFP4,LUT,U(-1,1),128,4096,4096,128x256x32_w8_v2,SKIP,BN/WARPS != 16
MXFP4,BITSHIFT,U(-1,1),128,4096,4096,128x256x32_w8_v2,SKIP,BN/WARPS != 16
MXFP4,LUT,U(-1,1),128,4096,4096,64x64x32_w4_v2,OK,ms=0.578,tflops=7.43,gbps=22.7,maxabs=1.872e-02,p99=9.602e-03,rel=1.852e-04
MXFP4,BITSHIFT,U(-1,1),128,4096,4096,64x64x32_w4_v2,SKIP,opt only LUT path
MXFP4,LUT,U(-1,1),128,4096,4096,64x128x32_w4_v2,SKIP,BN/WARPS != 16
MXFP4,BITSHIFT,U(-1,1),128,4096,4096,64x128x32_w4_v2,SKIP,BN/WARPS != 16
MXFP4,LUT,U(-1,1),128,4096,4096,128x64x32_w4_v3,OK,ms=0.489,tflops=8.78,gbps=26.8,maxabs=1.872e-02,p99=9.602e-03,rel=1.852e-04
MXFP4,BITSHIFT,U(-1,1),128,4096,4096,128x64x32_w4_v3,SKIP,opt only LUT path
MXFP4,LUT,U(-1,1),128,4096,4096,128x128x32_w4_v3,SKIP,BN/WARPS != 16
MXFP4,BITSHIFT,U(-1,1),128,4096,4096,128x128x32_w4_v3,SKIP,BN/WARPS != 16
MXFP4,LUT,U(-1,1),128,4096,4096,128x256x32_w8_v3,SKIP,BN/WARPS != 16
MXFP4,BITSHIFT,U(-1,1),128,4096,4096,128x256x32_w8_v3,SKIP,BN/WARPS != 16
MXFP4,LUT,U(-1,1),128,4096,4096,64x64x32_w4_v3,OK,ms=0.374,tflops=11.48,gbps=35.0,maxabs=1.872e-02,p99=9.602e-03,rel=1.852e-04
MXFP4,BITSHIFT,U(-1,1),128,4096,4096,64x64x32_w4_v3,SKIP,opt only LUT path
MXFP4,LUT,U(-1,1),128,4096,4096,64x128x32_w4_v3,SKIP,BN/WARPS != 16
MXFP4,BITSHIFT,U(-1,1),128,4096,4096,64x128x32_w4_v3,SKIP,BN/WARPS != 16
MXFP4,LUT,U(-1,1),128,4096,4096,128x64x32_w4_v4,OK,ms=0.493,tflops=8.72,gbps=26.6,maxabs=1.872e-02,p99=9.602e-03,rel=1.852e-04
MXFP4,BITSHIFT,U(-1,1),128,4096,4096,128x64x32_w4_v4,SKIP,opt only LUT path
MXFP4,LUT,U(-1,1),128,4096,4096,128x128x32_w4_v4,SKIP,BN/WARPS != 16
MXFP4,BITSHIFT,U(-1,1),128,4096,4096,128x128x32_w4_v4,SKIP,BN/WARPS != 16
MXFP4,LUT,U(-1,1),128,4096,4096,64x64x32_w4_v4,OK,ms=0.390,tflops=11.01,gbps=33.6,maxabs=1.872e-02,p99=9.602e-03,rel=1.852e-04
MXFP4,BITSHIFT,U(-1,1),128,4096,4096,64x64x32_w4_v4,SKIP,opt only LUT path
MXFP4,LUT,U(-1,1),128,4096,4096,64x128x32_w4_v4,SKIP,BN/WARPS != 16
MXFP4,BITSHIFT,U(-1,1),128,4096,4096,64x128x32_w4_v4,SKIP,BN/WARPS != 16
MXFP4,LUT,U(-1,1),128,4096,4096,128x64x32_w4_v5,OK,ms=0.502,tflops=8.56,gbps=26.1,maxabs=1.872e-02,p99=9.602e-03,rel=1.852e-04
MXFP4,BITSHIFT,U(-1,1),128,4096,4096,128x64x32_w4_v5,SKIP,opt only LUT path
MXFP4,LUT,U(-1,1),128,4096,4096,128x128x32_w4_v5,SKIP,BN/WARPS != 16
MXFP4,BITSHIFT,U(-1,1),128,4096,4096,128x128x32_w4_v5,SKIP,BN/WARPS != 16
MXFP4,LUT,U(-1,1),128,4096,4096,64x64x32_w4_v5,OK,ms=0.399,tflops=10.76,gbps=32.8,maxabs=1.872e-02,p99=9.602e-03,rel=1.852e-04
MXFP4,BITSHIFT,U(-1,1),128,4096,4096,64x64x32_w4_v5,SKIP,opt only LUT path
MXFP4,LUT,U(-1,1),128,4096,4096,64x128x32_w4_v5,SKIP,BN/WARPS != 16
MXFP4,BITSHIFT,U(-1,1),128,4096,4096,64x128x32_w4_v5,SKIP,BN/WARPS != 16
MXFP4,LUT,U(-1,1),128,4096,4096,128x128x64_w4_v6,SKIP,BN/WARPS != 16
MXFP4,BITSHIFT,U(-1,1),128,4096,4096,128x128x64_w4_v6,SKIP,BN/WARPS != 16
MXFP4,LUT,U(-1,1),128,4096,4096,128x64x64_w4_v6,SKIP,v6 only INT8 (A1 retry)
MXFP4,BITSHIFT,U(-1,1),128,4096,4096,128x64x64_w4_v6,SKIP,opt only LUT path
MXFP4,LUT,U(-1,1),128,4096,4096,64x128x64_w4_v6,SKIP,BN/WARPS != 16
MXFP4,BITSHIFT,U(-1,1),128,4096,4096,64x128x64_w4_v6,SKIP,BN/WARPS != 16
MXFP4,LUT,U(-1,1),128,4096,4096,64x64x64_w4_v6,SKIP,v6 only INT8 (A1 retry)
MXFP4,BITSHIFT,U(-1,1),128,4096,4096,64x64x64_w4_v6,SKIP,opt only LUT path
MXFP4,LUT,U(-1,1),256,4096,4096,16x64x32_w4,OK,ms=2.130,tflops=4.03,gbps=8.1,maxabs=1.872e-02,p99=9.347e-03,rel=1.849e-04
MXFP4,BITSHIFT,U(-1,1),256,4096,4096,16x64x32_w4,OK,ms=3.382,tflops=2.54,gbps=5.1,maxabs=1.872e-02,p99=9.344e-03,rel=1.849e-04
MXFP4,LUT,U(-1,1),256,4096,4096,16x128x32_w8,OK,ms=2.252,tflops=3.81,gbps=7.7,maxabs=1.872e-02,p99=9.347e-03,rel=1.849e-04
MXFP4,BITSHIFT,U(-1,1),256,4096,4096,16x128x32_w8,OK,ms=3.669,tflops=2.34,gbps=4.7,maxabs=1.872e-02,p99=9.344e-03,rel=1.849e-04
MXFP4,LUT,U(-1,1),256,4096,4096,16x128x32_w4f2,SKIP,BN/WARPS != 16
MXFP4,BITSHIFT,U(-1,1),256,4096,4096,16x128x32_w4f2,SKIP,BN/WARPS != 16
MXFP4,LUT,U(-1,1),256,4096,4096,16x256x32_w4f4,SKIP,BN/WARPS != 16
MXFP4,BITSHIFT,U(-1,1),256,4096,4096,16x256x32_w4f4,SKIP,BN/WARPS != 16
MXFP4,LUT,U(-1,1),256,4096,4096,128x64x32_w4_v1,SKIP,no template
MXFP4,BITSHIFT,U(-1,1),256,4096,4096,128x64x32_w4_v1,SKIP,opt only LUT path
MXFP4,LUT,U(-1,1),256,4096,4096,128x128x32_w4_v1,SKIP,BN/WARPS != 16
MXFP4,BITSHIFT,U(-1,1),256,4096,4096,128x128x32_w4_v1,SKIP,BN/WARPS != 16
MXFP4,LUT,U(-1,1),256,4096,4096,128x256x32_w4_v1,SKIP,BN/WARPS != 16
MXFP4,BITSHIFT,U(-1,1),256,4096,4096,128x256x32_w4_v1,SKIP,BN/WARPS != 16
MXFP4,LUT,U(-1,1),256,4096,4096,128x256x32_w8_v1,SKIP,BN/WARPS != 16
MXFP4,BITSHIFT,U(-1,1),256,4096,4096,128x256x32_w8_v1,SKIP,BN/WARPS != 16
MXFP4,LUT,U(-1,1),256,4096,4096,64x64x32_w4_v1,SKIP,no template
MXFP4,BITSHIFT,U(-1,1),256,4096,4096,64x64x32_w4_v1,SKIP,opt only LUT path
MXFP4,LUT,U(-1,1),256,4096,4096,64x128x32_w4_v1,SKIP,BN/WARPS != 16
MXFP4,BITSHIFT,U(-1,1),256,4096,4096,64x128x32_w4_v1,SKIP,BN/WARPS != 16
MXFP4,LUT,U(-1,1),256,4096,4096,128x64x32_w4_v2,OK,ms=0.834,tflops=10.30,gbps=20.7,maxabs=1.872e-02,p99=9.347e-03,rel=1.849e-04
MXFP4,BITSHIFT,U(-1,1),256,4096,4096,128x64x32_w4_v2,SKIP,opt only LUT path
MXFP4,LUT,U(-1,1),256,4096,4096,128x128x32_w4_v2,SKIP,BN/WARPS != 16
MXFP4,BITSHIFT,U(-1,1),256,4096,4096,128x128x32_w4_v2,SKIP,BN/WARPS != 16
MXFP4,LUT,U(-1,1),256,4096,4096,128x256x32_w4_v2,SKIP,BN/WARPS != 16
MXFP4,BITSHIFT,U(-1,1),256,4096,4096,128x256x32_w4_v2,SKIP,BN/WARPS != 16
MXFP4,LUT,U(-1,1),256,4096,4096,128x256x32_w8_v2,SKIP,BN/WARPS != 16
MXFP4,BITSHIFT,U(-1,1),256,4096,4096,128x256x32_w8_v2,SKIP,BN/WARPS != 16
MXFP4,LUT,U(-1,1),256,4096,4096,64x64x32_w4_v2,OK,ms=0.718,tflops=11.97,gbps=24.1,maxabs=1.872e-02,p99=9.347e-03,rel=1.849e-04
MXFP4,BITSHIFT,U(-1,1),256,4096,4096,64x64x32_w4_v2,SKIP,opt only LUT path
MXFP4,LUT,U(-1,1),256,4096,4096,64x128x32_w4_v2,SKIP,BN/WARPS != 16
MXFP4,BITSHIFT,U(-1,1),256,4096,4096,64x128x32_w4_v2,SKIP,BN/WARPS != 16
MXFP4,LUT,U(-1,1),256,4096,4096,128x64x32_w4_v3,OK,ms=0.621,tflops=13.84,gbps=27.9,maxabs=1.872e-02,p99=9.347e-03,rel=1.849e-04
MXFP4,BITSHIFT,U(-1,1),256,4096,4096,128x64x32_w4_v3,SKIP,opt only LUT path
MXFP4,LUT,U(-1,1),256,4096,4096,128x128x32_w4_v3,SKIP,BN/WARPS != 16
MXFP4,BITSHIFT,U(-1,1),256,4096,4096,128x128x32_w4_v3,SKIP,BN/WARPS != 16
MXFP4,LUT,U(-1,1),256,4096,4096,128x256x32_w8_v3,SKIP,BN/WARPS != 16
MXFP4,BITSHIFT,U(-1,1),256,4096,4096,128x256x32_w8_v3,SKIP,BN/WARPS != 16
MXFP4,LUT,U(-1,1),256,4096,4096,64x64x32_w4_v3,OK,ms=0.610,tflops=14.09,gbps=28.4,maxabs=1.872e-02,p99=9.347e-03,rel=1.849e-04
MXFP4,BITSHIFT,U(-1,1),256,4096,4096,64x64x32_w4_v3,SKIP,opt only LUT path
MXFP4,LUT,U(-1,1),256,4096,4096,64x128x32_w4_v3,SKIP,BN/WARPS != 16
MXFP4,BITSHIFT,U(-1,1),256,4096,4096,64x128x32_w4_v3,SKIP,BN/WARPS != 16
MXFP4,LUT,U(-1,1),256,4096,4096,128x64x32_w4_v4,OK,ms=0.618,tflops=13.91,gbps=28.0,maxabs=1.872e-02,p99=9.347e-03,rel=1.849e-04
MXFP4,BITSHIFT,U(-1,1),256,4096,4096,128x64x32_w4_v4,SKIP,opt only LUT path
MXFP4,LUT,U(-1,1),256,4096,4096,128x128x32_w4_v4,SKIP,BN/WARPS != 16
MXFP4,BITSHIFT,U(-1,1),256,4096,4096,128x128x32_w4_v4,SKIP,BN/WARPS != 16
MXFP4,LUT,U(-1,1),256,4096,4096,64x64x32_w4_v4,OK,ms=0.620,tflops=13.85,gbps=27.9,maxabs=1.872e-02,p99=9.347e-03,rel=1.849e-04
MXFP4,BITSHIFT,U(-1,1),256,4096,4096,64x64x32_w4_v4,SKIP,opt only LUT path
MXFP4,LUT,U(-1,1),256,4096,4096,64x128x32_w4_v4,SKIP,BN/WARPS != 16
MXFP4,BITSHIFT,U(-1,1),256,4096,4096,64x128x32_w4_v4,SKIP,BN/WARPS != 16
MXFP4,LUT,U(-1,1),256,4096,4096,128x64x32_w4_v5,OK,ms=0.625,tflops=13.74,gbps=27.7,maxabs=1.872e-02,p99=9.347e-03,rel=1.849e-04
MXFP4,BITSHIFT,U(-1,1),256,4096,4096,128x64x32_w4_v5,SKIP,opt only LUT path
MXFP4,LUT,U(-1,1),256,4096,4096,128x128x32_w4_v5,SKIP,BN/WARPS != 16
MXFP4,BITSHIFT,U(-1,1),256,4096,4096,128x128x32_w4_v5,SKIP,BN/WARPS != 16
MXFP4,LUT,U(-1,1),256,4096,4096,64x64x32_w4_v5,OK,ms=0.798,tflops=10.77,gbps=21.7,maxabs=1.872e-02,p99=9.347e-03,rel=1.849e-04
MXFP4,BITSHIFT,U(-1,1),256,4096,4096,64x64x32_w4_v5,SKIP,opt only LUT path
MXFP4,LUT,U(-1,1),256,4096,4096,64x128x32_w4_v5,SKIP,BN/WARPS != 16
MXFP4,BITSHIFT,U(-1,1),256,4096,4096,64x128x32_w4_v5,SKIP,BN/WARPS != 16
MXFP4,LUT,U(-1,1),256,4096,4096,128x128x64_w4_v6,SKIP,BN/WARPS != 16
MXFP4,BITSHIFT,U(-1,1),256,4096,4096,128x128x64_w4_v6,SKIP,BN/WARPS != 16
MXFP4,LUT,U(-1,1),256,4096,4096,128x64x64_w4_v6,SKIP,v6 only INT8 (A1 retry)
MXFP4,BITSHIFT,U(-1,1),256,4096,4096,128x64x64_w4_v6,SKIP,opt only LUT path
MXFP4,LUT,U(-1,1),256,4096,4096,64x128x64_w4_v6,SKIP,BN/WARPS != 16
MXFP4,BITSHIFT,U(-1,1),256,4096,4096,64x128x64_w4_v6,SKIP,BN/WARPS != 16
MXFP4,LUT,U(-1,1),256,4096,4096,64x64x64_w4_v6,SKIP,v6 only INT8 (A1 retry)
MXFP4,BITSHIFT,U(-1,1),256,4096,4096,64x64x64_w4_v6,SKIP,opt only LUT path
MXFP4,LUT,U(-1,1),512,4096,4096,16x64x32_w4,OK,ms=3.597,tflops=4.78,gbps=7.1,maxabs=1.873e-02,p99=9.374e-03,rel=1.848e-04
MXFP4,BITSHIFT,U(-1,1),512,4096,4096,16x64x32_w4,OK,ms=6.308,tflops=2.72,gbps=4.1,maxabs=1.873e-02,p99=9.375e-03,rel=1.848e-04
MXFP4,LUT,U(-1,1),512,4096,4096,16x128x32_w8,OK,ms=4.304,tflops=3.99,gbps=6.0,maxabs=1.873e-02,p99=9.374e-03,rel=1.848e-04
MXFP4,BITSHIFT,U(-1,1),512,4096,4096,16x128x32_w8,OK,ms=6.960,tflops=2.47,gbps=3.7,maxabs=1.873e-02,p99=9.375e-03,rel=1.848e-04
MXFP4,LUT,U(-1,1),512,4096,4096,16x128x32_w4f2,SKIP,BN/WARPS != 16
MXFP4,BITSHIFT,U(-1,1),512,4096,4096,16x128x32_w4f2,SKIP,BN/WARPS != 16
MXFP4,LUT,U(-1,1),512,4096,4096,16x256x32_w4f4,SKIP,BN/WARPS != 16
MXFP4,BITSHIFT,U(-1,1),512,4096,4096,16x256x32_w4f4,SKIP,BN/WARPS != 16
MXFP4,LUT,U(-1,1),512,4096,4096,128x64x32_w4_v1,SKIP,no template
MXFP4,BITSHIFT,U(-1,1),512,4096,4096,128x64x32_w4_v1,SKIP,opt only LUT path
MXFP4,LUT,U(-1,1),512,4096,4096,128x128x32_w4_v1,SKIP,BN/WARPS != 16
MXFP4,BITSHIFT,U(-1,1),512,4096,4096,128x128x32_w4_v1,SKIP,BN/WARPS != 16
MXFP4,LUT,U(-1,1),512,4096,4096,128x256x32_w4_v1,SKIP,BN/WARPS != 16
MXFP4,BITSHIFT,U(-1,1),512,4096,4096,128x256x32_w4_v1,SKIP,BN/WARPS != 16
MXFP4,LUT,U(-1,1),512,4096,4096,128x256x32_w8_v1,SKIP,BN/WARPS != 16
MXFP4,BITSHIFT,U(-1,1),512,4096,4096,128x256x32_w8_v1,SKIP,BN/WARPS != 16
MXFP4,LUT,U(-1,1),512,4096,4096,64x64x32_w4_v1,SKIP,no template
MXFP4,BITSHIFT,U(-1,1),512,4096,4096,64x64x32_w4_v1,SKIP,opt only LUT path
MXFP4,LUT,U(-1,1),512,4096,4096,64x128x32_w4_v1,SKIP,BN/WARPS != 16
MXFP4,BITSHIFT,U(-1,1),512,4096,4096,64x128x32_w4_v1,SKIP,BN/WARPS != 16
MXFP4,LUT,U(-1,1),512,4096,4096,128x64x32_w4_v2,OK,ms=1.084,tflops=15.84,gbps=23.7,maxabs=1.873e-02,p99=9.374e-03,rel=1.848e-04
MXFP4,BITSHIFT,U(-1,1),512,4096,4096,128x64x32_w4_v2,SKIP,opt only LUT path
MXFP4,LUT,U(-1,1),512,4096,4096,128x128x32_w4_v2,SKIP,BN/WARPS != 16
MXFP4,BITSHIFT,U(-1,1),512,4096,4096,128x128x32_w4_v2,SKIP,BN/WARPS != 16
MXFP4,LUT,U(-1,1),512,4096,4096,128x256x32_w4_v2,SKIP,BN/WARPS != 16
MXFP4,BITSHIFT,U(-1,1),512,4096,4096,128x256x32_w4_v2,SKIP,BN/WARPS != 16
MXFP4,LUT,U(-1,1),512,4096,4096,128x256x32_w8_v2,SKIP,BN/WARPS != 16
MXFP4,BITSHIFT,U(-1,1),512,4096,4096,128x256x32_w8_v2,SKIP,BN/WARPS != 16
MXFP4,LUT,U(-1,1),512,4096,4096,64x64x32_w4_v2,OK,ms=1.430,tflops=12.02,gbps=18.0,maxabs=1.873e-02,p99=9.374e-03,rel=1.848e-04
MXFP4,BITSHIFT,U(-1,1),512,4096,4096,64x64x32_w4_v2,SKIP,opt only LUT path
MXFP4,LUT,U(-1,1),512,4096,4096,64x128x32_w4_v2,SKIP,BN/WARPS != 16
MXFP4,BITSHIFT,U(-1,1),512,4096,4096,64x128x32_w4_v2,SKIP,BN/WARPS != 16
MXFP4,LUT,U(-1,1),512,4096,4096,128x64x32_w4_v3,OK,ms=1.568,tflops=10.95,gbps=16.4,maxabs=1.873e-02,p99=9.374e-03,rel=1.848e-04
MXFP4,BITSHIFT,U(-1,1),512,4096,4096,128x64x32_w4_v3,SKIP,opt only LUT path
MXFP4,LUT,U(-1,1),512,4096,4096,128x128x32_w4_v3,SKIP,BN/WARPS != 16
MXFP4,BITSHIFT,U(-1,1),512,4096,4096,128x128x32_w4_v3,SKIP,BN/WARPS != 16
MXFP4,LUT,U(-1,1),512,4096,4096,128x256x32_w8_v3,SKIP,BN/WARPS != 16
MXFP4,BITSHIFT,U(-1,1),512,4096,4096,128x256x32_w8_v3,SKIP,BN/WARPS != 16
MXFP4,LUT,U(-1,1),512,4096,4096,64x64x32_w4_v3,OK,ms=1.204,tflops=14.26,gbps=21.3,maxabs=1.873e-02,p99=9.374e-03,rel=1.848e-04
MXFP4,BITSHIFT,U(-1,1),512,4096,4096,64x64x32_w4_v3,SKIP,opt only LUT path
MXFP4,LUT,U(-1,1),512,4096,4096,64x128x32_w4_v3,SKIP,BN/WARPS != 16
MXFP4,BITSHIFT,U(-1,1),512,4096,4096,64x128x32_w4_v3,SKIP,BN/WARPS != 16
MXFP4,LUT,U(-1,1),512,4096,4096,128x64x32_w4_v4,OK,ms=1.571,tflops=10.93,gbps=16.4,maxabs=1.873e-02,p99=9.374e-03,rel=1.848e-04
MXFP4,BITSHIFT,U(-1,1),512,4096,4096,128x64x32_w4_v4,SKIP,opt only LUT path
MXFP4,LUT,U(-1,1),512,4096,4096,128x128x32_w4_v4,SKIP,BN/WARPS != 16
MXFP4,BITSHIFT,U(-1,1),512,4096,4096,128x128x32_w4_v4,SKIP,BN/WARPS != 16
MXFP4,LUT,U(-1,1),512,4096,4096,64x64x32_w4_v4,OK,ms=1.220,tflops=14.08,gbps=21.1,maxabs=1.873e-02,p99=9.374e-03,rel=1.848e-04
MXFP4,BITSHIFT,U(-1,1),512,4096,4096,64x64x32_w4_v4,SKIP,opt only LUT path
MXFP4,LUT,U(-1,1),512,4096,4096,64x128x32_w4_v4,SKIP,BN/WARPS != 16
MXFP4,BITSHIFT,U(-1,1),512,4096,4096,64x128x32_w4_v4,SKIP,BN/WARPS != 16
MXFP4,LUT,U(-1,1),512,4096,4096,128x64x32_w4_v5,OK,ms=1.273,tflops=13.50,gbps=20.2,maxabs=1.873e-02,p99=9.374e-03,rel=1.848e-04
MXFP4,BITSHIFT,U(-1,1),512,4096,4096,128x64x32_w4_v5,SKIP,opt only LUT path
MXFP4,LUT,U(-1,1),512,4096,4096,128x128x32_w4_v5,SKIP,BN/WARPS != 16
MXFP4,BITSHIFT,U(-1,1),512,4096,4096,128x128x32_w4_v5,SKIP,BN/WARPS != 16
MXFP4,LUT,U(-1,1),512,4096,4096,64x64x32_w4_v5,OK,ms=1.532,tflops=11.21,gbps=16.8,maxabs=1.873e-02,p99=9.374e-03,rel=1.848e-04
MXFP4,BITSHIFT,U(-1,1),512,4096,4096,64x64x32_w4_v5,SKIP,opt only LUT path
MXFP4,LUT,U(-1,1),512,4096,4096,64x128x32_w4_v5,SKIP,BN/WARPS != 16
MXFP4,BITSHIFT,U(-1,1),512,4096,4096,64x128x32_w4_v5,SKIP,BN/WARPS != 16
MXFP4,LUT,U(-1,1),512,4096,4096,128x128x64_w4_v6,SKIP,BN/WARPS != 16
MXFP4,BITSHIFT,U(-1,1),512,4096,4096,128x128x64_w4_v6,SKIP,BN/WARPS != 16
MXFP4,LUT,U(-1,1),512,4096,4096,128x64x64_w4_v6,SKIP,v6 only INT8 (A1 retry)
MXFP4,BITSHIFT,U(-1,1),512,4096,4096,128x64x64_w4_v6,SKIP,opt only LUT path
MXFP4,LUT,U(-1,1),512,4096,4096,64x128x64_w4_v6,SKIP,BN/WARPS != 16
MXFP4,BITSHIFT,U(-1,1),512,4096,4096,64x128x64_w4_v6,SKIP,BN/WARPS != 16
MXFP4,LUT,U(-1,1),512,4096,4096,64x64x64_w4_v6,SKIP,v6 only INT8 (A1 retry)
MXFP4,BITSHIFT,U(-1,1),512,4096,4096,64x64x64_w4_v6,SKIP,opt only LUT path
MXFP4,LUT,U(-1,1),1024,4096,4096,16x64x32_w4,OK,ms=7.201,tflops=4.77,gbps=5.9,maxabs=1.874e-02,p99=9.239e-03,rel=1.847e-04
MXFP4,BITSHIFT,U(-1,1),1024,4096,4096,16x64x32_w4,OK,ms=11.726,tflops=2.93,gbps=3.6,maxabs=1.874e-02,p99=9.237e-03,rel=1.847e-04
MXFP4,LUT,U(-1,1),1024,4096,4096,16x128x32_w8,OK,ms=7.819,tflops=4.39,gbps=5.4,maxabs=1.874e-02,p99=9.239e-03,rel=1.847e-04
MXFP4,BITSHIFT,U(-1,1),1024,4096,4096,16x128x32_w8,OK,ms=12.733,tflops=2.70,gbps=3.3,maxabs=1.874e-02,p99=9.237e-03,rel=1.847e-04
MXFP4,LUT,U(-1,1),1024,4096,4096,16x128x32_w4f2,SKIP,BN/WARPS != 16
MXFP4,BITSHIFT,U(-1,1),1024,4096,4096,16x128x32_w4f2,SKIP,BN/WARPS != 16
MXFP4,LUT,U(-1,1),1024,4096,4096,16x256x32_w4f4,SKIP,BN/WARPS != 16
MXFP4,BITSHIFT,U(-1,1),1024,4096,4096,16x256x32_w4f4,SKIP,BN/WARPS != 16
MXFP4,LUT,U(-1,1),1024,4096,4096,128x64x32_w4_v1,SKIP,no template
MXFP4,BITSHIFT,U(-1,1),1024,4096,4096,128x64x32_w4_v1,SKIP,opt only LUT path
MXFP4,LUT,U(-1,1),1024,4096,4096,128x128x32_w4_v1,SKIP,BN/WARPS != 16
MXFP4,BITSHIFT,U(-1,1),1024,4096,4096,128x128x32_w4_v1,SKIP,BN/WARPS != 16
MXFP4,LUT,U(-1,1),1024,4096,4096,128x256x32_w4_v1,SKIP,BN/WARPS != 16
MXFP4,BITSHIFT,U(-1,1),1024,4096,4096,128x256x32_w4_v1,SKIP,BN/WARPS != 16
MXFP4,LUT,U(-1,1),1024,4096,4096,128x256x32_w8_v1,SKIP,BN/WARPS != 16
MXFP4,BITSHIFT,U(-1,1),1024,4096,4096,128x256x32_w8_v1,SKIP,BN/WARPS != 16
MXFP4,LUT,U(-1,1),1024,4096,4096,64x64x32_w4_v1,SKIP,no template
MXFP4,BITSHIFT,U(-1,1),1024,4096,4096,64x64x32_w4_v1,SKIP,opt only LUT path
MXFP4,LUT,U(-1,1),1024,4096,4096,64x128x32_w4_v1,SKIP,BN/WARPS != 16
MXFP4,BITSHIFT,U(-1,1),1024,4096,4096,64x128x32_w4_v1,SKIP,BN/WARPS != 16
MXFP4,LUT,U(-1,1),1024,4096,4096,128x64x32_w4_v2,OK,ms=2.165,tflops=15.87,gbps=19.6,maxabs=1.874e-02,p99=9.239e-03,rel=1.847e-04
MXFP4,BITSHIFT,U(-1,1),1024,4096,4096,128x64x32_w4_v2,SKIP,opt only LUT path
MXFP4,LUT,U(-1,1),1024,4096,4096,128x128x32_w4_v2,SKIP,BN/WARPS != 16
MXFP4,BITSHIFT,U(-1,1),1024,4096,4096,128x128x32_w4_v2,SKIP,BN/WARPS != 16
MXFP4,LUT,U(-1,1),1024,4096,4096,128x256x32_w4_v2,SKIP,BN/WARPS != 16
MXFP4,BITSHIFT,U(-1,1),1024,4096,4096,128x256x32_w4_v2,SKIP,BN/WARPS != 16
MXFP4,LUT,U(-1,1),1024,4096,4096,128x256x32_w8_v2,SKIP,BN/WARPS != 16
MXFP4,BITSHIFT,U(-1,1),1024,4096,4096,128x256x32_w8_v2,SKIP,BN/WARPS != 16
MXFP4,LUT,U(-1,1),1024,4096,4096,64x64x32_w4_v2,OK,ms=2.467,tflops=13.93,gbps=17.2,maxabs=1.874e-02,p99=9.239e-03,rel=1.847e-04
MXFP4,BITSHIFT,U(-1,1),1024,4096,4096,64x64x32_w4_v2,SKIP,opt only LUT path
MXFP4,LUT,U(-1,1),1024,4096,4096,64x128x32_w4_v2,SKIP,BN/WARPS != 16
MXFP4,BITSHIFT,U(-1,1),1024,4096,4096,64x128x32_w4_v2,SKIP,BN/WARPS != 16
MXFP4,LUT,U(-1,1),1024,4096,4096,128x64x32_w4_v3,OK,ms=2.343,tflops=14.67,gbps=18.1,maxabs=1.874e-02,p99=9.239e-03,rel=1.847e-04
MXFP4,BITSHIFT,U(-1,1),1024,4096,4096,128x64x32_w4_v3,SKIP,opt only LUT path
MXFP4,LUT,U(-1,1),1024,4096,4096,128x128x32_w4_v3,SKIP,BN/WARPS != 16
MXFP4,BITSHIFT,U(-1,1),1024,4096,4096,128x128x32_w4_v3,SKIP,BN/WARPS != 16
MXFP4,LUT,U(-1,1),1024,4096,4096,128x256x32_w8_v3,SKIP,BN/WARPS != 16
MXFP4,BITSHIFT,U(-1,1),1024,4096,4096,128x256x32_w8_v3,SKIP,BN/WARPS != 16
MXFP4,LUT,U(-1,1),1024,4096,4096,64x64x32_w4_v3,OK,ms=2.227,tflops=15.43,gbps=19.1,maxabs=1.874e-02,p99=9.239e-03,rel=1.847e-04
MXFP4,BITSHIFT,U(-1,1),1024,4096,4096,64x64x32_w4_v3,SKIP,opt only LUT path
MXFP4,LUT,U(-1,1),1024,4096,4096,64x128x32_w4_v3,SKIP,BN/WARPS != 16
MXFP4,BITSHIFT,U(-1,1),1024,4096,4096,64x128x32_w4_v3,SKIP,BN/WARPS != 16
MXFP4,LUT,U(-1,1),1024,4096,4096,128x64x32_w4_v4,OK,ms=2.356,tflops=14.59,gbps=18.0,maxabs=1.874e-02,p99=9.239e-03,rel=1.847e-04
MXFP4,BITSHIFT,U(-1,1),1024,4096,4096,128x64x32_w4_v4,SKIP,opt only LUT path
MXFP4,LUT,U(-1,1),1024,4096,4096,128x128x32_w4_v4,SKIP,BN/WARPS != 16
MXFP4,BITSHIFT,U(-1,1),1024,4096,4096,128x128x32_w4_v4,SKIP,BN/WARPS != 16
MXFP4,LUT,U(-1,1),1024,4096,4096,64x64x32_w4_v4,OK,ms=2.106,tflops=16.31,gbps=20.2,maxabs=1.874e-02,p99=9.239e-03,rel=1.847e-04
MXFP4,BITSHIFT,U(-1,1),1024,4096,4096,64x64x32_w4_v4,SKIP,opt only LUT path
MXFP4,LUT,U(-1,1),1024,4096,4096,64x128x32_w4_v4,SKIP,BN/WARPS != 16
MXFP4,BITSHIFT,U(-1,1),1024,4096,4096,64x128x32_w4_v4,SKIP,BN/WARPS != 16
MXFP4,LUT,U(-1,1),1024,4096,4096,128x64x32_w4_v5,OK,ms=2.469,tflops=13.92,gbps=17.2,maxabs=1.874e-02,p99=9.239e-03,rel=1.847e-04
MXFP4,BITSHIFT,U(-1,1),1024,4096,4096,128x64x32_w4_v5,SKIP,opt only LUT path
MXFP4,LUT,U(-1,1),1024,4096,4096,128x128x32_w4_v5,SKIP,BN/WARPS != 16
MXFP4,BITSHIFT,U(-1,1),1024,4096,4096,128x128x32_w4_v5,SKIP,BN/WARPS != 16
MXFP4,LUT,U(-1,1),1024,4096,4096,64x64x32_w4_v5,OK,ms=2.763,tflops=12.44,gbps=15.4,maxabs=1.874e-02,p99=9.239e-03,rel=1.847e-04
MXFP4,BITSHIFT,U(-1,1),1024,4096,4096,64x64x32_w4_v5,SKIP,opt only LUT path
MXFP4,LUT,U(-1,1),1024,4096,4096,64x128x32_w4_v5,SKIP,BN/WARPS != 16
MXFP4,BITSHIFT,U(-1,1),1024,4096,4096,64x128x32_w4_v5,SKIP,BN/WARPS != 16
MXFP4,LUT,U(-1,1),1024,4096,4096,128x128x64_w4_v6,SKIP,BN/WARPS != 16
MXFP4,BITSHIFT,U(-1,1),1024,4096,4096,128x128x64_w4_v6,SKIP,BN/WARPS != 16
MXFP4,LUT,U(-1,1),1024,4096,4096,128x64x64_w4_v6,SKIP,v6 only INT8 (A1 retry)
MXFP4,BITSHIFT,U(-1,1),1024,4096,4096,128x64x64_w4_v6,SKIP,opt only LUT path
MXFP4,LUT,U(-1,1),1024,4096,4096,64x128x64_w4_v6,SKIP,BN/WARPS != 16
MXFP4,BITSHIFT,U(-1,1),1024,4096,4096,64x128x64_w4_v6,SKIP,BN/WARPS != 16
MXFP4,LUT,U(-1,1),1024,4096,4096,64x64x64_w4_v6,SKIP,v6 only INT8 (A1 retry)
MXFP4,BITSHIFT,U(-1,1),1024,4096,4096,64x64x64_w4_v6,SKIP,opt only LUT path
MXFP4,LUT,U(-1,1),2048,4096,4096,16x64x32_w4,OK,ms=14.150,tflops=4.86,gbps=5.4,maxabs=1.948e-02,p99=9.494e-03,rel=1.847e-04
MXFP4,BITSHIFT,U(-1,1),2048,4096,4096,16x64x32_w4,OK,ms=22.123,tflops=3.11,gbps=3.4,maxabs=1.947e-02,p99=9.489e-03,rel=1.847e-04
MXFP4,LUT,U(-1,1),2048,4096,4096,16x128x32_w8,OK,ms=14.851,tflops=4.63,gbps=5.1,maxabs=1.948e-02,p99=9.494e-03,rel=1.847e-04
MXFP4,BITSHIFT,U(-1,1),2048,4096,4096,16x128x32_w8,OK,ms=23.988,tflops=2.86,gbps=3.2,maxabs=1.947e-02,p99=9.489e-03,rel=1.847e-04
MXFP4,LUT,U(-1,1),2048,4096,4096,16x128x32_w4f2,SKIP,BN/WARPS != 16
MXFP4,BITSHIFT,U(-1,1),2048,4096,4096,16x128x32_w4f2,SKIP,BN/WARPS != 16
MXFP4,LUT,U(-1,1),2048,4096,4096,16x256x32_w4f4,SKIP,BN/WARPS != 16
MXFP4,BITSHIFT,U(-1,1),2048,4096,4096,16x256x32_w4f4,SKIP,BN/WARPS != 16
MXFP4,LUT,U(-1,1),2048,4096,4096,128x64x32_w4_v1,SKIP,no template
MXFP4,BITSHIFT,U(-1,1),2048,4096,4096,128x64x32_w4_v1,SKIP,opt only LUT path
MXFP4,LUT,U(-1,1),2048,4096,4096,128x128x32_w4_v1,SKIP,BN/WARPS != 16
MXFP4,BITSHIFT,U(-1,1),2048,4096,4096,128x128x32_w4_v1,SKIP,BN/WARPS != 16
MXFP4,LUT,U(-1,1),2048,4096,4096,128x256x32_w4_v1,SKIP,BN/WARPS != 16
MXFP4,BITSHIFT,U(-1,1),2048,4096,4096,128x256x32_w4_v1,SKIP,BN/WARPS != 16
MXFP4,LUT,U(-1,1),2048,4096,4096,128x256x32_w8_v1,SKIP,BN/WARPS != 16
MXFP4,BITSHIFT,U(-1,1),2048,4096,4096,128x256x32_w8_v1,SKIP,BN/WARPS != 16
MXFP4,LUT,U(-1,1),2048,4096,4096,64x64x32_w4_v1,SKIP,no template
MXFP4,BITSHIFT,U(-1,1),2048,4096,4096,64x64x32_w4_v1,SKIP,opt only LUT path
MXFP4,LUT,U(-1,1),2048,4096,4096,64x128x32_w4_v1,SKIP,BN/WARPS != 16
MXFP4,BITSHIFT,U(-1,1),2048,4096,4096,64x128x32_w4_v1,SKIP,BN/WARPS != 16
MXFP4,LUT,U(-1,1),2048,4096,4096,128x64x32_w4_v2,OK,ms=4.317,tflops=15.92,gbps=17.6,maxabs=1.948e-02,p99=9.494e-03,rel=1.847e-04
MXFP4,BITSHIFT,U(-1,1),2048,4096,4096,128x64x32_w4_v2,SKIP,opt only LUT path
MXFP4,LUT,U(-1,1),2048,4096,4096,128x128x32_w4_v2,SKIP,BN/WARPS != 16
MXFP4,BITSHIFT,U(-1,1),2048,4096,4096,128x128x32_w4_v2,SKIP,BN/WARPS != 16
MXFP4,LUT,U(-1,1),2048,4096,4096,128x256x32_w4_v2,SKIP,BN/WARPS != 16
MXFP4,BITSHIFT,U(-1,1),2048,4096,4096,128x256x32_w4_v2,SKIP,BN/WARPS != 16
MXFP4,LUT,U(-1,1),2048,4096,4096,128x256x32_w8_v2,SKIP,BN/WARPS != 16
MXFP4,BITSHIFT,U(-1,1),2048,4096,4096,128x256x32_w8_v2,SKIP,BN/WARPS != 16
MXFP4,LUT,U(-1,1),2048,4096,4096,64x64x32_w4_v2,OK,ms=4.742,tflops=14.49,gbps=16.0,maxabs=1.948e-02,p99=9.494e-03,rel=1.847e-04
MXFP4,BITSHIFT,U(-1,1),2048,4096,4096,64x64x32_w4_v2,SKIP,opt only LUT path
MXFP4,LUT,U(-1,1),2048,4096,4096,64x128x32_w4_v2,SKIP,BN/WARPS != 16
MXFP4,BITSHIFT,U(-1,1),2048,4096,4096,64x128x32_w4_v2,SKIP,BN/WARPS != 16
MXFP4,LUT,U(-1,1),2048,4096,4096,128x64x32_w4_v3,OK,ms=3.895,tflops=17.64,gbps=19.5,maxabs=1.948e-02,p99=9.494e-03,rel=1.847e-04
MXFP4,BITSHIFT,U(-1,1),2048,4096,4096,128x64x32_w4_v3,SKIP,opt only LUT path
MXFP4,LUT,U(-1,1),2048,4096,4096,128x128x32_w4_v3,SKIP,BN/WARPS != 16
MXFP4,BITSHIFT,U(-1,1),2048,4096,4096,128x128x32_w4_v3,SKIP,BN/WARPS != 16
MXFP4,LUT,U(-1,1),2048,4096,4096,128x256x32_w8_v3,SKIP,BN/WARPS != 16
MXFP4,BITSHIFT,U(-1,1),2048,4096,4096,128x256x32_w8_v3,SKIP,BN/WARPS != 16
MXFP4,LUT,U(-1,1),2048,4096,4096,64x64x32_w4_v3,OK,ms=4.068,tflops=16.89,gbps=18.7,maxabs=1.948e-02,p99=9.494e-03,rel=1.847e-04
MXFP4,BITSHIFT,U(-1,1),2048,4096,4096,64x64x32_w4_v3,SKIP,opt only LUT path
MXFP4,LUT,U(-1,1),2048,4096,4096,64x128x32_w4_v3,SKIP,BN/WARPS != 16
MXFP4,BITSHIFT,U(-1,1),2048,4096,4096,64x128x32_w4_v3,SKIP,BN/WARPS != 16
MXFP4,LUT,U(-1,1),2048,4096,4096,128x64x32_w4_v4,OK,ms=3.921,tflops=17.53,gbps=19.4,maxabs=1.948e-02,p99=9.494e-03,rel=1.847e-04
MXFP4,BITSHIFT,U(-1,1),2048,4096,4096,128x64x32_w4_v4,SKIP,opt only LUT path
MXFP4,LUT,U(-1,1),2048,4096,4096,128x128x32_w4_v4,SKIP,BN/WARPS != 16
MXFP4,BITSHIFT,U(-1,1),2048,4096,4096,128x128x32_w4_v4,SKIP,BN/WARPS != 16
MXFP4,LUT,U(-1,1),2048,4096,4096,64x64x32_w4_v4,OK,ms=4.110,tflops=16.72,gbps=18.5,maxabs=1.948e-02,p99=9.494e-03,rel=1.847e-04
MXFP4,BITSHIFT,U(-1,1),2048,4096,4096,64x64x32_w4_v4,SKIP,opt only LUT path
MXFP4,LUT,U(-1,1),2048,4096,4096,64x128x32_w4_v4,SKIP,BN/WARPS != 16
MXFP4,BITSHIFT,U(-1,1),2048,4096,4096,64x128x32_w4_v4,SKIP,BN/WARPS != 16
MXFP4,LUT,U(-1,1),2048,4096,4096,128x64x32_w4_v5,OK,ms=4.458,tflops=15.42,gbps=17.1,maxabs=1.948e-02,p99=9.494e-03,rel=1.847e-04
MXFP4,BITSHIFT,U(-1,1),2048,4096,4096,128x64x32_w4_v5,SKIP,opt only LUT path
MXFP4,LUT,U(-1,1),2048,4096,4096,128x128x32_w4_v5,SKIP,BN/WARPS != 16
MXFP4,BITSHIFT,U(-1,1),2048,4096,4096,128x128x32_w4_v5,SKIP,BN/WARPS != 16
MXFP4,LUT,U(-1,1),2048,4096,4096,64x64x32_w4_v5,OK,ms=5.360,tflops=12.82,gbps=14.2,maxabs=1.948e-02,p99=9.494e-03,rel=1.847e-04
MXFP4,BITSHIFT,U(-1,1),2048,4096,4096,64x64x32_w4_v5,SKIP,opt only LUT path
MXFP4,LUT,U(-1,1),2048,4096,4096,64x128x32_w4_v5,SKIP,BN/WARPS != 16
MXFP4,BITSHIFT,U(-1,1),2048,4096,4096,64x128x32_w4_v5,SKIP,BN/WARPS != 16
MXFP4,LUT,U(-1,1),2048,4096,4096,128x128x64_w4_v6,SKIP,BN/WARPS != 16
MXFP4,BITSHIFT,U(-1,1),2048,4096,4096,128x128x64_w4_v6,SKIP,BN/WARPS != 16
MXFP4,LUT,U(-1,1),2048,4096,4096,128x64x64_w4_v6,SKIP,v6 only INT8 (A1 retry)
MXFP4,BITSHIFT,U(-1,1),2048,4096,4096,128x64x64_w4_v6,SKIP,opt only LUT path
MXFP4,LUT,U(-1,1),2048,4096,4096,64x128x64_w4_v6,SKIP,BN/WARPS != 16
MXFP4,BITSHIFT,U(-1,1),2048,4096,4096,64x128x64_w4_v6,SKIP,BN/WARPS != 16
MXFP4,LUT,U(-1,1),2048,4096,4096,64x64x64_w4_v6,SKIP,v6 only INT8 (A1 retry)
MXFP4,BITSHIFT,U(-1,1),2048,4096,4096,64x64x64_w4_v6,SKIP,opt only LUT path
MXFP4,LUT,U(-1,1),1,7168,7168,16x64x32_w4,OK,ms=1.378,tflops=0.07,gbps=19.8,maxabs=1.681e-02,p99=1.181e-02,rel=1.828e-04
MXFP4,BITSHIFT,U(-1,1),1,7168,7168,16x64x32_w4,OK,ms=1.584,tflops=0.06,gbps=17.3,maxabs=1.681e-02,p99=1.181e-02,rel=1.828e-04
MXFP4,LUT,U(-1,1),1,7168,7168,16x128x32_w8,OK,ms=1.390,tflops=0.07,gbps=19.7,maxabs=1.681e-02,p99=1.181e-02,rel=1.828e-04
MXFP4,BITSHIFT,U(-1,1),1,7168,7168,16x128x32_w8,OK,ms=1.621,tflops=0.06,gbps=16.9,maxabs=1.681e-02,p99=1.181e-02,rel=1.828e-04
MXFP4,LUT,U(-1,1),1,7168,7168,16x128x32_w4f2,SKIP,BN/WARPS != 16
MXFP4,BITSHIFT,U(-1,1),1,7168,7168,16x128x32_w4f2,SKIP,BN/WARPS != 16
MXFP4,LUT,U(-1,1),1,7168,7168,16x256x32_w4f4,SKIP,BN/WARPS != 16
MXFP4,BITSHIFT,U(-1,1),1,7168,7168,16x256x32_w4f4,SKIP,BN/WARPS != 16
MXFP4,LUT,U(-1,1),1,7168,7168,128x64x32_w4_v1,SKIP,no template
MXFP4,BITSHIFT,U(-1,1),1,7168,7168,128x64x32_w4_v1,SKIP,opt only LUT path
MXFP4,LUT,U(-1,1),1,7168,7168,128x128x32_w4_v1,SKIP,BN/WARPS != 16
MXFP4,BITSHIFT,U(-1,1),1,7168,7168,128x128x32_w4_v1,SKIP,BN/WARPS != 16
MXFP4,LUT,U(-1,1),1,7168,7168,128x256x32_w4_v1,SKIP,BN/WARPS != 16
MXFP4,BITSHIFT,U(-1,1),1,7168,7168,128x256x32_w4_v1,SKIP,BN/WARPS != 16
MXFP4,LUT,U(-1,1),1,7168,7168,128x256x32_w8_v1,SKIP,BN/WARPS != 16
MXFP4,BITSHIFT,U(-1,1),1,7168,7168,128x256x32_w8_v1,SKIP,BN/WARPS != 16
MXFP4,LUT,U(-1,1),1,7168,7168,64x64x32_w4_v1,SKIP,no template
MXFP4,BITSHIFT,U(-1,1),1,7168,7168,64x64x32_w4_v1,SKIP,opt only LUT path
MXFP4,LUT,U(-1,1),1,7168,7168,64x128x32_w4_v1,SKIP,BN/WARPS != 16
MXFP4,BITSHIFT,U(-1,1),1,7168,7168,64x128x32_w4_v1,SKIP,BN/WARPS != 16
MXFP4,LUT,U(-1,1),1,7168,7168,128x64x32_w4_v2,OK,ms=1.433,tflops=0.07,gbps=19.1,maxabs=1.681e-02,p99=1.181e-02,rel=1.828e-04
MXFP4,BITSHIFT,U(-1,1),1,7168,7168,128x64x32_w4_v2,SKIP,opt only LUT path
MXFP4,LUT,U(-1,1),1,7168,7168,128x128x32_w4_v2,SKIP,BN/WARPS != 16
MXFP4,BITSHIFT,U(-1,1),1,7168,7168,128x128x32_w4_v2,SKIP,BN/WARPS != 16
MXFP4,LUT,U(-1,1),1,7168,7168,128x256x32_w4_v2,SKIP,BN/WARPS != 16
MXFP4,BITSHIFT,U(-1,1),1,7168,7168,128x256x32_w4_v2,SKIP,BN/WARPS != 16
MXFP4,LUT,U(-1,1),1,7168,7168,128x256x32_w8_v2,SKIP,BN/WARPS != 16
MXFP4,BITSHIFT,U(-1,1),1,7168,7168,128x256x32_w8_v2,SKIP,BN/WARPS != 16
MXFP4,LUT,U(-1,1),1,7168,7168,64x64x32_w4_v2,OK,ms=1.026,tflops=0.10,gbps=26.7,maxabs=1.681e-02,p99=1.181e-02,rel=1.828e-04
MXFP4,BITSHIFT,U(-1,1),1,7168,7168,64x64x32_w4_v2,SKIP,opt only LUT path
MXFP4,LUT,U(-1,1),1,7168,7168,64x128x32_w4_v2,SKIP,BN/WARPS != 16
MXFP4,BITSHIFT,U(-1,1),1,7168,7168,64x128x32_w4_v2,SKIP,BN/WARPS != 16
MXFP4,LUT,U(-1,1),1,7168,7168,128x64x32_w4_v3,OK,ms=0.996,tflops=0.10,gbps=27.5,maxabs=1.681e-02,p99=1.181e-02,rel=1.828e-04
MXFP4,BITSHIFT,U(-1,1),1,7168,7168,128x64x32_w4_v3,SKIP,opt only LUT path
MXFP4,LUT,U(-1,1),1,7168,7168,128x128x32_w4_v3,SKIP,BN/WARPS != 16
MXFP4,BITSHIFT,U(-1,1),1,7168,7168,128x128x32_w4_v3,SKIP,BN/WARPS != 16
MXFP4,LUT,U(-1,1),1,7168,7168,128x256x32_w8_v3,SKIP,BN/WARPS != 16
MXFP4,BITSHIFT,U(-1,1),1,7168,7168,128x256x32_w8_v3,SKIP,BN/WARPS != 16
MXFP4,LUT,U(-1,1),1,7168,7168,64x64x32_w4_v3,OK,ms=0.614,tflops=0.17,gbps=44.5,maxabs=1.681e-02,p99=1.181e-02,rel=1.828e-04
MXFP4,BITSHIFT,U(-1,1),1,7168,7168,64x64x32_w4_v3,SKIP,opt only LUT path
MXFP4,LUT,U(-1,1),1,7168,7168,64x128x32_w4_v3,SKIP,BN/WARPS != 16
MXFP4,BITSHIFT,U(-1,1),1,7168,7168,64x128x32_w4_v3,SKIP,BN/WARPS != 16
MXFP4,LUT,U(-1,1),1,7168,7168,128x64x32_w4_v4,OK,ms=1.005,tflops=0.10,gbps=27.2,maxabs=1.681e-02,p99=1.181e-02,rel=1.828e-04
MXFP4,BITSHIFT,U(-1,1),1,7168,7168,128x64x32_w4_v4,SKIP,opt only LUT path
MXFP4,LUT,U(-1,1),1,7168,7168,128x128x32_w4_v4,SKIP,BN/WARPS != 16
MXFP4,BITSHIFT,U(-1,1),1,7168,7168,128x128x32_w4_v4,SKIP,BN/WARPS != 16
MXFP4,LUT,U(-1,1),1,7168,7168,64x64x32_w4_v4,OK,ms=0.656,tflops=0.16,gbps=41.7,maxabs=1.681e-02,p99=1.181e-02,rel=1.828e-04
MXFP4,BITSHIFT,U(-1,1),1,7168,7168,64x64x32_w4_v4,SKIP,opt only LUT path
MXFP4,LUT,U(-1,1),1,7168,7168,64x128x32_w4_v4,SKIP,BN/WARPS != 16
MXFP4,BITSHIFT,U(-1,1),1,7168,7168,64x128x32_w4_v4,SKIP,BN/WARPS != 16
MXFP4,LUT,U(-1,1),1,7168,7168,128x64x32_w4_v5,OK,ms=1.006,tflops=0.10,gbps=27.2,maxabs=1.681e-02,p99=1.181e-02,rel=1.828e-04
MXFP4,BITSHIFT,U(-1,1),1,7168,7168,128x64x32_w4_v5,SKIP,opt only LUT path
MXFP4,LUT,U(-1,1),1,7168,7168,128x128x32_w4_v5,SKIP,BN/WARPS != 16
MXFP4,BITSHIFT,U(-1,1),1,7168,7168,128x128x32_w4_v5,SKIP,BN/WARPS != 16
MXFP4,LUT,U(-1,1),1,7168,7168,64x64x32_w4_v5,OK,ms=0.654,tflops=0.16,gbps=41.8,maxabs=1.681e-02,p99=1.181e-02,rel=1.828e-04
MXFP4,BITSHIFT,U(-1,1),1,7168,7168,64x64x32_w4_v5,SKIP,opt only LUT path
MXFP4,LUT,U(-1,1),1,7168,7168,64x128x32_w4_v5,SKIP,BN/WARPS != 16
MXFP4,BITSHIFT,U(-1,1),1,7168,7168,64x128x32_w4_v5,SKIP,BN/WARPS != 16
MXFP4,LUT,U(-1,1),1,7168,7168,128x128x64_w4_v6,SKIP,BN/WARPS != 16
MXFP4,BITSHIFT,U(-1,1),1,7168,7168,128x128x64_w4_v6,SKIP,BN/WARPS != 16
MXFP4,LUT,U(-1,1),1,7168,7168,128x64x64_w4_v6,SKIP,v6 only INT8 (A1 retry)
MXFP4,BITSHIFT,U(-1,1),1,7168,7168,128x64x64_w4_v6,SKIP,opt only LUT path
MXFP4,LUT,U(-1,1),1,7168,7168,64x128x64_w4_v6,SKIP,BN/WARPS != 16
MXFP4,BITSHIFT,U(-1,1),1,7168,7168,64x128x64_w4_v6,SKIP,BN/WARPS != 16
MXFP4,LUT,U(-1,1),1,7168,7168,64x64x64_w4_v6,SKIP,v6 only INT8 (A1 retry)
MXFP4,BITSHIFT,U(-1,1),1,7168,7168,64x64x64_w4_v6,SKIP,opt only LUT path
MXFP4,LUT,U(-1,1),16,7168,7168,16x64x32_w4,OK,ms=1.425,tflops=1.15,gbps=19.8,maxabs=2.346e-02,p99=1.226e-02,rel=1.855e-04
MXFP4,BITSHIFT,U(-1,1),16,7168,7168,16x64x32_w4,OK,ms=1.742,tflops=0.94,gbps=16.2,maxabs=2.346e-02,p99=1.226e-02,rel=1.855e-04
MXFP4,LUT,U(-1,1),16,7168,7168,16x128x32_w8,OK,ms=1.491,tflops=1.10,gbps=18.9,maxabs=2.346e-02,p99=1.226e-02,rel=1.855e-04
MXFP4,BITSHIFT,U(-1,1),16,7168,7168,16x128x32_w8,OK,ms=1.816,tflops=0.91,gbps=15.5,maxabs=2.346e-02,p99=1.226e-02,rel=1.855e-04
MXFP4,LUT,U(-1,1),16,7168,7168,16x128x32_w4f2,SKIP,BN/WARPS != 16
MXFP4,BITSHIFT,U(-1,1),16,7168,7168,16x128x32_w4f2,SKIP,BN/WARPS != 16
MXFP4,LUT,U(-1,1),16,7168,7168,16x256x32_w4f4,SKIP,BN/WARPS != 16
MXFP4,BITSHIFT,U(-1,1),16,7168,7168,16x256x32_w4f4,SKIP,BN/WARPS != 16
MXFP4,LUT,U(-1,1),16,7168,7168,128x64x32_w4_v1,SKIP,no template
MXFP4,BITSHIFT,U(-1,1),16,7168,7168,128x64x32_w4_v1,SKIP,opt only LUT path
MXFP4,LUT,U(-1,1),16,7168,7168,128x128x32_w4_v1,SKIP,BN/WARPS != 16
MXFP4,BITSHIFT,U(-1,1),16,7168,7168,128x128x32_w4_v1,SKIP,BN/WARPS != 16
MXFP4,LUT,U(-1,1),16,7168,7168,128x256x32_w4_v1,SKIP,BN/WARPS != 16
MXFP4,BITSHIFT,U(-1,1),16,7168,7168,128x256x32_w4_v1,SKIP,BN/WARPS != 16
MXFP4,LUT,U(-1,1),16,7168,7168,128x256x32_w8_v1,SKIP,BN/WARPS != 16
MXFP4,BITSHIFT,U(-1,1),16,7168,7168,128x256x32_w8_v1,SKIP,BN/WARPS != 16
MXFP4,LUT,U(-1,1),16,7168,7168,64x64x32_w4_v1,SKIP,no template
MXFP4,BITSHIFT,U(-1,1),16,7168,7168,64x64x32_w4_v1,SKIP,opt only LUT path
MXFP4,LUT,U(-1,1),16,7168,7168,64x128x32_w4_v1,SKIP,BN/WARPS != 16
MXFP4,BITSHIFT,U(-1,1),16,7168,7168,64x128x32_w4_v1,SKIP,BN/WARPS != 16
MXFP4,LUT,U(-1,1),16,7168,7168,128x64x32_w4_v2,OK,ms=1.475,tflops=1.12,gbps=19.1,maxabs=2.346e-02,p99=1.226e-02,rel=1.855e-04
MXFP4,BITSHIFT,U(-1,1),16,7168,7168,128x64x32_w4_v2,SKIP,opt only LUT path
MXFP4,LUT,U(-1,1),16,7168,7168,128x128x32_w4_v2,SKIP,BN/WARPS != 16
MXFP4,BITSHIFT,U(-1,1),16,7168,7168,128x128x32_w4_v2,SKIP,BN/WARPS != 16
MXFP4,LUT,U(-1,1),16,7168,7168,128x256x32_w4_v2,SKIP,BN/WARPS != 16
MXFP4,BITSHIFT,U(-1,1),16,7168,7168,128x256x32_w4_v2,SKIP,BN/WARPS != 16
MXFP4,LUT,U(-1,1),16,7168,7168,128x256x32_w8_v2,SKIP,BN/WARPS != 16
MXFP4,BITSHIFT,U(-1,1),16,7168,7168,128x256x32_w8_v2,SKIP,BN/WARPS != 16
MXFP4,LUT,U(-1,1),16,7168,7168,64x64x32_w4_v2,OK,ms=1.064,tflops=1.55,gbps=26.5,maxabs=2.346e-02,p99=1.226e-02,rel=1.855e-04
MXFP4,BITSHIFT,U(-1,1),16,7168,7168,64x64x32_w4_v2,SKIP,opt only LUT path
MXFP4,LUT,U(-1,1),16,7168,7168,64x128x32_w4_v2,SKIP,BN/WARPS != 16
MXFP4,BITSHIFT,U(-1,1),16,7168,7168,64x128x32_w4_v2,SKIP,BN/WARPS != 16
MXFP4,LUT,U(-1,1),16,7168,7168,128x64x32_w4_v3,OK,ms=1.029,tflops=1.60,gbps=27.4,maxabs=2.346e-02,p99=1.226e-02,rel=1.855e-04
MXFP4,BITSHIFT,U(-1,1),16,7168,7168,128x64x32_w4_v3,SKIP,opt only LUT path
MXFP4,LUT,U(-1,1),16,7168,7168,128x128x32_w4_v3,SKIP,BN/WARPS != 16
MXFP4,BITSHIFT,U(-1,1),16,7168,7168,128x128x32_w4_v3,SKIP,BN/WARPS != 16
MXFP4,LUT,U(-1,1),16,7168,7168,128x256x32_w8_v3,SKIP,BN/WARPS != 16
MXFP4,BITSHIFT,U(-1,1),16,7168,7168,128x256x32_w8_v3,SKIP,BN/WARPS != 16
MXFP4,LUT,U(-1,1),16,7168,7168,64x64x32_w4_v3,OK,ms=0.643,tflops=2.56,gbps=43.9,maxabs=2.346e-02,p99=1.226e-02,rel=1.855e-04
MXFP4,BITSHIFT,U(-1,1),16,7168,7168,64x64x32_w4_v3,SKIP,opt only LUT path
MXFP4,LUT,U(-1,1),16,7168,7168,64x128x32_w4_v3,SKIP,BN/WARPS != 16
MXFP4,BITSHIFT,U(-1,1),16,7168,7168,64x128x32_w4_v3,SKIP,BN/WARPS != 16
MXFP4,LUT,U(-1,1),16,7168,7168,128x64x32_w4_v4,OK,ms=1.029,tflops=1.60,gbps=27.4,maxabs=2.346e-02,p99=1.226e-02,rel=1.855e-04
MXFP4,BITSHIFT,U(-1,1),16,7168,7168,128x64x32_w4_v4,SKIP,opt only LUT path
MXFP4,LUT,U(-1,1),16,7168,7168,128x128x32_w4_v4,SKIP,BN/WARPS != 16
MXFP4,BITSHIFT,U(-1,1),16,7168,7168,128x128x32_w4_v4,SKIP,BN/WARPS != 16
MXFP4,LUT,U(-1,1),16,7168,7168,64x64x32_w4_v4,OK,ms=0.682,tflops=2.41,gbps=41.4,maxabs=2.346e-02,p99=1.226e-02,rel=1.855e-04
MXFP4,BITSHIFT,U(-1,1),16,7168,7168,64x64x32_w4_v4,SKIP,opt only LUT path
MXFP4,LUT,U(-1,1),16,7168,7168,64x128x32_w4_v4,SKIP,BN/WARPS != 16
MXFP4,BITSHIFT,U(-1,1),16,7168,7168,64x128x32_w4_v4,SKIP,BN/WARPS != 16
MXFP4,LUT,U(-1,1),16,7168,7168,128x64x32_w4_v5,OK,ms=1.037,tflops=1.58,gbps=27.2,maxabs=2.346e-02,p99=1.226e-02,rel=1.855e-04
MXFP4,BITSHIFT,U(-1,1),16,7168,7168,128x64x32_w4_v5,SKIP,opt only LUT path
MXFP4,LUT,U(-1,1),16,7168,7168,128x128x32_w4_v5,SKIP,BN/WARPS != 16
MXFP4,BITSHIFT,U(-1,1),16,7168,7168,128x128x32_w4_v5,SKIP,BN/WARPS != 16
MXFP4,LUT,U(-1,1),16,7168,7168,64x64x32_w4_v5,OK,ms=0.683,tflops=2.41,gbps=41.3,maxabs=2.346e-02,p99=1.226e-02,rel=1.855e-04
MXFP4,BITSHIFT,U(-1,1),16,7168,7168,64x64x32_w4_v5,SKIP,opt only LUT path
MXFP4,LUT,U(-1,1),16,7168,7168,64x128x32_w4_v5,SKIP,BN/WARPS != 16
MXFP4,BITSHIFT,U(-1,1),16,7168,7168,64x128x32_w4_v5,SKIP,BN/WARPS != 16
MXFP4,LUT,U(-1,1),16,7168,7168,128x128x64_w4_v6,SKIP,BN/WARPS != 16
MXFP4,BITSHIFT,U(-1,1),16,7168,7168,128x128x64_w4_v6,SKIP,BN/WARPS != 16
MXFP4,LUT,U(-1,1),16,7168,7168,128x64x64_w4_v6,SKIP,v6 only INT8 (A1 retry)
MXFP4,BITSHIFT,U(-1,1),16,7168,7168,128x64x64_w4_v6,SKIP,opt only LUT path
MXFP4,LUT,U(-1,1),16,7168,7168,64x128x64_w4_v6,SKIP,BN/WARPS != 16
MXFP4,BITSHIFT,U(-1,1),16,7168,7168,64x128x64_w4_v6,SKIP,BN/WARPS != 16
MXFP4,LUT,U(-1,1),16,7168,7168,64x64x64_w4_v6,SKIP,v6 only INT8 (A1 retry)
MXFP4,BITSHIFT,U(-1,1),16,7168,7168,64x64x64_w4_v6,SKIP,opt only LUT path
MXFP4,LUT,U(-1,1),64,7168,7168,16x64x32_w4,OK,ms=1.799,tflops=3.66,gbps=17.2,maxabs=2.391e-02,p99=1.255e-02,rel=1.850e-04
MXFP4,BITSHIFT,U(-1,1),64,7168,7168,16x64x32_w4,OK,ms=2.249,tflops=2.92,gbps=13.8,maxabs=2.390e-02,p99=1.256e-02,rel=1.850e-04
MXFP4,LUT,U(-1,1),64,7168,7168,16x128x32_w8,OK,ms=1.855,tflops=3.54,gbps=16.7,maxabs=2.391e-02,p99=1.255e-02,rel=1.850e-04
MXFP4,BITSHIFT,U(-1,1),64,7168,7168,16x128x32_w8,OK,ms=2.447,tflops=2.69,gbps=12.7,maxabs=2.390e-02,p99=1.256e-02,rel=1.850e-04
MXFP4,LUT,U(-1,1),64,7168,7168,16x128x32_w4f2,SKIP,BN/WARPS != 16
MXFP4,BITSHIFT,U(-1,1),64,7168,7168,16x128x32_w4f2,SKIP,BN/WARPS != 16
MXFP4,LUT,U(-1,1),64,7168,7168,16x256x32_w4f4,SKIP,BN/WARPS != 16
MXFP4,BITSHIFT,U(-1,1),64,7168,7168,16x256x32_w4f4,SKIP,BN/WARPS != 16
MXFP4,LUT,U(-1,1),64,7168,7168,128x64x32_w4_v1,SKIP,no template
MXFP4,BITSHIFT,U(-1,1),64,7168,7168,128x64x32_w4_v1,SKIP,opt only LUT path
MXFP4,LUT,U(-1,1),64,7168,7168,128x128x32_w4_v1,SKIP,BN/WARPS != 16
MXFP4,BITSHIFT,U(-1,1),64,7168,7168,128x128x32_w4_v1,SKIP,BN/WARPS != 16
MXFP4,LUT,U(-1,1),64,7168,7168,128x256x32_w4_v1,SKIP,BN/WARPS != 16
MXFP4,BITSHIFT,U(-1,1),64,7168,7168,128x256x32_w4_v1,SKIP,BN/WARPS != 16
MXFP4,LUT,U(-1,1),64,7168,7168,128x256x32_w8_v1,SKIP,BN/WARPS != 16
MXFP4,BITSHIFT,U(-1,1),64,7168,7168,128x256x32_w8_v1,SKIP,BN/WARPS != 16
MXFP4,LUT,U(-1,1),64,7168,7168,64x64x32_w4_v1,SKIP,no template
MXFP4,BITSHIFT,U(-1,1),64,7168,7168,64x64x32_w4_v1,SKIP,opt only LUT path
MXFP4,LUT,U(-1,1),64,7168,7168,64x128x32_w4_v1,SKIP,BN/WARPS != 16
MXFP4,BITSHIFT,U(-1,1),64,7168,7168,64x128x32_w4_v1,SKIP,BN/WARPS != 16
MXFP4,LUT,U(-1,1),64,7168,7168,128x64x32_w4_v2,OK,ms=1.537,tflops=4.28,gbps=20.2,maxabs=2.391e-02,p99=1.255e-02,rel=1.850e-04
MXFP4,BITSHIFT,U(-1,1),64,7168,7168,128x64x32_w4_v2,SKIP,opt only LUT path
MXFP4,LUT,U(-1,1),64,7168,7168,128x128x32_w4_v2,SKIP,BN/WARPS != 16
MXFP4,BITSHIFT,U(-1,1),64,7168,7168,128x128x32_w4_v2,SKIP,BN/WARPS != 16
MXFP4,LUT,U(-1,1),64,7168,7168,128x256x32_w4_v2,SKIP,BN/WARPS != 16
MXFP4,BITSHIFT,U(-1,1),64,7168,7168,128x256x32_w4_v2,SKIP,BN/WARPS != 16
MXFP4,LUT,U(-1,1),64,7168,7168,128x256x32_w8_v2,SKIP,BN/WARPS != 16
MXFP4,BITSHIFT,U(-1,1),64,7168,7168,128x256x32_w8_v2,SKIP,BN/WARPS != 16
MXFP4,LUT,U(-1,1),64,7168,7168,64x64x32_w4_v2,OK,ms=1.137,tflops=5.78,gbps=27.2,maxabs=2.391e-02,p99=1.255e-02,rel=1.850e-04
MXFP4,BITSHIFT,U(-1,1),64,7168,7168,64x64x32_w4_v2,SKIP,opt only LUT path
MXFP4,LUT,U(-1,1),64,7168,7168,64x128x32_w4_v2,SKIP,BN/WARPS != 16
MXFP4,BITSHIFT,U(-1,1),64,7168,7168,64x128x32_w4_v2,SKIP,BN/WARPS != 16
MXFP4,LUT,U(-1,1),64,7168,7168,128x64x32_w4_v3,OK,ms=1.061,tflops=6.20,gbps=29.2,maxabs=2.391e-02,p99=1.255e-02,rel=1.850e-04
MXFP4,BITSHIFT,U(-1,1),64,7168,7168,128x64x32_w4_v3,SKIP,opt only LUT path
MXFP4,LUT,U(-1,1),64,7168,7168,128x128x32_w4_v3,SKIP,BN/WARPS != 16
MXFP4,BITSHIFT,U(-1,1),64,7168,7168,128x128x32_w4_v3,SKIP,BN/WARPS != 16
MXFP4,LUT,U(-1,1),64,7168,7168,128x256x32_w8_v3,SKIP,BN/WARPS != 16
MXFP4,BITSHIFT,U(-1,1),64,7168,7168,128x256x32_w8_v3,SKIP,BN/WARPS != 16
MXFP4,LUT,U(-1,1),64,7168,7168,64x64x32_w4_v3,OK,ms=0.671,tflops=9.80,gbps=46.1,maxabs=2.391e-02,p99=1.255e-02,rel=1.850e-04
MXFP4,BITSHIFT,U(-1,1),64,7168,7168,64x64x32_w4_v3,SKIP,opt only LUT path
MXFP4,LUT,U(-1,1),64,7168,7168,64x128x32_w4_v3,SKIP,BN/WARPS != 16
MXFP4,BITSHIFT,U(-1,1),64,7168,7168,64x128x32_w4_v3,SKIP,BN/WARPS != 16
MXFP4,LUT,U(-1,1),64,7168,7168,128x64x32_w4_v4,OK,ms=1.059,tflops=6.21,gbps=29.2,maxabs=2.391e-02,p99=1.255e-02,rel=1.850e-04
MXFP4,BITSHIFT,U(-1,1),64,7168,7168,128x64x32_w4_v4,SKIP,opt only LUT path
MXFP4,LUT,U(-1,1),64,7168,7168,128x128x32_w4_v4,SKIP,BN/WARPS != 16
MXFP4,BITSHIFT,U(-1,1),64,7168,7168,128x128x32_w4_v4,SKIP,BN/WARPS != 16
MXFP4,LUT,U(-1,1),64,7168,7168,64x64x32_w4_v4,OK,ms=0.715,tflops=9.19,gbps=43.3,maxabs=2.391e-02,p99=1.255e-02,rel=1.850e-04
MXFP4,BITSHIFT,U(-1,1),64,7168,7168,64x64x32_w4_v4,SKIP,opt only LUT path
MXFP4,LUT,U(-1,1),64,7168,7168,64x128x32_w4_v4,SKIP,BN/WARPS != 16
MXFP4,BITSHIFT,U(-1,1),64,7168,7168,64x128x32_w4_v4,SKIP,BN/WARPS != 16
MXFP4,LUT,U(-1,1),64,7168,7168,128x64x32_w4_v5,OK,ms=1.076,tflops=6.11,gbps=28.8,maxabs=2.391e-02,p99=1.255e-02,rel=1.850e-04
MXFP4,BITSHIFT,U(-1,1),64,7168,7168,128x64x32_w4_v5,SKIP,opt only LUT path
MXFP4,LUT,U(-1,1),64,7168,7168,128x128x32_w4_v5,SKIP,BN/WARPS != 16
MXFP4,BITSHIFT,U(-1,1),64,7168,7168,128x128x32_w4_v5,SKIP,BN/WARPS != 16
MXFP4,LUT,U(-1,1),64,7168,7168,64x64x32_w4_v5,OK,ms=0.727,tflops=9.05,gbps=42.6,maxabs=2.391e-02,p99=1.255e-02,rel=1.850e-04
MXFP4,BITSHIFT,U(-1,1),64,7168,7168,64x64x32_w4_v5,SKIP,opt only LUT path
MXFP4,LUT,U(-1,1),64,7168,7168,64x128x32_w4_v5,SKIP,BN/WARPS != 16
MXFP4,BITSHIFT,U(-1,1),64,7168,7168,64x128x32_w4_v5,SKIP,BN/WARPS != 16
MXFP4,LUT,U(-1,1),64,7168,7168,128x128x64_w4_v6,SKIP,BN/WARPS != 16
MXFP4,BITSHIFT,U(-1,1),64,7168,7168,128x128x64_w4_v6,SKIP,BN/WARPS != 16
MXFP4,LUT,U(-1,1),64,7168,7168,128x64x64_w4_v6,SKIP,v6 only INT8 (A1 retry)
MXFP4,BITSHIFT,U(-1,1),64,7168,7168,128x64x64_w4_v6,SKIP,opt only LUT path
MXFP4,LUT,U(-1,1),64,7168,7168,64x128x64_w4_v6,SKIP,BN/WARPS != 16
MXFP4,BITSHIFT,U(-1,1),64,7168,7168,64x128x64_w4_v6,SKIP,BN/WARPS != 16
MXFP4,LUT,U(-1,1),64,7168,7168,64x64x64_w4_v6,SKIP,v6 only INT8 (A1 retry)
MXFP4,BITSHIFT,U(-1,1),64,7168,7168,64x64x64_w4_v6,SKIP,opt only LUT path
MXFP4,LUT,U(-1,1),128,7168,7168,16x64x32_w4,OK,ms=4.104,tflops=3.20,gbps=8.4,maxabs=2.391e-02,p99=1.223e-02,rel=1.846e-04
MXFP4,BITSHIFT,U(-1,1),128,7168,7168,16x64x32_w4,OK,ms=4.789,tflops=2.75,gbps=7.2,maxabs=2.390e-02,p99=1.223e-02,rel=1.846e-04
MXFP4,LUT,U(-1,1),128,7168,7168,16x128x32_w8,OK,ms=4.172,tflops=3.15,gbps=8.3,maxabs=2.391e-02,p99=1.223e-02,rel=1.846e-04
MXFP4,BITSHIFT,U(-1,1),128,7168,7168,16x128x32_w8,OK,ms=5.843,tflops=2.25,gbps=5.9,maxabs=2.390e-02,p99=1.223e-02,rel=1.846e-04
MXFP4,LUT,U(-1,1),128,7168,7168,16x128x32_w4f2,SKIP,BN/WARPS != 16
MXFP4,BITSHIFT,U(-1,1),128,7168,7168,16x128x32_w4f2,SKIP,BN/WARPS != 16
MXFP4,LUT,U(-1,1),128,7168,7168,16x256x32_w4f4,SKIP,BN/WARPS != 16
MXFP4,BITSHIFT,U(-1,1),128,7168,7168,16x256x32_w4f4,SKIP,BN/WARPS != 16
MXFP4,LUT,U(-1,1),128,7168,7168,128x64x32_w4_v1,SKIP,no template
MXFP4,BITSHIFT,U(-1,1),128,7168,7168,128x64x32_w4_v1,SKIP,opt only LUT path
MXFP4,LUT,U(-1,1),128,7168,7168,128x128x32_w4_v1,SKIP,BN/WARPS != 16
MXFP4,BITSHIFT,U(-1,1),128,7168,7168,128x128x32_w4_v1,SKIP,BN/WARPS != 16
MXFP4,LUT,U(-1,1),128,7168,7168,128x256x32_w4_v1,SKIP,BN/WARPS != 16
MXFP4,BITSHIFT,U(-1,1),128,7168,7168,128x256x32_w4_v1,SKIP,BN/WARPS != 16
MXFP4,LUT,U(-1,1),128,7168,7168,128x256x32_w8_v1,SKIP,BN/WARPS != 16
MXFP4,BITSHIFT,U(-1,1),128,7168,7168,128x256x32_w8_v1,SKIP,BN/WARPS != 16
MXFP4,LUT,U(-1,1),128,7168,7168,64x64x32_w4_v1,SKIP,no template
MXFP4,BITSHIFT,U(-1,1),128,7168,7168,64x64x32_w4_v1,SKIP,opt only LUT path
MXFP4,LUT,U(-1,1),128,7168,7168,64x128x32_w4_v1,SKIP,BN/WARPS != 16
MXFP4,BITSHIFT,U(-1,1),128,7168,7168,64x128x32_w4_v1,SKIP,BN/WARPS != 16
MXFP4,LUT,U(-1,1),128,7168,7168,128x64x32_w4_v2,OK,ms=1.608,tflops=8.18,gbps=21.5,maxabs=2.391e-02,p99=1.223e-02,rel=1.846e-04
MXFP4,BITSHIFT,U(-1,1),128,7168,7168,128x64x32_w4_v2,SKIP,opt only LUT path
MXFP4,LUT,U(-1,1),128,7168,7168,128x128x32_w4_v2,SKIP,BN/WARPS != 16
MXFP4,BITSHIFT,U(-1,1),128,7168,7168,128x128x32_w4_v2,SKIP,BN/WARPS != 16
MXFP4,LUT,U(-1,1),128,7168,7168,128x256x32_w4_v2,SKIP,BN/WARPS != 16
MXFP4,BITSHIFT,U(-1,1),128,7168,7168,128x256x32_w4_v2,SKIP,BN/WARPS != 16
MXFP4,LUT,U(-1,1),128,7168,7168,128x256x32_w8_v2,SKIP,BN/WARPS != 16
MXFP4,BITSHIFT,U(-1,1),128,7168,7168,128x256x32_w8_v2,SKIP,BN/WARPS != 16
MXFP4,LUT,U(-1,1),128,7168,7168,64x64x32_w4_v2,OK,ms=1.215,tflops=10.82,gbps=28.5,maxabs=2.391e-02,p99=1.223e-02,rel=1.846e-04
MXFP4,BITSHIFT,U(-1,1),128,7168,7168,64x64x32_w4_v2,SKIP,opt only LUT path
MXFP4,LUT,U(-1,1),128,7168,7168,64x128x32_w4_v2,SKIP,BN/WARPS != 16
MXFP4,BITSHIFT,U(-1,1),128,7168,7168,64x128x32_w4_v2,SKIP,BN/WARPS != 16
MXFP4,LUT,U(-1,1),128,7168,7168,128x64x32_w4_v3,OK,ms=1.130,tflops=11.64,gbps=30.6,maxabs=2.391e-02,p99=1.223e-02,rel=1.846e-04
MXFP4,BITSHIFT,U(-1,1),128,7168,7168,128x64x32_w4_v3,SKIP,opt only LUT path
MXFP4,LUT,U(-1,1),128,7168,7168,128x128x32_w4_v3,SKIP,BN/WARPS != 16
MXFP4,BITSHIFT,U(-1,1),128,7168,7168,128x128x32_w4_v3,SKIP,BN/WARPS != 16
MXFP4,LUT,U(-1,1),128,7168,7168,128x256x32_w8_v3,SKIP,BN/WARPS != 16
MXFP4,BITSHIFT,U(-1,1),128,7168,7168,128x256x32_w8_v3,SKIP,BN/WARPS != 16
MXFP4,LUT,U(-1,1),128,7168,7168,64x64x32_w4_v3,OK,ms=0.820,tflops=16.05,gbps=42.3,maxabs=2.391e-02,p99=1.223e-02,rel=1.846e-04
MXFP4,BITSHIFT,U(-1,1),128,7168,7168,64x64x32_w4_v3,SKIP,opt only LUT path
MXFP4,LUT,U(-1,1),128,7168,7168,64x128x32_w4_v3,SKIP,BN/WARPS != 16
MXFP4,BITSHIFT,U(-1,1),128,7168,7168,64x128x32_w4_v3,SKIP,BN/WARPS != 16
MXFP4,LUT,U(-1,1),128,7168,7168,128x64x32_w4_v4,OK,ms=1.122,tflops=11.72,gbps=30.9,maxabs=2.391e-02,p99=1.223e-02,rel=1.846e-04
MXFP4,BITSHIFT,U(-1,1),128,7168,7168,128x64x32_w4_v4,SKIP,opt only LUT path
MXFP4,LUT,U(-1,1),128,7168,7168,128x128x32_w4_v4,SKIP,BN/WARPS != 16
MXFP4,BITSHIFT,U(-1,1),128,7168,7168,128x128x32_w4_v4,SKIP,BN/WARPS != 16
MXFP4,LUT,U(-1,1),128,7168,7168,64x64x32_w4_v4,OK,ms=0.846,tflops=15.54,gbps=40.9,maxabs=2.391e-02,p99=1.223e-02,rel=1.846e-04
MXFP4,BITSHIFT,U(-1,1),128,7168,7168,64x64x32_w4_v4,SKIP,opt only LUT path
MXFP4,LUT,U(-1,1),128,7168,7168,64x128x32_w4_v4,SKIP,BN/WARPS != 16
MXFP4,BITSHIFT,U(-1,1),128,7168,7168,64x128x32_w4_v4,SKIP,BN/WARPS != 16
MXFP4,LUT,U(-1,1),128,7168,7168,128x64x32_w4_v5,OK,ms=1.125,tflops=11.69,gbps=30.8,maxabs=2.391e-02,p99=1.223e-02,rel=1.846e-04
MXFP4,BITSHIFT,U(-1,1),128,7168,7168,128x64x32_w4_v5,SKIP,opt only LUT path
MXFP4,LUT,U(-1,1),128,7168,7168,128x128x32_w4_v5,SKIP,BN/WARPS != 16
MXFP4,BITSHIFT,U(-1,1),128,7168,7168,128x128x32_w4_v5,SKIP,BN/WARPS != 16
MXFP4,LUT,U(-1,1),128,7168,7168,64x64x32_w4_v5,OK,ms=1.302,tflops=10.11,gbps=26.6,maxabs=2.391e-02,p99=1.223e-02,rel=1.846e-04
MXFP4,BITSHIFT,U(-1,1),128,7168,7168,64x64x32_w4_v5,SKIP,opt only LUT path
MXFP4,LUT,U(-1,1),128,7168,7168,64x128x32_w4_v5,SKIP,BN/WARPS != 16
MXFP4,BITSHIFT,U(-1,1),128,7168,7168,64x128x32_w4_v5,SKIP,BN/WARPS != 16
MXFP4,LUT,U(-1,1),128,7168,7168,128x128x64_w4_v6,SKIP,BN/WARPS != 16
MXFP4,BITSHIFT,U(-1,1),128,7168,7168,128x128x64_w4_v6,SKIP,BN/WARPS != 16
MXFP4,LUT,U(-1,1),128,7168,7168,128x64x64_w4_v6,SKIP,v6 only INT8 (A1 retry)
MXFP4,BITSHIFT,U(-1,1),128,7168,7168,128x64x64_w4_v6,SKIP,opt only LUT path
MXFP4,LUT,U(-1,1),128,7168,7168,64x128x64_w4_v6,SKIP,BN/WARPS != 16
MXFP4,BITSHIFT,U(-1,1),128,7168,7168,64x128x64_w4_v6,SKIP,BN/WARPS != 16
MXFP4,LUT,U(-1,1),128,7168,7168,64x64x64_w4_v6,SKIP,v6 only INT8 (A1 retry)
MXFP4,BITSHIFT,U(-1,1),128,7168,7168,64x64x64_w4_v6,SKIP,opt only LUT path
MXFP4,LUT,U(-1,1),256,7168,7168,16x64x32_w4,OK,ms=6.233,tflops=4.22,gbps=6.7,maxabs=2.392e-02,p99=1.214e-02,rel=1.847e-04
MXFP4,BITSHIFT,U(-1,1),256,7168,7168,16x64x32_w4,OK,ms=8.044,tflops=3.27,gbps=5.2,maxabs=2.391e-02,p99=1.215e-02,rel=1.847e-04
MXFP4,LUT,U(-1,1),256,7168,7168,16x128x32_w8,OK,ms=6.252,tflops=4.21,gbps=6.7,maxabs=2.392e-02,p99=1.214e-02,rel=1.847e-04
MXFP4,BITSHIFT,U(-1,1),256,7168,7168,16x128x32_w8,OK,ms=8.635,tflops=3.05,gbps=4.9,maxabs=2.391e-02,p99=1.215e-02,rel=1.847e-04
MXFP4,LUT,U(-1,1),256,7168,7168,16x128x32_w4f2,SKIP,BN/WARPS != 16
MXFP4,BITSHIFT,U(-1,1),256,7168,7168,16x128x32_w4f2,SKIP,BN/WARPS != 16
MXFP4,LUT,U(-1,1),256,7168,7168,16x256x32_w4f4,SKIP,BN/WARPS != 16
MXFP4,BITSHIFT,U(-1,1),256,7168,7168,16x256x32_w4f4,SKIP,BN/WARPS != 16
MXFP4,LUT,U(-1,1),256,7168,7168,128x64x32_w4_v1,SKIP,no template
MXFP4,BITSHIFT,U(-1,1),256,7168,7168,128x64x32_w4_v1,SKIP,opt only LUT path
MXFP4,LUT,U(-1,1),256,7168,7168,128x128x32_w4_v1,SKIP,BN/WARPS != 16
MXFP4,BITSHIFT,U(-1,1),256,7168,7168,128x128x32_w4_v1,SKIP,BN/WARPS != 16
MXFP4,LUT,U(-1,1),256,7168,7168,128x256x32_w4_v1,SKIP,BN/WARPS != 16
MXFP4,BITSHIFT,U(-1,1),256,7168,7168,128x256x32_w4_v1,SKIP,BN/WARPS != 16
MXFP4,LUT,U(-1,1),256,7168,7168,128x256x32_w8_v1,SKIP,BN/WARPS != 16
MXFP4,BITSHIFT,U(-1,1),256,7168,7168,128x256x32_w8_v1,SKIP,BN/WARPS != 16
MXFP4,LUT,U(-1,1),256,7168,7168,64x64x32_w4_v1,SKIP,no template
MXFP4,BITSHIFT,U(-1,1),256,7168,7168,64x64x32_w4_v1,SKIP,opt only LUT path
MXFP4,LUT,U(-1,1),256,7168,7168,64x128x32_w4_v1,SKIP,BN/WARPS != 16
MXFP4,BITSHIFT,U(-1,1),256,7168,7168,64x128x32_w4_v1,SKIP,BN/WARPS != 16
MXFP4,LUT,U(-1,1),256,7168,7168,128x64x32_w4_v2,OK,ms=1.693,tflops=15.53,gbps=24.8,maxabs=2.392e-02,p99=1.214e-02,rel=1.847e-04
MXFP4,BITSHIFT,U(-1,1),256,7168,7168,128x64x32_w4_v2,SKIP,opt only LUT path
MXFP4,LUT,U(-1,1),256,7168,7168,128x128x32_w4_v2,SKIP,BN/WARPS != 16
MXFP4,BITSHIFT,U(-1,1),256,7168,7168,128x128x32_w4_v2,SKIP,BN/WARPS != 16
MXFP4,LUT,U(-1,1),256,7168,7168,128x256x32_w4_v2,SKIP,BN/WARPS != 16
MXFP4,BITSHIFT,U(-1,1),256,7168,7168,128x256x32_w4_v2,SKIP,BN/WARPS != 16
MXFP4,LUT,U(-1,1),256,7168,7168,128x256x32_w8_v2,SKIP,BN/WARPS != 16
MXFP4,BITSHIFT,U(-1,1),256,7168,7168,128x256x32_w8_v2,SKIP,BN/WARPS != 16
MXFP4,LUT,U(-1,1),256,7168,7168,64x64x32_w4_v2,OK,ms=2.614,tflops=10.06,gbps=16.1,maxabs=2.392e-02,p99=1.214e-02,rel=1.847e-04
MXFP4,BITSHIFT,U(-1,1),256,7168,7168,64x64x32_w4_v2,SKIP,opt only LUT path
MXFP4,LUT,U(-1,1),256,7168,7168,64x128x32_w4_v2,SKIP,BN/WARPS != 16
MXFP4,BITSHIFT,U(-1,1),256,7168,7168,64x128x32_w4_v2,SKIP,BN/WARPS != 16
MXFP4,LUT,U(-1,1),256,7168,7168,128x64x32_w4_v3,OK,ms=1.346,tflops=19.54,gbps=31.2,maxabs=2.392e-02,p99=1.214e-02,rel=1.847e-04
MXFP4,BITSHIFT,U(-1,1),256,7168,7168,128x64x32_w4_v3,SKIP,opt only LUT path
MXFP4,LUT,U(-1,1),256,7168,7168,128x128x32_w4_v3,SKIP,BN/WARPS != 16
MXFP4,BITSHIFT,U(-1,1),256,7168,7168,128x128x32_w4_v3,SKIP,BN/WARPS != 16
MXFP4,LUT,U(-1,1),256,7168,7168,128x256x32_w8_v3,SKIP,BN/WARPS != 16
MXFP4,BITSHIFT,U(-1,1),256,7168,7168,128x256x32_w8_v3,SKIP,BN/WARPS != 16
MXFP4,LUT,U(-1,1),256,7168,7168,64x64x32_w4_v3,OK,ms=2.017,tflops=13.04,gbps=20.8,maxabs=2.392e-02,p99=1.214e-02,rel=1.847e-04
MXFP4,BITSHIFT,U(-1,1),256,7168,7168,64x64x32_w4_v3,SKIP,opt only LUT path
MXFP4,LUT,U(-1,1),256,7168,7168,64x128x32_w4_v3,SKIP,BN/WARPS != 16
MXFP4,BITSHIFT,U(-1,1),256,7168,7168,64x128x32_w4_v3,SKIP,BN/WARPS != 16
MXFP4,LUT,U(-1,1),256,7168,7168,128x64x32_w4_v4,OK,ms=1.354,tflops=19.43,gbps=31.0,maxabs=2.392e-02,p99=1.214e-02,rel=1.847e-04
MXFP4,BITSHIFT,U(-1,1),256,7168,7168,128x64x32_w4_v4,SKIP,opt only LUT path
MXFP4,LUT,U(-1,1),256,7168,7168,128x128x32_w4_v4,SKIP,BN/WARPS != 16
MXFP4,BITSHIFT,U(-1,1),256,7168,7168,128x128x32_w4_v4,SKIP,BN/WARPS != 16
MXFP4,LUT,U(-1,1),256,7168,7168,64x64x32_w4_v4,OK,ms=1.893,tflops=13.90,gbps=22.2,maxabs=2.392e-02,p99=1.214e-02,rel=1.847e-04
MXFP4,BITSHIFT,U(-1,1),256,7168,7168,64x64x32_w4_v4,SKIP,opt only LUT path
MXFP4,LUT,U(-1,1),256,7168,7168,64x128x32_w4_v4,SKIP,BN/WARPS != 16
MXFP4,BITSHIFT,U(-1,1),256,7168,7168,64x128x32_w4_v4,SKIP,BN/WARPS != 16
MXFP4,LUT,U(-1,1),256,7168,7168,128x64x32_w4_v5,OK,ms=2.045,tflops=12.87,gbps=20.5,maxabs=2.392e-02,p99=1.214e-02,rel=1.847e-04
MXFP4,BITSHIFT,U(-1,1),256,7168,7168,128x64x32_w4_v5,SKIP,opt only LUT path
MXFP4,LUT,U(-1,1),256,7168,7168,128x128x32_w4_v5,SKIP,BN/WARPS != 16
MXFP4,BITSHIFT,U(-1,1),256,7168,7168,128x128x32_w4_v5,SKIP,BN/WARPS != 16
MXFP4,LUT,U(-1,1),256,7168,7168,64x64x32_w4_v5,OK,ms=2.138,tflops=12.31,gbps=19.6,maxabs=2.392e-02,p99=1.214e-02,rel=1.847e-04
MXFP4,BITSHIFT,U(-1,1),256,7168,7168,64x64x32_w4_v5,SKIP,opt only LUT path
MXFP4,LUT,U(-1,1),256,7168,7168,64x128x32_w4_v5,SKIP,BN/WARPS != 16
MXFP4,BITSHIFT,U(-1,1),256,7168,7168,64x128x32_w4_v5,SKIP,BN/WARPS != 16
MXFP4,LUT,U(-1,1),256,7168,7168,128x128x64_w4_v6,SKIP,BN/WARPS != 16
MXFP4,BITSHIFT,U(-1,1),256,7168,7168,128x128x64_w4_v6,SKIP,BN/WARPS != 16
MXFP4,LUT,U(-1,1),256,7168,7168,128x64x64_w4_v6,SKIP,v6 only INT8 (A1 retry)
MXFP4,BITSHIFT,U(-1,1),256,7168,7168,128x64x64_w4_v6,SKIP,opt only LUT path
MXFP4,LUT,U(-1,1),256,7168,7168,64x128x64_w4_v6,SKIP,BN/WARPS != 16
MXFP4,BITSHIFT,U(-1,1),256,7168,7168,64x128x64_w4_v6,SKIP,BN/WARPS != 16
MXFP4,LUT,U(-1,1),256,7168,7168,64x64x64_w4_v6,SKIP,v6 only INT8 (A1 retry)
MXFP4,BITSHIFT,U(-1,1),256,7168,7168,64x64x64_w4_v6,SKIP,opt only LUT path
MXFP4,LUT,U(-1,1),512,7168,7168,16x64x32_w4,OK,ms=10.896,tflops=4.83,gbps=5.2,maxabs=2.579e-02,p99=1.241e-02,rel=1.847e-04
MXFP4,BITSHIFT,U(-1,1),512,7168,7168,16x64x32_w4,OK,ms=16.133,tflops=3.26,gbps=3.5,maxabs=2.580e-02,p99=1.242e-02,rel=1.847e-04
MXFP4,LUT,U(-1,1),512,7168,7168,16x128x32_w8,OK,ms=12.514,tflops=4.20,gbps=4.5,maxabs=2.579e-02,p99=1.241e-02,rel=1.847e-04
MXFP4,BITSHIFT,U(-1,1),512,7168,7168,16x128x32_w8,OK,ms=17.290,tflops=3.04,gbps=3.3,maxabs=2.580e-02,p99=1.242e-02,rel=1.847e-04
MXFP4,LUT,U(-1,1),512,7168,7168,16x128x32_w4f2,SKIP,BN/WARPS != 16
MXFP4,BITSHIFT,U(-1,1),512,7168,7168,16x128x32_w4f2,SKIP,BN/WARPS != 16
MXFP4,LUT,U(-1,1),512,7168,7168,16x256x32_w4f4,SKIP,BN/WARPS != 16
MXFP4,BITSHIFT,U(-1,1),512,7168,7168,16x256x32_w4f4,SKIP,BN/WARPS != 16
MXFP4,LUT,U(-1,1),512,7168,7168,128x64x32_w4_v1,SKIP,no template
MXFP4,BITSHIFT,U(-1,1),512,7168,7168,128x64x32_w4_v1,SKIP,opt only LUT path
MXFP4,LUT,U(-1,1),512,7168,7168,128x128x32_w4_v1,SKIP,BN/WARPS != 16
MXFP4,BITSHIFT,U(-1,1),512,7168,7168,128x128x32_w4_v1,SKIP,BN/WARPS != 16
MXFP4,LUT,U(-1,1),512,7168,7168,128x256x32_w4_v1,SKIP,BN/WARPS != 16
MXFP4,BITSHIFT,U(-1,1),512,7168,7168,128x256x32_w4_v1,SKIP,BN/WARPS != 16
MXFP4,LUT,U(-1,1),512,7168,7168,128x256x32_w8_v1,SKIP,BN/WARPS != 16
MXFP4,BITSHIFT,U(-1,1),512,7168,7168,128x256x32_w8_v1,SKIP,BN/WARPS != 16
MXFP4,LUT,U(-1,1),512,7168,7168,64x64x32_w4_v1,SKIP,no template
MXFP4,BITSHIFT,U(-1,1),512,7168,7168,64x64x32_w4_v1,SKIP,opt only LUT path
MXFP4,LUT,U(-1,1),512,7168,7168,64x128x32_w4_v1,SKIP,BN/WARPS != 16
MXFP4,BITSHIFT,U(-1,1),512,7168,7168,64x128x32_w4_v1,SKIP,BN/WARPS != 16
MXFP4,LUT,U(-1,1),512,7168,7168,128x64x32_w4_v2,OK,ms=3.890,tflops=13.53,gbps=14.6,maxabs=2.579e-02,p99=1.241e-02,rel=1.847e-04
MXFP4,BITSHIFT,U(-1,1),512,7168,7168,128x64x32_w4_v2,SKIP,opt only LUT path
MXFP4,LUT,U(-1,1),512,7168,7168,128x128x32_w4_v2,SKIP,BN/WARPS != 16
MXFP4,BITSHIFT,U(-1,1),512,7168,7168,128x128x32_w4_v2,SKIP,BN/WARPS != 16
MXFP4,LUT,U(-1,1),512,7168,7168,128x256x32_w4_v2,SKIP,BN/WARPS != 16
MXFP4,BITSHIFT,U(-1,1),512,7168,7168,128x256x32_w4_v2,SKIP,BN/WARPS != 16
MXFP4,LUT,U(-1,1),512,7168,7168,128x256x32_w8_v2,SKIP,BN/WARPS != 16
MXFP4,BITSHIFT,U(-1,1),512,7168,7168,128x256x32_w8_v2,SKIP,BN/WARPS != 16
MXFP4,LUT,U(-1,1),512,7168,7168,64x64x32_w4_v2,OK,ms=4.328,tflops=12.16,gbps=13.1,maxabs=2.579e-02,p99=1.241e-02,rel=1.847e-04
MXFP4,BITSHIFT,U(-1,1),512,7168,7168,64x64x32_w4_v2,SKIP,opt only LUT path
MXFP4,LUT,U(-1,1),512,7168,7168,64x128x32_w4_v2,SKIP,BN/WARPS != 16
MXFP4,BITSHIFT,U(-1,1),512,7168,7168,64x128x32_w4_v2,SKIP,BN/WARPS != 16
MXFP4,LUT,U(-1,1),512,7168,7168,128x64x32_w4_v3,OK,ms=2.692,tflops=19.54,gbps=21.0,maxabs=2.579e-02,p99=1.241e-02,rel=1.847e-04
MXFP4,BITSHIFT,U(-1,1),512,7168,7168,128x64x32_w4_v3,SKIP,opt only LUT path
MXFP4,LUT,U(-1,1),512,7168,7168,128x128x32_w4_v3,SKIP,BN/WARPS != 16
MXFP4,BITSHIFT,U(-1,1),512,7168,7168,128x128x32_w4_v3,SKIP,BN/WARPS != 16
MXFP4,LUT,U(-1,1),512,7168,7168,128x256x32_w8_v3,SKIP,BN/WARPS != 16
MXFP4,BITSHIFT,U(-1,1),512,7168,7168,128x256x32_w8_v3,SKIP,BN/WARPS != 16
MXFP4,LUT,U(-1,1),512,7168,7168,64x64x32_w4_v3,OK,ms=3.004,tflops=17.52,gbps=18.9,maxabs=2.579e-02,p99=1.241e-02,rel=1.847e-04
MXFP4,BITSHIFT,U(-1,1),512,7168,7168,64x64x32_w4_v3,SKIP,opt only LUT path
MXFP4,LUT,U(-1,1),512,7168,7168,64x128x32_w4_v3,SKIP,BN/WARPS != 16
MXFP4,BITSHIFT,U(-1,1),512,7168,7168,64x128x32_w4_v3,SKIP,BN/WARPS != 16
MXFP4,LUT,U(-1,1),512,7168,7168,128x64x32_w4_v4,OK,ms=2.704,tflops=19.46,gbps=21.0,maxabs=2.579e-02,p99=1.241e-02,rel=1.847e-04
MXFP4,BITSHIFT,U(-1,1),512,7168,7168,128x64x32_w4_v4,SKIP,opt only LUT path
MXFP4,LUT,U(-1,1),512,7168,7168,128x128x32_w4_v4,SKIP,BN/WARPS != 16
MXFP4,BITSHIFT,U(-1,1),512,7168,7168,128x128x32_w4_v4,SKIP,BN/WARPS != 16
MXFP4,LUT,U(-1,1),512,7168,7168,64x64x32_w4_v4,OK,ms=3.292,tflops=15.98,gbps=17.2,maxabs=2.579e-02,p99=1.241e-02,rel=1.847e-04
MXFP4,BITSHIFT,U(-1,1),512,7168,7168,64x64x32_w4_v4,SKIP,opt only LUT path
MXFP4,LUT,U(-1,1),512,7168,7168,64x128x32_w4_v4,SKIP,BN/WARPS != 16
MXFP4,BITSHIFT,U(-1,1),512,7168,7168,64x128x32_w4_v4,SKIP,BN/WARPS != 16
MXFP4,LUT,U(-1,1),512,7168,7168,128x64x32_w4_v5,OK,ms=3.436,tflops=15.31,gbps=16.5,maxabs=2.579e-02,p99=1.241e-02,rel=1.847e-04
MXFP4,BITSHIFT,U(-1,1),512,7168,7168,128x64x32_w4_v5,SKIP,opt only LUT path
MXFP4,LUT,U(-1,1),512,7168,7168,128x128x32_w4_v5,SKIP,BN/WARPS != 16
MXFP4,BITSHIFT,U(-1,1),512,7168,7168,128x128x32_w4_v5,SKIP,BN/WARPS != 16
MXFP4,LUT,U(-1,1),512,7168,7168,64x64x32_w4_v5,OK,ms=4.301,tflops=12.23,gbps=13.2,maxabs=2.579e-02,p99=1.241e-02,rel=1.847e-04
MXFP4,BITSHIFT,U(-1,1),512,7168,7168,64x64x32_w4_v5,SKIP,opt only LUT path
MXFP4,LUT,U(-1,1),512,7168,7168,64x128x32_w4_v5,SKIP,BN/WARPS != 16
MXFP4,BITSHIFT,U(-1,1),512,7168,7168,64x128x32_w4_v5,SKIP,BN/WARPS != 16
MXFP4,LUT,U(-1,1),512,7168,7168,128x128x64_w4_v6,SKIP,BN/WARPS != 16
MXFP4,BITSHIFT,U(-1,1),512,7168,7168,128x128x64_w4_v6,SKIP,BN/WARPS != 16
MXFP4,LUT,U(-1,1),512,7168,7168,128x64x64_w4_v6,SKIP,v6 only INT8 (A1 retry)
MXFP4,BITSHIFT,U(-1,1),512,7168,7168,128x64x64_w4_v6,SKIP,opt only LUT path
MXFP4,LUT,U(-1,1),512,7168,7168,64x128x64_w4_v6,SKIP,BN/WARPS != 16
MXFP4,BITSHIFT,U(-1,1),512,7168,7168,64x128x64_w4_v6,SKIP,BN/WARPS != 16
MXFP4,LUT,U(-1,1),512,7168,7168,64x64x64_w4_v6,SKIP,v6 only INT8 (A1 retry)
MXFP4,BITSHIFT,U(-1,1),512,7168,7168,64x64x64_w4_v6,SKIP,opt only LUT path
MXFP4,LUT,U(-1,1),1024,7168,7168,16x64x32_w4,OK,ms=21.776,tflops=4.83,gbps=3.9,maxabs=2.579e-02,p99=1.245e-02,rel=1.846e-04
MXFP4,BITSHIFT,U(-1,1),1024,7168,7168,16x64x32_w4,OK,ms=31.840,tflops=3.30,gbps=2.7,maxabs=2.580e-02,p99=1.245e-02,rel=1.846e-04
MXFP4,LUT,U(-1,1),1024,7168,7168,16x128x32_w8,OK,ms=25.042,tflops=4.20,gbps=3.4,maxabs=2.579e-02,p99=1.245e-02,rel=1.846e-04
MXFP4,BITSHIFT,U(-1,1),1024,7168,7168,16x128x32_w8,OK,ms=34.301,tflops=3.07,gbps=2.5,maxabs=2.580e-02,p99=1.245e-02,rel=1.846e-04
MXFP4,LUT,U(-1,1),1024,7168,7168,16x128x32_w4f2,SKIP,BN/WARPS != 16
MXFP4,BITSHIFT,U(-1,1),1024,7168,7168,16x128x32_w4f2,SKIP,BN/WARPS != 16
MXFP4,LUT,U(-1,1),1024,7168,7168,16x256x32_w4f4,SKIP,BN/WARPS != 16
MXFP4,BITSHIFT,U(-1,1),1024,7168,7168,16x256x32_w4f4,SKIP,BN/WARPS != 16
MXFP4,LUT,U(-1,1),1024,7168,7168,128x64x32_w4_v1,SKIP,no template
MXFP4,BITSHIFT,U(-1,1),1024,7168,7168,128x64x32_w4_v1,SKIP,opt only LUT path
MXFP4,LUT,U(-1,1),1024,7168,7168,128x128x32_w4_v1,SKIP,BN/WARPS != 16
MXFP4,BITSHIFT,U(-1,1),1024,7168,7168,128x128x32_w4_v1,SKIP,BN/WARPS != 16
MXFP4,LUT,U(-1,1),1024,7168,7168,128x256x32_w4_v1,SKIP,BN/WARPS != 16
MXFP4,BITSHIFT,U(-1,1),1024,7168,7168,128x256x32_w4_v1,SKIP,BN/WARPS != 16
MXFP4,LUT,U(-1,1),1024,7168,7168,128x256x32_w8_v1,SKIP,BN/WARPS != 16
MXFP4,BITSHIFT,U(-1,1),1024,7168,7168,128x256x32_w8_v1,SKIP,BN/WARPS != 16
MXFP4,LUT,U(-1,1),1024,7168,7168,64x64x32_w4_v1,SKIP,no template
MXFP4,BITSHIFT,U(-1,1),1024,7168,7168,64x64x32_w4_v1,SKIP,opt only LUT path
MXFP4,LUT,U(-1,1),1024,7168,7168,64x128x32_w4_v1,SKIP,BN/WARPS != 16
MXFP4,BITSHIFT,U(-1,1),1024,7168,7168,64x128x32_w4_v1,SKIP,BN/WARPS != 16
MXFP4,LUT,U(-1,1),1024,7168,7168,128x64x32_w4_v2,OK,ms=5.722,tflops=18.39,gbps=15.0,maxabs=2.579e-02,p99=1.245e-02,rel=1.846e-04
MXFP4,BITSHIFT,U(-1,1),1024,7168,7168,128x64x32_w4_v2,SKIP,opt only LUT path
MXFP4,LUT,U(-1,1),1024,7168,7168,128x128x32_w4_v2,SKIP,BN/WARPS != 16
MXFP4,BITSHIFT,U(-1,1),1024,7168,7168,128x128x32_w4_v2,SKIP,BN/WARPS != 16
MXFP4,LUT,U(-1,1),1024,7168,7168,128x256x32_w4_v2,SKIP,BN/WARPS != 16
MXFP4,BITSHIFT,U(-1,1),1024,7168,7168,128x256x32_w4_v2,SKIP,BN/WARPS != 16
MXFP4,LUT,U(-1,1),1024,7168,7168,128x256x32_w8_v2,SKIP,BN/WARPS != 16
MXFP4,BITSHIFT,U(-1,1),1024,7168,7168,128x256x32_w8_v2,SKIP,BN/WARPS != 16
MXFP4,LUT,U(-1,1),1024,7168,7168,64x64x32_w4_v2,OK,ms=7.370,tflops=14.28,gbps=11.7,maxabs=2.579e-02,p99=1.245e-02,rel=1.846e-04
MXFP4,BITSHIFT,U(-1,1),1024,7168,7168,64x64x32_w4_v2,SKIP,opt only LUT path
MXFP4,LUT,U(-1,1),1024,7168,7168,64x128x32_w4_v2,SKIP,BN/WARPS != 16
MXFP4,BITSHIFT,U(-1,1),1024,7168,7168,64x128x32_w4_v2,SKIP,BN/WARPS != 16
MXFP4,LUT,U(-1,1),1024,7168,7168,128x64x32_w4_v3,OK,ms=5.350,tflops=19.67,gbps=16.1,maxabs=2.579e-02,p99=1.245e-02,rel=1.846e-04
MXFP4,BITSHIFT,U(-1,1),1024,7168,7168,128x64x32_w4_v3,SKIP,opt only LUT path
MXFP4,LUT,U(-1,1),1024,7168,7168,128x128x32_w4_v3,SKIP,BN/WARPS != 16
MXFP4,BITSHIFT,U(-1,1),1024,7168,7168,128x128x32_w4_v3,SKIP,BN/WARPS != 16
MXFP4,LUT,U(-1,1),1024,7168,7168,128x256x32_w8_v3,SKIP,BN/WARPS != 16
MXFP4,BITSHIFT,U(-1,1),1024,7168,7168,128x256x32_w8_v3,SKIP,BN/WARPS != 16
MXFP4,LUT,U(-1,1),1024,7168,7168,64x64x32_w4_v3,OK,ms=5.996,tflops=17.55,gbps=14.3,maxabs=2.579e-02,p99=1.245e-02,rel=1.846e-04
MXFP4,BITSHIFT,U(-1,1),1024,7168,7168,64x64x32_w4_v3,SKIP,opt only LUT path
MXFP4,LUT,U(-1,1),1024,7168,7168,64x128x32_w4_v3,SKIP,BN/WARPS != 16
MXFP4,BITSHIFT,U(-1,1),1024,7168,7168,64x128x32_w4_v3,SKIP,BN/WARPS != 16
MXFP4,LUT,U(-1,1),1024,7168,7168,128x64x32_w4_v4,OK,ms=5.382,tflops=19.55,gbps=16.0,maxabs=2.579e-02,p99=1.245e-02,rel=1.846e-04
MXFP4,BITSHIFT,U(-1,1),1024,7168,7168,128x64x32_w4_v4,SKIP,opt only LUT path
MXFP4,LUT,U(-1,1),1024,7168,7168,128x128x32_w4_v4,SKIP,BN/WARPS != 16
MXFP4,BITSHIFT,U(-1,1),1024,7168,7168,128x128x32_w4_v4,SKIP,BN/WARPS != 16
MXFP4,LUT,U(-1,1),1024,7168,7168,64x64x32_w4_v4,OK,ms=6.149,tflops=17.11,gbps=14.0,maxabs=2.579e-02,p99=1.245e-02,rel=1.846e-04
MXFP4,BITSHIFT,U(-1,1),1024,7168,7168,64x64x32_w4_v4,SKIP,opt only LUT path
MXFP4,LUT,U(-1,1),1024,7168,7168,64x128x32_w4_v4,SKIP,BN/WARPS != 16
MXFP4,BITSHIFT,U(-1,1),1024,7168,7168,64x128x32_w4_v4,SKIP,BN/WARPS != 16
MXFP4,LUT,U(-1,1),1024,7168,7168,128x64x32_w4_v5,OK,ms=7.037,tflops=14.95,gbps=12.2,maxabs=2.579e-02,p99=1.245e-02,rel=1.846e-04
MXFP4,BITSHIFT,U(-1,1),1024,7168,7168,128x64x32_w4_v5,SKIP,opt only LUT path
MXFP4,LUT,U(-1,1),1024,7168,7168,128x128x32_w4_v5,SKIP,BN/WARPS != 16
MXFP4,BITSHIFT,U(-1,1),1024,7168,7168,128x128x32_w4_v5,SKIP,BN/WARPS != 16
MXFP4,LUT,U(-1,1),1024,7168,7168,64x64x32_w4_v5,OK,ms=8.620,tflops=12.21,gbps=10.0,maxabs=2.579e-02,p99=1.245e-02,rel=1.846e-04
MXFP4,BITSHIFT,U(-1,1),1024,7168,7168,64x64x32_w4_v5,SKIP,opt only LUT path
MXFP4,LUT,U(-1,1),1024,7168,7168,64x128x32_w4_v5,SKIP,BN/WARPS != 16
MXFP4,BITSHIFT,U(-1,1),1024,7168,7168,64x128x32_w4_v5,SKIP,BN/WARPS != 16
MXFP4,LUT,U(-1,1),1024,7168,7168,128x128x64_w4_v6,SKIP,BN/WARPS != 16
MXFP4,BITSHIFT,U(-1,1),1024,7168,7168,128x128x64_w4_v6,SKIP,BN/WARPS != 16
MXFP4,LUT,U(-1,1),1024,7168,7168,128x64x64_w4_v6,SKIP,v6 only INT8 (A1 retry)
MXFP4,BITSHIFT,U(-1,1),1024,7168,7168,128x64x64_w4_v6,SKIP,opt only LUT path
MXFP4,LUT,U(-1,1),1024,7168,7168,64x128x64_w4_v6,SKIP,BN/WARPS != 16
MXFP4,BITSHIFT,U(-1,1),1024,7168,7168,64x128x64_w4_v6,SKIP,BN/WARPS != 16
MXFP4,LUT,U(-1,1),1024,7168,7168,64x64x64_w4_v6,SKIP,v6 only INT8 (A1 retry)
MXFP4,BITSHIFT,U(-1,1),1024,7168,7168,64x64x64_w4_v6,SKIP,opt only LUT path
MXFP4,LUT,U(-1,1),2048,7168,7168,16x64x32_w4,OK,ms=43.549,tflops=4.83,gbps=3.3,maxabs=2.631e-02,p99=1.225e-02,rel=1.846e-04
MXFP4,BITSHIFT,U(-1,1),2048,7168,7168,16x64x32_w4,OK,ms=61.525,tflops=3.42,gbps=2.4,maxabs=2.630e-02,p99=1.226e-02,rel=1.846e-04
MXFP4,LUT,U(-1,1),2048,7168,7168,16x128x32_w8,OK,ms=47.997,tflops=4.38,gbps=3.0,maxabs=2.631e-02,p99=1.225e-02,rel=1.846e-04
MXFP4,BITSHIFT,U(-1,1),2048,7168,7168,16x128x32_w8,OK,ms=66.043,tflops=3.19,gbps=2.2,maxabs=2.630e-02,p99=1.226e-02,rel=1.846e-04
MXFP4,LUT,U(-1,1),2048,7168,7168,16x128x32_w4f2,SKIP,BN/WARPS != 16
MXFP4,BITSHIFT,U(-1,1),2048,7168,7168,16x128x32_w4f2,SKIP,BN/WARPS != 16
MXFP4,LUT,U(-1,1),2048,7168,7168,16x256x32_w4f4,SKIP,BN/WARPS != 16
MXFP4,BITSHIFT,U(-1,1),2048,7168,7168,16x256x32_w4f4,SKIP,BN/WARPS != 16
MXFP4,LUT,U(-1,1),2048,7168,7168,128x64x32_w4_v1,SKIP,no template
MXFP4,BITSHIFT,U(-1,1),2048,7168,7168,128x64x32_w4_v1,SKIP,opt only LUT path
MXFP4,LUT,U(-1,1),2048,7168,7168,128x128x32_w4_v1,SKIP,BN/WARPS != 16
MXFP4,BITSHIFT,U(-1,1),2048,7168,7168,128x128x32_w4_v1,SKIP,BN/WARPS != 16
MXFP4,LUT,U(-1,1),2048,7168,7168,128x256x32_w4_v1,SKIP,BN/WARPS != 16
MXFP4,BITSHIFT,U(-1,1),2048,7168,7168,128x256x32_w4_v1,SKIP,BN/WARPS != 16
MXFP4,LUT,U(-1,1),2048,7168,7168,128x256x32_w8_v1,SKIP,BN/WARPS != 16
MXFP4,BITSHIFT,U(-1,1),2048,7168,7168,128x256x32_w8_v1,SKIP,BN/WARPS != 16
MXFP4,LUT,U(-1,1),2048,7168,7168,64x64x32_w4_v1,SKIP,no template
MXFP4,BITSHIFT,U(-1,1),2048,7168,7168,64x64x32_w4_v1,SKIP,opt only LUT path
MXFP4,LUT,U(-1,1),2048,7168,7168,64x128x32_w4_v1,SKIP,BN/WARPS != 16
MXFP4,BITSHIFT,U(-1,1),2048,7168,7168,64x128x32_w4_v1,SKIP,BN/WARPS != 16
MXFP4,LUT,U(-1,1),2048,7168,7168,128x64x32_w4_v2,OK,ms=11.472,tflops=18.35,gbps=12.6,maxabs=2.631e-02,p99=1.225e-02,rel=1.846e-04
MXFP4,BITSHIFT,U(-1,1),2048,7168,7168,128x64x32_w4_v2,SKIP,opt only LUT path
MXFP4,LUT,U(-1,1),2048,7168,7168,128x128x32_w4_v2,SKIP,BN/WARPS != 16
MXFP4,BITSHIFT,U(-1,1),2048,7168,7168,128x128x32_w4_v2,SKIP,BN/WARPS != 16
MXFP4,LUT,U(-1,1),2048,7168,7168,128x256x32_w4_v2,SKIP,BN/WARPS != 16
MXFP4,BITSHIFT,U(-1,1),2048,7168,7168,128x256x32_w4_v2,SKIP,BN/WARPS != 16
MXFP4,LUT,U(-1,1),2048,7168,7168,128x256x32_w8_v2,SKIP,BN/WARPS != 16
MXFP4,BITSHIFT,U(-1,1),2048,7168,7168,128x256x32_w8_v2,SKIP,BN/WARPS != 16
MXFP4,LUT,U(-1,1),2048,7168,7168,64x64x32_w4_v2,OK,ms=13.154,tflops=16.00,gbps=11.0,maxabs=2.631e-02,p99=1.225e-02,rel=1.846e-04
MXFP4,BITSHIFT,U(-1,1),2048,7168,7168,64x64x32_w4_v2,SKIP,opt only LUT path
MXFP4,LUT,U(-1,1),2048,7168,7168,64x128x32_w4_v2,SKIP,BN/WARPS != 16
MXFP4,BITSHIFT,U(-1,1),2048,7168,7168,64x128x32_w4_v2,SKIP,BN/WARPS != 16
MXFP4,LUT,U(-1,1),2048,7168,7168,128x64x32_w4_v3,OK,ms=10.663,tflops=19.74,gbps=13.6,maxabs=2.631e-02,p99=1.225e-02,rel=1.846e-04
MXFP4,BITSHIFT,U(-1,1),2048,7168,7168,128x64x32_w4_v3,SKIP,opt only LUT path
MXFP4,LUT,U(-1,1),2048,7168,7168,128x128x32_w4_v3,SKIP,BN/WARPS != 16
MXFP4,BITSHIFT,U(-1,1),2048,7168,7168,128x128x32_w4_v3,SKIP,BN/WARPS != 16
MXFP4,LUT,U(-1,1),2048,7168,7168,128x256x32_w8_v3,SKIP,BN/WARPS != 16
MXFP4,BITSHIFT,U(-1,1),2048,7168,7168,128x256x32_w8_v3,SKIP,BN/WARPS != 16
MXFP4,LUT,U(-1,1),2048,7168,7168,64x64x32_w4_v3,OK,ms=11.890,tflops=17.70,gbps=12.2,maxabs=2.631e-02,p99=1.225e-02,rel=1.846e-04
MXFP4,BITSHIFT,U(-1,1),2048,7168,7168,64x64x32_w4_v3,SKIP,opt only LUT path
MXFP4,LUT,U(-1,1),2048,7168,7168,64x128x32_w4_v3,SKIP,BN/WARPS != 16
MXFP4,BITSHIFT,U(-1,1),2048,7168,7168,64x128x32_w4_v3,SKIP,BN/WARPS != 16
MXFP4,LUT,U(-1,1),2048,7168,7168,128x64x32_w4_v4,OK,ms=10.733,tflops=19.61,gbps=13.5,maxabs=2.631e-02,p99=1.225e-02,rel=1.846e-04
MXFP4,BITSHIFT,U(-1,1),2048,7168,7168,128x64x32_w4_v4,SKIP,opt only LUT path
MXFP4,LUT,U(-1,1),2048,7168,7168,128x128x32_w4_v4,SKIP,BN/WARPS != 16
MXFP4,BITSHIFT,U(-1,1),2048,7168,7168,128x128x32_w4_v4,SKIP,BN/WARPS != 16
MXFP4,LUT,U(-1,1),2048,7168,7168,64x64x32_w4_v4,OK,ms=11.042,tflops=19.06,gbps=13.1,maxabs=2.631e-02,p99=1.225e-02,rel=1.846e-04
MXFP4,BITSHIFT,U(-1,1),2048,7168,7168,64x64x32_w4_v4,SKIP,opt only LUT path
MXFP4,LUT,U(-1,1),2048,7168,7168,64x128x32_w4_v4,SKIP,BN/WARPS != 16
MXFP4,BITSHIFT,U(-1,1),2048,7168,7168,64x128x32_w4_v4,SKIP,BN/WARPS != 16
MXFP4,LUT,U(-1,1),2048,7168,7168,128x64x32_w4_v5,OK,ms=13.904,tflops=15.14,gbps=10.4,maxabs=2.631e-02,p99=1.225e-02,rel=1.846e-04
MXFP4,BITSHIFT,U(-1,1),2048,7168,7168,128x64x32_w4_v5,SKIP,opt only LUT path
MXFP4,LUT,U(-1,1),2048,7168,7168,128x128x32_w4_v5,SKIP,BN/WARPS != 16
MXFP4,BITSHIFT,U(-1,1),2048,7168,7168,128x128x32_w4_v5,SKIP,BN/WARPS != 16
MXFP4,LUT,U(-1,1),2048,7168,7168,64x64x32_w4_v5,OK,ms=16.785,tflops=12.54,gbps=8.6,maxabs=2.631e-02,p99=1.225e-02,rel=1.846e-04
MXFP4,BITSHIFT,U(-1,1),2048,7168,7168,64x64x32_w4_v5,SKIP,opt only LUT path
MXFP4,LUT,U(-1,1),2048,7168,7168,64x128x32_w4_v5,SKIP,BN/WARPS != 16
MXFP4,BITSHIFT,U(-1,1),2048,7168,7168,64x128x32_w4_v5,SKIP,BN/WARPS != 16
MXFP4,LUT,U(-1,1),2048,7168,7168,128x128x64_w4_v6,SKIP,BN/WARPS != 16
MXFP4,BITSHIFT,U(-1,1),2048,7168,7168,128x128x64_w4_v6,SKIP,BN/WARPS != 16
MXFP4,LUT,U(-1,1),2048,7168,7168,128x64x64_w4_v6,SKIP,v6 only INT8 (A1 retry)
MXFP4,BITSHIFT,U(-1,1),2048,7168,7168,128x64x64_w4_v6,SKIP,opt only LUT path
MXFP4,LUT,U(-1,1),2048,7168,7168,64x128x64_w4_v6,SKIP,BN/WARPS != 16
MXFP4,BITSHIFT,U(-1,1),2048,7168,7168,64x128x64_w4_v6,SKIP,BN/WARPS != 16
MXFP4,LUT,U(-1,1),2048,7168,7168,64x64x64_w4_v6,SKIP,v6 only INT8 (A1 retry)
MXFP4,BITSHIFT,U(-1,1),2048,7168,7168,64x64x64_w4_v6,SKIP,opt only LUT path
F8_E4M3_B128,LUT,U(-1,1),1,4096,4096,16x64x32_w4,OK,ms=1.177,tflops=0.03,gbps=14.4,maxabs=1.289e-02,p99=9.838e-03,rel=1.839e-04
F8_E4M3_B128,BITSHIFT,U(-1,1),1,4096,4096,16x64x32_w4,OK,ms=1.251,tflops=0.03,gbps=13.5,maxabs=1.288e-02,p99=9.842e-03,rel=1.839e-04
F8_E4M3_B128,LUT,U(-1,1),1,4096,4096,16x128x32_w8,OK,ms=1.244,tflops=0.03,gbps=13.6,maxabs=1.289e-02,p99=9.838e-03,rel=1.839e-04
F8_E4M3_B128,BITSHIFT,U(-1,1),1,4096,4096,16x128x32_w8,OK,ms=1.357,tflops=0.02,gbps=12.5,maxabs=1.288e-02,p99=9.842e-03,rel=1.839e-04
F8_E4M3_B128,LUT,U(-1,1),1,4096,4096,16x128x32_w4f2,SKIP,BN/WARPS != 16
F8_E4M3_B128,BITSHIFT,U(-1,1),1,4096,4096,16x128x32_w4f2,SKIP,BN/WARPS != 16
F8_E4M3_B128,LUT,U(-1,1),1,4096,4096,16x256x32_w4f4,SKIP,BN/WARPS != 16
F8_E4M3_B128,BITSHIFT,U(-1,1),1,4096,4096,16x256x32_w4f4,SKIP,BN/WARPS != 16
F8_E4M3_B128,LUT,U(-1,1),1,4096,4096,128x64x32_w4_v1,SKIP,no template
F8_E4M3_B128,BITSHIFT,U(-1,1),1,4096,4096,128x64x32_w4_v1,SKIP,opt only LUT path
F8_E4M3_B128,LUT,U(-1,1),1,4096,4096,128x128x32_w4_v1,SKIP,BN/WARPS != 16
F8_E4M3_B128,BITSHIFT,U(-1,1),1,4096,4096,128x128x32_w4_v1,SKIP,BN/WARPS != 16
F8_E4M3_B128,LUT,U(-1,1),1,4096,4096,128x256x32_w4_v1,SKIP,BN/WARPS != 16
F8_E4M3_B128,BITSHIFT,U(-1,1),1,4096,4096,128x256x32_w4_v1,SKIP,BN/WARPS != 16
F8_E4M3_B128,LUT,U(-1,1),1,4096,4096,128x256x32_w8_v1,SKIP,BN/WARPS != 16
F8_E4M3_B128,BITSHIFT,U(-1,1),1,4096,4096,128x256x32_w8_v1,SKIP,BN/WARPS != 16
F8_E4M3_B128,LUT,U(-1,1),1,4096,4096,64x64x32_w4_v1,SKIP,no template
F8_E4M3_B128,BITSHIFT,U(-1,1),1,4096,4096,64x64x32_w4_v1,SKIP,opt only LUT path
F8_E4M3_B128,LUT,U(-1,1),1,4096,4096,64x128x32_w4_v1,SKIP,BN/WARPS != 16
F8_E4M3_B128,BITSHIFT,U(-1,1),1,4096,4096,64x128x32_w4_v1,SKIP,BN/WARPS != 16
F8_E4M3_B128,LUT,U(-1,1),1,4096,4096,128x64x32_w4_v2,OK,ms=1.347,tflops=0.02,gbps=12.6,maxabs=1.289e-02,p99=9.838e-03,rel=1.839e-04
F8_E4M3_B128,BITSHIFT,U(-1,1),1,4096,4096,128x64x32_w4_v2,SKIP,opt only LUT path
F8_E4M3_B128,LUT,U(-1,1),1,4096,4096,128x128x32_w4_v2,SKIP,BN/WARPS != 16
F8_E4M3_B128,BITSHIFT,U(-1,1),1,4096,4096,128x128x32_w4_v2,SKIP,BN/WARPS != 16
F8_E4M3_B128,LUT,U(-1,1),1,4096,4096,128x256x32_w4_v2,SKIP,BN/WARPS != 16
F8_E4M3_B128,BITSHIFT,U(-1,1),1,4096,4096,128x256x32_w4_v2,SKIP,BN/WARPS != 16
F8_E4M3_B128,LUT,U(-1,1),1,4096,4096,128x256x32_w8_v2,SKIP,BN/WARPS != 16
F8_E4M3_B128,BITSHIFT,U(-1,1),1,4096,4096,128x256x32_w8_v2,SKIP,BN/WARPS != 16
F8_E4M3_B128,LUT,U(-1,1),1,4096,4096,64x64x32_w4_v2,OK,ms=1.252,tflops=0.03,gbps=13.5,maxabs=1.289e-02,p99=9.838e-03,rel=1.839e-04
F8_E4M3_B128,BITSHIFT,U(-1,1),1,4096,4096,64x64x32_w4_v2,SKIP,opt only LUT path
F8_E4M3_B128,LUT,U(-1,1),1,4096,4096,64x128x32_w4_v2,SKIP,BN/WARPS != 16
F8_E4M3_B128,BITSHIFT,U(-1,1),1,4096,4096,64x128x32_w4_v2,SKIP,BN/WARPS != 16
F8_E4M3_B128,LUT,U(-1,1),1,4096,4096,128x64x32_w4_v3,OK,ms=0.806,tflops=0.04,gbps=21.0,maxabs=1.289e-02,p99=9.838e-03,rel=1.839e-04
F8_E4M3_B128,BITSHIFT,U(-1,1),1,4096,4096,128x64x32_w4_v3,SKIP,opt only LUT path
F8_E4M3_B128,LUT,U(-1,1),1,4096,4096,128x128x32_w4_v3,SKIP,BN/WARPS != 16
F8_E4M3_B128,BITSHIFT,U(-1,1),1,4096,4096,128x128x32_w4_v3,SKIP,BN/WARPS != 16
F8_E4M3_B128,LUT,U(-1,1),1,4096,4096,128x256x32_w8_v3,SKIP,BN/WARPS != 16
F8_E4M3_B128,BITSHIFT,U(-1,1),1,4096,4096,128x256x32_w8_v3,SKIP,BN/WARPS != 16
F8_E4M3_B128,LUT,U(-1,1),1,4096,4096,64x64x32_w4_v3,OK,ms=0.676,tflops=0.05,gbps=25.1,maxabs=1.289e-02,p99=9.838e-03,rel=1.839e-04
F8_E4M3_B128,BITSHIFT,U(-1,1),1,4096,4096,64x64x32_w4_v3,SKIP,opt only LUT path
F8_E4M3_B128,LUT,U(-1,1),1,4096,4096,64x128x32_w4_v3,SKIP,BN/WARPS != 16
F8_E4M3_B128,BITSHIFT,U(-1,1),1,4096,4096,64x128x32_w4_v3,SKIP,BN/WARPS != 16
F8_E4M3_B128,LUT,U(-1,1),1,4096,4096,128x64x32_w4_v4,OK,ms=0.816,tflops=0.04,gbps=20.8,maxabs=1.289e-02,p99=9.838e-03,rel=1.839e-04
F8_E4M3_B128,BITSHIFT,U(-1,1),1,4096,4096,128x64x32_w4_v4,SKIP,opt only LUT path
F8_E4M3_B128,LUT,U(-1,1),1,4096,4096,128x128x32_w4_v4,SKIP,BN/WARPS != 16
F8_E4M3_B128,BITSHIFT,U(-1,1),1,4096,4096,128x128x32_w4_v4,SKIP,BN/WARPS != 16
F8_E4M3_B128,LUT,U(-1,1),1,4096,4096,64x64x32_w4_v4,OK,ms=0.676,tflops=0.05,gbps=25.1,maxabs=1.289e-02,p99=9.838e-03,rel=1.839e-04
F8_E4M3_B128,BITSHIFT,U(-1,1),1,4096,4096,64x64x32_w4_v4,SKIP,opt only LUT path
F8_E4M3_B128,LUT,U(-1,1),1,4096,4096,64x128x32_w4_v4,SKIP,BN/WARPS != 16
F8_E4M3_B128,BITSHIFT,U(-1,1),1,4096,4096,64x128x32_w4_v4,SKIP,BN/WARPS != 16
F8_E4M3_B128,LUT,U(-1,1),1,4096,4096,128x64x32_w4_v5,OK,ms=0.820,tflops=0.04,gbps=20.7,maxabs=1.289e-02,p99=9.838e-03,rel=1.839e-04
F8_E4M3_B128,BITSHIFT,U(-1,1),1,4096,4096,128x64x32_w4_v5,SKIP,opt only LUT path
F8_E4M3_B128,LUT,U(-1,1),1,4096,4096,128x128x32_w4_v5,SKIP,BN/WARPS != 16
F8_E4M3_B128,BITSHIFT,U(-1,1),1,4096,4096,128x128x32_w4_v5,SKIP,BN/WARPS != 16
F8_E4M3_B128,LUT,U(-1,1),1,4096,4096,64x64x32_w4_v5,OK,ms=0.676,tflops=0.05,gbps=25.1,maxabs=1.289e-02,p99=9.838e-03,rel=1.839e-04
F8_E4M3_B128,BITSHIFT,U(-1,1),1,4096,4096,64x64x32_w4_v5,SKIP,opt only LUT path
F8_E4M3_B128,LUT,U(-1,1),1,4096,4096,64x128x32_w4_v5,SKIP,BN/WARPS != 16
F8_E4M3_B128,BITSHIFT,U(-1,1),1,4096,4096,64x128x32_w4_v5,SKIP,BN/WARPS != 16
F8_E4M3_B128,LUT,U(-1,1),1,4096,4096,128x128x64_w4_v6,SKIP,BN/WARPS != 16
F8_E4M3_B128,BITSHIFT,U(-1,1),1,4096,4096,128x128x64_w4_v6,SKIP,BN/WARPS != 16
F8_E4M3_B128,LUT,U(-1,1),1,4096,4096,128x64x64_w4_v6,SKIP,v6 only INT8 (A1 retry)
F8_E4M3_B128,BITSHIFT,U(-1,1),1,4096,4096,128x64x64_w4_v6,SKIP,opt only LUT path
F8_E4M3_B128,LUT,U(-1,1),1,4096,4096,64x128x64_w4_v6,SKIP,BN/WARPS != 16
F8_E4M3_B128,BITSHIFT,U(-1,1),1,4096,4096,64x128x64_w4_v6,SKIP,BN/WARPS != 16
F8_E4M3_B128,LUT,U(-1,1),1,4096,4096,64x64x64_w4_v6,SKIP,v6 only INT8 (A1 retry)
F8_E4M3_B128,BITSHIFT,U(-1,1),1,4096,4096,64x64x64_w4_v6,SKIP,opt only LUT path
F8_E4M3_B128,LUT,U(-1,1),16,4096,4096,16x64x32_w4,OK,ms=1.190,tflops=0.45,gbps=14.7,maxabs=1.610e-02,p99=1.000e-02,rel=1.857e-04
F8_E4M3_B128,BITSHIFT,U(-1,1),16,4096,4096,16x64x32_w4,OK,ms=1.283,tflops=0.42,gbps=13.6,maxabs=1.610e-02,p99=1.001e-02,rel=1.857e-04
F8_E4M3_B128,LUT,U(-1,1),16,4096,4096,16x128x32_w8,OK,ms=1.277,tflops=0.42,gbps=13.7,maxabs=1.610e-02,p99=1.000e-02,rel=1.857e-04
F8_E4M3_B128,BITSHIFT,U(-1,1),16,4096,4096,16x128x32_w8,OK,ms=1.455,tflops=0.37,gbps=12.0,maxabs=1.610e-02,p99=1.001e-02,rel=1.857e-04
F8_E4M3_B128,LUT,U(-1,1),16,4096,4096,16x128x32_w4f2,SKIP,BN/WARPS != 16
F8_E4M3_B128,BITSHIFT,U(-1,1),16,4096,4096,16x128x32_w4f2,SKIP,BN/WARPS != 16
F8_E4M3_B128,LUT,U(-1,1),16,4096,4096,16x256x32_w4f4,SKIP,BN/WARPS != 16
F8_E4M3_B128,BITSHIFT,U(-1,1),16,4096,4096,16x256x32_w4f4,SKIP,BN/WARPS != 16
F8_E4M3_B128,LUT,U(-1,1),16,4096,4096,128x64x32_w4_v1,SKIP,no template
F8_E4M3_B128,BITSHIFT,U(-1,1),16,4096,4096,128x64x32_w4_v1,SKIP,opt only LUT path
F8_E4M3_B128,LUT,U(-1,1),16,4096,4096,128x128x32_w4_v1,SKIP,BN/WARPS != 16
F8_E4M3_B128,BITSHIFT,U(-1,1),16,4096,4096,128x128x32_w4_v1,SKIP,BN/WARPS != 16
F8_E4M3_B128,LUT,U(-1,1),16,4096,4096,128x256x32_w4_v1,SKIP,BN/WARPS != 16
F8_E4M3_B128,BITSHIFT,U(-1,1),16,4096,4096,128x256x32_w4_v1,SKIP,BN/WARPS != 16
F8_E4M3_B128,LUT,U(-1,1),16,4096,4096,128x256x32_w8_v1,SKIP,BN/WARPS != 16
F8_E4M3_B128,BITSHIFT,U(-1,1),16,4096,4096,128x256x32_w8_v1,SKIP,BN/WARPS != 16
F8_E4M3_B128,LUT,U(-1,1),16,4096,4096,64x64x32_w4_v1,SKIP,no template
F8_E4M3_B128,BITSHIFT,U(-1,1),16,4096,4096,64x64x32_w4_v1,SKIP,opt only LUT path
F8_E4M3_B128,LUT,U(-1,1),16,4096,4096,64x128x32_w4_v1,SKIP,BN/WARPS != 16
F8_E4M3_B128,BITSHIFT,U(-1,1),16,4096,4096,64x128x32_w4_v1,SKIP,BN/WARPS != 16
F8_E4M3_B128,LUT,U(-1,1),16,4096,4096,128x64x32_w4_v2,OK,ms=1.365,tflops=0.39,gbps=12.8,maxabs=1.610e-02,p99=1.000e-02,rel=1.857e-04
F8_E4M3_B128,BITSHIFT,U(-1,1),16,4096,4096,128x64x32_w4_v2,SKIP,opt only LUT path
F8_E4M3_B128,LUT,U(-1,1),16,4096,4096,128x128x32_w4_v2,SKIP,BN/WARPS != 16
F8_E4M3_B128,BITSHIFT,U(-1,1),16,4096,4096,128x128x32_w4_v2,SKIP,BN/WARPS != 16
F8_E4M3_B128,LUT,U(-1,1),16,4096,4096,128x256x32_w4_v2,SKIP,BN/WARPS != 16
F8_E4M3_B128,BITSHIFT,U(-1,1),16,4096,4096,128x256x32_w4_v2,SKIP,BN/WARPS != 16
F8_E4M3_B128,LUT,U(-1,1),16,4096,4096,128x256x32_w8_v2,SKIP,BN/WARPS != 16
F8_E4M3_B128,BITSHIFT,U(-1,1),16,4096,4096,128x256x32_w8_v2,SKIP,BN/WARPS != 16
F8_E4M3_B128,LUT,U(-1,1),16,4096,4096,64x64x32_w4_v2,OK,ms=1.264,tflops=0.42,gbps=13.8,maxabs=1.610e-02,p99=1.000e-02,rel=1.857e-04
F8_E4M3_B128,BITSHIFT,U(-1,1),16,4096,4096,64x64x32_w4_v2,SKIP,opt only LUT path
F8_E4M3_B128,LUT,U(-1,1),16,4096,4096,64x128x32_w4_v2,SKIP,BN/WARPS != 16
F8_E4M3_B128,BITSHIFT,U(-1,1),16,4096,4096,64x128x32_w4_v2,SKIP,BN/WARPS != 16
F8_E4M3_B128,LUT,U(-1,1),16,4096,4096,128x64x32_w4_v3,OK,ms=0.818,tflops=0.66,gbps=21.3,maxabs=1.610e-02,p99=1.000e-02,rel=1.857e-04
F8_E4M3_B128,BITSHIFT,U(-1,1),16,4096,4096,128x64x32_w4_v3,SKIP,opt only LUT path
F8_E4M3_B128,LUT,U(-1,1),16,4096,4096,128x128x32_w4_v3,SKIP,BN/WARPS != 16
F8_E4M3_B128,BITSHIFT,U(-1,1),16,4096,4096,128x128x32_w4_v3,SKIP,BN/WARPS != 16
F8_E4M3_B128,LUT,U(-1,1),16,4096,4096,128x256x32_w8_v3,SKIP,BN/WARPS != 16
F8_E4M3_B128,BITSHIFT,U(-1,1),16,4096,4096,128x256x32_w8_v3,SKIP,BN/WARPS != 16
F8_E4M3_B128,LUT,U(-1,1),16,4096,4096,64x64x32_w4_v3,OK,ms=0.693,tflops=0.78,gbps=25.2,maxabs=1.610e-02,p99=1.000e-02,rel=1.857e-04
F8_E4M3_B128,BITSHIFT,U(-1,1),16,4096,4096,64x64x32_w4_v3,SKIP,opt only LUT path
F8_E4M3_B128,LUT,U(-1,1),16,4096,4096,64x128x32_w4_v3,SKIP,BN/WARPS != 16
F8_E4M3_B128,BITSHIFT,U(-1,1),16,4096,4096,64x128x32_w4_v3,SKIP,BN/WARPS != 16
F8_E4M3_B128,LUT,U(-1,1),16,4096,4096,128x64x32_w4_v4,OK,ms=0.830,tflops=0.65,gbps=21.0,maxabs=1.610e-02,p99=1.000e-02,rel=1.857e-04
F8_E4M3_B128,BITSHIFT,U(-1,1),16,4096,4096,128x64x32_w4_v4,SKIP,opt only LUT path
F8_E4M3_B128,LUT,U(-1,1),16,4096,4096,128x128x32_w4_v4,SKIP,BN/WARPS != 16
F8_E4M3_B128,BITSHIFT,U(-1,1),16,4096,4096,128x128x32_w4_v4,SKIP,BN/WARPS != 16
F8_E4M3_B128,LUT,U(-1,1),16,4096,4096,64x64x32_w4_v4,OK,ms=0.698,tflops=0.77,gbps=25.0,maxabs=1.610e-02,p99=1.000e-02,rel=1.857e-04
F8_E4M3_B128,BITSHIFT,U(-1,1),16,4096,4096,64x64x32_w4_v4,SKIP,opt only LUT path
F8_E4M3_B128,LUT,U(-1,1),16,4096,4096,64x128x32_w4_v4,SKIP,BN/WARPS != 16
F8_E4M3_B128,BITSHIFT,U(-1,1),16,4096,4096,64x128x32_w4_v4,SKIP,BN/WARPS != 16
F8_E4M3_B128,LUT,U(-1,1),16,4096,4096,128x64x32_w4_v5,OK,ms=0.828,tflops=0.65,gbps=21.1,maxabs=1.610e-02,p99=1.000e-02,rel=1.857e-04
F8_E4M3_B128,BITSHIFT,U(-1,1),16,4096,4096,128x64x32_w4_v5,SKIP,opt only LUT path
F8_E4M3_B128,LUT,U(-1,1),16,4096,4096,128x128x32_w4_v5,SKIP,BN/WARPS != 16
F8_E4M3_B128,BITSHIFT,U(-1,1),16,4096,4096,128x128x32_w4_v5,SKIP,BN/WARPS != 16
F8_E4M3_B128,LUT,U(-1,1),16,4096,4096,64x64x32_w4_v5,OK,ms=0.694,tflops=0.77,gbps=25.1,maxabs=1.610e-02,p99=1.000e-02,rel=1.857e-04
F8_E4M3_B128,BITSHIFT,U(-1,1),16,4096,4096,64x64x32_w4_v5,SKIP,opt only LUT path
F8_E4M3_B128,LUT,U(-1,1),16,4096,4096,64x128x32_w4_v5,SKIP,BN/WARPS != 16
F8_E4M3_B128,BITSHIFT,U(-1,1),16,4096,4096,64x128x32_w4_v5,SKIP,BN/WARPS != 16
F8_E4M3_B128,LUT,U(-1,1),16,4096,4096,128x128x64_w4_v6,SKIP,BN/WARPS != 16
F8_E4M3_B128,BITSHIFT,U(-1,1),16,4096,4096,128x128x64_w4_v6,SKIP,BN/WARPS != 16
F8_E4M3_B128,LUT,U(-1,1),16,4096,4096,128x64x64_w4_v6,SKIP,v6 only INT8 (A1 retry)
F8_E4M3_B128,BITSHIFT,U(-1,1),16,4096,4096,128x64x64_w4_v6,SKIP,opt only LUT path
F8_E4M3_B128,LUT,U(-1,1),16,4096,4096,64x128x64_w4_v6,SKIP,BN/WARPS != 16
F8_E4M3_B128,BITSHIFT,U(-1,1),16,4096,4096,64x128x64_w4_v6,SKIP,BN/WARPS != 16
F8_E4M3_B128,LUT,U(-1,1),16,4096,4096,64x64x64_w4_v6,SKIP,v6 only INT8 (A1 retry)
F8_E4M3_B128,BITSHIFT,U(-1,1),16,4096,4096,64x64x64_w4_v6,SKIP,opt only LUT path
F8_E4M3_B128,LUT,U(-1,1),64,4096,4096,16x64x32_w4,OK,ms=1.212,tflops=1.77,gbps=15.7,maxabs=1.946e-02,p99=1.015e-02,rel=1.852e-04
F8_E4M3_B128,BITSHIFT,U(-1,1),64,4096,4096,16x64x32_w4,OK,ms=1.369,tflops=1.57,gbps=13.9,maxabs=1.945e-02,p99=1.016e-02,rel=1.852e-04
F8_E4M3_B128,LUT,U(-1,1),64,4096,4096,16x128x32_w8,OK,ms=1.253,tflops=1.71,gbps=15.2,maxabs=1.946e-02,p99=1.015e-02,rel=1.852e-04
F8_E4M3_B128,BITSHIFT,U(-1,1),64,4096,4096,16x128x32_w8,OK,ms=1.434,tflops=1.50,gbps=13.3,maxabs=1.945e-02,p99=1.016e-02,rel=1.852e-04
F8_E4M3_B128,LUT,U(-1,1),64,4096,4096,16x128x32_w4f2,SKIP,BN/WARPS != 16
F8_E4M3_B128,BITSHIFT,U(-1,1),64,4096,4096,16x128x32_w4f2,SKIP,BN/WARPS != 16
F8_E4M3_B128,LUT,U(-1,1),64,4096,4096,16x256x32_w4f4,SKIP,BN/WARPS != 16
F8_E4M3_B128,BITSHIFT,U(-1,1),64,4096,4096,16x256x32_w4f4,SKIP,BN/WARPS != 16
F8_E4M3_B128,LUT,U(-1,1),64,4096,4096,128x64x32_w4_v1,SKIP,no template
F8_E4M3_B128,BITSHIFT,U(-1,1),64,4096,4096,128x64x32_w4_v1,SKIP,opt only LUT path
F8_E4M3_B128,LUT,U(-1,1),64,4096,4096,128x128x32_w4_v1,SKIP,BN/WARPS != 16
F8_E4M3_B128,BITSHIFT,U(-1,1),64,4096,4096,128x128x32_w4_v1,SKIP,BN/WARPS != 16
F8_E4M3_B128,LUT,U(-1,1),64,4096,4096,128x256x32_w4_v1,SKIP,BN/WARPS != 16
F8_E4M3_B128,BITSHIFT,U(-1,1),64,4096,4096,128x256x32_w4_v1,SKIP,BN/WARPS != 16
F8_E4M3_B128,LUT,U(-1,1),64,4096,4096,128x256x32_w8_v1,SKIP,BN/WARPS != 16
F8_E4M3_B128,BITSHIFT,U(-1,1),64,4096,4096,128x256x32_w8_v1,SKIP,BN/WARPS != 16
F8_E4M3_B128,LUT,U(-1,1),64,4096,4096,64x64x32_w4_v1,SKIP,no template
F8_E4M3_B128,BITSHIFT,U(-1,1),64,4096,4096,64x64x32_w4_v1,SKIP,opt only LUT path
F8_E4M3_B128,LUT,U(-1,1),64,4096,4096,64x128x32_w4_v1,SKIP,BN/WARPS != 16
F8_E4M3_B128,BITSHIFT,U(-1,1),64,4096,4096,64x128x32_w4_v1,SKIP,BN/WARPS != 16
F8_E4M3_B128,LUT,U(-1,1),64,4096,4096,128x64x32_w4_v2,OK,ms=1.377,tflops=1.56,gbps=13.8,maxabs=1.946e-02,p99=1.015e-02,rel=1.852e-04
F8_E4M3_B128,BITSHIFT,U(-1,1),64,4096,4096,128x64x32_w4_v2,SKIP,opt only LUT path
F8_E4M3_B128,LUT,U(-1,1),64,4096,4096,128x128x32_w4_v2,SKIP,BN/WARPS != 16
F8_E4M3_B128,BITSHIFT,U(-1,1),64,4096,4096,128x128x32_w4_v2,SKIP,BN/WARPS != 16
F8_E4M3_B128,LUT,U(-1,1),64,4096,4096,128x256x32_w4_v2,SKIP,BN/WARPS != 16
F8_E4M3_B128,BITSHIFT,U(-1,1),64,4096,4096,128x256x32_w4_v2,SKIP,BN/WARPS != 16
F8_E4M3_B128,LUT,U(-1,1),64,4096,4096,128x256x32_w8_v2,SKIP,BN/WARPS != 16
F8_E4M3_B128,BITSHIFT,U(-1,1),64,4096,4096,128x256x32_w8_v2,SKIP,BN/WARPS != 16
F8_E4M3_B128,LUT,U(-1,1),64,4096,4096,64x64x32_w4_v2,OK,ms=1.288,tflops=1.67,gbps=14.8,maxabs=1.946e-02,p99=1.015e-02,rel=1.852e-04
F8_E4M3_B128,BITSHIFT,U(-1,1),64,4096,4096,64x64x32_w4_v2,SKIP,opt only LUT path
F8_E4M3_B128,LUT,U(-1,1),64,4096,4096,64x128x32_w4_v2,SKIP,BN/WARPS != 16
F8_E4M3_B128,BITSHIFT,U(-1,1),64,4096,4096,64x128x32_w4_v2,SKIP,BN/WARPS != 16
F8_E4M3_B128,LUT,U(-1,1),64,4096,4096,128x64x32_w4_v3,OK,ms=0.833,tflops=2.58,gbps=22.8,maxabs=1.946e-02,p99=1.015e-02,rel=1.852e-04
F8_E4M3_B128,BITSHIFT,U(-1,1),64,4096,4096,128x64x32_w4_v3,SKIP,opt only LUT path
F8_E4M3_B128,LUT,U(-1,1),64,4096,4096,128x128x32_w4_v3,SKIP,BN/WARPS != 16
F8_E4M3_B128,BITSHIFT,U(-1,1),64,4096,4096,128x128x32_w4_v3,SKIP,BN/WARPS != 16
F8_E4M3_B128,LUT,U(-1,1),64,4096,4096,128x256x32_w8_v3,SKIP,BN/WARPS != 16
F8_E4M3_B128,BITSHIFT,U(-1,1),64,4096,4096,128x256x32_w8_v3,SKIP,BN/WARPS != 16
F8_E4M3_B128,LUT,U(-1,1),64,4096,4096,64x64x32_w4_v3,OK,ms=0.738,tflops=2.91,gbps=25.7,maxabs=1.946e-02,p99=1.015e-02,rel=1.852e-04
F8_E4M3_B128,BITSHIFT,U(-1,1),64,4096,4096,64x64x32_w4_v3,SKIP,opt only LUT path
F8_E4M3_B128,LUT,U(-1,1),64,4096,4096,64x128x32_w4_v3,SKIP,BN/WARPS != 16
F8_E4M3_B128,BITSHIFT,U(-1,1),64,4096,4096,64x128x32_w4_v3,SKIP,BN/WARPS != 16
F8_E4M3_B128,LUT,U(-1,1),64,4096,4096,128x64x32_w4_v4,OK,ms=0.841,tflops=2.55,gbps=22.6,maxabs=1.946e-02,p99=1.015e-02,rel=1.852e-04
F8_E4M3_B128,BITSHIFT,U(-1,1),64,4096,4096,128x64x32_w4_v4,SKIP,opt only LUT path
F8_E4M3_B128,LUT,U(-1,1),64,4096,4096,128x128x32_w4_v4,SKIP,BN/WARPS != 16
F8_E4M3_B128,BITSHIFT,U(-1,1),64,4096,4096,128x128x32_w4_v4,SKIP,BN/WARPS != 16
F8_E4M3_B128,LUT,U(-1,1),64,4096,4096,64x64x32_w4_v4,OK,ms=0.702,tflops=3.06,gbps=27.1,maxabs=1.946e-02,p99=1.015e-02,rel=1.852e-04
F8_E4M3_B128,BITSHIFT,U(-1,1),64,4096,4096,64x64x32_w4_v4,SKIP,opt only LUT path
F8_E4M3_B128,LUT,U(-1,1),64,4096,4096,64x128x32_w4_v4,SKIP,BN/WARPS != 16
F8_E4M3_B128,BITSHIFT,U(-1,1),64,4096,4096,64x128x32_w4_v4,SKIP,BN/WARPS != 16
F8_E4M3_B128,LUT,U(-1,1),64,4096,4096,128x64x32_w4_v5,OK,ms=0.840,tflops=2.56,gbps=22.6,maxabs=1.946e-02,p99=1.015e-02,rel=1.852e-04
F8_E4M3_B128,BITSHIFT,U(-1,1),64,4096,4096,128x64x32_w4_v5,SKIP,opt only LUT path
F8_E4M3_B128,LUT,U(-1,1),64,4096,4096,128x128x32_w4_v5,SKIP,BN/WARPS != 16
F8_E4M3_B128,BITSHIFT,U(-1,1),64,4096,4096,128x128x32_w4_v5,SKIP,BN/WARPS != 16
F8_E4M3_B128,LUT,U(-1,1),64,4096,4096,64x64x32_w4_v5,OK,ms=0.706,tflops=3.04,gbps=26.9,maxabs=1.946e-02,p99=1.015e-02,rel=1.852e-04
F8_E4M3_B128,BITSHIFT,U(-1,1),64,4096,4096,64x64x32_w4_v5,SKIP,opt only LUT path
F8_E4M3_B128,LUT,U(-1,1),64,4096,4096,64x128x32_w4_v5,SKIP,BN/WARPS != 16
F8_E4M3_B128,BITSHIFT,U(-1,1),64,4096,4096,64x128x32_w4_v5,SKIP,BN/WARPS != 16
F8_E4M3_B128,LUT,U(-1,1),64,4096,4096,128x128x64_w4_v6,SKIP,BN/WARPS != 16
F8_E4M3_B128,BITSHIFT,U(-1,1),64,4096,4096,128x128x64_w4_v6,SKIP,BN/WARPS != 16
F8_E4M3_B128,LUT,U(-1,1),64,4096,4096,128x64x64_w4_v6,SKIP,v6 only INT8 (A1 retry)
F8_E4M3_B128,BITSHIFT,U(-1,1),64,4096,4096,128x64x64_w4_v6,SKIP,opt only LUT path
F8_E4M3_B128,LUT,U(-1,1),64,4096,4096,64x128x64_w4_v6,SKIP,BN/WARPS != 16
F8_E4M3_B128,BITSHIFT,U(-1,1),64,4096,4096,64x128x64_w4_v6,SKIP,BN/WARPS != 16
F8_E4M3_B128,LUT,U(-1,1),64,4096,4096,64x64x64_w4_v6,SKIP,v6 only INT8 (A1 retry)
F8_E4M3_B128,BITSHIFT,U(-1,1),64,4096,4096,64x64x64_w4_v6,SKIP,opt only LUT path
F8_E4M3_B128,LUT,U(-1,1),128,4096,4096,16x64x32_w4,OK,ms=1.327,tflops=3.24,gbps=15.9,maxabs=1.946e-02,p99=1.020e-02,rel=1.852e-04
F8_E4M3_B128,BITSHIFT,U(-1,1),128,4096,4096,16x64x32_w4,OK,ms=1.544,tflops=2.78,gbps=13.7,maxabs=1.945e-02,p99=1.020e-02,rel=1.852e-04
F8_E4M3_B128,LUT,U(-1,1),128,4096,4096,16x128x32_w8,OK,ms=1.382,tflops=3.11,gbps=15.3,maxabs=1.946e-02,p99=1.020e-02,rel=1.852e-04
F8_E4M3_B128,BITSHIFT,U(-1,1),128,4096,4096,16x128x32_w8,OK,ms=1.686,tflops=2.55,gbps=12.5,maxabs=1.945e-02,p99=1.020e-02,rel=1.852e-04
F8_E4M3_B128,LUT,U(-1,1),128,4096,4096,16x128x32_w4f2,SKIP,BN/WARPS != 16
F8_E4M3_B128,BITSHIFT,U(-1,1),128,4096,4096,16x128x32_w4f2,SKIP,BN/WARPS != 16
F8_E4M3_B128,LUT,U(-1,1),128,4096,4096,16x256x32_w4f4,SKIP,BN/WARPS != 16
F8_E4M3_B128,BITSHIFT,U(-1,1),128,4096,4096,16x256x32_w4f4,SKIP,BN/WARPS != 16
F8_E4M3_B128,LUT,U(-1,1),128,4096,4096,128x64x32_w4_v1,SKIP,no template
F8_E4M3_B128,BITSHIFT,U(-1,1),128,4096,4096,128x64x32_w4_v1,SKIP,opt only LUT path
F8_E4M3_B128,LUT,U(-1,1),128,4096,4096,128x128x32_w4_v1,SKIP,BN/WARPS != 16
F8_E4M3_B128,BITSHIFT,U(-1,1),128,4096,4096,128x128x32_w4_v1,SKIP,BN/WARPS != 16
F8_E4M3_B128,LUT,U(-1,1),128,4096,4096,128x256x32_w4_v1,SKIP,BN/WARPS != 16
F8_E4M3_B128,BITSHIFT,U(-1,1),128,4096,4096,128x256x32_w4_v1,SKIP,BN/WARPS != 16
F8_E4M3_B128,LUT,U(-1,1),128,4096,4096,128x256x32_w8_v1,SKIP,BN/WARPS != 16
F8_E4M3_B128,BITSHIFT,U(-1,1),128,4096,4096,128x256x32_w8_v1,SKIP,BN/WARPS != 16
F8_E4M3_B128,LUT,U(-1,1),128,4096,4096,64x64x32_w4_v1,SKIP,no template
F8_E4M3_B128,BITSHIFT,U(-1,1),128,4096,4096,64x64x32_w4_v1,SKIP,opt only LUT path
F8_E4M3_B128,LUT,U(-1,1),128,4096,4096,64x128x32_w4_v1,SKIP,BN/WARPS != 16
F8_E4M3_B128,BITSHIFT,U(-1,1),128,4096,4096,64x128x32_w4_v1,SKIP,BN/WARPS != 16
F8_E4M3_B128,LUT,U(-1,1),128,4096,4096,128x64x32_w4_v2,OK,ms=1.402,tflops=3.06,gbps=15.1,maxabs=1.946e-02,p99=1.020e-02,rel=1.852e-04
F8_E4M3_B128,BITSHIFT,U(-1,1),128,4096,4096,128x64x32_w4_v2,SKIP,opt only LUT path
F8_E4M3_B128,LUT,U(-1,1),128,4096,4096,128x128x32_w4_v2,SKIP,BN/WARPS != 16
F8_E4M3_B128,BITSHIFT,U(-1,1),128,4096,4096,128x128x32_w4_v2,SKIP,BN/WARPS != 16
F8_E4M3_B128,LUT,U(-1,1),128,4096,4096,128x256x32_w4_v2,SKIP,BN/WARPS != 16
F8_E4M3_B128,BITSHIFT,U(-1,1),128,4096,4096,128x256x32_w4_v2,SKIP,BN/WARPS != 16
F8_E4M3_B128,LUT,U(-1,1),128,4096,4096,128x256x32_w8_v2,SKIP,BN/WARPS != 16
F8_E4M3_B128,BITSHIFT,U(-1,1),128,4096,4096,128x256x32_w8_v2,SKIP,BN/WARPS != 16
F8_E4M3_B128,LUT,U(-1,1),128,4096,4096,64x64x32_w4_v2,OK,ms=1.294,tflops=3.32,gbps=16.3,maxabs=1.946e-02,p99=1.020e-02,rel=1.852e-04
F8_E4M3_B128,BITSHIFT,U(-1,1),128,4096,4096,64x64x32_w4_v2,SKIP,opt only LUT path
F8_E4M3_B128,LUT,U(-1,1),128,4096,4096,64x128x32_w4_v2,SKIP,BN/WARPS != 16
F8_E4M3_B128,BITSHIFT,U(-1,1),128,4096,4096,64x128x32_w4_v2,SKIP,BN/WARPS != 16
F8_E4M3_B128,LUT,U(-1,1),128,4096,4096,128x64x32_w4_v3,OK,ms=0.873,tflops=4.92,gbps=24.2,maxabs=1.946e-02,p99=1.020e-02,rel=1.852e-04
F8_E4M3_B128,BITSHIFT,U(-1,1),128,4096,4096,128x64x32_w4_v3,SKIP,opt only LUT path
F8_E4M3_B128,LUT,U(-1,1),128,4096,4096,128x128x32_w4_v3,SKIP,BN/WARPS != 16
F8_E4M3_B128,BITSHIFT,U(-1,1),128,4096,4096,128x128x32_w4_v3,SKIP,BN/WARPS != 16
F8_E4M3_B128,LUT,U(-1,1),128,4096,4096,128x256x32_w8_v3,SKIP,BN/WARPS != 16
F8_E4M3_B128,BITSHIFT,U(-1,1),128,4096,4096,128x256x32_w8_v3,SKIP,BN/WARPS != 16
F8_E4M3_B128,LUT,U(-1,1),128,4096,4096,64x64x32_w4_v3,OK,ms=0.748,tflops=5.74,gbps=28.2,maxabs=1.946e-02,p99=1.020e-02,rel=1.852e-04
F8_E4M3_B128,BITSHIFT,U(-1,1),128,4096,4096,64x64x32_w4_v3,SKIP,opt only LUT path
F8_E4M3_B128,LUT,U(-1,1),128,4096,4096,64x128x32_w4_v3,SKIP,BN/WARPS != 16
F8_E4M3_B128,BITSHIFT,U(-1,1),128,4096,4096,64x128x32_w4_v3,SKIP,BN/WARPS != 16
F8_E4M3_B128,LUT,U(-1,1),128,4096,4096,128x64x32_w4_v4,OK,ms=0.876,tflops=4.90,gbps=24.1,maxabs=1.946e-02,p99=1.020e-02,rel=1.852e-04
F8_E4M3_B128,BITSHIFT,U(-1,1),128,4096,4096,128x64x32_w4_v4,SKIP,opt only LUT path
F8_E4M3_B128,LUT,U(-1,1),128,4096,4096,128x128x32_w4_v4,SKIP,BN/WARPS != 16
F8_E4M3_B128,BITSHIFT,U(-1,1),128,4096,4096,128x128x32_w4_v4,SKIP,BN/WARPS != 16
F8_E4M3_B128,LUT,U(-1,1),128,4096,4096,64x64x32_w4_v4,OK,ms=0.749,tflops=5.73,gbps=28.2,maxabs=1.946e-02,p99=1.020e-02,rel=1.852e-04
F8_E4M3_B128,BITSHIFT,U(-1,1),128,4096,4096,64x64x32_w4_v4,SKIP,opt only LUT path
F8_E4M3_B128,LUT,U(-1,1),128,4096,4096,64x128x32_w4_v4,SKIP,BN/WARPS != 16
F8_E4M3_B128,BITSHIFT,U(-1,1),128,4096,4096,64x128x32_w4_v4,SKIP,BN/WARPS != 16
F8_E4M3_B128,LUT,U(-1,1),128,4096,4096,128x64x32_w4_v5,OK,ms=0.876,tflops=4.90,gbps=24.1,maxabs=1.946e-02,p99=1.020e-02,rel=1.852e-04
F8_E4M3_B128,BITSHIFT,U(-1,1),128,4096,4096,128x64x32_w4_v5,SKIP,opt only LUT path
F8_E4M3_B128,LUT,U(-1,1),128,4096,4096,128x128x32_w4_v5,SKIP,BN/WARPS != 16
F8_E4M3_B128,BITSHIFT,U(-1,1),128,4096,4096,128x128x32_w4_v5,SKIP,BN/WARPS != 16
F8_E4M3_B128,LUT,U(-1,1),128,4096,4096,64x64x32_w4_v5,OK,ms=0.794,tflops=5.41,gbps=26.6,maxabs=1.946e-02,p99=1.020e-02,rel=1.852e-04
F8_E4M3_B128,BITSHIFT,U(-1,1),128,4096,4096,64x64x32_w4_v5,SKIP,opt only LUT path
F8_E4M3_B128,LUT,U(-1,1),128,4096,4096,64x128x32_w4_v5,SKIP,BN/WARPS != 16
F8_E4M3_B128,BITSHIFT,U(-1,1),128,4096,4096,64x128x32_w4_v5,SKIP,BN/WARPS != 16
F8_E4M3_B128,LUT,U(-1,1),128,4096,4096,128x128x64_w4_v6,SKIP,BN/WARPS != 16
F8_E4M3_B128,BITSHIFT,U(-1,1),128,4096,4096,128x128x64_w4_v6,SKIP,BN/WARPS != 16
F8_E4M3_B128,LUT,U(-1,1),128,4096,4096,128x64x64_w4_v6,SKIP,v6 only INT8 (A1 retry)
F8_E4M3_B128,BITSHIFT,U(-1,1),128,4096,4096,128x64x64_w4_v6,SKIP,opt only LUT path
F8_E4M3_B128,LUT,U(-1,1),128,4096,4096,64x128x64_w4_v6,SKIP,BN/WARPS != 16
F8_E4M3_B128,BITSHIFT,U(-1,1),128,4096,4096,64x128x64_w4_v6,SKIP,BN/WARPS != 16
F8_E4M3_B128,LUT,U(-1,1),128,4096,4096,64x64x64_w4_v6,SKIP,v6 only INT8 (A1 retry)
F8_E4M3_B128,BITSHIFT,U(-1,1),128,4096,4096,64x64x64_w4_v6,SKIP,opt only LUT path
F8_E4M3_B128,LUT,U(-1,1),256,4096,4096,16x64x32_w4,OK,ms=2.718,tflops=3.16,gbps=9.3,maxabs=1.946e-02,p99=9.815e-03,rel=1.849e-04
F8_E4M3_B128,BITSHIFT,U(-1,1),256,4096,4096,16x64x32_w4,OK,ms=3.255,tflops=2.64,gbps=7.8,maxabs=1.945e-02,p99=9.814e-03,rel=1.849e-04
F8_E4M3_B128,LUT,U(-1,1),256,4096,4096,16x128x32_w8,OK,ms=2.776,tflops=3.09,gbps=9.1,maxabs=1.946e-02,p99=9.815e-03,rel=1.849e-04
F8_E4M3_B128,BITSHIFT,U(-1,1),256,4096,4096,16x128x32_w8,OK,ms=3.436,tflops=2.50,gbps=7.4,maxabs=1.945e-02,p99=9.814e-03,rel=1.849e-04
F8_E4M3_B128,LUT,U(-1,1),256,4096,4096,16x128x32_w4f2,SKIP,BN/WARPS != 16
F8_E4M3_B128,BITSHIFT,U(-1,1),256,4096,4096,16x128x32_w4f2,SKIP,BN/WARPS != 16
F8_E4M3_B128,LUT,U(-1,1),256,4096,4096,16x256x32_w4f4,SKIP,BN/WARPS != 16
F8_E4M3_B128,BITSHIFT,U(-1,1),256,4096,4096,16x256x32_w4f4,SKIP,BN/WARPS != 16
F8_E4M3_B128,LUT,U(-1,1),256,4096,4096,128x64x32_w4_v1,SKIP,no template
F8_E4M3_B128,BITSHIFT,U(-1,1),256,4096,4096,128x64x32_w4_v1,SKIP,opt only LUT path
F8_E4M3_B128,LUT,U(-1,1),256,4096,4096,128x128x32_w4_v1,SKIP,BN/WARPS != 16
F8_E4M3_B128,BITSHIFT,U(-1,1),256,4096,4096,128x128x32_w4_v1,SKIP,BN/WARPS != 16
F8_E4M3_B128,LUT,U(-1,1),256,4096,4096,128x256x32_w4_v1,SKIP,BN/WARPS != 16
F8_E4M3_B128,BITSHIFT,U(-1,1),256,4096,4096,128x256x32_w4_v1,SKIP,BN/WARPS != 16
F8_E4M3_B128,LUT,U(-1,1),256,4096,4096,128x256x32_w8_v1,SKIP,BN/WARPS != 16
F8_E4M3_B128,BITSHIFT,U(-1,1),256,4096,4096,128x256x32_w8_v1,SKIP,BN/WARPS != 16
F8_E4M3_B128,LUT,U(-1,1),256,4096,4096,64x64x32_w4_v1,SKIP,no template
F8_E4M3_B128,BITSHIFT,U(-1,1),256,4096,4096,64x64x32_w4_v1,SKIP,opt only LUT path
F8_E4M3_B128,LUT,U(-1,1),256,4096,4096,64x128x32_w4_v1,SKIP,BN/WARPS != 16
F8_E4M3_B128,BITSHIFT,U(-1,1),256,4096,4096,64x128x32_w4_v1,SKIP,BN/WARPS != 16
F8_E4M3_B128,LUT,U(-1,1),256,4096,4096,128x64x32_w4_v2,OK,ms=1.440,tflops=5.97,gbps=17.6,maxabs=1.946e-02,p99=9.815e-03,rel=1.849e-04
F8_E4M3_B128,BITSHIFT,U(-1,1),256,4096,4096,128x64x32_w4_v2,SKIP,opt only LUT path
F8_E4M3_B128,LUT,U(-1,1),256,4096,4096,128x128x32_w4_v2,SKIP,BN/WARPS != 16
F8_E4M3_B128,BITSHIFT,U(-1,1),256,4096,4096,128x128x32_w4_v2,SKIP,BN/WARPS != 16
F8_E4M3_B128,LUT,U(-1,1),256,4096,4096,128x256x32_w4_v2,SKIP,BN/WARPS != 16
F8_E4M3_B128,BITSHIFT,U(-1,1),256,4096,4096,128x256x32_w4_v2,SKIP,BN/WARPS != 16
F8_E4M3_B128,LUT,U(-1,1),256,4096,4096,128x256x32_w8_v2,SKIP,BN/WARPS != 16
F8_E4M3_B128,BITSHIFT,U(-1,1),256,4096,4096,128x256x32_w8_v2,SKIP,BN/WARPS != 16
F8_E4M3_B128,LUT,U(-1,1),256,4096,4096,64x64x32_w4_v2,OK,ms=1.342,tflops=6.40,gbps=18.9,maxabs=1.946e-02,p99=9.815e-03,rel=1.849e-04
F8_E4M3_B128,BITSHIFT,U(-1,1),256,4096,4096,64x64x32_w4_v2,SKIP,opt only LUT path
F8_E4M3_B128,LUT,U(-1,1),256,4096,4096,64x128x32_w4_v2,SKIP,BN/WARPS != 16
F8_E4M3_B128,BITSHIFT,U(-1,1),256,4096,4096,64x128x32_w4_v2,SKIP,BN/WARPS != 16
F8_E4M3_B128,LUT,U(-1,1),256,4096,4096,128x64x32_w4_v3,OK,ms=0.933,tflops=9.21,gbps=27.1,maxabs=1.946e-02,p99=9.815e-03,rel=1.849e-04
F8_E4M3_B128,BITSHIFT,U(-1,1),256,4096,4096,128x64x32_w4_v3,SKIP,opt only LUT path
F8_E4M3_B128,LUT,U(-1,1),256,4096,4096,128x128x32_w4_v3,SKIP,BN/WARPS != 16
F8_E4M3_B128,BITSHIFT,U(-1,1),256,4096,4096,128x128x32_w4_v3,SKIP,BN/WARPS != 16
F8_E4M3_B128,LUT,U(-1,1),256,4096,4096,128x256x32_w8_v3,SKIP,BN/WARPS != 16
F8_E4M3_B128,BITSHIFT,U(-1,1),256,4096,4096,128x256x32_w8_v3,SKIP,BN/WARPS != 16
F8_E4M3_B128,LUT,U(-1,1),256,4096,4096,64x64x32_w4_v3,OK,ms=0.809,tflops=10.62,gbps=31.3,maxabs=1.946e-02,p99=9.815e-03,rel=1.849e-04
F8_E4M3_B128,BITSHIFT,U(-1,1),256,4096,4096,64x64x32_w4_v3,SKIP,opt only LUT path
F8_E4M3_B128,LUT,U(-1,1),256,4096,4096,64x128x32_w4_v3,SKIP,BN/WARPS != 16
F8_E4M3_B128,BITSHIFT,U(-1,1),256,4096,4096,64x128x32_w4_v3,SKIP,BN/WARPS != 16
F8_E4M3_B128,LUT,U(-1,1),256,4096,4096,128x64x32_w4_v4,OK,ms=0.941,tflops=9.13,gbps=26.9,maxabs=1.946e-02,p99=9.815e-03,rel=1.849e-04
F8_E4M3_B128,BITSHIFT,U(-1,1),256,4096,4096,128x64x32_w4_v4,SKIP,opt only LUT path
F8_E4M3_B128,LUT,U(-1,1),256,4096,4096,128x128x32_w4_v4,SKIP,BN/WARPS != 16
F8_E4M3_B128,BITSHIFT,U(-1,1),256,4096,4096,128x128x32_w4_v4,SKIP,BN/WARPS != 16
F8_E4M3_B128,LUT,U(-1,1),256,4096,4096,64x64x32_w4_v4,OK,ms=0.832,tflops=10.32,gbps=30.4,maxabs=1.946e-02,p99=9.815e-03,rel=1.849e-04
F8_E4M3_B128,BITSHIFT,U(-1,1),256,4096,4096,64x64x32_w4_v4,SKIP,opt only LUT path
F8_E4M3_B128,LUT,U(-1,1),256,4096,4096,64x128x32_w4_v4,SKIP,BN/WARPS != 16
F8_E4M3_B128,BITSHIFT,U(-1,1),256,4096,4096,64x128x32_w4_v4,SKIP,BN/WARPS != 16
F8_E4M3_B128,LUT,U(-1,1),256,4096,4096,128x64x32_w4_v5,OK,ms=1.011,tflops=8.50,gbps=25.0,maxabs=1.946e-02,p99=9.815e-03,rel=1.849e-04
F8_E4M3_B128,BITSHIFT,U(-1,1),256,4096,4096,128x64x32_w4_v5,SKIP,opt only LUT path
F8_E4M3_B128,LUT,U(-1,1),256,4096,4096,128x128x32_w4_v5,SKIP,BN/WARPS != 16
F8_E4M3_B128,BITSHIFT,U(-1,1),256,4096,4096,128x128x32_w4_v5,SKIP,BN/WARPS != 16
F8_E4M3_B128,LUT,U(-1,1),256,4096,4096,64x64x32_w4_v5,OK,ms=1.553,tflops=5.53,gbps=16.3,maxabs=1.946e-02,p99=9.815e-03,rel=1.849e-04
F8_E4M3_B128,BITSHIFT,U(-1,1),256,4096,4096,64x64x32_w4_v5,SKIP,opt only LUT path
F8_E4M3_B128,LUT,U(-1,1),256,4096,4096,64x128x32_w4_v5,SKIP,BN/WARPS != 16
F8_E4M3_B128,BITSHIFT,U(-1,1),256,4096,4096,64x128x32_w4_v5,SKIP,BN/WARPS != 16
F8_E4M3_B128,LUT,U(-1,1),256,4096,4096,128x128x64_w4_v6,SKIP,BN/WARPS != 16
F8_E4M3_B128,BITSHIFT,U(-1,1),256,4096,4096,128x128x64_w4_v6,SKIP,BN/WARPS != 16
F8_E4M3_B128,LUT,U(-1,1),256,4096,4096,128x64x64_w4_v6,SKIP,v6 only INT8 (A1 retry)
F8_E4M3_B128,BITSHIFT,U(-1,1),256,4096,4096,128x64x64_w4_v6,SKIP,opt only LUT path
F8_E4M3_B128,LUT,U(-1,1),256,4096,4096,64x128x64_w4_v6,SKIP,BN/WARPS != 16
F8_E4M3_B128,BITSHIFT,U(-1,1),256,4096,4096,64x128x64_w4_v6,SKIP,BN/WARPS != 16
F8_E4M3_B128,LUT,U(-1,1),256,4096,4096,64x64x64_w4_v6,SKIP,v6 only INT8 (A1 retry)
F8_E4M3_B128,BITSHIFT,U(-1,1),256,4096,4096,64x64x64_w4_v6,SKIP,opt only LUT path
F8_E4M3_B128,LUT,U(-1,1),512,4096,4096,16x64x32_w4,OK,ms=4.420,tflops=3.89,gbps=7.6,maxabs=1.951e-02,p99=9.951e-03,rel=1.848e-04
F8_E4M3_B128,BITSHIFT,U(-1,1),512,4096,4096,16x64x32_w4,OK,ms=6.287,tflops=2.73,gbps=5.4,maxabs=1.950e-02,p99=9.949e-03,rel=1.848e-04
F8_E4M3_B128,LUT,U(-1,1),512,4096,4096,16x128x32_w8,OK,ms=5.551,tflops=3.09,gbps=6.1,maxabs=1.951e-02,p99=9.951e-03,rel=1.848e-04
F8_E4M3_B128,BITSHIFT,U(-1,1),512,4096,4096,16x128x32_w8,OK,ms=6.676,tflops=2.57,gbps=5.0,maxabs=1.950e-02,p99=9.949e-03,rel=1.848e-04
F8_E4M3_B128,LUT,U(-1,1),512,4096,4096,16x128x32_w4f2,SKIP,BN/WARPS != 16
F8_E4M3_B128,BITSHIFT,U(-1,1),512,4096,4096,16x128x32_w4f2,SKIP,BN/WARPS != 16
F8_E4M3_B128,LUT,U(-1,1),512,4096,4096,16x256x32_w4f4,SKIP,BN/WARPS != 16
F8_E4M3_B128,BITSHIFT,U(-1,1),512,4096,4096,16x256x32_w4f4,SKIP,BN/WARPS != 16
F8_E4M3_B128,LUT,U(-1,1),512,4096,4096,128x64x32_w4_v1,SKIP,no template
F8_E4M3_B128,BITSHIFT,U(-1,1),512,4096,4096,128x64x32_w4_v1,SKIP,opt only LUT path
F8_E4M3_B128,LUT,U(-1,1),512,4096,4096,128x128x32_w4_v1,SKIP,BN/WARPS != 16
F8_E4M3_B128,BITSHIFT,U(-1,1),512,4096,4096,128x128x32_w4_v1,SKIP,BN/WARPS != 16
F8_E4M3_B128,LUT,U(-1,1),512,4096,4096,128x256x32_w4_v1,SKIP,BN/WARPS != 16
F8_E4M3_B128,BITSHIFT,U(-1,1),512,4096,4096,128x256x32_w4_v1,SKIP,BN/WARPS != 16
F8_E4M3_B128,LUT,U(-1,1),512,4096,4096,128x256x32_w8_v1,SKIP,BN/WARPS != 16
F8_E4M3_B128,BITSHIFT,U(-1,1),512,4096,4096,128x256x32_w8_v1,SKIP,BN/WARPS != 16
F8_E4M3_B128,LUT,U(-1,1),512,4096,4096,64x64x32_w4_v1,SKIP,no template
F8_E4M3_B128,BITSHIFT,U(-1,1),512,4096,4096,64x64x32_w4_v1,SKIP,opt only LUT path
F8_E4M3_B128,LUT,U(-1,1),512,4096,4096,64x128x32_w4_v1,SKIP,BN/WARPS != 16
F8_E4M3_B128,BITSHIFT,U(-1,1),512,4096,4096,64x128x32_w4_v1,SKIP,BN/WARPS != 16
F8_E4M3_B128,LUT,U(-1,1),512,4096,4096,128x64x32_w4_v2,OK,ms=1.593,tflops=10.78,gbps=21.1,maxabs=1.951e-02,p99=9.951e-03,rel=1.848e-04
F8_E4M3_B128,BITSHIFT,U(-1,1),512,4096,4096,128x64x32_w4_v2,SKIP,opt only LUT path
F8_E4M3_B128,LUT,U(-1,1),512,4096,4096,128x128x32_w4_v2,SKIP,BN/WARPS != 16
F8_E4M3_B128,BITSHIFT,U(-1,1),512,4096,4096,128x128x32_w4_v2,SKIP,BN/WARPS != 16
F8_E4M3_B128,LUT,U(-1,1),512,4096,4096,128x256x32_w4_v2,SKIP,BN/WARPS != 16
F8_E4M3_B128,BITSHIFT,U(-1,1),512,4096,4096,128x256x32_w4_v2,SKIP,BN/WARPS != 16
F8_E4M3_B128,LUT,U(-1,1),512,4096,4096,128x256x32_w8_v2,SKIP,BN/WARPS != 16
F8_E4M3_B128,BITSHIFT,U(-1,1),512,4096,4096,128x256x32_w8_v2,SKIP,BN/WARPS != 16
F8_E4M3_B128,LUT,U(-1,1),512,4096,4096,64x64x32_w4_v2,OK,ms=2.809,tflops=6.12,gbps=12.0,maxabs=1.951e-02,p99=9.951e-03,rel=1.848e-04
F8_E4M3_B128,BITSHIFT,U(-1,1),512,4096,4096,64x64x32_w4_v2,SKIP,opt only LUT path
F8_E4M3_B128,LUT,U(-1,1),512,4096,4096,64x128x32_w4_v2,SKIP,BN/WARPS != 16
F8_E4M3_B128,BITSHIFT,U(-1,1),512,4096,4096,64x128x32_w4_v2,SKIP,BN/WARPS != 16
F8_E4M3_B128,LUT,U(-1,1),512,4096,4096,128x64x32_w4_v3,OK,ms=2.160,tflops=7.96,gbps=15.6,maxabs=1.951e-02,p99=9.951e-03,rel=1.848e-04
F8_E4M3_B128,BITSHIFT,U(-1,1),512,4096,4096,128x64x32_w4_v3,SKIP,opt only LUT path
F8_E4M3_B128,LUT,U(-1,1),512,4096,4096,128x128x32_w4_v3,SKIP,BN/WARPS != 16
F8_E4M3_B128,BITSHIFT,U(-1,1),512,4096,4096,128x128x32_w4_v3,SKIP,BN/WARPS != 16
F8_E4M3_B128,LUT,U(-1,1),512,4096,4096,128x256x32_w8_v3,SKIP,BN/WARPS != 16
F8_E4M3_B128,BITSHIFT,U(-1,1),512,4096,4096,128x256x32_w8_v3,SKIP,BN/WARPS != 16
F8_E4M3_B128,LUT,U(-1,1),512,4096,4096,64x64x32_w4_v3,OK,ms=1.764,tflops=9.74,gbps=19.1,maxabs=1.951e-02,p99=9.951e-03,rel=1.848e-04
F8_E4M3_B128,BITSHIFT,U(-1,1),512,4096,4096,64x64x32_w4_v3,SKIP,opt only LUT path
F8_E4M3_B128,LUT,U(-1,1),512,4096,4096,64x128x32_w4_v3,SKIP,BN/WARPS != 16
F8_E4M3_B128,BITSHIFT,U(-1,1),512,4096,4096,64x128x32_w4_v3,SKIP,BN/WARPS != 16
F8_E4M3_B128,LUT,U(-1,1),512,4096,4096,128x64x32_w4_v4,OK,ms=2.195,tflops=7.83,gbps=15.3,maxabs=1.951e-02,p99=9.951e-03,rel=1.848e-04
F8_E4M3_B128,BITSHIFT,U(-1,1),512,4096,4096,128x64x32_w4_v4,SKIP,opt only LUT path
F8_E4M3_B128,LUT,U(-1,1),512,4096,4096,128x128x32_w4_v4,SKIP,BN/WARPS != 16
F8_E4M3_B128,BITSHIFT,U(-1,1),512,4096,4096,128x128x32_w4_v4,SKIP,BN/WARPS != 16
F8_E4M3_B128,LUT,U(-1,1),512,4096,4096,64x64x32_w4_v4,OK,ms=1.895,tflops=9.07,gbps=17.8,maxabs=1.951e-02,p99=9.951e-03,rel=1.848e-04
F8_E4M3_B128,BITSHIFT,U(-1,1),512,4096,4096,64x64x32_w4_v4,SKIP,opt only LUT path
F8_E4M3_B128,LUT,U(-1,1),512,4096,4096,64x128x32_w4_v4,SKIP,BN/WARPS != 16
F8_E4M3_B128,BITSHIFT,U(-1,1),512,4096,4096,64x128x32_w4_v4,SKIP,BN/WARPS != 16
F8_E4M3_B128,LUT,U(-1,1),512,4096,4096,128x64x32_w4_v5,OK,ms=2.014,tflops=8.53,gbps=16.7,maxabs=1.951e-02,p99=9.951e-03,rel=1.848e-04
F8_E4M3_B128,BITSHIFT,U(-1,1),512,4096,4096,128x64x32_w4_v5,SKIP,opt only LUT path
F8_E4M3_B128,LUT,U(-1,1),512,4096,4096,128x128x32_w4_v5,SKIP,BN/WARPS != 16
F8_E4M3_B128,BITSHIFT,U(-1,1),512,4096,4096,128x128x32_w4_v5,SKIP,BN/WARPS != 16
F8_E4M3_B128,LUT,U(-1,1),512,4096,4096,64x64x32_w4_v5,OK,ms=3.011,tflops=5.71,gbps=11.2,maxabs=1.951e-02,p99=9.951e-03,rel=1.848e-04
F8_E4M3_B128,BITSHIFT,U(-1,1),512,4096,4096,64x64x32_w4_v5,SKIP,opt only LUT path
F8_E4M3_B128,LUT,U(-1,1),512,4096,4096,64x128x32_w4_v5,SKIP,BN/WARPS != 16
F8_E4M3_B128,BITSHIFT,U(-1,1),512,4096,4096,64x128x32_w4_v5,SKIP,BN/WARPS != 16
F8_E4M3_B128,LUT,U(-1,1),512,4096,4096,128x128x64_w4_v6,SKIP,BN/WARPS != 16
F8_E4M3_B128,BITSHIFT,U(-1,1),512,4096,4096,128x128x64_w4_v6,SKIP,BN/WARPS != 16
F8_E4M3_B128,LUT,U(-1,1),512,4096,4096,128x64x64_w4_v6,SKIP,v6 only INT8 (A1 retry)
F8_E4M3_B128,BITSHIFT,U(-1,1),512,4096,4096,128x64x64_w4_v6,SKIP,opt only LUT path
F8_E4M3_B128,LUT,U(-1,1),512,4096,4096,64x128x64_w4_v6,SKIP,BN/WARPS != 16
F8_E4M3_B128,BITSHIFT,U(-1,1),512,4096,4096,64x128x64_w4_v6,SKIP,BN/WARPS != 16
F8_E4M3_B128,LUT,U(-1,1),512,4096,4096,64x64x64_w4_v6,SKIP,v6 only INT8 (A1 retry)
F8_E4M3_B128,BITSHIFT,U(-1,1),512,4096,4096,64x64x64_w4_v6,SKIP,opt only LUT path
F8_E4M3_B128,LUT,U(-1,1),1024,4096,4096,16x64x32_w4,OK,ms=8.820,tflops=3.90,gbps=5.7,maxabs=1.949e-02,p99=9.953e-03,rel=1.847e-04
F8_E4M3_B128,BITSHIFT,U(-1,1),1024,4096,4096,16x64x32_w4,OK,ms=11.184,tflops=3.07,gbps=4.5,maxabs=1.949e-02,p99=9.953e-03,rel=1.847e-04
F8_E4M3_B128,LUT,U(-1,1),1024,4096,4096,16x128x32_w8,OK,ms=9.832,tflops=3.49,gbps=5.1,maxabs=1.949e-02,p99=9.953e-03,rel=1.847e-04
F8_E4M3_B128,BITSHIFT,U(-1,1),1024,4096,4096,16x128x32_w8,OK,ms=11.990,tflops=2.87,gbps=4.2,maxabs=1.949e-02,p99=9.953e-03,rel=1.847e-04
F8_E4M3_B128,LUT,U(-1,1),1024,4096,4096,16x128x32_w4f2,SKIP,BN/WARPS != 16
F8_E4M3_B128,BITSHIFT,U(-1,1),1024,4096,4096,16x128x32_w4f2,SKIP,BN/WARPS != 16
F8_E4M3_B128,LUT,U(-1,1),1024,4096,4096,16x256x32_w4f4,SKIP,BN/WARPS != 16
F8_E4M3_B128,BITSHIFT,U(-1,1),1024,4096,4096,16x256x32_w4f4,SKIP,BN/WARPS != 16
F8_E4M3_B128,LUT,U(-1,1),1024,4096,4096,128x64x32_w4_v1,SKIP,no template
F8_E4M3_B128,BITSHIFT,U(-1,1),1024,4096,4096,128x64x32_w4_v1,SKIP,opt only LUT path
F8_E4M3_B128,LUT,U(-1,1),1024,4096,4096,128x128x32_w4_v1,SKIP,BN/WARPS != 16
F8_E4M3_B128,BITSHIFT,U(-1,1),1024,4096,4096,128x128x32_w4_v1,SKIP,BN/WARPS != 16
F8_E4M3_B128,LUT,U(-1,1),1024,4096,4096,128x256x32_w4_v1,SKIP,BN/WARPS != 16
F8_E4M3_B128,BITSHIFT,U(-1,1),1024,4096,4096,128x256x32_w4_v1,SKIP,BN/WARPS != 16
F8_E4M3_B128,LUT,U(-1,1),1024,4096,4096,128x256x32_w8_v1,SKIP,BN/WARPS != 16
F8_E4M3_B128,BITSHIFT,U(-1,1),1024,4096,4096,128x256x32_w8_v1,SKIP,BN/WARPS != 16
F8_E4M3_B128,LUT,U(-1,1),1024,4096,4096,64x64x32_w4_v1,SKIP,no template
F8_E4M3_B128,BITSHIFT,U(-1,1),1024,4096,4096,64x64x32_w4_v1,SKIP,opt only LUT path
F8_E4M3_B128,LUT,U(-1,1),1024,4096,4096,64x128x32_w4_v1,SKIP,BN/WARPS != 16
F8_E4M3_B128,BITSHIFT,U(-1,1),1024,4096,4096,64x128x32_w4_v1,SKIP,BN/WARPS != 16
F8_E4M3_B128,LUT,U(-1,1),1024,4096,4096,128x64x32_w4_v2,OK,ms=3.246,tflops=10.59,gbps=15.5,maxabs=1.949e-02,p99=9.953e-03,rel=1.847e-04
F8_E4M3_B128,BITSHIFT,U(-1,1),1024,4096,4096,128x64x32_w4_v2,SKIP,opt only LUT path
F8_E4M3_B128,LUT,U(-1,1),1024,4096,4096,128x128x32_w4_v2,SKIP,BN/WARPS != 16
F8_E4M3_B128,BITSHIFT,U(-1,1),1024,4096,4096,128x128x32_w4_v2,SKIP,BN/WARPS != 16
F8_E4M3_B128,LUT,U(-1,1),1024,4096,4096,128x256x32_w4_v2,SKIP,BN/WARPS != 16
F8_E4M3_B128,BITSHIFT,U(-1,1),1024,4096,4096,128x256x32_w4_v2,SKIP,BN/WARPS != 16
F8_E4M3_B128,LUT,U(-1,1),1024,4096,4096,128x256x32_w8_v2,SKIP,BN/WARPS != 16
F8_E4M3_B128,BITSHIFT,U(-1,1),1024,4096,4096,128x256x32_w8_v2,SKIP,BN/WARPS != 16
F8_E4M3_B128,LUT,U(-1,1),1024,4096,4096,64x64x32_w4_v2,OK,ms=4.217,tflops=8.15,gbps=12.0,maxabs=1.949e-02,p99=9.953e-03,rel=1.847e-04
F8_E4M3_B128,BITSHIFT,U(-1,1),1024,4096,4096,64x64x32_w4_v2,SKIP,opt only LUT path
F8_E4M3_B128,LUT,U(-1,1),1024,4096,4096,64x128x32_w4_v2,SKIP,BN/WARPS != 16
F8_E4M3_B128,BITSHIFT,U(-1,1),1024,4096,4096,64x128x32_w4_v2,SKIP,BN/WARPS != 16
F8_E4M3_B128,LUT,U(-1,1),1024,4096,4096,128x64x32_w4_v3,OK,ms=3.275,tflops=10.49,gbps=15.4,maxabs=1.949e-02,p99=9.953e-03,rel=1.847e-04
F8_E4M3_B128,BITSHIFT,U(-1,1),1024,4096,4096,128x64x32_w4_v3,SKIP,opt only LUT path
F8_E4M3_B128,LUT,U(-1,1),1024,4096,4096,128x128x32_w4_v3,SKIP,BN/WARPS != 16
F8_E4M3_B128,BITSHIFT,U(-1,1),1024,4096,4096,128x128x32_w4_v3,SKIP,BN/WARPS != 16
F8_E4M3_B128,LUT,U(-1,1),1024,4096,4096,128x256x32_w8_v3,SKIP,BN/WARPS != 16
F8_E4M3_B128,BITSHIFT,U(-1,1),1024,4096,4096,128x256x32_w8_v3,SKIP,BN/WARPS != 16
F8_E4M3_B128,LUT,U(-1,1),1024,4096,4096,64x64x32_w4_v3,OK,ms=2.698,tflops=12.74,gbps=18.7,maxabs=1.949e-02,p99=9.953e-03,rel=1.847e-04
F8_E4M3_B128,BITSHIFT,U(-1,1),1024,4096,4096,64x64x32_w4_v3,SKIP,opt only LUT path
F8_E4M3_B128,LUT,U(-1,1),1024,4096,4096,64x128x32_w4_v3,SKIP,BN/WARPS != 16
F8_E4M3_B128,BITSHIFT,U(-1,1),1024,4096,4096,64x128x32_w4_v3,SKIP,BN/WARPS != 16
F8_E4M3_B128,LUT,U(-1,1),1024,4096,4096,128x64x32_w4_v4,OK,ms=3.354,tflops=10.24,gbps=15.0,maxabs=1.949e-02,p99=9.953e-03,rel=1.847e-04
F8_E4M3_B128,BITSHIFT,U(-1,1),1024,4096,4096,128x64x32_w4_v4,SKIP,opt only LUT path
F8_E4M3_B128,LUT,U(-1,1),1024,4096,4096,128x128x32_w4_v4,SKIP,BN/WARPS != 16
F8_E4M3_B128,BITSHIFT,U(-1,1),1024,4096,4096,128x128x32_w4_v4,SKIP,BN/WARPS != 16
F8_E4M3_B128,LUT,U(-1,1),1024,4096,4096,64x64x32_w4_v4,OK,ms=2.773,tflops=12.39,gbps=18.2,maxabs=1.949e-02,p99=9.953e-03,rel=1.847e-04
F8_E4M3_B128,BITSHIFT,U(-1,1),1024,4096,4096,64x64x32_w4_v4,SKIP,opt only LUT path
F8_E4M3_B128,LUT,U(-1,1),1024,4096,4096,64x128x32_w4_v4,SKIP,BN/WARPS != 16
F8_E4M3_B128,BITSHIFT,U(-1,1),1024,4096,4096,64x128x32_w4_v4,SKIP,BN/WARPS != 16
F8_E4M3_B128,LUT,U(-1,1),1024,4096,4096,128x64x32_w4_v5,OK,ms=3.919,tflops=8.77,gbps=12.9,maxabs=1.949e-02,p99=9.953e-03,rel=1.847e-04
F8_E4M3_B128,BITSHIFT,U(-1,1),1024,4096,4096,128x64x32_w4_v5,SKIP,opt only LUT path
F8_E4M3_B128,LUT,U(-1,1),1024,4096,4096,128x128x32_w4_v5,SKIP,BN/WARPS != 16
F8_E4M3_B128,BITSHIFT,U(-1,1),1024,4096,4096,128x128x32_w4_v5,SKIP,BN/WARPS != 16
F8_E4M3_B128,LUT,U(-1,1),1024,4096,4096,64x64x32_w4_v5,OK,ms=5.328,tflops=6.45,gbps=9.5,maxabs=1.949e-02,p99=9.953e-03,rel=1.847e-04
F8_E4M3_B128,BITSHIFT,U(-1,1),1024,4096,4096,64x64x32_w4_v5,SKIP,opt only LUT path
F8_E4M3_B128,LUT,U(-1,1),1024,4096,4096,64x128x32_w4_v5,SKIP,BN/WARPS != 16
F8_E4M3_B128,BITSHIFT,U(-1,1),1024,4096,4096,64x128x32_w4_v5,SKIP,BN/WARPS != 16
F8_E4M3_B128,LUT,U(-1,1),1024,4096,4096,128x128x64_w4_v6,SKIP,BN/WARPS != 16
F8_E4M3_B128,BITSHIFT,U(-1,1),1024,4096,4096,128x128x64_w4_v6,SKIP,BN/WARPS != 16
F8_E4M3_B128,LUT,U(-1,1),1024,4096,4096,128x64x64_w4_v6,SKIP,v6 only INT8 (A1 retry)
F8_E4M3_B128,BITSHIFT,U(-1,1),1024,4096,4096,128x64x64_w4_v6,SKIP,opt only LUT path
F8_E4M3_B128,LUT,U(-1,1),1024,4096,4096,64x128x64_w4_v6,SKIP,BN/WARPS != 16
F8_E4M3_B128,BITSHIFT,U(-1,1),1024,4096,4096,64x128x64_w4_v6,SKIP,BN/WARPS != 16
F8_E4M3_B128,LUT,U(-1,1),1024,4096,4096,64x64x64_w4_v6,SKIP,v6 only INT8 (A1 retry)
F8_E4M3_B128,BITSHIFT,U(-1,1),1024,4096,4096,64x64x64_w4_v6,SKIP,opt only LUT path
F8_E4M3_B128,LUT,U(-1,1),2048,4096,4096,16x64x32_w4,OK,ms=17.601,tflops=3.90,gbps=4.8,maxabs=2.047e-02,p99=1.002e-02,rel=1.846e-04
F8_E4M3_B128,BITSHIFT,U(-1,1),2048,4096,4096,16x64x32_w4,OK,ms=21.126,tflops=3.25,gbps=4.0,maxabs=2.050e-02,p99=1.002e-02,rel=1.846e-04
F8_E4M3_B128,LUT,U(-1,1),2048,4096,4096,16x128x32_w8,OK,ms=18.426,tflops=3.73,gbps=4.6,maxabs=2.047e-02,p99=1.002e-02,rel=1.846e-04
F8_E4M3_B128,BITSHIFT,U(-1,1),2048,4096,4096,16x128x32_w8,OK,ms=22.382,tflops=3.07,gbps=3.8,maxabs=2.050e-02,p99=1.002e-02,rel=1.846e-04
F8_E4M3_B128,LUT,U(-1,1),2048,4096,4096,16x128x32_w4f2,SKIP,BN/WARPS != 16
F8_E4M3_B128,BITSHIFT,U(-1,1),2048,4096,4096,16x128x32_w4f2,SKIP,BN/WARPS != 16
F8_E4M3_B128,LUT,U(-1,1),2048,4096,4096,16x256x32_w4f4,SKIP,BN/WARPS != 16
F8_E4M3_B128,BITSHIFT,U(-1,1),2048,4096,4096,16x256x32_w4f4,SKIP,BN/WARPS != 16
F8_E4M3_B128,LUT,U(-1,1),2048,4096,4096,128x64x32_w4_v1,SKIP,no template
F8_E4M3_B128,BITSHIFT,U(-1,1),2048,4096,4096,128x64x32_w4_v1,SKIP,opt only LUT path
F8_E4M3_B128,LUT,U(-1,1),2048,4096,4096,128x128x32_w4_v1,SKIP,BN/WARPS != 16
F8_E4M3_B128,BITSHIFT,U(-1,1),2048,4096,4096,128x128x32_w4_v1,SKIP,BN/WARPS != 16
F8_E4M3_B128,LUT,U(-1,1),2048,4096,4096,128x256x32_w4_v1,SKIP,BN/WARPS != 16
F8_E4M3_B128,BITSHIFT,U(-1,1),2048,4096,4096,128x256x32_w4_v1,SKIP,BN/WARPS != 16
F8_E4M3_B128,LUT,U(-1,1),2048,4096,4096,128x256x32_w8_v1,SKIP,BN/WARPS != 16
F8_E4M3_B128,BITSHIFT,U(-1,1),2048,4096,4096,128x256x32_w8_v1,SKIP,BN/WARPS != 16
F8_E4M3_B128,LUT,U(-1,1),2048,4096,4096,64x64x32_w4_v1,SKIP,no template
F8_E4M3_B128,BITSHIFT,U(-1,1),2048,4096,4096,64x64x32_w4_v1,SKIP,opt only LUT path
F8_E4M3_B128,LUT,U(-1,1),2048,4096,4096,64x128x32_w4_v1,SKIP,BN/WARPS != 16
F8_E4M3_B128,BITSHIFT,U(-1,1),2048,4096,4096,64x128x32_w4_v1,SKIP,BN/WARPS != 16
F8_E4M3_B128,LUT,U(-1,1),2048,4096,4096,128x64x32_w4_v2,OK,ms=6.453,tflops=10.65,gbps=13.0,maxabs=2.047e-02,p99=1.002e-02,rel=1.846e-04
F8_E4M3_B128,BITSHIFT,U(-1,1),2048,4096,4096,128x64x32_w4_v2,SKIP,opt only LUT path
F8_E4M3_B128,LUT,U(-1,1),2048,4096,4096,128x128x32_w4_v2,SKIP,BN/WARPS != 16
F8_E4M3_B128,BITSHIFT,U(-1,1),2048,4096,4096,128x128x32_w4_v2,SKIP,BN/WARPS != 16
F8_E4M3_B128,LUT,U(-1,1),2048,4096,4096,128x256x32_w4_v2,SKIP,BN/WARPS != 16
F8_E4M3_B128,BITSHIFT,U(-1,1),2048,4096,4096,128x256x32_w4_v2,SKIP,BN/WARPS != 16
F8_E4M3_B128,LUT,U(-1,1),2048,4096,4096,128x256x32_w8_v2,SKIP,BN/WARPS != 16
F8_E4M3_B128,BITSHIFT,U(-1,1),2048,4096,4096,128x256x32_w8_v2,SKIP,BN/WARPS != 16
F8_E4M3_B128,LUT,U(-1,1),2048,4096,4096,64x64x32_w4_v2,OK,ms=8.387,tflops=8.19,gbps=10.0,maxabs=2.047e-02,p99=1.002e-02,rel=1.846e-04
F8_E4M3_B128,BITSHIFT,U(-1,1),2048,4096,4096,64x64x32_w4_v2,SKIP,opt only LUT path
F8_E4M3_B128,LUT,U(-1,1),2048,4096,4096,64x128x32_w4_v2,SKIP,BN/WARPS != 16
F8_E4M3_B128,BITSHIFT,U(-1,1),2048,4096,4096,64x128x32_w4_v2,SKIP,BN/WARPS != 16
F8_E4M3_B128,LUT,U(-1,1),2048,4096,4096,128x64x32_w4_v3,OK,ms=5.506,tflops=12.48,gbps=15.3,maxabs=2.047e-02,p99=1.002e-02,rel=1.846e-04
F8_E4M3_B128,BITSHIFT,U(-1,1),2048,4096,4096,128x64x32_w4_v3,SKIP,opt only LUT path
F8_E4M3_B128,LUT,U(-1,1),2048,4096,4096,128x128x32_w4_v3,SKIP,BN/WARPS != 16
F8_E4M3_B128,BITSHIFT,U(-1,1),2048,4096,4096,128x128x32_w4_v3,SKIP,BN/WARPS != 16
F8_E4M3_B128,LUT,U(-1,1),2048,4096,4096,128x256x32_w8_v3,SKIP,BN/WARPS != 16
F8_E4M3_B128,BITSHIFT,U(-1,1),2048,4096,4096,128x256x32_w8_v3,SKIP,BN/WARPS != 16
F8_E4M3_B128,LUT,U(-1,1),2048,4096,4096,64x64x32_w4_v3,OK,ms=5.276,tflops=13.02,gbps=15.9,maxabs=2.047e-02,p99=1.002e-02,rel=1.846e-04
F8_E4M3_B128,BITSHIFT,U(-1,1),2048,4096,4096,64x64x32_w4_v3,SKIP,opt only LUT path
F8_E4M3_B128,LUT,U(-1,1),2048,4096,4096,64x128x32_w4_v3,SKIP,BN/WARPS != 16
F8_E4M3_B128,BITSHIFT,U(-1,1),2048,4096,4096,64x128x32_w4_v3,SKIP,BN/WARPS != 16
F8_E4M3_B128,LUT,U(-1,1),2048,4096,4096,128x64x32_w4_v4,OK,ms=5.668,tflops=12.12,gbps=14.8,maxabs=2.047e-02,p99=1.002e-02,rel=1.846e-04
F8_E4M3_B128,BITSHIFT,U(-1,1),2048,4096,4096,128x64x32_w4_v4,SKIP,opt only LUT path
F8_E4M3_B128,LUT,U(-1,1),2048,4096,4096,128x128x32_w4_v4,SKIP,BN/WARPS != 16
F8_E4M3_B128,BITSHIFT,U(-1,1),2048,4096,4096,128x128x32_w4_v4,SKIP,BN/WARPS != 16
F8_E4M3_B128,LUT,U(-1,1),2048,4096,4096,64x64x32_w4_v4,OK,ms=5.452,tflops=12.61,gbps=15.4,maxabs=2.047e-02,p99=1.002e-02,rel=1.846e-04
F8_E4M3_B128,BITSHIFT,U(-1,1),2048,4096,4096,64x64x32_w4_v4,SKIP,opt only LUT path
F8_E4M3_B128,LUT,U(-1,1),2048,4096,4096,64x128x32_w4_v4,SKIP,BN/WARPS != 16
F8_E4M3_B128,BITSHIFT,U(-1,1),2048,4096,4096,64x128x32_w4_v4,SKIP,BN/WARPS != 16
F8_E4M3_B128,LUT,U(-1,1),2048,4096,4096,128x64x32_w4_v5,OK,ms=6.979,tflops=9.85,gbps=12.0,maxabs=2.047e-02,p99=1.002e-02,rel=1.846e-04
F8_E4M3_B128,BITSHIFT,U(-1,1),2048,4096,4096,128x64x32_w4_v5,SKIP,opt only LUT path
F8_E4M3_B128,LUT,U(-1,1),2048,4096,4096,128x128x32_w4_v5,SKIP,BN/WARPS != 16
F8_E4M3_B128,BITSHIFT,U(-1,1),2048,4096,4096,128x128x32_w4_v5,SKIP,BN/WARPS != 16
F8_E4M3_B128,LUT,U(-1,1),2048,4096,4096,64x64x32_w4_v5,OK,ms=9.904,tflops=6.94,gbps=8.5,maxabs=2.047e-02,p99=1.002e-02,rel=1.846e-04
F8_E4M3_B128,BITSHIFT,U(-1,1),2048,4096,4096,64x64x32_w4_v5,SKIP,opt only LUT path
F8_E4M3_B128,LUT,U(-1,1),2048,4096,4096,64x128x32_w4_v5,SKIP,BN/WARPS != 16
F8_E4M3_B128,BITSHIFT,U(-1,1),2048,4096,4096,64x128x32_w4_v5,SKIP,BN/WARPS != 16
F8_E4M3_B128,LUT,U(-1,1),2048,4096,4096,128x128x64_w4_v6,SKIP,BN/WARPS != 16
F8_E4M3_B128,BITSHIFT,U(-1,1),2048,4096,4096,128x128x64_w4_v6,SKIP,BN/WARPS != 16
F8_E4M3_B128,LUT,U(-1,1),2048,4096,4096,128x64x64_w4_v6,SKIP,v6 only INT8 (A1 retry)
F8_E4M3_B128,BITSHIFT,U(-1,1),2048,4096,4096,128x64x64_w4_v6,SKIP,opt only LUT path
F8_E4M3_B128,LUT,U(-1,1),2048,4096,4096,64x128x64_w4_v6,SKIP,BN/WARPS != 16
F8_E4M3_B128,BITSHIFT,U(-1,1),2048,4096,4096,64x128x64_w4_v6,SKIP,BN/WARPS != 16
F8_E4M3_B128,LUT,U(-1,1),2048,4096,4096,64x64x64_w4_v6,SKIP,v6 only INT8 (A1 retry)
F8_E4M3_B128,BITSHIFT,U(-1,1),2048,4096,4096,64x64x64_w4_v6,SKIP,opt only LUT path
F8_E4M3_B128,LUT,U(-1,1),1,7168,7168,16x64x32_w4,OK,ms=2.006,tflops=0.05,gbps=25.8,maxabs=1.831e-02,p99=1.252e-02,rel=1.819e-04
F8_E4M3_B128,BITSHIFT,U(-1,1),1,7168,7168,16x64x32_w4,OK,ms=2.212,tflops=0.05,gbps=23.4,maxabs=1.832e-02,p99=1.255e-02,rel=1.819e-04
F8_E4M3_B128,LUT,U(-1,1),1,7168,7168,16x128x32_w8,OK,ms=2.200,tflops=0.05,gbps=23.6,maxabs=1.831e-02,p99=1.252e-02,rel=1.819e-04
F8_E4M3_B128,BITSHIFT,U(-1,1),1,7168,7168,16x128x32_w8,OK,ms=2.403,tflops=0.04,gbps=21.6,maxabs=1.832e-02,p99=1.255e-02,rel=1.819e-04
F8_E4M3_B128,LUT,U(-1,1),1,7168,7168,16x128x32_w4f2,SKIP,BN/WARPS != 16
F8_E4M3_B128,BITSHIFT,U(-1,1),1,7168,7168,16x128x32_w4f2,SKIP,BN/WARPS != 16
F8_E4M3_B128,LUT,U(-1,1),1,7168,7168,16x256x32_w4f4,SKIP,BN/WARPS != 16
F8_E4M3_B128,BITSHIFT,U(-1,1),1,7168,7168,16x256x32_w4f4,SKIP,BN/WARPS != 16
F8_E4M3_B128,LUT,U(-1,1),1,7168,7168,128x64x32_w4_v1,SKIP,no template
F8_E4M3_B128,BITSHIFT,U(-1,1),1,7168,7168,128x64x32_w4_v1,SKIP,opt only LUT path
F8_E4M3_B128,LUT,U(-1,1),1,7168,7168,128x128x32_w4_v1,SKIP,BN/WARPS != 16
F8_E4M3_B128,BITSHIFT,U(-1,1),1,7168,7168,128x128x32_w4_v1,SKIP,BN/WARPS != 16
F8_E4M3_B128,LUT,U(-1,1),1,7168,7168,128x256x32_w4_v1,SKIP,BN/WARPS != 16
F8_E4M3_B128,BITSHIFT,U(-1,1),1,7168,7168,128x256x32_w4_v1,SKIP,BN/WARPS != 16
F8_E4M3_B128,LUT,U(-1,1),1,7168,7168,128x256x32_w8_v1,SKIP,BN/WARPS != 16
F8_E4M3_B128,BITSHIFT,U(-1,1),1,7168,7168,128x256x32_w8_v1,SKIP,BN/WARPS != 16
F8_E4M3_B128,LUT,U(-1,1),1,7168,7168,64x64x32_w4_v1,SKIP,no template
F8_E4M3_B128,BITSHIFT,U(-1,1),1,7168,7168,64x64x32_w4_v1,SKIP,opt only LUT path
F8_E4M3_B128,LUT,U(-1,1),1,7168,7168,64x128x32_w4_v1,SKIP,BN/WARPS != 16
F8_E4M3_B128,BITSHIFT,U(-1,1),1,7168,7168,64x128x32_w4_v1,SKIP,BN/WARPS != 16
F8_E4M3_B128,LUT,U(-1,1),1,7168,7168,128x64x32_w4_v2,OK,ms=2.601,tflops=0.04,gbps=19.9,maxabs=1.831e-02,p99=1.252e-02,rel=1.819e-04
F8_E4M3_B128,BITSHIFT,U(-1,1),1,7168,7168,128x64x32_w4_v2,SKIP,opt only LUT path
F8_E4M3_B128,LUT,U(-1,1),1,7168,7168,128x128x32_w4_v2,SKIP,BN/WARPS != 16
F8_E4M3_B128,BITSHIFT,U(-1,1),1,7168,7168,128x128x32_w4_v2,SKIP,BN/WARPS != 16
F8_E4M3_B128,LUT,U(-1,1),1,7168,7168,128x256x32_w4_v2,SKIP,BN/WARPS != 16
F8_E4M3_B128,BITSHIFT,U(-1,1),1,7168,7168,128x256x32_w4_v2,SKIP,BN/WARPS != 16
F8_E4M3_B128,LUT,U(-1,1),1,7168,7168,128x256x32_w8_v2,SKIP,BN/WARPS != 16
F8_E4M3_B128,BITSHIFT,U(-1,1),1,7168,7168,128x256x32_w8_v2,SKIP,BN/WARPS != 16
F8_E4M3_B128,LUT,U(-1,1),1,7168,7168,64x64x32_w4_v2,OK,ms=2.212,tflops=0.05,gbps=23.4,maxabs=1.831e-02,p99=1.252e-02,rel=1.819e-04
F8_E4M3_B128,BITSHIFT,U(-1,1),1,7168,7168,64x64x32_w4_v2,SKIP,opt only LUT path
F8_E4M3_B128,LUT,U(-1,1),1,7168,7168,64x128x32_w4_v2,SKIP,BN/WARPS != 16
F8_E4M3_B128,BITSHIFT,U(-1,1),1,7168,7168,64x128x32_w4_v2,SKIP,BN/WARPS != 16
F8_E4M3_B128,LUT,U(-1,1),1,7168,7168,128x64x32_w4_v3,OK,ms=1.730,tflops=0.06,gbps=30.0,maxabs=1.831e-02,p99=1.252e-02,rel=1.819e-04
F8_E4M3_B128,BITSHIFT,U(-1,1),1,7168,7168,128x64x32_w4_v3,SKIP,opt only LUT path
F8_E4M3_B128,LUT,U(-1,1),1,7168,7168,128x128x32_w4_v3,SKIP,BN/WARPS != 16
F8_E4M3_B128,BITSHIFT,U(-1,1),1,7168,7168,128x128x32_w4_v3,SKIP,BN/WARPS != 16
F8_E4M3_B128,LUT,U(-1,1),1,7168,7168,128x256x32_w8_v3,SKIP,BN/WARPS != 16
F8_E4M3_B128,BITSHIFT,U(-1,1),1,7168,7168,128x256x32_w8_v3,SKIP,BN/WARPS != 16
F8_E4M3_B128,LUT,U(-1,1),1,7168,7168,64x64x32_w4_v3,OK,ms=1.369,tflops=0.08,gbps=37.9,maxabs=1.831e-02,p99=1.252e-02,rel=1.819e-04
F8_E4M3_B128,BITSHIFT,U(-1,1),1,7168,7168,64x64x32_w4_v3,SKIP,opt only LUT path
F8_E4M3_B128,LUT,U(-1,1),1,7168,7168,64x128x32_w4_v3,SKIP,BN/WARPS != 16
F8_E4M3_B128,BITSHIFT,U(-1,1),1,7168,7168,64x128x32_w4_v3,SKIP,BN/WARPS != 16
F8_E4M3_B128,LUT,U(-1,1),1,7168,7168,128x64x32_w4_v4,OK,ms=1.755,tflops=0.06,gbps=29.5,maxabs=1.831e-02,p99=1.252e-02,rel=1.819e-04
F8_E4M3_B128,BITSHIFT,U(-1,1),1,7168,7168,128x64x32_w4_v4,SKIP,opt only LUT path
F8_E4M3_B128,LUT,U(-1,1),1,7168,7168,128x128x32_w4_v4,SKIP,BN/WARPS != 16
F8_E4M3_B128,BITSHIFT,U(-1,1),1,7168,7168,128x128x32_w4_v4,SKIP,BN/WARPS != 16
F8_E4M3_B128,LUT,U(-1,1),1,7168,7168,64x64x32_w4_v4,OK,ms=1.373,tflops=0.07,gbps=37.7,maxabs=1.831e-02,p99=1.252e-02,rel=1.819e-04
F8_E4M3_B128,BITSHIFT,U(-1,1),1,7168,7168,64x64x32_w4_v4,SKIP,opt only LUT path
F8_E4M3_B128,LUT,U(-1,1),1,7168,7168,64x128x32_w4_v4,SKIP,BN/WARPS != 16
F8_E4M3_B128,BITSHIFT,U(-1,1),1,7168,7168,64x128x32_w4_v4,SKIP,BN/WARPS != 16
F8_E4M3_B128,LUT,U(-1,1),1,7168,7168,128x64x32_w4_v5,OK,ms=1.745,tflops=0.06,gbps=29.7,maxabs=1.831e-02,p99=1.252e-02,rel=1.819e-04
F8_E4M3_B128,BITSHIFT,U(-1,1),1,7168,7168,128x64x32_w4_v5,SKIP,opt only LUT path
F8_E4M3_B128,LUT,U(-1,1),1,7168,7168,128x128x32_w4_v5,SKIP,BN/WARPS != 16
F8_E4M3_B128,BITSHIFT,U(-1,1),1,7168,7168,128x128x32_w4_v5,SKIP,BN/WARPS != 16
F8_E4M3_B128,LUT,U(-1,1),1,7168,7168,64x64x32_w4_v5,OK,ms=1.369,tflops=0.08,gbps=37.9,maxabs=1.831e-02,p99=1.252e-02,rel=1.819e-04
F8_E4M3_B128,BITSHIFT,U(-1,1),1,7168,7168,64x64x32_w4_v5,SKIP,opt only LUT path
F8_E4M3_B128,LUT,U(-1,1),1,7168,7168,64x128x32_w4_v5,SKIP,BN/WARPS != 16
F8_E4M3_B128,BITSHIFT,U(-1,1),1,7168,7168,64x128x32_w4_v5,SKIP,BN/WARPS != 16
F8_E4M3_B128,LUT,U(-1,1),1,7168,7168,128x128x64_w4_v6,SKIP,BN/WARPS != 16
F8_E4M3_B128,BITSHIFT,U(-1,1),1,7168,7168,128x128x64_w4_v6,SKIP,BN/WARPS != 16
F8_E4M3_B128,LUT,U(-1,1),1,7168,7168,128x64x64_w4_v6,SKIP,v6 only INT8 (A1 retry)
F8_E4M3_B128,BITSHIFT,U(-1,1),1,7168,7168,128x64x64_w4_v6,SKIP,opt only LUT path
F8_E4M3_B128,LUT,U(-1,1),1,7168,7168,64x128x64_w4_v6,SKIP,BN/WARPS != 16
F8_E4M3_B128,BITSHIFT,U(-1,1),1,7168,7168,64x128x64_w4_v6,SKIP,BN/WARPS != 16
F8_E4M3_B128,LUT,U(-1,1),1,7168,7168,64x64x64_w4_v6,SKIP,v6 only INT8 (A1 retry)
F8_E4M3_B128,BITSHIFT,U(-1,1),1,7168,7168,64x64x64_w4_v6,SKIP,opt only LUT path
F8_E4M3_B128,LUT,U(-1,1),16,7168,7168,16x64x32_w4,OK,ms=2.032,tflops=0.81,gbps=25.9,maxabs=2.450e-02,p99=1.297e-02,rel=1.854e-04
F8_E4M3_B128,BITSHIFT,U(-1,1),16,7168,7168,16x64x32_w4,OK,ms=2.309,tflops=0.71,gbps=22.8,maxabs=2.448e-02,p99=1.296e-02,rel=1.854e-04
F8_E4M3_B128,LUT,U(-1,1),16,7168,7168,16x128x32_w8,OK,ms=2.270,tflops=0.72,gbps=23.2,maxabs=2.450e-02,p99=1.297e-02,rel=1.854e-04
F8_E4M3_B128,BITSHIFT,U(-1,1),16,7168,7168,16x128x32_w8,OK,ms=2.559,tflops=0.64,gbps=20.6,maxabs=2.448e-02,p99=1.296e-02,rel=1.854e-04
F8_E4M3_B128,LUT,U(-1,1),16,7168,7168,16x128x32_w4f2,SKIP,BN/WARPS != 16
F8_E4M3_B128,BITSHIFT,U(-1,1),16,7168,7168,16x128x32_w4f2,SKIP,BN/WARPS != 16
F8_E4M3_B128,LUT,U(-1,1),16,7168,7168,16x256x32_w4f4,SKIP,BN/WARPS != 16
F8_E4M3_B128,BITSHIFT,U(-1,1),16,7168,7168,16x256x32_w4f4,SKIP,BN/WARPS != 16
F8_E4M3_B128,LUT,U(-1,1),16,7168,7168,128x64x32_w4_v1,SKIP,no template
F8_E4M3_B128,BITSHIFT,U(-1,1),16,7168,7168,128x64x32_w4_v1,SKIP,opt only LUT path
F8_E4M3_B128,LUT,U(-1,1),16,7168,7168,128x128x32_w4_v1,SKIP,BN/WARPS != 16
F8_E4M3_B128,BITSHIFT,U(-1,1),16,7168,7168,128x128x32_w4_v1,SKIP,BN/WARPS != 16
F8_E4M3_B128,LUT,U(-1,1),16,7168,7168,128x256x32_w4_v1,SKIP,BN/WARPS != 16
F8_E4M3_B128,BITSHIFT,U(-1,1),16,7168,7168,128x256x32_w4_v1,SKIP,BN/WARPS != 16
F8_E4M3_B128,LUT,U(-1,1),16,7168,7168,128x256x32_w8_v1,SKIP,BN/WARPS != 16
F8_E4M3_B128,BITSHIFT,U(-1,1),16,7168,7168,128x256x32_w8_v1,SKIP,BN/WARPS != 16
F8_E4M3_B128,LUT,U(-1,1),16,7168,7168,64x64x32_w4_v1,SKIP,no template
F8_E4M3_B128,BITSHIFT,U(-1,1),16,7168,7168,64x64x32_w4_v1,SKIP,opt only LUT path
F8_E4M3_B128,LUT,U(-1,1),16,7168,7168,64x128x32_w4_v1,SKIP,BN/WARPS != 16
F8_E4M3_B128,BITSHIFT,U(-1,1),16,7168,7168,64x128x32_w4_v1,SKIP,BN/WARPS != 16
F8_E4M3_B128,LUT,U(-1,1),16,7168,7168,128x64x32_w4_v2,OK,ms=2.615,tflops=0.63,gbps=20.2,maxabs=2.450e-02,p99=1.297e-02,rel=1.854e-04
F8_E4M3_B128,BITSHIFT,U(-1,1),16,7168,7168,128x64x32_w4_v2,SKIP,opt only LUT path
F8_E4M3_B128,LUT,U(-1,1),16,7168,7168,128x128x32_w4_v2,SKIP,BN/WARPS != 16
F8_E4M3_B128,BITSHIFT,U(-1,1),16,7168,7168,128x128x32_w4_v2,SKIP,BN/WARPS != 16
F8_E4M3_B128,LUT,U(-1,1),16,7168,7168,128x256x32_w4_v2,SKIP,BN/WARPS != 16
F8_E4M3_B128,BITSHIFT,U(-1,1),16,7168,7168,128x256x32_w4_v2,SKIP,BN/WARPS != 16
F8_E4M3_B128,LUT,U(-1,1),16,7168,7168,128x256x32_w8_v2,SKIP,BN/WARPS != 16
F8_E4M3_B128,BITSHIFT,U(-1,1),16,7168,7168,128x256x32_w8_v2,SKIP,BN/WARPS != 16
F8_E4M3_B128,LUT,U(-1,1),16,7168,7168,64x64x32_w4_v2,OK,ms=2.234,tflops=0.74,gbps=23.6,maxabs=2.450e-02,p99=1.297e-02,rel=1.854e-04
F8_E4M3_B128,BITSHIFT,U(-1,1),16,7168,7168,64x64x32_w4_v2,SKIP,opt only LUT path
F8_E4M3_B128,LUT,U(-1,1),16,7168,7168,64x128x32_w4_v2,SKIP,BN/WARPS != 16
F8_E4M3_B128,BITSHIFT,U(-1,1),16,7168,7168,64x128x32_w4_v2,SKIP,BN/WARPS != 16
F8_E4M3_B128,LUT,U(-1,1),16,7168,7168,128x64x32_w4_v3,OK,ms=1.748,tflops=0.94,gbps=30.2,maxabs=2.450e-02,p99=1.297e-02,rel=1.854e-04
F8_E4M3_B128,BITSHIFT,U(-1,1),16,7168,7168,128x64x32_w4_v3,SKIP,opt only LUT path
F8_E4M3_B128,LUT,U(-1,1),16,7168,7168,128x128x32_w4_v3,SKIP,BN/WARPS != 16
F8_E4M3_B128,BITSHIFT,U(-1,1),16,7168,7168,128x128x32_w4_v3,SKIP,BN/WARPS != 16
F8_E4M3_B128,LUT,U(-1,1),16,7168,7168,128x256x32_w8_v3,SKIP,BN/WARPS != 16
F8_E4M3_B128,BITSHIFT,U(-1,1),16,7168,7168,128x256x32_w8_v3,SKIP,BN/WARPS != 16
F8_E4M3_B128,LUT,U(-1,1),16,7168,7168,64x64x32_w4_v3,OK,ms=1.382,tflops=1.19,gbps=38.1,maxabs=2.450e-02,p99=1.297e-02,rel=1.854e-04
F8_E4M3_B128,BITSHIFT,U(-1,1),16,7168,7168,64x64x32_w4_v3,SKIP,opt only LUT path
F8_E4M3_B128,LUT,U(-1,1),16,7168,7168,64x128x32_w4_v3,SKIP,BN/WARPS != 16
F8_E4M3_B128,BITSHIFT,U(-1,1),16,7168,7168,64x128x32_w4_v3,SKIP,BN/WARPS != 16
F8_E4M3_B128,LUT,U(-1,1),16,7168,7168,128x64x32_w4_v4,OK,ms=1.774,tflops=0.93,gbps=29.7,maxabs=2.450e-02,p99=1.297e-02,rel=1.854e-04
F8_E4M3_B128,BITSHIFT,U(-1,1),16,7168,7168,128x64x32_w4_v4,SKIP,opt only LUT path
F8_E4M3_B128,LUT,U(-1,1),16,7168,7168,128x128x32_w4_v4,SKIP,BN/WARPS != 16
F8_E4M3_B128,BITSHIFT,U(-1,1),16,7168,7168,128x128x32_w4_v4,SKIP,BN/WARPS != 16
F8_E4M3_B128,LUT,U(-1,1),16,7168,7168,64x64x32_w4_v4,OK,ms=1.406,tflops=1.17,gbps=37.5,maxabs=2.450e-02,p99=1.297e-02,rel=1.854e-04
F8_E4M3_B128,BITSHIFT,U(-1,1),16,7168,7168,64x64x32_w4_v4,SKIP,opt only LUT path
F8_E4M3_B128,LUT,U(-1,1),16,7168,7168,64x128x32_w4_v4,SKIP,BN/WARPS != 16
F8_E4M3_B128,BITSHIFT,U(-1,1),16,7168,7168,64x128x32_w4_v4,SKIP,BN/WARPS != 16
F8_E4M3_B128,LUT,U(-1,1),16,7168,7168,128x64x32_w4_v5,OK,ms=1.758,tflops=0.94,gbps=30.0,maxabs=2.450e-02,p99=1.297e-02,rel=1.854e-04
F8_E4M3_B128,BITSHIFT,U(-1,1),16,7168,7168,128x64x32_w4_v5,SKIP,opt only LUT path
F8_E4M3_B128,LUT,U(-1,1),16,7168,7168,128x128x32_w4_v5,SKIP,BN/WARPS != 16
F8_E4M3_B128,BITSHIFT,U(-1,1),16,7168,7168,128x128x32_w4_v5,SKIP,BN/WARPS != 16
F8_E4M3_B128,LUT,U(-1,1),16,7168,7168,64x64x32_w4_v5,OK,ms=1.399,tflops=1.17,gbps=37.7,maxabs=2.450e-02,p99=1.297e-02,rel=1.854e-04
F8_E4M3_B128,BITSHIFT,U(-1,1),16,7168,7168,64x64x32_w4_v5,SKIP,opt only LUT path
F8_E4M3_B128,LUT,U(-1,1),16,7168,7168,64x128x32_w4_v5,SKIP,BN/WARPS != 16
F8_E4M3_B128,BITSHIFT,U(-1,1),16,7168,7168,64x128x32_w4_v5,SKIP,BN/WARPS != 16
F8_E4M3_B128,LUT,U(-1,1),16,7168,7168,128x128x64_w4_v6,SKIP,BN/WARPS != 16
F8_E4M3_B128,BITSHIFT,U(-1,1),16,7168,7168,128x128x64_w4_v6,SKIP,BN/WARPS != 16
F8_E4M3_B128,LUT,U(-1,1),16,7168,7168,128x64x64_w4_v6,SKIP,v6 only INT8 (A1 retry)
F8_E4M3_B128,BITSHIFT,U(-1,1),16,7168,7168,128x64x64_w4_v6,SKIP,opt only LUT path
F8_E4M3_B128,LUT,U(-1,1),16,7168,7168,64x128x64_w4_v6,SKIP,BN/WARPS != 16
F8_E4M3_B128,BITSHIFT,U(-1,1),16,7168,7168,64x128x64_w4_v6,SKIP,BN/WARPS != 16
F8_E4M3_B128,LUT,U(-1,1),16,7168,7168,64x64x64_w4_v6,SKIP,v6 only INT8 (A1 retry)
F8_E4M3_B128,BITSHIFT,U(-1,1),16,7168,7168,64x64x64_w4_v6,SKIP,opt only LUT path
F8_E4M3_B128,LUT,U(-1,1),64,7168,7168,16x64x32_w4,OK,ms=2.176,tflops=3.02,gbps=25.5,maxabs=2.472e-02,p99=1.323e-02,rel=1.849e-04
F8_E4M3_B128,BITSHIFT,U(-1,1),64,7168,7168,16x64x32_w4,OK,ms=2.532,tflops=2.60,gbps=21.9,maxabs=2.474e-02,p99=1.324e-02,rel=1.849e-04
F8_E4M3_B128,LUT,U(-1,1),64,7168,7168,16x128x32_w8,OK,ms=2.401,tflops=2.74,gbps=23.1,maxabs=2.472e-02,p99=1.323e-02,rel=1.849e-04
F8_E4M3_B128,BITSHIFT,U(-1,1),64,7168,7168,16x128x32_w8,OK,ms=2.837,tflops=2.32,gbps=19.5,maxabs=2.474e-02,p99=1.324e-02,rel=1.849e-04
F8_E4M3_B128,LUT,U(-1,1),64,7168,7168,16x128x32_w4f2,SKIP,BN/WARPS != 16
F8_E4M3_B128,BITSHIFT,U(-1,1),64,7168,7168,16x128x32_w4f2,SKIP,BN/WARPS != 16
F8_E4M3_B128,LUT,U(-1,1),64,7168,7168,16x256x32_w4f4,SKIP,BN/WARPS != 16
F8_E4M3_B128,BITSHIFT,U(-1,1),64,7168,7168,16x256x32_w4f4,SKIP,BN/WARPS != 16
F8_E4M3_B128,LUT,U(-1,1),64,7168,7168,128x64x32_w4_v1,SKIP,no template
F8_E4M3_B128,BITSHIFT,U(-1,1),64,7168,7168,128x64x32_w4_v1,SKIP,opt only LUT path
F8_E4M3_B128,LUT,U(-1,1),64,7168,7168,128x128x32_w4_v1,SKIP,BN/WARPS != 16
F8_E4M3_B128,BITSHIFT,U(-1,1),64,7168,7168,128x128x32_w4_v1,SKIP,BN/WARPS != 16
F8_E4M3_B128,LUT,U(-1,1),64,7168,7168,128x256x32_w4_v1,SKIP,BN/WARPS != 16
F8_E4M3_B128,BITSHIFT,U(-1,1),64,7168,7168,128x256x32_w4_v1,SKIP,BN/WARPS != 16
F8_E4M3_B128,LUT,U(-1,1),64,7168,7168,128x256x32_w8_v1,SKIP,BN/WARPS != 16
F8_E4M3_B128,BITSHIFT,U(-1,1),64,7168,7168,128x256x32_w8_v1,SKIP,BN/WARPS != 16
F8_E4M3_B128,LUT,U(-1,1),64,7168,7168,64x64x32_w4_v1,SKIP,no template
F8_E4M3_B128,BITSHIFT,U(-1,1),64,7168,7168,64x64x32_w4_v1,SKIP,opt only LUT path
F8_E4M3_B128,LUT,U(-1,1),64,7168,7168,64x128x32_w4_v1,SKIP,BN/WARPS != 16
F8_E4M3_B128,BITSHIFT,U(-1,1),64,7168,7168,64x128x32_w4_v1,SKIP,BN/WARPS != 16
F8_E4M3_B128,LUT,U(-1,1),64,7168,7168,128x64x32_w4_v2,OK,ms=2.617,tflops=2.51,gbps=21.2,maxabs=2.472e-02,p99=1.323e-02,rel=1.849e-04
F8_E4M3_B128,BITSHIFT,U(-1,1),64,7168,7168,128x64x32_w4_v2,SKIP,opt only LUT path
F8_E4M3_B128,LUT,U(-1,1),64,7168,7168,128x128x32_w4_v2,SKIP,BN/WARPS != 16
F8_E4M3_B128,BITSHIFT,U(-1,1),64,7168,7168,128x128x32_w4_v2,SKIP,BN/WARPS != 16
F8_E4M3_B128,LUT,U(-1,1),64,7168,7168,128x256x32_w4_v2,SKIP,BN/WARPS != 16
F8_E4M3_B128,BITSHIFT,U(-1,1),64,7168,7168,128x256x32_w4_v2,SKIP,BN/WARPS != 16
F8_E4M3_B128,LUT,U(-1,1),64,7168,7168,128x256x32_w8_v2,SKIP,BN/WARPS != 16
F8_E4M3_B128,BITSHIFT,U(-1,1),64,7168,7168,128x256x32_w8_v2,SKIP,BN/WARPS != 16
F8_E4M3_B128,LUT,U(-1,1),64,7168,7168,64x64x32_w4_v2,OK,ms=2.275,tflops=2.89,gbps=24.4,maxabs=2.472e-02,p99=1.323e-02,rel=1.849e-04
F8_E4M3_B128,BITSHIFT,U(-1,1),64,7168,7168,64x64x32_w4_v2,SKIP,opt only LUT path
F8_E4M3_B128,LUT,U(-1,1),64,7168,7168,64x128x32_w4_v2,SKIP,BN/WARPS != 16
F8_E4M3_B128,BITSHIFT,U(-1,1),64,7168,7168,64x128x32_w4_v2,SKIP,BN/WARPS != 16
F8_E4M3_B128,LUT,U(-1,1),64,7168,7168,128x64x32_w4_v3,OK,ms=1.754,tflops=3.75,gbps=31.6,maxabs=2.472e-02,p99=1.323e-02,rel=1.849e-04
F8_E4M3_B128,BITSHIFT,U(-1,1),64,7168,7168,128x64x32_w4_v3,SKIP,opt only LUT path
F8_E4M3_B128,LUT,U(-1,1),64,7168,7168,128x128x32_w4_v3,SKIP,BN/WARPS != 16
F8_E4M3_B128,BITSHIFT,U(-1,1),64,7168,7168,128x128x32_w4_v3,SKIP,BN/WARPS != 16
F8_E4M3_B128,LUT,U(-1,1),64,7168,7168,128x256x32_w8_v3,SKIP,BN/WARPS != 16
F8_E4M3_B128,BITSHIFT,U(-1,1),64,7168,7168,128x256x32_w8_v3,SKIP,BN/WARPS != 16
F8_E4M3_B128,LUT,U(-1,1),64,7168,7168,64x64x32_w4_v3,OK,ms=1.430,tflops=4.60,gbps=38.8,maxabs=2.472e-02,p99=1.323e-02,rel=1.849e-04
F8_E4M3_B128,BITSHIFT,U(-1,1),64,7168,7168,64x64x32_w4_v3,SKIP,opt only LUT path
F8_E4M3_B128,LUT,U(-1,1),64,7168,7168,64x128x32_w4_v3,SKIP,BN/WARPS != 16
F8_E4M3_B128,BITSHIFT,U(-1,1),64,7168,7168,64x128x32_w4_v3,SKIP,BN/WARPS != 16
F8_E4M3_B128,LUT,U(-1,1),64,7168,7168,128x64x32_w4_v4,OK,ms=1.790,tflops=3.67,gbps=31.0,maxabs=2.472e-02,p99=1.323e-02,rel=1.849e-04
F8_E4M3_B128,BITSHIFT,U(-1,1),64,7168,7168,128x64x32_w4_v4,SKIP,opt only LUT path
F8_E4M3_B128,LUT,U(-1,1),64,7168,7168,128x128x32_w4_v4,SKIP,BN/WARPS != 16
F8_E4M3_B128,BITSHIFT,U(-1,1),64,7168,7168,128x128x32_w4_v4,SKIP,BN/WARPS != 16
F8_E4M3_B128,LUT,U(-1,1),64,7168,7168,64x64x32_w4_v4,OK,ms=1.417,tflops=4.64,gbps=39.1,maxabs=2.472e-02,p99=1.323e-02,rel=1.849e-04
F8_E4M3_B128,BITSHIFT,U(-1,1),64,7168,7168,64x64x32_w4_v4,SKIP,opt only LUT path
F8_E4M3_B128,LUT,U(-1,1),64,7168,7168,64x128x32_w4_v4,SKIP,BN/WARPS != 16
F8_E4M3_B128,BITSHIFT,U(-1,1),64,7168,7168,64x128x32_w4_v4,SKIP,BN/WARPS != 16
F8_E4M3_B128,LUT,U(-1,1),64,7168,7168,128x64x32_w4_v5,OK,ms=1.777,tflops=3.70,gbps=31.2,maxabs=2.472e-02,p99=1.323e-02,rel=1.849e-04
F8_E4M3_B128,BITSHIFT,U(-1,1),64,7168,7168,128x64x32_w4_v5,SKIP,opt only LUT path
F8_E4M3_B128,LUT,U(-1,1),64,7168,7168,128x128x32_w4_v5,SKIP,BN/WARPS != 16
F8_E4M3_B128,BITSHIFT,U(-1,1),64,7168,7168,128x128x32_w4_v5,SKIP,BN/WARPS != 16
F8_E4M3_B128,LUT,U(-1,1),64,7168,7168,64x64x32_w4_v5,OK,ms=1.422,tflops=4.63,gbps=39.0,maxabs=2.472e-02,p99=1.323e-02,rel=1.849e-04
F8_E4M3_B128,BITSHIFT,U(-1,1),64,7168,7168,64x64x32_w4_v5,SKIP,opt only LUT path
F8_E4M3_B128,LUT,U(-1,1),64,7168,7168,64x128x32_w4_v5,SKIP,BN/WARPS != 16
F8_E4M3_B128,BITSHIFT,U(-1,1),64,7168,7168,64x128x32_w4_v5,SKIP,BN/WARPS != 16
F8_E4M3_B128,LUT,U(-1,1),64,7168,7168,128x128x64_w4_v6,SKIP,BN/WARPS != 16
F8_E4M3_B128,BITSHIFT,U(-1,1),64,7168,7168,128x128x64_w4_v6,SKIP,BN/WARPS != 16
F8_E4M3_B128,LUT,U(-1,1),64,7168,7168,128x64x64_w4_v6,SKIP,v6 only INT8 (A1 retry)
F8_E4M3_B128,BITSHIFT,U(-1,1),64,7168,7168,128x64x64_w4_v6,SKIP,opt only LUT path
F8_E4M3_B128,LUT,U(-1,1),64,7168,7168,64x128x64_w4_v6,SKIP,BN/WARPS != 16
F8_E4M3_B128,BITSHIFT,U(-1,1),64,7168,7168,64x128x64_w4_v6,SKIP,BN/WARPS != 16
F8_E4M3_B128,LUT,U(-1,1),64,7168,7168,64x64x64_w4_v6,SKIP,v6 only INT8 (A1 retry)
F8_E4M3_B128,BITSHIFT,U(-1,1),64,7168,7168,64x64x64_w4_v6,SKIP,opt only LUT path
F8_E4M3_B128,LUT,U(-1,1),128,7168,7168,16x64x32_w4,OK,ms=4.893,tflops=2.69,gbps=12.1,maxabs=2.500e-02,p99=1.274e-02,rel=1.846e-04
F8_E4M3_B128,BITSHIFT,U(-1,1),128,7168,7168,16x64x32_w4,OK,ms=5.617,tflops=2.34,gbps=10.5,maxabs=2.499e-02,p99=1.274e-02,rel=1.846e-04
F8_E4M3_B128,LUT,U(-1,1),128,7168,7168,16x128x32_w8,OK,ms=5.154,tflops=2.55,gbps=11.5,maxabs=2.500e-02,p99=1.274e-02,rel=1.846e-04
F8_E4M3_B128,BITSHIFT,U(-1,1),128,7168,7168,16x128x32_w8,OK,ms=6.303,tflops=2.09,gbps=9.4,maxabs=2.499e-02,p99=1.274e-02,rel=1.846e-04
F8_E4M3_B128,LUT,U(-1,1),128,7168,7168,16x128x32_w4f2,SKIP,BN/WARPS != 16
F8_E4M3_B128,BITSHIFT,U(-1,1),128,7168,7168,16x128x32_w4f2,SKIP,BN/WARPS != 16
F8_E4M3_B128,LUT,U(-1,1),128,7168,7168,16x256x32_w4f4,SKIP,BN/WARPS != 16
F8_E4M3_B128,BITSHIFT,U(-1,1),128,7168,7168,16x256x32_w4f4,SKIP,BN/WARPS != 16
F8_E4M3_B128,LUT,U(-1,1),128,7168,7168,128x64x32_w4_v1,SKIP,no template
F8_E4M3_B128,BITSHIFT,U(-1,1),128,7168,7168,128x64x32_w4_v1,SKIP,opt only LUT path
F8_E4M3_B128,LUT,U(-1,1),128,7168,7168,128x128x32_w4_v1,SKIP,BN/WARPS != 16
F8_E4M3_B128,BITSHIFT,U(-1,1),128,7168,7168,128x128x32_w4_v1,SKIP,BN/WARPS != 16
F8_E4M3_B128,LUT,U(-1,1),128,7168,7168,128x256x32_w4_v1,SKIP,BN/WARPS != 16
F8_E4M3_B128,BITSHIFT,U(-1,1),128,7168,7168,128x256x32_w4_v1,SKIP,BN/WARPS != 16
F8_E4M3_B128,LUT,U(-1,1),128,7168,7168,128x256x32_w8_v1,SKIP,BN/WARPS != 16
F8_E4M3_B128,BITSHIFT,U(-1,1),128,7168,7168,128x256x32_w8_v1,SKIP,BN/WARPS != 16
F8_E4M3_B128,LUT,U(-1,1),128,7168,7168,64x64x32_w4_v1,SKIP,no template
F8_E4M3_B128,BITSHIFT,U(-1,1),128,7168,7168,64x64x32_w4_v1,SKIP,opt only LUT path
F8_E4M3_B128,LUT,U(-1,1),128,7168,7168,64x128x32_w4_v1,SKIP,BN/WARPS != 16
F8_E4M3_B128,BITSHIFT,U(-1,1),128,7168,7168,64x128x32_w4_v1,SKIP,BN/WARPS != 16
F8_E4M3_B128,LUT,U(-1,1),128,7168,7168,128x64x32_w4_v2,OK,ms=2.650,tflops=4.96,gbps=22.3,maxabs=2.500e-02,p99=1.274e-02,rel=1.846e-04
F8_E4M3_B128,BITSHIFT,U(-1,1),128,7168,7168,128x64x32_w4_v2,SKIP,opt only LUT path
F8_E4M3_B128,LUT,U(-1,1),128,7168,7168,128x128x32_w4_v2,SKIP,BN/WARPS != 16
F8_E4M3_B128,BITSHIFT,U(-1,1),128,7168,7168,128x128x32_w4_v2,SKIP,BN/WARPS != 16
F8_E4M3_B128,LUT,U(-1,1),128,7168,7168,128x256x32_w4_v2,SKIP,BN/WARPS != 16
F8_E4M3_B128,BITSHIFT,U(-1,1),128,7168,7168,128x256x32_w4_v2,SKIP,BN/WARPS != 16
F8_E4M3_B128,LUT,U(-1,1),128,7168,7168,128x256x32_w8_v2,SKIP,BN/WARPS != 16
F8_E4M3_B128,BITSHIFT,U(-1,1),128,7168,7168,128x256x32_w8_v2,SKIP,BN/WARPS != 16
F8_E4M3_B128,LUT,U(-1,1),128,7168,7168,64x64x32_w4_v2,OK,ms=2.288,tflops=5.75,gbps=25.8,maxabs=2.500e-02,p99=1.274e-02,rel=1.846e-04
F8_E4M3_B128,BITSHIFT,U(-1,1),128,7168,7168,64x64x32_w4_v2,SKIP,opt only LUT path
F8_E4M3_B128,LUT,U(-1,1),128,7168,7168,64x128x32_w4_v2,SKIP,BN/WARPS != 16
F8_E4M3_B128,BITSHIFT,U(-1,1),128,7168,7168,64x128x32_w4_v2,SKIP,BN/WARPS != 16
F8_E4M3_B128,LUT,U(-1,1),128,7168,7168,128x64x32_w4_v3,OK,ms=1.792,tflops=7.34,gbps=33.0,maxabs=2.500e-02,p99=1.274e-02,rel=1.846e-04
F8_E4M3_B128,BITSHIFT,U(-1,1),128,7168,7168,128x64x32_w4_v3,SKIP,opt only LUT path
F8_E4M3_B128,LUT,U(-1,1),128,7168,7168,128x128x32_w4_v3,SKIP,BN/WARPS != 16
F8_E4M3_B128,BITSHIFT,U(-1,1),128,7168,7168,128x128x32_w4_v3,SKIP,BN/WARPS != 16
F8_E4M3_B128,LUT,U(-1,1),128,7168,7168,128x256x32_w8_v3,SKIP,BN/WARPS != 16
F8_E4M3_B128,BITSHIFT,U(-1,1),128,7168,7168,128x256x32_w8_v3,SKIP,BN/WARPS != 16
F8_E4M3_B128,LUT,U(-1,1),128,7168,7168,64x64x32_w4_v3,OK,ms=1.453,tflops=9.05,gbps=40.7,maxabs=2.500e-02,p99=1.274e-02,rel=1.846e-04
F8_E4M3_B128,BITSHIFT,U(-1,1),128,7168,7168,64x64x32_w4_v3,SKIP,opt only LUT path
F8_E4M3_B128,LUT,U(-1,1),128,7168,7168,64x128x32_w4_v3,SKIP,BN/WARPS != 16
F8_E4M3_B128,BITSHIFT,U(-1,1),128,7168,7168,64x128x32_w4_v3,SKIP,BN/WARPS != 16
F8_E4M3_B128,LUT,U(-1,1),128,7168,7168,128x64x32_w4_v4,OK,ms=1.815,tflops=7.25,gbps=32.6,maxabs=2.500e-02,p99=1.274e-02,rel=1.846e-04
F8_E4M3_B128,BITSHIFT,U(-1,1),128,7168,7168,128x64x32_w4_v4,SKIP,opt only LUT path
F8_E4M3_B128,LUT,U(-1,1),128,7168,7168,128x128x32_w4_v4,SKIP,BN/WARPS != 16
F8_E4M3_B128,BITSHIFT,U(-1,1),128,7168,7168,128x128x32_w4_v4,SKIP,BN/WARPS != 16
F8_E4M3_B128,LUT,U(-1,1),128,7168,7168,64x64x32_w4_v4,OK,ms=1.479,tflops=8.89,gbps=40.0,maxabs=2.500e-02,p99=1.274e-02,rel=1.846e-04
F8_E4M3_B128,BITSHIFT,U(-1,1),128,7168,7168,64x64x32_w4_v4,SKIP,opt only LUT path
F8_E4M3_B128,LUT,U(-1,1),128,7168,7168,64x128x32_w4_v4,SKIP,BN/WARPS != 16
F8_E4M3_B128,BITSHIFT,U(-1,1),128,7168,7168,64x128x32_w4_v4,SKIP,BN/WARPS != 16
F8_E4M3_B128,LUT,U(-1,1),128,7168,7168,128x64x32_w4_v5,OK,ms=1.800,tflops=7.31,gbps=32.8,maxabs=2.500e-02,p99=1.274e-02,rel=1.846e-04
F8_E4M3_B128,BITSHIFT,U(-1,1),128,7168,7168,128x64x32_w4_v5,SKIP,opt only LUT path
F8_E4M3_B128,LUT,U(-1,1),128,7168,7168,128x128x32_w4_v5,SKIP,BN/WARPS != 16
F8_E4M3_B128,BITSHIFT,U(-1,1),128,7168,7168,128x128x32_w4_v5,SKIP,BN/WARPS != 16
F8_E4M3_B128,LUT,U(-1,1),128,7168,7168,64x64x32_w4_v5,OK,ms=2.602,tflops=5.06,gbps=22.7,maxabs=2.500e-02,p99=1.274e-02,rel=1.846e-04
F8_E4M3_B128,BITSHIFT,U(-1,1),128,7168,7168,64x64x32_w4_v5,SKIP,opt only LUT path
F8_E4M3_B128,LUT,U(-1,1),128,7168,7168,64x128x32_w4_v5,SKIP,BN/WARPS != 16
F8_E4M3_B128,BITSHIFT,U(-1,1),128,7168,7168,64x128x32_w4_v5,SKIP,BN/WARPS != 16
F8_E4M3_B128,LUT,U(-1,1),128,7168,7168,128x128x64_w4_v6,SKIP,BN/WARPS != 16
F8_E4M3_B128,BITSHIFT,U(-1,1),128,7168,7168,128x128x64_w4_v6,SKIP,BN/WARPS != 16
F8_E4M3_B128,LUT,U(-1,1),128,7168,7168,128x64x64_w4_v6,SKIP,v6 only INT8 (A1 retry)
F8_E4M3_B128,BITSHIFT,U(-1,1),128,7168,7168,128x64x64_w4_v6,SKIP,opt only LUT path
F8_E4M3_B128,LUT,U(-1,1),128,7168,7168,64x128x64_w4_v6,SKIP,BN/WARPS != 16
F8_E4M3_B128,BITSHIFT,U(-1,1),128,7168,7168,64x128x64_w4_v6,SKIP,BN/WARPS != 16
F8_E4M3_B128,LUT,U(-1,1),128,7168,7168,64x64x64_w4_v6,SKIP,v6 only INT8 (A1 retry)
F8_E4M3_B128,BITSHIFT,U(-1,1),128,7168,7168,64x64x64_w4_v6,SKIP,opt only LUT path
F8_E4M3_B128,LUT,U(-1,1),256,7168,7168,16x64x32_w4,OK,ms=7.428,tflops=3.54,gbps=8.9,maxabs=2.503e-02,p99=1.270e-02,rel=1.848e-04
F8_E4M3_B128,BITSHIFT,U(-1,1),256,7168,7168,16x64x32_w4,OK,ms=8.543,tflops=3.08,gbps=7.8,maxabs=2.501e-02,p99=1.271e-02,rel=1.848e-04
F8_E4M3_B128,LUT,U(-1,1),256,7168,7168,16x128x32_w8,OK,ms=7.663,tflops=3.43,gbps=8.7,maxabs=2.503e-02,p99=1.270e-02,rel=1.848e-04
F8_E4M3_B128,BITSHIFT,U(-1,1),256,7168,7168,16x128x32_w8,OK,ms=9.285,tflops=2.83,gbps=7.2,maxabs=2.501e-02,p99=1.271e-02,rel=1.848e-04
F8_E4M3_B128,LUT,U(-1,1),256,7168,7168,16x128x32_w4f2,SKIP,BN/WARPS != 16
F8_E4M3_B128,BITSHIFT,U(-1,1),256,7168,7168,16x128x32_w4f2,SKIP,BN/WARPS != 16
F8_E4M3_B128,LUT,U(-1,1),256,7168,7168,16x256x32_w4f4,SKIP,BN/WARPS != 16
F8_E4M3_B128,BITSHIFT,U(-1,1),256,7168,7168,16x256x32_w4f4,SKIP,BN/WARPS != 16
F8_E4M3_B128,LUT,U(-1,1),256,7168,7168,128x64x32_w4_v1,SKIP,no template
F8_E4M3_B128,BITSHIFT,U(-1,1),256,7168,7168,128x64x32_w4_v1,SKIP,opt only LUT path
F8_E4M3_B128,LUT,U(-1,1),256,7168,7168,128x128x32_w4_v1,SKIP,BN/WARPS != 16
F8_E4M3_B128,BITSHIFT,U(-1,1),256,7168,7168,128x128x32_w4_v1,SKIP,BN/WARPS != 16
F8_E4M3_B128,LUT,U(-1,1),256,7168,7168,128x256x32_w4_v1,SKIP,BN/WARPS != 16
F8_E4M3_B128,BITSHIFT,U(-1,1),256,7168,7168,128x256x32_w4_v1,SKIP,BN/WARPS != 16
F8_E4M3_B128,LUT,U(-1,1),256,7168,7168,128x256x32_w8_v1,SKIP,BN/WARPS != 16
F8_E4M3_B128,BITSHIFT,U(-1,1),256,7168,7168,128x256x32_w8_v1,SKIP,BN/WARPS != 16
F8_E4M3_B128,LUT,U(-1,1),256,7168,7168,64x64x32_w4_v1,SKIP,no template
F8_E4M3_B128,BITSHIFT,U(-1,1),256,7168,7168,64x64x32_w4_v1,SKIP,opt only LUT path
F8_E4M3_B128,LUT,U(-1,1),256,7168,7168,64x128x32_w4_v1,SKIP,BN/WARPS != 16
F8_E4M3_B128,BITSHIFT,U(-1,1),256,7168,7168,64x128x32_w4_v1,SKIP,BN/WARPS != 16
F8_E4M3_B128,LUT,U(-1,1),256,7168,7168,128x64x32_w4_v2,OK,ms=2.730,tflops=9.63,gbps=24.3,maxabs=2.503e-02,p99=1.270e-02,rel=1.848e-04
F8_E4M3_B128,BITSHIFT,U(-1,1),256,7168,7168,128x64x32_w4_v2,SKIP,opt only LUT path
F8_E4M3_B128,LUT,U(-1,1),256,7168,7168,128x128x32_w4_v2,SKIP,BN/WARPS != 16
F8_E4M3_B128,BITSHIFT,U(-1,1),256,7168,7168,128x128x32_w4_v2,SKIP,BN/WARPS != 16
F8_E4M3_B128,LUT,U(-1,1),256,7168,7168,128x256x32_w4_v2,SKIP,BN/WARPS != 16
F8_E4M3_B128,BITSHIFT,U(-1,1),256,7168,7168,128x256x32_w4_v2,SKIP,BN/WARPS != 16
F8_E4M3_B128,LUT,U(-1,1),256,7168,7168,128x256x32_w8_v2,SKIP,BN/WARPS != 16
F8_E4M3_B128,BITSHIFT,U(-1,1),256,7168,7168,128x256x32_w8_v2,SKIP,BN/WARPS != 16
F8_E4M3_B128,LUT,U(-1,1),256,7168,7168,64x64x32_w4_v2,OK,ms=4.650,tflops=5.66,gbps=14.3,maxabs=2.503e-02,p99=1.270e-02,rel=1.848e-04
F8_E4M3_B128,BITSHIFT,U(-1,1),256,7168,7168,64x64x32_w4_v2,SKIP,opt only LUT path
F8_E4M3_B128,LUT,U(-1,1),256,7168,7168,64x128x32_w4_v2,SKIP,BN/WARPS != 16
F8_E4M3_B128,BITSHIFT,U(-1,1),256,7168,7168,64x128x32_w4_v2,SKIP,BN/WARPS != 16
F8_E4M3_B128,LUT,U(-1,1),256,7168,7168,128x64x32_w4_v3,OK,ms=1.942,tflops=13.54,gbps=34.2,maxabs=2.503e-02,p99=1.270e-02,rel=1.848e-04
F8_E4M3_B128,BITSHIFT,U(-1,1),256,7168,7168,128x64x32_w4_v3,SKIP,opt only LUT path
F8_E4M3_B128,LUT,U(-1,1),256,7168,7168,128x128x32_w4_v3,SKIP,BN/WARPS != 16
F8_E4M3_B128,BITSHIFT,U(-1,1),256,7168,7168,128x128x32_w4_v3,SKIP,BN/WARPS != 16
F8_E4M3_B128,LUT,U(-1,1),256,7168,7168,128x256x32_w8_v3,SKIP,BN/WARPS != 16
F8_E4M3_B128,BITSHIFT,U(-1,1),256,7168,7168,128x256x32_w8_v3,SKIP,BN/WARPS != 16
F8_E4M3_B128,LUT,U(-1,1),256,7168,7168,64x64x32_w4_v3,OK,ms=3.007,tflops=8.75,gbps=22.1,maxabs=2.503e-02,p99=1.270e-02,rel=1.848e-04
F8_E4M3_B128,BITSHIFT,U(-1,1),256,7168,7168,64x64x32_w4_v3,SKIP,opt only LUT path
F8_E4M3_B128,LUT,U(-1,1),256,7168,7168,64x128x32_w4_v3,SKIP,BN/WARPS != 16
F8_E4M3_B128,BITSHIFT,U(-1,1),256,7168,7168,64x128x32_w4_v3,SKIP,BN/WARPS != 16
F8_E4M3_B128,LUT,U(-1,1),256,7168,7168,128x64x32_w4_v4,OK,ms=1.975,tflops=13.32,gbps=33.7,maxabs=2.503e-02,p99=1.270e-02,rel=1.848e-04
F8_E4M3_B128,BITSHIFT,U(-1,1),256,7168,7168,128x64x32_w4_v4,SKIP,opt only LUT path
F8_E4M3_B128,LUT,U(-1,1),256,7168,7168,128x128x32_w4_v4,SKIP,BN/WARPS != 16
F8_E4M3_B128,BITSHIFT,U(-1,1),256,7168,7168,128x128x32_w4_v4,SKIP,BN/WARPS != 16
F8_E4M3_B128,LUT,U(-1,1),256,7168,7168,64x64x32_w4_v4,OK,ms=3.167,tflops=8.31,gbps=21.0,maxabs=2.503e-02,p99=1.270e-02,rel=1.848e-04
F8_E4M3_B128,BITSHIFT,U(-1,1),256,7168,7168,64x64x32_w4_v4,SKIP,opt only LUT path
F8_E4M3_B128,LUT,U(-1,1),256,7168,7168,64x128x32_w4_v4,SKIP,BN/WARPS != 16
F8_E4M3_B128,BITSHIFT,U(-1,1),256,7168,7168,64x128x32_w4_v4,SKIP,BN/WARPS != 16
F8_E4M3_B128,LUT,U(-1,1),256,7168,7168,128x64x32_w4_v5,OK,ms=3.329,tflops=7.90,gbps=20.0,maxabs=2.503e-02,p99=1.270e-02,rel=1.848e-04
F8_E4M3_B128,BITSHIFT,U(-1,1),256,7168,7168,128x64x32_w4_v5,SKIP,opt only LUT path
F8_E4M3_B128,LUT,U(-1,1),256,7168,7168,128x128x32_w4_v5,SKIP,BN/WARPS != 16
F8_E4M3_B128,BITSHIFT,U(-1,1),256,7168,7168,128x128x32_w4_v5,SKIP,BN/WARPS != 16
F8_E4M3_B128,LUT,U(-1,1),256,7168,7168,64x64x32_w4_v5,OK,ms=4.069,tflops=6.47,gbps=16.3,maxabs=2.503e-02,p99=1.270e-02,rel=1.848e-04
F8_E4M3_B128,BITSHIFT,U(-1,1),256,7168,7168,64x64x32_w4_v5,SKIP,opt only LUT path
F8_E4M3_B128,LUT,U(-1,1),256,7168,7168,64x128x32_w4_v5,SKIP,BN/WARPS != 16
F8_E4M3_B128,BITSHIFT,U(-1,1),256,7168,7168,64x128x32_w4_v5,SKIP,BN/WARPS != 16
F8_E4M3_B128,LUT,U(-1,1),256,7168,7168,128x128x64_w4_v6,SKIP,BN/WARPS != 16
F8_E4M3_B128,BITSHIFT,U(-1,1),256,7168,7168,128x128x64_w4_v6,SKIP,BN/WARPS != 16
F8_E4M3_B128,LUT,U(-1,1),256,7168,7168,128x64x64_w4_v6,SKIP,v6 only INT8 (A1 retry)
F8_E4M3_B128,BITSHIFT,U(-1,1),256,7168,7168,128x64x64_w4_v6,SKIP,opt only LUT path
F8_E4M3_B128,LUT,U(-1,1),256,7168,7168,64x128x64_w4_v6,SKIP,BN/WARPS != 16
F8_E4M3_B128,BITSHIFT,U(-1,1),256,7168,7168,64x128x64_w4_v6,SKIP,BN/WARPS != 16
F8_E4M3_B128,LUT,U(-1,1),256,7168,7168,64x64x64_w4_v6,SKIP,v6 only INT8 (A1 retry)
F8_E4M3_B128,BITSHIFT,U(-1,1),256,7168,7168,64x64x64_w4_v6,SKIP,opt only LUT path
F8_E4M3_B128,LUT,U(-1,1),512,7168,7168,16x64x32_w4,OK,ms=13.030,tflops=4.04,gbps=6.2,maxabs=2.631e-02,p99=1.314e-02,rel=1.847e-04
F8_E4M3_B128,BITSHIFT,U(-1,1),512,7168,7168,16x64x32_w4,OK,ms=17.174,tflops=3.06,gbps=4.7,maxabs=2.631e-02,p99=1.319e-02,rel=1.847e-04
F8_E4M3_B128,LUT,U(-1,1),512,7168,7168,16x128x32_w8,OK,ms=15.348,tflops=3.43,gbps=5.3,maxabs=2.631e-02,p99=1.314e-02,rel=1.847e-04
F8_E4M3_B128,BITSHIFT,U(-1,1),512,7168,7168,16x128x32_w8,OK,ms=18.659,tflops=2.82,gbps=4.3,maxabs=2.631e-02,p99=1.319e-02,rel=1.847e-04
F8_E4M3_B128,LUT,U(-1,1),512,7168,7168,16x128x32_w4f2,SKIP,BN/WARPS != 16
F8_E4M3_B128,BITSHIFT,U(-1,1),512,7168,7168,16x128x32_w4f2,SKIP,BN/WARPS != 16
F8_E4M3_B128,LUT,U(-1,1),512,7168,7168,16x256x32_w4f4,SKIP,BN/WARPS != 16
F8_E4M3_B128,BITSHIFT,U(-1,1),512,7168,7168,16x256x32_w4f4,SKIP,BN/WARPS != 16
F8_E4M3_B128,LUT,U(-1,1),512,7168,7168,128x64x32_w4_v1,SKIP,no template
F8_E4M3_B128,BITSHIFT,U(-1,1),512,7168,7168,128x64x32_w4_v1,SKIP,opt only LUT path
F8_E4M3_B128,LUT,U(-1,1),512,7168,7168,128x128x32_w4_v1,SKIP,BN/WARPS != 16
F8_E4M3_B128,BITSHIFT,U(-1,1),512,7168,7168,128x128x32_w4_v1,SKIP,BN/WARPS != 16
F8_E4M3_B128,LUT,U(-1,1),512,7168,7168,128x256x32_w4_v1,SKIP,BN/WARPS != 16
F8_E4M3_B128,BITSHIFT,U(-1,1),512,7168,7168,128x256x32_w4_v1,SKIP,BN/WARPS != 16
F8_E4M3_B128,LUT,U(-1,1),512,7168,7168,128x256x32_w8_v1,SKIP,BN/WARPS != 16
F8_E4M3_B128,BITSHIFT,U(-1,1),512,7168,7168,128x256x32_w8_v1,SKIP,BN/WARPS != 16
F8_E4M3_B128,LUT,U(-1,1),512,7168,7168,64x64x32_w4_v1,SKIP,no template
F8_E4M3_B128,BITSHIFT,U(-1,1),512,7168,7168,64x64x32_w4_v1,SKIP,opt only LUT path
F8_E4M3_B128,LUT,U(-1,1),512,7168,7168,64x128x32_w4_v1,SKIP,BN/WARPS != 16
F8_E4M3_B128,BITSHIFT,U(-1,1),512,7168,7168,64x128x32_w4_v1,SKIP,BN/WARPS != 16
F8_E4M3_B128,LUT,U(-1,1),512,7168,7168,128x64x32_w4_v2,OK,ms=5.874,tflops=8.96,gbps=13.8,maxabs=2.631e-02,p99=1.314e-02,rel=1.847e-04
F8_E4M3_B128,BITSHIFT,U(-1,1),512,7168,7168,128x64x32_w4_v2,SKIP,opt only LUT path
F8_E4M3_B128,LUT,U(-1,1),512,7168,7168,128x128x32_w4_v2,SKIP,BN/WARPS != 16
F8_E4M3_B128,BITSHIFT,U(-1,1),512,7168,7168,128x128x32_w4_v2,SKIP,BN/WARPS != 16
F8_E4M3_B128,LUT,U(-1,1),512,7168,7168,128x256x32_w4_v2,SKIP,BN/WARPS != 16
F8_E4M3_B128,BITSHIFT,U(-1,1),512,7168,7168,128x256x32_w4_v2,SKIP,BN/WARPS != 16
F8_E4M3_B128,LUT,U(-1,1),512,7168,7168,128x256x32_w8_v2,SKIP,BN/WARPS != 16
F8_E4M3_B128,BITSHIFT,U(-1,1),512,7168,7168,128x256x32_w8_v2,SKIP,BN/WARPS != 16
F8_E4M3_B128,LUT,U(-1,1),512,7168,7168,64x64x32_w4_v2,OK,ms=7.215,tflops=7.29,gbps=11.2,maxabs=2.631e-02,p99=1.314e-02,rel=1.847e-04
F8_E4M3_B128,BITSHIFT,U(-1,1),512,7168,7168,64x64x32_w4_v2,SKIP,opt only LUT path
F8_E4M3_B128,LUT,U(-1,1),512,7168,7168,64x128x32_w4_v2,SKIP,BN/WARPS != 16
F8_E4M3_B128,BITSHIFT,U(-1,1),512,7168,7168,64x128x32_w4_v2,SKIP,BN/WARPS != 16
F8_E4M3_B128,LUT,U(-1,1),512,7168,7168,128x64x32_w4_v3,OK,ms=3.833,tflops=13.73,gbps=21.2,maxabs=2.631e-02,p99=1.314e-02,rel=1.847e-04
F8_E4M3_B128,BITSHIFT,U(-1,1),512,7168,7168,128x64x32_w4_v3,SKIP,opt only LUT path
F8_E4M3_B128,LUT,U(-1,1),512,7168,7168,128x128x32_w4_v3,SKIP,BN/WARPS != 16
F8_E4M3_B128,BITSHIFT,U(-1,1),512,7168,7168,128x128x32_w4_v3,SKIP,BN/WARPS != 16
F8_E4M3_B128,LUT,U(-1,1),512,7168,7168,128x256x32_w8_v3,SKIP,BN/WARPS != 16
F8_E4M3_B128,BITSHIFT,U(-1,1),512,7168,7168,128x256x32_w8_v3,SKIP,BN/WARPS != 16
F8_E4M3_B128,LUT,U(-1,1),512,7168,7168,64x64x32_w4_v3,OK,ms=4.759,tflops=11.06,gbps=17.0,maxabs=2.631e-02,p99=1.314e-02,rel=1.847e-04
F8_E4M3_B128,BITSHIFT,U(-1,1),512,7168,7168,64x64x32_w4_v3,SKIP,opt only LUT path
F8_E4M3_B128,LUT,U(-1,1),512,7168,7168,64x128x32_w4_v3,SKIP,BN/WARPS != 16
F8_E4M3_B128,BITSHIFT,U(-1,1),512,7168,7168,64x128x32_w4_v3,SKIP,BN/WARPS != 16
F8_E4M3_B128,LUT,U(-1,1),512,7168,7168,128x64x32_w4_v4,OK,ms=3.919,tflops=13.42,gbps=20.7,maxabs=2.631e-02,p99=1.314e-02,rel=1.847e-04
F8_E4M3_B128,BITSHIFT,U(-1,1),512,7168,7168,128x64x32_w4_v4,SKIP,opt only LUT path
F8_E4M3_B128,LUT,U(-1,1),512,7168,7168,128x128x32_w4_v4,SKIP,BN/WARPS != 16
F8_E4M3_B128,BITSHIFT,U(-1,1),512,7168,7168,128x128x32_w4_v4,SKIP,BN/WARPS != 16
F8_E4M3_B128,LUT,U(-1,1),512,7168,7168,64x64x32_w4_v4,OK,ms=4.974,tflops=10.58,gbps=16.3,maxabs=2.631e-02,p99=1.314e-02,rel=1.847e-04
F8_E4M3_B128,BITSHIFT,U(-1,1),512,7168,7168,64x64x32_w4_v4,SKIP,opt only LUT path
F8_E4M3_B128,LUT,U(-1,1),512,7168,7168,64x128x32_w4_v4,SKIP,BN/WARPS != 16
F8_E4M3_B128,BITSHIFT,U(-1,1),512,7168,7168,64x128x32_w4_v4,SKIP,BN/WARPS != 16
F8_E4M3_B128,LUT,U(-1,1),512,7168,7168,128x64x32_w4_v5,OK,ms=5.314,tflops=9.90,gbps=15.3,maxabs=2.631e-02,p99=1.314e-02,rel=1.847e-04
F8_E4M3_B128,BITSHIFT,U(-1,1),512,7168,7168,128x64x32_w4_v5,SKIP,opt only LUT path
F8_E4M3_B128,LUT,U(-1,1),512,7168,7168,128x128x32_w4_v5,SKIP,BN/WARPS != 16
F8_E4M3_B128,BITSHIFT,U(-1,1),512,7168,7168,128x128x32_w4_v5,SKIP,BN/WARPS != 16
F8_E4M3_B128,LUT,U(-1,1),512,7168,7168,64x64x32_w4_v5,OK,ms=8.096,tflops=6.50,gbps=10.0,maxabs=2.631e-02,p99=1.314e-02,rel=1.847e-04
F8_E4M3_B128,BITSHIFT,U(-1,1),512,7168,7168,64x64x32_w4_v5,SKIP,opt only LUT path
F8_E4M3_B128,LUT,U(-1,1),512,7168,7168,64x128x32_w4_v5,SKIP,BN/WARPS != 16
F8_E4M3_B128,BITSHIFT,U(-1,1),512,7168,7168,64x128x32_w4_v5,SKIP,BN/WARPS != 16
F8_E4M3_B128,LUT,U(-1,1),512,7168,7168,128x128x64_w4_v6,SKIP,BN/WARPS != 16
F8_E4M3_B128,BITSHIFT,U(-1,1),512,7168,7168,128x128x64_w4_v6,SKIP,BN/WARPS != 16
F8_E4M3_B128,LUT,U(-1,1),512,7168,7168,128x64x64_w4_v6,SKIP,v6 only INT8 (A1 retry)
F8_E4M3_B128,BITSHIFT,U(-1,1),512,7168,7168,128x64x64_w4_v6,SKIP,opt only LUT path
F8_E4M3_B128,LUT,U(-1,1),512,7168,7168,64x128x64_w4_v6,SKIP,BN/WARPS != 16
F8_E4M3_B128,BITSHIFT,U(-1,1),512,7168,7168,64x128x64_w4_v6,SKIP,BN/WARPS != 16
F8_E4M3_B128,LUT,U(-1,1),512,7168,7168,64x64x64_w4_v6,SKIP,v6 only INT8 (A1 retry)
F8_E4M3_B128,BITSHIFT,U(-1,1),512,7168,7168,64x64x64_w4_v6,SKIP,opt only LUT path
F8_E4M3_B128,LUT,U(-1,1),1024,7168,7168,16x64x32_w4,OK,ms=26.039,tflops=4.04,gbps=4.2,maxabs=2.631e-02,p99=1.321e-02,rel=1.846e-04
F8_E4M3_B128,BITSHIFT,U(-1,1),1024,7168,7168,16x64x32_w4,OK,ms=34.276,tflops=3.07,gbps=3.2,maxabs=2.631e-02,p99=1.327e-02,rel=1.846e-04
F8_E4M3_B128,LUT,U(-1,1),1024,7168,7168,16x128x32_w8,OK,ms=30.741,tflops=3.42,gbps=3.6,maxabs=2.631e-02,p99=1.321e-02,rel=1.846e-04
F8_E4M3_B128,BITSHIFT,U(-1,1),1024,7168,7168,16x128x32_w8,OK,ms=37.276,tflops=2.82,gbps=3.0,maxabs=2.631e-02,p99=1.327e-02,rel=1.846e-04
F8_E4M3_B128,LUT,U(-1,1),1024,7168,7168,16x128x32_w4f2,SKIP,BN/WARPS != 16
F8_E4M3_B128,BITSHIFT,U(-1,1),1024,7168,7168,16x128x32_w4f2,SKIP,BN/WARPS != 16
F8_E4M3_B128,LUT,U(-1,1),1024,7168,7168,16x256x32_w4f4,SKIP,BN/WARPS != 16
F8_E4M3_B128,BITSHIFT,U(-1,1),1024,7168,7168,16x256x32_w4f4,SKIP,BN/WARPS != 16
F8_E4M3_B128,LUT,U(-1,1),1024,7168,7168,128x64x32_w4_v1,SKIP,no template
F8_E4M3_B128,BITSHIFT,U(-1,1),1024,7168,7168,128x64x32_w4_v1,SKIP,opt only LUT path
F8_E4M3_B128,LUT,U(-1,1),1024,7168,7168,128x128x32_w4_v1,SKIP,BN/WARPS != 16
F8_E4M3_B128,BITSHIFT,U(-1,1),1024,7168,7168,128x128x32_w4_v1,SKIP,BN/WARPS != 16
F8_E4M3_B128,LUT,U(-1,1),1024,7168,7168,128x256x32_w4_v1,SKIP,BN/WARPS != 16
F8_E4M3_B128,BITSHIFT,U(-1,1),1024,7168,7168,128x256x32_w4_v1,SKIP,BN/WARPS != 16
F8_E4M3_B128,LUT,U(-1,1),1024,7168,7168,128x256x32_w8_v1,SKIP,BN/WARPS != 16
F8_E4M3_B128,BITSHIFT,U(-1,1),1024,7168,7168,128x256x32_w8_v1,SKIP,BN/WARPS != 16
F8_E4M3_B128,LUT,U(-1,1),1024,7168,7168,64x64x32_w4_v1,SKIP,no template
F8_E4M3_B128,BITSHIFT,U(-1,1),1024,7168,7168,64x64x32_w4_v1,SKIP,opt only LUT path
F8_E4M3_B128,LUT,U(-1,1),1024,7168,7168,64x128x32_w4_v1,SKIP,BN/WARPS != 16
F8_E4M3_B128,BITSHIFT,U(-1,1),1024,7168,7168,64x128x32_w4_v1,SKIP,BN/WARPS != 16
F8_E4M3_B128,LUT,U(-1,1),1024,7168,7168,128x64x32_w4_v2,OK,ms=8.492,tflops=12.39,gbps=13.0,maxabs=2.631e-02,p99=1.321e-02,rel=1.846e-04
F8_E4M3_B128,BITSHIFT,U(-1,1),1024,7168,7168,128x64x32_w4_v2,SKIP,opt only LUT path
F8_E4M3_B128,LUT,U(-1,1),1024,7168,7168,128x128x32_w4_v2,SKIP,BN/WARPS != 16
F8_E4M3_B128,BITSHIFT,U(-1,1),1024,7168,7168,128x128x32_w4_v2,SKIP,BN/WARPS != 16
F8_E4M3_B128,LUT,U(-1,1),1024,7168,7168,128x256x32_w4_v2,SKIP,BN/WARPS != 16
F8_E4M3_B128,BITSHIFT,U(-1,1),1024,7168,7168,128x256x32_w4_v2,SKIP,BN/WARPS != 16
F8_E4M3_B128,LUT,U(-1,1),1024,7168,7168,128x256x32_w8_v2,SKIP,BN/WARPS != 16
F8_E4M3_B128,BITSHIFT,U(-1,1),1024,7168,7168,128x256x32_w8_v2,SKIP,BN/WARPS != 16
F8_E4M3_B128,LUT,U(-1,1),1024,7168,7168,64x64x32_w4_v2,OK,ms=12.167,tflops=8.65,gbps=9.1,maxabs=2.631e-02,p99=1.321e-02,rel=1.846e-04
F8_E4M3_B128,BITSHIFT,U(-1,1),1024,7168,7168,64x64x32_w4_v2,SKIP,opt only LUT path
F8_E4M3_B128,LUT,U(-1,1),1024,7168,7168,64x128x32_w4_v2,SKIP,BN/WARPS != 16
F8_E4M3_B128,BITSHIFT,U(-1,1),1024,7168,7168,64x128x32_w4_v2,SKIP,BN/WARPS != 16
F8_E4M3_B128,LUT,U(-1,1),1024,7168,7168,128x64x32_w4_v3,OK,ms=7.604,tflops=13.84,gbps=14.5,maxabs=2.631e-02,p99=1.321e-02,rel=1.846e-04
F8_E4M3_B128,BITSHIFT,U(-1,1),1024,7168,7168,128x64x32_w4_v3,SKIP,opt only LUT path
F8_E4M3_B128,LUT,U(-1,1),1024,7168,7168,128x128x32_w4_v3,SKIP,BN/WARPS != 16
F8_E4M3_B128,BITSHIFT,U(-1,1),1024,7168,7168,128x128x32_w4_v3,SKIP,BN/WARPS != 16
F8_E4M3_B128,LUT,U(-1,1),1024,7168,7168,128x256x32_w8_v3,SKIP,BN/WARPS != 16
F8_E4M3_B128,BITSHIFT,U(-1,1),1024,7168,7168,128x256x32_w8_v3,SKIP,BN/WARPS != 16
F8_E4M3_B128,LUT,U(-1,1),1024,7168,7168,64x64x32_w4_v3,OK,ms=8.118,tflops=12.96,gbps=13.6,maxabs=2.631e-02,p99=1.321e-02,rel=1.846e-04
F8_E4M3_B128,BITSHIFT,U(-1,1),1024,7168,7168,64x64x32_w4_v3,SKIP,opt only LUT path
F8_E4M3_B128,LUT,U(-1,1),1024,7168,7168,64x128x32_w4_v3,SKIP,BN/WARPS != 16
F8_E4M3_B128,BITSHIFT,U(-1,1),1024,7168,7168,64x128x32_w4_v3,SKIP,BN/WARPS != 16
F8_E4M3_B128,LUT,U(-1,1),1024,7168,7168,128x64x32_w4_v4,OK,ms=7.759,tflops=13.56,gbps=14.2,maxabs=2.631e-02,p99=1.321e-02,rel=1.846e-04
F8_E4M3_B128,BITSHIFT,U(-1,1),1024,7168,7168,128x64x32_w4_v4,SKIP,opt only LUT path
F8_E4M3_B128,LUT,U(-1,1),1024,7168,7168,128x128x32_w4_v4,SKIP,BN/WARPS != 16
F8_E4M3_B128,BITSHIFT,U(-1,1),1024,7168,7168,128x128x32_w4_v4,SKIP,BN/WARPS != 16
F8_E4M3_B128,LUT,U(-1,1),1024,7168,7168,64x64x32_w4_v4,OK,ms=8.362,tflops=12.58,gbps=13.2,maxabs=2.631e-02,p99=1.321e-02,rel=1.846e-04
F8_E4M3_B128,BITSHIFT,U(-1,1),1024,7168,7168,64x64x32_w4_v4,SKIP,opt only LUT path
F8_E4M3_B128,LUT,U(-1,1),1024,7168,7168,64x128x32_w4_v4,SKIP,BN/WARPS != 16
F8_E4M3_B128,BITSHIFT,U(-1,1),1024,7168,7168,64x128x32_w4_v4,SKIP,BN/WARPS != 16
F8_E4M3_B128,LUT,U(-1,1),1024,7168,7168,128x64x32_w4_v5,OK,ms=10.757,tflops=9.78,gbps=10.3,maxabs=2.631e-02,p99=1.321e-02,rel=1.846e-04
F8_E4M3_B128,BITSHIFT,U(-1,1),1024,7168,7168,128x64x32_w4_v5,SKIP,opt only LUT path
F8_E4M3_B128,LUT,U(-1,1),1024,7168,7168,128x128x32_w4_v5,SKIP,BN/WARPS != 16
F8_E4M3_B128,BITSHIFT,U(-1,1),1024,7168,7168,128x128x32_w4_v5,SKIP,BN/WARPS != 16
F8_E4M3_B128,LUT,U(-1,1),1024,7168,7168,64x64x32_w4_v5,OK,ms=16.204,tflops=6.49,gbps=6.8,maxabs=2.631e-02,p99=1.321e-02,rel=1.846e-04
F8_E4M3_B128,BITSHIFT,U(-1,1),1024,7168,7168,64x64x32_w4_v5,SKIP,opt only LUT path
F8_E4M3_B128,LUT,U(-1,1),1024,7168,7168,64x128x32_w4_v5,SKIP,BN/WARPS != 16
F8_E4M3_B128,BITSHIFT,U(-1,1),1024,7168,7168,64x128x32_w4_v5,SKIP,BN/WARPS != 16
F8_E4M3_B128,LUT,U(-1,1),1024,7168,7168,128x128x64_w4_v6,SKIP,BN/WARPS != 16
F8_E4M3_B128,BITSHIFT,U(-1,1),1024,7168,7168,128x128x64_w4_v6,SKIP,BN/WARPS != 16
F8_E4M3_B128,LUT,U(-1,1),1024,7168,7168,128x64x64_w4_v6,SKIP,v6 only INT8 (A1 retry)
F8_E4M3_B128,BITSHIFT,U(-1,1),1024,7168,7168,128x64x64_w4_v6,SKIP,opt only LUT path
F8_E4M3_B128,LUT,U(-1,1),1024,7168,7168,64x128x64_w4_v6,SKIP,BN/WARPS != 16
F8_E4M3_B128,BITSHIFT,U(-1,1),1024,7168,7168,64x128x64_w4_v6,SKIP,BN/WARPS != 16
F8_E4M3_B128,LUT,U(-1,1),1024,7168,7168,64x64x64_w4_v6,SKIP,v6 only INT8 (A1 retry)
F8_E4M3_B128,BITSHIFT,U(-1,1),1024,7168,7168,64x64x64_w4_v6,SKIP,opt only LUT path
F8_E4M3_B128,LUT,U(-1,1),2048,7168,7168,16x64x32_w4,OK,ms=52.058,tflops=4.04,gbps=3.3,maxabs=2.790e-02,p99=1.309e-02,rel=1.846e-04
F8_E4M3_B128,BITSHIFT,U(-1,1),2048,7168,7168,16x64x32_w4,OK,ms=65.981,tflops=3.19,gbps=2.6,maxabs=2.789e-02,p99=1.309e-02,rel=1.846e-04
F8_E4M3_B128,LUT,U(-1,1),2048,7168,7168,16x128x32_w8,OK,ms=58.894,tflops=3.57,gbps=2.9,maxabs=2.790e-02,p99=1.309e-02,rel=1.846e-04
F8_E4M3_B128,BITSHIFT,U(-1,1),2048,7168,7168,16x128x32_w8,OK,ms=71.335,tflops=2.95,gbps=2.4,maxabs=2.789e-02,p99=1.309e-02,rel=1.846e-04
F8_E4M3_B128,LUT,U(-1,1),2048,7168,7168,16x128x32_w4f2,SKIP,BN/WARPS != 16
F8_E4M3_B128,BITSHIFT,U(-1,1),2048,7168,7168,16x128x32_w4f2,SKIP,BN/WARPS != 16
F8_E4M3_B128,LUT,U(-1,1),2048,7168,7168,16x256x32_w4f4,SKIP,BN/WARPS != 16
F8_E4M3_B128,BITSHIFT,U(-1,1),2048,7168,7168,16x256x32_w4f4,SKIP,BN/WARPS != 16
F8_E4M3_B128,LUT,U(-1,1),2048,7168,7168,128x64x32_w4_v1,SKIP,no template
F8_E4M3_B128,BITSHIFT,U(-1,1),2048,7168,7168,128x64x32_w4_v1,SKIP,opt only LUT path
F8_E4M3_B128,LUT,U(-1,1),2048,7168,7168,128x128x32_w4_v1,SKIP,BN/WARPS != 16
F8_E4M3_B128,BITSHIFT,U(-1,1),2048,7168,7168,128x128x32_w4_v1,SKIP,BN/WARPS != 16
F8_E4M3_B128,LUT,U(-1,1),2048,7168,7168,128x256x32_w4_v1,SKIP,BN/WARPS != 16
F8_E4M3_B128,BITSHIFT,U(-1,1),2048,7168,7168,128x256x32_w4_v1,SKIP,BN/WARPS != 16
F8_E4M3_B128,LUT,U(-1,1),2048,7168,7168,128x256x32_w8_v1,SKIP,BN/WARPS != 16
F8_E4M3_B128,BITSHIFT,U(-1,1),2048,7168,7168,128x256x32_w8_v1,SKIP,BN/WARPS != 16
F8_E4M3_B128,LUT,U(-1,1),2048,7168,7168,64x64x32_w4_v1,SKIP,no template
F8_E4M3_B128,BITSHIFT,U(-1,1),2048,7168,7168,64x64x32_w4_v1,SKIP,opt only LUT path
F8_E4M3_B128,LUT,U(-1,1),2048,7168,7168,64x128x32_w4_v1,SKIP,BN/WARPS != 16
F8_E4M3_B128,BITSHIFT,U(-1,1),2048,7168,7168,64x128x32_w4_v1,SKIP,BN/WARPS != 16
F8_E4M3_B128,LUT,U(-1,1),2048,7168,7168,128x64x32_w4_v2,OK,ms=17.025,tflops=12.36,gbps=9.9,maxabs=2.790e-02,p99=1.309e-02,rel=1.846e-04
F8_E4M3_B128,BITSHIFT,U(-1,1),2048,7168,7168,128x64x32_w4_v2,SKIP,opt only LUT path
F8_E4M3_B128,LUT,U(-1,1),2048,7168,7168,128x128x32_w4_v2,SKIP,BN/WARPS != 16
F8_E4M3_B128,BITSHIFT,U(-1,1),2048,7168,7168,128x128x32_w4_v2,SKIP,BN/WARPS != 16
F8_E4M3_B128,LUT,U(-1,1),2048,7168,7168,128x256x32_w4_v2,SKIP,BN/WARPS != 16
F8_E4M3_B128,BITSHIFT,U(-1,1),2048,7168,7168,128x256x32_w4_v2,SKIP,BN/WARPS != 16
F8_E4M3_B128,LUT,U(-1,1),2048,7168,7168,128x256x32_w8_v2,SKIP,BN/WARPS != 16
F8_E4M3_B128,BITSHIFT,U(-1,1),2048,7168,7168,128x256x32_w8_v2,SKIP,BN/WARPS != 16
F8_E4M3_B128,LUT,U(-1,1),2048,7168,7168,64x64x32_w4_v2,OK,ms=21.701,tflops=9.70,gbps=7.8,maxabs=2.790e-02,p99=1.309e-02,rel=1.846e-04
F8_E4M3_B128,BITSHIFT,U(-1,1),2048,7168,7168,64x64x32_w4_v2,SKIP,opt only LUT path
F8_E4M3_B128,LUT,U(-1,1),2048,7168,7168,64x128x32_w4_v2,SKIP,BN/WARPS != 16
F8_E4M3_B128,BITSHIFT,U(-1,1),2048,7168,7168,64x128x32_w4_v2,SKIP,BN/WARPS != 16
F8_E4M3_B128,LUT,U(-1,1),2048,7168,7168,128x64x32_w4_v3,OK,ms=15.086,tflops=13.95,gbps=11.2,maxabs=2.790e-02,p99=1.309e-02,rel=1.846e-04
F8_E4M3_B128,BITSHIFT,U(-1,1),2048,7168,7168,128x64x32_w4_v3,SKIP,opt only LUT path
F8_E4M3_B128,LUT,U(-1,1),2048,7168,7168,128x128x32_w4_v3,SKIP,BN/WARPS != 16
F8_E4M3_B128,BITSHIFT,U(-1,1),2048,7168,7168,128x128x32_w4_v3,SKIP,BN/WARPS != 16
F8_E4M3_B128,LUT,U(-1,1),2048,7168,7168,128x256x32_w8_v3,SKIP,BN/WARPS != 16
F8_E4M3_B128,BITSHIFT,U(-1,1),2048,7168,7168,128x256x32_w8_v3,SKIP,BN/WARPS != 16
F8_E4M3_B128,LUT,U(-1,1),2048,7168,7168,64x64x32_w4_v3,OK,ms=14.450,tflops=14.56,gbps=11.7,maxabs=2.790e-02,p99=1.309e-02,rel=1.846e-04
F8_E4M3_B128,BITSHIFT,U(-1,1),2048,7168,7168,64x64x32_w4_v3,SKIP,opt only LUT path
F8_E4M3_B128,LUT,U(-1,1),2048,7168,7168,64x128x32_w4_v3,SKIP,BN/WARPS != 16
F8_E4M3_B128,BITSHIFT,U(-1,1),2048,7168,7168,64x128x32_w4_v3,SKIP,BN/WARPS != 16
F8_E4M3_B128,LUT,U(-1,1),2048,7168,7168,128x64x32_w4_v4,OK,ms=15.391,tflops=13.67,gbps=11.0,maxabs=2.790e-02,p99=1.309e-02,rel=1.846e-04
F8_E4M3_B128,BITSHIFT,U(-1,1),2048,7168,7168,128x64x32_w4_v4,SKIP,opt only LUT path
F8_E4M3_B128,LUT,U(-1,1),2048,7168,7168,128x128x32_w4_v4,SKIP,BN/WARPS != 16
F8_E4M3_B128,BITSHIFT,U(-1,1),2048,7168,7168,128x128x32_w4_v4,SKIP,BN/WARPS != 16
F8_E4M3_B128,LUT,U(-1,1),2048,7168,7168,64x64x32_w4_v4,OK,ms=14.950,tflops=14.08,gbps=11.3,maxabs=2.790e-02,p99=1.309e-02,rel=1.846e-04
F8_E4M3_B128,BITSHIFT,U(-1,1),2048,7168,7168,64x64x32_w4_v4,SKIP,opt only LUT path
F8_E4M3_B128,LUT,U(-1,1),2048,7168,7168,64x128x32_w4_v4,SKIP,BN/WARPS != 16
F8_E4M3_B128,BITSHIFT,U(-1,1),2048,7168,7168,64x128x32_w4_v4,SKIP,BN/WARPS != 16
F8_E4M3_B128,LUT,U(-1,1),2048,7168,7168,128x64x32_w4_v5,OK,ms=21.546,tflops=9.77,gbps=7.9,maxabs=2.790e-02,p99=1.309e-02,rel=1.846e-04
F8_E4M3_B128,BITSHIFT,U(-1,1),2048,7168,7168,128x64x32_w4_v5,SKIP,opt only LUT path
F8_E4M3_B128,LUT,U(-1,1),2048,7168,7168,128x128x32_w4_v5,SKIP,BN/WARPS != 16
F8_E4M3_B128,BITSHIFT,U(-1,1),2048,7168,7168,128x128x32_w4_v5,SKIP,BN/WARPS != 16
F8_E4M3_B128,LUT,U(-1,1),2048,7168,7168,64x64x32_w4_v5,OK,ms=31.435,tflops=6.69,gbps=5.4,maxabs=2.790e-02,p99=1.309e-02,rel=1.846e-04
F8_E4M3_B128,BITSHIFT,U(-1,1),2048,7168,7168,64x64x32_w4_v5,SKIP,opt only LUT path
F8_E4M3_B128,LUT,U(-1,1),2048,7168,7168,64x128x32_w4_v5,SKIP,BN/WARPS != 16
F8_E4M3_B128,BITSHIFT,U(-1,1),2048,7168,7168,64x128x32_w4_v5,SKIP,BN/WARPS != 16
F8_E4M3_B128,LUT,U(-1,1),2048,7168,7168,128x128x64_w4_v6,SKIP,BN/WARPS != 16
F8_E4M3_B128,BITSHIFT,U(-1,1),2048,7168,7168,128x128x64_w4_v6,SKIP,BN/WARPS != 16
F8_E4M3_B128,LUT,U(-1,1),2048,7168,7168,128x64x64_w4_v6,SKIP,v6 only INT8 (A1 retry)
F8_E4M3_B128,BITSHIFT,U(-1,1),2048,7168,7168,128x64x64_w4_v6,SKIP,opt only LUT path
F8_E4M3_B128,LUT,U(-1,1),2048,7168,7168,64x128x64_w4_v6,SKIP,BN/WARPS != 16
F8_E4M3_B128,BITSHIFT,U(-1,1),2048,7168,7168,64x128x64_w4_v6,SKIP,BN/WARPS != 16
F8_E4M3_B128,LUT,U(-1,1),2048,7168,7168,64x64x64_w4_v6,SKIP,v6 only INT8 (A1 retry)
F8_E4M3_B128,BITSHIFT,U(-1,1),2048,7168,7168,64x64x64_w4_v6,SKIP,opt only LUT path
