device: Tesla V100-SXM2-32GB, cc=7.0, smem=48KiB/cta

=== cuBLAS FP16 GEMM ceiling (V100 TC peak target 125 TFLOPS) ===
format,path,dist,M,N,K,tile,status,detail
CUBLAS_FP16,REF,U(-1,1),1,4096,4096,cublas,OK,ms=0.076,tflops=0.44,gbps=439.9,maxabs=0.0e+0,p99=0.0e+0,rel=0.0e+0
CUBLAS_FP16,REF,U(-1,1),16,4096,4096,cublas,OK,ms=0.068,tflops=7.93,gbps=499.8,maxabs=0.0e+0,p99=0.0e+0,rel=0.0e+0
CUBLAS_FP16,REF,U(-1,1),64,4096,4096,cublas,OK,ms=0.122,tflops=17.62,gbps=283.9,maxabs=0.0e+0,p99=0.0e+0,rel=0.0e+0
CUBLAS_FP16,REF,U(-1,1),128,4096,4096,cublas,OK,ms=0.104,tflops=41.24,gbps=342.3,maxabs=0.0e+0,p99=0.0e+0,rel=0.0e+0
CUBLAS_FP16,REF,U(-1,1),256,4096,4096,cublas,OK,ms=0.148,tflops=58.07,gbps=255.2,maxabs=0.0e+0,p99=0.0e+0,rel=0.0e+0
CUBLAS_FP16,REF,U(-1,1),512,4096,4096,cublas,OK,ms=0.248,tflops=69.27,gbps=169.1,maxabs=0.0e+0,p99=0.0e+0,rel=0.0e+0
CUBLAS_FP16,REF,U(-1,1),1024,4096,4096,cublas,OK,ms=0.563,tflops=61.00,gbps=89.4,maxabs=0.0e+0,p99=0.0e+0,rel=0.0e+0
CUBLAS_FP16,REF,U(-1,1),2048,4096,4096,cublas,OK,ms=0.835,tflops=82.28,gbps=80.4,maxabs=0.0e+0,p99=0.0e+0,rel=0.0e+0
CUBLAS_FP16,REF,U(-1,1),1,7168,7168,cublas,OK,ms=0.192,tflops=0.54,gbps=536.1,maxabs=0.0e+0,p99=0.0e+0,rel=0.0e+0
CUBLAS_FP16,REF,U(-1,1),16,7168,7168,cublas,OK,ms=0.232,tflops=7.09,gbps=444.8,maxabs=0.0e+0,p99=0.0e+0,rel=0.0e+0
CUBLAS_FP16,REF,U(-1,1),64,7168,7168,cublas,OK,ms=0.349,tflops=18.86,gbps=299.9,maxabs=0.0e+0,p99=0.0e+0,rel=0.0e+0
CUBLAS_FP16,REF,U(-1,1),128,7168,7168,cublas,OK,ms=0.398,tflops=33.06,gbps=267.5,maxabs=0.0e+0,p99=0.0e+0,rel=0.0e+0
CUBLAS_FP16,REF,U(-1,1),256,7168,7168,cublas,OK,ms=0.451,tflops=58.33,gbps=244.1,maxabs=0.0e+0,p99=0.0e+0,rel=0.0e+0
CUBLAS_FP16,REF,U(-1,1),512,7168,7168,cublas,OK,ms=0.686,tflops=76.66,gbps=171.1,maxabs=0.0e+0,p99=0.0e+0,rel=0.0e+0
CUBLAS_FP16,REF,U(-1,1),1024,7168,7168,cublas,OK,ms=1.258,tflops=83.63,gbps=105.0,maxabs=0.0e+0,p99=0.0e+0,rel=0.0e+0
CUBLAS_FP16,REF,U(-1,1),2048,7168,7168,cublas,OK,ms=2.444,tflops=86.12,gbps=66.1,maxabs=0.0e+0,p99=0.0e+0,rel=0.0e+0
INT8,LUT,U(-1,1),1,4096,4096,16x64x32_w4,OK,ms=0.849,tflops=0.04,gbps=21.0,maxabs=1.897e-02,p99=1.446e-02,rel=2.592e-04
INT8,BITSHIFT,U(-1,1),1,4096,4096,16x64x32_w4,OK,ms=0.433,tflops=0.08,gbps=41.2,maxabs=1.311e-02,p99=9.978e-03,rel=1.834e-04
INT8,LUT,U(-1,1),1,4096,4096,16x128x32_w8,OK,ms=0.918,tflops=0.04,gbps=19.4,maxabs=1.897e-02,p99=1.446e-02,rel=2.592e-04
INT8,BITSHIFT,U(-1,1),1,4096,4096,16x128x32_w8,OK,ms=0.510,tflops=0.07,gbps=35.0,maxabs=1.311e-02,p99=9.978e-03,rel=1.834e-04
INT8,LUT,U(-1,1),1,4096,4096,16x128x32_w4f2,OK,ms=1.497,tflops=0.02,gbps=11.9,maxabs=1.897e-02,p99=1.446e-02,rel=2.592e-04
INT8,BITSHIFT,U(-1,1),1,4096,4096,16x128x32_w4f2,SKIP,MF path-B not implemented
INT8,LUT,U(-1,1),1,4096,4096,16x256x32_w4f4,OK,ms=2.779,tflops=0.01,gbps=6.4,maxabs=1.897e-02,p99=1.446e-02,rel=2.592e-04
INT8,BITSHIFT,U(-1,1),1,4096,4096,16x256x32_w4f4,SKIP,MF path-B not implemented
INT8,LUT,U(-1,1),1,4096,4096,128x64x32_w4_v1,OK,ms=1.075,tflops=0.03,gbps=16.6,maxabs=1.897e-02,p99=1.446e-02,rel=2.592e-04
INT8,BITSHIFT,U(-1,1),1,4096,4096,128x64x32_w4_v1,SKIP,v1 path-B not implemented
INT8,LUT,U(-1,1),1,4096,4096,128x128x32_w4_v1,OK,ms=1.751,tflops=0.02,gbps=10.2,maxabs=1.897e-02,p99=1.446e-02,rel=2.592e-04
INT8,BITSHIFT,U(-1,1),1,4096,4096,128x128x32_w4_v1,SKIP,v1 path-B not implemented
INT8,LUT,U(-1,1),1,4096,4096,128x256x32_w4_v1,OK,ms=3.917,tflops=0.01,gbps=4.6,maxabs=1.897e-02,p99=1.446e-02,rel=2.592e-04
INT8,BITSHIFT,U(-1,1),1,4096,4096,128x256x32_w4_v1,SKIP,v1 path-B not implemented
INT8,LUT,U(-1,1),1,4096,4096,128x256x32_w8_v1,OK,ms=1.996,tflops=0.02,gbps=8.9,maxabs=1.897e-02,p99=1.446e-02,rel=2.592e-04
INT8,BITSHIFT,U(-1,1),1,4096,4096,128x256x32_w8_v1,SKIP,v1 path-B not implemented
INT8,LUT,U(-1,1),1,4096,4096,64x64x32_w4_v1,OK,ms=0.888,tflops=0.04,gbps=20.1,maxabs=1.897e-02,p99=1.446e-02,rel=2.592e-04
INT8,BITSHIFT,U(-1,1),1,4096,4096,64x64x32_w4_v1,SKIP,v1 path-B not implemented
INT8,LUT,U(-1,1),1,4096,4096,64x128x32_w4_v1,OK,ms=1.574,tflops=0.02,gbps=11.3,maxabs=1.897e-02,p99=1.446e-02,rel=2.592e-04
INT8,BITSHIFT,U(-1,1),1,4096,4096,64x128x32_w4_v1,SKIP,v1 path-B not implemented
INT8,LUT,U(-1,1),1,4096,4096,128x64x32_w4_v2,OK,ms=0.418,tflops=0.08,gbps=42.8,maxabs=1.897e-02,p99=1.446e-02,rel=2.592e-04
INT8,BITSHIFT,U(-1,1),1,4096,4096,128x64x32_w4_v2,SKIP,v2 path-B not implemented
INT8,LUT,U(-1,1),1,4096,4096,128x128x32_w4_v2,OK,ms=0.551,tflops=0.06,gbps=32.4,maxabs=1.897e-02,p99=1.446e-02,rel=2.592e-04
INT8,BITSHIFT,U(-1,1),1,4096,4096,128x128x32_w4_v2,SKIP,v2 path-B not implemented
INT8,LUT,U(-1,1),1,4096,4096,128x256x32_w4_v2,OK,ms=1.234,tflops=0.03,gbps=14.5,maxabs=1.897e-02,p99=1.446e-02,rel=2.592e-04
INT8,BITSHIFT,U(-1,1),1,4096,4096,128x256x32_w4_v2,SKIP,v2 path-B not implemented
INT8,LUT,U(-1,1),1,4096,4096,128x256x32_w8_v2,OK,ms=0.774,tflops=0.04,gbps=23.1,maxabs=1.897e-02,p99=1.446e-02,rel=2.592e-04
INT8,BITSHIFT,U(-1,1),1,4096,4096,128x256x32_w8_v2,SKIP,v2 path-B not implemented
INT8,LUT,U(-1,1),1,4096,4096,64x64x32_w4_v2,OK,ms=0.272,tflops=0.12,gbps=65.6,maxabs=1.897e-02,p99=1.446e-02,rel=2.592e-04
INT8,BITSHIFT,U(-1,1),1,4096,4096,64x64x32_w4_v2,SKIP,v2 path-B not implemented
INT8,LUT,U(-1,1),1,4096,4096,64x128x32_w4_v2,OK,ms=0.380,tflops=0.09,gbps=46.9,maxabs=1.897e-02,p99=1.446e-02,rel=2.592e-04
INT8,BITSHIFT,U(-1,1),1,4096,4096,64x128x32_w4_v2,SKIP,v2 path-B not implemented
INT8,LUT,U(-1,1),1,4096,4096,128x64x32_w4_v3,OK,ms=0.366,tflops=0.09,gbps=48.8,maxabs=1.897e-02,p99=1.446e-02,rel=2.592e-04
INT8,BITSHIFT,U(-1,1),1,4096,4096,128x64x32_w4_v3,SKIP,v3 path-B not implemented
INT8,LUT,U(-1,1),1,4096,4096,128x128x32_w4_v3,OK,ms=0.450,tflops=0.07,gbps=39.7,maxabs=1.897e-02,p99=1.446e-02,rel=2.592e-04
INT8,BITSHIFT,U(-1,1),1,4096,4096,128x128x32_w4_v3,SKIP,v3 path-B not implemented
INT8,LUT,U(-1,1),1,4096,4096,128x256x32_w8_v3,SKIP,smem > 48KiB
INT8,BITSHIFT,U(-1,1),1,4096,4096,128x256x32_w8_v3,SKIP,smem > 48KiB
INT8,LUT,U(-1,1),1,4096,4096,64x64x32_w4_v3,OK,ms=0.252,tflops=0.13,gbps=71.0,maxabs=1.897e-02,p99=1.446e-02,rel=2.592e-04
INT8,BITSHIFT,U(-1,1),1,4096,4096,64x64x32_w4_v3,SKIP,v3 path-B not implemented
INT8,LUT,U(-1,1),1,4096,4096,64x128x32_w4_v3,OK,ms=0.314,tflops=0.11,gbps=56.8,maxabs=1.897e-02,p99=1.446e-02,rel=2.592e-04
INT8,BITSHIFT,U(-1,1),1,4096,4096,64x128x32_w4_v3,SKIP,v3 path-B not implemented
INT8,LUT,U(-1,1),1,4096,4096,32x128x32_w4_v3_b1,OK,ms=0.260,tflops=0.13,gbps=68.8,maxabs=1.897e-02,p99=1.446e-02,rel=2.592e-04
INT8,BITSHIFT,U(-1,1),1,4096,4096,32x128x32_w4_v3_b1,SKIP,v3 path-B not implemented
INT8,LUT,U(-1,1),1,4096,4096,32x64x32_w4_v3_b1,OK,ms=0.189,tflops=0.18,gbps=94.5,maxabs=1.897e-02,p99=1.446e-02,rel=2.592e-04
INT8,BITSHIFT,U(-1,1),1,4096,4096,32x64x32_w4_v3_b1,SKIP,v3 path-B not implemented
INT8,LUT,U(-1,1),1,4096,4096,32x256x32_w8_v3_b1,OK,ms=0.352,tflops=0.10,gbps=50.8,maxabs=1.897e-02,p99=1.446e-02,rel=2.592e-04
INT8,BITSHIFT,U(-1,1),1,4096,4096,32x256x32_w8_v3_b1,SKIP,v3 path-B not implemented
INT8,LUT,U(-1,1),1,4096,4096,128x128x32_w8_v3_b1alt,OK,ms=0.539,tflops=0.06,gbps=33.2,maxabs=1.897e-02,p99=1.446e-02,rel=2.592e-04
INT8,BITSHIFT,U(-1,1),1,4096,4096,128x128x32_w8_v3_b1alt,SKIP,v3 path-B not implemented
INT8,LUT,U(-1,1),1,4096,4096,64x128x32_w8_v3_b1alt,OK,ms=0.336,tflops=0.10,gbps=53.1,maxabs=1.897e-02,p99=1.446e-02,rel=2.592e-04
INT8,BITSHIFT,U(-1,1),1,4096,4096,64x128x32_w8_v3_b1alt,SKIP,v3 path-B not implemented
INT8,LUT,U(-1,1),1,4096,4096,128x64x32_w4_v4,OK,ms=0.377,tflops=0.09,gbps=47.3,maxabs=1.897e-02,p99=1.446e-02,rel=2.592e-04
INT8,BITSHIFT,U(-1,1),1,4096,4096,128x64x32_w4_v4,SKIP,v4 path-B not implemented
INT8,LUT,U(-1,1),1,4096,4096,128x128x32_w4_v4,OK,ms=0.459,tflops=0.07,gbps=38.9,maxabs=1.897e-02,p99=1.446e-02,rel=2.592e-04
INT8,BITSHIFT,U(-1,1),1,4096,4096,128x128x32_w4_v4,SKIP,v4 path-B not implemented
INT8,LUT,U(-1,1),1,4096,4096,64x64x32_w4_v4,OK,ms=0.256,tflops=0.13,gbps=69.8,maxabs=1.897e-02,p99=1.446e-02,rel=2.592e-04
INT8,BITSHIFT,U(-1,1),1,4096,4096,64x64x32_w4_v4,SKIP,v4 path-B not implemented
INT8,LUT,U(-1,1),1,4096,4096,64x128x32_w4_v4,OK,ms=0.323,tflops=0.10,gbps=55.4,maxabs=1.897e-02,p99=1.446e-02,rel=2.592e-04
INT8,BITSHIFT,U(-1,1),1,4096,4096,64x128x32_w4_v4,SKIP,v4 path-B not implemented
INT8,LUT,U(-1,1),1,4096,4096,128x64x32_w4_v5,OK,ms=0.377,tflops=0.09,gbps=47.3,maxabs=1.897e-02,p99=1.446e-02,rel=2.592e-04
INT8,BITSHIFT,U(-1,1),1,4096,4096,128x64x32_w4_v5,SKIP,v5 path-B not implemented
INT8,LUT,U(-1,1),1,4096,4096,128x128x32_w4_v5,OK,ms=0.468,tflops=0.07,gbps=38.1,maxabs=1.897e-02,p99=1.446e-02,rel=2.592e-04
INT8,BITSHIFT,U(-1,1),1,4096,4096,128x128x32_w4_v5,SKIP,v5 path-B not implemented
INT8,LUT,U(-1,1),1,4096,4096,64x64x32_w4_v5,OK,ms=0.256,tflops=0.13,gbps=69.7,maxabs=1.897e-02,p99=1.446e-02,rel=2.592e-04
INT8,BITSHIFT,U(-1,1),1,4096,4096,64x64x32_w4_v5,SKIP,v5 path-B not implemented
INT8,LUT,U(-1,1),1,4096,4096,64x128x32_w4_v5,OK,ms=0.328,tflops=0.10,gbps=54.4,maxabs=1.897e-02,p99=1.446e-02,rel=2.592e-04
INT8,BITSHIFT,U(-1,1),1,4096,4096,64x128x32_w4_v5,SKIP,v5 path-B not implemented
INT8,LUT,U(-1,1),1,4096,4096,128x128x64_w4_v6,OK,ms=0.617,tflops=0.05,gbps=29.0,maxabs=1.897e-02,p99=1.446e-02,rel=2.592e-04
INT8,BITSHIFT,U(-1,1),1,4096,4096,128x128x64_w4_v6,SKIP,v6 path-B not implemented
INT8,LUT,U(-1,1),1,4096,4096,128x64x64_w4_v6,OK,ms=0.532,tflops=0.06,gbps=33.6,maxabs=1.897e-02,p99=1.446e-02,rel=2.592e-04
INT8,BITSHIFT,U(-1,1),1,4096,4096,128x64x64_w4_v6,SKIP,v6 path-B not implemented
INT8,LUT,U(-1,1),1,4096,4096,64x128x64_w4_v6,OK,ms=0.412,tflops=0.08,gbps=43.3,maxabs=1.897e-02,p99=1.446e-02,rel=2.592e-04
INT8,BITSHIFT,U(-1,1),1,4096,4096,64x128x64_w4_v6,SKIP,v6 path-B not implemented
INT8,LUT,U(-1,1),1,4096,4096,64x64x64_w4_v6,OK,ms=0.322,tflops=0.10,gbps=55.5,maxabs=1.897e-02,p99=1.446e-02,rel=2.592e-04
INT8,BITSHIFT,U(-1,1),1,4096,4096,64x64x64_w4_v6,SKIP,v6 path-B not implemented
INT8,LUT,U(-1,1),1,4096,4096,64x128x32_w4_v7,OK,ms=0.315,tflops=0.11,gbps=56.7,maxabs=1.897e-02,p99=1.446e-02,rel=2.592e-04
INT8,BITSHIFT,U(-1,1),1,4096,4096,64x128x32_w4_v7,SKIP,v7 path-B not implemented
INT8,LUT,U(-1,1),1,4096,4096,64x64x32_w4_v7,OK,ms=0.250,tflops=0.13,gbps=71.5,maxabs=1.897e-02,p99=1.446e-02,rel=2.592e-04
INT8,BITSHIFT,U(-1,1),1,4096,4096,64x64x32_w4_v7,SKIP,v7 path-B not implemented
INT8,LUT,U(-1,1),1,4096,4096,32x128x32_w4_v7,OK,ms=0.257,tflops=0.13,gbps=69.4,maxabs=1.897e-02,p99=1.446e-02,rel=2.592e-04
INT8,BITSHIFT,U(-1,1),1,4096,4096,32x128x32_w4_v7,SKIP,v7 path-B not implemented
INT8,LUT,U(-1,1),1,4096,4096,32x64x32_w4_v7,OK,ms=0.192,tflops=0.17,gbps=93.1,maxabs=1.897e-02,p99=1.446e-02,rel=2.592e-04
INT8,BITSHIFT,U(-1,1),1,4096,4096,32x64x32_w4_v7,SKIP,v7 path-B not implemented
INT8,LUT,U(-1,1),16,4096,4096,16x64x32_w4,OK,ms=0.757,tflops=0.71,gbps=24.2,maxabs=2.375e-02,p99=1.435e-02,rel=2.601e-04
INT8,BITSHIFT,U(-1,1),16,4096,4096,16x64x32_w4,OK,ms=0.535,tflops=1.00,gbps=34.3,maxabs=1.652e-02,p99=1.020e-02,rel=1.857e-04
INT8,LUT,U(-1,1),16,4096,4096,16x128x32_w8,OK,ms=0.838,tflops=0.64,gbps=21.9,maxabs=2.375e-02,p99=1.435e-02,rel=2.601e-04
INT8,BITSHIFT,U(-1,1),16,4096,4096,16x128x32_w8,OK,ms=0.676,tflops=0.79,gbps=27.2,maxabs=1.652e-02,p99=1.020e-02,rel=1.857e-04
INT8,LUT,U(-1,1),16,4096,4096,16x128x32_w4f2,OK,ms=1.405,tflops=0.38,gbps=13.1,maxabs=2.375e-02,p99=1.435e-02,rel=2.601e-04
INT8,BITSHIFT,U(-1,1),16,4096,4096,16x128x32_w4f2,SKIP,MF path-B not implemented
INT8,LUT,U(-1,1),16,4096,4096,16x256x32_w4f4,OK,ms=2.639,tflops=0.20,gbps=7.0,maxabs=2.375e-02,p99=1.435e-02,rel=2.601e-04
INT8,BITSHIFT,U(-1,1),16,4096,4096,16x256x32_w4f4,SKIP,MF path-B not implemented
INT8,LUT,U(-1,1),16,4096,4096,128x64x32_w4_v1,OK,ms=1.010,tflops=0.53,gbps=18.2,maxabs=2.375e-02,p99=1.435e-02,rel=2.601e-04
INT8,BITSHIFT,U(-1,1),16,4096,4096,128x64x32_w4_v1,SKIP,v1 path-B not implemented
INT8,LUT,U(-1,1),16,4096,4096,128x128x32_w4_v1,OK,ms=1.651,tflops=0.33,gbps=11.1,maxabs=2.375e-02,p99=1.435e-02,rel=2.601e-04
INT8,BITSHIFT,U(-1,1),16,4096,4096,128x128x32_w4_v1,SKIP,v1 path-B not implemented
INT8,LUT,U(-1,1),16,4096,4096,128x256x32_w4_v1,OK,ms=3.740,tflops=0.14,gbps=4.9,maxabs=2.375e-02,p99=1.435e-02,rel=2.601e-04
INT8,BITSHIFT,U(-1,1),16,4096,4096,128x256x32_w4_v1,SKIP,v1 path-B not implemented
INT8,LUT,U(-1,1),16,4096,4096,128x256x32_w8_v1,OK,ms=1.878,tflops=0.29,gbps=9.8,maxabs=2.375e-02,p99=1.435e-02,rel=2.601e-04
INT8,BITSHIFT,U(-1,1),16,4096,4096,128x256x32_w8_v1,SKIP,v1 path-B not implemented
INT8,LUT,U(-1,1),16,4096,4096,64x64x32_w4_v1,OK,ms=0.844,tflops=0.64,gbps=21.8,maxabs=2.375e-02,p99=1.435e-02,rel=2.601e-04
INT8,BITSHIFT,U(-1,1),16,4096,4096,64x64x32_w4_v1,SKIP,v1 path-B not implemented
INT8,LUT,U(-1,1),16,4096,4096,64x128x32_w4_v1,OK,ms=1.512,tflops=0.36,gbps=12.1,maxabs=2.375e-02,p99=1.435e-02,rel=2.601e-04
INT8,BITSHIFT,U(-1,1),16,4096,4096,64x128x32_w4_v1,SKIP,v1 path-B not implemented
INT8,LUT,U(-1,1),16,4096,4096,128x64x32_w4_v2,OK,ms=0.446,tflops=1.20,gbps=41.1,maxabs=2.375e-02,p99=1.435e-02,rel=2.601e-04
INT8,BITSHIFT,U(-1,1),16,4096,4096,128x64x32_w4_v2,SKIP,v2 path-B not implemented
INT8,LUT,U(-1,1),16,4096,4096,128x128x32_w4_v2,OK,ms=0.571,tflops=0.94,gbps=32.2,maxabs=2.375e-02,p99=1.435e-02,rel=2.601e-04
INT8,BITSHIFT,U(-1,1),16,4096,4096,128x128x32_w4_v2,SKIP,v2 path-B not implemented
INT8,LUT,U(-1,1),16,4096,4096,128x256x32_w4_v2,OK,ms=1.250,tflops=0.43,gbps=14.7,maxabs=2.375e-02,p99=1.435e-02,rel=2.601e-04
INT8,BITSHIFT,U(-1,1),16,4096,4096,128x256x32_w4_v2,SKIP,v2 path-B not implemented
INT8,LUT,U(-1,1),16,4096,4096,128x256x32_w8_v2,OK,ms=0.765,tflops=0.70,gbps=24.0,maxabs=2.375e-02,p99=1.435e-02,rel=2.601e-04
INT8,BITSHIFT,U(-1,1),16,4096,4096,128x256x32_w8_v2,SKIP,v2 path-B not implemented
INT8,LUT,U(-1,1),16,4096,4096,64x64x32_w4_v2,OK,ms=0.303,tflops=1.77,gbps=60.6,maxabs=2.375e-02,p99=1.435e-02,rel=2.601e-04
INT8,BITSHIFT,U(-1,1),16,4096,4096,64x64x32_w4_v2,SKIP,v2 path-B not implemented
INT8,LUT,U(-1,1),16,4096,4096,64x128x32_w4_v2,OK,ms=0.404,tflops=1.33,gbps=45.4,maxabs=2.375e-02,p99=1.435e-02,rel=2.601e-04
INT8,BITSHIFT,U(-1,1),16,4096,4096,64x128x32_w4_v2,SKIP,v2 path-B not implemented
INT8,LUT,U(-1,1),16,4096,4096,128x64x32_w4_v3,OK,ms=0.382,tflops=1.41,gbps=48.1,maxabs=2.375e-02,p99=1.435e-02,rel=2.601e-04
INT8,BITSHIFT,U(-1,1),16,4096,4096,128x64x32_w4_v3,SKIP,v3 path-B not implemented
INT8,LUT,U(-1,1),16,4096,4096,128x128x32_w4_v3,OK,ms=0.471,tflops=1.14,gbps=39.0,maxabs=2.375e-02,p99=1.435e-02,rel=2.601e-04
INT8,BITSHIFT,U(-1,1),16,4096,4096,128x128x32_w4_v3,SKIP,v3 path-B not implemented
INT8,LUT,U(-1,1),16,4096,4096,128x256x32_w8_v3,SKIP,smem > 48KiB
INT8,BITSHIFT,U(-1,1),16,4096,4096,128x256x32_w8_v3,SKIP,smem > 48KiB
INT8,LUT,U(-1,1),16,4096,4096,64x64x32_w4_v3,OK,ms=0.272,tflops=1.97,gbps=67.4,maxabs=2.375e-02,p99=1.435e-02,rel=2.601e-04
INT8,BITSHIFT,U(-1,1),16,4096,4096,64x64x32_w4_v3,SKIP,v3 path-B not implemented
INT8,LUT,U(-1,1),16,4096,4096,64x128x32_w4_v3,OK,ms=0.342,tflops=1.57,gbps=53.7,maxabs=2.375e-02,p99=1.435e-02,rel=2.601e-04
INT8,BITSHIFT,U(-1,1),16,4096,4096,64x128x32_w4_v3,SKIP,v3 path-B not implemented
INT8,LUT,U(-1,1),16,4096,4096,32x128x32_w4_v3_b1,OK,ms=0.289,tflops=1.86,gbps=63.6,maxabs=2.375e-02,p99=1.435e-02,rel=2.601e-04
INT8,BITSHIFT,U(-1,1),16,4096,4096,32x128x32_w4_v3_b1,SKIP,v3 path-B not implemented
INT8,LUT,U(-1,1),16,4096,4096,32x64x32_w4_v3_b1,OK,ms=0.214,tflops=2.51,gbps=85.8,maxabs=2.375e-02,p99=1.435e-02,rel=2.601e-04
INT8,BITSHIFT,U(-1,1),16,4096,4096,32x64x32_w4_v3_b1,SKIP,v3 path-B not implemented
INT8,LUT,U(-1,1),16,4096,4096,32x256x32_w8_v3_b1,OK,ms=0.350,tflops=1.54,gbps=52.5,maxabs=2.375e-02,p99=1.435e-02,rel=2.601e-04
INT8,BITSHIFT,U(-1,1),16,4096,4096,32x256x32_w8_v3_b1,SKIP,v3 path-B not implemented
INT8,LUT,U(-1,1),16,4096,4096,128x128x32_w8_v3_b1alt,OK,ms=0.539,tflops=1.00,gbps=34.0,maxabs=2.375e-02,p99=1.435e-02,rel=2.601e-04
INT8,BITSHIFT,U(-1,1),16,4096,4096,128x128x32_w8_v3_b1alt,SKIP,v3 path-B not implemented
INT8,LUT,U(-1,1),16,4096,4096,64x128x32_w8_v3_b1alt,OK,ms=0.341,tflops=1.57,gbps=53.8,maxabs=2.375e-02,p99=1.435e-02,rel=2.601e-04
INT8,BITSHIFT,U(-1,1),16,4096,4096,64x128x32_w8_v3_b1alt,SKIP,v3 path-B not implemented
INT8,LUT,U(-1,1),16,4096,4096,128x64x32_w4_v4,OK,ms=0.394,tflops=1.36,gbps=46.6,maxabs=2.375e-02,p99=1.435e-02,rel=2.601e-04
INT8,BITSHIFT,U(-1,1),16,4096,4096,128x64x32_w4_v4,SKIP,v4 path-B not implemented
INT8,LUT,U(-1,1),16,4096,4096,128x128x32_w4_v4,OK,ms=0.479,tflops=1.12,gbps=38.3,maxabs=2.375e-02,p99=1.435e-02,rel=2.601e-04
INT8,BITSHIFT,U(-1,1),16,4096,4096,128x128x32_w4_v4,SKIP,v4 path-B not implemented
INT8,LUT,U(-1,1),16,4096,4096,64x64x32_w4_v4,OK,ms=0.272,tflops=1.97,gbps=67.4,maxabs=2.375e-02,p99=1.435e-02,rel=2.601e-04
INT8,BITSHIFT,U(-1,1),16,4096,4096,64x64x32_w4_v4,SKIP,v4 path-B not implemented
INT8,LUT,U(-1,1),16,4096,4096,64x128x32_w4_v4,OK,ms=0.346,tflops=1.55,gbps=53.0,maxabs=2.375e-02,p99=1.435e-02,rel=2.601e-04
INT8,BITSHIFT,U(-1,1),16,4096,4096,64x128x32_w4_v4,SKIP,v4 path-B not implemented
INT8,LUT,U(-1,1),16,4096,4096,128x64x32_w4_v5,OK,ms=0.393,tflops=1.37,gbps=46.7,maxabs=2.375e-02,p99=1.435e-02,rel=2.601e-04
INT8,BITSHIFT,U(-1,1),16,4096,4096,128x64x32_w4_v5,SKIP,v5 path-B not implemented
INT8,LUT,U(-1,1),16,4096,4096,128x128x32_w4_v5,OK,ms=0.481,tflops=1.12,gbps=38.1,maxabs=2.375e-02,p99=1.435e-02,rel=2.601e-04
INT8,BITSHIFT,U(-1,1),16,4096,4096,128x128x32_w4_v5,SKIP,v5 path-B not implemented
INT8,LUT,U(-1,1),16,4096,4096,64x64x32_w4_v5,OK,ms=0.272,tflops=1.97,gbps=67.4,maxabs=2.375e-02,p99=1.435e-02,rel=2.601e-04
INT8,BITSHIFT,U(-1,1),16,4096,4096,64x64x32_w4_v5,SKIP,v5 path-B not implemented
INT8,LUT,U(-1,1),16,4096,4096,64x128x32_w4_v5,OK,ms=0.343,tflops=1.56,gbps=53.5,maxabs=2.375e-02,p99=1.435e-02,rel=2.601e-04
INT8,BITSHIFT,U(-1,1),16,4096,4096,64x128x32_w4_v5,SKIP,v5 path-B not implemented
INT8,LUT,U(-1,1),16,4096,4096,128x128x64_w4_v6,OK,ms=0.633,tflops=0.85,gbps=29.0,maxabs=2.375e-02,p99=1.435e-02,rel=2.601e-04
INT8,BITSHIFT,U(-1,1),16,4096,4096,128x128x64_w4_v6,SKIP,v6 path-B not implemented
INT8,LUT,U(-1,1),16,4096,4096,128x64x64_w4_v6,OK,ms=0.544,tflops=0.99,gbps=33.7,maxabs=2.375e-02,p99=1.435e-02,rel=2.601e-04
INT8,BITSHIFT,U(-1,1),16,4096,4096,128x64x64_w4_v6,SKIP,v6 path-B not implemented
INT8,LUT,U(-1,1),16,4096,4096,64x128x64_w4_v6,OK,ms=0.425,tflops=1.26,gbps=43.1,maxabs=2.375e-02,p99=1.435e-02,rel=2.601e-04
INT8,BITSHIFT,U(-1,1),16,4096,4096,64x128x64_w4_v6,SKIP,v6 path-B not implemented
INT8,LUT,U(-1,1),16,4096,4096,64x64x64_w4_v6,OK,ms=0.337,tflops=1.59,gbps=54.5,maxabs=2.375e-02,p99=1.435e-02,rel=2.601e-04
INT8,BITSHIFT,U(-1,1),16,4096,4096,64x64x64_w4_v6,SKIP,v6 path-B not implemented
INT8,LUT,U(-1,1),16,4096,4096,64x128x32_w4_v7,OK,ms=0.341,tflops=1.57,gbps=53.8,maxabs=2.375e-02,p99=1.435e-02,rel=2.601e-04
INT8,BITSHIFT,U(-1,1),16,4096,4096,64x128x32_w4_v7,SKIP,v7 path-B not implemented
INT8,LUT,U(-1,1),16,4096,4096,64x64x32_w4_v7,OK,ms=0.270,tflops=1.99,gbps=67.9,maxabs=2.375e-02,p99=1.435e-02,rel=2.601e-04
INT8,BITSHIFT,U(-1,1),16,4096,4096,64x64x32_w4_v7,SKIP,v7 path-B not implemented
INT8,LUT,U(-1,1),16,4096,4096,32x128x32_w4_v7,OK,ms=0.288,tflops=1.86,gbps=63.6,maxabs=2.375e-02,p99=1.435e-02,rel=2.601e-04
INT8,BITSHIFT,U(-1,1),16,4096,4096,32x128x32_w4_v7,SKIP,v7 path-B not implemented
INT8,LUT,U(-1,1),16,4096,4096,32x64x32_w4_v7,OK,ms=0.217,tflops=2.48,gbps=84.6,maxabs=2.375e-02,p99=1.435e-02,rel=2.601e-04
INT8,BITSHIFT,U(-1,1),16,4096,4096,32x64x32_w4_v7,SKIP,v7 path-B not implemented
INT8,LUT,U(-1,1),64,4096,4096,16x64x32_w4,OK,ms=0.803,tflops=2.67,gbps=24.8,maxabs=2.856e-02,p99=1.473e-02,rel=2.601e-04
INT8,BITSHIFT,U(-1,1),64,4096,4096,16x64x32_w4,OK,ms=0.748,tflops=2.87,gbps=26.6,maxabs=1.963e-02,p99=1.034e-02,rel=1.852e-04
INT8,LUT,U(-1,1),64,4096,4096,16x128x32_w8,OK,ms=0.830,tflops=2.59,gbps=24.0,maxabs=2.856e-02,p99=1.473e-02,rel=2.601e-04
INT8,BITSHIFT,U(-1,1),64,4096,4096,16x128x32_w8,OK,ms=0.790,tflops=2.72,gbps=25.2,maxabs=1.963e-02,p99=1.034e-02,rel=1.852e-04
INT8,LUT,U(-1,1),64,4096,4096,16x128x32_w4f2,OK,ms=1.384,tflops=1.55,gbps=14.4,maxabs=2.856e-02,p99=1.473e-02,rel=2.601e-04
INT8,BITSHIFT,U(-1,1),64,4096,4096,16x128x32_w4f2,SKIP,MF path-B not implemented
INT8,LUT,U(-1,1),64,4096,4096,16x256x32_w4f4,OK,ms=2.560,tflops=0.84,gbps=7.8,maxabs=2.856e-02,p99=1.473e-02,rel=2.601e-04
INT8,BITSHIFT,U(-1,1),64,4096,4096,16x256x32_w4f4,SKIP,MF path-B not implemented
INT8,LUT,U(-1,1),64,4096,4096,128x64x32_w4_v1,OK,ms=1.131,tflops=1.90,gbps=17.6,maxabs=2.856e-02,p99=1.473e-02,rel=2.601e-04
INT8,BITSHIFT,U(-1,1),64,4096,4096,128x64x32_w4_v1,SKIP,v1 path-B not implemented
INT8,LUT,U(-1,1),64,4096,4096,128x128x32_w4_v1,OK,ms=1.739,tflops=1.23,gbps=11.5,maxabs=2.856e-02,p99=1.473e-02,rel=2.601e-04
INT8,BITSHIFT,U(-1,1),64,4096,4096,128x128x32_w4_v1,SKIP,v1 path-B not implemented
INT8,LUT,U(-1,1),64,4096,4096,128x256x32_w4_v1,OK,ms=4.132,tflops=0.52,gbps=4.8,maxabs=2.856e-02,p99=1.473e-02,rel=2.601e-04
INT8,BITSHIFT,U(-1,1),64,4096,4096,128x256x32_w4_v1,SKIP,v1 path-B not implemented
INT8,LUT,U(-1,1),64,4096,4096,128x256x32_w8_v1,OK,ms=1.903,tflops=1.13,gbps=10.5,maxabs=2.856e-02,p99=1.473e-02,rel=2.601e-04
INT8,BITSHIFT,U(-1,1),64,4096,4096,128x256x32_w8_v1,SKIP,v1 path-B not implemented
INT8,LUT,U(-1,1),64,4096,4096,64x64x32_w4_v1,OK,ms=0.964,tflops=2.23,gbps=20.7,maxabs=2.856e-02,p99=1.473e-02,rel=2.601e-04
INT8,BITSHIFT,U(-1,1),64,4096,4096,64x64x32_w4_v1,SKIP,v1 path-B not implemented
INT8,LUT,U(-1,1),64,4096,4096,64x128x32_w4_v1,OK,ms=1.596,tflops=1.35,gbps=12.5,maxabs=2.856e-02,p99=1.473e-02,rel=2.601e-04
INT8,BITSHIFT,U(-1,1),64,4096,4096,64x128x32_w4_v1,SKIP,v1 path-B not implemented
INT8,LUT,U(-1,1),64,4096,4096,128x64x32_w4_v2,OK,ms=0.575,tflops=3.73,gbps=34.7,maxabs=2.856e-02,p99=1.473e-02,rel=2.601e-04
INT8,BITSHIFT,U(-1,1),64,4096,4096,128x64x32_w4_v2,SKIP,v2 path-B not implemented
INT8,LUT,U(-1,1),64,4096,4096,128x128x32_w4_v2,OK,ms=0.686,tflops=3.13,gbps=29.0,maxabs=2.856e-02,p99=1.473e-02,rel=2.601e-04
INT8,BITSHIFT,U(-1,1),64,4096,4096,128x128x32_w4_v2,SKIP,v2 path-B not implemented
INT8,LUT,U(-1,1),64,4096,4096,128x256x32_w4_v2,OK,ms=1.315,tflops=1.63,gbps=15.1,maxabs=2.856e-02,p99=1.473e-02,rel=2.601e-04
INT8,BITSHIFT,U(-1,1),64,4096,4096,128x256x32_w4_v2,SKIP,v2 path-B not implemented
INT8,LUT,U(-1,1),64,4096,4096,128x256x32_w8_v2,OK,ms=0.834,tflops=2.57,gbps=23.9,maxabs=2.856e-02,p99=1.473e-02,rel=2.601e-04
INT8,BITSHIFT,U(-1,1),64,4096,4096,128x256x32_w8_v2,SKIP,v2 path-B not implemented
INT8,LUT,U(-1,1),64,4096,4096,64x64x32_w4_v2,OK,ms=0.434,tflops=4.94,gbps=45.9,maxabs=2.856e-02,p99=1.473e-02,rel=2.601e-04
INT8,BITSHIFT,U(-1,1),64,4096,4096,64x64x32_w4_v2,SKIP,v2 path-B not implemented
INT8,LUT,U(-1,1),64,4096,4096,64x128x32_w4_v2,OK,ms=0.517,tflops=4.15,gbps=38.5,maxabs=2.856e-02,p99=1.473e-02,rel=2.601e-04
INT8,BITSHIFT,U(-1,1),64,4096,4096,64x128x32_w4_v2,SKIP,v2 path-B not implemented
INT8,LUT,U(-1,1),64,4096,4096,128x64x32_w4_v3,OK,ms=0.400,tflops=5.37,gbps=49.8,maxabs=2.856e-02,p99=1.473e-02,rel=2.601e-04
INT8,BITSHIFT,U(-1,1),64,4096,4096,128x64x32_w4_v3,SKIP,v3 path-B not implemented
INT8,LUT,U(-1,1),64,4096,4096,128x128x32_w4_v3,OK,ms=0.503,tflops=4.27,gbps=39.6,maxabs=2.856e-02,p99=1.473e-02,rel=2.601e-04
INT8,BITSHIFT,U(-1,1),64,4096,4096,128x128x32_w4_v3,SKIP,v3 path-B not implemented
INT8,LUT,U(-1,1),64,4096,4096,128x256x32_w8_v3,SKIP,smem > 48KiB
INT8,BITSHIFT,U(-1,1),64,4096,4096,128x256x32_w8_v3,SKIP,smem > 48KiB
INT8,LUT,U(-1,1),64,4096,4096,64x64x32_w4_v3,OK,ms=0.330,tflops=6.50,gbps=60.3,maxabs=2.856e-02,p99=1.473e-02,rel=2.601e-04
INT8,BITSHIFT,U(-1,1),64,4096,4096,64x64x32_w4_v3,SKIP,v3 path-B not implemented
INT8,LUT,U(-1,1),64,4096,4096,64x128x32_w4_v3,OK,ms=0.363,tflops=5.92,gbps=54.9,maxabs=2.856e-02,p99=1.473e-02,rel=2.601e-04
INT8,BITSHIFT,U(-1,1),64,4096,4096,64x128x32_w4_v3,SKIP,v3 path-B not implemented
INT8,LUT,U(-1,1),64,4096,4096,32x128x32_w4_v3_b1,OK,ms=0.332,tflops=6.47,gbps=60.1,maxabs=2.856e-02,p99=1.473e-02,rel=2.601e-04
INT8,BITSHIFT,U(-1,1),64,4096,4096,32x128x32_w4_v3_b1,SKIP,v3 path-B not implemented
INT8,LUT,U(-1,1),64,4096,4096,32x64x32_w4_v3_b1,OK,ms=0.258,tflops=8.31,gbps=77.1,maxabs=2.856e-02,p99=1.473e-02,rel=2.601e-04
INT8,BITSHIFT,U(-1,1),64,4096,4096,32x64x32_w4_v3_b1,SKIP,v3 path-B not implemented
INT8,LUT,U(-1,1),64,4096,4096,32x256x32_w8_v3_b1,OK,ms=0.384,tflops=5.60,gbps=51.9,maxabs=2.856e-02,p99=1.473e-02,rel=2.601e-04
INT8,BITSHIFT,U(-1,1),64,4096,4096,32x256x32_w8_v3_b1,SKIP,v3 path-B not implemented
INT8,LUT,U(-1,1),64,4096,4096,128x128x32_w8_v3_b1alt,OK,ms=0.587,tflops=3.66,gbps=33.9,maxabs=2.856e-02,p99=1.473e-02,rel=2.601e-04
INT8,BITSHIFT,U(-1,1),64,4096,4096,128x128x32_w8_v3_b1alt,SKIP,v3 path-B not implemented
INT8,LUT,U(-1,1),64,4096,4096,64x128x32_w8_v3_b1alt,OK,ms=0.420,tflops=5.11,gbps=47.4,maxabs=2.856e-02,p99=1.473e-02,rel=2.601e-04
INT8,BITSHIFT,U(-1,1),64,4096,4096,64x128x32_w8_v3_b1alt,SKIP,v3 path-B not implemented
INT8,LUT,U(-1,1),64,4096,4096,128x64x32_w4_v4,OK,ms=0.410,tflops=5.24,gbps=48.6,maxabs=2.856e-02,p99=1.473e-02,rel=2.601e-04
INT8,BITSHIFT,U(-1,1),64,4096,4096,128x64x32_w4_v4,SKIP,v4 path-B not implemented
INT8,LUT,U(-1,1),64,4096,4096,128x128x32_w4_v4,OK,ms=0.506,tflops=4.25,gbps=39.4,maxabs=2.856e-02,p99=1.473e-02,rel=2.601e-04
INT8,BITSHIFT,U(-1,1),64,4096,4096,128x128x32_w4_v4,SKIP,v4 path-B not implemented
INT8,LUT,U(-1,1),64,4096,4096,64x64x32_w4_v4,OK,ms=0.289,tflops=7.42,gbps=68.8,maxabs=2.856e-02,p99=1.473e-02,rel=2.601e-04
INT8,BITSHIFT,U(-1,1),64,4096,4096,64x64x32_w4_v4,SKIP,v4 path-B not implemented
INT8,LUT,U(-1,1),64,4096,4096,64x128x32_w4_v4,OK,ms=0.365,tflops=5.89,gbps=54.6,maxabs=2.856e-02,p99=1.473e-02,rel=2.601e-04
INT8,BITSHIFT,U(-1,1),64,4096,4096,64x128x32_w4_v4,SKIP,v4 path-B not implemented
INT8,LUT,U(-1,1),64,4096,4096,128x64x32_w4_v5,OK,ms=0.411,tflops=5.22,gbps=48.4,maxabs=2.856e-02,p99=1.473e-02,rel=2.601e-04
INT8,BITSHIFT,U(-1,1),64,4096,4096,128x64x32_w4_v5,SKIP,v5 path-B not implemented
INT8,LUT,U(-1,1),64,4096,4096,128x128x32_w4_v5,OK,ms=0.508,tflops=4.22,gbps=39.2,maxabs=2.856e-02,p99=1.473e-02,rel=2.601e-04
INT8,BITSHIFT,U(-1,1),64,4096,4096,128x128x32_w4_v5,SKIP,v5 path-B not implemented
INT8,LUT,U(-1,1),64,4096,4096,64x64x32_w4_v5,OK,ms=0.290,tflops=7.39,gbps=68.6,maxabs=2.856e-02,p99=1.473e-02,rel=2.601e-04
INT8,BITSHIFT,U(-1,1),64,4096,4096,64x64x32_w4_v5,SKIP,v5 path-B not implemented
INT8,LUT,U(-1,1),64,4096,4096,64x128x32_w4_v5,OK,ms=0.364,tflops=5.89,gbps=54.7,maxabs=2.856e-02,p99=1.473e-02,rel=2.601e-04
INT8,BITSHIFT,U(-1,1),64,4096,4096,64x128x32_w4_v5,SKIP,v5 path-B not implemented
INT8,LUT,U(-1,1),64,4096,4096,128x128x64_w4_v6,OK,ms=0.659,tflops=3.26,gbps=30.2,maxabs=2.856e-02,p99=1.473e-02,rel=2.601e-04
INT8,BITSHIFT,U(-1,1),64,4096,4096,128x128x64_w4_v6,SKIP,v6 path-B not implemented
INT8,LUT,U(-1,1),64,4096,4096,128x64x64_w4_v6,OK,ms=0.579,tflops=3.71,gbps=34.4,maxabs=2.856e-02,p99=1.473e-02,rel=2.601e-04
INT8,BITSHIFT,U(-1,1),64,4096,4096,128x64x64_w4_v6,SKIP,v6 path-B not implemented
INT8,LUT,U(-1,1),64,4096,4096,64x128x64_w4_v6,OK,ms=0.453,tflops=4.74,gbps=44.0,maxabs=2.856e-02,p99=1.473e-02,rel=2.601e-04
INT8,BITSHIFT,U(-1,1),64,4096,4096,64x128x64_w4_v6,SKIP,v6 path-B not implemented
INT8,LUT,U(-1,1),64,4096,4096,64x64x64_w4_v6,OK,ms=0.373,tflops=5.75,gbps=53.4,maxabs=2.856e-02,p99=1.473e-02,rel=2.601e-04
INT8,BITSHIFT,U(-1,1),64,4096,4096,64x64x64_w4_v6,SKIP,v6 path-B not implemented
INT8,LUT,U(-1,1),64,4096,4096,64x128x32_w4_v7,OK,ms=0.360,tflops=5.97,gbps=55.4,maxabs=2.856e-02,p99=1.473e-02,rel=2.601e-04
INT8,BITSHIFT,U(-1,1),64,4096,4096,64x128x32_w4_v7,SKIP,v7 path-B not implemented
INT8,LUT,U(-1,1),64,4096,4096,64x64x32_w4_v7,OK,ms=0.329,tflops=6.53,gbps=60.6,maxabs=2.856e-02,p99=1.473e-02,rel=2.601e-04
INT8,BITSHIFT,U(-1,1),64,4096,4096,64x64x32_w4_v7,SKIP,v7 path-B not implemented
INT8,LUT,U(-1,1),64,4096,4096,32x128x32_w4_v7,OK,ms=0.330,tflops=6.51,gbps=60.4,maxabs=2.856e-02,p99=1.473e-02,rel=2.601e-04
INT8,BITSHIFT,U(-1,1),64,4096,4096,32x128x32_w4_v7,SKIP,v7 path-B not implemented
INT8,LUT,U(-1,1),64,4096,4096,32x64x32_w4_v7,OK,ms=0.264,tflops=8.14,gbps=75.5,maxabs=2.856e-02,p99=1.473e-02,rel=2.601e-04
INT8,BITSHIFT,U(-1,1),64,4096,4096,32x64x32_w4_v7,SKIP,v7 path-B not implemented
INT8,LUT,U(-1,1),128,4096,4096,16x64x32_w4,OK,ms=0.927,tflops=4.63,gbps=23.8,maxabs=2.855e-02,p99=1.473e-02,rel=2.602e-04
INT8,BITSHIFT,U(-1,1),128,4096,4096,16x64x32_w4,OK,ms=1.186,tflops=3.62,gbps=18.6,maxabs=1.963e-02,p99=1.035e-02,rel=1.852e-04
INT8,LUT,U(-1,1),128,4096,4096,16x128x32_w8,OK,ms=0.963,tflops=4.46,gbps=22.9,maxabs=2.855e-02,p99=1.473e-02,rel=2.602e-04
INT8,BITSHIFT,U(-1,1),128,4096,4096,16x128x32_w8,OK,ms=1.364,tflops=3.15,gbps=16.1,maxabs=1.963e-02,p99=1.035e-02,rel=1.852e-04
INT8,LUT,U(-1,1),128,4096,4096,16x128x32_w4f2,OK,ms=1.486,tflops=2.89,gbps=14.8,maxabs=2.855e-02,p99=1.473e-02,rel=2.602e-04
INT8,BITSHIFT,U(-1,1),128,4096,4096,16x128x32_w4f2,SKIP,MF path-B not implemented
INT8,LUT,U(-1,1),128,4096,4096,16x256x32_w4f4,OK,ms=2.592,tflops=1.66,gbps=8.5,maxabs=2.855e-02,p99=1.473e-02,rel=2.602e-04
INT8,BITSHIFT,U(-1,1),128,4096,4096,16x256x32_w4f4,SKIP,MF path-B not implemented
INT8,LUT,U(-1,1),128,4096,4096,128x64x32_w4_v1,OK,ms=1.261,tflops=3.41,gbps=17.5,maxabs=2.855e-02,p99=1.473e-02,rel=2.602e-04
INT8,BITSHIFT,U(-1,1),128,4096,4096,128x64x32_w4_v1,SKIP,v1 path-B not implemented
INT8,LUT,U(-1,1),128,4096,4096,128x128x32_w4_v1,OK,ms=1.899,tflops=2.26,gbps=11.6,maxabs=2.855e-02,p99=1.473e-02,rel=2.602e-04
INT8,BITSHIFT,U(-1,1),128,4096,4096,128x128x32_w4_v1,SKIP,v1 path-B not implemented
INT8,LUT,U(-1,1),128,4096,4096,128x256x32_w4_v1,OK,ms=4.756,tflops=0.90,gbps=4.6,maxabs=2.855e-02,p99=1.473e-02,rel=2.602e-04
INT8,BITSHIFT,U(-1,1),128,4096,4096,128x256x32_w4_v1,SKIP,v1 path-B not implemented
INT8,LUT,U(-1,1),128,4096,4096,128x256x32_w8_v1,OK,ms=2.004,tflops=2.14,gbps=11.0,maxabs=2.855e-02,p99=1.473e-02,rel=2.602e-04
INT8,BITSHIFT,U(-1,1),128,4096,4096,128x256x32_w8_v1,SKIP,v1 path-B not implemented
INT8,LUT,U(-1,1),128,4096,4096,64x64x32_w4_v1,OK,ms=0.966,tflops=4.44,gbps=22.8,maxabs=2.855e-02,p99=1.473e-02,rel=2.602e-04
INT8,BITSHIFT,U(-1,1),128,4096,4096,64x64x32_w4_v1,SKIP,v1 path-B not implemented
INT8,LUT,U(-1,1),128,4096,4096,64x128x32_w4_v1,OK,ms=1.585,tflops=2.71,gbps=13.9,maxabs=2.855e-02,p99=1.473e-02,rel=2.602e-04
INT8,BITSHIFT,U(-1,1),128,4096,4096,64x128x32_w4_v1,SKIP,v1 path-B not implemented
INT8,LUT,U(-1,1),128,4096,4096,128x64x32_w4_v2,OK,ms=0.754,tflops=5.70,gbps=29.2,maxabs=2.855e-02,p99=1.473e-02,rel=2.602e-04
INT8,BITSHIFT,U(-1,1),128,4096,4096,128x64x32_w4_v2,SKIP,v2 path-B not implemented
INT8,LUT,U(-1,1),128,4096,4096,128x128x32_w4_v2,OK,ms=0.872,tflops=4.92,gbps=25.2,maxabs=2.855e-02,p99=1.473e-02,rel=2.602e-04
INT8,BITSHIFT,U(-1,1),128,4096,4096,128x128x32_w4_v2,SKIP,v2 path-B not implemented
INT8,LUT,U(-1,1),128,4096,4096,128x256x32_w4_v2,OK,ms=1.496,tflops=2.87,gbps=14.7,maxabs=2.855e-02,p99=1.473e-02,rel=2.602e-04
INT8,BITSHIFT,U(-1,1),128,4096,4096,128x256x32_w4_v2,SKIP,v2 path-B not implemented
INT8,LUT,U(-1,1),128,4096,4096,128x256x32_w8_v2,OK,ms=0.913,tflops=4.70,gbps=24.1,maxabs=2.855e-02,p99=1.473e-02,rel=2.602e-04
INT8,BITSHIFT,U(-1,1),128,4096,4096,128x256x32_w8_v2,SKIP,v2 path-B not implemented
INT8,LUT,U(-1,1),128,4096,4096,64x64x32_w4_v2,OK,ms=0.467,tflops=9.21,gbps=47.2,maxabs=2.855e-02,p99=1.473e-02,rel=2.602e-04
INT8,BITSHIFT,U(-1,1),128,4096,4096,64x64x32_w4_v2,SKIP,v2 path-B not implemented
INT8,LUT,U(-1,1),128,4096,4096,64x128x32_w4_v2,OK,ms=0.513,tflops=8.37,gbps=42.9,maxabs=2.855e-02,p99=1.473e-02,rel=2.602e-04
INT8,BITSHIFT,U(-1,1),128,4096,4096,64x128x32_w4_v2,SKIP,v2 path-B not implemented
INT8,LUT,U(-1,1),128,4096,4096,128x64x32_w4_v3,OK,ms=0.451,tflops=9.53,gbps=48.8,maxabs=2.855e-02,p99=1.473e-02,rel=2.602e-04
INT8,BITSHIFT,U(-1,1),128,4096,4096,128x64x32_w4_v3,SKIP,v3 path-B not implemented
INT8,LUT,U(-1,1),128,4096,4096,128x128x32_w4_v3,OK,ms=0.543,tflops=7.91,gbps=40.5,maxabs=2.855e-02,p99=1.473e-02,rel=2.602e-04
INT8,BITSHIFT,U(-1,1),128,4096,4096,128x128x32_w4_v3,SKIP,v3 path-B not implemented
INT8,LUT,U(-1,1),128,4096,4096,128x256x32_w8_v3,SKIP,smem > 48KiB
INT8,BITSHIFT,U(-1,1),128,4096,4096,128x256x32_w8_v3,SKIP,smem > 48KiB
INT8,LUT,U(-1,1),128,4096,4096,64x64x32_w4_v3,OK,ms=0.365,tflops=11.76,gbps=60.3,maxabs=2.855e-02,p99=1.473e-02,rel=2.602e-04
INT8,BITSHIFT,U(-1,1),128,4096,4096,64x64x32_w4_v3,SKIP,v3 path-B not implemented
INT8,LUT,U(-1,1),128,4096,4096,64x128x32_w4_v3,OK,ms=0.363,tflops=11.82,gbps=60.6,maxabs=2.855e-02,p99=1.473e-02,rel=2.602e-04
INT8,BITSHIFT,U(-1,1),128,4096,4096,64x128x32_w4_v3,SKIP,v3 path-B not implemented
INT8,LUT,U(-1,1),128,4096,4096,32x128x32_w4_v3_b1,OK,ms=0.358,tflops=12.00,gbps=61.5,maxabs=2.855e-02,p99=1.473e-02,rel=2.602e-04
INT8,BITSHIFT,U(-1,1),128,4096,4096,32x128x32_w4_v3_b1,SKIP,v3 path-B not implemented
INT8,LUT,U(-1,1),128,4096,4096,32x64x32_w4_v3_b1,OK,ms=0.376,tflops=11.43,gbps=58.6,maxabs=2.855e-02,p99=1.473e-02,rel=2.602e-04
INT8,BITSHIFT,U(-1,1),128,4096,4096,32x64x32_w4_v3_b1,SKIP,v3 path-B not implemented
INT8,LUT,U(-1,1),128,4096,4096,32x256x32_w8_v3_b1,OK,ms=0.386,tflops=11.12,gbps=57.0,maxabs=2.855e-02,p99=1.473e-02,rel=2.602e-04
INT8,BITSHIFT,U(-1,1),128,4096,4096,32x256x32_w8_v3_b1,SKIP,v3 path-B not implemented
INT8,LUT,U(-1,1),128,4096,4096,128x128x32_w8_v3_b1alt,OK,ms=0.602,tflops=7.14,gbps=36.6,maxabs=2.855e-02,p99=1.473e-02,rel=2.602e-04
INT8,BITSHIFT,U(-1,1),128,4096,4096,128x128x32_w8_v3_b1alt,SKIP,v3 path-B not implemented
INT8,LUT,U(-1,1),128,4096,4096,64x128x32_w8_v3_b1alt,OK,ms=0.419,tflops=10.24,gbps=52.5,maxabs=2.855e-02,p99=1.473e-02,rel=2.602e-04
INT8,BITSHIFT,U(-1,1),128,4096,4096,64x128x32_w8_v3_b1alt,SKIP,v3 path-B not implemented
INT8,LUT,U(-1,1),128,4096,4096,128x64x32_w4_v4,OK,ms=0.469,tflops=9.16,gbps=47.0,maxabs=2.855e-02,p99=1.473e-02,rel=2.602e-04
INT8,BITSHIFT,U(-1,1),128,4096,4096,128x64x32_w4_v4,SKIP,v4 path-B not implemented
INT8,LUT,U(-1,1),128,4096,4096,128x128x32_w4_v4,OK,ms=0.543,tflops=7.91,gbps=40.5,maxabs=2.855e-02,p99=1.473e-02,rel=2.602e-04
INT8,BITSHIFT,U(-1,1),128,4096,4096,128x128x32_w4_v4,SKIP,v4 path-B not implemented
INT8,LUT,U(-1,1),128,4096,4096,64x64x32_w4_v4,OK,ms=0.347,tflops=12.39,gbps=63.5,maxabs=2.855e-02,p99=1.473e-02,rel=2.602e-04
INT8,BITSHIFT,U(-1,1),128,4096,4096,64x64x32_w4_v4,SKIP,v4 path-B not implemented
INT8,LUT,U(-1,1),128,4096,4096,64x128x32_w4_v4,OK,ms=0.364,tflops=11.81,gbps=60.6,maxabs=2.855e-02,p99=1.473e-02,rel=2.602e-04
INT8,BITSHIFT,U(-1,1),128,4096,4096,64x128x32_w4_v4,SKIP,v4 path-B not implemented
INT8,LUT,U(-1,1),128,4096,4096,128x64x32_w4_v5,OK,ms=0.471,tflops=9.11,gbps=46.7,maxabs=2.855e-02,p99=1.473e-02,rel=2.602e-04
INT8,BITSHIFT,U(-1,1),128,4096,4096,128x64x32_w4_v5,SKIP,v5 path-B not implemented
INT8,LUT,U(-1,1),128,4096,4096,128x128x32_w4_v5,OK,ms=0.539,tflops=7.97,gbps=40.9,maxabs=2.855e-02,p99=1.473e-02,rel=2.602e-04
INT8,BITSHIFT,U(-1,1),128,4096,4096,128x128x32_w4_v5,SKIP,v5 path-B not implemented
INT8,LUT,U(-1,1),128,4096,4096,64x64x32_w4_v5,OK,ms=0.346,tflops=12.40,gbps=63.6,maxabs=2.855e-02,p99=1.473e-02,rel=2.602e-04
INT8,BITSHIFT,U(-1,1),128,4096,4096,64x64x32_w4_v5,SKIP,v5 path-B not implemented
INT8,LUT,U(-1,1),128,4096,4096,64x128x32_w4_v5,OK,ms=0.362,tflops=11.86,gbps=60.8,maxabs=2.855e-02,p99=1.473e-02,rel=2.602e-04
INT8,BITSHIFT,U(-1,1),128,4096,4096,64x128x32_w4_v5,SKIP,v5 path-B not implemented
INT8,LUT,U(-1,1),128,4096,4096,128x128x64_w4_v6,OK,ms=0.720,tflops=5.97,gbps=30.6,maxabs=2.855e-02,p99=1.473e-02,rel=2.602e-04
INT8,BITSHIFT,U(-1,1),128,4096,4096,128x128x64_w4_v6,SKIP,v6 path-B not implemented
INT8,LUT,U(-1,1),128,4096,4096,128x64x64_w4_v6,OK,ms=0.635,tflops=6.77,gbps=34.7,maxabs=2.855e-02,p99=1.473e-02,rel=2.602e-04
INT8,BITSHIFT,U(-1,1),128,4096,4096,128x64x64_w4_v6,SKIP,v6 path-B not implemented
INT8,LUT,U(-1,1),128,4096,4096,64x128x64_w4_v6,OK,ms=0.448,tflops=9.59,gbps=49.2,maxabs=2.855e-02,p99=1.473e-02,rel=2.602e-04
INT8,BITSHIFT,U(-1,1),128,4096,4096,64x128x64_w4_v6,SKIP,v6 path-B not implemented
INT8,LUT,U(-1,1),128,4096,4096,64x64x64_w4_v6,OK,ms=0.496,tflops=8.66,gbps=44.4,maxabs=2.855e-02,p99=1.473e-02,rel=2.602e-04
INT8,BITSHIFT,U(-1,1),128,4096,4096,64x64x64_w4_v6,SKIP,v6 path-B not implemented
INT8,LUT,U(-1,1),128,4096,4096,64x128x32_w4_v7,OK,ms=0.360,tflops=11.92,gbps=61.1,maxabs=2.855e-02,p99=1.473e-02,rel=2.602e-04
INT8,BITSHIFT,U(-1,1),128,4096,4096,64x128x32_w4_v7,SKIP,v7 path-B not implemented
INT8,LUT,U(-1,1),128,4096,4096,64x64x32_w4_v7,OK,ms=0.362,tflops=11.88,gbps=60.9,maxabs=2.855e-02,p99=1.473e-02,rel=2.602e-04
INT8,BITSHIFT,U(-1,1),128,4096,4096,64x64x32_w4_v7,SKIP,v7 path-B not implemented
INT8,LUT,U(-1,1),128,4096,4096,32x128x32_w4_v7,OK,ms=0.360,tflops=11.94,gbps=61.2,maxabs=2.855e-02,p99=1.473e-02,rel=2.602e-04
INT8,BITSHIFT,U(-1,1),128,4096,4096,32x128x32_w4_v7,SKIP,v7 path-B not implemented
INT8,LUT,U(-1,1),128,4096,4096,32x64x32_w4_v7,OK,ms=0.382,tflops=11.25,gbps=57.7,maxabs=2.855e-02,p99=1.473e-02,rel=2.602e-04
INT8,BITSHIFT,U(-1,1),128,4096,4096,32x64x32_w4_v7,SKIP,v7 path-B not implemented
INT8,LUT,U(-1,1),256,4096,4096,16x64x32_w4,OK,ms=1.840,tflops=4.67,gbps=14.2,maxabs=2.855e-02,p99=1.464e-02,rel=2.597e-04
INT8,BITSHIFT,U(-1,1),256,4096,4096,16x64x32_w4,OK,ms=2.614,tflops=3.29,gbps=10.0,maxabs=1.963e-02,p99=9.987e-03,rel=1.849e-04
INT8,LUT,U(-1,1),256,4096,4096,16x128x32_w8,OK,ms=1.917,tflops=4.48,gbps=13.7,maxabs=2.855e-02,p99=1.464e-02,rel=2.597e-04
INT8,BITSHIFT,U(-1,1),256,4096,4096,16x128x32_w8,OK,ms=2.530,tflops=3.40,gbps=10.4,maxabs=1.963e-02,p99=9.987e-03,rel=1.849e-04
INT8,LUT,U(-1,1),256,4096,4096,16x128x32_w4f2,OK,ms=1.686,tflops=5.10,gbps=15.5,maxabs=2.855e-02,p99=1.464e-02,rel=2.597e-04
INT8,BITSHIFT,U(-1,1),256,4096,4096,16x128x32_w4f2,SKIP,MF path-B not implemented
INT8,LUT,U(-1,1),256,4096,4096,16x256x32_w4f4,OK,ms=2.750,tflops=3.12,gbps=9.5,maxabs=2.855e-02,p99=1.464e-02,rel=2.597e-04
INT8,BITSHIFT,U(-1,1),256,4096,4096,16x256x32_w4f4,SKIP,MF path-B not implemented
INT8,LUT,U(-1,1),256,4096,4096,128x64x32_w4_v1,OK,ms=1.272,tflops=6.75,gbps=20.6,maxabs=2.855e-02,p99=1.464e-02,rel=2.597e-04
INT8,BITSHIFT,U(-1,1),256,4096,4096,128x64x32_w4_v1,SKIP,v1 path-B not implemented
INT8,LUT,U(-1,1),256,4096,4096,128x128x32_w4_v1,OK,ms=1.875,tflops=4.58,gbps=14.0,maxabs=2.855e-02,p99=1.464e-02,rel=2.597e-04
INT8,BITSHIFT,U(-1,1),256,4096,4096,128x128x32_w4_v1,SKIP,v1 path-B not implemented
INT8,LUT,U(-1,1),256,4096,4096,128x256x32_w4_v1,OK,ms=4.644,tflops=1.85,gbps=5.6,maxabs=2.855e-02,p99=1.464e-02,rel=2.597e-04
INT8,BITSHIFT,U(-1,1),256,4096,4096,128x256x32_w4_v1,SKIP,v1 path-B not implemented
INT8,LUT,U(-1,1),256,4096,4096,128x256x32_w8_v1,OK,ms=1.941,tflops=4.43,gbps=13.5,maxabs=2.855e-02,p99=1.464e-02,rel=2.597e-04
INT8,BITSHIFT,U(-1,1),256,4096,4096,128x256x32_w8_v1,SKIP,v1 path-B not implemented
INT8,LUT,U(-1,1),256,4096,4096,64x64x32_w4_v1,OK,ms=1.085,tflops=7.92,gbps=24.2,maxabs=2.855e-02,p99=1.464e-02,rel=2.597e-04
INT8,BITSHIFT,U(-1,1),256,4096,4096,64x64x32_w4_v1,SKIP,v1 path-B not implemented
INT8,LUT,U(-1,1),256,4096,4096,64x128x32_w4_v1,OK,ms=1.593,tflops=5.39,gbps=16.5,maxabs=2.855e-02,p99=1.464e-02,rel=2.597e-04
INT8,BITSHIFT,U(-1,1),256,4096,4096,64x128x32_w4_v1,SKIP,v1 path-B not implemented
INT8,LUT,U(-1,1),256,4096,4096,128x64x32_w4_v2,OK,ms=0.761,tflops=11.29,gbps=34.5,maxabs=2.855e-02,p99=1.464e-02,rel=2.597e-04
INT8,BITSHIFT,U(-1,1),256,4096,4096,128x64x32_w4_v2,SKIP,v2 path-B not implemented
INT8,LUT,U(-1,1),256,4096,4096,128x128x32_w4_v2,OK,ms=0.866,tflops=9.92,gbps=30.3,maxabs=2.855e-02,p99=1.464e-02,rel=2.597e-04
INT8,BITSHIFT,U(-1,1),256,4096,4096,128x128x32_w4_v2,SKIP,v2 path-B not implemented
INT8,LUT,U(-1,1),256,4096,4096,128x256x32_w4_v2,OK,ms=1.488,tflops=5.77,gbps=17.6,maxabs=2.855e-02,p99=1.464e-02,rel=2.597e-04
INT8,BITSHIFT,U(-1,1),256,4096,4096,128x256x32_w4_v2,SKIP,v2 path-B not implemented
INT8,LUT,U(-1,1),256,4096,4096,128x256x32_w8_v2,OK,ms=0.910,tflops=9.44,gbps=28.8,maxabs=2.855e-02,p99=1.464e-02,rel=2.597e-04
INT8,BITSHIFT,U(-1,1),256,4096,4096,128x256x32_w8_v2,SKIP,v2 path-B not implemented
INT8,LUT,U(-1,1),256,4096,4096,64x64x32_w4_v2,OK,ms=0.696,tflops=12.35,gbps=37.7,maxabs=2.855e-02,p99=1.464e-02,rel=2.597e-04
INT8,BITSHIFT,U(-1,1),256,4096,4096,64x64x32_w4_v2,SKIP,v2 path-B not implemented
INT8,LUT,U(-1,1),256,4096,4096,64x128x32_w4_v2,OK,ms=0.616,tflops=13.94,gbps=42.5,maxabs=2.855e-02,p99=1.464e-02,rel=2.597e-04
INT8,BITSHIFT,U(-1,1),256,4096,4096,64x128x32_w4_v2,SKIP,v2 path-B not implemented
INT8,LUT,U(-1,1),256,4096,4096,128x64x32_w4_v3,OK,ms=0.545,tflops=15.75,gbps=48.1,maxabs=2.855e-02,p99=1.464e-02,rel=2.597e-04
INT8,BITSHIFT,U(-1,1),256,4096,4096,128x64x32_w4_v3,SKIP,v3 path-B not implemented
INT8,LUT,U(-1,1),256,4096,4096,128x128x32_w4_v3,OK,ms=0.546,tflops=15.73,gbps=48.0,maxabs=2.855e-02,p99=1.464e-02,rel=2.597e-04
INT8,BITSHIFT,U(-1,1),256,4096,4096,128x128x32_w4_v3,SKIP,v3 path-B not implemented
INT8,LUT,U(-1,1),256,4096,4096,128x256x32_w8_v3,SKIP,smem > 48KiB
INT8,BITSHIFT,U(-1,1),256,4096,4096,128x256x32_w8_v3,SKIP,smem > 48KiB
INT8,LUT,U(-1,1),256,4096,4096,64x64x32_w4_v3,OK,ms=0.558,tflops=15.39,gbps=47.0,maxabs=2.855e-02,p99=1.464e-02,rel=2.597e-04
INT8,BITSHIFT,U(-1,1),256,4096,4096,64x64x32_w4_v3,SKIP,v3 path-B not implemented
INT8,LUT,U(-1,1),256,4096,4096,64x128x32_w4_v3,OK,ms=0.435,tflops=19.75,gbps=60.3,maxabs=2.855e-02,p99=1.464e-02,rel=2.597e-04
INT8,BITSHIFT,U(-1,1),256,4096,4096,64x128x32_w4_v3,SKIP,v3 path-B not implemented
INT8,LUT,U(-1,1),256,4096,4096,32x128x32_w4_v3_b1,OK,ms=0.539,tflops=15.93,gbps=48.6,maxabs=2.855e-02,p99=1.464e-02,rel=2.597e-04
INT8,BITSHIFT,U(-1,1),256,4096,4096,32x128x32_w4_v3_b1,SKIP,v3 path-B not implemented
INT8,LUT,U(-1,1),256,4096,4096,32x64x32_w4_v3_b1,OK,ms=0.866,tflops=9.92,gbps=30.3,maxabs=2.855e-02,p99=1.464e-02,rel=2.597e-04
INT8,BITSHIFT,U(-1,1),256,4096,4096,32x64x32_w4_v3_b1,SKIP,v3 path-B not implemented
INT8,LUT,U(-1,1),256,4096,4096,32x256x32_w8_v3_b1,OK,ms=0.544,tflops=15.78,gbps=48.2,maxabs=2.855e-02,p99=1.464e-02,rel=2.597e-04
INT8,BITSHIFT,U(-1,1),256,4096,4096,32x256x32_w8_v3_b1,SKIP,v3 path-B not implemented
INT8,LUT,U(-1,1),256,4096,4096,128x128x32_w8_v3_b1alt,OK,ms=0.603,tflops=14.25,gbps=43.5,maxabs=2.855e-02,p99=1.464e-02,rel=2.597e-04
INT8,BITSHIFT,U(-1,1),256,4096,4096,128x128x32_w8_v3_b1alt,SKIP,v3 path-B not implemented
INT8,LUT,U(-1,1),256,4096,4096,64x128x32_w8_v3_b1alt,OK,ms=0.551,tflops=15.59,gbps=47.6,maxabs=2.855e-02,p99=1.464e-02,rel=2.597e-04
INT8,BITSHIFT,U(-1,1),256,4096,4096,64x128x32_w8_v3_b1alt,SKIP,v3 path-B not implemented
INT8,LUT,U(-1,1),256,4096,4096,128x64x32_w4_v4,OK,ms=0.572,tflops=15.02,gbps=45.8,maxabs=2.855e-02,p99=1.464e-02,rel=2.597e-04
INT8,BITSHIFT,U(-1,1),256,4096,4096,128x64x32_w4_v4,SKIP,v4 path-B not implemented
INT8,LUT,U(-1,1),256,4096,4096,128x128x32_w4_v4,OK,ms=0.545,tflops=15.75,gbps=48.1,maxabs=2.855e-02,p99=1.464e-02,rel=2.597e-04
INT8,BITSHIFT,U(-1,1),256,4096,4096,128x128x32_w4_v4,SKIP,v4 path-B not implemented
INT8,LUT,U(-1,1),256,4096,4096,64x64x32_w4_v4,OK,ms=0.582,tflops=14.75,gbps=45.0,maxabs=2.855e-02,p99=1.464e-02,rel=2.597e-04
INT8,BITSHIFT,U(-1,1),256,4096,4096,64x64x32_w4_v4,SKIP,v4 path-B not implemented
INT8,LUT,U(-1,1),256,4096,4096,64x128x32_w4_v4,OK,ms=0.439,tflops=19.56,gbps=59.7,maxabs=2.855e-02,p99=1.464e-02,rel=2.597e-04
INT8,BITSHIFT,U(-1,1),256,4096,4096,64x128x32_w4_v4,SKIP,v4 path-B not implemented
INT8,LUT,U(-1,1),256,4096,4096,128x64x32_w4_v5,OK,ms=0.559,tflops=15.38,gbps=46.9,maxabs=2.855e-02,p99=1.464e-02,rel=2.597e-04
INT8,BITSHIFT,U(-1,1),256,4096,4096,128x64x32_w4_v5,SKIP,v5 path-B not implemented
INT8,LUT,U(-1,1),256,4096,4096,128x128x32_w4_v5,OK,ms=0.541,tflops=15.87,gbps=48.4,maxabs=2.855e-02,p99=1.464e-02,rel=2.597e-04
INT8,BITSHIFT,U(-1,1),256,4096,4096,128x128x32_w4_v5,SKIP,v5 path-B not implemented
INT8,LUT,U(-1,1),256,4096,4096,64x64x32_w4_v5,OK,ms=0.698,tflops=12.31,gbps=37.6,maxabs=2.855e-02,p99=1.464e-02,rel=2.597e-04
INT8,BITSHIFT,U(-1,1),256,4096,4096,64x64x32_w4_v5,SKIP,v5 path-B not implemented
INT8,LUT,U(-1,1),256,4096,4096,64x128x32_w4_v5,OK,ms=0.443,tflops=19.41,gbps=59.2,maxabs=2.855e-02,p99=1.464e-02,rel=2.597e-04
INT8,BITSHIFT,U(-1,1),256,4096,4096,64x128x32_w4_v5,SKIP,v5 path-B not implemented
INT8,LUT,U(-1,1),256,4096,4096,128x128x64_w4_v6,OK,ms=0.716,tflops=12.00,gbps=36.6,maxabs=2.855e-02,p99=1.464e-02,rel=2.597e-04
INT8,BITSHIFT,U(-1,1),256,4096,4096,128x128x64_w4_v6,SKIP,v6 path-B not implemented
INT8,LUT,U(-1,1),256,4096,4096,128x64x64_w4_v6,OK,ms=0.871,tflops=9.86,gbps=30.1,maxabs=2.855e-02,p99=1.464e-02,rel=2.597e-04
INT8,BITSHIFT,U(-1,1),256,4096,4096,128x64x64_w4_v6,SKIP,v6 path-B not implemented
INT8,LUT,U(-1,1),256,4096,4096,64x128x64_w4_v6,OK,ms=0.570,tflops=15.07,gbps=46.0,maxabs=2.855e-02,p99=1.464e-02,rel=2.597e-04
INT8,BITSHIFT,U(-1,1),256,4096,4096,64x128x64_w4_v6,SKIP,v6 path-B not implemented
INT8,LUT,U(-1,1),256,4096,4096,64x64x64_w4_v6,OK,ms=0.902,tflops=9.53,gbps=29.1,maxabs=2.855e-02,p99=1.464e-02,rel=2.597e-04
INT8,BITSHIFT,U(-1,1),256,4096,4096,64x64x64_w4_v6,SKIP,v6 path-B not implemented
INT8,LUT,U(-1,1),256,4096,4096,64x128x32_w4_v7,OK,ms=0.448,tflops=19.19,gbps=58.6,maxabs=2.855e-02,p99=1.464e-02,rel=2.597e-04
INT8,BITSHIFT,U(-1,1),256,4096,4096,64x128x32_w4_v7,SKIP,v7 path-B not implemented
INT8,LUT,U(-1,1),256,4096,4096,64x64x32_w4_v7,OK,ms=0.788,tflops=10.90,gbps=33.3,maxabs=2.855e-02,p99=1.464e-02,rel=2.597e-04
INT8,BITSHIFT,U(-1,1),256,4096,4096,64x64x32_w4_v7,SKIP,v7 path-B not implemented
INT8,LUT,U(-1,1),256,4096,4096,32x128x32_w4_v7,OK,ms=0.747,tflops=11.50,gbps=35.1,maxabs=2.855e-02,p99=1.464e-02,rel=2.597e-04
INT8,BITSHIFT,U(-1,1),256,4096,4096,32x128x32_w4_v7,SKIP,v7 path-B not implemented
INT8,LUT,U(-1,1),256,4096,4096,32x64x32_w4_v7,OK,ms=0.764,tflops=11.24,gbps=34.3,maxabs=2.855e-02,p99=1.464e-02,rel=2.597e-04
INT8,BITSHIFT,U(-1,1),256,4096,4096,32x64x32_w4_v7,SKIP,v7 path-B not implemented
INT8,LUT,U(-1,1),512,4096,4096,16x64x32_w4,OK,ms=3.689,tflops=4.66,gbps=9.4,maxabs=2.854e-02,p99=1.429e-02,rel=2.596e-04
INT8,BITSHIFT,U(-1,1),512,4096,4096,16x64x32_w4,OK,ms=4.640,tflops=3.70,gbps=7.5,maxabs=1.971e-02,p99=1.010e-02,rel=1.848e-04
INT8,LUT,U(-1,1),512,4096,4096,16x128x32_w8,OK,ms=3.895,tflops=4.41,gbps=8.9,maxabs=2.854e-02,p99=1.429e-02,rel=2.596e-04
INT8,BITSHIFT,U(-1,1),512,4096,4096,16x128x32_w8,OK,ms=4.875,tflops=3.52,gbps=7.1,maxabs=1.971e-02,p99=1.010e-02,rel=1.848e-04
INT8,LUT,U(-1,1),512,4096,4096,16x128x32_w4f2,OK,ms=3.253,tflops=5.28,gbps=10.6,maxabs=2.854e-02,p99=1.429e-02,rel=2.596e-04
INT8,BITSHIFT,U(-1,1),512,4096,4096,16x128x32_w4f2,SKIP,MF path-B not implemented
INT8,LUT,U(-1,1),512,4096,4096,16x256x32_w4f4,OK,ms=5.503,tflops=3.12,gbps=6.3,maxabs=2.854e-02,p99=1.429e-02,rel=2.596e-04
INT8,BITSHIFT,U(-1,1),512,4096,4096,16x256x32_w4f4,SKIP,MF path-B not implemented
INT8,LUT,U(-1,1),512,4096,4096,128x64x32_w4_v1,OK,ms=1.557,tflops=11.04,gbps=22.2,maxabs=2.854e-02,p99=1.429e-02,rel=2.596e-04
INT8,BITSHIFT,U(-1,1),512,4096,4096,128x64x32_w4_v1,SKIP,v1 path-B not implemented
INT8,LUT,U(-1,1),512,4096,4096,128x128x32_w4_v1,OK,ms=1.902,tflops=9.03,gbps=18.2,maxabs=2.854e-02,p99=1.429e-02,rel=2.596e-04
INT8,BITSHIFT,U(-1,1),512,4096,4096,128x128x32_w4_v1,SKIP,v1 path-B not implemented
INT8,LUT,U(-1,1),512,4096,4096,128x256x32_w4_v1,OK,ms=4.877,tflops=3.52,gbps=7.1,maxabs=2.854e-02,p99=1.429e-02,rel=2.596e-04
INT8,BITSHIFT,U(-1,1),512,4096,4096,128x256x32_w4_v1,SKIP,v1 path-B not implemented
INT8,LUT,U(-1,1),512,4096,4096,128x256x32_w8_v1,OK,ms=1.929,tflops=8.91,gbps=17.9,maxabs=2.854e-02,p99=1.429e-02,rel=2.596e-04
INT8,BITSHIFT,U(-1,1),512,4096,4096,128x256x32_w8_v1,SKIP,v1 path-B not implemented
INT8,LUT,U(-1,1),512,4096,4096,64x64x32_w4_v1,OK,ms=2.283,tflops=7.53,gbps=15.2,maxabs=2.854e-02,p99=1.429e-02,rel=2.596e-04
INT8,BITSHIFT,U(-1,1),512,4096,4096,64x64x32_w4_v1,SKIP,v1 path-B not implemented
INT8,LUT,U(-1,1),512,4096,4096,64x128x32_w4_v1,OK,ms=3.308,tflops=5.19,gbps=10.5,maxabs=2.854e-02,p99=1.429e-02,rel=2.596e-04
INT8,BITSHIFT,U(-1,1),512,4096,4096,64x128x32_w4_v1,SKIP,v1 path-B not implemented
INT8,LUT,U(-1,1),512,4096,4096,128x64x32_w4_v2,OK,ms=1.139,tflops=15.09,gbps=30.4,maxabs=2.854e-02,p99=1.429e-02,rel=2.596e-04
INT8,BITSHIFT,U(-1,1),512,4096,4096,128x64x32_w4_v2,SKIP,v2 path-B not implemented
INT8,LUT,U(-1,1),512,4096,4096,128x128x32_w4_v2,OK,ms=0.975,tflops=17.62,gbps=35.5,maxabs=2.854e-02,p99=1.429e-02,rel=2.596e-04
INT8,BITSHIFT,U(-1,1),512,4096,4096,128x128x32_w4_v2,SKIP,v2 path-B not implemented
INT8,LUT,U(-1,1),512,4096,4096,128x256x32_w4_v2,OK,ms=1.537,tflops=11.18,gbps=22.5,maxabs=2.854e-02,p99=1.429e-02,rel=2.596e-04
INT8,BITSHIFT,U(-1,1),512,4096,4096,128x256x32_w4_v2,SKIP,v2 path-B not implemented
INT8,LUT,U(-1,1),512,4096,4096,128x256x32_w8_v2,OK,ms=0.912,tflops=18.84,gbps=37.9,maxabs=2.854e-02,p99=1.429e-02,rel=2.596e-04
INT8,BITSHIFT,U(-1,1),512,4096,4096,128x256x32_w8_v2,SKIP,v2 path-B not implemented
INT8,LUT,U(-1,1),512,4096,4096,64x64x32_w4_v2,OK,ms=1.472,tflops=11.67,gbps=23.5,maxabs=2.854e-02,p99=1.429e-02,rel=2.596e-04
INT8,BITSHIFT,U(-1,1),512,4096,4096,64x64x32_w4_v2,SKIP,v2 path-B not implemented
INT8,LUT,U(-1,1),512,4096,4096,64x128x32_w4_v2,OK,ms=0.952,tflops=18.04,gbps=36.3,maxabs=2.854e-02,p99=1.429e-02,rel=2.596e-04
INT8,BITSHIFT,U(-1,1),512,4096,4096,64x128x32_w4_v2,SKIP,v2 path-B not implemented
INT8,LUT,U(-1,1),512,4096,4096,128x64x32_w4_v3,OK,ms=1.264,tflops=13.59,gbps=27.4,maxabs=2.854e-02,p99=1.429e-02,rel=2.596e-04
INT8,BITSHIFT,U(-1,1),512,4096,4096,128x64x32_w4_v3,SKIP,v3 path-B not implemented
INT8,LUT,U(-1,1),512,4096,4096,128x128x32_w4_v3,OK,ms=0.694,tflops=24.74,gbps=49.8,maxabs=2.854e-02,p99=1.429e-02,rel=2.596e-04
INT8,BITSHIFT,U(-1,1),512,4096,4096,128x128x32_w4_v3,SKIP,v3 path-B not implemented
INT8,LUT,U(-1,1),512,4096,4096,128x256x32_w8_v3,SKIP,smem > 48KiB
INT8,BITSHIFT,U(-1,1),512,4096,4096,128x256x32_w8_v3,SKIP,smem > 48KiB
INT8,LUT,U(-1,1),512,4096,4096,64x64x32_w4_v3,OK,ms=1.232,tflops=13.95,gbps=28.1,maxabs=2.854e-02,p99=1.429e-02,rel=2.596e-04
INT8,BITSHIFT,U(-1,1),512,4096,4096,64x64x32_w4_v3,SKIP,v3 path-B not implemented
INT8,LUT,U(-1,1),512,4096,4096,64x128x32_w4_v3,OK,ms=1.017,tflops=16.90,gbps=34.0,maxabs=2.854e-02,p99=1.429e-02,rel=2.596e-04
INT8,BITSHIFT,U(-1,1),512,4096,4096,64x128x32_w4_v3,SKIP,v3 path-B not implemented
INT8,LUT,U(-1,1),512,4096,4096,32x128x32_w4_v3_b1,OK,ms=1.073,tflops=16.01,gbps=32.2,maxabs=2.854e-02,p99=1.429e-02,rel=2.596e-04
INT8,BITSHIFT,U(-1,1),512,4096,4096,32x128x32_w4_v3_b1,SKIP,v3 path-B not implemented
INT8,LUT,U(-1,1),512,4096,4096,32x64x32_w4_v3_b1,OK,ms=1.405,tflops=12.23,gbps=24.6,maxabs=2.854e-02,p99=1.429e-02,rel=2.596e-04
INT8,BITSHIFT,U(-1,1),512,4096,4096,32x64x32_w4_v3_b1,SKIP,v3 path-B not implemented
INT8,LUT,U(-1,1),512,4096,4096,32x256x32_w8_v3_b1,OK,ms=1.089,tflops=15.77,gbps=31.8,maxabs=2.854e-02,p99=1.429e-02,rel=2.596e-04
INT8,BITSHIFT,U(-1,1),512,4096,4096,32x256x32_w8_v3_b1,SKIP,v3 path-B not implemented
INT8,LUT,U(-1,1),512,4096,4096,128x128x32_w8_v3_b1alt,OK,ms=0.948,tflops=18.12,gbps=36.5,maxabs=2.854e-02,p99=1.429e-02,rel=2.596e-04
INT8,BITSHIFT,U(-1,1),512,4096,4096,128x128x32_w8_v3_b1alt,SKIP,v3 path-B not implemented
INT8,LUT,U(-1,1),512,4096,4096,64x128x32_w8_v3_b1alt,OK,ms=1.100,tflops=15.61,gbps=31.4,maxabs=2.854e-02,p99=1.429e-02,rel=2.596e-04
INT8,BITSHIFT,U(-1,1),512,4096,4096,64x128x32_w8_v3_b1alt,SKIP,v3 path-B not implemented
INT8,LUT,U(-1,1),512,4096,4096,128x64x32_w4_v4,OK,ms=1.346,tflops=12.77,gbps=25.7,maxabs=2.854e-02,p99=1.429e-02,rel=2.596e-04
INT8,BITSHIFT,U(-1,1),512,4096,4096,128x64x32_w4_v4,SKIP,v4 path-B not implemented
INT8,LUT,U(-1,1),512,4096,4096,128x128x32_w4_v4,OK,ms=0.675,tflops=25.44,gbps=51.2,maxabs=2.854e-02,p99=1.429e-02,rel=2.596e-04
INT8,BITSHIFT,U(-1,1),512,4096,4096,128x128x32_w4_v4,SKIP,v4 path-B not implemented
INT8,LUT,U(-1,1),512,4096,4096,64x64x32_w4_v4,OK,ms=1.147,tflops=14.98,gbps=30.2,maxabs=2.854e-02,p99=1.429e-02,rel=2.596e-04
INT8,BITSHIFT,U(-1,1),512,4096,4096,64x64x32_w4_v4,SKIP,v4 path-B not implemented
INT8,LUT,U(-1,1),512,4096,4096,64x128x32_w4_v4,OK,ms=1.000,tflops=17.18,gbps=34.6,maxabs=2.854e-02,p99=1.429e-02,rel=2.596e-04
INT8,BITSHIFT,U(-1,1),512,4096,4096,64x128x32_w4_v4,SKIP,v4 path-B not implemented
INT8,LUT,U(-1,1),512,4096,4096,128x64x32_w4_v5,OK,ms=1.138,tflops=15.10,gbps=30.4,maxabs=2.854e-02,p99=1.429e-02,rel=2.596e-04
INT8,BITSHIFT,U(-1,1),512,4096,4096,128x64x32_w4_v5,SKIP,v5 path-B not implemented
INT8,LUT,U(-1,1),512,4096,4096,128x128x32_w4_v5,OK,ms=0.698,tflops=24.63,gbps=49.6,maxabs=2.854e-02,p99=1.429e-02,rel=2.596e-04
INT8,BITSHIFT,U(-1,1),512,4096,4096,128x128x32_w4_v5,SKIP,v5 path-B not implemented
INT8,LUT,U(-1,1),512,4096,4096,64x64x32_w4_v5,OK,ms=1.380,tflops=12.45,gbps=25.1,maxabs=2.854e-02,p99=1.429e-02,rel=2.596e-04
INT8,BITSHIFT,U(-1,1),512,4096,4096,64x64x32_w4_v5,SKIP,v5 path-B not implemented
INT8,LUT,U(-1,1),512,4096,4096,64x128x32_w4_v5,OK,ms=0.889,tflops=19.33,gbps=38.9,maxabs=2.854e-02,p99=1.429e-02,rel=2.596e-04
INT8,BITSHIFT,U(-1,1),512,4096,4096,64x128x32_w4_v5,SKIP,v5 path-B not implemented
INT8,LUT,U(-1,1),512,4096,4096,128x128x64_w4_v6,OK,ms=0.971,tflops=17.70,gbps=35.7,maxabs=2.854e-02,p99=1.429e-02,rel=2.596e-04
INT8,BITSHIFT,U(-1,1),512,4096,4096,128x128x64_w4_v6,SKIP,v6 path-B not implemented
INT8,LUT,U(-1,1),512,4096,4096,128x64x64_w4_v6,OK,ms=2.206,tflops=7.79,gbps=15.7,maxabs=2.854e-02,p99=1.429e-02,rel=2.596e-04
INT8,BITSHIFT,U(-1,1),512,4096,4096,128x64x64_w4_v6,SKIP,v6 path-B not implemented
INT8,LUT,U(-1,1),512,4096,4096,64x128x64_w4_v6,OK,ms=1.489,tflops=11.54,gbps=23.2,maxabs=2.854e-02,p99=1.429e-02,rel=2.596e-04
INT8,BITSHIFT,U(-1,1),512,4096,4096,64x128x64_w4_v6,SKIP,v6 path-B not implemented
INT8,LUT,U(-1,1),512,4096,4096,64x64x64_w4_v6,OK,ms=2.046,tflops=8.40,gbps=16.9,maxabs=2.854e-02,p99=1.429e-02,rel=2.596e-04
INT8,BITSHIFT,U(-1,1),512,4096,4096,64x64x64_w4_v6,SKIP,v6 path-B not implemented
INT8,LUT,U(-1,1),512,4096,4096,64x128x32_w4_v7,OK,ms=0.907,tflops=18.93,gbps=38.1,maxabs=2.854e-02,p99=1.429e-02,rel=2.596e-04
INT8,BITSHIFT,U(-1,1),512,4096,4096,64x128x32_w4_v7,SKIP,v7 path-B not implemented
INT8,LUT,U(-1,1),512,4096,4096,64x64x32_w4_v7,OK,ms=1.282,tflops=13.40,gbps=27.0,maxabs=2.854e-02,p99=1.429e-02,rel=2.596e-04
INT8,BITSHIFT,U(-1,1),512,4096,4096,64x64x32_w4_v7,SKIP,v7 path-B not implemented
INT8,LUT,U(-1,1),512,4096,4096,32x128x32_w4_v7,OK,ms=1.540,tflops=11.16,gbps=22.5,maxabs=2.854e-02,p99=1.429e-02,rel=2.596e-04
INT8,BITSHIFT,U(-1,1),512,4096,4096,32x128x32_w4_v7,SKIP,v7 path-B not implemented
INT8,LUT,U(-1,1),512,4096,4096,32x64x32_w4_v7,OK,ms=1.399,tflops=12.28,gbps=24.7,maxabs=2.854e-02,p99=1.429e-02,rel=2.596e-04
INT8,BITSHIFT,U(-1,1),512,4096,4096,32x64x32_w4_v7,SKIP,v7 path-B not implemented
INT8,LUT,U(-1,1),1024,4096,4096,16x64x32_w4,OK,ms=6.563,tflops=5.24,gbps=7.8,maxabs=2.854e-02,p99=1.417e-02,rel=2.594e-04
INT8,BITSHIFT,U(-1,1),1024,4096,4096,16x64x32_w4,OK,ms=9.250,tflops=3.71,gbps=5.6,maxabs=1.971e-02,p99=1.013e-02,rel=1.847e-04
INT8,LUT,U(-1,1),1024,4096,4096,16x128x32_w8,OK,ms=7.044,tflops=4.88,gbps=7.3,maxabs=2.854e-02,p99=1.417e-02,rel=2.594e-04
INT8,BITSHIFT,U(-1,1),1024,4096,4096,16x128x32_w8,OK,ms=9.250,tflops=3.71,gbps=5.6,maxabs=1.971e-02,p99=1.013e-02,rel=1.847e-04
INT8,LUT,U(-1,1),1024,4096,4096,16x128x32_w4f2,OK,ms=6.419,tflops=5.35,gbps=8.0,maxabs=2.854e-02,p99=1.417e-02,rel=2.594e-04
INT8,BITSHIFT,U(-1,1),1024,4096,4096,16x128x32_w4f2,SKIP,MF path-B not implemented
INT8,LUT,U(-1,1),1024,4096,4096,16x256x32_w4f4,OK,ms=10.874,tflops=3.16,gbps=4.7,maxabs=2.854e-02,p99=1.417e-02,rel=2.594e-04
INT8,BITSHIFT,U(-1,1),1024,4096,4096,16x256x32_w4f4,SKIP,MF path-B not implemented
INT8,LUT,U(-1,1),1024,4096,4096,128x64x32_w4_v1,OK,ms=3.168,tflops=10.85,gbps=16.2,maxabs=2.854e-02,p99=1.417e-02,rel=2.594e-04
INT8,BITSHIFT,U(-1,1),1024,4096,4096,128x64x32_w4_v1,SKIP,v1 path-B not implemented
INT8,LUT,U(-1,1),1024,4096,4096,128x128x32_w4_v1,OK,ms=4.013,tflops=8.56,gbps=12.8,maxabs=2.854e-02,p99=1.417e-02,rel=2.594e-04
INT8,BITSHIFT,U(-1,1),1024,4096,4096,128x128x32_w4_v1,SKIP,v1 path-B not implemented
INT8,LUT,U(-1,1),1024,4096,4096,128x256x32_w4_v1,OK,ms=6.044,tflops=5.69,gbps=8.5,maxabs=2.854e-02,p99=1.417e-02,rel=2.594e-04
INT8,BITSHIFT,U(-1,1),1024,4096,4096,128x256x32_w4_v1,SKIP,v1 path-B not implemented
INT8,LUT,U(-1,1),1024,4096,4096,128x256x32_w8_v1,OK,ms=3.846,tflops=8.93,gbps=13.4,maxabs=2.854e-02,p99=1.417e-02,rel=2.594e-04
INT8,BITSHIFT,U(-1,1),1024,4096,4096,128x256x32_w8_v1,SKIP,v1 path-B not implemented
INT8,LUT,U(-1,1),1024,4096,4096,64x64x32_w4_v1,OK,ms=3.490,tflops=9.85,gbps=14.7,maxabs=2.854e-02,p99=1.417e-02,rel=2.594e-04
INT8,BITSHIFT,U(-1,1),1024,4096,4096,64x64x32_w4_v1,SKIP,v1 path-B not implemented
INT8,LUT,U(-1,1),1024,4096,4096,64x128x32_w4_v1,OK,ms=5.223,tflops=6.58,gbps=9.8,maxabs=2.854e-02,p99=1.417e-02,rel=2.594e-04
INT8,BITSHIFT,U(-1,1),1024,4096,4096,64x128x32_w4_v1,SKIP,v1 path-B not implemented
INT8,LUT,U(-1,1),1024,4096,4096,128x64x32_w4_v2,OK,ms=2.312,tflops=14.86,gbps=22.2,maxabs=2.854e-02,p99=1.417e-02,rel=2.594e-04
INT8,BITSHIFT,U(-1,1),1024,4096,4096,128x64x32_w4_v2,SKIP,v2 path-B not implemented
INT8,LUT,U(-1,1),1024,4096,4096,128x128x32_w4_v2,OK,ms=2.071,tflops=16.59,gbps=24.8,maxabs=2.854e-02,p99=1.417e-02,rel=2.594e-04
INT8,BITSHIFT,U(-1,1),1024,4096,4096,128x128x32_w4_v2,SKIP,v2 path-B not implemented
INT8,LUT,U(-1,1),1024,4096,4096,128x256x32_w4_v2,OK,ms=2.897,tflops=11.86,gbps=17.7,maxabs=2.854e-02,p99=1.417e-02,rel=2.594e-04
INT8,BITSHIFT,U(-1,1),1024,4096,4096,128x256x32_w4_v2,SKIP,v2 path-B not implemented
INT8,LUT,U(-1,1),1024,4096,4096,128x256x32_w8_v2,OK,ms=1.821,tflops=18.87,gbps=28.2,maxabs=2.854e-02,p99=1.417e-02,rel=2.594e-04
INT8,BITSHIFT,U(-1,1),1024,4096,4096,128x256x32_w8_v2,SKIP,v2 path-B not implemented
INT8,LUT,U(-1,1),1024,4096,4096,64x64x32_w4_v2,OK,ms=2.544,tflops=13.50,gbps=20.2,maxabs=2.854e-02,p99=1.417e-02,rel=2.594e-04
INT8,BITSHIFT,U(-1,1),1024,4096,4096,64x64x32_w4_v2,SKIP,v2 path-B not implemented
INT8,LUT,U(-1,1),1024,4096,4096,64x128x32_w4_v2,OK,ms=1.911,tflops=17.98,gbps=26.9,maxabs=2.854e-02,p99=1.417e-02,rel=2.594e-04
INT8,BITSHIFT,U(-1,1),1024,4096,4096,64x128x32_w4_v2,SKIP,v2 path-B not implemented
INT8,LUT,U(-1,1),1024,4096,4096,128x64x32_w4_v3,OK,ms=2.144,tflops=16.03,gbps=24.0,maxabs=2.854e-02,p99=1.417e-02,rel=2.594e-04
INT8,BITSHIFT,U(-1,1),1024,4096,4096,128x64x32_w4_v3,SKIP,v3 path-B not implemented
INT8,LUT,U(-1,1),1024,4096,4096,128x128x32_w4_v3,OK,ms=1.433,tflops=23.98,gbps=35.9,maxabs=2.854e-02,p99=1.417e-02,rel=2.594e-04
INT8,BITSHIFT,U(-1,1),1024,4096,4096,128x128x32_w4_v3,SKIP,v3 path-B not implemented
INT8,LUT,U(-1,1),1024,4096,4096,128x256x32_w8_v3,SKIP,smem > 48KiB
INT8,BITSHIFT,U(-1,1),1024,4096,4096,128x256x32_w8_v3,SKIP,smem > 48KiB
INT8,LUT,U(-1,1),1024,4096,4096,64x64x32_w4_v3,OK,ms=2.039,tflops=16.85,gbps=25.2,maxabs=2.854e-02,p99=1.417e-02,rel=2.594e-04
INT8,BITSHIFT,U(-1,1),1024,4096,4096,64x64x32_w4_v3,SKIP,v3 path-B not implemented
INT8,LUT,U(-1,1),1024,4096,4096,64x128x32_w4_v3,OK,ms=1.602,tflops=21.45,gbps=32.1,maxabs=2.854e-02,p99=1.417e-02,rel=2.594e-04
INT8,BITSHIFT,U(-1,1),1024,4096,4096,64x128x32_w4_v3,SKIP,v3 path-B not implemented
INT8,LUT,U(-1,1),1024,4096,4096,32x128x32_w4_v3_b1,OK,ms=2.060,tflops=16.68,gbps=24.9,maxabs=2.854e-02,p99=1.417e-02,rel=2.594e-04
INT8,BITSHIFT,U(-1,1),1024,4096,4096,32x128x32_w4_v3_b1,SKIP,v3 path-B not implemented
INT8,LUT,U(-1,1),1024,4096,4096,32x64x32_w4_v3_b1,OK,ms=2.611,tflops=13.16,gbps=19.7,maxabs=2.854e-02,p99=1.417e-02,rel=2.594e-04
INT8,BITSHIFT,U(-1,1),1024,4096,4096,32x64x32_w4_v3_b1,SKIP,v3 path-B not implemented
INT8,LUT,U(-1,1),1024,4096,4096,32x256x32_w8_v3_b1,OK,ms=2.060,tflops=16.68,gbps=24.9,maxabs=2.854e-02,p99=1.417e-02,rel=2.594e-04
INT8,BITSHIFT,U(-1,1),1024,4096,4096,32x256x32_w8_v3_b1,SKIP,v3 path-B not implemented
INT8,LUT,U(-1,1),1024,4096,4096,128x128x32_w8_v3_b1alt,OK,ms=1.886,tflops=18.22,gbps=27.2,maxabs=2.854e-02,p99=1.417e-02,rel=2.594e-04
INT8,BITSHIFT,U(-1,1),1024,4096,4096,128x128x32_w8_v3_b1alt,SKIP,v3 path-B not implemented
INT8,LUT,U(-1,1),1024,4096,4096,64x128x32_w8_v3_b1alt,OK,ms=2.206,tflops=15.57,gbps=23.3,maxabs=2.854e-02,p99=1.417e-02,rel=2.594e-04
INT8,BITSHIFT,U(-1,1),1024,4096,4096,64x128x32_w8_v3_b1alt,SKIP,v3 path-B not implemented
INT8,LUT,U(-1,1),1024,4096,4096,128x64x32_w4_v4,OK,ms=2.217,tflops=15.50,gbps=23.2,maxabs=2.854e-02,p99=1.417e-02,rel=2.594e-04
INT8,BITSHIFT,U(-1,1),1024,4096,4096,128x64x32_w4_v4,SKIP,v4 path-B not implemented
INT8,LUT,U(-1,1),1024,4096,4096,128x128x32_w4_v4,OK,ms=1.400,tflops=24.55,gbps=36.7,maxabs=2.854e-02,p99=1.417e-02,rel=2.594e-04
INT8,BITSHIFT,U(-1,1),1024,4096,4096,128x128x32_w4_v4,SKIP,v4 path-B not implemented
INT8,LUT,U(-1,1),1024,4096,4096,64x64x32_w4_v4,OK,ms=1.990,tflops=17.27,gbps=25.8,maxabs=2.854e-02,p99=1.417e-02,rel=2.594e-04
INT8,BITSHIFT,U(-1,1),1024,4096,4096,64x64x32_w4_v4,SKIP,v4 path-B not implemented
INT8,LUT,U(-1,1),1024,4096,4096,64x128x32_w4_v4,OK,ms=1.623,tflops=21.17,gbps=31.7,maxabs=2.854e-02,p99=1.417e-02,rel=2.594e-04
INT8,BITSHIFT,U(-1,1),1024,4096,4096,64x128x32_w4_v4,SKIP,v4 path-B not implemented
INT8,LUT,U(-1,1),1024,4096,4096,128x64x32_w4_v5,OK,ms=2.280,tflops=15.07,gbps=22.5,maxabs=2.854e-02,p99=1.417e-02,rel=2.594e-04
INT8,BITSHIFT,U(-1,1),1024,4096,4096,128x64x32_w4_v5,SKIP,v5 path-B not implemented
INT8,LUT,U(-1,1),1024,4096,4096,128x128x32_w4_v5,OK,ms=1.441,tflops=23.85,gbps=35.7,maxabs=2.854e-02,p99=1.417e-02,rel=2.594e-04
INT8,BITSHIFT,U(-1,1),1024,4096,4096,128x128x32_w4_v5,SKIP,v5 path-B not implemented
INT8,LUT,U(-1,1),1024,4096,4096,64x64x32_w4_v5,OK,ms=2.466,tflops=13.93,gbps=20.8,maxabs=2.854e-02,p99=1.417e-02,rel=2.594e-04
INT8,BITSHIFT,U(-1,1),1024,4096,4096,64x64x32_w4_v5,SKIP,v5 path-B not implemented
INT8,LUT,U(-1,1),1024,4096,4096,64x128x32_w4_v5,OK,ms=1.735,tflops=19.80,gbps=29.6,maxabs=2.854e-02,p99=1.417e-02,rel=2.594e-04
INT8,BITSHIFT,U(-1,1),1024,4096,4096,64x128x32_w4_v5,SKIP,v5 path-B not implemented
INT8,LUT,U(-1,1),1024,4096,4096,128x128x64_w4_v6,OK,ms=1.933,tflops=17.77,gbps=26.6,maxabs=2.854e-02,p99=1.417e-02,rel=2.594e-04
INT8,BITSHIFT,U(-1,1),1024,4096,4096,128x128x64_w4_v6,SKIP,v6 path-B not implemented
INT8,LUT,U(-1,1),1024,4096,4096,128x64x64_w4_v6,OK,ms=3.728,tflops=9.22,gbps=13.8,maxabs=2.854e-02,p99=1.417e-02,rel=2.594e-04
INT8,BITSHIFT,U(-1,1),1024,4096,4096,128x64x64_w4_v6,SKIP,v6 path-B not implemented
INT8,LUT,U(-1,1),1024,4096,4096,64x128x64_w4_v6,OK,ms=2.382,tflops=14.43,gbps=21.6,maxabs=2.854e-02,p99=1.417e-02,rel=2.594e-04
INT8,BITSHIFT,U(-1,1),1024,4096,4096,64x128x64_w4_v6,SKIP,v6 path-B not implemented
INT8,LUT,U(-1,1),1024,4096,4096,64x64x64_w4_v6,OK,ms=3.300,tflops=10.41,gbps=15.6,maxabs=2.854e-02,p99=1.417e-02,rel=2.594e-04
INT8,BITSHIFT,U(-1,1),1024,4096,4096,64x64x64_w4_v6,SKIP,v6 path-B not implemented
INT8,LUT,U(-1,1),1024,4096,4096,64x128x32_w4_v7,OK,ms=1.837,tflops=18.70,gbps=28.0,maxabs=2.854e-02,p99=1.417e-02,rel=2.594e-04
INT8,BITSHIFT,U(-1,1),1024,4096,4096,64x128x32_w4_v7,SKIP,v7 path-B not implemented
INT8,LUT,U(-1,1),1024,4096,4096,64x64x32_w4_v7,OK,ms=2.153,tflops=15.96,gbps=23.9,maxabs=2.854e-02,p99=1.417e-02,rel=2.594e-04
INT8,BITSHIFT,U(-1,1),1024,4096,4096,64x64x32_w4_v7,SKIP,v7 path-B not implemented
INT8,LUT,U(-1,1),1024,4096,4096,32x128x32_w4_v7,OK,ms=2.691,tflops=12.77,gbps=19.1,maxabs=2.854e-02,p99=1.417e-02,rel=2.594e-04
INT8,BITSHIFT,U(-1,1),1024,4096,4096,32x128x32_w4_v7,SKIP,v7 path-B not implemented
INT8,LUT,U(-1,1),1024,4096,4096,32x64x32_w4_v7,OK,ms=2.573,tflops=13.35,gbps=20.0,maxabs=2.854e-02,p99=1.417e-02,rel=2.594e-04
INT8,BITSHIFT,U(-1,1),1024,4096,4096,32x64x32_w4_v7,SKIP,v7 path-B not implemented
INT8,LUT,U(-1,1),2048,4096,4096,16x64x32_w4,OK,ms=12.383,tflops=5.55,gbps=6.9,maxabs=2.962e-02,p99=1.442e-02,rel=2.594e-04
INT8,BITSHIFT,U(-1,1),2048,4096,4096,16x64x32_w4,OK,ms=18.021,tflops=3.81,gbps=4.7,maxabs=2.094e-02,p99=1.016e-02,rel=1.846e-04
INT8,LUT,U(-1,1),2048,4096,4096,16x128x32_w8,OK,ms=13.170,tflops=5.22,gbps=6.4,maxabs=2.962e-02,p99=1.442e-02,rel=2.594e-04
INT8,BITSHIFT,U(-1,1),2048,4096,4096,16x128x32_w8,OK,ms=17.945,tflops=3.83,gbps=4.7,maxabs=2.094e-02,p99=1.016e-02,rel=1.846e-04
INT8,LUT,U(-1,1),2048,4096,4096,16x128x32_w4f2,OK,ms=12.970,tflops=5.30,gbps=6.5,maxabs=2.962e-02,p99=1.442e-02,rel=2.594e-04
INT8,BITSHIFT,U(-1,1),2048,4096,4096,16x128x32_w4f2,SKIP,MF path-B not implemented
INT8,LUT,U(-1,1),2048,4096,4096,16x256x32_w4f4,OK,ms=19.028,tflops=3.61,gbps=4.5,maxabs=2.962e-02,p99=1.442e-02,rel=2.594e-04
INT8,BITSHIFT,U(-1,1),2048,4096,4096,16x256x32_w4f4,SKIP,MF path-B not implemented
INT8,LUT,U(-1,1),2048,4096,4096,128x64x32_w4_v1,OK,ms=6.495,tflops=10.58,gbps=13.1,maxabs=2.962e-02,p99=1.442e-02,rel=2.594e-04
INT8,BITSHIFT,U(-1,1),2048,4096,4096,128x64x32_w4_v1,SKIP,v1 path-B not implemented
INT8,LUT,U(-1,1),2048,4096,4096,128x128x32_w4_v1,OK,ms=8.207,tflops=8.37,gbps=10.3,maxabs=2.962e-02,p99=1.442e-02,rel=2.594e-04
INT8,BITSHIFT,U(-1,1),2048,4096,4096,128x128x32_w4_v1,SKIP,v1 path-B not implemented
INT8,LUT,U(-1,1),2048,4096,4096,128x256x32_w4_v1,OK,ms=12.588,tflops=5.46,gbps=6.7,maxabs=2.962e-02,p99=1.442e-02,rel=2.594e-04
INT8,BITSHIFT,U(-1,1),2048,4096,4096,128x256x32_w4_v1,SKIP,v1 path-B not implemented
INT8,LUT,U(-1,1),2048,4096,4096,128x256x32_w8_v1,OK,ms=7.740,tflops=8.88,gbps=11.0,maxabs=2.962e-02,p99=1.442e-02,rel=2.594e-04
INT8,BITSHIFT,U(-1,1),2048,4096,4096,128x256x32_w8_v1,SKIP,v1 path-B not implemented
INT8,LUT,U(-1,1),2048,4096,4096,64x64x32_w4_v1,OK,ms=6.926,tflops=9.92,gbps=12.3,maxabs=2.962e-02,p99=1.442e-02,rel=2.594e-04
INT8,BITSHIFT,U(-1,1),2048,4096,4096,64x64x32_w4_v1,SKIP,v1 path-B not implemented
INT8,LUT,U(-1,1),2048,4096,4096,64x128x32_w4_v1,OK,ms=8.640,tflops=7.95,gbps=9.8,maxabs=2.962e-02,p99=1.442e-02,rel=2.594e-04
INT8,BITSHIFT,U(-1,1),2048,4096,4096,64x128x32_w4_v1,SKIP,v1 path-B not implemented
INT8,LUT,U(-1,1),2048,4096,4096,128x64x32_w4_v2,OK,ms=4.635,tflops=14.83,gbps=18.3,maxabs=2.962e-02,p99=1.442e-02,rel=2.594e-04
INT8,BITSHIFT,U(-1,1),2048,4096,4096,128x64x32_w4_v2,SKIP,v2 path-B not implemented
INT8,LUT,U(-1,1),2048,4096,4096,128x128x32_w4_v2,OK,ms=4.204,tflops=16.35,gbps=20.2,maxabs=2.962e-02,p99=1.442e-02,rel=2.594e-04
INT8,BITSHIFT,U(-1,1),2048,4096,4096,128x128x32_w4_v2,SKIP,v2 path-B not implemented
INT8,LUT,U(-1,1),2048,4096,4096,128x256x32_w4_v2,OK,ms=6.462,tflops=10.63,gbps=13.1,maxabs=2.962e-02,p99=1.442e-02,rel=2.594e-04
INT8,BITSHIFT,U(-1,1),2048,4096,4096,128x256x32_w4_v2,SKIP,v2 path-B not implemented
INT8,LUT,U(-1,1),2048,4096,4096,128x256x32_w8_v2,OK,ms=3.641,tflops=18.87,gbps=23.3,maxabs=2.962e-02,p99=1.442e-02,rel=2.594e-04
INT8,BITSHIFT,U(-1,1),2048,4096,4096,128x256x32_w8_v2,SKIP,v2 path-B not implemented
INT8,LUT,U(-1,1),2048,4096,4096,64x64x32_w4_v2,OK,ms=4.753,tflops=14.46,gbps=17.9,maxabs=2.962e-02,p99=1.442e-02,rel=2.594e-04
INT8,BITSHIFT,U(-1,1),2048,4096,4096,64x64x32_w4_v2,SKIP,v2 path-B not implemented
INT8,LUT,U(-1,1),2048,4096,4096,64x128x32_w4_v2,OK,ms=3.529,tflops=19.47,gbps=24.1,maxabs=2.962e-02,p99=1.442e-02,rel=2.594e-04
INT8,BITSHIFT,U(-1,1),2048,4096,4096,64x128x32_w4_v2,SKIP,v2 path-B not implemented
INT8,LUT,U(-1,1),2048,4096,4096,128x64x32_w4_v3,OK,ms=3.611,tflops=19.03,gbps=23.5,maxabs=2.962e-02,p99=1.442e-02,rel=2.594e-04
INT8,BITSHIFT,U(-1,1),2048,4096,4096,128x64x32_w4_v3,SKIP,v3 path-B not implemented
INT8,LUT,U(-1,1),2048,4096,4096,128x128x32_w4_v3,OK,ms=2.902,tflops=23.68,gbps=29.3,maxabs=2.962e-02,p99=1.442e-02,rel=2.594e-04
INT8,BITSHIFT,U(-1,1),2048,4096,4096,128x128x32_w4_v3,SKIP,v3 path-B not implemented
INT8,LUT,U(-1,1),2048,4096,4096,128x256x32_w8_v3,SKIP,smem > 48KiB
INT8,BITSHIFT,U(-1,1),2048,4096,4096,128x256x32_w8_v3,SKIP,smem > 48KiB
INT8,LUT,U(-1,1),2048,4096,4096,64x64x32_w4_v3,OK,ms=3.787,tflops=18.15,gbps=22.4,maxabs=2.962e-02,p99=1.442e-02,rel=2.594e-04
INT8,BITSHIFT,U(-1,1),2048,4096,4096,64x64x32_w4_v3,SKIP,v3 path-B not implemented
INT8,LUT,U(-1,1),2048,4096,4096,64x128x32_w4_v3,OK,ms=2.799,tflops=24.55,gbps=30.3,maxabs=2.962e-02,p99=1.442e-02,rel=2.594e-04
INT8,BITSHIFT,U(-1,1),2048,4096,4096,64x128x32_w4_v3,SKIP,v3 path-B not implemented
INT8,LUT,U(-1,1),2048,4096,4096,32x128x32_w4_v3_b1,OK,ms=3.730,tflops=18.42,gbps=22.8,maxabs=2.962e-02,p99=1.442e-02,rel=2.594e-04
INT8,BITSHIFT,U(-1,1),2048,4096,4096,32x128x32_w4_v3_b1,SKIP,v3 path-B not implemented
INT8,LUT,U(-1,1),2048,4096,4096,32x64x32_w4_v3_b1,OK,ms=4.751,tflops=14.46,gbps=17.9,maxabs=2.962e-02,p99=1.442e-02,rel=2.594e-04
INT8,BITSHIFT,U(-1,1),2048,4096,4096,32x64x32_w4_v3_b1,SKIP,v3 path-B not implemented
INT8,LUT,U(-1,1),2048,4096,4096,32x256x32_w8_v3_b1,OK,ms=3.781,tflops=18.17,gbps=22.5,maxabs=2.962e-02,p99=1.442e-02,rel=2.594e-04
INT8,BITSHIFT,U(-1,1),2048,4096,4096,32x256x32_w8_v3_b1,SKIP,v3 path-B not implemented
INT8,LUT,U(-1,1),2048,4096,4096,128x128x32_w8_v3_b1alt,OK,ms=3.764,tflops=18.26,gbps=22.6,maxabs=2.962e-02,p99=1.442e-02,rel=2.594e-04
INT8,BITSHIFT,U(-1,1),2048,4096,4096,128x128x32_w8_v3_b1alt,SKIP,v3 path-B not implemented
INT8,LUT,U(-1,1),2048,4096,4096,64x128x32_w8_v3_b1alt,OK,ms=3.837,tflops=17.91,gbps=22.1,maxabs=2.962e-02,p99=1.442e-02,rel=2.594e-04
INT8,BITSHIFT,U(-1,1),2048,4096,4096,64x128x32_w8_v3_b1alt,SKIP,v3 path-B not implemented
INT8,LUT,U(-1,1),2048,4096,4096,128x64x32_w4_v4,OK,ms=3.728,tflops=18.44,gbps=22.8,maxabs=2.962e-02,p99=1.442e-02,rel=2.594e-04
INT8,BITSHIFT,U(-1,1),2048,4096,4096,128x64x32_w4_v4,SKIP,v4 path-B not implemented
INT8,LUT,U(-1,1),2048,4096,4096,128x128x32_w4_v4,OK,ms=2.838,tflops=24.21,gbps=29.9,maxabs=2.962e-02,p99=1.442e-02,rel=2.594e-04
INT8,BITSHIFT,U(-1,1),2048,4096,4096,128x128x32_w4_v4,SKIP,v4 path-B not implemented
INT8,LUT,U(-1,1),2048,4096,4096,64x64x32_w4_v4,OK,ms=3.825,tflops=17.96,gbps=22.2,maxabs=2.962e-02,p99=1.442e-02,rel=2.594e-04
INT8,BITSHIFT,U(-1,1),2048,4096,4096,64x64x32_w4_v4,SKIP,v4 path-B not implemented
INT8,LUT,U(-1,1),2048,4096,4096,64x128x32_w4_v4,OK,ms=2.845,tflops=24.15,gbps=29.9,maxabs=2.962e-02,p99=1.442e-02,rel=2.594e-04
INT8,BITSHIFT,U(-1,1),2048,4096,4096,64x128x32_w4_v4,SKIP,v4 path-B not implemented
INT8,LUT,U(-1,1),2048,4096,4096,128x64x32_w4_v5,OK,ms=4.107,tflops=16.73,gbps=20.7,maxabs=2.962e-02,p99=1.442e-02,rel=2.594e-04
INT8,BITSHIFT,U(-1,1),2048,4096,4096,128x64x32_w4_v5,SKIP,v5 path-B not implemented
INT8,LUT,U(-1,1),2048,4096,4096,128x128x32_w4_v5,OK,ms=2.748,tflops=25.01,gbps=30.9,maxabs=2.962e-02,p99=1.442e-02,rel=2.594e-04
INT8,BITSHIFT,U(-1,1),2048,4096,4096,128x128x32_w4_v5,SKIP,v5 path-B not implemented
INT8,LUT,U(-1,1),2048,4096,4096,64x64x32_w4_v5,OK,ms=4.751,tflops=14.46,gbps=17.9,maxabs=2.962e-02,p99=1.442e-02,rel=2.594e-04
INT8,BITSHIFT,U(-1,1),2048,4096,4096,64x64x32_w4_v5,SKIP,v5 path-B not implemented
INT8,LUT,U(-1,1),2048,4096,4096,64x128x32_w4_v5,OK,ms=3.117,tflops=22.04,gbps=27.2,maxabs=2.962e-02,p99=1.442e-02,rel=2.594e-04
INT8,BITSHIFT,U(-1,1),2048,4096,4096,64x128x32_w4_v5,SKIP,v5 path-B not implemented
INT8,LUT,U(-1,1),2048,4096,4096,128x128x64_w4_v6,OK,ms=3.893,tflops=17.65,gbps=21.8,maxabs=2.962e-02,p99=1.442e-02,rel=2.594e-04
INT8,BITSHIFT,U(-1,1),2048,4096,4096,128x128x64_w4_v6,SKIP,v6 path-B not implemented
INT8,LUT,U(-1,1),2048,4096,4096,128x64x64_w4_v6,OK,ms=6.207,tflops=11.07,gbps=13.7,maxabs=2.962e-02,p99=1.442e-02,rel=2.594e-04
INT8,BITSHIFT,U(-1,1),2048,4096,4096,128x64x64_w4_v6,SKIP,v6 path-B not implemented
INT8,LUT,U(-1,1),2048,4096,4096,64x128x64_w4_v6,OK,ms=3.944,tflops=17.42,gbps=21.5,maxabs=2.962e-02,p99=1.442e-02,rel=2.594e-04
INT8,BITSHIFT,U(-1,1),2048,4096,4096,64x128x64_w4_v6,SKIP,v6 path-B not implemented
INT8,LUT,U(-1,1),2048,4096,4096,64x64x64_w4_v6,OK,ms=6.310,tflops=10.89,gbps=13.5,maxabs=2.962e-02,p99=1.442e-02,rel=2.594e-04
INT8,BITSHIFT,U(-1,1),2048,4096,4096,64x64x64_w4_v6,SKIP,v6 path-B not implemented
INT8,LUT,U(-1,1),2048,4096,4096,64x128x32_w4_v7,OK,ms=3.196,tflops=21.50,gbps=26.6,maxabs=2.962e-02,p99=1.442e-02,rel=2.594e-04
INT8,BITSHIFT,U(-1,1),2048,4096,4096,64x128x32_w4_v7,SKIP,v7 path-B not implemented
INT8,LUT,U(-1,1),2048,4096,4096,64x64x32_w4_v7,OK,ms=3.877,tflops=17.73,gbps=21.9,maxabs=2.962e-02,p99=1.442e-02,rel=2.594e-04
INT8,BITSHIFT,U(-1,1),2048,4096,4096,64x64x32_w4_v7,SKIP,v7 path-B not implemented
INT8,LUT,U(-1,1),2048,4096,4096,32x128x32_w4_v7,OK,ms=5.019,tflops=13.69,gbps=16.9,maxabs=2.962e-02,p99=1.442e-02,rel=2.594e-04
INT8,BITSHIFT,U(-1,1),2048,4096,4096,32x128x32_w4_v7,SKIP,v7 path-B not implemented
INT8,LUT,U(-1,1),2048,4096,4096,32x64x32_w4_v7,OK,ms=4.806,tflops=14.30,gbps=17.7,maxabs=2.962e-02,p99=1.442e-02,rel=2.594e-04
INT8,BITSHIFT,U(-1,1),2048,4096,4096,32x64x32_w4_v7,SKIP,v7 path-B not implemented
INT8,LUT,U(-1,1),1,7168,7168,16x64x32_w4,OK,ms=1.496,tflops=0.07,gbps=36.5,maxabs=2.655e-02,p99=1.872e-02,rel=2.590e-04
INT8,BITSHIFT,U(-1,1),1,7168,7168,16x64x32_w4,OK,ms=0.797,tflops=0.13,gbps=68.6,maxabs=1.871e-02,p99=1.282e-02,rel=1.818e-04
INT8,LUT,U(-1,1),1,7168,7168,16x128x32_w8,OK,ms=1.447,tflops=0.07,gbps=37.8,maxabs=2.655e-02,p99=1.872e-02,rel=2.590e-04
INT8,BITSHIFT,U(-1,1),1,7168,7168,16x128x32_w8,OK,ms=0.825,tflops=0.12,gbps=66.2,maxabs=1.871e-02,p99=1.282e-02,rel=1.818e-04
INT8,LUT,U(-1,1),1,7168,7168,16x128x32_w4f2,OK,ms=2.565,tflops=0.04,gbps=21.3,maxabs=2.655e-02,p99=1.872e-02,rel=2.590e-04
INT8,BITSHIFT,U(-1,1),1,7168,7168,16x128x32_w4f2,SKIP,MF path-B not implemented
INT8,LUT,U(-1,1),1,7168,7168,16x256x32_w4f4,OK,ms=4.783,tflops=0.02,gbps=11.4,maxabs=2.655e-02,p99=1.872e-02,rel=2.590e-04
INT8,BITSHIFT,U(-1,1),1,7168,7168,16x256x32_w4f4,SKIP,MF path-B not implemented
INT8,LUT,U(-1,1),1,7168,7168,128x64x32_w4_v1,OK,ms=2.197,tflops=0.05,gbps=24.9,maxabs=2.655e-02,p99=1.872e-02,rel=2.590e-04
INT8,BITSHIFT,U(-1,1),1,7168,7168,128x64x32_w4_v1,SKIP,v1 path-B not implemented
INT8,LUT,U(-1,1),1,7168,7168,128x128x32_w4_v1,OK,ms=2.932,tflops=0.04,gbps=18.6,maxabs=2.655e-02,p99=1.872e-02,rel=2.590e-04
INT8,BITSHIFT,U(-1,1),1,7168,7168,128x128x32_w4_v1,SKIP,v1 path-B not implemented
INT8,LUT,U(-1,1),1,7168,7168,128x256x32_w4_v1,OK,ms=6.595,tflops=0.02,gbps=8.3,maxabs=2.655e-02,p99=1.872e-02,rel=2.590e-04
INT8,BITSHIFT,U(-1,1),1,7168,7168,128x256x32_w4_v1,SKIP,v1 path-B not implemented
INT8,LUT,U(-1,1),1,7168,7168,128x256x32_w8_v1,OK,ms=3.293,tflops=0.03,gbps=16.6,maxabs=2.655e-02,p99=1.872e-02,rel=2.590e-04
INT8,BITSHIFT,U(-1,1),1,7168,7168,128x256x32_w8_v1,SKIP,v1 path-B not implemented
INT8,LUT,U(-1,1),1,7168,7168,64x64x32_w4_v1,OK,ms=1.720,tflops=0.06,gbps=31.8,maxabs=2.655e-02,p99=1.872e-02,rel=2.590e-04
INT8,BITSHIFT,U(-1,1),1,7168,7168,64x64x32_w4_v1,SKIP,v1 path-B not implemented
INT8,LUT,U(-1,1),1,7168,7168,64x128x32_w4_v1,OK,ms=2.672,tflops=0.04,gbps=20.5,maxabs=2.655e-02,p99=1.872e-02,rel=2.590e-04
INT8,BITSHIFT,U(-1,1),1,7168,7168,64x128x32_w4_v1,SKIP,v1 path-B not implemented
INT8,LUT,U(-1,1),1,7168,7168,128x64x32_w4_v2,OK,ms=1.116,tflops=0.09,gbps=49.0,maxabs=2.655e-02,p99=1.872e-02,rel=2.590e-04
INT8,BITSHIFT,U(-1,1),1,7168,7168,128x64x32_w4_v2,SKIP,v2 path-B not implemented
INT8,LUT,U(-1,1),1,7168,7168,128x128x32_w4_v2,OK,ms=0.969,tflops=0.11,gbps=56.4,maxabs=2.655e-02,p99=1.872e-02,rel=2.590e-04
INT8,BITSHIFT,U(-1,1),1,7168,7168,128x128x32_w4_v2,SKIP,v2 path-B not implemented
INT8,LUT,U(-1,1),1,7168,7168,128x256x32_w4_v2,OK,ms=2.201,tflops=0.05,gbps=24.8,maxabs=2.655e-02,p99=1.872e-02,rel=2.590e-04
INT8,BITSHIFT,U(-1,1),1,7168,7168,128x256x32_w4_v2,SKIP,v2 path-B not implemented
INT8,LUT,U(-1,1),1,7168,7168,128x256x32_w8_v2,OK,ms=1.377,tflops=0.07,gbps=39.7,maxabs=2.655e-02,p99=1.872e-02,rel=2.590e-04
INT8,BITSHIFT,U(-1,1),1,7168,7168,128x256x32_w8_v2,SKIP,v2 path-B not implemented
INT8,LUT,U(-1,1),1,7168,7168,64x64x32_w4_v2,OK,ms=0.731,tflops=0.14,gbps=74.8,maxabs=2.655e-02,p99=1.872e-02,rel=2.590e-04
INT8,BITSHIFT,U(-1,1),1,7168,7168,64x64x32_w4_v2,SKIP,v2 path-B not implemented
INT8,LUT,U(-1,1),1,7168,7168,64x128x32_w4_v2,OK,ms=0.675,tflops=0.15,gbps=81.0,maxabs=2.655e-02,p99=1.872e-02,rel=2.590e-04
INT8,BITSHIFT,U(-1,1),1,7168,7168,64x128x32_w4_v2,SKIP,v2 path-B not implemented
INT8,LUT,U(-1,1),1,7168,7168,128x64x32_w4_v3,OK,ms=0.896,tflops=0.11,gbps=61.0,maxabs=2.655e-02,p99=1.872e-02,rel=2.590e-04
INT8,BITSHIFT,U(-1,1),1,7168,7168,128x64x32_w4_v3,SKIP,v3 path-B not implemented
INT8,LUT,U(-1,1),1,7168,7168,128x128x32_w4_v3,OK,ms=0.797,tflops=0.13,gbps=68.6,maxabs=2.655e-02,p99=1.872e-02,rel=2.590e-04
INT8,BITSHIFT,U(-1,1),1,7168,7168,128x128x32_w4_v3,SKIP,v3 path-B not implemented
INT8,LUT,U(-1,1),1,7168,7168,128x256x32_w8_v3,SKIP,smem > 48KiB
INT8,BITSHIFT,U(-1,1),1,7168,7168,128x256x32_w8_v3,SKIP,smem > 48KiB
INT8,LUT,U(-1,1),1,7168,7168,64x64x32_w4_v3,OK,ms=0.617,tflops=0.17,gbps=88.6,maxabs=2.655e-02,p99=1.872e-02,rel=2.590e-04
INT8,BITSHIFT,U(-1,1),1,7168,7168,64x64x32_w4_v3,SKIP,v3 path-B not implemented
INT8,LUT,U(-1,1),1,7168,7168,64x128x32_w4_v3,OK,ms=0.570,tflops=0.18,gbps=95.8,maxabs=2.655e-02,p99=1.872e-02,rel=2.590e-04
INT8,BITSHIFT,U(-1,1),1,7168,7168,64x128x32_w4_v3,SKIP,v3 path-B not implemented
INT8,LUT,U(-1,1),1,7168,7168,32x128x32_w4_v3_b1,OK,ms=0.471,tflops=0.22,gbps=116.1,maxabs=2.655e-02,p99=1.872e-02,rel=2.590e-04
INT8,BITSHIFT,U(-1,1),1,7168,7168,32x128x32_w4_v3_b1,SKIP,v3 path-B not implemented
INT8,LUT,U(-1,1),1,7168,7168,32x64x32_w4_v3_b1,OK,ms=0.444,tflops=0.23,gbps=123.0,maxabs=2.655e-02,p99=1.872e-02,rel=2.590e-04
INT8,BITSHIFT,U(-1,1),1,7168,7168,32x64x32_w4_v3_b1,SKIP,v3 path-B not implemented
INT8,LUT,U(-1,1),1,7168,7168,32x256x32_w8_v3_b1,OK,ms=0.640,tflops=0.16,gbps=85.3,maxabs=2.655e-02,p99=1.872e-02,rel=2.590e-04
INT8,BITSHIFT,U(-1,1),1,7168,7168,32x256x32_w8_v3_b1,SKIP,v3 path-B not implemented
INT8,LUT,U(-1,1),1,7168,7168,128x128x32_w8_v3_b1alt,OK,ms=0.951,tflops=0.11,gbps=57.5,maxabs=2.655e-02,p99=1.872e-02,rel=2.590e-04
INT8,BITSHIFT,U(-1,1),1,7168,7168,128x128x32_w8_v3_b1alt,SKIP,v3 path-B not implemented
INT8,LUT,U(-1,1),1,7168,7168,64x128x32_w8_v3_b1alt,OK,ms=0.594,tflops=0.17,gbps=91.9,maxabs=2.655e-02,p99=1.872e-02,rel=2.590e-04
INT8,BITSHIFT,U(-1,1),1,7168,7168,64x128x32_w8_v3_b1alt,SKIP,v3 path-B not implemented
INT8,LUT,U(-1,1),1,7168,7168,128x64x32_w4_v4,OK,ms=0.933,tflops=0.11,gbps=58.6,maxabs=2.655e-02,p99=1.872e-02,rel=2.590e-04
INT8,BITSHIFT,U(-1,1),1,7168,7168,128x64x32_w4_v4,SKIP,v4 path-B not implemented
INT8,LUT,U(-1,1),1,7168,7168,128x128x32_w4_v4,OK,ms=0.810,tflops=0.13,gbps=67.5,maxabs=2.655e-02,p99=1.872e-02,rel=2.590e-04
INT8,BITSHIFT,U(-1,1),1,7168,7168,128x128x32_w4_v4,SKIP,v4 path-B not implemented
INT8,LUT,U(-1,1),1,7168,7168,64x64x32_w4_v4,OK,ms=0.586,tflops=0.18,gbps=93.3,maxabs=2.655e-02,p99=1.872e-02,rel=2.590e-04
INT8,BITSHIFT,U(-1,1),1,7168,7168,64x64x32_w4_v4,SKIP,v4 path-B not implemented
INT8,LUT,U(-1,1),1,7168,7168,64x128x32_w4_v4,OK,ms=0.590,tflops=0.17,gbps=92.6,maxabs=2.655e-02,p99=1.872e-02,rel=2.590e-04
INT8,BITSHIFT,U(-1,1),1,7168,7168,64x128x32_w4_v4,SKIP,v4 path-B not implemented
INT8,LUT,U(-1,1),1,7168,7168,128x64x32_w4_v5,OK,ms=0.927,tflops=0.11,gbps=59.0,maxabs=2.655e-02,p99=1.872e-02,rel=2.590e-04
INT8,BITSHIFT,U(-1,1),1,7168,7168,128x64x32_w4_v5,SKIP,v5 path-B not implemented
INT8,LUT,U(-1,1),1,7168,7168,128x128x32_w4_v5,OK,ms=0.827,tflops=0.12,gbps=66.1,maxabs=2.655e-02,p99=1.872e-02,rel=2.590e-04
INT8,BITSHIFT,U(-1,1),1,7168,7168,128x128x32_w4_v5,SKIP,v5 path-B not implemented
INT8,LUT,U(-1,1),1,7168,7168,64x64x32_w4_v5,OK,ms=0.588,tflops=0.17,gbps=92.9,maxabs=2.655e-02,p99=1.872e-02,rel=2.590e-04
INT8,BITSHIFT,U(-1,1),1,7168,7168,64x64x32_w4_v5,SKIP,v5 path-B not implemented
INT8,LUT,U(-1,1),1,7168,7168,64x128x32_w4_v5,OK,ms=0.592,tflops=0.17,gbps=92.3,maxabs=2.655e-02,p99=1.872e-02,rel=2.590e-04
INT8,BITSHIFT,U(-1,1),1,7168,7168,64x128x32_w4_v5,SKIP,v5 path-B not implemented
INT8,LUT,U(-1,1),1,7168,7168,128x128x64_w4_v6,OK,ms=1.106,tflops=0.09,gbps=49.4,maxabs=2.655e-02,p99=1.872e-02,rel=2.590e-04
INT8,BITSHIFT,U(-1,1),1,7168,7168,128x128x64_w4_v6,SKIP,v6 path-B not implemented
INT8,LUT,U(-1,1),1,7168,7168,128x64x64_w4_v6,OK,ms=1.549,tflops=0.07,gbps=35.3,maxabs=2.655e-02,p99=1.872e-02,rel=2.590e-04
INT8,BITSHIFT,U(-1,1),1,7168,7168,128x64x64_w4_v6,SKIP,v6 path-B not implemented
INT8,LUT,U(-1,1),1,7168,7168,64x128x64_w4_v6,OK,ms=0.758,tflops=0.14,gbps=72.1,maxabs=2.655e-02,p99=1.872e-02,rel=2.590e-04
INT8,BITSHIFT,U(-1,1),1,7168,7168,64x128x64_w4_v6,SKIP,v6 path-B not implemented
INT8,LUT,U(-1,1),1,7168,7168,64x64x64_w4_v6,OK,ms=0.868,tflops=0.12,gbps=62.9,maxabs=2.655e-02,p99=1.872e-02,rel=2.590e-04
INT8,BITSHIFT,U(-1,1),1,7168,7168,64x64x64_w4_v6,SKIP,v6 path-B not implemented
INT8,LUT,U(-1,1),1,7168,7168,64x128x32_w4_v7,OK,ms=0.573,tflops=0.18,gbps=95.4,maxabs=2.655e-02,p99=1.872e-02,rel=2.590e-04
INT8,BITSHIFT,U(-1,1),1,7168,7168,64x128x32_w4_v7,SKIP,v7 path-B not implemented
INT8,LUT,U(-1,1),1,7168,7168,64x64x32_w4_v7,OK,ms=0.569,tflops=0.18,gbps=96.0,maxabs=2.655e-02,p99=1.872e-02,rel=2.590e-04
INT8,BITSHIFT,U(-1,1),1,7168,7168,64x64x32_w4_v7,SKIP,v7 path-B not implemented
INT8,LUT,U(-1,1),1,7168,7168,32x128x32_w4_v7,OK,ms=0.468,tflops=0.22,gbps=116.7,maxabs=2.655e-02,p99=1.872e-02,rel=2.590e-04
INT8,BITSHIFT,U(-1,1),1,7168,7168,32x128x32_w4_v7,SKIP,v7 path-B not implemented
INT8,LUT,U(-1,1),1,7168,7168,32x64x32_w4_v7,OK,ms=0.449,tflops=0.23,gbps=121.6,maxabs=2.655e-02,p99=1.872e-02,rel=2.590e-04
INT8,BITSHIFT,U(-1,1),1,7168,7168,32x64x32_w4_v7,SKIP,v7 path-B not implemented
INT8,LUT,U(-1,1),16,7168,7168,16x64x32_w4,OK,ms=1.446,tflops=1.14,gbps=38.4,maxabs=3.157e-02,p99=1.922e-02,rel=2.608e-04
INT8,BITSHIFT,U(-1,1),16,7168,7168,16x64x32_w4,OK,ms=1.089,tflops=1.51,gbps=51.0,maxabs=2.451e-02,p99=1.327e-02,rel=1.854e-04
INT8,LUT,U(-1,1),16,7168,7168,16x128x32_w8,OK,ms=1.530,tflops=1.07,gbps=36.3,maxabs=3.157e-02,p99=1.922e-02,rel=2.608e-04
INT8,BITSHIFT,U(-1,1),16,7168,7168,16x128x32_w8,OK,ms=1.195,tflops=1.38,gbps=46.5,maxabs=2.451e-02,p99=1.327e-02,rel=1.854e-04
INT8,LUT,U(-1,1),16,7168,7168,16x128x32_w4f2,OK,ms=2.599,tflops=0.63,gbps=21.4,maxabs=3.157e-02,p99=1.922e-02,rel=2.608e-04
INT8,BITSHIFT,U(-1,1),16,7168,7168,16x128x32_w4f2,SKIP,MF path-B not implemented
INT8,LUT,U(-1,1),16,7168,7168,16x256x32_w4f4,OK,ms=4.811,tflops=0.34,gbps=11.5,maxabs=3.157e-02,p99=1.922e-02,rel=2.608e-04
INT8,BITSHIFT,U(-1,1),16,7168,7168,16x256x32_w4f4,SKIP,MF path-B not implemented
INT8,LUT,U(-1,1),16,7168,7168,128x64x32_w4_v1,OK,ms=2.213,tflops=0.74,gbps=25.1,maxabs=3.157e-02,p99=1.922e-02,rel=2.608e-04
INT8,BITSHIFT,U(-1,1),16,7168,7168,128x64x32_w4_v1,SKIP,v1 path-B not implemented
INT8,LUT,U(-1,1),16,7168,7168,128x128x32_w4_v1,OK,ms=2.966,tflops=0.55,gbps=18.7,maxabs=3.157e-02,p99=1.922e-02,rel=2.608e-04
INT8,BITSHIFT,U(-1,1),16,7168,7168,128x128x32_w4_v1,SKIP,v1 path-B not implemented
INT8,LUT,U(-1,1),16,7168,7168,128x256x32_w4_v1,OK,ms=6.728,tflops=0.24,gbps=8.3,maxabs=3.157e-02,p99=1.922e-02,rel=2.608e-04
INT8,BITSHIFT,U(-1,1),16,7168,7168,128x256x32_w4_v1,SKIP,v1 path-B not implemented
INT8,LUT,U(-1,1),16,7168,7168,128x256x32_w8_v1,OK,ms=3.325,tflops=0.49,gbps=16.7,maxabs=3.157e-02,p99=1.922e-02,rel=2.608e-04
INT8,BITSHIFT,U(-1,1),16,7168,7168,128x256x32_w8_v1,SKIP,v1 path-B not implemented
INT8,LUT,U(-1,1),16,7168,7168,64x64x32_w4_v1,OK,ms=1.740,tflops=0.94,gbps=31.9,maxabs=3.157e-02,p99=1.922e-02,rel=2.608e-04
INT8,BITSHIFT,U(-1,1),16,7168,7168,64x64x32_w4_v1,SKIP,v1 path-B not implemented
INT8,LUT,U(-1,1),16,7168,7168,64x128x32_w4_v1,OK,ms=2.697,tflops=0.61,gbps=20.6,maxabs=3.157e-02,p99=1.922e-02,rel=2.608e-04
INT8,BITSHIFT,U(-1,1),16,7168,7168,64x128x32_w4_v1,SKIP,v1 path-B not implemented
INT8,LUT,U(-1,1),16,7168,7168,128x64x32_w4_v2,OK,ms=1.180,tflops=1.39,gbps=47.0,maxabs=3.157e-02,p99=1.922e-02,rel=2.608e-04
INT8,BITSHIFT,U(-1,1),16,7168,7168,128x64x32_w4_v2,SKIP,v2 path-B not implemented
INT8,LUT,U(-1,1),16,7168,7168,128x128x32_w4_v2,OK,ms=1.008,tflops=1.63,gbps=55.1,maxabs=3.157e-02,p99=1.922e-02,rel=2.608e-04
INT8,BITSHIFT,U(-1,1),16,7168,7168,128x128x32_w4_v2,SKIP,v2 path-B not implemented
INT8,LUT,U(-1,1),16,7168,7168,128x256x32_w4_v2,OK,ms=2.236,tflops=0.74,gbps=24.8,maxabs=3.157e-02,p99=1.922e-02,rel=2.608e-04
INT8,BITSHIFT,U(-1,1),16,7168,7168,128x256x32_w4_v2,SKIP,v2 path-B not implemented
INT8,LUT,U(-1,1),16,7168,7168,128x256x32_w8_v2,OK,ms=1.342,tflops=1.23,gbps=41.4,maxabs=3.157e-02,p99=1.922e-02,rel=2.608e-04
INT8,BITSHIFT,U(-1,1),16,7168,7168,128x256x32_w8_v2,SKIP,v2 path-B not implemented
INT8,LUT,U(-1,1),16,7168,7168,64x64x32_w4_v2,OK,ms=0.793,tflops=2.07,gbps=70.0,maxabs=3.157e-02,p99=1.922e-02,rel=2.608e-04
INT8,BITSHIFT,U(-1,1),16,7168,7168,64x64x32_w4_v2,SKIP,v2 path-B not implemented
INT8,LUT,U(-1,1),16,7168,7168,64x128x32_w4_v2,OK,ms=0.724,tflops=2.27,gbps=76.6,maxabs=3.157e-02,p99=1.922e-02,rel=2.608e-04
INT8,BITSHIFT,U(-1,1),16,7168,7168,64x128x32_w4_v2,SKIP,v2 path-B not implemented
INT8,LUT,U(-1,1),16,7168,7168,128x64x32_w4_v3,OK,ms=0.911,tflops=1.80,gbps=60.9,maxabs=3.157e-02,p99=1.922e-02,rel=2.608e-04
INT8,BITSHIFT,U(-1,1),16,7168,7168,128x64x32_w4_v3,SKIP,v3 path-B not implemented
INT8,LUT,U(-1,1),16,7168,7168,128x128x32_w4_v3,OK,ms=0.840,tflops=1.96,gbps=66.1,maxabs=3.157e-02,p99=1.922e-02,rel=2.608e-04
INT8,BITSHIFT,U(-1,1),16,7168,7168,128x128x32_w4_v3,SKIP,v3 path-B not implemented
INT8,LUT,U(-1,1),16,7168,7168,128x256x32_w8_v3,SKIP,smem > 48KiB
INT8,BITSHIFT,U(-1,1),16,7168,7168,128x256x32_w8_v3,SKIP,smem > 48KiB
INT8,LUT,U(-1,1),16,7168,7168,64x64x32_w4_v3,OK,ms=0.596,tflops=2.76,gbps=93.1,maxabs=3.157e-02,p99=1.922e-02,rel=2.608e-04
INT8,BITSHIFT,U(-1,1),16,7168,7168,64x64x32_w4_v3,SKIP,v3 path-B not implemented
INT8,LUT,U(-1,1),16,7168,7168,64x128x32_w4_v3,OK,ms=0.620,tflops=2.65,gbps=89.6,maxabs=3.157e-02,p99=1.922e-02,rel=2.608e-04
INT8,BITSHIFT,U(-1,1),16,7168,7168,64x128x32_w4_v3,SKIP,v3 path-B not implemented
INT8,LUT,U(-1,1),16,7168,7168,32x128x32_w4_v3_b1,OK,ms=0.528,tflops=3.11,gbps=105.1,maxabs=3.157e-02,p99=1.922e-02,rel=2.608e-04
INT8,BITSHIFT,U(-1,1),16,7168,7168,32x128x32_w4_v3_b1,SKIP,v3 path-B not implemented
INT8,LUT,U(-1,1),16,7168,7168,32x64x32_w4_v3_b1,OK,ms=0.457,tflops=3.60,gbps=121.5,maxabs=3.157e-02,p99=1.922e-02,rel=2.608e-04
INT8,BITSHIFT,U(-1,1),16,7168,7168,32x64x32_w4_v3_b1,SKIP,v3 path-B not implemented
INT8,LUT,U(-1,1),16,7168,7168,32x256x32_w8_v3_b1,OK,ms=0.632,tflops=2.60,gbps=87.8,maxabs=3.157e-02,p99=1.922e-02,rel=2.608e-04
INT8,BITSHIFT,U(-1,1),16,7168,7168,32x256x32_w8_v3_b1,SKIP,v3 path-B not implemented
INT8,LUT,U(-1,1),16,7168,7168,128x128x32_w8_v3_b1alt,OK,ms=0.944,tflops=1.74,gbps=58.8,maxabs=3.157e-02,p99=1.922e-02,rel=2.608e-04
INT8,BITSHIFT,U(-1,1),16,7168,7168,128x128x32_w8_v3_b1alt,SKIP,v3 path-B not implemented
INT8,LUT,U(-1,1),16,7168,7168,64x128x32_w8_v3_b1alt,OK,ms=0.600,tflops=2.74,gbps=92.4,maxabs=3.157e-02,p99=1.922e-02,rel=2.608e-04
INT8,BITSHIFT,U(-1,1),16,7168,7168,64x128x32_w8_v3_b1alt,SKIP,v3 path-B not implemented
INT8,LUT,U(-1,1),16,7168,7168,128x64x32_w4_v4,OK,ms=0.946,tflops=1.74,gbps=58.7,maxabs=3.157e-02,p99=1.922e-02,rel=2.608e-04
INT8,BITSHIFT,U(-1,1),16,7168,7168,128x64x32_w4_v4,SKIP,v4 path-B not implemented
INT8,LUT,U(-1,1),16,7168,7168,128x128x32_w4_v4,OK,ms=0.847,tflops=1.94,gbps=65.5,maxabs=3.157e-02,p99=1.922e-02,rel=2.608e-04
INT8,BITSHIFT,U(-1,1),16,7168,7168,128x128x32_w4_v4,SKIP,v4 path-B not implemented
INT8,LUT,U(-1,1),16,7168,7168,64x64x32_w4_v4,OK,ms=0.601,tflops=2.73,gbps=92.3,maxabs=3.157e-02,p99=1.922e-02,rel=2.608e-04
INT8,BITSHIFT,U(-1,1),16,7168,7168,64x64x32_w4_v4,SKIP,v4 path-B not implemented
INT8,LUT,U(-1,1),16,7168,7168,64x128x32_w4_v4,OK,ms=0.630,tflops=2.61,gbps=88.1,maxabs=3.157e-02,p99=1.922e-02,rel=2.608e-04
INT8,BITSHIFT,U(-1,1),16,7168,7168,64x128x32_w4_v4,SKIP,v4 path-B not implemented
INT8,LUT,U(-1,1),16,7168,7168,128x64x32_w4_v5,OK,ms=0.940,tflops=1.75,gbps=59.1,maxabs=3.157e-02,p99=1.922e-02,rel=2.608e-04
INT8,BITSHIFT,U(-1,1),16,7168,7168,128x64x32_w4_v5,SKIP,v5 path-B not implemented
INT8,LUT,U(-1,1),16,7168,7168,128x128x32_w4_v5,OK,ms=0.859,tflops=1.91,gbps=64.6,maxabs=3.157e-02,p99=1.922e-02,rel=2.608e-04
INT8,BITSHIFT,U(-1,1),16,7168,7168,128x128x32_w4_v5,SKIP,v5 path-B not implemented
INT8,LUT,U(-1,1),16,7168,7168,64x64x32_w4_v5,OK,ms=0.605,tflops=2.72,gbps=91.8,maxabs=3.157e-02,p99=1.922e-02,rel=2.608e-04
INT8,BITSHIFT,U(-1,1),16,7168,7168,64x64x32_w4_v5,SKIP,v5 path-B not implemented
INT8,LUT,U(-1,1),16,7168,7168,64x128x32_w4_v5,OK,ms=0.625,tflops=2.63,gbps=88.8,maxabs=3.157e-02,p99=1.922e-02,rel=2.608e-04
INT8,BITSHIFT,U(-1,1),16,7168,7168,64x128x32_w4_v5,SKIP,v5 path-B not implemented
INT8,LUT,U(-1,1),16,7168,7168,128x128x64_w4_v6,OK,ms=1.133,tflops=1.45,gbps=49.0,maxabs=3.157e-02,p99=1.922e-02,rel=2.608e-04
INT8,BITSHIFT,U(-1,1),16,7168,7168,128x128x64_w4_v6,SKIP,v6 path-B not implemented
INT8,LUT,U(-1,1),16,7168,7168,128x64x64_w4_v6,OK,ms=1.553,tflops=1.06,gbps=35.7,maxabs=3.157e-02,p99=1.922e-02,rel=2.608e-04
INT8,BITSHIFT,U(-1,1),16,7168,7168,128x64x64_w4_v6,SKIP,v6 path-B not implemented
INT8,LUT,U(-1,1),16,7168,7168,64x128x64_w4_v6,OK,ms=0.781,tflops=2.11,gbps=71.1,maxabs=3.157e-02,p99=1.922e-02,rel=2.608e-04
INT8,BITSHIFT,U(-1,1),16,7168,7168,64x128x64_w4_v6,SKIP,v6 path-B not implemented
INT8,LUT,U(-1,1),16,7168,7168,64x64x64_w4_v6,OK,ms=0.880,tflops=1.87,gbps=63.1,maxabs=3.157e-02,p99=1.922e-02,rel=2.608e-04
INT8,BITSHIFT,U(-1,1),16,7168,7168,64x64x64_w4_v6,SKIP,v6 path-B not implemented
INT8,LUT,U(-1,1),16,7168,7168,64x128x32_w4_v7,OK,ms=0.622,tflops=2.65,gbps=89.3,maxabs=3.157e-02,p99=1.922e-02,rel=2.608e-04
INT8,BITSHIFT,U(-1,1),16,7168,7168,64x128x32_w4_v7,SKIP,v7 path-B not implemented
INT8,LUT,U(-1,1),16,7168,7168,64x64x32_w4_v7,OK,ms=0.555,tflops=2.96,gbps=100.1,maxabs=3.157e-02,p99=1.922e-02,rel=2.608e-04
INT8,BITSHIFT,U(-1,1),16,7168,7168,64x64x32_w4_v7,SKIP,v7 path-B not implemented
INT8,LUT,U(-1,1),16,7168,7168,32x128x32_w4_v7,OK,ms=0.525,tflops=3.13,gbps=105.8,maxabs=3.157e-02,p99=1.922e-02,rel=2.608e-04
INT8,BITSHIFT,U(-1,1),16,7168,7168,32x128x32_w4_v7,SKIP,v7 path-B not implemented
INT8,LUT,U(-1,1),16,7168,7168,32x64x32_w4_v7,OK,ms=0.459,tflops=3.58,gbps=121.0,maxabs=3.157e-02,p99=1.922e-02,rel=2.608e-04
INT8,BITSHIFT,U(-1,1),16,7168,7168,32x64x32_w4_v7,SKIP,v7 path-B not implemented
INT8,LUT,U(-1,1),64,7168,7168,16x64x32_w4,OK,ms=1.617,tflops=4.07,gbps=36.0,maxabs=3.949e-02,p99=1.861e-02,rel=2.596e-04
INT8,BITSHIFT,U(-1,1),64,7168,7168,16x64x32_w4,OK,ms=1.809,tflops=3.64,gbps=32.2,maxabs=2.502e-02,p99=1.358e-02,rel=1.849e-04
INT8,LUT,U(-1,1),64,7168,7168,16x128x32_w8,OK,ms=1.650,tflops=3.99,gbps=35.3,maxabs=3.949e-02,p99=1.861e-02,rel=2.596e-04
INT8,BITSHIFT,U(-1,1),64,7168,7168,16x128x32_w8,OK,ms=1.864,tflops=3.53,gbps=31.2,maxabs=2.502e-02,p99=1.358e-02,rel=1.849e-04
INT8,LUT,U(-1,1),64,7168,7168,16x128x32_w4f2,OK,ms=2.620,tflops=2.51,gbps=22.2,maxabs=3.949e-02,p99=1.861e-02,rel=2.596e-04
INT8,BITSHIFT,U(-1,1),64,7168,7168,16x128x32_w4f2,SKIP,MF path-B not implemented
INT8,LUT,U(-1,1),64,7168,7168,16x256x32_w4f4,OK,ms=4.615,tflops=1.43,gbps=12.6,maxabs=3.949e-02,p99=1.861e-02,rel=2.596e-04
INT8,BITSHIFT,U(-1,1),64,7168,7168,16x256x32_w4f4,SKIP,MF path-B not implemented
INT8,LUT,U(-1,1),64,7168,7168,128x64x32_w4_v1,OK,ms=2.330,tflops=2.82,gbps=25.0,maxabs=3.949e-02,p99=1.861e-02,rel=2.596e-04
INT8,BITSHIFT,U(-1,1),64,7168,7168,128x64x32_w4_v1,SKIP,v1 path-B not implemented
INT8,LUT,U(-1,1),64,7168,7168,128x128x32_w4_v1,OK,ms=3.067,tflops=2.14,gbps=19.0,maxabs=3.949e-02,p99=1.861e-02,rel=2.596e-04
INT8,BITSHIFT,U(-1,1),64,7168,7168,128x128x32_w4_v1,SKIP,v1 path-B not implemented
INT8,LUT,U(-1,1),64,7168,7168,128x256x32_w4_v1,OK,ms=7.305,tflops=0.90,gbps=8.0,maxabs=3.949e-02,p99=1.861e-02,rel=2.596e-04
INT8,BITSHIFT,U(-1,1),64,7168,7168,128x256x32_w4_v1,SKIP,v1 path-B not implemented
INT8,LUT,U(-1,1),64,7168,7168,128x256x32_w8_v1,OK,ms=3.369,tflops=1.95,gbps=17.3,maxabs=3.949e-02,p99=1.861e-02,rel=2.596e-04
INT8,BITSHIFT,U(-1,1),64,7168,7168,128x256x32_w8_v1,SKIP,v1 path-B not implemented
INT8,LUT,U(-1,1),64,7168,7168,64x64x32_w4_v1,OK,ms=1.823,tflops=3.61,gbps=32.0,maxabs=3.949e-02,p99=1.861e-02,rel=2.596e-04
INT8,BITSHIFT,U(-1,1),64,7168,7168,64x64x32_w4_v1,SKIP,v1 path-B not implemented
INT8,LUT,U(-1,1),64,7168,7168,64x128x32_w4_v1,OK,ms=2.848,tflops=2.31,gbps=20.5,maxabs=3.949e-02,p99=1.861e-02,rel=2.596e-04
INT8,BITSHIFT,U(-1,1),64,7168,7168,64x128x32_w4_v1,SKIP,v1 path-B not implemented
INT8,LUT,U(-1,1),64,7168,7168,128x64x32_w4_v2,OK,ms=1.355,tflops=4.85,gbps=43.0,maxabs=3.949e-02,p99=1.861e-02,rel=2.596e-04
INT8,BITSHIFT,U(-1,1),64,7168,7168,128x64x32_w4_v2,SKIP,v2 path-B not implemented
INT8,LUT,U(-1,1),64,7168,7168,128x128x32_w4_v2,OK,ms=1.251,tflops=5.26,gbps=46.6,maxabs=3.949e-02,p99=1.861e-02,rel=2.596e-04
INT8,BITSHIFT,U(-1,1),64,7168,7168,128x128x32_w4_v2,SKIP,v2 path-B not implemented
INT8,LUT,U(-1,1),64,7168,7168,128x256x32_w4_v2,OK,ms=2.349,tflops=2.80,gbps=24.8,maxabs=3.949e-02,p99=1.861e-02,rel=2.596e-04
INT8,BITSHIFT,U(-1,1),64,7168,7168,128x256x32_w4_v2,SKIP,v2 path-B not implemented
INT8,LUT,U(-1,1),64,7168,7168,128x256x32_w8_v2,OK,ms=1.473,tflops=4.46,gbps=39.6,maxabs=3.949e-02,p99=1.861e-02,rel=2.596e-04
INT8,BITSHIFT,U(-1,1),64,7168,7168,128x256x32_w8_v2,SKIP,v2 path-B not implemented
INT8,LUT,U(-1,1),64,7168,7168,64x64x32_w4_v2,OK,ms=0.877,tflops=7.50,gbps=66.4,maxabs=3.949e-02,p99=1.861e-02,rel=2.596e-04
INT8,BITSHIFT,U(-1,1),64,7168,7168,64x64x32_w4_v2,SKIP,v2 path-B not implemented
INT8,LUT,U(-1,1),64,7168,7168,64x128x32_w4_v2,OK,ms=0.937,tflops=7.02,gbps=62.2,maxabs=3.949e-02,p99=1.861e-02,rel=2.596e-04
INT8,BITSHIFT,U(-1,1),64,7168,7168,64x128x32_w4_v2,SKIP,v2 path-B not implemented
INT8,LUT,U(-1,1),64,7168,7168,128x64x32_w4_v3,OK,ms=0.927,tflops=7.09,gbps=62.8,maxabs=3.949e-02,p99=1.861e-02,rel=2.596e-04
INT8,BITSHIFT,U(-1,1),64,7168,7168,128x64x32_w4_v3,SKIP,v3 path-B not implemented
INT8,LUT,U(-1,1),64,7168,7168,128x128x32_w4_v3,OK,ms=0.884,tflops=7.44,gbps=65.9,maxabs=3.949e-02,p99=1.861e-02,rel=2.596e-04
INT8,BITSHIFT,U(-1,1),64,7168,7168,128x128x32_w4_v3,SKIP,v3 path-B not implemented
INT8,LUT,U(-1,1),64,7168,7168,128x256x32_w8_v3,SKIP,smem > 48KiB
INT8,BITSHIFT,U(-1,1),64,7168,7168,128x256x32_w8_v3,SKIP,smem > 48KiB
INT8,LUT,U(-1,1),64,7168,7168,64x64x32_w4_v3,OK,ms=0.615,tflops=10.69,gbps=94.7,maxabs=3.949e-02,p99=1.861e-02,rel=2.596e-04
INT8,BITSHIFT,U(-1,1),64,7168,7168,64x64x32_w4_v3,SKIP,v3 path-B not implemented
INT8,LUT,U(-1,1),64,7168,7168,64x128x32_w4_v3,OK,ms=0.668,tflops=9.85,gbps=87.3,maxabs=3.949e-02,p99=1.861e-02,rel=2.596e-04
INT8,BITSHIFT,U(-1,1),64,7168,7168,64x128x32_w4_v3,SKIP,v3 path-B not implemented
INT8,LUT,U(-1,1),64,7168,7168,32x128x32_w4_v3_b1,OK,ms=0.633,tflops=10.38,gbps=92.0,maxabs=3.949e-02,p99=1.861e-02,rel=2.596e-04
INT8,BITSHIFT,U(-1,1),64,7168,7168,32x128x32_w4_v3_b1,SKIP,v3 path-B not implemented
INT8,LUT,U(-1,1),64,7168,7168,32x64x32_w4_v3_b1,OK,ms=0.529,tflops=12.43,gbps=110.1,maxabs=3.949e-02,p99=1.861e-02,rel=2.596e-04
INT8,BITSHIFT,U(-1,1),64,7168,7168,32x64x32_w4_v3_b1,SKIP,v3 path-B not implemented
INT8,LUT,U(-1,1),64,7168,7168,32x256x32_w8_v3_b1,OK,ms=0.703,tflops=9.36,gbps=82.9,maxabs=3.949e-02,p99=1.861e-02,rel=2.596e-04
INT8,BITSHIFT,U(-1,1),64,7168,7168,32x256x32_w8_v3_b1,SKIP,v3 path-B not implemented
INT8,LUT,U(-1,1),64,7168,7168,128x128x32_w8_v3_b1alt,OK,ms=1.029,tflops=6.39,gbps=56.6,maxabs=3.949e-02,p99=1.861e-02,rel=2.596e-04
INT8,BITSHIFT,U(-1,1),64,7168,7168,128x128x32_w8_v3_b1alt,SKIP,v3 path-B not implemented
INT8,LUT,U(-1,1),64,7168,7168,64x128x32_w8_v3_b1alt,OK,ms=0.751,tflops=8.76,gbps=77.6,maxabs=3.949e-02,p99=1.861e-02,rel=2.596e-04
INT8,BITSHIFT,U(-1,1),64,7168,7168,64x128x32_w8_v3_b1alt,SKIP,v3 path-B not implemented
INT8,LUT,U(-1,1),64,7168,7168,128x64x32_w4_v4,OK,ms=0.961,tflops=6.84,gbps=60.6,maxabs=3.949e-02,p99=1.861e-02,rel=2.596e-04
INT8,BITSHIFT,U(-1,1),64,7168,7168,128x64x32_w4_v4,SKIP,v4 path-B not implemented
INT8,LUT,U(-1,1),64,7168,7168,128x128x32_w4_v4,OK,ms=0.884,tflops=7.44,gbps=65.9,maxabs=3.949e-02,p99=1.861e-02,rel=2.596e-04
INT8,BITSHIFT,U(-1,1),64,7168,7168,128x128x32_w4_v4,SKIP,v4 path-B not implemented
INT8,LUT,U(-1,1),64,7168,7168,64x64x32_w4_v4,OK,ms=0.622,tflops=10.58,gbps=93.7,maxabs=3.949e-02,p99=1.861e-02,rel=2.596e-04
INT8,BITSHIFT,U(-1,1),64,7168,7168,64x64x32_w4_v4,SKIP,v4 path-B not implemented
INT8,LUT,U(-1,1),64,7168,7168,64x128x32_w4_v4,OK,ms=0.670,tflops=9.82,gbps=87.0,maxabs=3.949e-02,p99=1.861e-02,rel=2.596e-04
INT8,BITSHIFT,U(-1,1),64,7168,7168,64x128x32_w4_v4,SKIP,v4 path-B not implemented
INT8,LUT,U(-1,1),64,7168,7168,128x64x32_w4_v5,OK,ms=0.956,tflops=6.88,gbps=61.0,maxabs=3.949e-02,p99=1.861e-02,rel=2.596e-04
INT8,BITSHIFT,U(-1,1),64,7168,7168,128x64x32_w4_v5,SKIP,v5 path-B not implemented
INT8,LUT,U(-1,1),64,7168,7168,128x128x32_w4_v5,OK,ms=0.890,tflops=7.39,gbps=65.4,maxabs=3.949e-02,p99=1.861e-02,rel=2.596e-04
INT8,BITSHIFT,U(-1,1),64,7168,7168,128x128x32_w4_v5,SKIP,v5 path-B not implemented
INT8,LUT,U(-1,1),64,7168,7168,64x64x32_w4_v5,OK,ms=0.626,tflops=10.50,gbps=93.1,maxabs=3.949e-02,p99=1.861e-02,rel=2.596e-04
INT8,BITSHIFT,U(-1,1),64,7168,7168,64x64x32_w4_v5,SKIP,v5 path-B not implemented
INT8,LUT,U(-1,1),64,7168,7168,64x128x32_w4_v5,OK,ms=0.672,tflops=9.79,gbps=86.7,maxabs=3.949e-02,p99=1.861e-02,rel=2.596e-04
INT8,BITSHIFT,U(-1,1),64,7168,7168,64x128x32_w4_v5,SKIP,v5 path-B not implemented
INT8,LUT,U(-1,1),64,7168,7168,128x128x64_w4_v6,OK,ms=1.183,tflops=5.56,gbps=49.3,maxabs=3.949e-02,p99=1.861e-02,rel=2.596e-04
INT8,BITSHIFT,U(-1,1),64,7168,7168,128x128x64_w4_v6,SKIP,v6 path-B not implemented
INT8,LUT,U(-1,1),64,7168,7168,128x64x64_w4_v6,OK,ms=1.568,tflops=4.19,gbps=37.2,maxabs=3.949e-02,p99=1.861e-02,rel=2.596e-04
INT8,BITSHIFT,U(-1,1),64,7168,7168,128x64x64_w4_v6,SKIP,v6 path-B not implemented
INT8,LUT,U(-1,1),64,7168,7168,64x128x64_w4_v6,OK,ms=0.827,tflops=7.95,gbps=70.5,maxabs=3.949e-02,p99=1.861e-02,rel=2.596e-04
INT8,BITSHIFT,U(-1,1),64,7168,7168,64x128x64_w4_v6,SKIP,v6 path-B not implemented
INT8,LUT,U(-1,1),64,7168,7168,64x64x64_w4_v6,OK,ms=0.890,tflops=7.39,gbps=65.5,maxabs=3.949e-02,p99=1.861e-02,rel=2.596e-04
INT8,BITSHIFT,U(-1,1),64,7168,7168,64x64x64_w4_v6,SKIP,v6 path-B not implemented
INT8,LUT,U(-1,1),64,7168,7168,64x128x32_w4_v7,OK,ms=0.665,tflops=9.89,gbps=87.6,maxabs=3.949e-02,p99=1.861e-02,rel=2.596e-04
INT8,BITSHIFT,U(-1,1),64,7168,7168,64x128x32_w4_v7,SKIP,v7 path-B not implemented
INT8,LUT,U(-1,1),64,7168,7168,64x64x32_w4_v7,OK,ms=0.606,tflops=10.85,gbps=96.1,maxabs=3.949e-02,p99=1.861e-02,rel=2.596e-04
INT8,BITSHIFT,U(-1,1),64,7168,7168,64x64x32_w4_v7,SKIP,v7 path-B not implemented
INT8,LUT,U(-1,1),64,7168,7168,32x128x32_w4_v7,OK,ms=0.633,tflops=10.39,gbps=92.1,maxabs=3.949e-02,p99=1.861e-02,rel=2.596e-04
INT8,BITSHIFT,U(-1,1),64,7168,7168,32x128x32_w4_v7,SKIP,v7 path-B not implemented
INT8,LUT,U(-1,1),64,7168,7168,32x64x32_w4_v7,OK,ms=0.543,tflops=12.11,gbps=107.3,maxabs=3.949e-02,p99=1.861e-02,rel=2.596e-04
INT8,BITSHIFT,U(-1,1),64,7168,7168,32x64x32_w4_v7,SKIP,v7 path-B not implemented
INT8,LUT,U(-1,1),128,7168,7168,16x64x32_w4,OK,ms=3.358,tflops=3.92,gbps=18.4,maxabs=3.949e-02,p99=1.868e-02,rel=2.592e-04
INT8,BITSHIFT,U(-1,1),128,7168,7168,16x64x32_w4,OK,ms=3.973,tflops=3.31,gbps=15.6,maxabs=2.550e-02,p99=1.298e-02,rel=1.847e-04
INT8,LUT,U(-1,1),128,7168,7168,16x128x32_w8,OK,ms=3.599,tflops=3.66,gbps=17.2,maxabs=3.949e-02,p99=1.868e-02,rel=2.592e-04
INT8,BITSHIFT,U(-1,1),128,7168,7168,16x128x32_w8,OK,ms=4.558,tflops=2.89,gbps=13.6,maxabs=2.550e-02,p99=1.298e-02,rel=1.847e-04
INT8,LUT,U(-1,1),128,7168,7168,16x128x32_w4f2,OK,ms=2.769,tflops=4.75,gbps=22.4,maxabs=3.949e-02,p99=1.868e-02,rel=2.592e-04
INT8,BITSHIFT,U(-1,1),128,7168,7168,16x128x32_w4f2,SKIP,MF path-B not implemented
INT8,LUT,U(-1,1),128,7168,7168,16x256x32_w4f4,OK,ms=4.761,tflops=2.76,gbps=13.0,maxabs=3.949e-02,p99=1.868e-02,rel=2.592e-04
INT8,BITSHIFT,U(-1,1),128,7168,7168,16x256x32_w4f4,SKIP,MF path-B not implemented
INT8,LUT,U(-1,1),128,7168,7168,128x64x32_w4_v1,OK,ms=2.462,tflops=5.34,gbps=25.2,maxabs=3.949e-02,p99=1.868e-02,rel=2.592e-04
INT8,BITSHIFT,U(-1,1),128,7168,7168,128x64x32_w4_v1,SKIP,v1 path-B not implemented
INT8,LUT,U(-1,1),128,7168,7168,128x128x32_w4_v1,OK,ms=3.415,tflops=3.85,gbps=18.1,maxabs=3.949e-02,p99=1.868e-02,rel=2.592e-04
INT8,BITSHIFT,U(-1,1),128,7168,7168,128x128x32_w4_v1,SKIP,v1 path-B not implemented
INT8,LUT,U(-1,1),128,7168,7168,128x256x32_w4_v1,OK,ms=8.330,tflops=1.58,gbps=7.4,maxabs=3.949e-02,p99=1.868e-02,rel=2.592e-04
INT8,BITSHIFT,U(-1,1),128,7168,7168,128x256x32_w4_v1,SKIP,v1 path-B not implemented
INT8,LUT,U(-1,1),128,7168,7168,128x256x32_w8_v1,OK,ms=3.507,tflops=3.75,gbps=17.7,maxabs=3.949e-02,p99=1.868e-02,rel=2.592e-04
INT8,BITSHIFT,U(-1,1),128,7168,7168,128x256x32_w8_v1,SKIP,v1 path-B not implemented
INT8,LUT,U(-1,1),128,7168,7168,64x64x32_w4_v1,OK,ms=1.891,tflops=6.96,gbps=32.8,maxabs=3.949e-02,p99=1.868e-02,rel=2.592e-04
INT8,BITSHIFT,U(-1,1),128,7168,7168,64x64x32_w4_v1,SKIP,v1 path-B not implemented
INT8,LUT,U(-1,1),128,7168,7168,64x128x32_w4_v1,OK,ms=2.886,tflops=4.56,gbps=21.5,maxabs=3.949e-02,p99=1.868e-02,rel=2.592e-04
INT8,BITSHIFT,U(-1,1),128,7168,7168,64x128x32_w4_v1,SKIP,v1 path-B not implemented
INT8,LUT,U(-1,1),128,7168,7168,128x64x32_w4_v2,OK,ms=1.397,tflops=9.41,gbps=44.3,maxabs=3.949e-02,p99=1.868e-02,rel=2.592e-04
INT8,BITSHIFT,U(-1,1),128,7168,7168,128x64x32_w4_v2,SKIP,v2 path-B not implemented
INT8,LUT,U(-1,1),128,7168,7168,128x128x32_w4_v2,OK,ms=1.589,tflops=8.28,gbps=39.0,maxabs=3.949e-02,p99=1.868e-02,rel=2.592e-04
INT8,BITSHIFT,U(-1,1),128,7168,7168,128x128x32_w4_v2,SKIP,v2 path-B not implemented
INT8,LUT,U(-1,1),128,7168,7168,128x256x32_w4_v2,OK,ms=2.638,tflops=4.99,gbps=23.5,maxabs=3.949e-02,p99=1.868e-02,rel=2.592e-04
INT8,BITSHIFT,U(-1,1),128,7168,7168,128x256x32_w4_v2,SKIP,v2 path-B not implemented
INT8,LUT,U(-1,1),128,7168,7168,128x256x32_w8_v2,OK,ms=1.650,tflops=7.97,gbps=37.5,maxabs=3.949e-02,p99=1.868e-02,rel=2.592e-04
INT8,BITSHIFT,U(-1,1),128,7168,7168,128x256x32_w8_v2,SKIP,v2 path-B not implemented
INT8,LUT,U(-1,1),128,7168,7168,64x64x32_w4_v2,OK,ms=1.059,tflops=12.42,gbps=58.5,maxabs=3.949e-02,p99=1.868e-02,rel=2.592e-04
INT8,BITSHIFT,U(-1,1),128,7168,7168,64x64x32_w4_v2,SKIP,v2 path-B not implemented
INT8,LUT,U(-1,1),128,7168,7168,64x128x32_w4_v2,OK,ms=1.074,tflops=12.25,gbps=57.7,maxabs=3.949e-02,p99=1.868e-02,rel=2.592e-04
INT8,BITSHIFT,U(-1,1),128,7168,7168,64x128x32_w4_v2,SKIP,v2 path-B not implemented
INT8,LUT,U(-1,1),128,7168,7168,128x64x32_w4_v3,OK,ms=0.966,tflops=13.62,gbps=64.1,maxabs=3.949e-02,p99=1.868e-02,rel=2.592e-04
INT8,BITSHIFT,U(-1,1),128,7168,7168,128x64x32_w4_v3,SKIP,v3 path-B not implemented
INT8,LUT,U(-1,1),128,7168,7168,128x128x32_w4_v3,OK,ms=1.001,tflops=13.14,gbps=61.9,maxabs=3.949e-02,p99=1.868e-02,rel=2.592e-04
INT8,BITSHIFT,U(-1,1),128,7168,7168,128x128x32_w4_v3,SKIP,v3 path-B not implemented
INT8,LUT,U(-1,1),128,7168,7168,128x256x32_w8_v3,SKIP,smem > 48KiB
INT8,BITSHIFT,U(-1,1),128,7168,7168,128x256x32_w8_v3,SKIP,smem > 48KiB
INT8,LUT,U(-1,1),128,7168,7168,64x64x32_w4_v3,OK,ms=0.767,tflops=17.14,gbps=80.7,maxabs=3.949e-02,p99=1.868e-02,rel=2.592e-04
INT8,BITSHIFT,U(-1,1),128,7168,7168,64x64x32_w4_v3,SKIP,v3 path-B not implemented
INT8,LUT,U(-1,1),128,7168,7168,64x128x32_w4_v3,OK,ms=0.801,tflops=16.43,gbps=77.3,maxabs=3.949e-02,p99=1.868e-02,rel=2.592e-04
INT8,BITSHIFT,U(-1,1),128,7168,7168,64x128x32_w4_v3,SKIP,v3 path-B not implemented
INT8,LUT,U(-1,1),128,7168,7168,32x128x32_w4_v3_b1,OK,ms=0.750,tflops=17.54,gbps=82.6,maxabs=3.949e-02,p99=1.868e-02,rel=2.592e-04
INT8,BITSHIFT,U(-1,1),128,7168,7168,32x128x32_w4_v3_b1,SKIP,v3 path-B not implemented
INT8,LUT,U(-1,1),128,7168,7168,32x64x32_w4_v3_b1,OK,ms=0.943,tflops=13.94,gbps=65.6,maxabs=3.949e-02,p99=1.868e-02,rel=2.592e-04
INT8,BITSHIFT,U(-1,1),128,7168,7168,32x64x32_w4_v3_b1,SKIP,v3 path-B not implemented
INT8,LUT,U(-1,1),128,7168,7168,32x256x32_w8_v3_b1,OK,ms=0.971,tflops=13.54,gbps=63.8,maxabs=3.949e-02,p99=1.868e-02,rel=2.592e-04
INT8,BITSHIFT,U(-1,1),128,7168,7168,32x256x32_w8_v3_b1,SKIP,v3 path-B not implemented
INT8,LUT,U(-1,1),128,7168,7168,128x128x32_w8_v3_b1alt,OK,ms=1.061,tflops=12.39,gbps=58.4,maxabs=3.949e-02,p99=1.868e-02,rel=2.592e-04
INT8,BITSHIFT,U(-1,1),128,7168,7168,128x128x32_w8_v3_b1alt,SKIP,v3 path-B not implemented
INT8,LUT,U(-1,1),128,7168,7168,64x128x32_w8_v3_b1alt,OK,ms=0.982,tflops=13.39,gbps=63.0,maxabs=3.949e-02,p99=1.868e-02,rel=2.592e-04
INT8,BITSHIFT,U(-1,1),128,7168,7168,64x128x32_w8_v3_b1alt,SKIP,v3 path-B not implemented
INT8,LUT,U(-1,1),128,7168,7168,128x64x32_w4_v4,OK,ms=1.012,tflops=13.00,gbps=61.2,maxabs=3.949e-02,p99=1.868e-02,rel=2.592e-04
INT8,BITSHIFT,U(-1,1),128,7168,7168,128x64x32_w4_v4,SKIP,v4 path-B not implemented
INT8,LUT,U(-1,1),128,7168,7168,128x128x32_w4_v4,OK,ms=1.002,tflops=13.13,gbps=61.8,maxabs=3.949e-02,p99=1.868e-02,rel=2.592e-04
INT8,BITSHIFT,U(-1,1),128,7168,7168,128x128x32_w4_v4,SKIP,v4 path-B not implemented
INT8,LUT,U(-1,1),128,7168,7168,64x64x32_w4_v4,OK,ms=0.789,tflops=16.66,gbps=78.5,maxabs=3.949e-02,p99=1.868e-02,rel=2.592e-04
INT8,BITSHIFT,U(-1,1),128,7168,7168,64x64x32_w4_v4,SKIP,v4 path-B not implemented
INT8,LUT,U(-1,1),128,7168,7168,64x128x32_w4_v4,OK,ms=0.809,tflops=16.25,gbps=76.5,maxabs=3.949e-02,p99=1.868e-02,rel=2.592e-04
INT8,BITSHIFT,U(-1,1),128,7168,7168,64x128x32_w4_v4,SKIP,v4 path-B not implemented
INT8,LUT,U(-1,1),128,7168,7168,128x64x32_w4_v5,OK,ms=0.995,tflops=13.21,gbps=62.2,maxabs=3.949e-02,p99=1.868e-02,rel=2.592e-04
INT8,BITSHIFT,U(-1,1),128,7168,7168,128x64x32_w4_v5,SKIP,v5 path-B not implemented
INT8,LUT,U(-1,1),128,7168,7168,128x128x32_w4_v5,OK,ms=1.008,tflops=13.05,gbps=61.4,maxabs=3.949e-02,p99=1.868e-02,rel=2.592e-04
INT8,BITSHIFT,U(-1,1),128,7168,7168,128x128x32_w4_v5,SKIP,v5 path-B not implemented
INT8,LUT,U(-1,1),128,7168,7168,64x64x32_w4_v5,OK,ms=1.133,tflops=11.61,gbps=54.7,maxabs=3.949e-02,p99=1.868e-02,rel=2.592e-04
INT8,BITSHIFT,U(-1,1),128,7168,7168,64x64x32_w4_v5,SKIP,v5 path-B not implemented
INT8,LUT,U(-1,1),128,7168,7168,64x128x32_w4_v5,OK,ms=0.799,tflops=16.46,gbps=77.5,maxabs=3.949e-02,p99=1.868e-02,rel=2.592e-04
INT8,BITSHIFT,U(-1,1),128,7168,7168,64x128x32_w4_v5,SKIP,v5 path-B not implemented
INT8,LUT,U(-1,1),128,7168,7168,128x128x64_w4_v6,OK,ms=1.291,tflops=10.19,gbps=48.0,maxabs=3.949e-02,p99=1.868e-02,rel=2.592e-04
INT8,BITSHIFT,U(-1,1),128,7168,7168,128x128x64_w4_v6,SKIP,v6 path-B not implemented
INT8,LUT,U(-1,1),128,7168,7168,128x64x64_w4_v6,OK,ms=1.533,tflops=8.58,gbps=40.4,maxabs=3.949e-02,p99=1.868e-02,rel=2.592e-04
INT8,BITSHIFT,U(-1,1),128,7168,7168,128x64x64_w4_v6,SKIP,v6 path-B not implemented
INT8,LUT,U(-1,1),128,7168,7168,64x128x64_w4_v6,OK,ms=1.056,tflops=12.46,gbps=58.7,maxabs=3.949e-02,p99=1.868e-02,rel=2.592e-04
INT8,BITSHIFT,U(-1,1),128,7168,7168,64x128x64_w4_v6,SKIP,v6 path-B not implemented
INT8,LUT,U(-1,1),128,7168,7168,64x64x64_w4_v6,OK,ms=1.221,tflops=10.78,gbps=50.7,maxabs=3.949e-02,p99=1.868e-02,rel=2.592e-04
INT8,BITSHIFT,U(-1,1),128,7168,7168,64x64x64_w4_v6,SKIP,v6 path-B not implemented
INT8,LUT,U(-1,1),128,7168,7168,64x128x32_w4_v7,OK,ms=0.800,tflops=16.45,gbps=77.5,maxabs=3.949e-02,p99=1.868e-02,rel=2.592e-04
INT8,BITSHIFT,U(-1,1),128,7168,7168,64x128x32_w4_v7,SKIP,v7 path-B not implemented
INT8,LUT,U(-1,1),128,7168,7168,64x64x32_w4_v7,OK,ms=0.766,tflops=17.18,gbps=80.9,maxabs=3.949e-02,p99=1.868e-02,rel=2.592e-04
INT8,BITSHIFT,U(-1,1),128,7168,7168,64x64x32_w4_v7,SKIP,v7 path-B not implemented
INT8,LUT,U(-1,1),128,7168,7168,32x128x32_w4_v7,OK,ms=1.364,tflops=9.64,gbps=45.4,maxabs=3.949e-02,p99=1.868e-02,rel=2.592e-04
INT8,BITSHIFT,U(-1,1),128,7168,7168,32x128x32_w4_v7,SKIP,v7 path-B not implemented
INT8,LUT,U(-1,1),128,7168,7168,32x64x32_w4_v7,OK,ms=1.345,tflops=9.78,gbps=46.0,maxabs=3.949e-02,p99=1.868e-02,rel=2.592e-04
INT8,BITSHIFT,U(-1,1),128,7168,7168,32x64x32_w4_v7,SKIP,v7 path-B not implemented
INT8,LUT,U(-1,1),256,7168,7168,16x64x32_w4,OK,ms=5.216,tflops=5.04,gbps=13.3,maxabs=3.950e-02,p99=1.818e-02,rel=2.595e-04
INT8,BITSHIFT,U(-1,1),256,7168,7168,16x64x32_w4,OK,ms=7.128,tflops=3.69,gbps=9.7,maxabs=2.550e-02,p99=1.292e-02,rel=1.848e-04
INT8,LUT,U(-1,1),256,7168,7168,16x128x32_w8,OK,ms=5.503,tflops=4.78,gbps=12.6,maxabs=3.950e-02,p99=1.818e-02,rel=2.595e-04
INT8,BITSHIFT,U(-1,1),256,7168,7168,16x128x32_w8,OK,ms=7.343,tflops=3.58,gbps=9.4,maxabs=2.550e-02,p99=1.292e-02,rel=1.848e-04
INT8,LUT,U(-1,1),256,7168,7168,16x128x32_w4f2,OK,ms=5.756,tflops=4.57,gbps=12.0,maxabs=3.950e-02,p99=1.818e-02,rel=2.595e-04
INT8,BITSHIFT,U(-1,1),256,7168,7168,16x128x32_w4f2,SKIP,MF path-B not implemented
INT8,LUT,U(-1,1),256,7168,7168,16x256x32_w4f4,OK,ms=9.695,tflops=2.71,gbps=7.1,maxabs=3.950e-02,p99=1.818e-02,rel=2.595e-04
INT8,BITSHIFT,U(-1,1),256,7168,7168,16x256x32_w4f4,SKIP,MF path-B not implemented
INT8,LUT,U(-1,1),256,7168,7168,128x64x32_w4_v1,OK,ms=2.624,tflops=10.02,gbps=26.4,maxabs=3.950e-02,p99=1.818e-02,rel=2.595e-04
INT8,BITSHIFT,U(-1,1),256,7168,7168,128x64x32_w4_v1,SKIP,v1 path-B not implemented
INT8,LUT,U(-1,1),256,7168,7168,128x128x32_w4_v1,OK,ms=3.406,tflops=7.72,gbps=20.3,maxabs=3.950e-02,p99=1.818e-02,rel=2.595e-04
INT8,BITSHIFT,U(-1,1),256,7168,7168,128x128x32_w4_v1,SKIP,v1 path-B not implemented
INT8,LUT,U(-1,1),256,7168,7168,128x256x32_w4_v1,OK,ms=8.893,tflops=2.96,gbps=7.8,maxabs=3.950e-02,p99=1.818e-02,rel=2.595e-04
INT8,BITSHIFT,U(-1,1),256,7168,7168,128x256x32_w4_v1,SKIP,v1 path-B not implemented
INT8,LUT,U(-1,1),256,7168,7168,128x256x32_w8_v1,OK,ms=3.416,tflops=7.70,gbps=20.3,maxabs=3.950e-02,p99=1.818e-02,rel=2.595e-04
INT8,BITSHIFT,U(-1,1),256,7168,7168,128x256x32_w8_v1,SKIP,v1 path-B not implemented
INT8,LUT,U(-1,1),256,7168,7168,64x64x32_w4_v1,OK,ms=4.029,tflops=6.53,gbps=17.2,maxabs=3.950e-02,p99=1.818e-02,rel=2.595e-04
INT8,BITSHIFT,U(-1,1),256,7168,7168,64x64x32_w4_v1,SKIP,v1 path-B not implemented
INT8,LUT,U(-1,1),256,7168,7168,64x128x32_w4_v1,OK,ms=3.023,tflops=8.70,gbps=22.9,maxabs=3.950e-02,p99=1.818e-02,rel=2.595e-04
INT8,BITSHIFT,U(-1,1),256,7168,7168,64x128x32_w4_v1,SKIP,v1 path-B not implemented
INT8,LUT,U(-1,1),256,7168,7168,128x64x32_w4_v2,OK,ms=1.721,tflops=15.29,gbps=40.3,maxabs=3.950e-02,p99=1.818e-02,rel=2.595e-04
INT8,BITSHIFT,U(-1,1),256,7168,7168,128x64x32_w4_v2,SKIP,v2 path-B not implemented
INT8,LUT,U(-1,1),256,7168,7168,128x128x32_w4_v2,OK,ms=1.578,tflops=16.67,gbps=43.9,maxabs=3.950e-02,p99=1.818e-02,rel=2.595e-04
INT8,BITSHIFT,U(-1,1),256,7168,7168,128x128x32_w4_v2,SKIP,v2 path-B not implemented
INT8,LUT,U(-1,1),256,7168,7168,128x256x32_w4_v2,OK,ms=2.937,tflops=8.96,gbps=23.6,maxabs=3.950e-02,p99=1.818e-02,rel=2.595e-04
INT8,BITSHIFT,U(-1,1),256,7168,7168,128x256x32_w4_v2,SKIP,v2 path-B not implemented
INT8,LUT,U(-1,1),256,7168,7168,128x256x32_w8_v2,OK,ms=1.647,tflops=15.97,gbps=42.1,maxabs=3.950e-02,p99=1.818e-02,rel=2.595e-04
INT8,BITSHIFT,U(-1,1),256,7168,7168,128x256x32_w8_v2,SKIP,v2 path-B not implemented
INT8,LUT,U(-1,1),256,7168,7168,64x64x32_w4_v2,OK,ms=1.718,tflops=15.31,gbps=40.3,maxabs=3.950e-02,p99=1.818e-02,rel=2.595e-04
INT8,BITSHIFT,U(-1,1),256,7168,7168,64x64x32_w4_v2,SKIP,v2 path-B not implemented
INT8,LUT,U(-1,1),256,7168,7168,64x128x32_w4_v2,OK,ms=1.294,tflops=20.32,gbps=53.5,maxabs=3.950e-02,p99=1.818e-02,rel=2.595e-04
INT8,BITSHIFT,U(-1,1),256,7168,7168,64x128x32_w4_v2,SKIP,v2 path-B not implemented
INT8,LUT,U(-1,1),256,7168,7168,128x64x32_w4_v3,OK,ms=1.270,tflops=20.71,gbps=54.5,maxabs=3.950e-02,p99=1.818e-02,rel=2.595e-04
INT8,BITSHIFT,U(-1,1),256,7168,7168,128x64x32_w4_v3,SKIP,v3 path-B not implemented
INT8,LUT,U(-1,1),256,7168,7168,128x128x32_w4_v3,OK,ms=1.239,tflops=21.24,gbps=55.9,maxabs=3.950e-02,p99=1.818e-02,rel=2.595e-04
INT8,BITSHIFT,U(-1,1),256,7168,7168,128x128x32_w4_v3,SKIP,v3 path-B not implemented
INT8,LUT,U(-1,1),256,7168,7168,128x256x32_w8_v3,SKIP,smem > 48KiB
INT8,BITSHIFT,U(-1,1),256,7168,7168,128x256x32_w8_v3,SKIP,smem > 48KiB
INT8,LUT,U(-1,1),256,7168,7168,64x64x32_w4_v3,OK,ms=1.884,tflops=13.97,gbps=36.8,maxabs=3.950e-02,p99=1.818e-02,rel=2.595e-04
INT8,BITSHIFT,U(-1,1),256,7168,7168,64x64x32_w4_v3,SKIP,v3 path-B not implemented
INT8,LUT,U(-1,1),256,7168,7168,64x128x32_w4_v3,OK,ms=0.979,tflops=26.86,gbps=70.7,maxabs=3.950e-02,p99=1.818e-02,rel=2.595e-04
INT8,BITSHIFT,U(-1,1),256,7168,7168,64x128x32_w4_v3,SKIP,v3 path-B not implemented
INT8,LUT,U(-1,1),256,7168,7168,32x128x32_w4_v3_b1,OK,ms=1.762,tflops=14.93,gbps=39.3,maxabs=3.950e-02,p99=1.818e-02,rel=2.595e-04
INT8,BITSHIFT,U(-1,1),256,7168,7168,32x128x32_w4_v3_b1,SKIP,v3 path-B not implemented
INT8,LUT,U(-1,1),256,7168,7168,32x64x32_w4_v3_b1,OK,ms=1.859,tflops=14.15,gbps=37.3,maxabs=3.950e-02,p99=1.818e-02,rel=2.595e-04
INT8,BITSHIFT,U(-1,1),256,7168,7168,32x64x32_w4_v3_b1,SKIP,v3 path-B not implemented
INT8,LUT,U(-1,1),256,7168,7168,32x256x32_w8_v3_b1,OK,ms=1.932,tflops=13.62,gbps=35.9,maxabs=3.950e-02,p99=1.818e-02,rel=2.595e-04
INT8,BITSHIFT,U(-1,1),256,7168,7168,32x256x32_w8_v3_b1,SKIP,v3 path-B not implemented
INT8,LUT,U(-1,1),256,7168,7168,128x128x32_w8_v3_b1alt,OK,ms=1.666,tflops=15.79,gbps=41.6,maxabs=3.950e-02,p99=1.818e-02,rel=2.595e-04
INT8,BITSHIFT,U(-1,1),256,7168,7168,128x128x32_w8_v3_b1alt,SKIP,v3 path-B not implemented
INT8,LUT,U(-1,1),256,7168,7168,64x128x32_w8_v3_b1alt,OK,ms=1.933,tflops=13.61,gbps=35.8,maxabs=3.950e-02,p99=1.818e-02,rel=2.595e-04
INT8,BITSHIFT,U(-1,1),256,7168,7168,64x128x32_w8_v3_b1alt,SKIP,v3 path-B not implemented
INT8,LUT,U(-1,1),256,7168,7168,128x64x32_w4_v4,OK,ms=1.314,tflops=20.02,gbps=52.7,maxabs=3.950e-02,p99=1.818e-02,rel=2.595e-04
INT8,BITSHIFT,U(-1,1),256,7168,7168,128x64x32_w4_v4,SKIP,v4 path-B not implemented
INT8,LUT,U(-1,1),256,7168,7168,128x128x32_w4_v4,OK,ms=1.211,tflops=21.73,gbps=57.2,maxabs=3.950e-02,p99=1.818e-02,rel=2.595e-04
INT8,BITSHIFT,U(-1,1),256,7168,7168,128x128x32_w4_v4,SKIP,v4 path-B not implemented
INT8,LUT,U(-1,1),256,7168,7168,64x64x32_w4_v4,OK,ms=1.817,tflops=14.48,gbps=38.1,maxabs=3.950e-02,p99=1.818e-02,rel=2.595e-04
INT8,BITSHIFT,U(-1,1),256,7168,7168,64x64x32_w4_v4,SKIP,v4 path-B not implemented
INT8,LUT,U(-1,1),256,7168,7168,64x128x32_w4_v4,OK,ms=0.995,tflops=26.45,gbps=69.6,maxabs=3.950e-02,p99=1.818e-02,rel=2.595e-04
INT8,BITSHIFT,U(-1,1),256,7168,7168,64x128x32_w4_v4,SKIP,v4 path-B not implemented
INT8,LUT,U(-1,1),256,7168,7168,128x64x32_w4_v5,OK,ms=1.852,tflops=14.20,gbps=37.4,maxabs=3.950e-02,p99=1.818e-02,rel=2.595e-04
INT8,BITSHIFT,U(-1,1),256,7168,7168,128x64x32_w4_v5,SKIP,v5 path-B not implemented
INT8,LUT,U(-1,1),256,7168,7168,128x128x32_w4_v5,OK,ms=1.252,tflops=21.01,gbps=55.3,maxabs=3.950e-02,p99=1.818e-02,rel=2.595e-04
INT8,BITSHIFT,U(-1,1),256,7168,7168,128x128x32_w4_v5,SKIP,v5 path-B not implemented
INT8,LUT,U(-1,1),256,7168,7168,64x64x32_w4_v5,OK,ms=1.867,tflops=14.09,gbps=37.1,maxabs=3.950e-02,p99=1.818e-02,rel=2.595e-04
INT8,BITSHIFT,U(-1,1),256,7168,7168,64x64x32_w4_v5,SKIP,v5 path-B not implemented
INT8,LUT,U(-1,1),256,7168,7168,64x128x32_w4_v5,OK,ms=1.479,tflops=17.79,gbps=46.8,maxabs=3.950e-02,p99=1.818e-02,rel=2.595e-04
INT8,BITSHIFT,U(-1,1),256,7168,7168,64x128x32_w4_v5,SKIP,v5 path-B not implemented
INT8,LUT,U(-1,1),256,7168,7168,128x128x64_w4_v6,OK,ms=1.736,tflops=15.15,gbps=39.9,maxabs=3.950e-02,p99=1.818e-02,rel=2.595e-04
INT8,BITSHIFT,U(-1,1),256,7168,7168,128x128x64_w4_v6,SKIP,v6 path-B not implemented
INT8,LUT,U(-1,1),256,7168,7168,128x64x64_w4_v6,OK,ms=2.189,tflops=12.02,gbps=31.7,maxabs=3.950e-02,p99=1.818e-02,rel=2.595e-04
INT8,BITSHIFT,U(-1,1),256,7168,7168,128x64x64_w4_v6,SKIP,v6 path-B not implemented
INT8,LUT,U(-1,1),256,7168,7168,64x128x64_w4_v6,OK,ms=1.392,tflops=18.90,gbps=49.8,maxabs=3.950e-02,p99=1.818e-02,rel=2.595e-04
INT8,BITSHIFT,U(-1,1),256,7168,7168,64x128x64_w4_v6,SKIP,v6 path-B not implemented
INT8,LUT,U(-1,1),256,7168,7168,64x64x64_w4_v6,OK,ms=3.051,tflops=8.62,gbps=22.7,maxabs=3.950e-02,p99=1.818e-02,rel=2.595e-04
INT8,BITSHIFT,U(-1,1),256,7168,7168,64x64x64_w4_v6,SKIP,v6 path-B not implemented
INT8,LUT,U(-1,1),256,7168,7168,64x128x32_w4_v7,OK,ms=1.607,tflops=16.37,gbps=43.1,maxabs=3.950e-02,p99=1.818e-02,rel=2.595e-04
INT8,BITSHIFT,U(-1,1),256,7168,7168,64x128x32_w4_v7,SKIP,v7 path-B not implemented
INT8,LUT,U(-1,1),256,7168,7168,64x64x32_w4_v7,OK,ms=1.516,tflops=17.36,gbps=45.7,maxabs=3.950e-02,p99=1.818e-02,rel=2.595e-04
INT8,BITSHIFT,U(-1,1),256,7168,7168,64x64x32_w4_v7,SKIP,v7 path-B not implemented
INT8,LUT,U(-1,1),256,7168,7168,32x128x32_w4_v7,OK,ms=2.041,tflops=12.89,gbps=33.9,maxabs=3.950e-02,p99=1.818e-02,rel=2.595e-04
INT8,BITSHIFT,U(-1,1),256,7168,7168,32x128x32_w4_v7,SKIP,v7 path-B not implemented
INT8,LUT,U(-1,1),256,7168,7168,32x64x32_w4_v7,OK,ms=1.962,tflops=13.41,gbps=35.3,maxabs=3.950e-02,p99=1.818e-02,rel=2.595e-04
INT8,BITSHIFT,U(-1,1),256,7168,7168,32x64x32_w4_v7,SKIP,v7 path-B not implemented
INT8,LUT,U(-1,1),512,7168,7168,16x64x32_w4,OK,ms=10.423,tflops=5.05,gbps=8.1,maxabs=3.949e-02,p99=1.846e-02,rel=2.594e-04
INT8,BITSHIFT,U(-1,1),512,7168,7168,16x64x32_w4,OK,ms=14.484,tflops=3.63,gbps=5.8,maxabs=2.680e-02,p99=1.346e-02,rel=1.847e-04
INT8,LUT,U(-1,1),512,7168,7168,16x128x32_w8,OK,ms=11.163,tflops=4.71,gbps=7.5,maxabs=3.949e-02,p99=1.846e-02,rel=2.594e-04
INT8,BITSHIFT,U(-1,1),512,7168,7168,16x128x32_w8,OK,ms=14.573,tflops=3.61,gbps=5.8,maxabs=2.680e-02,p99=1.346e-02,rel=1.847e-04
INT8,LUT,U(-1,1),512,7168,7168,16x128x32_w4f2,OK,ms=11.563,tflops=4.55,gbps=7.3,maxabs=3.949e-02,p99=1.846e-02,rel=2.594e-04
INT8,BITSHIFT,U(-1,1),512,7168,7168,16x128x32_w4f2,SKIP,MF path-B not implemented
INT8,LUT,U(-1,1),512,7168,7168,16x256x32_w4f4,OK,ms=14.474,tflops=3.64,gbps=5.8,maxabs=3.949e-02,p99=1.846e-02,rel=2.594e-04
INT8,BITSHIFT,U(-1,1),512,7168,7168,16x256x32_w4f4,SKIP,MF path-B not implemented
INT8,LUT,U(-1,1),512,7168,7168,128x64x32_w4_v1,OK,ms=5.739,tflops=9.17,gbps=14.6,maxabs=3.949e-02,p99=1.846e-02,rel=2.594e-04
INT8,BITSHIFT,U(-1,1),512,7168,7168,128x64x32_w4_v1,SKIP,v1 path-B not implemented
INT8,LUT,U(-1,1),512,7168,7168,128x128x32_w4_v1,OK,ms=7.264,tflops=7.24,gbps=11.6,maxabs=3.949e-02,p99=1.846e-02,rel=2.594e-04
INT8,BITSHIFT,U(-1,1),512,7168,7168,128x128x32_w4_v1,SKIP,v1 path-B not implemented
INT8,LUT,U(-1,1),512,7168,7168,128x256x32_w4_v1,OK,ms=10.850,tflops=4.85,gbps=7.7,maxabs=3.949e-02,p99=1.846e-02,rel=2.594e-04
INT8,BITSHIFT,U(-1,1),512,7168,7168,128x256x32_w4_v1,SKIP,v1 path-B not implemented
INT8,LUT,U(-1,1),512,7168,7168,128x256x32_w8_v1,OK,ms=6.838,tflops=7.69,gbps=12.3,maxabs=3.949e-02,p99=1.846e-02,rel=2.594e-04
INT8,BITSHIFT,U(-1,1),512,7168,7168,128x256x32_w8_v1,SKIP,v1 path-B not implemented
INT8,LUT,U(-1,1),512,7168,7168,64x64x32_w4_v1,OK,ms=6.373,tflops=8.26,gbps=13.2,maxabs=3.949e-02,p99=1.846e-02,rel=2.594e-04
INT8,BITSHIFT,U(-1,1),512,7168,7168,64x64x32_w4_v1,SKIP,v1 path-B not implemented
INT8,LUT,U(-1,1),512,7168,7168,64x128x32_w4_v1,OK,ms=6.032,tflops=8.72,gbps=13.9,maxabs=3.949e-02,p99=1.846e-02,rel=2.594e-04
INT8,BITSHIFT,U(-1,1),512,7168,7168,64x128x32_w4_v1,SKIP,v1 path-B not implemented
INT8,LUT,U(-1,1),512,7168,7168,128x64x32_w4_v2,OK,ms=4.074,tflops=12.92,gbps=20.6,maxabs=3.949e-02,p99=1.846e-02,rel=2.594e-04
INT8,BITSHIFT,U(-1,1),512,7168,7168,128x64x32_w4_v2,SKIP,v2 path-B not implemented
INT8,LUT,U(-1,1),512,7168,7168,128x128x32_w4_v2,OK,ms=3.797,tflops=13.86,gbps=22.1,maxabs=3.949e-02,p99=1.846e-02,rel=2.594e-04
INT8,BITSHIFT,U(-1,1),512,7168,7168,128x128x32_w4_v2,SKIP,v2 path-B not implemented
INT8,LUT,U(-1,1),512,7168,7168,128x256x32_w4_v2,OK,ms=4.959,tflops=10.61,gbps=16.9,maxabs=3.949e-02,p99=1.846e-02,rel=2.594e-04
INT8,BITSHIFT,U(-1,1),512,7168,7168,128x256x32_w4_v2,SKIP,v2 path-B not implemented
INT8,LUT,U(-1,1),512,7168,7168,128x256x32_w8_v2,OK,ms=3.290,tflops=15.99,gbps=25.5,maxabs=3.949e-02,p99=1.846e-02,rel=2.594e-04
INT8,BITSHIFT,U(-1,1),512,7168,7168,128x256x32_w8_v2,SKIP,v2 path-B not implemented
INT8,LUT,U(-1,1),512,7168,7168,64x64x32_w4_v2,OK,ms=3.432,tflops=15.33,gbps=24.5,maxabs=3.949e-02,p99=1.846e-02,rel=2.594e-04
INT8,BITSHIFT,U(-1,1),512,7168,7168,64x64x32_w4_v2,SKIP,v2 path-B not implemented
INT8,LUT,U(-1,1),512,7168,7168,64x128x32_w4_v2,OK,ms=3.291,tflops=15.99,gbps=25.5,maxabs=3.949e-02,p99=1.846e-02,rel=2.594e-04
INT8,BITSHIFT,U(-1,1),512,7168,7168,64x128x32_w4_v2,SKIP,v2 path-B not implemented
INT8,LUT,U(-1,1),512,7168,7168,128x64x32_w4_v3,OK,ms=2.528,tflops=20.82,gbps=33.2,maxabs=3.949e-02,p99=1.846e-02,rel=2.594e-04
INT8,BITSHIFT,U(-1,1),512,7168,7168,128x64x32_w4_v3,SKIP,v3 path-B not implemented
INT8,LUT,U(-1,1),512,7168,7168,128x128x32_w4_v3,OK,ms=2.534,tflops=20.77,gbps=33.1,maxabs=3.949e-02,p99=1.846e-02,rel=2.594e-04
INT8,BITSHIFT,U(-1,1),512,7168,7168,128x128x32_w4_v3,SKIP,v3 path-B not implemented
INT8,LUT,U(-1,1),512,7168,7168,128x256x32_w8_v3,SKIP,smem > 48KiB
INT8,BITSHIFT,U(-1,1),512,7168,7168,128x256x32_w8_v3,SKIP,smem > 48KiB
INT8,LUT,U(-1,1),512,7168,7168,64x64x32_w4_v3,OK,ms=3.204,tflops=16.42,gbps=26.2,maxabs=3.949e-02,p99=1.846e-02,rel=2.594e-04
INT8,BITSHIFT,U(-1,1),512,7168,7168,64x64x32_w4_v3,SKIP,v3 path-B not implemented
INT8,LUT,U(-1,1),512,7168,7168,64x128x32_w4_v3,OK,ms=1.962,tflops=26.81,gbps=42.8,maxabs=3.949e-02,p99=1.846e-02,rel=2.594e-04
INT8,BITSHIFT,U(-1,1),512,7168,7168,64x128x32_w4_v3,SKIP,v3 path-B not implemented
INT8,LUT,U(-1,1),512,7168,7168,32x128x32_w4_v3_b1,OK,ms=2.816,tflops=18.69,gbps=29.8,maxabs=3.949e-02,p99=1.846e-02,rel=2.594e-04
INT8,BITSHIFT,U(-1,1),512,7168,7168,32x128x32_w4_v3_b1,SKIP,v3 path-B not implemented
INT8,LUT,U(-1,1),512,7168,7168,32x64x32_w4_v3_b1,OK,ms=3.677,tflops=14.31,gbps=22.8,maxabs=3.949e-02,p99=1.846e-02,rel=2.594e-04
INT8,BITSHIFT,U(-1,1),512,7168,7168,32x64x32_w4_v3_b1,SKIP,v3 path-B not implemented
INT8,LUT,U(-1,1),512,7168,7168,32x256x32_w8_v3_b1,OK,ms=2.839,tflops=18.53,gbps=29.6,maxabs=3.949e-02,p99=1.846e-02,rel=2.594e-04
INT8,BITSHIFT,U(-1,1),512,7168,7168,32x256x32_w8_v3_b1,SKIP,v3 path-B not implemented
INT8,LUT,U(-1,1),512,7168,7168,128x128x32_w8_v3_b1alt,OK,ms=3.293,tflops=15.98,gbps=25.5,maxabs=3.949e-02,p99=1.846e-02,rel=2.594e-04
INT8,BITSHIFT,U(-1,1),512,7168,7168,128x128x32_w8_v3_b1alt,SKIP,v3 path-B not implemented
INT8,LUT,U(-1,1),512,7168,7168,64x128x32_w8_v3_b1alt,OK,ms=2.884,tflops=18.24,gbps=29.1,maxabs=3.949e-02,p99=1.846e-02,rel=2.594e-04
INT8,BITSHIFT,U(-1,1),512,7168,7168,64x128x32_w8_v3_b1alt,SKIP,v3 path-B not implemented
INT8,LUT,U(-1,1),512,7168,7168,128x64x32_w4_v4,OK,ms=2.614,tflops=20.13,gbps=32.1,maxabs=3.949e-02,p99=1.846e-02,rel=2.594e-04
INT8,BITSHIFT,U(-1,1),512,7168,7168,128x64x32_w4_v4,SKIP,v4 path-B not implemented
INT8,LUT,U(-1,1),512,7168,7168,128x128x32_w4_v4,OK,ms=2.516,tflops=20.92,gbps=33.4,maxabs=3.949e-02,p99=1.846e-02,rel=2.594e-04
INT8,BITSHIFT,U(-1,1),512,7168,7168,128x128x32_w4_v4,SKIP,v4 path-B not implemented
INT8,LUT,U(-1,1),512,7168,7168,64x64x32_w4_v4,OK,ms=3.199,tflops=16.45,gbps=26.2,maxabs=3.949e-02,p99=1.846e-02,rel=2.594e-04
INT8,BITSHIFT,U(-1,1),512,7168,7168,64x64x32_w4_v4,SKIP,v4 path-B not implemented
INT8,LUT,U(-1,1),512,7168,7168,64x128x32_w4_v4,OK,ms=2.017,tflops=26.09,gbps=41.6,maxabs=3.949e-02,p99=1.846e-02,rel=2.594e-04
INT8,BITSHIFT,U(-1,1),512,7168,7168,64x128x32_w4_v4,SKIP,v4 path-B not implemented
INT8,LUT,U(-1,1),512,7168,7168,128x64x32_w4_v5,OK,ms=3.173,tflops=16.58,gbps=26.5,maxabs=3.949e-02,p99=1.846e-02,rel=2.594e-04
INT8,BITSHIFT,U(-1,1),512,7168,7168,128x64x32_w4_v5,SKIP,v5 path-B not implemented
INT8,LUT,U(-1,1),512,7168,7168,128x128x32_w4_v5,OK,ms=2.291,tflops=22.97,gbps=36.6,maxabs=3.949e-02,p99=1.846e-02,rel=2.594e-04
INT8,BITSHIFT,U(-1,1),512,7168,7168,128x128x32_w4_v5,SKIP,v5 path-B not implemented
INT8,LUT,U(-1,1),512,7168,7168,64x64x32_w4_v5,OK,ms=3.874,tflops=13.58,gbps=21.7,maxabs=3.949e-02,p99=1.846e-02,rel=2.594e-04
INT8,BITSHIFT,U(-1,1),512,7168,7168,64x64x32_w4_v5,SKIP,v5 path-B not implemented
INT8,LUT,U(-1,1),512,7168,7168,64x128x32_w4_v5,OK,ms=2.403,tflops=21.89,gbps=34.9,maxabs=3.949e-02,p99=1.846e-02,rel=2.594e-04
INT8,BITSHIFT,U(-1,1),512,7168,7168,64x128x32_w4_v5,SKIP,v5 path-B not implemented
INT8,LUT,U(-1,1),512,7168,7168,128x128x64_w4_v6,OK,ms=3.378,tflops=15.58,gbps=24.9,maxabs=3.949e-02,p99=1.846e-02,rel=2.594e-04
INT8,BITSHIFT,U(-1,1),512,7168,7168,128x128x64_w4_v6,SKIP,v6 path-B not implemented
INT8,LUT,U(-1,1),512,7168,7168,128x64x64_w4_v6,OK,ms=4.359,tflops=12.07,gbps=19.3,maxabs=3.949e-02,p99=1.846e-02,rel=2.594e-04
INT8,BITSHIFT,U(-1,1),512,7168,7168,128x64x64_w4_v6,SKIP,v6 path-B not implemented
INT8,LUT,U(-1,1),512,7168,7168,64x128x64_w4_v6,OK,ms=2.777,tflops=18.95,gbps=30.2,maxabs=3.949e-02,p99=1.846e-02,rel=2.594e-04
INT8,BITSHIFT,U(-1,1),512,7168,7168,64x128x64_w4_v6,SKIP,v6 path-B not implemented
INT8,LUT,U(-1,1),512,7168,7168,64x64x64_w4_v6,OK,ms=5.531,tflops=9.51,gbps=15.2,maxabs=3.949e-02,p99=1.846e-02,rel=2.594e-04
INT8,BITSHIFT,U(-1,1),512,7168,7168,64x64x64_w4_v6,SKIP,v6 path-B not implemented
INT8,LUT,U(-1,1),512,7168,7168,64x128x32_w4_v7,OK,ms=2.384,tflops=22.07,gbps=35.2,maxabs=3.949e-02,p99=1.846e-02,rel=2.594e-04
INT8,BITSHIFT,U(-1,1),512,7168,7168,64x128x32_w4_v7,SKIP,v7 path-B not implemented
INT8,LUT,U(-1,1),512,7168,7168,64x64x32_w4_v7,OK,ms=3.015,tflops=17.45,gbps=27.8,maxabs=3.949e-02,p99=1.846e-02,rel=2.594e-04
INT8,BITSHIFT,U(-1,1),512,7168,7168,64x64x32_w4_v7,SKIP,v7 path-B not implemented
INT8,LUT,U(-1,1),512,7168,7168,32x128x32_w4_v7,OK,ms=4.138,tflops=12.71,gbps=20.3,maxabs=3.949e-02,p99=1.846e-02,rel=2.594e-04
INT8,BITSHIFT,U(-1,1),512,7168,7168,32x128x32_w4_v7,SKIP,v7 path-B not implemented
INT8,LUT,U(-1,1),512,7168,7168,32x64x32_w4_v7,OK,ms=3.901,tflops=13.49,gbps=21.5,maxabs=3.949e-02,p99=1.846e-02,rel=2.594e-04
INT8,BITSHIFT,U(-1,1),512,7168,7168,32x64x32_w4_v7,SKIP,v7 path-B not implemented
INT8,LUT,U(-1,1),1024,7168,7168,16x64x32_w4,OK,ms=21.160,tflops=4.97,gbps=5.4,maxabs=3.979e-02,p99=1.832e-02,rel=2.594e-04
INT8,BITSHIFT,U(-1,1),1024,7168,7168,16x64x32_w4,OK,ms=29.351,tflops=3.59,gbps=3.9,maxabs=2.680e-02,p99=1.347e-02,rel=1.846e-04
INT8,LUT,U(-1,1),1024,7168,7168,16x128x32_w8,OK,ms=21.839,tflops=4.82,gbps=5.2,maxabs=3.979e-02,p99=1.832e-02,rel=2.594e-04
INT8,BITSHIFT,U(-1,1),1024,7168,7168,16x128x32_w8,OK,ms=28.093,tflops=3.75,gbps=4.0,maxabs=2.680e-02,p99=1.347e-02,rel=1.846e-04
INT8,LUT,U(-1,1),1024,7168,7168,16x128x32_w4f2,OK,ms=20.411,tflops=5.16,gbps=5.6,maxabs=3.979e-02,p99=1.832e-02,rel=2.594e-04
INT8,BITSHIFT,U(-1,1),1024,7168,7168,16x128x32_w4f2,SKIP,MF path-B not implemented
INT8,LUT,U(-1,1),1024,7168,7168,16x256x32_w4f4,OK,ms=28.812,tflops=3.65,gbps=3.9,maxabs=3.979e-02,p99=1.832e-02,rel=2.594e-04
INT8,BITSHIFT,U(-1,1),1024,7168,7168,16x256x32_w4f4,SKIP,MF path-B not implemented
INT8,LUT,U(-1,1),1024,7168,7168,128x64x32_w4_v1,OK,ms=8.468,tflops=12.43,gbps=13.4,maxabs=3.979e-02,p99=1.832e-02,rel=2.594e-04
INT8,BITSHIFT,U(-1,1),1024,7168,7168,128x64x32_w4_v1,SKIP,v1 path-B not implemented
INT8,LUT,U(-1,1),1024,7168,7168,128x128x32_w4_v1,OK,ms=10.801,tflops=9.74,gbps=10.5,maxabs=3.979e-02,p99=1.832e-02,rel=2.594e-04
INT8,BITSHIFT,U(-1,1),1024,7168,7168,128x128x32_w4_v1,SKIP,v1 path-B not implemented
INT8,LUT,U(-1,1),1024,7168,7168,128x256x32_w4_v1,OK,ms=22.366,tflops=4.70,gbps=5.1,maxabs=3.979e-02,p99=1.832e-02,rel=2.594e-04
INT8,BITSHIFT,U(-1,1),1024,7168,7168,128x256x32_w4_v1,SKIP,v1 path-B not implemented
INT8,LUT,U(-1,1),1024,7168,7168,128x256x32_w8_v1,OK,ms=10.175,tflops=10.34,gbps=11.1,maxabs=3.979e-02,p99=1.832e-02,rel=2.594e-04
INT8,BITSHIFT,U(-1,1),1024,7168,7168,128x256x32_w8_v1,SKIP,v1 path-B not implemented
INT8,LUT,U(-1,1),1024,7168,7168,64x64x32_w4_v1,OK,ms=10.684,tflops=9.85,gbps=10.6,maxabs=3.979e-02,p99=1.832e-02,rel=2.594e-04
INT8,BITSHIFT,U(-1,1),1024,7168,7168,64x64x32_w4_v1,SKIP,v1 path-B not implemented
INT8,LUT,U(-1,1),1024,7168,7168,64x128x32_w4_v1,OK,ms=12.148,tflops=8.66,gbps=9.3,maxabs=3.979e-02,p99=1.832e-02,rel=2.594e-04
INT8,BITSHIFT,U(-1,1),1024,7168,7168,64x128x32_w4_v1,SKIP,v1 path-B not implemented
INT8,LUT,U(-1,1),1024,7168,7168,128x64x32_w4_v2,OK,ms=6.293,tflops=16.72,gbps=18.0,maxabs=3.979e-02,p99=1.832e-02,rel=2.594e-04
INT8,BITSHIFT,U(-1,1),1024,7168,7168,128x64x32_w4_v2,SKIP,v2 path-B not implemented
INT8,LUT,U(-1,1),1024,7168,7168,128x128x32_w4_v2,OK,ms=5.796,tflops=18.16,gbps=19.6,maxabs=3.979e-02,p99=1.832e-02,rel=2.594e-04
INT8,BITSHIFT,U(-1,1),1024,7168,7168,128x128x32_w4_v2,SKIP,v2 path-B not implemented
INT8,LUT,U(-1,1),1024,7168,7168,128x256x32_w4_v2,OK,ms=11.433,tflops=9.20,gbps=9.9,maxabs=3.979e-02,p99=1.832e-02,rel=2.594e-04
INT8,BITSHIFT,U(-1,1),1024,7168,7168,128x256x32_w4_v2,SKIP,v2 path-B not implemented
INT8,LUT,U(-1,1),1024,7168,7168,128x256x32_w8_v2,OK,ms=4.937,tflops=21.32,gbps=23.0,maxabs=3.979e-02,p99=1.832e-02,rel=2.594e-04
INT8,BITSHIFT,U(-1,1),1024,7168,7168,128x256x32_w8_v2,SKIP,v2 path-B not implemented
INT8,LUT,U(-1,1),1024,7168,7168,64x64x32_w4_v2,OK,ms=6.827,tflops=15.41,gbps=16.6,maxabs=3.979e-02,p99=1.832e-02,rel=2.594e-04
INT8,BITSHIFT,U(-1,1),1024,7168,7168,64x64x32_w4_v2,SKIP,v2 path-B not implemented
INT8,LUT,U(-1,1),1024,7168,7168,64x128x32_w4_v2,OK,ms=4.971,tflops=21.17,gbps=22.8,maxabs=3.979e-02,p99=1.832e-02,rel=2.594e-04
INT8,BITSHIFT,U(-1,1),1024,7168,7168,64x128x32_w4_v2,SKIP,v2 path-B not implemented
INT8,LUT,U(-1,1),1024,7168,7168,128x64x32_w4_v3,OK,ms=5.037,tflops=20.89,gbps=22.5,maxabs=3.979e-02,p99=1.832e-02,rel=2.594e-04
INT8,BITSHIFT,U(-1,1),1024,7168,7168,128x64x32_w4_v3,SKIP,v3 path-B not implemented
INT8,LUT,U(-1,1),1024,7168,7168,128x128x32_w4_v3,OK,ms=3.819,tflops=27.55,gbps=29.7,maxabs=3.979e-02,p99=1.832e-02,rel=2.594e-04
INT8,BITSHIFT,U(-1,1),1024,7168,7168,128x128x32_w4_v3,SKIP,v3 path-B not implemented
INT8,LUT,U(-1,1),1024,7168,7168,128x256x32_w8_v3,SKIP,smem > 48KiB
INT8,BITSHIFT,U(-1,1),1024,7168,7168,128x256x32_w8_v3,SKIP,smem > 48KiB
INT8,LUT,U(-1,1),1024,7168,7168,64x64x32_w4_v3,OK,ms=5.760,tflops=18.27,gbps=19.7,maxabs=3.979e-02,p99=1.832e-02,rel=2.594e-04
INT8,BITSHIFT,U(-1,1),1024,7168,7168,64x64x32_w4_v3,SKIP,v3 path-B not implemented
INT8,LUT,U(-1,1),1024,7168,7168,64x128x32_w4_v3,OK,ms=3.928,tflops=26.79,gbps=28.8,maxabs=3.979e-02,p99=1.832e-02,rel=2.594e-04
INT8,BITSHIFT,U(-1,1),1024,7168,7168,64x128x32_w4_v3,SKIP,v3 path-B not implemented
INT8,LUT,U(-1,1),1024,7168,7168,32x128x32_w4_v3_b1,OK,ms=5.596,tflops=18.80,gbps=20.2,maxabs=3.979e-02,p99=1.832e-02,rel=2.594e-04
INT8,BITSHIFT,U(-1,1),1024,7168,7168,32x128x32_w4_v3_b1,SKIP,v3 path-B not implemented
INT8,LUT,U(-1,1),1024,7168,7168,32x64x32_w4_v3_b1,OK,ms=7.276,tflops=14.46,gbps=15.6,maxabs=3.979e-02,p99=1.832e-02,rel=2.594e-04
INT8,BITSHIFT,U(-1,1),1024,7168,7168,32x64x32_w4_v3_b1,SKIP,v3 path-B not implemented
INT8,LUT,U(-1,1),1024,7168,7168,32x256x32_w8_v3_b1,OK,ms=5.681,tflops=18.52,gbps=19.9,maxabs=3.979e-02,p99=1.832e-02,rel=2.594e-04
INT8,BITSHIFT,U(-1,1),1024,7168,7168,32x256x32_w8_v3_b1,SKIP,v3 path-B not implemented
INT8,LUT,U(-1,1),1024,7168,7168,128x128x32_w8_v3_b1alt,OK,ms=4.920,tflops=21.39,gbps=23.0,maxabs=3.979e-02,p99=1.832e-02,rel=2.594e-04
INT8,BITSHIFT,U(-1,1),1024,7168,7168,128x128x32_w8_v3_b1alt,SKIP,v3 path-B not implemented
INT8,LUT,U(-1,1),1024,7168,7168,64x128x32_w8_v3_b1alt,OK,ms=5.756,tflops=18.28,gbps=19.7,maxabs=3.979e-02,p99=1.832e-02,rel=2.594e-04
INT8,BITSHIFT,U(-1,1),1024,7168,7168,64x128x32_w8_v3_b1alt,SKIP,v3 path-B not implemented
INT8,LUT,U(-1,1),1024,7168,7168,128x64x32_w4_v4,OK,ms=5.209,tflops=20.20,gbps=21.8,maxabs=3.979e-02,p99=1.832e-02,rel=2.594e-04
INT8,BITSHIFT,U(-1,1),1024,7168,7168,128x64x32_w4_v4,SKIP,v4 path-B not implemented
INT8,LUT,U(-1,1),1024,7168,7168,128x128x32_w4_v4,OK,ms=3.783,tflops=27.81,gbps=30.0,maxabs=3.979e-02,p99=1.832e-02,rel=2.594e-04
INT8,BITSHIFT,U(-1,1),1024,7168,7168,128x128x32_w4_v4,SKIP,v4 path-B not implemented
INT8,LUT,U(-1,1),1024,7168,7168,64x64x32_w4_v4,OK,ms=5.875,tflops=17.91,gbps=19.3,maxabs=3.979e-02,p99=1.832e-02,rel=2.594e-04
INT8,BITSHIFT,U(-1,1),1024,7168,7168,64x64x32_w4_v4,SKIP,v4 path-B not implemented
INT8,LUT,U(-1,1),1024,7168,7168,64x128x32_w4_v4,OK,ms=3.994,tflops=26.34,gbps=28.4,maxabs=3.979e-02,p99=1.832e-02,rel=2.594e-04
INT8,BITSHIFT,U(-1,1),1024,7168,7168,64x128x32_w4_v4,SKIP,v4 path-B not implemented
INT8,LUT,U(-1,1),1024,7168,7168,128x64x32_w4_v5,OK,ms=6.542,tflops=16.09,gbps=17.3,maxabs=3.979e-02,p99=1.832e-02,rel=2.594e-04
INT8,BITSHIFT,U(-1,1),1024,7168,7168,128x64x32_w4_v5,SKIP,v5 path-B not implemented
INT8,LUT,U(-1,1),1024,7168,7168,128x128x32_w4_v5,OK,ms=3.874,tflops=27.16,gbps=29.3,maxabs=3.979e-02,p99=1.832e-02,rel=2.594e-04
INT8,BITSHIFT,U(-1,1),1024,7168,7168,128x128x32_w4_v5,SKIP,v5 path-B not implemented
INT8,LUT,U(-1,1),1024,7168,7168,64x64x32_w4_v5,OK,ms=7.721,tflops=13.63,gbps=14.7,maxabs=3.979e-02,p99=1.832e-02,rel=2.594e-04
INT8,BITSHIFT,U(-1,1),1024,7168,7168,64x64x32_w4_v5,SKIP,v5 path-B not implemented
INT8,LUT,U(-1,1),1024,7168,7168,64x128x32_w4_v5,OK,ms=4.876,tflops=21.58,gbps=23.2,maxabs=3.979e-02,p99=1.832e-02,rel=2.594e-04
INT8,BITSHIFT,U(-1,1),1024,7168,7168,64x128x32_w4_v5,SKIP,v5 path-B not implemented
INT8,LUT,U(-1,1),1024,7168,7168,128x128x64_w4_v6,OK,ms=5.034,tflops=20.91,gbps=22.5,maxabs=3.979e-02,p99=1.832e-02,rel=2.594e-04
INT8,BITSHIFT,U(-1,1),1024,7168,7168,128x128x64_w4_v6,SKIP,v6 path-B not implemented
INT8,LUT,U(-1,1),1024,7168,7168,128x64x64_w4_v6,OK,ms=8.686,tflops=12.11,gbps=13.0,maxabs=3.979e-02,p99=1.832e-02,rel=2.594e-04
INT8,BITSHIFT,U(-1,1),1024,7168,7168,128x64x64_w4_v6,SKIP,v6 path-B not implemented
INT8,LUT,U(-1,1),1024,7168,7168,64x128x64_w4_v6,OK,ms=5.532,tflops=19.02,gbps=20.5,maxabs=3.979e-02,p99=1.832e-02,rel=2.594e-04
INT8,BITSHIFT,U(-1,1),1024,7168,7168,64x128x64_w4_v6,SKIP,v6 path-B not implemented
INT8,LUT,U(-1,1),1024,7168,7168,64x64x64_w4_v6,OK,ms=9.585,tflops=10.98,gbps=11.8,maxabs=3.979e-02,p99=1.832e-02,rel=2.594e-04
INT8,BITSHIFT,U(-1,1),1024,7168,7168,64x64x64_w4_v6,SKIP,v6 path-B not implemented
INT8,LUT,U(-1,1),1024,7168,7168,64x128x32_w4_v7,OK,ms=4.763,tflops=22.09,gbps=23.8,maxabs=3.979e-02,p99=1.832e-02,rel=2.594e-04
INT8,BITSHIFT,U(-1,1),1024,7168,7168,64x128x32_w4_v7,SKIP,v7 path-B not implemented
INT8,LUT,U(-1,1),1024,7168,7168,64x64x32_w4_v7,OK,ms=6.011,tflops=17.50,gbps=18.8,maxabs=3.979e-02,p99=1.832e-02,rel=2.594e-04
INT8,BITSHIFT,U(-1,1),1024,7168,7168,64x64x32_w4_v7,SKIP,v7 path-B not implemented
INT8,LUT,U(-1,1),1024,7168,7168,32x128x32_w4_v7,OK,ms=8.320,tflops=12.65,gbps=13.6,maxabs=3.979e-02,p99=1.832e-02,rel=2.594e-04
INT8,BITSHIFT,U(-1,1),1024,7168,7168,32x128x32_w4_v7,SKIP,v7 path-B not implemented
INT8,LUT,U(-1,1),1024,7168,7168,32x64x32_w4_v7,OK,ms=7.657,tflops=13.74,gbps=14.8,maxabs=3.979e-02,p99=1.832e-02,rel=2.594e-04
INT8,BITSHIFT,U(-1,1),1024,7168,7168,32x64x32_w4_v7,SKIP,v7 path-B not implemented
INT8,LUT,U(-1,1),2048,7168,7168,16x64x32_w4,OK,ms=40.399,tflops=5.21,gbps=4.3,maxabs=3.975e-02,p99=1.811e-02,rel=2.594e-04
INT8,BITSHIFT,U(-1,1),2048,7168,7168,16x64x32_w4,OK,ms=58.785,tflops=3.58,gbps=2.9,maxabs=2.817e-02,p99=1.329e-02,rel=1.846e-04
INT8,LUT,U(-1,1),2048,7168,7168,16x128x32_w8,OK,ms=41.717,tflops=5.04,gbps=4.1,maxabs=3.975e-02,p99=1.811e-02,rel=2.594e-04
INT8,BITSHIFT,U(-1,1),2048,7168,7168,16x128x32_w8,OK,ms=55.631,tflops=3.78,gbps=3.1,maxabs=2.817e-02,p99=1.329e-02,rel=1.846e-04
INT8,LUT,U(-1,1),2048,7168,7168,16x128x32_w4f2,OK,ms=37.910,tflops=5.55,gbps=4.5,maxabs=3.975e-02,p99=1.811e-02,rel=2.594e-04
INT8,BITSHIFT,U(-1,1),2048,7168,7168,16x128x32_w4f2,SKIP,MF path-B not implemented
INT8,LUT,U(-1,1),2048,7168,7168,16x256x32_w4f4,OK,ms=57.667,tflops=3.65,gbps=3.0,maxabs=3.975e-02,p99=1.811e-02,rel=2.594e-04
INT8,BITSHIFT,U(-1,1),2048,7168,7168,16x256x32_w4f4,SKIP,MF path-B not implemented
INT8,LUT,U(-1,1),2048,7168,7168,128x64x32_w4_v1,OK,ms=17.121,tflops=12.29,gbps=10.0,maxabs=3.975e-02,p99=1.811e-02,rel=2.594e-04
INT8,BITSHIFT,U(-1,1),2048,7168,7168,128x64x32_w4_v1,SKIP,v1 path-B not implemented
INT8,LUT,U(-1,1),2048,7168,7168,128x128x32_w4_v1,OK,ms=21.851,tflops=9.63,gbps=7.9,maxabs=3.975e-02,p99=1.811e-02,rel=2.594e-04
INT8,BITSHIFT,U(-1,1),2048,7168,7168,128x128x32_w4_v1,SKIP,v1 path-B not implemented
INT8,LUT,U(-1,1),2048,7168,7168,128x256x32_w4_v1,OK,ms=37.716,tflops=5.58,gbps=4.6,maxabs=3.975e-02,p99=1.811e-02,rel=2.594e-04
INT8,BITSHIFT,U(-1,1),2048,7168,7168,128x256x32_w4_v1,SKIP,v1 path-B not implemented
INT8,LUT,U(-1,1),2048,7168,7168,128x256x32_w8_v1,OK,ms=20.362,tflops=10.34,gbps=8.4,maxabs=3.975e-02,p99=1.811e-02,rel=2.594e-04
INT8,BITSHIFT,U(-1,1),2048,7168,7168,128x256x32_w8_v1,SKIP,v1 path-B not implemented
INT8,LUT,U(-1,1),2048,7168,7168,64x64x32_w4_v1,OK,ms=19.157,tflops=10.99,gbps=9.0,maxabs=3.975e-02,p99=1.811e-02,rel=2.594e-04
INT8,BITSHIFT,U(-1,1),2048,7168,7168,64x64x32_w4_v1,SKIP,v1 path-B not implemented
INT8,LUT,U(-1,1),2048,7168,7168,64x128x32_w4_v1,OK,ms=24.527,tflops=8.58,gbps=7.0,maxabs=3.975e-02,p99=1.811e-02,rel=2.594e-04
INT8,BITSHIFT,U(-1,1),2048,7168,7168,64x128x32_w4_v1,SKIP,v1 path-B not implemented
INT8,LUT,U(-1,1),2048,7168,7168,128x64x32_w4_v2,OK,ms=12.863,tflops=16.36,gbps=13.4,maxabs=3.975e-02,p99=1.811e-02,rel=2.594e-04
INT8,BITSHIFT,U(-1,1),2048,7168,7168,128x64x32_w4_v2,SKIP,v2 path-B not implemented
INT8,LUT,U(-1,1),2048,7168,7168,128x128x32_w4_v2,OK,ms=11.674,tflops=18.03,gbps=14.7,maxabs=3.975e-02,p99=1.811e-02,rel=2.594e-04
INT8,BITSHIFT,U(-1,1),2048,7168,7168,128x128x32_w4_v2,SKIP,v2 path-B not implemented
INT8,LUT,U(-1,1),2048,7168,7168,128x256x32_w4_v2,OK,ms=19.943,tflops=10.55,gbps=8.6,maxabs=3.975e-02,p99=1.811e-02,rel=2.594e-04
INT8,BITSHIFT,U(-1,1),2048,7168,7168,128x256x32_w4_v2,SKIP,v2 path-B not implemented
INT8,LUT,U(-1,1),2048,7168,7168,128x256x32_w8_v2,OK,ms=9.864,tflops=21.33,gbps=17.4,maxabs=3.975e-02,p99=1.811e-02,rel=2.594e-04
INT8,BITSHIFT,U(-1,1),2048,7168,7168,128x256x32_w8_v2,SKIP,v2 path-B not implemented
INT8,LUT,U(-1,1),2048,7168,7168,64x64x32_w4_v2,OK,ms=13.385,tflops=15.72,gbps=12.9,maxabs=3.975e-02,p99=1.811e-02,rel=2.594e-04
INT8,BITSHIFT,U(-1,1),2048,7168,7168,64x64x32_w4_v2,SKIP,v2 path-B not implemented
INT8,LUT,U(-1,1),2048,7168,7168,64x128x32_w4_v2,OK,ms=9.864,tflops=21.34,gbps=17.4,maxabs=3.975e-02,p99=1.811e-02,rel=2.594e-04
INT8,BITSHIFT,U(-1,1),2048,7168,7168,64x128x32_w4_v2,SKIP,v2 path-B not implemented
INT8,LUT,U(-1,1),2048,7168,7168,128x64x32_w4_v3,OK,ms=10.049,tflops=20.94,gbps=17.1,maxabs=3.975e-02,p99=1.811e-02,rel=2.594e-04
INT8,BITSHIFT,U(-1,1),2048,7168,7168,128x64x32_w4_v3,SKIP,v3 path-B not implemented
INT8,LUT,U(-1,1),2048,7168,7168,128x128x32_w4_v3,OK,ms=7.694,tflops=27.35,gbps=22.4,maxabs=3.975e-02,p99=1.811e-02,rel=2.594e-04
INT8,BITSHIFT,U(-1,1),2048,7168,7168,128x128x32_w4_v3,SKIP,v3 path-B not implemented
INT8,LUT,U(-1,1),2048,7168,7168,128x256x32_w8_v3,SKIP,smem > 48KiB
INT8,BITSHIFT,U(-1,1),2048,7168,7168,128x256x32_w8_v3,SKIP,smem > 48KiB
INT8,LUT,U(-1,1),2048,7168,7168,64x64x32_w4_v3,OK,ms=10.534,tflops=19.98,gbps=16.3,maxabs=3.975e-02,p99=1.811e-02,rel=2.594e-04
INT8,BITSHIFT,U(-1,1),2048,7168,7168,64x64x32_w4_v3,SKIP,v3 path-B not implemented
INT8,LUT,U(-1,1),2048,7168,7168,64x128x32_w4_v3,OK,ms=7.794,tflops=27.00,gbps=22.1,maxabs=3.975e-02,p99=1.811e-02,rel=2.594e-04
INT8,BITSHIFT,U(-1,1),2048,7168,7168,64x128x32_w4_v3,SKIP,v3 path-B not implemented
INT8,LUT,U(-1,1),2048,7168,7168,32x128x32_w4_v3_b1,OK,ms=10.900,tflops=19.31,gbps=15.8,maxabs=3.975e-02,p99=1.811e-02,rel=2.594e-04
INT8,BITSHIFT,U(-1,1),2048,7168,7168,32x128x32_w4_v3_b1,SKIP,v3 path-B not implemented
INT8,LUT,U(-1,1),2048,7168,7168,32x64x32_w4_v3_b1,OK,ms=15.202,tflops=13.84,gbps=11.3,maxabs=3.975e-02,p99=1.811e-02,rel=2.594e-04
INT8,BITSHIFT,U(-1,1),2048,7168,7168,32x64x32_w4_v3_b1,SKIP,v3 path-B not implemented
INT8,LUT,U(-1,1),2048,7168,7168,32x256x32_w8_v3_b1,OK,ms=11.102,tflops=18.96,gbps=15.5,maxabs=3.975e-02,p99=1.811e-02,rel=2.594e-04
INT8,BITSHIFT,U(-1,1),2048,7168,7168,32x256x32_w8_v3_b1,SKIP,v3 path-B not implemented
INT8,LUT,U(-1,1),2048,7168,7168,128x128x32_w8_v3_b1alt,OK,ms=9.820,tflops=21.43,gbps=17.5,maxabs=3.975e-02,p99=1.811e-02,rel=2.594e-04
INT8,BITSHIFT,U(-1,1),2048,7168,7168,128x128x32_w8_v3_b1alt,SKIP,v3 path-B not implemented
INT8,LUT,U(-1,1),2048,7168,7168,64x128x32_w8_v3_b1alt,OK,ms=11.506,tflops=18.29,gbps=15.0,maxabs=3.975e-02,p99=1.811e-02,rel=2.594e-04
INT8,BITSHIFT,U(-1,1),2048,7168,7168,64x128x32_w8_v3_b1alt,SKIP,v3 path-B not implemented
INT8,LUT,U(-1,1),2048,7168,7168,128x64x32_w4_v4,OK,ms=10.392,tflops=20.25,gbps=16.6,maxabs=3.975e-02,p99=1.811e-02,rel=2.594e-04
INT8,BITSHIFT,U(-1,1),2048,7168,7168,128x64x32_w4_v4,SKIP,v4 path-B not implemented
INT8,LUT,U(-1,1),2048,7168,7168,128x128x32_w4_v4,OK,ms=7.600,tflops=27.69,gbps=22.6,maxabs=3.975e-02,p99=1.811e-02,rel=2.594e-04
INT8,BITSHIFT,U(-1,1),2048,7168,7168,128x128x32_w4_v4,SKIP,v4 path-B not implemented
INT8,LUT,U(-1,1),2048,7168,7168,64x64x32_w4_v4,OK,ms=11.081,tflops=18.99,gbps=15.5,maxabs=3.975e-02,p99=1.811e-02,rel=2.594e-04
INT8,BITSHIFT,U(-1,1),2048,7168,7168,64x64x32_w4_v4,SKIP,v4 path-B not implemented
INT8,LUT,U(-1,1),2048,7168,7168,64x128x32_w4_v4,OK,ms=7.927,tflops=26.55,gbps=21.7,maxabs=3.975e-02,p99=1.811e-02,rel=2.594e-04
INT8,BITSHIFT,U(-1,1),2048,7168,7168,64x128x32_w4_v4,SKIP,v4 path-B not implemented
INT8,LUT,U(-1,1),2048,7168,7168,128x64x32_w4_v5,OK,ms=12.899,tflops=16.32,gbps=13.3,maxabs=3.975e-02,p99=1.811e-02,rel=2.594e-04
INT8,BITSHIFT,U(-1,1),2048,7168,7168,128x64x32_w4_v5,SKIP,v5 path-B not implemented
INT8,LUT,U(-1,1),2048,7168,7168,128x128x32_w4_v5,OK,ms=7.904,tflops=26.63,gbps=21.8,maxabs=3.975e-02,p99=1.811e-02,rel=2.594e-04
INT8,BITSHIFT,U(-1,1),2048,7168,7168,128x128x32_w4_v5,SKIP,v5 path-B not implemented
INT8,LUT,U(-1,1),2048,7168,7168,64x64x32_w4_v5,OK,ms=15.129,tflops=13.91,gbps=11.4,maxabs=3.975e-02,p99=1.811e-02,rel=2.594e-04
INT8,BITSHIFT,U(-1,1),2048,7168,7168,64x64x32_w4_v5,SKIP,v5 path-B not implemented
INT8,LUT,U(-1,1),2048,7168,7168,64x128x32_w4_v5,OK,ms=9.733,tflops=21.62,gbps=17.7,maxabs=3.975e-02,p99=1.811e-02,rel=2.594e-04
INT8,BITSHIFT,U(-1,1),2048,7168,7168,64x128x32_w4_v5,SKIP,v5 path-B not implemented
INT8,LUT,U(-1,1),2048,7168,7168,128x128x64_w4_v6,OK,ms=10.021,tflops=21.00,gbps=17.2,maxabs=3.975e-02,p99=1.811e-02,rel=2.594e-04
INT8,BITSHIFT,U(-1,1),2048,7168,7168,128x128x64_w4_v6,SKIP,v6 path-B not implemented
INT8,LUT,U(-1,1),2048,7168,7168,128x64x64_w4_v6,OK,ms=17.334,tflops=12.14,gbps=9.9,maxabs=3.975e-02,p99=1.811e-02,rel=2.594e-04
INT8,BITSHIFT,U(-1,1),2048,7168,7168,128x64x64_w4_v6,SKIP,v6 path-B not implemented
INT8,LUT,U(-1,1),2048,7168,7168,64x128x64_w4_v6,OK,ms=11.027,tflops=19.09,gbps=15.6,maxabs=3.975e-02,p99=1.811e-02,rel=2.594e-04
INT8,BITSHIFT,U(-1,1),2048,7168,7168,64x128x64_w4_v6,SKIP,v6 path-B not implemented
INT8,LUT,U(-1,1),2048,7168,7168,64x64x64_w4_v6,OK,ms=17.241,tflops=12.21,gbps=10.0,maxabs=3.975e-02,p99=1.811e-02,rel=2.594e-04
INT8,BITSHIFT,U(-1,1),2048,7168,7168,64x64x64_w4_v6,SKIP,v6 path-B not implemented
INT8,LUT,U(-1,1),2048,7168,7168,64x128x32_w4_v7,OK,ms=9.513,tflops=22.12,gbps=18.1,maxabs=3.975e-02,p99=1.811e-02,rel=2.594e-04
INT8,BITSHIFT,U(-1,1),2048,7168,7168,64x128x32_w4_v7,SKIP,v7 path-B not implemented
INT8,LUT,U(-1,1),2048,7168,7168,64x64x32_w4_v7,OK,ms=11.371,tflops=18.51,gbps=15.1,maxabs=3.975e-02,p99=1.811e-02,rel=2.594e-04
INT8,BITSHIFT,U(-1,1),2048,7168,7168,64x64x32_w4_v7,SKIP,v7 path-B not implemented
INT8,LUT,U(-1,1),2048,7168,7168,32x128x32_w4_v7,OK,ms=15.976,tflops=13.17,gbps=10.8,maxabs=3.975e-02,p99=1.811e-02,rel=2.594e-04
INT8,BITSHIFT,U(-1,1),2048,7168,7168,32x128x32_w4_v7,SKIP,v7 path-B not implemented
INT8,LUT,U(-1,1),2048,7168,7168,32x64x32_w4_v7,OK,ms=14.896,tflops=14.13,gbps=11.5,maxabs=3.975e-02,p99=1.811e-02,rel=2.594e-04
INT8,BITSHIFT,U(-1,1),2048,7168,7168,32x64x32_w4_v7,SKIP,v7 path-B not implemented
INT4,LUT,U(-1,1),1,4096,4096,16x64x32_w4,OK,ms=0.659,tflops=0.05,gbps=14.4,maxabs=1.898e-02,p99=1.403e-02,rel=2.504e-04
INT4,BITSHIFT,U(-1,1),1,4096,4096,16x64x32_w4,OK,ms=0.358,tflops=0.09,gbps=26.5,maxabs=1.367e-02,p99=1.016e-02,rel=1.847e-04
INT4,LUT,U(-1,1),1,4096,4096,16x128x32_w8,OK,ms=0.769,tflops=0.04,gbps=12.3,maxabs=1.898e-02,p99=1.403e-02,rel=2.504e-04
INT4,BITSHIFT,U(-1,1),1,4096,4096,16x128x32_w8,OK,ms=0.414,tflops=0.08,gbps=22.9,maxabs=1.367e-02,p99=1.016e-02,rel=1.847e-04
INT4,LUT,U(-1,1),1,4096,4096,16x128x32_w4f2,SKIP,BN/WARPS != 16
INT4,BITSHIFT,U(-1,1),1,4096,4096,16x128x32_w4f2,SKIP,BN/WARPS != 16
INT4,LUT,U(-1,1),1,4096,4096,16x256x32_w4f4,SKIP,BN/WARPS != 16
INT4,BITSHIFT,U(-1,1),1,4096,4096,16x256x32_w4f4,SKIP,BN/WARPS != 16
INT4,LUT,U(-1,1),1,4096,4096,128x64x32_w4_v1,SKIP,no template instantiation for this tile
INT4,BITSHIFT,U(-1,1),1,4096,4096,128x64x32_w4_v1,SKIP,opt only LUT path
INT4,LUT,U(-1,1),1,4096,4096,128x128x32_w4_v1,SKIP,BN/WARPS != 16
INT4,BITSHIFT,U(-1,1),1,4096,4096,128x128x32_w4_v1,SKIP,BN/WARPS != 16
INT4,LUT,U(-1,1),1,4096,4096,128x256x32_w4_v1,SKIP,BN/WARPS != 16
INT4,BITSHIFT,U(-1,1),1,4096,4096,128x256x32_w4_v1,SKIP,BN/WARPS != 16
INT4,LUT,U(-1,1),1,4096,4096,128x256x32_w8_v1,SKIP,BN/WARPS != 16
INT4,BITSHIFT,U(-1,1),1,4096,4096,128x256x32_w8_v1,SKIP,BN/WARPS != 16
INT4,LUT,U(-1,1),1,4096,4096,64x64x32_w4_v1,SKIP,no template instantiation for this tile
INT4,BITSHIFT,U(-1,1),1,4096,4096,64x64x32_w4_v1,SKIP,opt only LUT path
INT4,LUT,U(-1,1),1,4096,4096,64x128x32_w4_v1,SKIP,BN/WARPS != 16
INT4,BITSHIFT,U(-1,1),1,4096,4096,64x128x32_w4_v1,SKIP,BN/WARPS != 16
INT4,LUT,U(-1,1),1,4096,4096,128x64x32_w4_v2,OK,ms=0.545,tflops=0.06,gbps=17.4,maxabs=1.898e-02,p99=1.403e-02,rel=2.504e-04
INT4,BITSHIFT,U(-1,1),1,4096,4096,128x64x32_w4_v2,SKIP,opt only LUT path
INT4,LUT,U(-1,1),1,4096,4096,128x128x32_w4_v2,SKIP,BN/WARPS != 16
INT4,BITSHIFT,U(-1,1),1,4096,4096,128x128x32_w4_v2,SKIP,BN/WARPS != 16
INT4,LUT,U(-1,1),1,4096,4096,128x256x32_w4_v2,SKIP,BN/WARPS != 16
INT4,BITSHIFT,U(-1,1),1,4096,4096,128x256x32_w4_v2,SKIP,BN/WARPS != 16
INT4,LUT,U(-1,1),1,4096,4096,128x256x32_w8_v2,SKIP,BN/WARPS != 16
INT4,BITSHIFT,U(-1,1),1,4096,4096,128x256x32_w8_v2,SKIP,BN/WARPS != 16
INT4,LUT,U(-1,1),1,4096,4096,64x64x32_w4_v2,OK,ms=0.424,tflops=0.08,gbps=22.3,maxabs=1.898e-02,p99=1.403e-02,rel=2.504e-04
INT4,BITSHIFT,U(-1,1),1,4096,4096,64x64x32_w4_v2,SKIP,opt only LUT path
INT4,LUT,U(-1,1),1,4096,4096,64x128x32_w4_v2,SKIP,BN/WARPS != 16
INT4,BITSHIFT,U(-1,1),1,4096,4096,64x128x32_w4_v2,SKIP,BN/WARPS != 16
INT4,LUT,U(-1,1),1,4096,4096,128x64x32_w4_v3,OK,ms=0.543,tflops=0.06,gbps=17.5,maxabs=1.898e-02,p99=1.403e-02,rel=2.504e-04
INT4,BITSHIFT,U(-1,1),1,4096,4096,128x64x32_w4_v3,SKIP,opt only LUT path
INT4,LUT,U(-1,1),1,4096,4096,128x128x32_w4_v3,SKIP,BN/WARPS != 16
INT4,BITSHIFT,U(-1,1),1,4096,4096,128x128x32_w4_v3,SKIP,BN/WARPS != 16
INT4,LUT,U(-1,1),1,4096,4096,128x256x32_w8_v3,SKIP,BN/WARPS != 16
INT4,BITSHIFT,U(-1,1),1,4096,4096,128x256x32_w8_v3,SKIP,BN/WARPS != 16
INT4,LUT,U(-1,1),1,4096,4096,64x64x32_w4_v3,OK,ms=0.424,tflops=0.08,gbps=22.3,maxabs=1.898e-02,p99=1.403e-02,rel=2.504e-04
INT4,BITSHIFT,U(-1,1),1,4096,4096,64x64x32_w4_v3,SKIP,opt only LUT path
INT4,LUT,U(-1,1),1,4096,4096,64x128x32_w4_v3,SKIP,BN/WARPS != 16
INT4,BITSHIFT,U(-1,1),1,4096,4096,64x128x32_w4_v3,SKIP,BN/WARPS != 16
INT4,LUT,U(-1,1),1,4096,4096,32x128x32_w4_v3_b1,SKIP,BN/WARPS != 16
INT4,BITSHIFT,U(-1,1),1,4096,4096,32x128x32_w4_v3_b1,SKIP,BN/WARPS != 16
INT4,LUT,U(-1,1),1,4096,4096,32x64x32_w4_v3_b1,OK,ms=0.383,tflops=0.09,gbps=24.7,maxabs=1.898e-02,p99=1.403e-02,rel=2.504e-04
INT4,BITSHIFT,U(-1,1),1,4096,4096,32x64x32_w4_v3_b1,SKIP,opt only LUT path
INT4,LUT,U(-1,1),1,4096,4096,32x256x32_w8_v3_b1,SKIP,BN/WARPS != 16
INT4,BITSHIFT,U(-1,1),1,4096,4096,32x256x32_w8_v3_b1,SKIP,BN/WARPS != 16
INT4,LUT,U(-1,1),1,4096,4096,128x128x32_w8_v3_b1alt,SKIP,no template instantiation for this tile
INT4,BITSHIFT,U(-1,1),1,4096,4096,128x128x32_w8_v3_b1alt,SKIP,opt only LUT path
INT4,LUT,U(-1,1),1,4096,4096,64x128x32_w8_v3_b1alt,SKIP,no template instantiation for this tile
INT4,BITSHIFT,U(-1,1),1,4096,4096,64x128x32_w8_v3_b1alt,SKIP,opt only LUT path
INT4,LUT,U(-1,1),1,4096,4096,128x64x32_w4_v4,OK,ms=0.545,tflops=0.06,gbps=17.4,maxabs=1.898e-02,p99=1.403e-02,rel=2.504e-04
INT4,BITSHIFT,U(-1,1),1,4096,4096,128x64x32_w4_v4,SKIP,opt only LUT path
INT4,LUT,U(-1,1),1,4096,4096,128x128x32_w4_v4,SKIP,BN/WARPS != 16
INT4,BITSHIFT,U(-1,1),1,4096,4096,128x128x32_w4_v4,SKIP,BN/WARPS != 16
INT4,LUT,U(-1,1),1,4096,4096,64x64x32_w4_v4,OK,ms=0.429,tflops=0.08,gbps=22.1,maxabs=1.898e-02,p99=1.403e-02,rel=2.504e-04
INT4,BITSHIFT,U(-1,1),1,4096,4096,64x64x32_w4_v4,SKIP,opt only LUT path
INT4,LUT,U(-1,1),1,4096,4096,64x128x32_w4_v4,SKIP,BN/WARPS != 16
INT4,BITSHIFT,U(-1,1),1,4096,4096,64x128x32_w4_v4,SKIP,BN/WARPS != 16
INT4,LUT,U(-1,1),1,4096,4096,128x64x32_w4_v5,OK,ms=0.547,tflops=0.06,gbps=17.3,maxabs=1.898e-02,p99=1.403e-02,rel=2.504e-04
INT4,BITSHIFT,U(-1,1),1,4096,4096,128x64x32_w4_v5,SKIP,opt only LUT path
INT4,LUT,U(-1,1),1,4096,4096,128x128x32_w4_v5,SKIP,BN/WARPS != 16
INT4,BITSHIFT,U(-1,1),1,4096,4096,128x128x32_w4_v5,SKIP,BN/WARPS != 16
INT4,LUT,U(-1,1),1,4096,4096,64x64x32_w4_v5,OK,ms=0.423,tflops=0.08,gbps=22.4,maxabs=1.898e-02,p99=1.403e-02,rel=2.504e-04
INT4,BITSHIFT,U(-1,1),1,4096,4096,64x64x32_w4_v5,SKIP,opt only LUT path
INT4,LUT,U(-1,1),1,4096,4096,64x128x32_w4_v5,SKIP,BN/WARPS != 16
INT4,BITSHIFT,U(-1,1),1,4096,4096,64x128x32_w4_v5,SKIP,BN/WARPS != 16
INT4,LUT,U(-1,1),1,4096,4096,128x128x64_w4_v6,SKIP,BN/WARPS != 16
INT4,BITSHIFT,U(-1,1),1,4096,4096,128x128x64_w4_v6,SKIP,BN/WARPS != 16
INT4,LUT,U(-1,1),1,4096,4096,128x64x64_w4_v6,SKIP,v6 only INT8 (A1 retry)
INT4,BITSHIFT,U(-1,1),1,4096,4096,128x64x64_w4_v6,SKIP,opt only LUT path
INT4,LUT,U(-1,1),1,4096,4096,64x128x64_w4_v6,SKIP,BN/WARPS != 16
INT4,BITSHIFT,U(-1,1),1,4096,4096,64x128x64_w4_v6,SKIP,BN/WARPS != 16
INT4,LUT,U(-1,1),1,4096,4096,64x64x64_w4_v6,SKIP,v6 only INT8 (A1 retry)
INT4,BITSHIFT,U(-1,1),1,4096,4096,64x64x64_w4_v6,SKIP,opt only LUT path
INT4,LUT,U(-1,1),1,4096,4096,64x128x32_w4_v7,SKIP,BN/WARPS != 16
INT4,BITSHIFT,U(-1,1),1,4096,4096,64x128x32_w4_v7,SKIP,BN/WARPS != 16
INT4,LUT,U(-1,1),1,4096,4096,64x64x32_w4_v7,SKIP,v7 only INT8 (B3 triple-buffer)
INT4,BITSHIFT,U(-1,1),1,4096,4096,64x64x32_w4_v7,SKIP,opt only LUT path
INT4,LUT,U(-1,1),1,4096,4096,32x128x32_w4_v7,SKIP,BN/WARPS != 16
INT4,BITSHIFT,U(-1,1),1,4096,4096,32x128x32_w4_v7,SKIP,BN/WARPS != 16
INT4,LUT,U(-1,1),1,4096,4096,32x64x32_w4_v7,SKIP,v7 only INT8 (B3 triple-buffer)
INT4,BITSHIFT,U(-1,1),1,4096,4096,32x64x32_w4_v7,SKIP,opt only LUT path
INT4,LUT,U(-1,1),16,4096,4096,16x64x32_w4,OK,ms=0.677,tflops=0.79,gbps=14.7,maxabs=2.508e-02,p99=1.395e-02,rel=2.557e-04
INT4,BITSHIFT,U(-1,1),16,4096,4096,16x64x32_w4,OK,ms=0.504,tflops=1.06,gbps=19.8,maxabs=1.660e-02,p99=1.025e-02,rel=1.872e-04
INT4,LUT,U(-1,1),16,4096,4096,16x128x32_w8,OK,ms=0.821,tflops=0.65,gbps=12.1,maxabs=2.508e-02,p99=1.395e-02,rel=2.557e-04
INT4,BITSHIFT,U(-1,1),16,4096,4096,16x128x32_w8,OK,ms=0.644,tflops=0.83,gbps=15.5,maxabs=1.660e-02,p99=1.025e-02,rel=1.872e-04
INT4,LUT,U(-1,1),16,4096,4096,16x128x32_w4f2,SKIP,BN/WARPS != 16
INT4,BITSHIFT,U(-1,1),16,4096,4096,16x128x32_w4f2,SKIP,BN/WARPS != 16
INT4,LUT,U(-1,1),16,4096,4096,16x256x32_w4f4,SKIP,BN/WARPS != 16
INT4,BITSHIFT,U(-1,1),16,4096,4096,16x256x32_w4f4,SKIP,BN/WARPS != 16
INT4,LUT,U(-1,1),16,4096,4096,128x64x32_w4_v1,SKIP,no template instantiation for this tile
INT4,BITSHIFT,U(-1,1),16,4096,4096,128x64x32_w4_v1,SKIP,opt only LUT path
INT4,LUT,U(-1,1),16,4096,4096,128x128x32_w4_v1,SKIP,BN/WARPS != 16
INT4,BITSHIFT,U(-1,1),16,4096,4096,128x128x32_w4_v1,SKIP,BN/WARPS != 16
INT4,LUT,U(-1,1),16,4096,4096,128x256x32_w4_v1,SKIP,BN/WARPS != 16
INT4,BITSHIFT,U(-1,1),16,4096,4096,128x256x32_w4_v1,SKIP,BN/WARPS != 16
INT4,LUT,U(-1,1),16,4096,4096,128x256x32_w8_v1,SKIP,BN/WARPS != 16
INT4,BITSHIFT,U(-1,1),16,4096,4096,128x256x32_w8_v1,SKIP,BN/WARPS != 16
INT4,LUT,U(-1,1),16,4096,4096,64x64x32_w4_v1,SKIP,no template instantiation for this tile
INT4,BITSHIFT,U(-1,1),16,4096,4096,64x64x32_w4_v1,SKIP,opt only LUT path
INT4,LUT,U(-1,1),16,4096,4096,64x128x32_w4_v1,SKIP,BN/WARPS != 16
INT4,BITSHIFT,U(-1,1),16,4096,4096,64x128x32_w4_v1,SKIP,BN/WARPS != 16
INT4,LUT,U(-1,1),16,4096,4096,128x64x32_w4_v2,OK,ms=0.580,tflops=0.93,gbps=17.2,maxabs=2.508e-02,p99=1.395e-02,rel=2.557e-04
INT4,BITSHIFT,U(-1,1),16,4096,4096,128x64x32_w4_v2,SKIP,opt only LUT path
INT4,LUT,U(-1,1),16,4096,4096,128x128x32_w4_v2,SKIP,BN/WARPS != 16
INT4,BITSHIFT,U(-1,1),16,4096,4096,128x128x32_w4_v2,SKIP,BN/WARPS != 16
INT4,LUT,U(-1,1),16,4096,4096,128x256x32_w4_v2,SKIP,BN/WARPS != 16
INT4,BITSHIFT,U(-1,1),16,4096,4096,128x256x32_w4_v2,SKIP,BN/WARPS != 16
INT4,LUT,U(-1,1),16,4096,4096,128x256x32_w8_v2,SKIP,BN/WARPS != 16
INT4,BITSHIFT,U(-1,1),16,4096,4096,128x256x32_w8_v2,SKIP,BN/WARPS != 16
INT4,LUT,U(-1,1),16,4096,4096,64x64x32_w4_v2,OK,ms=0.444,tflops=1.21,gbps=22.4,maxabs=2.508e-02,p99=1.395e-02,rel=2.557e-04
INT4,BITSHIFT,U(-1,1),16,4096,4096,64x64x32_w4_v2,SKIP,opt only LUT path
INT4,LUT,U(-1,1),16,4096,4096,64x128x32_w4_v2,SKIP,BN/WARPS != 16
INT4,BITSHIFT,U(-1,1),16,4096,4096,64x128x32_w4_v2,SKIP,BN/WARPS != 16
INT4,LUT,U(-1,1),16,4096,4096,128x64x32_w4_v3,OK,ms=0.574,tflops=0.94,gbps=17.4,maxabs=2.508e-02,p99=1.395e-02,rel=2.557e-04
INT4,BITSHIFT,U(-1,1),16,4096,4096,128x64x32_w4_v3,SKIP,opt only LUT path
INT4,LUT,U(-1,1),16,4096,4096,128x128x32_w4_v3,SKIP,BN/WARPS != 16
INT4,BITSHIFT,U(-1,1),16,4096,4096,128x128x32_w4_v3,SKIP,BN/WARPS != 16
INT4,LUT,U(-1,1),16,4096,4096,128x256x32_w8_v3,SKIP,BN/WARPS != 16
INT4,BITSHIFT,U(-1,1),16,4096,4096,128x256x32_w8_v3,SKIP,BN/WARPS != 16
INT4,LUT,U(-1,1),16,4096,4096,64x64x32_w4_v3,OK,ms=0.457,tflops=1.18,gbps=21.8,maxabs=2.508e-02,p99=1.395e-02,rel=2.557e-04
INT4,BITSHIFT,U(-1,1),16,4096,4096,64x64x32_w4_v3,SKIP,opt only LUT path
INT4,LUT,U(-1,1),16,4096,4096,64x128x32_w4_v3,SKIP,BN/WARPS != 16
INT4,BITSHIFT,U(-1,1),16,4096,4096,64x128x32_w4_v3,SKIP,BN/WARPS != 16
INT4,LUT,U(-1,1),16,4096,4096,32x128x32_w4_v3_b1,SKIP,BN/WARPS != 16
INT4,BITSHIFT,U(-1,1),16,4096,4096,32x128x32_w4_v3_b1,SKIP,BN/WARPS != 16
INT4,LUT,U(-1,1),16,4096,4096,32x64x32_w4_v3_b1,OK,ms=0.422,tflops=1.27,gbps=23.6,maxabs=2.508e-02,p99=1.395e-02,rel=2.557e-04
INT4,BITSHIFT,U(-1,1),16,4096,4096,32x64x32_w4_v3_b1,SKIP,opt only LUT path
INT4,LUT,U(-1,1),16,4096,4096,32x256x32_w8_v3_b1,SKIP,BN/WARPS != 16
INT4,BITSHIFT,U(-1,1),16,4096,4096,32x256x32_w8_v3_b1,SKIP,BN/WARPS != 16
INT4,LUT,U(-1,1),16,4096,4096,128x128x32_w8_v3_b1alt,SKIP,no template instantiation for this tile
INT4,BITSHIFT,U(-1,1),16,4096,4096,128x128x32_w8_v3_b1alt,SKIP,opt only LUT path
INT4,LUT,U(-1,1),16,4096,4096,64x128x32_w8_v3_b1alt,SKIP,no template instantiation for this tile
INT4,BITSHIFT,U(-1,1),16,4096,4096,64x128x32_w8_v3_b1alt,SKIP,opt only LUT path
INT4,LUT,U(-1,1),16,4096,4096,128x64x32_w4_v4,OK,ms=0.577,tflops=0.93,gbps=17.3,maxabs=2.508e-02,p99=1.395e-02,rel=2.557e-04
INT4,BITSHIFT,U(-1,1),16,4096,4096,128x64x32_w4_v4,SKIP,opt only LUT path
INT4,LUT,U(-1,1),16,4096,4096,128x128x32_w4_v4,SKIP,BN/WARPS != 16
INT4,BITSHIFT,U(-1,1),16,4096,4096,128x128x32_w4_v4,SKIP,BN/WARPS != 16
INT4,LUT,U(-1,1),16,4096,4096,64x64x32_w4_v4,OK,ms=0.462,tflops=1.16,gbps=21.5,maxabs=2.508e-02,p99=1.395e-02,rel=2.557e-04
INT4,BITSHIFT,U(-1,1),16,4096,4096,64x64x32_w4_v4,SKIP,opt only LUT path
INT4,LUT,U(-1,1),16,4096,4096,64x128x32_w4_v4,SKIP,BN/WARPS != 16
INT4,BITSHIFT,U(-1,1),16,4096,4096,64x128x32_w4_v4,SKIP,BN/WARPS != 16
INT4,LUT,U(-1,1),16,4096,4096,128x64x32_w4_v5,OK,ms=0.578,tflops=0.93,gbps=17.2,maxabs=2.508e-02,p99=1.395e-02,rel=2.557e-04
INT4,BITSHIFT,U(-1,1),16,4096,4096,128x64x32_w4_v5,SKIP,opt only LUT path
INT4,LUT,U(-1,1),16,4096,4096,128x128x32_w4_v5,SKIP,BN/WARPS != 16
INT4,BITSHIFT,U(-1,1),16,4096,4096,128x128x32_w4_v5,SKIP,BN/WARPS != 16
INT4,LUT,U(-1,1),16,4096,4096,64x64x32_w4_v5,OK,ms=0.455,tflops=1.18,gbps=21.9,maxabs=2.508e-02,p99=1.395e-02,rel=2.557e-04
INT4,BITSHIFT,U(-1,1),16,4096,4096,64x64x32_w4_v5,SKIP,opt only LUT path
INT4,LUT,U(-1,1),16,4096,4096,64x128x32_w4_v5,SKIP,BN/WARPS != 16
INT4,BITSHIFT,U(-1,1),16,4096,4096,64x128x32_w4_v5,SKIP,BN/WARPS != 16
INT4,LUT,U(-1,1),16,4096,4096,128x128x64_w4_v6,SKIP,BN/WARPS != 16
INT4,BITSHIFT,U(-1,1),16,4096,4096,128x128x64_w4_v6,SKIP,BN/WARPS != 16
INT4,LUT,U(-1,1),16,4096,4096,128x64x64_w4_v6,SKIP,v6 only INT8 (A1 retry)
INT4,BITSHIFT,U(-1,1),16,4096,4096,128x64x64_w4_v6,SKIP,opt only LUT path
INT4,LUT,U(-1,1),16,4096,4096,64x128x64_w4_v6,SKIP,BN/WARPS != 16
INT4,BITSHIFT,U(-1,1),16,4096,4096,64x128x64_w4_v6,SKIP,BN/WARPS != 16
INT4,LUT,U(-1,1),16,4096,4096,64x64x64_w4_v6,SKIP,v6 only INT8 (A1 retry)
INT4,BITSHIFT,U(-1,1),16,4096,4096,64x64x64_w4_v6,SKIP,opt only LUT path
INT4,LUT,U(-1,1),16,4096,4096,64x128x32_w4_v7,SKIP,BN/WARPS != 16
INT4,BITSHIFT,U(-1,1),16,4096,4096,64x128x32_w4_v7,SKIP,BN/WARPS != 16
INT4,LUT,U(-1,1),16,4096,4096,64x64x32_w4_v7,SKIP,v7 only INT8 (B3 triple-buffer)
INT4,BITSHIFT,U(-1,1),16,4096,4096,64x64x32_w4_v7,SKIP,opt only LUT path
INT4,LUT,U(-1,1),16,4096,4096,32x128x32_w4_v7,SKIP,BN/WARPS != 16
INT4,BITSHIFT,U(-1,1),16,4096,4096,32x128x32_w4_v7,SKIP,BN/WARPS != 16
INT4,LUT,U(-1,1),16,4096,4096,32x64x32_w4_v7,SKIP,v7 only INT8 (B3 triple-buffer)
INT4,BITSHIFT,U(-1,1),16,4096,4096,32x64x32_w4_v7,SKIP,opt only LUT path
INT4,LUT,U(-1,1),64,4096,4096,16x64x32_w4,OK,ms=0.811,tflops=2.65,gbps=14.2,maxabs=2.522e-02,p99=1.420e-02,rel=2.555e-04
INT4,BITSHIFT,U(-1,1),64,4096,4096,16x64x32_w4,OK,ms=0.768,tflops=2.80,gbps=15.0,maxabs=1.901e-02,p99=1.045e-02,rel=1.867e-04
INT4,LUT,U(-1,1),64,4096,4096,16x128x32_w8,OK,ms=0.827,tflops=2.60,gbps=14.0,maxabs=2.522e-02,p99=1.420e-02,rel=2.555e-04
INT4,BITSHIFT,U(-1,1),64,4096,4096,16x128x32_w8,OK,ms=0.810,tflops=2.65,gbps=14.2,maxabs=1.901e-02,p99=1.045e-02,rel=1.867e-04
INT4,LUT,U(-1,1),64,4096,4096,16x128x32_w4f2,SKIP,BN/WARPS != 16
INT4,BITSHIFT,U(-1,1),64,4096,4096,16x128x32_w4f2,SKIP,BN/WARPS != 16
INT4,LUT,U(-1,1),64,4096,4096,16x256x32_w4f4,SKIP,BN/WARPS != 16
INT4,BITSHIFT,U(-1,1),64,4096,4096,16x256x32_w4f4,SKIP,BN/WARPS != 16
INT4,LUT,U(-1,1),64,4096,4096,128x64x32_w4_v1,SKIP,no template instantiation for this tile
INT4,BITSHIFT,U(-1,1),64,4096,4096,128x64x32_w4_v1,SKIP,opt only LUT path
INT4,LUT,U(-1,1),64,4096,4096,128x128x32_w4_v1,SKIP,BN/WARPS != 16
INT4,BITSHIFT,U(-1,1),64,4096,4096,128x128x32_w4_v1,SKIP,BN/WARPS != 16
INT4,LUT,U(-1,1),64,4096,4096,128x256x32_w4_v1,SKIP,BN/WARPS != 16
INT4,BITSHIFT,U(-1,1),64,4096,4096,128x256x32_w4_v1,SKIP,BN/WARPS != 16
INT4,LUT,U(-1,1),64,4096,4096,128x256x32_w8_v1,SKIP,BN/WARPS != 16
INT4,BITSHIFT,U(-1,1),64,4096,4096,128x256x32_w8_v1,SKIP,BN/WARPS != 16
INT4,LUT,U(-1,1),64,4096,4096,64x64x32_w4_v1,SKIP,no template instantiation for this tile
INT4,BITSHIFT,U(-1,1),64,4096,4096,64x64x32_w4_v1,SKIP,opt only LUT path
INT4,LUT,U(-1,1),64,4096,4096,64x128x32_w4_v1,SKIP,BN/WARPS != 16
INT4,BITSHIFT,U(-1,1),64,4096,4096,64x128x32_w4_v1,SKIP,BN/WARPS != 16
INT4,LUT,U(-1,1),64,4096,4096,128x64x32_w4_v2,OK,ms=0.612,tflops=3.51,gbps=18.9,maxabs=2.522e-02,p99=1.420e-02,rel=2.555e-04
INT4,BITSHIFT,U(-1,1),64,4096,4096,128x64x32_w4_v2,SKIP,opt only LUT path
INT4,LUT,U(-1,1),64,4096,4096,128x128x32_w4_v2,SKIP,BN/WARPS != 16
INT4,BITSHIFT,U(-1,1),64,4096,4096,128x128x32_w4_v2,SKIP,BN/WARPS != 16
INT4,LUT,U(-1,1),64,4096,4096,128x256x32_w4_v2,SKIP,BN/WARPS != 16
INT4,BITSHIFT,U(-1,1),64,4096,4096,128x256x32_w4_v2,SKIP,BN/WARPS != 16
INT4,LUT,U(-1,1),64,4096,4096,128x256x32_w8_v2,SKIP,BN/WARPS != 16
INT4,BITSHIFT,U(-1,1),64,4096,4096,128x256x32_w8_v2,SKIP,BN/WARPS != 16
INT4,LUT,U(-1,1),64,4096,4096,64x64x32_w4_v2,OK,ms=0.499,tflops=4.31,gbps=23.1,maxabs=2.522e-02,p99=1.420e-02,rel=2.555e-04
INT4,BITSHIFT,U(-1,1),64,4096,4096,64x64x32_w4_v2,SKIP,opt only LUT path
INT4,LUT,U(-1,1),64,4096,4096,64x128x32_w4_v2,SKIP,BN/WARPS != 16
INT4,BITSHIFT,U(-1,1),64,4096,4096,64x128x32_w4_v2,SKIP,BN/WARPS != 16
INT4,LUT,U(-1,1),64,4096,4096,128x64x32_w4_v3,OK,ms=0.607,tflops=3.54,gbps=19.0,maxabs=2.522e-02,p99=1.420e-02,rel=2.555e-04
INT4,BITSHIFT,U(-1,1),64,4096,4096,128x64x32_w4_v3,SKIP,opt only LUT path
INT4,LUT,U(-1,1),64,4096,4096,128x128x32_w4_v3,SKIP,BN/WARPS != 16
INT4,BITSHIFT,U(-1,1),64,4096,4096,128x128x32_w4_v3,SKIP,BN/WARPS != 16
INT4,LUT,U(-1,1),64,4096,4096,128x256x32_w8_v3,SKIP,BN/WARPS != 16
INT4,BITSHIFT,U(-1,1),64,4096,4096,128x256x32_w8_v3,SKIP,BN/WARPS != 16
INT4,LUT,U(-1,1),64,4096,4096,64x64x32_w4_v3,OK,ms=0.506,tflops=4.24,gbps=22.8,maxabs=2.522e-02,p99=1.420e-02,rel=2.555e-04
INT4,BITSHIFT,U(-1,1),64,4096,4096,64x64x32_w4_v3,SKIP,opt only LUT path
INT4,LUT,U(-1,1),64,4096,4096,64x128x32_w4_v3,SKIP,BN/WARPS != 16
INT4,BITSHIFT,U(-1,1),64,4096,4096,64x128x32_w4_v3,SKIP,BN/WARPS != 16
INT4,LUT,U(-1,1),64,4096,4096,32x128x32_w4_v3_b1,SKIP,BN/WARPS != 16
INT4,BITSHIFT,U(-1,1),64,4096,4096,32x128x32_w4_v3_b1,SKIP,BN/WARPS != 16
INT4,LUT,U(-1,1),64,4096,4096,32x64x32_w4_v3_b1,OK,ms=0.489,tflops=4.39,gbps=23.6,maxabs=2.522e-02,p99=1.420e-02,rel=2.555e-04
INT4,BITSHIFT,U(-1,1),64,4096,4096,32x64x32_w4_v3_b1,SKIP,opt only LUT path
INT4,LUT,U(-1,1),64,4096,4096,32x256x32_w8_v3_b1,SKIP,BN/WARPS != 16
INT4,BITSHIFT,U(-1,1),64,4096,4096,32x256x32_w8_v3_b1,SKIP,BN/WARPS != 16
INT4,LUT,U(-1,1),64,4096,4096,128x128x32_w8_v3_b1alt,SKIP,no template instantiation for this tile
INT4,BITSHIFT,U(-1,1),64,4096,4096,128x128x32_w8_v3_b1alt,SKIP,opt only LUT path
INT4,LUT,U(-1,1),64,4096,4096,64x128x32_w8_v3_b1alt,SKIP,no template instantiation for this tile
INT4,BITSHIFT,U(-1,1),64,4096,4096,64x128x32_w8_v3_b1alt,SKIP,opt only LUT path
INT4,LUT,U(-1,1),64,4096,4096,128x64x32_w4_v4,OK,ms=0.607,tflops=3.54,gbps=19.0,maxabs=2.522e-02,p99=1.420e-02,rel=2.555e-04
INT4,BITSHIFT,U(-1,1),64,4096,4096,128x64x32_w4_v4,SKIP,opt only LUT path
INT4,LUT,U(-1,1),64,4096,4096,128x128x32_w4_v4,SKIP,BN/WARPS != 16
INT4,BITSHIFT,U(-1,1),64,4096,4096,128x128x32_w4_v4,SKIP,BN/WARPS != 16
INT4,LUT,U(-1,1),64,4096,4096,64x64x32_w4_v4,OK,ms=0.495,tflops=4.34,gbps=23.3,maxabs=2.522e-02,p99=1.420e-02,rel=2.555e-04
INT4,BITSHIFT,U(-1,1),64,4096,4096,64x64x32_w4_v4,SKIP,opt only LUT path
INT4,LUT,U(-1,1),64,4096,4096,64x128x32_w4_v4,SKIP,BN/WARPS != 16
INT4,BITSHIFT,U(-1,1),64,4096,4096,64x128x32_w4_v4,SKIP,BN/WARPS != 16
INT4,LUT,U(-1,1),64,4096,4096,128x64x32_w4_v5,OK,ms=0.611,tflops=3.52,gbps=18.9,maxabs=2.522e-02,p99=1.420e-02,rel=2.555e-04
INT4,BITSHIFT,U(-1,1),64,4096,4096,128x64x32_w4_v5,SKIP,opt only LUT path
INT4,LUT,U(-1,1),64,4096,4096,128x128x32_w4_v5,SKIP,BN/WARPS != 16
INT4,BITSHIFT,U(-1,1),64,4096,4096,128x128x32_w4_v5,SKIP,BN/WARPS != 16
INT4,LUT,U(-1,1),64,4096,4096,64x64x32_w4_v5,OK,ms=0.488,tflops=4.40,gbps=23.6,maxabs=2.522e-02,p99=1.420e-02,rel=2.555e-04
INT4,BITSHIFT,U(-1,1),64,4096,4096,64x64x32_w4_v5,SKIP,opt only LUT path
INT4,LUT,U(-1,1),64,4096,4096,64x128x32_w4_v5,SKIP,BN/WARPS != 16
INT4,BITSHIFT,U(-1,1),64,4096,4096,64x128x32_w4_v5,SKIP,BN/WARPS != 16
INT4,LUT,U(-1,1),64,4096,4096,128x128x64_w4_v6,SKIP,BN/WARPS != 16
INT4,BITSHIFT,U(-1,1),64,4096,4096,128x128x64_w4_v6,SKIP,BN/WARPS != 16
INT4,LUT,U(-1,1),64,4096,4096,128x64x64_w4_v6,SKIP,v6 only INT8 (A1 retry)
INT4,BITSHIFT,U(-1,1),64,4096,4096,128x64x64_w4_v6,SKIP,opt only LUT path
INT4,LUT,U(-1,1),64,4096,4096,64x128x64_w4_v6,SKIP,BN/WARPS != 16
INT4,BITSHIFT,U(-1,1),64,4096,4096,64x128x64_w4_v6,SKIP,BN/WARPS != 16
INT4,LUT,U(-1,1),64,4096,4096,64x64x64_w4_v6,SKIP,v6 only INT8 (A1 retry)
INT4,BITSHIFT,U(-1,1),64,4096,4096,64x64x64_w4_v6,SKIP,opt only LUT path
INT4,LUT,U(-1,1),64,4096,4096,64x128x32_w4_v7,SKIP,BN/WARPS != 16
INT4,BITSHIFT,U(-1,1),64,4096,4096,64x128x32_w4_v7,SKIP,BN/WARPS != 16
INT4,LUT,U(-1,1),64,4096,4096,64x64x32_w4_v7,SKIP,v7 only INT8 (B3 triple-buffer)
INT4,BITSHIFT,U(-1,1),64,4096,4096,64x64x32_w4_v7,SKIP,opt only LUT path
INT4,LUT,U(-1,1),64,4096,4096,32x128x32_w4_v7,SKIP,BN/WARPS != 16
INT4,BITSHIFT,U(-1,1),64,4096,4096,32x128x32_w4_v7,SKIP,BN/WARPS != 16
INT4,LUT,U(-1,1),64,4096,4096,32x64x32_w4_v7,SKIP,v7 only INT8 (B3 triple-buffer)
INT4,BITSHIFT,U(-1,1),64,4096,4096,32x64x32_w4_v7,SKIP,opt only LUT path
INT4,LUT,U(-1,1),128,4096,4096,16x64x32_w4,OK,ms=0.934,tflops=4.60,gbps=14.6,maxabs=2.653e-02,p99=1.412e-02,rel=2.556e-04
INT4,BITSHIFT,U(-1,1),128,4096,4096,16x64x32_w4,OK,ms=1.208,tflops=3.55,gbps=11.3,maxabs=1.902e-02,p99=1.040e-02,rel=1.866e-04
INT4,LUT,U(-1,1),128,4096,4096,16x128x32_w8,OK,ms=0.997,tflops=4.31,gbps=13.7,maxabs=2.653e-02,p99=1.412e-02,rel=2.556e-04
INT4,BITSHIFT,U(-1,1),128,4096,4096,16x128x32_w8,OK,ms=1.711,tflops=2.51,gbps=8.0,maxabs=1.902e-02,p99=1.040e-02,rel=1.866e-04
INT4,LUT,U(-1,1),128,4096,4096,16x128x32_w4f2,SKIP,BN/WARPS != 16
INT4,BITSHIFT,U(-1,1),128,4096,4096,16x128x32_w4f2,SKIP,BN/WARPS != 16
INT4,LUT,U(-1,1),128,4096,4096,16x256x32_w4f4,SKIP,BN/WARPS != 16
INT4,BITSHIFT,U(-1,1),128,4096,4096,16x256x32_w4f4,SKIP,BN/WARPS != 16
INT4,LUT,U(-1,1),128,4096,4096,128x64x32_w4_v1,SKIP,no template instantiation for this tile
INT4,BITSHIFT,U(-1,1),128,4096,4096,128x64x32_w4_v1,SKIP,opt only LUT path
INT4,LUT,U(-1,1),128,4096,4096,128x128x32_w4_v1,SKIP,BN/WARPS != 16
INT4,BITSHIFT,U(-1,1),128,4096,4096,128x128x32_w4_v1,SKIP,BN/WARPS != 16
INT4,LUT,U(-1,1),128,4096,4096,128x256x32_w4_v1,SKIP,BN/WARPS != 16
INT4,BITSHIFT,U(-1,1),128,4096,4096,128x256x32_w4_v1,SKIP,BN/WARPS != 16
INT4,LUT,U(-1,1),128,4096,4096,128x256x32_w8_v1,SKIP,BN/WARPS != 16
INT4,BITSHIFT,U(-1,1),128,4096,4096,128x256x32_w8_v1,SKIP,BN/WARPS != 16
INT4,LUT,U(-1,1),128,4096,4096,64x64x32_w4_v1,SKIP,no template instantiation for this tile
INT4,BITSHIFT,U(-1,1),128,4096,4096,64x64x32_w4_v1,SKIP,opt only LUT path
INT4,LUT,U(-1,1),128,4096,4096,64x128x32_w4_v1,SKIP,BN/WARPS != 16
INT4,BITSHIFT,U(-1,1),128,4096,4096,64x128x32_w4_v1,SKIP,BN/WARPS != 16
INT4,LUT,U(-1,1),128,4096,4096,128x64x32_w4_v2,OK,ms=0.681,tflops=6.31,gbps=20.0,maxabs=2.653e-02,p99=1.412e-02,rel=2.556e-04
INT4,BITSHIFT,U(-1,1),128,4096,4096,128x64x32_w4_v2,SKIP,opt only LUT path
INT4,LUT,U(-1,1),128,4096,4096,128x128x32_w4_v2,SKIP,BN/WARPS != 16
INT4,BITSHIFT,U(-1,1),128,4096,4096,128x128x32_w4_v2,SKIP,BN/WARPS != 16
INT4,LUT,U(-1,1),128,4096,4096,128x256x32_w4_v2,SKIP,BN/WARPS != 16
INT4,BITSHIFT,U(-1,1),128,4096,4096,128x256x32_w4_v2,SKIP,BN/WARPS != 16
INT4,LUT,U(-1,1),128,4096,4096,128x256x32_w8_v2,SKIP,BN/WARPS != 16
INT4,BITSHIFT,U(-1,1),128,4096,4096,128x256x32_w8_v2,SKIP,BN/WARPS != 16
INT4,LUT,U(-1,1),128,4096,4096,64x64x32_w4_v2,OK,ms=0.519,tflops=8.27,gbps=26.2,maxabs=2.653e-02,p99=1.412e-02,rel=2.556e-04
INT4,BITSHIFT,U(-1,1),128,4096,4096,64x64x32_w4_v2,SKIP,opt only LUT path
INT4,LUT,U(-1,1),128,4096,4096,64x128x32_w4_v2,SKIP,BN/WARPS != 16
INT4,BITSHIFT,U(-1,1),128,4096,4096,64x128x32_w4_v2,SKIP,BN/WARPS != 16
INT4,LUT,U(-1,1),128,4096,4096,128x64x32_w4_v3,OK,ms=0.673,tflops=6.38,gbps=20.2,maxabs=2.653e-02,p99=1.412e-02,rel=2.556e-04
INT4,BITSHIFT,U(-1,1),128,4096,4096,128x64x32_w4_v3,SKIP,opt only LUT path
INT4,LUT,U(-1,1),128,4096,4096,128x128x32_w4_v3,SKIP,BN/WARPS != 16
INT4,BITSHIFT,U(-1,1),128,4096,4096,128x128x32_w4_v3,SKIP,BN/WARPS != 16
INT4,LUT,U(-1,1),128,4096,4096,128x256x32_w8_v3,SKIP,BN/WARPS != 16
INT4,BITSHIFT,U(-1,1),128,4096,4096,128x256x32_w8_v3,SKIP,BN/WARPS != 16
INT4,LUT,U(-1,1),128,4096,4096,64x64x32_w4_v3,OK,ms=0.553,tflops=7.77,gbps=24.7,maxabs=2.653e-02,p99=1.412e-02,rel=2.556e-04
INT4,BITSHIFT,U(-1,1),128,4096,4096,64x64x32_w4_v3,SKIP,opt only LUT path
INT4,LUT,U(-1,1),128,4096,4096,64x128x32_w4_v3,SKIP,BN/WARPS != 16
INT4,BITSHIFT,U(-1,1),128,4096,4096,64x128x32_w4_v3,SKIP,BN/WARPS != 16
INT4,LUT,U(-1,1),128,4096,4096,32x128x32_w4_v3_b1,SKIP,BN/WARPS != 16
INT4,BITSHIFT,U(-1,1),128,4096,4096,32x128x32_w4_v3_b1,SKIP,BN/WARPS != 16
INT4,LUT,U(-1,1),128,4096,4096,32x64x32_w4_v3_b1,OK,ms=0.553,tflops=7.77,gbps=24.6,maxabs=2.653e-02,p99=1.412e-02,rel=2.556e-04
INT4,BITSHIFT,U(-1,1),128,4096,4096,32x64x32_w4_v3_b1,SKIP,opt only LUT path
INT4,LUT,U(-1,1),128,4096,4096,32x256x32_w8_v3_b1,SKIP,BN/WARPS != 16
INT4,BITSHIFT,U(-1,1),128,4096,4096,32x256x32_w8_v3_b1,SKIP,BN/WARPS != 16
INT4,LUT,U(-1,1),128,4096,4096,128x128x32_w8_v3_b1alt,SKIP,no template instantiation for this tile
INT4,BITSHIFT,U(-1,1),128,4096,4096,128x128x32_w8_v3_b1alt,SKIP,opt only LUT path
INT4,LUT,U(-1,1),128,4096,4096,64x128x32_w8_v3_b1alt,SKIP,no template instantiation for this tile
INT4,BITSHIFT,U(-1,1),128,4096,4096,64x128x32_w8_v3_b1alt,SKIP,opt only LUT path
INT4,LUT,U(-1,1),128,4096,4096,128x64x32_w4_v4,OK,ms=0.670,tflops=6.41,gbps=20.3,maxabs=2.653e-02,p99=1.412e-02,rel=2.556e-04
INT4,BITSHIFT,U(-1,1),128,4096,4096,128x64x32_w4_v4,SKIP,opt only LUT path
INT4,LUT,U(-1,1),128,4096,4096,128x128x32_w4_v4,SKIP,BN/WARPS != 16
INT4,BITSHIFT,U(-1,1),128,4096,4096,128x128x32_w4_v4,SKIP,BN/WARPS != 16
INT4,LUT,U(-1,1),128,4096,4096,64x64x32_w4_v4,OK,ms=0.571,tflops=7.52,gbps=23.9,maxabs=2.653e-02,p99=1.412e-02,rel=2.556e-04
INT4,BITSHIFT,U(-1,1),128,4096,4096,64x64x32_w4_v4,SKIP,opt only LUT path
INT4,LUT,U(-1,1),128,4096,4096,64x128x32_w4_v4,SKIP,BN/WARPS != 16
INT4,BITSHIFT,U(-1,1),128,4096,4096,64x128x32_w4_v4,SKIP,BN/WARPS != 16
INT4,LUT,U(-1,1),128,4096,4096,128x64x32_w4_v5,OK,ms=0.680,tflops=6.32,gbps=20.1,maxabs=2.653e-02,p99=1.412e-02,rel=2.556e-04
INT4,BITSHIFT,U(-1,1),128,4096,4096,128x64x32_w4_v5,SKIP,opt only LUT path
INT4,LUT,U(-1,1),128,4096,4096,128x128x32_w4_v5,SKIP,BN/WARPS != 16
INT4,BITSHIFT,U(-1,1),128,4096,4096,128x128x32_w4_v5,SKIP,BN/WARPS != 16
INT4,LUT,U(-1,1),128,4096,4096,64x64x32_w4_v5,OK,ms=0.582,tflops=7.38,gbps=23.4,maxabs=2.653e-02,p99=1.412e-02,rel=2.556e-04
INT4,BITSHIFT,U(-1,1),128,4096,4096,64x64x32_w4_v5,SKIP,opt only LUT path
INT4,LUT,U(-1,1),128,4096,4096,64x128x32_w4_v5,SKIP,BN/WARPS != 16
INT4,BITSHIFT,U(-1,1),128,4096,4096,64x128x32_w4_v5,SKIP,BN/WARPS != 16
INT4,LUT,U(-1,1),128,4096,4096,128x128x64_w4_v6,SKIP,BN/WARPS != 16
INT4,BITSHIFT,U(-1,1),128,4096,4096,128x128x64_w4_v6,SKIP,BN/WARPS != 16
INT4,LUT,U(-1,1),128,4096,4096,128x64x64_w4_v6,SKIP,v6 only INT8 (A1 retry)
INT4,BITSHIFT,U(-1,1),128,4096,4096,128x64x64_w4_v6,SKIP,opt only LUT path
INT4,LUT,U(-1,1),128,4096,4096,64x128x64_w4_v6,SKIP,BN/WARPS != 16
INT4,BITSHIFT,U(-1,1),128,4096,4096,64x128x64_w4_v6,SKIP,BN/WARPS != 16
INT4,LUT,U(-1,1),128,4096,4096,64x64x64_w4_v6,SKIP,v6 only INT8 (A1 retry)
INT4,BITSHIFT,U(-1,1),128,4096,4096,64x64x64_w4_v6,SKIP,opt only LUT path
INT4,LUT,U(-1,1),128,4096,4096,64x128x32_w4_v7,SKIP,BN/WARPS != 16
INT4,BITSHIFT,U(-1,1),128,4096,4096,64x128x32_w4_v7,SKIP,BN/WARPS != 16
INT4,LUT,U(-1,1),128,4096,4096,64x64x32_w4_v7,SKIP,v7 only INT8 (B3 triple-buffer)
INT4,BITSHIFT,U(-1,1),128,4096,4096,64x64x32_w4_v7,SKIP,opt only LUT path
INT4,LUT,U(-1,1),128,4096,4096,32x128x32_w4_v7,SKIP,BN/WARPS != 16
INT4,BITSHIFT,U(-1,1),128,4096,4096,32x128x32_w4_v7,SKIP,BN/WARPS != 16
INT4,LUT,U(-1,1),128,4096,4096,32x64x32_w4_v7,SKIP,v7 only INT8 (B3 triple-buffer)
INT4,BITSHIFT,U(-1,1),128,4096,4096,32x64x32_w4_v7,SKIP,opt only LUT path
INT4,LUT,U(-1,1),256,4096,4096,16x64x32_w4,OK,ms=1.956,tflops=4.39,gbps=9.1,maxabs=2.924e-02,p99=1.398e-02,rel=2.555e-04
INT4,BITSHIFT,U(-1,1),256,4096,4096,16x64x32_w4,OK,ms=2.402,tflops=3.58,gbps=7.4,maxabs=1.902e-02,p99=1.010e-02,rel=1.863e-04
INT4,LUT,U(-1,1),256,4096,4096,16x128x32_w8,OK,ms=1.990,tflops=4.32,gbps=9.0,maxabs=2.924e-02,p99=1.398e-02,rel=2.555e-04
INT4,BITSHIFT,U(-1,1),256,4096,4096,16x128x32_w8,OK,ms=2.858,tflops=3.01,gbps=6.2,maxabs=1.902e-02,p99=1.010e-02,rel=1.863e-04
INT4,LUT,U(-1,1),256,4096,4096,16x128x32_w4f2,SKIP,BN/WARPS != 16
INT4,BITSHIFT,U(-1,1),256,4096,4096,16x128x32_w4f2,SKIP,BN/WARPS != 16
INT4,LUT,U(-1,1),256,4096,4096,16x256x32_w4f4,SKIP,BN/WARPS != 16
INT4,BITSHIFT,U(-1,1),256,4096,4096,16x256x32_w4f4,SKIP,BN/WARPS != 16
INT4,LUT,U(-1,1),256,4096,4096,128x64x32_w4_v1,SKIP,no template instantiation for this tile
INT4,BITSHIFT,U(-1,1),256,4096,4096,128x64x32_w4_v1,SKIP,opt only LUT path
INT4,LUT,U(-1,1),256,4096,4096,128x128x32_w4_v1,SKIP,BN/WARPS != 16
INT4,BITSHIFT,U(-1,1),256,4096,4096,128x128x32_w4_v1,SKIP,BN/WARPS != 16
INT4,LUT,U(-1,1),256,4096,4096,128x256x32_w4_v1,SKIP,BN/WARPS != 16
INT4,BITSHIFT,U(-1,1),256,4096,4096,128x256x32_w4_v1,SKIP,BN/WARPS != 16
INT4,LUT,U(-1,1),256,4096,4096,128x256x32_w8_v1,SKIP,BN/WARPS != 16
INT4,BITSHIFT,U(-1,1),256,4096,4096,128x256x32_w8_v1,SKIP,BN/WARPS != 16
INT4,LUT,U(-1,1),256,4096,4096,64x64x32_w4_v1,SKIP,no template instantiation for this tile
INT4,BITSHIFT,U(-1,1),256,4096,4096,64x64x32_w4_v1,SKIP,opt only LUT path
INT4,LUT,U(-1,1),256,4096,4096,64x128x32_w4_v1,SKIP,BN/WARPS != 16
INT4,BITSHIFT,U(-1,1),256,4096,4096,64x128x32_w4_v1,SKIP,BN/WARPS != 16
INT4,LUT,U(-1,1),256,4096,4096,128x64x32_w4_v2,OK,ms=0.811,tflops=10.60,gbps=22.0,maxabs=2.924e-02,p99=1.398e-02,rel=2.555e-04
INT4,BITSHIFT,U(-1,1),256,4096,4096,128x64x32_w4_v2,SKIP,opt only LUT path
INT4,LUT,U(-1,1),256,4096,4096,128x128x32_w4_v2,SKIP,BN/WARPS != 16
INT4,BITSHIFT,U(-1,1),256,4096,4096,128x128x32_w4_v2,SKIP,BN/WARPS != 16
INT4,LUT,U(-1,1),256,4096,4096,128x256x32_w4_v2,SKIP,BN/WARPS != 16
INT4,BITSHIFT,U(-1,1),256,4096,4096,128x256x32_w4_v2,SKIP,BN/WARPS != 16
INT4,LUT,U(-1,1),256,4096,4096,128x256x32_w8_v2,SKIP,BN/WARPS != 16
INT4,BITSHIFT,U(-1,1),256,4096,4096,128x256x32_w8_v2,SKIP,BN/WARPS != 16
INT4,LUT,U(-1,1),256,4096,4096,64x64x32_w4_v2,OK,ms=0.660,tflops=13.02,gbps=27.0,maxabs=2.924e-02,p99=1.398e-02,rel=2.555e-04
INT4,BITSHIFT,U(-1,1),256,4096,4096,64x64x32_w4_v2,SKIP,opt only LUT path
INT4,LUT,U(-1,1),256,4096,4096,64x128x32_w4_v2,SKIP,BN/WARPS != 16
INT4,BITSHIFT,U(-1,1),256,4096,4096,64x128x32_w4_v2,SKIP,BN/WARPS != 16
INT4,LUT,U(-1,1),256,4096,4096,128x64x32_w4_v3,OK,ms=0.800,tflops=10.73,gbps=22.3,maxabs=2.924e-02,p99=1.398e-02,rel=2.555e-04
INT4,BITSHIFT,U(-1,1),256,4096,4096,128x64x32_w4_v3,SKIP,opt only LUT path
INT4,LUT,U(-1,1),256,4096,4096,128x128x32_w4_v3,SKIP,BN/WARPS != 16
INT4,BITSHIFT,U(-1,1),256,4096,4096,128x128x32_w4_v3,SKIP,BN/WARPS != 16
INT4,LUT,U(-1,1),256,4096,4096,128x256x32_w8_v3,SKIP,BN/WARPS != 16
INT4,BITSHIFT,U(-1,1),256,4096,4096,128x256x32_w8_v3,SKIP,BN/WARPS != 16
INT4,LUT,U(-1,1),256,4096,4096,64x64x32_w4_v3,OK,ms=0.654,tflops=13.13,gbps=27.2,maxabs=2.924e-02,p99=1.398e-02,rel=2.555e-04
INT4,BITSHIFT,U(-1,1),256,4096,4096,64x64x32_w4_v3,SKIP,opt only LUT path
INT4,LUT,U(-1,1),256,4096,4096,64x128x32_w4_v3,SKIP,BN/WARPS != 16
INT4,BITSHIFT,U(-1,1),256,4096,4096,64x128x32_w4_v3,SKIP,BN/WARPS != 16
INT4,LUT,U(-1,1),256,4096,4096,32x128x32_w4_v3_b1,SKIP,BN/WARPS != 16
INT4,BITSHIFT,U(-1,1),256,4096,4096,32x128x32_w4_v3_b1,SKIP,BN/WARPS != 16
INT4,LUT,U(-1,1),256,4096,4096,32x64x32_w4_v3_b1,OK,ms=1.120,tflops=7.67,gbps=15.9,maxabs=2.924e-02,p99=1.398e-02,rel=2.555e-04
INT4,BITSHIFT,U(-1,1),256,4096,4096,32x64x32_w4_v3_b1,SKIP,opt only LUT path
INT4,LUT,U(-1,1),256,4096,4096,32x256x32_w8_v3_b1,SKIP,BN/WARPS != 16
INT4,BITSHIFT,U(-1,1),256,4096,4096,32x256x32_w8_v3_b1,SKIP,BN/WARPS != 16
INT4,LUT,U(-1,1),256,4096,4096,128x128x32_w8_v3_b1alt,SKIP,no template instantiation for this tile
INT4,BITSHIFT,U(-1,1),256,4096,4096,128x128x32_w8_v3_b1alt,SKIP,opt only LUT path
INT4,LUT,U(-1,1),256,4096,4096,64x128x32_w8_v3_b1alt,SKIP,no template instantiation for this tile
INT4,BITSHIFT,U(-1,1),256,4096,4096,64x128x32_w8_v3_b1alt,SKIP,opt only LUT path
INT4,LUT,U(-1,1),256,4096,4096,128x64x32_w4_v4,OK,ms=0.797,tflops=10.78,gbps=22.4,maxabs=2.924e-02,p99=1.398e-02,rel=2.555e-04
INT4,BITSHIFT,U(-1,1),256,4096,4096,128x64x32_w4_v4,SKIP,opt only LUT path
INT4,LUT,U(-1,1),256,4096,4096,128x128x32_w4_v4,SKIP,BN/WARPS != 16
INT4,BITSHIFT,U(-1,1),256,4096,4096,128x128x32_w4_v4,SKIP,BN/WARPS != 16
INT4,LUT,U(-1,1),256,4096,4096,64x64x32_w4_v4,OK,ms=0.689,tflops=12.46,gbps=25.9,maxabs=2.924e-02,p99=1.398e-02,rel=2.555e-04
INT4,BITSHIFT,U(-1,1),256,4096,4096,64x64x32_w4_v4,SKIP,opt only LUT path
INT4,LUT,U(-1,1),256,4096,4096,64x128x32_w4_v4,SKIP,BN/WARPS != 16
INT4,BITSHIFT,U(-1,1),256,4096,4096,64x128x32_w4_v4,SKIP,BN/WARPS != 16
INT4,LUT,U(-1,1),256,4096,4096,128x64x32_w4_v5,OK,ms=0.819,tflops=10.49,gbps=21.8,maxabs=2.924e-02,p99=1.398e-02,rel=2.555e-04
INT4,BITSHIFT,U(-1,1),256,4096,4096,128x64x32_w4_v5,SKIP,opt only LUT path
INT4,LUT,U(-1,1),256,4096,4096,128x128x32_w4_v5,SKIP,BN/WARPS != 16
INT4,BITSHIFT,U(-1,1),256,4096,4096,128x128x32_w4_v5,SKIP,BN/WARPS != 16
INT4,LUT,U(-1,1),256,4096,4096,64x64x32_w4_v5,OK,ms=1.141,tflops=7.53,gbps=15.6,maxabs=2.924e-02,p99=1.398e-02,rel=2.555e-04
INT4,BITSHIFT,U(-1,1),256,4096,4096,64x64x32_w4_v5,SKIP,opt only LUT path
INT4,LUT,U(-1,1),256,4096,4096,64x128x32_w4_v5,SKIP,BN/WARPS != 16
INT4,BITSHIFT,U(-1,1),256,4096,4096,64x128x32_w4_v5,SKIP,BN/WARPS != 16
INT4,LUT,U(-1,1),256,4096,4096,128x128x64_w4_v6,SKIP,BN/WARPS != 16
INT4,BITSHIFT,U(-1,1),256,4096,4096,128x128x64_w4_v6,SKIP,BN/WARPS != 16
INT4,LUT,U(-1,1),256,4096,4096,128x64x64_w4_v6,SKIP,v6 only INT8 (A1 retry)
INT4,BITSHIFT,U(-1,1),256,4096,4096,128x64x64_w4_v6,SKIP,opt only LUT path
INT4,LUT,U(-1,1),256,4096,4096,64x128x64_w4_v6,SKIP,BN/WARPS != 16
INT4,BITSHIFT,U(-1,1),256,4096,4096,64x128x64_w4_v6,SKIP,BN/WARPS != 16
INT4,LUT,U(-1,1),256,4096,4096,64x64x64_w4_v6,SKIP,v6 only INT8 (A1 retry)
INT4,BITSHIFT,U(-1,1),256,4096,4096,64x64x64_w4_v6,SKIP,opt only LUT path
INT4,LUT,U(-1,1),256,4096,4096,64x128x32_w4_v7,SKIP,BN/WARPS != 16
INT4,BITSHIFT,U(-1,1),256,4096,4096,64x128x32_w4_v7,SKIP,BN/WARPS != 16
INT4,LUT,U(-1,1),256,4096,4096,64x64x32_w4_v7,SKIP,v7 only INT8 (B3 triple-buffer)
INT4,BITSHIFT,U(-1,1),256,4096,4096,64x64x32_w4_v7,SKIP,opt only LUT path
INT4,LUT,U(-1,1),256,4096,4096,32x128x32_w4_v7,SKIP,BN/WARPS != 16
INT4,BITSHIFT,U(-1,1),256,4096,4096,32x128x32_w4_v7,SKIP,BN/WARPS != 16
INT4,LUT,U(-1,1),256,4096,4096,32x64x32_w4_v7,SKIP,v7 only INT8 (B3 triple-buffer)
INT4,BITSHIFT,U(-1,1),256,4096,4096,32x64x32_w4_v7,SKIP,opt only LUT path
INT4,LUT,U(-1,1),512,4096,4096,16x64x32_w4,OK,ms=3.795,tflops=4.53,gbps=6.9,maxabs=2.925e-02,p99=1.424e-02,rel=2.555e-04
INT4,BITSHIFT,U(-1,1),512,4096,4096,16x64x32_w4,OK,ms=4.792,tflops=3.59,gbps=5.5,maxabs=1.953e-02,p99=1.035e-02,rel=1.863e-04
INT4,LUT,U(-1,1),512,4096,4096,16x128x32_w8,OK,ms=3.884,tflops=4.42,gbps=6.7,maxabs=2.925e-02,p99=1.424e-02,rel=2.555e-04
INT4,BITSHIFT,U(-1,1),512,4096,4096,16x128x32_w8,OK,ms=5.107,tflops=3.36,gbps=5.1,maxabs=1.953e-02,p99=1.035e-02,rel=1.863e-04
INT4,LUT,U(-1,1),512,4096,4096,16x128x32_w4f2,SKIP,BN/WARPS != 16
INT4,BITSHIFT,U(-1,1),512,4096,4096,16x128x32_w4f2,SKIP,BN/WARPS != 16
INT4,LUT,U(-1,1),512,4096,4096,16x256x32_w4f4,SKIP,BN/WARPS != 16
INT4,BITSHIFT,U(-1,1),512,4096,4096,16x256x32_w4f4,SKIP,BN/WARPS != 16
INT4,LUT,U(-1,1),512,4096,4096,128x64x32_w4_v1,SKIP,no template instantiation for this tile
INT4,BITSHIFT,U(-1,1),512,4096,4096,128x64x32_w4_v1,SKIP,opt only LUT path
INT4,LUT,U(-1,1),512,4096,4096,128x128x32_w4_v1,SKIP,BN/WARPS != 16
INT4,BITSHIFT,U(-1,1),512,4096,4096,128x128x32_w4_v1,SKIP,BN/WARPS != 16
INT4,LUT,U(-1,1),512,4096,4096,128x256x32_w4_v1,SKIP,BN/WARPS != 16
INT4,BITSHIFT,U(-1,1),512,4096,4096,128x256x32_w4_v1,SKIP,BN/WARPS != 16
INT4,LUT,U(-1,1),512,4096,4096,128x256x32_w8_v1,SKIP,BN/WARPS != 16
INT4,BITSHIFT,U(-1,1),512,4096,4096,128x256x32_w8_v1,SKIP,BN/WARPS != 16
INT4,LUT,U(-1,1),512,4096,4096,64x64x32_w4_v1,SKIP,no template instantiation for this tile
INT4,BITSHIFT,U(-1,1),512,4096,4096,64x64x32_w4_v1,SKIP,opt only LUT path
INT4,LUT,U(-1,1),512,4096,4096,64x128x32_w4_v1,SKIP,BN/WARPS != 16
INT4,BITSHIFT,U(-1,1),512,4096,4096,64x128x32_w4_v1,SKIP,BN/WARPS != 16
INT4,LUT,U(-1,1),512,4096,4096,128x64x32_w4_v2,OK,ms=1.051,tflops=16.34,gbps=24.9,maxabs=2.925e-02,p99=1.424e-02,rel=2.555e-04
INT4,BITSHIFT,U(-1,1),512,4096,4096,128x64x32_w4_v2,SKIP,opt only LUT path
INT4,LUT,U(-1,1),512,4096,4096,128x128x32_w4_v2,SKIP,BN/WARPS != 16
INT4,BITSHIFT,U(-1,1),512,4096,4096,128x128x32_w4_v2,SKIP,BN/WARPS != 16
INT4,LUT,U(-1,1),512,4096,4096,128x256x32_w4_v2,SKIP,BN/WARPS != 16
INT4,BITSHIFT,U(-1,1),512,4096,4096,128x256x32_w4_v2,SKIP,BN/WARPS != 16
INT4,LUT,U(-1,1),512,4096,4096,128x256x32_w8_v2,SKIP,BN/WARPS != 16
INT4,BITSHIFT,U(-1,1),512,4096,4096,128x256x32_w8_v2,SKIP,BN/WARPS != 16
INT4,LUT,U(-1,1),512,4096,4096,64x64x32_w4_v2,OK,ms=1.366,tflops=12.58,gbps=19.2,maxabs=2.925e-02,p99=1.424e-02,rel=2.555e-04
INT4,BITSHIFT,U(-1,1),512,4096,4096,64x64x32_w4_v2,SKIP,opt only LUT path
INT4,LUT,U(-1,1),512,4096,4096,64x128x32_w4_v2,SKIP,BN/WARPS != 16
INT4,BITSHIFT,U(-1,1),512,4096,4096,64x128x32_w4_v2,SKIP,BN/WARPS != 16
INT4,LUT,U(-1,1),512,4096,4096,128x64x32_w4_v3,OK,ms=1.796,tflops=9.57,gbps=14.6,maxabs=2.925e-02,p99=1.424e-02,rel=2.555e-04
INT4,BITSHIFT,U(-1,1),512,4096,4096,128x64x32_w4_v3,SKIP,opt only LUT path
INT4,LUT,U(-1,1),512,4096,4096,128x128x32_w4_v3,SKIP,BN/WARPS != 16
INT4,BITSHIFT,U(-1,1),512,4096,4096,128x128x32_w4_v3,SKIP,BN/WARPS != 16
INT4,LUT,U(-1,1),512,4096,4096,128x256x32_w8_v3,SKIP,BN/WARPS != 16
INT4,BITSHIFT,U(-1,1),512,4096,4096,128x256x32_w8_v3,SKIP,BN/WARPS != 16
INT4,LUT,U(-1,1),512,4096,4096,64x64x32_w4_v3,OK,ms=1.500,tflops=11.45,gbps=17.5,maxabs=2.925e-02,p99=1.424e-02,rel=2.555e-04
INT4,BITSHIFT,U(-1,1),512,4096,4096,64x64x32_w4_v3,SKIP,opt only LUT path
INT4,LUT,U(-1,1),512,4096,4096,64x128x32_w4_v3,SKIP,BN/WARPS != 16
INT4,BITSHIFT,U(-1,1),512,4096,4096,64x128x32_w4_v3,SKIP,BN/WARPS != 16
INT4,LUT,U(-1,1),512,4096,4096,32x128x32_w4_v3_b1,SKIP,BN/WARPS != 16
INT4,BITSHIFT,U(-1,1),512,4096,4096,32x128x32_w4_v3_b1,SKIP,BN/WARPS != 16
INT4,LUT,U(-1,1),512,4096,4096,32x64x32_w4_v3_b1,OK,ms=1.794,tflops=9.58,gbps=14.6,maxabs=2.925e-02,p99=1.424e-02,rel=2.555e-04
INT4,BITSHIFT,U(-1,1),512,4096,4096,32x64x32_w4_v3_b1,SKIP,opt only LUT path
INT4,LUT,U(-1,1),512,4096,4096,32x256x32_w8_v3_b1,SKIP,BN/WARPS != 16
INT4,BITSHIFT,U(-1,1),512,4096,4096,32x256x32_w8_v3_b1,SKIP,BN/WARPS != 16
INT4,LUT,U(-1,1),512,4096,4096,128x128x32_w8_v3_b1alt,SKIP,no template instantiation for this tile
INT4,BITSHIFT,U(-1,1),512,4096,4096,128x128x32_w8_v3_b1alt,SKIP,opt only LUT path
INT4,LUT,U(-1,1),512,4096,4096,64x128x32_w8_v3_b1alt,SKIP,no template instantiation for this tile
INT4,BITSHIFT,U(-1,1),512,4096,4096,64x128x32_w8_v3_b1alt,SKIP,opt only LUT path
INT4,LUT,U(-1,1),512,4096,4096,128x64x32_w4_v4,OK,ms=1.822,tflops=9.43,gbps=14.4,maxabs=2.925e-02,p99=1.424e-02,rel=2.555e-04
INT4,BITSHIFT,U(-1,1),512,4096,4096,128x64x32_w4_v4,SKIP,opt only LUT path
INT4,LUT,U(-1,1),512,4096,4096,128x128x32_w4_v4,SKIP,BN/WARPS != 16
INT4,BITSHIFT,U(-1,1),512,4096,4096,128x128x32_w4_v4,SKIP,BN/WARPS != 16
INT4,LUT,U(-1,1),512,4096,4096,64x64x32_w4_v4,OK,ms=1.454,tflops=11.82,gbps=18.0,maxabs=2.925e-02,p99=1.424e-02,rel=2.555e-04
INT4,BITSHIFT,U(-1,1),512,4096,4096,64x64x32_w4_v4,SKIP,opt only LUT path
INT4,LUT,U(-1,1),512,4096,4096,64x128x32_w4_v4,SKIP,BN/WARPS != 16
INT4,BITSHIFT,U(-1,1),512,4096,4096,64x128x32_w4_v4,SKIP,BN/WARPS != 16
INT4,LUT,U(-1,1),512,4096,4096,128x64x32_w4_v5,OK,ms=1.642,tflops=10.46,gbps=16.0,maxabs=2.925e-02,p99=1.424e-02,rel=2.555e-04
INT4,BITSHIFT,U(-1,1),512,4096,4096,128x64x32_w4_v5,SKIP,opt only LUT path
INT4,LUT,U(-1,1),512,4096,4096,128x128x32_w4_v5,SKIP,BN/WARPS != 16
INT4,BITSHIFT,U(-1,1),512,4096,4096,128x128x32_w4_v5,SKIP,BN/WARPS != 16
INT4,LUT,U(-1,1),512,4096,4096,64x64x32_w4_v5,OK,ms=2.188,tflops=7.85,gbps=12.0,maxabs=2.925e-02,p99=1.424e-02,rel=2.555e-04
INT4,BITSHIFT,U(-1,1),512,4096,4096,64x64x32_w4_v5,SKIP,opt only LUT path
INT4,LUT,U(-1,1),512,4096,4096,64x128x32_w4_v5,SKIP,BN/WARPS != 16
INT4,BITSHIFT,U(-1,1),512,4096,4096,64x128x32_w4_v5,SKIP,BN/WARPS != 16
INT4,LUT,U(-1,1),512,4096,4096,128x128x64_w4_v6,SKIP,BN/WARPS != 16
INT4,BITSHIFT,U(-1,1),512,4096,4096,128x128x64_w4_v6,SKIP,BN/WARPS != 16
INT4,LUT,U(-1,1),512,4096,4096,128x64x64_w4_v6,SKIP,v6 only INT8 (A1 retry)
INT4,BITSHIFT,U(-1,1),512,4096,4096,128x64x64_w4_v6,SKIP,opt only LUT path
INT4,LUT,U(-1,1),512,4096,4096,64x128x64_w4_v6,SKIP,BN/WARPS != 16
INT4,BITSHIFT,U(-1,1),512,4096,4096,64x128x64_w4_v6,SKIP,BN/WARPS != 16
INT4,LUT,U(-1,1),512,4096,4096,64x64x64_w4_v6,SKIP,v6 only INT8 (A1 retry)
INT4,BITSHIFT,U(-1,1),512,4096,4096,64x64x64_w4_v6,SKIP,opt only LUT path
INT4,LUT,U(-1,1),512,4096,4096,64x128x32_w4_v7,SKIP,BN/WARPS != 16
INT4,BITSHIFT,U(-1,1),512,4096,4096,64x128x32_w4_v7,SKIP,BN/WARPS != 16
INT4,LUT,U(-1,1),512,4096,4096,64x64x32_w4_v7,SKIP,v7 only INT8 (B3 triple-buffer)
INT4,BITSHIFT,U(-1,1),512,4096,4096,64x64x32_w4_v7,SKIP,opt only LUT path
INT4,LUT,U(-1,1),512,4096,4096,32x128x32_w4_v7,SKIP,BN/WARPS != 16
INT4,BITSHIFT,U(-1,1),512,4096,4096,32x128x32_w4_v7,SKIP,BN/WARPS != 16
INT4,LUT,U(-1,1),512,4096,4096,32x64x32_w4_v7,SKIP,v7 only INT8 (B3 triple-buffer)
INT4,BITSHIFT,U(-1,1),512,4096,4096,32x64x32_w4_v7,SKIP,opt only LUT path
INT4,LUT,U(-1,1),1024,4096,4096,16x64x32_w4,OK,ms=6.822,tflops=5.04,gbps=6.3,maxabs=2.925e-02,p99=1.432e-02,rel=2.555e-04
INT4,BITSHIFT,U(-1,1),1024,4096,4096,16x64x32_w4,OK,ms=9.700,tflops=3.54,gbps=4.4,maxabs=1.954e-02,p99=1.016e-02,rel=1.862e-04
INT4,LUT,U(-1,1),1024,4096,4096,16x128x32_w8,OK,ms=7.049,tflops=4.87,gbps=6.1,maxabs=2.925e-02,p99=1.432e-02,rel=2.555e-04
INT4,BITSHIFT,U(-1,1),1024,4096,4096,16x128x32_w8,OK,ms=9.766,tflops=3.52,gbps=4.4,maxabs=1.954e-02,p99=1.016e-02,rel=1.862e-04
INT4,LUT,U(-1,1),1024,4096,4096,16x128x32_w4f2,SKIP,BN/WARPS != 16
INT4,BITSHIFT,U(-1,1),1024,4096,4096,16x128x32_w4f2,SKIP,BN/WARPS != 16
INT4,LUT,U(-1,1),1024,4096,4096,16x256x32_w4f4,SKIP,BN/WARPS != 16
INT4,BITSHIFT,U(-1,1),1024,4096,4096,16x256x32_w4f4,SKIP,BN/WARPS != 16
INT4,LUT,U(-1,1),1024,4096,4096,128x64x32_w4_v1,SKIP,no template instantiation for this tile
INT4,BITSHIFT,U(-1,1),1024,4096,4096,128x64x32_w4_v1,SKIP,opt only LUT path
INT4,LUT,U(-1,1),1024,4096,4096,128x128x32_w4_v1,SKIP,BN/WARPS != 16
INT4,BITSHIFT,U(-1,1),1024,4096,4096,128x128x32_w4_v1,SKIP,BN/WARPS != 16
INT4,LUT,U(-1,1),1024,4096,4096,128x256x32_w4_v1,SKIP,BN/WARPS != 16
INT4,BITSHIFT,U(-1,1),1024,4096,4096,128x256x32_w4_v1,SKIP,BN/WARPS != 16
INT4,LUT,U(-1,1),1024,4096,4096,128x256x32_w8_v1,SKIP,BN/WARPS != 16
INT4,BITSHIFT,U(-1,1),1024,4096,4096,128x256x32_w8_v1,SKIP,BN/WARPS != 16
INT4,LUT,U(-1,1),1024,4096,4096,64x64x32_w4_v1,SKIP,no template instantiation for this tile
INT4,BITSHIFT,U(-1,1),1024,4096,4096,64x64x32_w4_v1,SKIP,opt only LUT path
INT4,LUT,U(-1,1),1024,4096,4096,64x128x32_w4_v1,SKIP,BN/WARPS != 16
INT4,BITSHIFT,U(-1,1),1024,4096,4096,64x128x32_w4_v1,SKIP,BN/WARPS != 16
INT4,LUT,U(-1,1),1024,4096,4096,128x64x32_w4_v2,OK,ms=2.104,tflops=16.33,gbps=20.4,maxabs=2.925e-02,p99=1.432e-02,rel=2.555e-04
INT4,BITSHIFT,U(-1,1),1024,4096,4096,128x64x32_w4_v2,SKIP,opt only LUT path
INT4,LUT,U(-1,1),1024,4096,4096,128x128x32_w4_v2,SKIP,BN/WARPS != 16
INT4,BITSHIFT,U(-1,1),1024,4096,4096,128x128x32_w4_v2,SKIP,BN/WARPS != 16
INT4,LUT,U(-1,1),1024,4096,4096,128x256x32_w4_v2,SKIP,BN/WARPS != 16
INT4,BITSHIFT,U(-1,1),1024,4096,4096,128x256x32_w4_v2,SKIP,BN/WARPS != 16
INT4,LUT,U(-1,1),1024,4096,4096,128x256x32_w8_v2,SKIP,BN/WARPS != 16
INT4,BITSHIFT,U(-1,1),1024,4096,4096,128x256x32_w8_v2,SKIP,BN/WARPS != 16
INT4,LUT,U(-1,1),1024,4096,4096,64x64x32_w4_v2,OK,ms=2.736,tflops=12.56,gbps=15.7,maxabs=2.925e-02,p99=1.432e-02,rel=2.555e-04
INT4,BITSHIFT,U(-1,1),1024,4096,4096,64x64x32_w4_v2,SKIP,opt only LUT path
INT4,LUT,U(-1,1),1024,4096,4096,64x128x32_w4_v2,SKIP,BN/WARPS != 16
INT4,BITSHIFT,U(-1,1),1024,4096,4096,64x128x32_w4_v2,SKIP,BN/WARPS != 16
INT4,LUT,U(-1,1),1024,4096,4096,128x64x32_w4_v3,OK,ms=2.731,tflops=12.58,gbps=15.7,maxabs=2.925e-02,p99=1.432e-02,rel=2.555e-04
INT4,BITSHIFT,U(-1,1),1024,4096,4096,128x64x32_w4_v3,SKIP,opt only LUT path
INT4,LUT,U(-1,1),1024,4096,4096,128x128x32_w4_v3,SKIP,BN/WARPS != 16
INT4,BITSHIFT,U(-1,1),1024,4096,4096,128x128x32_w4_v3,SKIP,BN/WARPS != 16
INT4,LUT,U(-1,1),1024,4096,4096,128x256x32_w8_v3,SKIP,BN/WARPS != 16
INT4,BITSHIFT,U(-1,1),1024,4096,4096,128x256x32_w8_v3,SKIP,BN/WARPS != 16
INT4,LUT,U(-1,1),1024,4096,4096,64x64x32_w4_v3,OK,ms=2.239,tflops=15.34,gbps=19.2,maxabs=2.925e-02,p99=1.432e-02,rel=2.555e-04
INT4,BITSHIFT,U(-1,1),1024,4096,4096,64x64x32_w4_v3,SKIP,opt only LUT path
INT4,LUT,U(-1,1),1024,4096,4096,64x128x32_w4_v3,SKIP,BN/WARPS != 16
INT4,BITSHIFT,U(-1,1),1024,4096,4096,64x128x32_w4_v3,SKIP,BN/WARPS != 16
INT4,LUT,U(-1,1),1024,4096,4096,32x128x32_w4_v3_b1,SKIP,BN/WARPS != 16
INT4,BITSHIFT,U(-1,1),1024,4096,4096,32x128x32_w4_v3_b1,SKIP,BN/WARPS != 16
INT4,LUT,U(-1,1),1024,4096,4096,32x64x32_w4_v3_b1,OK,ms=3.042,tflops=11.29,gbps=14.1,maxabs=2.925e-02,p99=1.432e-02,rel=2.555e-04
INT4,BITSHIFT,U(-1,1),1024,4096,4096,32x64x32_w4_v3_b1,SKIP,opt only LUT path
INT4,LUT,U(-1,1),1024,4096,4096,32x256x32_w8_v3_b1,SKIP,BN/WARPS != 16
INT4,BITSHIFT,U(-1,1),1024,4096,4096,32x256x32_w8_v3_b1,SKIP,BN/WARPS != 16
INT4,LUT,U(-1,1),1024,4096,4096,128x128x32_w8_v3_b1alt,SKIP,no template instantiation for this tile
INT4,BITSHIFT,U(-1,1),1024,4096,4096,128x128x32_w8_v3_b1alt,SKIP,opt only LUT path
INT4,LUT,U(-1,1),1024,4096,4096,64x128x32_w8_v3_b1alt,SKIP,no template instantiation for this tile
INT4,BITSHIFT,U(-1,1),1024,4096,4096,64x128x32_w8_v3_b1alt,SKIP,opt only LUT path
INT4,LUT,U(-1,1),1024,4096,4096,128x64x32_w4_v4,OK,ms=2.747,tflops=12.51,gbps=15.7,maxabs=2.925e-02,p99=1.432e-02,rel=2.555e-04
INT4,BITSHIFT,U(-1,1),1024,4096,4096,128x64x32_w4_v4,SKIP,opt only LUT path
INT4,LUT,U(-1,1),1024,4096,4096,128x128x32_w4_v4,SKIP,BN/WARPS != 16
INT4,BITSHIFT,U(-1,1),1024,4096,4096,128x128x32_w4_v4,SKIP,BN/WARPS != 16
INT4,LUT,U(-1,1),1024,4096,4096,64x64x32_w4_v4,OK,ms=2.345,tflops=14.65,gbps=18.3,maxabs=2.925e-02,p99=1.432e-02,rel=2.555e-04
INT4,BITSHIFT,U(-1,1),1024,4096,4096,64x64x32_w4_v4,SKIP,opt only LUT path
INT4,LUT,U(-1,1),1024,4096,4096,64x128x32_w4_v4,SKIP,BN/WARPS != 16
INT4,BITSHIFT,U(-1,1),1024,4096,4096,64x128x32_w4_v4,SKIP,BN/WARPS != 16
INT4,LUT,U(-1,1),1024,4096,4096,128x64x32_w4_v5,OK,ms=3.199,tflops=10.74,gbps=13.4,maxabs=2.925e-02,p99=1.432e-02,rel=2.555e-04
INT4,BITSHIFT,U(-1,1),1024,4096,4096,128x64x32_w4_v5,SKIP,opt only LUT path
INT4,LUT,U(-1,1),1024,4096,4096,128x128x32_w4_v5,SKIP,BN/WARPS != 16
INT4,BITSHIFT,U(-1,1),1024,4096,4096,128x128x32_w4_v5,SKIP,BN/WARPS != 16
INT4,LUT,U(-1,1),1024,4096,4096,64x64x32_w4_v5,OK,ms=3.897,tflops=8.82,gbps=11.0,maxabs=2.925e-02,p99=1.432e-02,rel=2.555e-04
INT4,BITSHIFT,U(-1,1),1024,4096,4096,64x64x32_w4_v5,SKIP,opt only LUT path
INT4,LUT,U(-1,1),1024,4096,4096,64x128x32_w4_v5,SKIP,BN/WARPS != 16
INT4,BITSHIFT,U(-1,1),1024,4096,4096,64x128x32_w4_v5,SKIP,BN/WARPS != 16
INT4,LUT,U(-1,1),1024,4096,4096,128x128x64_w4_v6,SKIP,BN/WARPS != 16
INT4,BITSHIFT,U(-1,1),1024,4096,4096,128x128x64_w4_v6,SKIP,BN/WARPS != 16
INT4,LUT,U(-1,1),1024,4096,4096,128x64x64_w4_v6,SKIP,v6 only INT8 (A1 retry)
INT4,BITSHIFT,U(-1,1),1024,4096,4096,128x64x64_w4_v6,SKIP,opt only LUT path
INT4,LUT,U(-1,1),1024,4096,4096,64x128x64_w4_v6,SKIP,BN/WARPS != 16
INT4,BITSHIFT,U(-1,1),1024,4096,4096,64x128x64_w4_v6,SKIP,BN/WARPS != 16
INT4,LUT,U(-1,1),1024,4096,4096,64x64x64_w4_v6,SKIP,v6 only INT8 (A1 retry)
INT4,BITSHIFT,U(-1,1),1024,4096,4096,64x64x64_w4_v6,SKIP,opt only LUT path
INT4,LUT,U(-1,1),1024,4096,4096,64x128x32_w4_v7,SKIP,BN/WARPS != 16
INT4,BITSHIFT,U(-1,1),1024,4096,4096,64x128x32_w4_v7,SKIP,BN/WARPS != 16
INT4,LUT,U(-1,1),1024,4096,4096,64x64x32_w4_v7,SKIP,v7 only INT8 (B3 triple-buffer)
INT4,BITSHIFT,U(-1,1),1024,4096,4096,64x64x32_w4_v7,SKIP,opt only LUT path
INT4,LUT,U(-1,1),1024,4096,4096,32x128x32_w4_v7,SKIP,BN/WARPS != 16
INT4,BITSHIFT,U(-1,1),1024,4096,4096,32x128x32_w4_v7,SKIP,BN/WARPS != 16
INT4,LUT,U(-1,1),1024,4096,4096,32x64x32_w4_v7,SKIP,v7 only INT8 (B3 triple-buffer)
INT4,BITSHIFT,U(-1,1),1024,4096,4096,32x64x32_w4_v7,SKIP,opt only LUT path
INT4,LUT,U(-1,1),2048,4096,4096,16x64x32_w4,OK,ms=12.955,tflops=5.30,gbps=5.9,maxabs=3.018e-02,p99=1.420e-02,rel=2.555e-04
INT4,BITSHIFT,U(-1,1),2048,4096,4096,16x64x32_w4,OK,ms=18.243,tflops=3.77,gbps=4.2,maxabs=2.168e-02,p99=1.021e-02,rel=1.861e-04
INT4,LUT,U(-1,1),2048,4096,4096,16x128x32_w8,OK,ms=13.330,tflops=5.16,gbps=5.7,maxabs=3.018e-02,p99=1.420e-02,rel=2.555e-04
INT4,BITSHIFT,U(-1,1),2048,4096,4096,16x128x32_w8,OK,ms=18.944,tflops=3.63,gbps=4.0,maxabs=2.168e-02,p99=1.021e-02,rel=1.861e-04
INT4,LUT,U(-1,1),2048,4096,4096,16x128x32_w4f2,SKIP,BN/WARPS != 16
INT4,BITSHIFT,U(-1,1),2048,4096,4096,16x128x32_w4f2,SKIP,BN/WARPS != 16
INT4,LUT,U(-1,1),2048,4096,4096,16x256x32_w4f4,SKIP,BN/WARPS != 16
INT4,BITSHIFT,U(-1,1),2048,4096,4096,16x256x32_w4f4,SKIP,BN/WARPS != 16
INT4,LUT,U(-1,1),2048,4096,4096,128x64x32_w4_v1,SKIP,no template instantiation for this tile
INT4,BITSHIFT,U(-1,1),2048,4096,4096,128x64x32_w4_v1,SKIP,opt only LUT path
INT4,LUT,U(-1,1),2048,4096,4096,128x128x32_w4_v1,SKIP,BN/WARPS != 16
INT4,BITSHIFT,U(-1,1),2048,4096,4096,128x128x32_w4_v1,SKIP,BN/WARPS != 16
INT4,LUT,U(-1,1),2048,4096,4096,128x256x32_w4_v1,SKIP,BN/WARPS != 16
INT4,BITSHIFT,U(-1,1),2048,4096,4096,128x256x32_w4_v1,SKIP,BN/WARPS != 16
INT4,LUT,U(-1,1),2048,4096,4096,128x256x32_w8_v1,SKIP,BN/WARPS != 16
INT4,BITSHIFT,U(-1,1),2048,4096,4096,128x256x32_w8_v1,SKIP,BN/WARPS != 16
INT4,LUT,U(-1,1),2048,4096,4096,64x64x32_w4_v1,SKIP,no template instantiation for this tile
INT4,BITSHIFT,U(-1,1),2048,4096,4096,64x64x32_w4_v1,SKIP,opt only LUT path
INT4,LUT,U(-1,1),2048,4096,4096,64x128x32_w4_v1,SKIP,BN/WARPS != 16
INT4,BITSHIFT,U(-1,1),2048,4096,4096,64x128x32_w4_v1,SKIP,BN/WARPS != 16
INT4,LUT,U(-1,1),2048,4096,4096,128x64x32_w4_v2,OK,ms=4.199,tflops=16.36,gbps=18.2,maxabs=3.018e-02,p99=1.420e-02,rel=2.555e-04
INT4,BITSHIFT,U(-1,1),2048,4096,4096,128x64x32_w4_v2,SKIP,opt only LUT path
INT4,LUT,U(-1,1),2048,4096,4096,128x128x32_w4_v2,SKIP,BN/WARPS != 16
INT4,BITSHIFT,U(-1,1),2048,4096,4096,128x128x32_w4_v2,SKIP,BN/WARPS != 16
INT4,LUT,U(-1,1),2048,4096,4096,128x256x32_w4_v2,SKIP,BN/WARPS != 16
INT4,BITSHIFT,U(-1,1),2048,4096,4096,128x256x32_w4_v2,SKIP,BN/WARPS != 16
INT4,LUT,U(-1,1),2048,4096,4096,128x256x32_w8_v2,SKIP,BN/WARPS != 16
INT4,BITSHIFT,U(-1,1),2048,4096,4096,128x256x32_w8_v2,SKIP,BN/WARPS != 16
INT4,LUT,U(-1,1),2048,4096,4096,64x64x32_w4_v2,OK,ms=4.775,tflops=14.39,gbps=16.0,maxabs=3.018e-02,p99=1.420e-02,rel=2.555e-04
INT4,BITSHIFT,U(-1,1),2048,4096,4096,64x64x32_w4_v2,SKIP,opt only LUT path
INT4,LUT,U(-1,1),2048,4096,4096,64x128x32_w4_v2,SKIP,BN/WARPS != 16
INT4,BITSHIFT,U(-1,1),2048,4096,4096,64x128x32_w4_v2,SKIP,BN/WARPS != 16
INT4,LUT,U(-1,1),2048,4096,4096,128x64x32_w4_v3,OK,ms=4.542,tflops=15.13,gbps=16.9,maxabs=3.018e-02,p99=1.420e-02,rel=2.555e-04
INT4,BITSHIFT,U(-1,1),2048,4096,4096,128x64x32_w4_v3,SKIP,opt only LUT path
INT4,LUT,U(-1,1),2048,4096,4096,128x128x32_w4_v3,SKIP,BN/WARPS != 16
INT4,BITSHIFT,U(-1,1),2048,4096,4096,128x128x32_w4_v3,SKIP,BN/WARPS != 16
INT4,LUT,U(-1,1),2048,4096,4096,128x256x32_w8_v3,SKIP,BN/WARPS != 16
INT4,BITSHIFT,U(-1,1),2048,4096,4096,128x256x32_w8_v3,SKIP,BN/WARPS != 16
INT4,LUT,U(-1,1),2048,4096,4096,64x64x32_w4_v3,OK,ms=4.342,tflops=15.83,gbps=17.6,maxabs=3.018e-02,p99=1.420e-02,rel=2.555e-04
INT4,BITSHIFT,U(-1,1),2048,4096,4096,64x64x32_w4_v3,SKIP,opt only LUT path
INT4,LUT,U(-1,1),2048,4096,4096,64x128x32_w4_v3,SKIP,BN/WARPS != 16
INT4,BITSHIFT,U(-1,1),2048,4096,4096,64x128x32_w4_v3,SKIP,BN/WARPS != 16
INT4,LUT,U(-1,1),2048,4096,4096,32x128x32_w4_v3_b1,SKIP,BN/WARPS != 16
INT4,BITSHIFT,U(-1,1),2048,4096,4096,32x128x32_w4_v3_b1,SKIP,BN/WARPS != 16
INT4,LUT,U(-1,1),2048,4096,4096,32x64x32_w4_v3_b1,OK,ms=5.574,tflops=12.33,gbps=13.7,maxabs=3.018e-02,p99=1.420e-02,rel=2.555e-04
INT4,BITSHIFT,U(-1,1),2048,4096,4096,32x64x32_w4_v3_b1,SKIP,opt only LUT path
INT4,LUT,U(-1,1),2048,4096,4096,32x256x32_w8_v3_b1,SKIP,BN/WARPS != 16
INT4,BITSHIFT,U(-1,1),2048,4096,4096,32x256x32_w8_v3_b1,SKIP,BN/WARPS != 16
INT4,LUT,U(-1,1),2048,4096,4096,128x128x32_w8_v3_b1alt,SKIP,no template instantiation for this tile
INT4,BITSHIFT,U(-1,1),2048,4096,4096,128x128x32_w8_v3_b1alt,SKIP,opt only LUT path
INT4,LUT,U(-1,1),2048,4096,4096,64x128x32_w8_v3_b1alt,SKIP,no template instantiation for this tile
INT4,BITSHIFT,U(-1,1),2048,4096,4096,64x128x32_w8_v3_b1alt,SKIP,opt only LUT path
INT4,LUT,U(-1,1),2048,4096,4096,128x64x32_w4_v4,OK,ms=4.566,tflops=15.05,gbps=16.8,maxabs=3.018e-02,p99=1.420e-02,rel=2.555e-04
INT4,BITSHIFT,U(-1,1),2048,4096,4096,128x64x32_w4_v4,SKIP,opt only LUT path
INT4,LUT,U(-1,1),2048,4096,4096,128x128x32_w4_v4,SKIP,BN/WARPS != 16
INT4,BITSHIFT,U(-1,1),2048,4096,4096,128x128x32_w4_v4,SKIP,BN/WARPS != 16
INT4,LUT,U(-1,1),2048,4096,4096,64x64x32_w4_v4,OK,ms=4.527,tflops=15.18,gbps=16.9,maxabs=3.018e-02,p99=1.420e-02,rel=2.555e-04
INT4,BITSHIFT,U(-1,1),2048,4096,4096,64x64x32_w4_v4,SKIP,opt only LUT path
INT4,LUT,U(-1,1),2048,4096,4096,64x128x32_w4_v4,SKIP,BN/WARPS != 16
INT4,BITSHIFT,U(-1,1),2048,4096,4096,64x128x32_w4_v4,SKIP,BN/WARPS != 16
INT4,LUT,U(-1,1),2048,4096,4096,128x64x32_w4_v5,OK,ms=5.740,tflops=11.97,gbps=13.3,maxabs=3.018e-02,p99=1.420e-02,rel=2.555e-04
INT4,BITSHIFT,U(-1,1),2048,4096,4096,128x64x32_w4_v5,SKIP,opt only LUT path
INT4,LUT,U(-1,1),2048,4096,4096,128x128x32_w4_v5,SKIP,BN/WARPS != 16
INT4,BITSHIFT,U(-1,1),2048,4096,4096,128x128x32_w4_v5,SKIP,BN/WARPS != 16
INT4,LUT,U(-1,1),2048,4096,4096,64x64x32_w4_v5,OK,ms=7.406,tflops=9.28,gbps=10.3,maxabs=3.018e-02,p99=1.420e-02,rel=2.555e-04
INT4,BITSHIFT,U(-1,1),2048,4096,4096,64x64x32_w4_v5,SKIP,opt only LUT path
INT4,LUT,U(-1,1),2048,4096,4096,64x128x32_w4_v5,SKIP,BN/WARPS != 16
INT4,BITSHIFT,U(-1,1),2048,4096,4096,64x128x32_w4_v5,SKIP,BN/WARPS != 16
INT4,LUT,U(-1,1),2048,4096,4096,128x128x64_w4_v6,SKIP,BN/WARPS != 16
INT4,BITSHIFT,U(-1,1),2048,4096,4096,128x128x64_w4_v6,SKIP,BN/WARPS != 16
INT4,LUT,U(-1,1),2048,4096,4096,128x64x64_w4_v6,SKIP,v6 only INT8 (A1 retry)
INT4,BITSHIFT,U(-1,1),2048,4096,4096,128x64x64_w4_v6,SKIP,opt only LUT path
INT4,LUT,U(-1,1),2048,4096,4096,64x128x64_w4_v6,SKIP,BN/WARPS != 16
INT4,BITSHIFT,U(-1,1),2048,4096,4096,64x128x64_w4_v6,SKIP,BN/WARPS != 16
INT4,LUT,U(-1,1),2048,4096,4096,64x64x64_w4_v6,SKIP,v6 only INT8 (A1 retry)
INT4,BITSHIFT,U(-1,1),2048,4096,4096,64x64x64_w4_v6,SKIP,opt only LUT path
INT4,LUT,U(-1,1),2048,4096,4096,64x128x32_w4_v7,SKIP,BN/WARPS != 16
INT4,BITSHIFT,U(-1,1),2048,4096,4096,64x128x32_w4_v7,SKIP,BN/WARPS != 16
INT4,LUT,U(-1,1),2048,4096,4096,64x64x32_w4_v7,SKIP,v7 only INT8 (B3 triple-buffer)
INT4,BITSHIFT,U(-1,1),2048,4096,4096,64x64x32_w4_v7,SKIP,opt only LUT path
INT4,LUT,U(-1,1),2048,4096,4096,32x128x32_w4_v7,SKIP,BN/WARPS != 16
INT4,BITSHIFT,U(-1,1),2048,4096,4096,32x128x32_w4_v7,SKIP,BN/WARPS != 16
INT4,LUT,U(-1,1),2048,4096,4096,32x64x32_w4_v7,SKIP,v7 only INT8 (B3 triple-buffer)
INT4,BITSHIFT,U(-1,1),2048,4096,4096,32x64x32_w4_v7,SKIP,opt only LUT path
INT4,LUT,U(-1,1),1,7168,7168,16x64x32_w4,OK,ms=1.362,tflops=0.08,gbps=21.3,maxabs=2.849e-02,p99=1.838e-02,rel=2.533e-04
INT4,BITSHIFT,U(-1,1),1,7168,7168,16x64x32_w4,OK,ms=0.719,tflops=0.14,gbps=40.3,maxabs=1.886e-02,p99=1.284e-02,rel=1.821e-04
INT4,LUT,U(-1,1),1,7168,7168,16x128x32_w8,OK,ms=1.359,tflops=0.08,gbps=21.3,maxabs=2.849e-02,p99=1.838e-02,rel=2.533e-04
INT4,BITSHIFT,U(-1,1),1,7168,7168,16x128x32_w8,OK,ms=0.722,tflops=0.14,gbps=40.1,maxabs=1.886e-02,p99=1.284e-02,rel=1.821e-04
INT4,LUT,U(-1,1),1,7168,7168,16x128x32_w4f2,SKIP,BN/WARPS != 16
INT4,BITSHIFT,U(-1,1),1,7168,7168,16x128x32_w4f2,SKIP,BN/WARPS != 16
INT4,LUT,U(-1,1),1,7168,7168,16x256x32_w4f4,SKIP,BN/WARPS != 16
INT4,BITSHIFT,U(-1,1),1,7168,7168,16x256x32_w4f4,SKIP,BN/WARPS != 16
INT4,LUT,U(-1,1),1,7168,7168,128x64x32_w4_v1,SKIP,no template instantiation for this tile
INT4,BITSHIFT,U(-1,1),1,7168,7168,128x64x32_w4_v1,SKIP,opt only LUT path
INT4,LUT,U(-1,1),1,7168,7168,128x128x32_w4_v1,SKIP,BN/WARPS != 16
INT4,BITSHIFT,U(-1,1),1,7168,7168,128x128x32_w4_v1,SKIP,BN/WARPS != 16
INT4,LUT,U(-1,1),1,7168,7168,128x256x32_w4_v1,SKIP,BN/WARPS != 16
INT4,BITSHIFT,U(-1,1),1,7168,7168,128x256x32_w4_v1,SKIP,BN/WARPS != 16
INT4,LUT,U(-1,1),1,7168,7168,128x256x32_w8_v1,SKIP,BN/WARPS != 16
INT4,BITSHIFT,U(-1,1),1,7168,7168,128x256x32_w8_v1,SKIP,BN/WARPS != 16
INT4,LUT,U(-1,1),1,7168,7168,64x64x32_w4_v1,SKIP,no template instantiation for this tile
INT4,BITSHIFT,U(-1,1),1,7168,7168,64x64x32_w4_v1,SKIP,opt only LUT path
INT4,LUT,U(-1,1),1,7168,7168,64x128x32_w4_v1,SKIP,BN/WARPS != 16
INT4,BITSHIFT,U(-1,1),1,7168,7168,64x128x32_w4_v1,SKIP,BN/WARPS != 16
INT4,LUT,U(-1,1),1,7168,7168,128x64x32_w4_v2,OK,ms=1.370,tflops=0.07,gbps=21.1,maxabs=2.849e-02,p99=1.838e-02,rel=2.533e-04
INT4,BITSHIFT,U(-1,1),1,7168,7168,128x64x32_w4_v2,SKIP,opt only LUT path
INT4,LUT,U(-1,1),1,7168,7168,128x128x32_w4_v2,SKIP,BN/WARPS != 16
INT4,BITSHIFT,U(-1,1),1,7168,7168,128x128x32_w4_v2,SKIP,BN/WARPS != 16
INT4,LUT,U(-1,1),1,7168,7168,128x256x32_w4_v2,SKIP,BN/WARPS != 16
INT4,BITSHIFT,U(-1,1),1,7168,7168,128x256x32_w4_v2,SKIP,BN/WARPS != 16
INT4,LUT,U(-1,1),1,7168,7168,128x256x32_w8_v2,SKIP,BN/WARPS != 16
INT4,BITSHIFT,U(-1,1),1,7168,7168,128x256x32_w8_v2,SKIP,BN/WARPS != 16
INT4,LUT,U(-1,1),1,7168,7168,64x64x32_w4_v2,OK,ms=0.865,tflops=0.12,gbps=33.5,maxabs=2.849e-02,p99=1.838e-02,rel=2.533e-04
INT4,BITSHIFT,U(-1,1),1,7168,7168,64x64x32_w4_v2,SKIP,opt only LUT path
INT4,LUT,U(-1,1),1,7168,7168,64x128x32_w4_v2,SKIP,BN/WARPS != 16
INT4,BITSHIFT,U(-1,1),1,7168,7168,64x128x32_w4_v2,SKIP,BN/WARPS != 16
INT4,LUT,U(-1,1),1,7168,7168,128x64x32_w4_v3,OK,ms=1.353,tflops=0.08,gbps=21.4,maxabs=2.849e-02,p99=1.838e-02,rel=2.533e-04
INT4,BITSHIFT,U(-1,1),1,7168,7168,128x64x32_w4_v3,SKIP,opt only LUT path
INT4,LUT,U(-1,1),1,7168,7168,128x128x32_w4_v3,SKIP,BN/WARPS != 16
INT4,BITSHIFT,U(-1,1),1,7168,7168,128x128x32_w4_v3,SKIP,BN/WARPS != 16
INT4,LUT,U(-1,1),1,7168,7168,128x256x32_w8_v3,SKIP,BN/WARPS != 16
INT4,BITSHIFT,U(-1,1),1,7168,7168,128x256x32_w8_v3,SKIP,BN/WARPS != 16
INT4,LUT,U(-1,1),1,7168,7168,64x64x32_w4_v3,OK,ms=0.960,tflops=0.11,gbps=30.2,maxabs=2.849e-02,p99=1.838e-02,rel=2.533e-04
INT4,BITSHIFT,U(-1,1),1,7168,7168,64x64x32_w4_v3,SKIP,opt only LUT path
INT4,LUT,U(-1,1),1,7168,7168,64x128x32_w4_v3,SKIP,BN/WARPS != 16
INT4,BITSHIFT,U(-1,1),1,7168,7168,64x128x32_w4_v3,SKIP,BN/WARPS != 16
INT4,LUT,U(-1,1),1,7168,7168,32x128x32_w4_v3_b1,SKIP,BN/WARPS != 16
INT4,BITSHIFT,U(-1,1),1,7168,7168,32x128x32_w4_v3_b1,SKIP,BN/WARPS != 16
INT4,LUT,U(-1,1),1,7168,7168,32x64x32_w4_v3_b1,OK,ms=0.860,tflops=0.12,gbps=33.7,maxabs=2.849e-02,p99=1.838e-02,rel=2.533e-04
INT4,BITSHIFT,U(-1,1),1,7168,7168,32x64x32_w4_v3_b1,SKIP,opt only LUT path
INT4,LUT,U(-1,1),1,7168,7168,32x256x32_w8_v3_b1,SKIP,BN/WARPS != 16
INT4,BITSHIFT,U(-1,1),1,7168,7168,32x256x32_w8_v3_b1,SKIP,BN/WARPS != 16
INT4,LUT,U(-1,1),1,7168,7168,128x128x32_w8_v3_b1alt,SKIP,no template instantiation for this tile
INT4,BITSHIFT,U(-1,1),1,7168,7168,128x128x32_w8_v3_b1alt,SKIP,opt only LUT path
INT4,LUT,U(-1,1),1,7168,7168,64x128x32_w8_v3_b1alt,SKIP,no template instantiation for this tile
INT4,BITSHIFT,U(-1,1),1,7168,7168,64x128x32_w8_v3_b1alt,SKIP,opt only LUT path
INT4,LUT,U(-1,1),1,7168,7168,128x64x32_w4_v4,OK,ms=1.349,tflops=0.08,gbps=21.5,maxabs=2.849e-02,p99=1.838e-02,rel=2.533e-04
INT4,BITSHIFT,U(-1,1),1,7168,7168,128x64x32_w4_v4,SKIP,opt only LUT path
INT4,LUT,U(-1,1),1,7168,7168,128x128x32_w4_v4,SKIP,BN/WARPS != 16
INT4,BITSHIFT,U(-1,1),1,7168,7168,128x128x32_w4_v4,SKIP,BN/WARPS != 16
INT4,LUT,U(-1,1),1,7168,7168,64x64x32_w4_v4,OK,ms=1.010,tflops=0.10,gbps=28.7,maxabs=2.849e-02,p99=1.838e-02,rel=2.533e-04
INT4,BITSHIFT,U(-1,1),1,7168,7168,64x64x32_w4_v4,SKIP,opt only LUT path
INT4,LUT,U(-1,1),1,7168,7168,64x128x32_w4_v4,SKIP,BN/WARPS != 16
INT4,BITSHIFT,U(-1,1),1,7168,7168,64x128x32_w4_v4,SKIP,BN/WARPS != 16
INT4,LUT,U(-1,1),1,7168,7168,128x64x32_w4_v5,OK,ms=1.360,tflops=0.08,gbps=21.3,maxabs=2.849e-02,p99=1.838e-02,rel=2.533e-04
INT4,BITSHIFT,U(-1,1),1,7168,7168,128x64x32_w4_v5,SKIP,opt only LUT path
INT4,LUT,U(-1,1),1,7168,7168,128x128x32_w4_v5,SKIP,BN/WARPS != 16
INT4,BITSHIFT,U(-1,1),1,7168,7168,128x128x32_w4_v5,SKIP,BN/WARPS != 16
INT4,LUT,U(-1,1),1,7168,7168,64x64x32_w4_v5,OK,ms=0.991,tflops=0.10,gbps=29.2,maxabs=2.849e-02,p99=1.838e-02,rel=2.533e-04
INT4,BITSHIFT,U(-1,1),1,7168,7168,64x64x32_w4_v5,SKIP,opt only LUT path
INT4,LUT,U(-1,1),1,7168,7168,64x128x32_w4_v5,SKIP,BN/WARPS != 16
INT4,BITSHIFT,U(-1,1),1,7168,7168,64x128x32_w4_v5,SKIP,BN/WARPS != 16
INT4,LUT,U(-1,1),1,7168,7168,128x128x64_w4_v6,SKIP,BN/WARPS != 16
INT4,BITSHIFT,U(-1,1),1,7168,7168,128x128x64_w4_v6,SKIP,BN/WARPS != 16
INT4,LUT,U(-1,1),1,7168,7168,128x64x64_w4_v6,SKIP,v6 only INT8 (A1 retry)
INT4,BITSHIFT,U(-1,1),1,7168,7168,128x64x64_w4_v6,SKIP,opt only LUT path
INT4,LUT,U(-1,1),1,7168,7168,64x128x64_w4_v6,SKIP,BN/WARPS != 16
INT4,BITSHIFT,U(-1,1),1,7168,7168,64x128x64_w4_v6,SKIP,BN/WARPS != 16
INT4,LUT,U(-1,1),1,7168,7168,64x64x64_w4_v6,SKIP,v6 only INT8 (A1 retry)
INT4,BITSHIFT,U(-1,1),1,7168,7168,64x64x64_w4_v6,SKIP,opt only LUT path
INT4,LUT,U(-1,1),1,7168,7168,64x128x32_w4_v7,SKIP,BN/WARPS != 16
INT4,BITSHIFT,U(-1,1),1,7168,7168,64x128x32_w4_v7,SKIP,BN/WARPS != 16
INT4,LUT,U(-1,1),1,7168,7168,64x64x32_w4_v7,SKIP,v7 only INT8 (B3 triple-buffer)
INT4,BITSHIFT,U(-1,1),1,7168,7168,64x64x32_w4_v7,SKIP,opt only LUT path
INT4,LUT,U(-1,1),1,7168,7168,32x128x32_w4_v7,SKIP,BN/WARPS != 16
INT4,BITSHIFT,U(-1,1),1,7168,7168,32x128x32_w4_v7,SKIP,BN/WARPS != 16
INT4,LUT,U(-1,1),1,7168,7168,32x64x32_w4_v7,SKIP,v7 only INT8 (B3 triple-buffer)
INT4,BITSHIFT,U(-1,1),1,7168,7168,32x64x32_w4_v7,SKIP,opt only LUT path
INT4,LUT,U(-1,1),16,7168,7168,16x64x32_w4,OK,ms=1.395,tflops=1.18,gbps=21.4,maxabs=3.330e-02,p99=1.859e-02,rel=2.565e-04
INT4,BITSHIFT,U(-1,1),16,7168,7168,16x64x32_w4,OK,ms=1.037,tflops=1.59,gbps=28.8,maxabs=2.491e-02,p99=1.344e-02,rel=1.875e-04
INT4,LUT,U(-1,1),16,7168,7168,16x128x32_w8,OK,ms=1.434,tflops=1.15,gbps=20.8,maxabs=3.330e-02,p99=1.859e-02,rel=2.565e-04
INT4,BITSHIFT,U(-1,1),16,7168,7168,16x128x32_w8,OK,ms=1.130,tflops=1.45,gbps=26.4,maxabs=2.491e-02,p99=1.344e-02,rel=1.875e-04
INT4,LUT,U(-1,1),16,7168,7168,16x128x32_w4f2,SKIP,BN/WARPS != 16
INT4,BITSHIFT,U(-1,1),16,7168,7168,16x128x32_w4f2,SKIP,BN/WARPS != 16
INT4,LUT,U(-1,1),16,7168,7168,16x256x32_w4f4,SKIP,BN/WARPS != 16
INT4,BITSHIFT,U(-1,1),16,7168,7168,16x256x32_w4f4,SKIP,BN/WARPS != 16
INT4,LUT,U(-1,1),16,7168,7168,128x64x32_w4_v1,SKIP,no template instantiation for this tile
INT4,BITSHIFT,U(-1,1),16,7168,7168,128x64x32_w4_v1,SKIP,opt only LUT path
INT4,LUT,U(-1,1),16,7168,7168,128x128x32_w4_v1,SKIP,BN/WARPS != 16
INT4,BITSHIFT,U(-1,1),16,7168,7168,128x128x32_w4_v1,SKIP,BN/WARPS != 16
INT4,LUT,U(-1,1),16,7168,7168,128x256x32_w4_v1,SKIP,BN/WARPS != 16
INT4,BITSHIFT,U(-1,1),16,7168,7168,128x256x32_w4_v1,SKIP,BN/WARPS != 16
INT4,LUT,U(-1,1),16,7168,7168,128x256x32_w8_v1,SKIP,BN/WARPS != 16
INT4,BITSHIFT,U(-1,1),16,7168,7168,128x256x32_w8_v1,SKIP,BN/WARPS != 16
INT4,LUT,U(-1,1),16,7168,7168,64x64x32_w4_v1,SKIP,no template instantiation for this tile
INT4,BITSHIFT,U(-1,1),16,7168,7168,64x64x32_w4_v1,SKIP,opt only LUT path
INT4,LUT,U(-1,1),16,7168,7168,64x128x32_w4_v1,SKIP,BN/WARPS != 16
INT4,BITSHIFT,U(-1,1),16,7168,7168,64x128x32_w4_v1,SKIP,BN/WARPS != 16
INT4,LUT,U(-1,1),16,7168,7168,128x64x32_w4_v2,OK,ms=1.386,tflops=1.19,gbps=21.5,maxabs=3.330e-02,p99=1.859e-02,rel=2.565e-04
INT4,BITSHIFT,U(-1,1),16,7168,7168,128x64x32_w4_v2,SKIP,opt only LUT path
INT4,LUT,U(-1,1),16,7168,7168,128x128x32_w4_v2,SKIP,BN/WARPS != 16
INT4,BITSHIFT,U(-1,1),16,7168,7168,128x128x32_w4_v2,SKIP,BN/WARPS != 16
INT4,LUT,U(-1,1),16,7168,7168,128x256x32_w4_v2,SKIP,BN/WARPS != 16
INT4,BITSHIFT,U(-1,1),16,7168,7168,128x256x32_w4_v2,SKIP,BN/WARPS != 16
INT4,LUT,U(-1,1),16,7168,7168,128x256x32_w8_v2,SKIP,BN/WARPS != 16
INT4,BITSHIFT,U(-1,1),16,7168,7168,128x256x32_w8_v2,SKIP,BN/WARPS != 16
INT4,LUT,U(-1,1),16,7168,7168,64x64x32_w4_v2,OK,ms=0.926,tflops=1.78,gbps=32.2,maxabs=3.330e-02,p99=1.859e-02,rel=2.565e-04
INT4,BITSHIFT,U(-1,1),16,7168,7168,64x64x32_w4_v2,SKIP,opt only LUT path
INT4,LUT,U(-1,1),16,7168,7168,64x128x32_w4_v2,SKIP,BN/WARPS != 16
INT4,BITSHIFT,U(-1,1),16,7168,7168,64x128x32_w4_v2,SKIP,BN/WARPS != 16
INT4,LUT,U(-1,1),16,7168,7168,128x64x32_w4_v3,OK,ms=1.366,tflops=1.20,gbps=21.8,maxabs=3.330e-02,p99=1.859e-02,rel=2.565e-04
INT4,BITSHIFT,U(-1,1),16,7168,7168,128x64x32_w4_v3,SKIP,opt only LUT path
INT4,LUT,U(-1,1),16,7168,7168,128x128x32_w4_v3,SKIP,BN/WARPS != 16
INT4,BITSHIFT,U(-1,1),16,7168,7168,128x128x32_w4_v3,SKIP,BN/WARPS != 16
INT4,LUT,U(-1,1),16,7168,7168,128x256x32_w8_v3,SKIP,BN/WARPS != 16
INT4,BITSHIFT,U(-1,1),16,7168,7168,128x256x32_w8_v3,SKIP,BN/WARPS != 16
INT4,LUT,U(-1,1),16,7168,7168,64x64x32_w4_v3,OK,ms=1.006,tflops=1.63,gbps=29.6,maxabs=3.330e-02,p99=1.859e-02,rel=2.565e-04
INT4,BITSHIFT,U(-1,1),16,7168,7168,64x64x32_w4_v3,SKIP,opt only LUT path
INT4,LUT,U(-1,1),16,7168,7168,64x128x32_w4_v3,SKIP,BN/WARPS != 16
INT4,BITSHIFT,U(-1,1),16,7168,7168,64x128x32_w4_v3,SKIP,BN/WARPS != 16
INT4,LUT,U(-1,1),16,7168,7168,32x128x32_w4_v3_b1,SKIP,BN/WARPS != 16
INT4,BITSHIFT,U(-1,1),16,7168,7168,32x128x32_w4_v3_b1,SKIP,BN/WARPS != 16
INT4,LUT,U(-1,1),16,7168,7168,32x64x32_w4_v3_b1,OK,ms=0.906,tflops=1.82,gbps=32.9,maxabs=3.330e-02,p99=1.859e-02,rel=2.565e-04
INT4,BITSHIFT,U(-1,1),16,7168,7168,32x64x32_w4_v3_b1,SKIP,opt only LUT path
INT4,LUT,U(-1,1),16,7168,7168,32x256x32_w8_v3_b1,SKIP,BN/WARPS != 16
INT4,BITSHIFT,U(-1,1),16,7168,7168,32x256x32_w8_v3_b1,SKIP,BN/WARPS != 16
INT4,LUT,U(-1,1),16,7168,7168,128x128x32_w8_v3_b1alt,SKIP,no template instantiation for this tile
INT4,BITSHIFT,U(-1,1),16,7168,7168,128x128x32_w8_v3_b1alt,SKIP,opt only LUT path
INT4,LUT,U(-1,1),16,7168,7168,64x128x32_w8_v3_b1alt,SKIP,no template instantiation for this tile
INT4,BITSHIFT,U(-1,1),16,7168,7168,64x128x32_w8_v3_b1alt,SKIP,opt only LUT path
INT4,LUT,U(-1,1),16,7168,7168,128x64x32_w4_v4,OK,ms=1.366,tflops=1.20,gbps=21.8,maxabs=3.330e-02,p99=1.859e-02,rel=2.565e-04
INT4,BITSHIFT,U(-1,1),16,7168,7168,128x64x32_w4_v4,SKIP,opt only LUT path
INT4,LUT,U(-1,1),16,7168,7168,128x128x32_w4_v4,SKIP,BN/WARPS != 16
INT4,BITSHIFT,U(-1,1),16,7168,7168,128x128x32_w4_v4,SKIP,BN/WARPS != 16
INT4,LUT,U(-1,1),16,7168,7168,64x64x32_w4_v4,OK,ms=1.024,tflops=1.61,gbps=29.1,maxabs=3.330e-02,p99=1.859e-02,rel=2.565e-04
INT4,BITSHIFT,U(-1,1),16,7168,7168,64x64x32_w4_v4,SKIP,opt only LUT path
INT4,LUT,U(-1,1),16,7168,7168,64x128x32_w4_v4,SKIP,BN/WARPS != 16
INT4,BITSHIFT,U(-1,1),16,7168,7168,64x128x32_w4_v4,SKIP,BN/WARPS != 16
INT4,LUT,U(-1,1),16,7168,7168,128x64x32_w4_v5,OK,ms=1.370,tflops=1.20,gbps=21.8,maxabs=3.330e-02,p99=1.859e-02,rel=2.565e-04
INT4,BITSHIFT,U(-1,1),16,7168,7168,128x64x32_w4_v5,SKIP,opt only LUT path
INT4,LUT,U(-1,1),16,7168,7168,128x128x32_w4_v5,SKIP,BN/WARPS != 16
INT4,BITSHIFT,U(-1,1),16,7168,7168,128x128x32_w4_v5,SKIP,BN/WARPS != 16
INT4,LUT,U(-1,1),16,7168,7168,64x64x32_w4_v5,OK,ms=1.007,tflops=1.63,gbps=29.6,maxabs=3.330e-02,p99=1.859e-02,rel=2.565e-04
INT4,BITSHIFT,U(-1,1),16,7168,7168,64x64x32_w4_v5,SKIP,opt only LUT path
INT4,LUT,U(-1,1),16,7168,7168,64x128x32_w4_v5,SKIP,BN/WARPS != 16
INT4,BITSHIFT,U(-1,1),16,7168,7168,64x128x32_w4_v5,SKIP,BN/WARPS != 16
INT4,LUT,U(-1,1),16,7168,7168,128x128x64_w4_v6,SKIP,BN/WARPS != 16
INT4,BITSHIFT,U(-1,1),16,7168,7168,128x128x64_w4_v6,SKIP,BN/WARPS != 16
INT4,LUT,U(-1,1),16,7168,7168,128x64x64_w4_v6,SKIP,v6 only INT8 (A1 retry)
INT4,BITSHIFT,U(-1,1),16,7168,7168,128x64x64_w4_v6,SKIP,opt only LUT path
INT4,LUT,U(-1,1),16,7168,7168,64x128x64_w4_v6,SKIP,BN/WARPS != 16
INT4,BITSHIFT,U(-1,1),16,7168,7168,64x128x64_w4_v6,SKIP,BN/WARPS != 16
INT4,LUT,U(-1,1),16,7168,7168,64x64x64_w4_v6,SKIP,v6 only INT8 (A1 retry)
INT4,BITSHIFT,U(-1,1),16,7168,7168,64x64x64_w4_v6,SKIP,opt only LUT path
INT4,LUT,U(-1,1),16,7168,7168,64x128x32_w4_v7,SKIP,BN/WARPS != 16
INT4,BITSHIFT,U(-1,1),16,7168,7168,64x128x32_w4_v7,SKIP,BN/WARPS != 16
INT4,LUT,U(-1,1),16,7168,7168,64x64x32_w4_v7,SKIP,v7 only INT8 (B3 triple-buffer)
INT4,BITSHIFT,U(-1,1),16,7168,7168,64x64x32_w4_v7,SKIP,opt only LUT path
INT4,LUT,U(-1,1),16,7168,7168,32x128x32_w4_v7,SKIP,BN/WARPS != 16
INT4,BITSHIFT,U(-1,1),16,7168,7168,32x128x32_w4_v7,SKIP,BN/WARPS != 16
INT4,LUT,U(-1,1),16,7168,7168,32x64x32_w4_v7,SKIP,v7 only INT8 (B3 triple-buffer)
INT4,BITSHIFT,U(-1,1),16,7168,7168,32x64x32_w4_v7,SKIP,opt only LUT path
INT4,LUT,U(-1,1),64,7168,7168,16x64x32_w4,OK,ms=1.571,tflops=4.19,gbps=20.7,maxabs=3.466e-02,p99=1.871e-02,rel=2.561e-04
INT4,BITSHIFT,U(-1,1),64,7168,7168,16x64x32_w4,OK,ms=1.816,tflops=3.62,gbps=17.9,maxabs=2.489e-02,p99=1.371e-02,rel=1.865e-04
INT4,LUT,U(-1,1),64,7168,7168,16x128x32_w8,OK,ms=1.610,tflops=4.08,gbps=20.2,maxabs=3.466e-02,p99=1.871e-02,rel=2.561e-04
INT4,BITSHIFT,U(-1,1),64,7168,7168,16x128x32_w8,OK,ms=1.888,tflops=3.48,gbps=17.3,maxabs=2.489e-02,p99=1.371e-02,rel=1.865e-04
INT4,LUT,U(-1,1),64,7168,7168,16x128x32_w4f2,SKIP,BN/WARPS != 16
INT4,BITSHIFT,U(-1,1),64,7168,7168,16x128x32_w4f2,SKIP,BN/WARPS != 16
INT4,LUT,U(-1,1),64,7168,7168,16x256x32_w4f4,SKIP,BN/WARPS != 16
INT4,BITSHIFT,U(-1,1),64,7168,7168,16x256x32_w4f4,SKIP,BN/WARPS != 16
INT4,LUT,U(-1,1),64,7168,7168,128x64x32_w4_v1,SKIP,no template instantiation for this tile
INT4,BITSHIFT,U(-1,1),64,7168,7168,128x64x32_w4_v1,SKIP,opt only LUT path
INT4,LUT,U(-1,1),64,7168,7168,128x128x32_w4_v1,SKIP,BN/WARPS != 16
INT4,BITSHIFT,U(-1,1),64,7168,7168,128x128x32_w4_v1,SKIP,BN/WARPS != 16
INT4,LUT,U(-1,1),64,7168,7168,128x256x32_w4_v1,SKIP,BN/WARPS != 16
INT4,BITSHIFT,U(-1,1),64,7168,7168,128x256x32_w4_v1,SKIP,BN/WARPS != 16
INT4,LUT,U(-1,1),64,7168,7168,128x256x32_w8_v1,SKIP,BN/WARPS != 16
INT4,BITSHIFT,U(-1,1),64,7168,7168,128x256x32_w8_v1,SKIP,BN/WARPS != 16
INT4,LUT,U(-1,1),64,7168,7168,64x64x32_w4_v1,SKIP,no template instantiation for this tile
INT4,BITSHIFT,U(-1,1),64,7168,7168,64x64x32_w4_v1,SKIP,opt only LUT path
INT4,LUT,U(-1,1),64,7168,7168,64x128x32_w4_v1,SKIP,BN/WARPS != 16
INT4,BITSHIFT,U(-1,1),64,7168,7168,64x128x32_w4_v1,SKIP,BN/WARPS != 16
INT4,LUT,U(-1,1),64,7168,7168,128x64x32_w4_v2,OK,ms=1.410,tflops=4.66,gbps=23.1,maxabs=3.466e-02,p99=1.871e-02,rel=2.561e-04
INT4,BITSHIFT,U(-1,1),64,7168,7168,128x64x32_w4_v2,SKIP,opt only LUT path
INT4,LUT,U(-1,1),64,7168,7168,128x128x32_w4_v2,SKIP,BN/WARPS != 16
INT4,BITSHIFT,U(-1,1),64,7168,7168,128x128x32_w4_v2,SKIP,BN/WARPS != 16
INT4,LUT,U(-1,1),64,7168,7168,128x256x32_w4_v2,SKIP,BN/WARPS != 16
INT4,BITSHIFT,U(-1,1),64,7168,7168,128x256x32_w4_v2,SKIP,BN/WARPS != 16
INT4,LUT,U(-1,1),64,7168,7168,128x256x32_w8_v2,SKIP,BN/WARPS != 16
INT4,BITSHIFT,U(-1,1),64,7168,7168,128x256x32_w8_v2,SKIP,BN/WARPS != 16
INT4,LUT,U(-1,1),64,7168,7168,64x64x32_w4_v2,OK,ms=1.012,tflops=6.50,gbps=32.2,maxabs=3.466e-02,p99=1.871e-02,rel=2.561e-04
INT4,BITSHIFT,U(-1,1),64,7168,7168,64x64x32_w4_v2,SKIP,opt only LUT path
INT4,LUT,U(-1,1),64,7168,7168,64x128x32_w4_v2,SKIP,BN/WARPS != 16
INT4,BITSHIFT,U(-1,1),64,7168,7168,64x128x32_w4_v2,SKIP,BN/WARPS != 16
INT4,LUT,U(-1,1),64,7168,7168,128x64x32_w4_v3,OK,ms=1.390,tflops=4.73,gbps=23.4,maxabs=3.466e-02,p99=1.871e-02,rel=2.561e-04
INT4,BITSHIFT,U(-1,1),64,7168,7168,128x64x32_w4_v3,SKIP,opt only LUT path
INT4,LUT,U(-1,1),64,7168,7168,128x128x32_w4_v3,SKIP,BN/WARPS != 16
INT4,BITSHIFT,U(-1,1),64,7168,7168,128x128x32_w4_v3,SKIP,BN/WARPS != 16
INT4,LUT,U(-1,1),64,7168,7168,128x256x32_w8_v3,SKIP,BN/WARPS != 16
INT4,BITSHIFT,U(-1,1),64,7168,7168,128x256x32_w8_v3,SKIP,BN/WARPS != 16
INT4,LUT,U(-1,1),64,7168,7168,64x64x32_w4_v3,OK,ms=1.062,tflops=6.19,gbps=30.7,maxabs=3.466e-02,p99=1.871e-02,rel=2.561e-04
INT4,BITSHIFT,U(-1,1),64,7168,7168,64x64x32_w4_v3,SKIP,opt only LUT path
INT4,LUT,U(-1,1),64,7168,7168,64x128x32_w4_v3,SKIP,BN/WARPS != 16
INT4,BITSHIFT,U(-1,1),64,7168,7168,64x128x32_w4_v3,SKIP,BN/WARPS != 16
INT4,LUT,U(-1,1),64,7168,7168,32x128x32_w4_v3_b1,SKIP,BN/WARPS != 16
INT4,BITSHIFT,U(-1,1),64,7168,7168,32x128x32_w4_v3_b1,SKIP,BN/WARPS != 16
INT4,LUT,U(-1,1),64,7168,7168,32x64x32_w4_v3_b1,OK,ms=0.965,tflops=6.82,gbps=33.8,maxabs=3.466e-02,p99=1.871e-02,rel=2.561e-04
INT4,BITSHIFT,U(-1,1),64,7168,7168,32x64x32_w4_v3_b1,SKIP,opt only LUT path
INT4,LUT,U(-1,1),64,7168,7168,32x256x32_w8_v3_b1,SKIP,BN/WARPS != 16
INT4,BITSHIFT,U(-1,1),64,7168,7168,32x256x32_w8_v3_b1,SKIP,BN/WARPS != 16
INT4,LUT,U(-1,1),64,7168,7168,128x128x32_w8_v3_b1alt,SKIP,no template instantiation for this tile
INT4,BITSHIFT,U(-1,1),64,7168,7168,128x128x32_w8_v3_b1alt,SKIP,opt only LUT path
INT4,LUT,U(-1,1),64,7168,7168,64x128x32_w8_v3_b1alt,SKIP,no template instantiation for this tile
INT4,BITSHIFT,U(-1,1),64,7168,7168,64x128x32_w8_v3_b1alt,SKIP,opt only LUT path
INT4,LUT,U(-1,1),64,7168,7168,128x64x32_w4_v4,OK,ms=1.384,tflops=4.75,gbps=23.5,maxabs=3.466e-02,p99=1.871e-02,rel=2.561e-04
INT4,BITSHIFT,U(-1,1),64,7168,7168,128x64x32_w4_v4,SKIP,opt only LUT path
INT4,LUT,U(-1,1),64,7168,7168,128x128x32_w4_v4,SKIP,BN/WARPS != 16
INT4,BITSHIFT,U(-1,1),64,7168,7168,128x128x32_w4_v4,SKIP,BN/WARPS != 16
INT4,LUT,U(-1,1),64,7168,7168,64x64x32_w4_v4,OK,ms=1.053,tflops=6.25,gbps=30.9,maxabs=3.466e-02,p99=1.871e-02,rel=2.561e-04
INT4,BITSHIFT,U(-1,1),64,7168,7168,64x64x32_w4_v4,SKIP,opt only LUT path
INT4,LUT,U(-1,1),64,7168,7168,64x128x32_w4_v4,SKIP,BN/WARPS != 16
INT4,BITSHIFT,U(-1,1),64,7168,7168,64x128x32_w4_v4,SKIP,BN/WARPS != 16
INT4,LUT,U(-1,1),64,7168,7168,128x64x32_w4_v5,OK,ms=1.393,tflops=4.72,gbps=23.4,maxabs=3.466e-02,p99=1.871e-02,rel=2.561e-04
INT4,BITSHIFT,U(-1,1),64,7168,7168,128x64x32_w4_v5,SKIP,opt only LUT path
INT4,LUT,U(-1,1),64,7168,7168,128x128x32_w4_v5,SKIP,BN/WARPS != 16
INT4,BITSHIFT,U(-1,1),64,7168,7168,128x128x32_w4_v5,SKIP,BN/WARPS != 16
INT4,LUT,U(-1,1),64,7168,7168,64x64x32_w4_v5,OK,ms=1.036,tflops=6.35,gbps=31.4,maxabs=3.466e-02,p99=1.871e-02,rel=2.561e-04
INT4,BITSHIFT,U(-1,1),64,7168,7168,64x64x32_w4_v5,SKIP,opt only LUT path
INT4,LUT,U(-1,1),64,7168,7168,64x128x32_w4_v5,SKIP,BN/WARPS != 16
INT4,BITSHIFT,U(-1,1),64,7168,7168,64x128x32_w4_v5,SKIP,BN/WARPS != 16
INT4,LUT,U(-1,1),64,7168,7168,128x128x64_w4_v6,SKIP,BN/WARPS != 16
INT4,BITSHIFT,U(-1,1),64,7168,7168,128x128x64_w4_v6,SKIP,BN/WARPS != 16
INT4,LUT,U(-1,1),64,7168,7168,128x64x64_w4_v6,SKIP,v6 only INT8 (A1 retry)
INT4,BITSHIFT,U(-1,1),64,7168,7168,128x64x64_w4_v6,SKIP,opt only LUT path
INT4,LUT,U(-1,1),64,7168,7168,64x128x64_w4_v6,SKIP,BN/WARPS != 16
INT4,BITSHIFT,U(-1,1),64,7168,7168,64x128x64_w4_v6,SKIP,BN/WARPS != 16
INT4,LUT,U(-1,1),64,7168,7168,64x64x64_w4_v6,SKIP,v6 only INT8 (A1 retry)
INT4,BITSHIFT,U(-1,1),64,7168,7168,64x64x64_w4_v6,SKIP,opt only LUT path
INT4,LUT,U(-1,1),64,7168,7168,64x128x32_w4_v7,SKIP,BN/WARPS != 16
INT4,BITSHIFT,U(-1,1),64,7168,7168,64x128x32_w4_v7,SKIP,BN/WARPS != 16
INT4,LUT,U(-1,1),64,7168,7168,64x64x32_w4_v7,SKIP,v7 only INT8 (B3 triple-buffer)
INT4,BITSHIFT,U(-1,1),64,7168,7168,64x64x32_w4_v7,SKIP,opt only LUT path
INT4,LUT,U(-1,1),64,7168,7168,32x128x32_w4_v7,SKIP,BN/WARPS != 16
INT4,BITSHIFT,U(-1,1),64,7168,7168,32x128x32_w4_v7,SKIP,BN/WARPS != 16
INT4,LUT,U(-1,1),64,7168,7168,32x64x32_w4_v7,SKIP,v7 only INT8 (B3 triple-buffer)
INT4,BITSHIFT,U(-1,1),64,7168,7168,32x64x32_w4_v7,SKIP,opt only LUT path
INT4,LUT,U(-1,1),128,7168,7168,16x64x32_w4,OK,ms=3.292,tflops=4.00,gbps=11.0,maxabs=3.510e-02,p99=1.887e-02,rel=2.556e-04
INT4,BITSHIFT,U(-1,1),128,7168,7168,16x64x32_w4,OK,ms=3.965,tflops=3.32,gbps=9.1,maxabs=2.605e-02,p99=1.335e-02,rel=1.863e-04
INT4,LUT,U(-1,1),128,7168,7168,16x128x32_w8,OK,ms=3.388,tflops=3.88,gbps=10.7,maxabs=3.510e-02,p99=1.887e-02,rel=2.556e-04
INT4,BITSHIFT,U(-1,1),128,7168,7168,16x128x32_w8,OK,ms=3.774,tflops=3.49,gbps=9.6,maxabs=2.605e-02,p99=1.335e-02,rel=1.863e-04
INT4,LUT,U(-1,1),128,7168,7168,16x128x32_w4f2,SKIP,BN/WARPS != 16
INT4,BITSHIFT,U(-1,1),128,7168,7168,16x128x32_w4f2,SKIP,BN/WARPS != 16
INT4,LUT,U(-1,1),128,7168,7168,16x256x32_w4f4,SKIP,BN/WARPS != 16
INT4,BITSHIFT,U(-1,1),128,7168,7168,16x256x32_w4f4,SKIP,BN/WARPS != 16
INT4,LUT,U(-1,1),128,7168,7168,128x64x32_w4_v1,SKIP,no template instantiation for this tile
INT4,BITSHIFT,U(-1,1),128,7168,7168,128x64x32_w4_v1,SKIP,opt only LUT path
INT4,LUT,U(-1,1),128,7168,7168,128x128x32_w4_v1,SKIP,BN/WARPS != 16
INT4,BITSHIFT,U(-1,1),128,7168,7168,128x128x32_w4_v1,SKIP,BN/WARPS != 16
INT4,LUT,U(-1,1),128,7168,7168,128x256x32_w4_v1,SKIP,BN/WARPS != 16
INT4,BITSHIFT,U(-1,1),128,7168,7168,128x256x32_w4_v1,SKIP,BN/WARPS != 16
INT4,LUT,U(-1,1),128,7168,7168,128x256x32_w8_v1,SKIP,BN/WARPS != 16
INT4,BITSHIFT,U(-1,1),128,7168,7168,128x256x32_w8_v1,SKIP,BN/WARPS != 16
INT4,LUT,U(-1,1),128,7168,7168,64x64x32_w4_v1,SKIP,no template instantiation for this tile
INT4,BITSHIFT,U(-1,1),128,7168,7168,64x64x32_w4_v1,SKIP,opt only LUT path
INT4,LUT,U(-1,1),128,7168,7168,64x128x32_w4_v1,SKIP,BN/WARPS != 16
INT4,BITSHIFT,U(-1,1),128,7168,7168,64x128x32_w4_v1,SKIP,BN/WARPS != 16
INT4,LUT,U(-1,1),128,7168,7168,128x64x32_w4_v2,OK,ms=1.476,tflops=8.91,gbps=24.6,maxabs=3.510e-02,p99=1.887e-02,rel=2.556e-04
INT4,BITSHIFT,U(-1,1),128,7168,7168,128x64x32_w4_v2,SKIP,opt only LUT path
INT4,LUT,U(-1,1),128,7168,7168,128x128x32_w4_v2,SKIP,BN/WARPS != 16
INT4,BITSHIFT,U(-1,1),128,7168,7168,128x128x32_w4_v2,SKIP,BN/WARPS != 16
INT4,LUT,U(-1,1),128,7168,7168,128x256x32_w4_v2,SKIP,BN/WARPS != 16
INT4,BITSHIFT,U(-1,1),128,7168,7168,128x256x32_w4_v2,SKIP,BN/WARPS != 16
INT4,LUT,U(-1,1),128,7168,7168,128x256x32_w8_v2,SKIP,BN/WARPS != 16
INT4,BITSHIFT,U(-1,1),128,7168,7168,128x256x32_w8_v2,SKIP,BN/WARPS != 16
INT4,LUT,U(-1,1),128,7168,7168,64x64x32_w4_v2,OK,ms=1.100,tflops=11.96,gbps=32.9,maxabs=3.510e-02,p99=1.887e-02,rel=2.556e-04
INT4,BITSHIFT,U(-1,1),128,7168,7168,64x64x32_w4_v2,SKIP,opt only LUT path
INT4,LUT,U(-1,1),128,7168,7168,64x128x32_w4_v2,SKIP,BN/WARPS != 16
INT4,BITSHIFT,U(-1,1),128,7168,7168,64x128x32_w4_v2,SKIP,BN/WARPS != 16
INT4,LUT,U(-1,1),128,7168,7168,128x64x32_w4_v3,OK,ms=1.455,tflops=9.04,gbps=24.9,maxabs=3.510e-02,p99=1.887e-02,rel=2.556e-04
INT4,BITSHIFT,U(-1,1),128,7168,7168,128x64x32_w4_v3,SKIP,opt only LUT path
INT4,LUT,U(-1,1),128,7168,7168,128x128x32_w4_v3,SKIP,BN/WARPS != 16
INT4,BITSHIFT,U(-1,1),128,7168,7168,128x128x32_w4_v3,SKIP,BN/WARPS != 16
INT4,LUT,U(-1,1),128,7168,7168,128x256x32_w8_v3,SKIP,BN/WARPS != 16
INT4,BITSHIFT,U(-1,1),128,7168,7168,128x256x32_w8_v3,SKIP,BN/WARPS != 16
INT4,LUT,U(-1,1),128,7168,7168,64x64x32_w4_v3,OK,ms=1.091,tflops=12.05,gbps=33.2,maxabs=3.510e-02,p99=1.887e-02,rel=2.556e-04
INT4,BITSHIFT,U(-1,1),128,7168,7168,64x64x32_w4_v3,SKIP,opt only LUT path
INT4,LUT,U(-1,1),128,7168,7168,64x128x32_w4_v3,SKIP,BN/WARPS != 16
INT4,BITSHIFT,U(-1,1),128,7168,7168,64x128x32_w4_v3,SKIP,BN/WARPS != 16
INT4,LUT,U(-1,1),128,7168,7168,32x128x32_w4_v3_b1,SKIP,BN/WARPS != 16
INT4,BITSHIFT,U(-1,1),128,7168,7168,32x128x32_w4_v3_b1,SKIP,BN/WARPS != 16
INT4,LUT,U(-1,1),128,7168,7168,32x64x32_w4_v3_b1,OK,ms=1.097,tflops=11.99,gbps=33.0,maxabs=3.510e-02,p99=1.887e-02,rel=2.556e-04
INT4,BITSHIFT,U(-1,1),128,7168,7168,32x64x32_w4_v3_b1,SKIP,opt only LUT path
INT4,LUT,U(-1,1),128,7168,7168,32x256x32_w8_v3_b1,SKIP,BN/WARPS != 16
INT4,BITSHIFT,U(-1,1),128,7168,7168,32x256x32_w8_v3_b1,SKIP,BN/WARPS != 16
INT4,LUT,U(-1,1),128,7168,7168,128x128x32_w8_v3_b1alt,SKIP,no template instantiation for this tile
INT4,BITSHIFT,U(-1,1),128,7168,7168,128x128x32_w8_v3_b1alt,SKIP,opt only LUT path
INT4,LUT,U(-1,1),128,7168,7168,64x128x32_w8_v3_b1alt,SKIP,no template instantiation for this tile
INT4,BITSHIFT,U(-1,1),128,7168,7168,64x128x32_w8_v3_b1alt,SKIP,opt only LUT path
INT4,LUT,U(-1,1),128,7168,7168,128x64x32_w4_v4,OK,ms=1.449,tflops=9.08,gbps=25.0,maxabs=3.510e-02,p99=1.887e-02,rel=2.556e-04
INT4,BITSHIFT,U(-1,1),128,7168,7168,128x64x32_w4_v4,SKIP,opt only LUT path
INT4,LUT,U(-1,1),128,7168,7168,128x128x32_w4_v4,SKIP,BN/WARPS != 16
INT4,BITSHIFT,U(-1,1),128,7168,7168,128x128x32_w4_v4,SKIP,BN/WARPS != 16
INT4,LUT,U(-1,1),128,7168,7168,64x64x32_w4_v4,OK,ms=1.131,tflops=11.63,gbps=32.0,maxabs=3.510e-02,p99=1.887e-02,rel=2.556e-04
INT4,BITSHIFT,U(-1,1),128,7168,7168,64x64x32_w4_v4,SKIP,opt only LUT path
INT4,LUT,U(-1,1),128,7168,7168,64x128x32_w4_v4,SKIP,BN/WARPS != 16
INT4,BITSHIFT,U(-1,1),128,7168,7168,64x128x32_w4_v4,SKIP,BN/WARPS != 16
INT4,LUT,U(-1,1),128,7168,7168,128x64x32_w4_v5,OK,ms=1.460,tflops=9.01,gbps=24.8,maxabs=3.510e-02,p99=1.887e-02,rel=2.556e-04
INT4,BITSHIFT,U(-1,1),128,7168,7168,128x64x32_w4_v5,SKIP,opt only LUT path
INT4,LUT,U(-1,1),128,7168,7168,128x128x32_w4_v5,SKIP,BN/WARPS != 16
INT4,BITSHIFT,U(-1,1),128,7168,7168,128x128x32_w4_v5,SKIP,BN/WARPS != 16
INT4,LUT,U(-1,1),128,7168,7168,64x64x32_w4_v5,OK,ms=1.895,tflops=6.94,gbps=19.1,maxabs=3.510e-02,p99=1.887e-02,rel=2.556e-04
INT4,BITSHIFT,U(-1,1),128,7168,7168,64x64x32_w4_v5,SKIP,opt only LUT path
INT4,LUT,U(-1,1),128,7168,7168,64x128x32_w4_v5,SKIP,BN/WARPS != 16
INT4,BITSHIFT,U(-1,1),128,7168,7168,64x128x32_w4_v5,SKIP,BN/WARPS != 16
INT4,LUT,U(-1,1),128,7168,7168,128x128x64_w4_v6,SKIP,BN/WARPS != 16
INT4,BITSHIFT,U(-1,1),128,7168,7168,128x128x64_w4_v6,SKIP,BN/WARPS != 16
INT4,LUT,U(-1,1),128,7168,7168,128x64x64_w4_v6,SKIP,v6 only INT8 (A1 retry)
INT4,BITSHIFT,U(-1,1),128,7168,7168,128x64x64_w4_v6,SKIP,opt only LUT path
INT4,LUT,U(-1,1),128,7168,7168,64x128x64_w4_v6,SKIP,BN/WARPS != 16
INT4,BITSHIFT,U(-1,1),128,7168,7168,64x128x64_w4_v6,SKIP,BN/WARPS != 16
INT4,LUT,U(-1,1),128,7168,7168,64x64x64_w4_v6,SKIP,v6 only INT8 (A1 retry)
INT4,BITSHIFT,U(-1,1),128,7168,7168,64x64x64_w4_v6,SKIP,opt only LUT path
INT4,LUT,U(-1,1),128,7168,7168,64x128x32_w4_v7,SKIP,BN/WARPS != 16
INT4,BITSHIFT,U(-1,1),128,7168,7168,64x128x32_w4_v7,SKIP,BN/WARPS != 16
INT4,LUT,U(-1,1),128,7168,7168,64x64x32_w4_v7,SKIP,v7 only INT8 (B3 triple-buffer)
INT4,BITSHIFT,U(-1,1),128,7168,7168,64x64x32_w4_v7,SKIP,opt only LUT path
INT4,LUT,U(-1,1),128,7168,7168,32x128x32_w4_v7,SKIP,BN/WARPS != 16
INT4,BITSHIFT,U(-1,1),128,7168,7168,32x128x32_w4_v7,SKIP,BN/WARPS != 16
INT4,LUT,U(-1,1),128,7168,7168,32x64x32_w4_v7,SKIP,v7 only INT8 (B3 triple-buffer)
INT4,BITSHIFT,U(-1,1),128,7168,7168,32x64x32_w4_v7,SKIP,opt only LUT path
INT4,LUT,U(-1,1),256,7168,7168,16x64x32_w4,OK,ms=5.289,tflops=4.97,gbps=8.2,maxabs=3.903e-02,p99=1.841e-02,rel=2.557e-04
INT4,BITSHIFT,U(-1,1),256,7168,7168,16x64x32_w4,OK,ms=7.374,tflops=3.57,gbps=5.9,maxabs=2.604e-02,p99=1.333e-02,rel=1.863e-04
INT4,LUT,U(-1,1),256,7168,7168,16x128x32_w8,OK,ms=5.377,tflops=4.89,gbps=8.1,maxabs=3.903e-02,p99=1.841e-02,rel=2.557e-04
INT4,BITSHIFT,U(-1,1),256,7168,7168,16x128x32_w8,OK,ms=7.528,tflops=3.49,gbps=5.8,maxabs=2.604e-02,p99=1.333e-02,rel=1.863e-04
INT4,LUT,U(-1,1),256,7168,7168,16x128x32_w4f2,SKIP,BN/WARPS != 16
INT4,BITSHIFT,U(-1,1),256,7168,7168,16x128x32_w4f2,SKIP,BN/WARPS != 16
INT4,LUT,U(-1,1),256,7168,7168,16x256x32_w4f4,SKIP,BN/WARPS != 16
INT4,BITSHIFT,U(-1,1),256,7168,7168,16x256x32_w4f4,SKIP,BN/WARPS != 16
INT4,LUT,U(-1,1),256,7168,7168,128x64x32_w4_v1,SKIP,no template instantiation for this tile
INT4,BITSHIFT,U(-1,1),256,7168,7168,128x64x32_w4_v1,SKIP,opt only LUT path
INT4,LUT,U(-1,1),256,7168,7168,128x128x32_w4_v1,SKIP,BN/WARPS != 16
INT4,BITSHIFT,U(-1,1),256,7168,7168,128x128x32_w4_v1,SKIP,BN/WARPS != 16
INT4,LUT,U(-1,1),256,7168,7168,128x256x32_w4_v1,SKIP,BN/WARPS != 16
INT4,BITSHIFT,U(-1,1),256,7168,7168,128x256x32_w4_v1,SKIP,BN/WARPS != 16
INT4,LUT,U(-1,1),256,7168,7168,128x256x32_w8_v1,SKIP,BN/WARPS != 16
INT4,BITSHIFT,U(-1,1),256,7168,7168,128x256x32_w8_v1,SKIP,BN/WARPS != 16
INT4,LUT,U(-1,1),256,7168,7168,64x64x32_w4_v1,SKIP,no template instantiation for this tile
INT4,BITSHIFT,U(-1,1),256,7168,7168,64x64x32_w4_v1,SKIP,opt only LUT path
INT4,LUT,U(-1,1),256,7168,7168,64x128x32_w4_v1,SKIP,BN/WARPS != 16
INT4,BITSHIFT,U(-1,1),256,7168,7168,64x128x32_w4_v1,SKIP,BN/WARPS != 16
INT4,LUT,U(-1,1),256,7168,7168,128x64x32_w4_v2,OK,ms=1.608,tflops=16.36,gbps=27.1,maxabs=3.903e-02,p99=1.841e-02,rel=2.557e-04
INT4,BITSHIFT,U(-1,1),256,7168,7168,128x64x32_w4_v2,SKIP,opt only LUT path
INT4,LUT,U(-1,1),256,7168,7168,128x128x32_w4_v2,SKIP,BN/WARPS != 16
INT4,BITSHIFT,U(-1,1),256,7168,7168,128x128x32_w4_v2,SKIP,BN/WARPS != 16
INT4,LUT,U(-1,1),256,7168,7168,128x256x32_w4_v2,SKIP,BN/WARPS != 16
INT4,BITSHIFT,U(-1,1),256,7168,7168,128x256x32_w4_v2,SKIP,BN/WARPS != 16
INT4,LUT,U(-1,1),256,7168,7168,128x256x32_w8_v2,SKIP,BN/WARPS != 16
INT4,BITSHIFT,U(-1,1),256,7168,7168,128x256x32_w8_v2,SKIP,BN/WARPS != 16
INT4,LUT,U(-1,1),256,7168,7168,64x64x32_w4_v2,OK,ms=2.435,tflops=10.80,gbps=17.9,maxabs=3.903e-02,p99=1.841e-02,rel=2.557e-04
INT4,BITSHIFT,U(-1,1),256,7168,7168,64x64x32_w4_v2,SKIP,opt only LUT path
INT4,LUT,U(-1,1),256,7168,7168,64x128x32_w4_v2,SKIP,BN/WARPS != 16
INT4,BITSHIFT,U(-1,1),256,7168,7168,64x128x32_w4_v2,SKIP,BN/WARPS != 16
INT4,LUT,U(-1,1),256,7168,7168,128x64x32_w4_v3,OK,ms=1.597,tflops=16.47,gbps=27.3,maxabs=3.903e-02,p99=1.841e-02,rel=2.557e-04
INT4,BITSHIFT,U(-1,1),256,7168,7168,128x64x32_w4_v3,SKIP,opt only LUT path
INT4,LUT,U(-1,1),256,7168,7168,128x128x32_w4_v3,SKIP,BN/WARPS != 16
INT4,BITSHIFT,U(-1,1),256,7168,7168,128x128x32_w4_v3,SKIP,BN/WARPS != 16
INT4,LUT,U(-1,1),256,7168,7168,128x256x32_w8_v3,SKIP,BN/WARPS != 16
INT4,BITSHIFT,U(-1,1),256,7168,7168,128x256x32_w8_v3,SKIP,BN/WARPS != 16
INT4,LUT,U(-1,1),256,7168,7168,64x64x32_w4_v3,OK,ms=2.404,tflops=10.94,gbps=18.1,maxabs=3.903e-02,p99=1.841e-02,rel=2.557e-04
INT4,BITSHIFT,U(-1,1),256,7168,7168,64x64x32_w4_v3,SKIP,opt only LUT path
INT4,LUT,U(-1,1),256,7168,7168,64x128x32_w4_v3,SKIP,BN/WARPS != 16
INT4,BITSHIFT,U(-1,1),256,7168,7168,64x128x32_w4_v3,SKIP,BN/WARPS != 16
INT4,LUT,U(-1,1),256,7168,7168,32x128x32_w4_v3_b1,SKIP,BN/WARPS != 16
INT4,BITSHIFT,U(-1,1),256,7168,7168,32x128x32_w4_v3_b1,SKIP,BN/WARPS != 16
INT4,LUT,U(-1,1),256,7168,7168,32x64x32_w4_v3_b1,OK,ms=2.199,tflops=11.96,gbps=19.8,maxabs=3.903e-02,p99=1.841e-02,rel=2.557e-04
INT4,BITSHIFT,U(-1,1),256,7168,7168,32x64x32_w4_v3_b1,SKIP,opt only LUT path
INT4,LUT,U(-1,1),256,7168,7168,32x256x32_w8_v3_b1,SKIP,BN/WARPS != 16
INT4,BITSHIFT,U(-1,1),256,7168,7168,32x256x32_w8_v3_b1,SKIP,BN/WARPS != 16
INT4,LUT,U(-1,1),256,7168,7168,128x128x32_w8_v3_b1alt,SKIP,no template instantiation for this tile
INT4,BITSHIFT,U(-1,1),256,7168,7168,128x128x32_w8_v3_b1alt,SKIP,opt only LUT path
INT4,LUT,U(-1,1),256,7168,7168,64x128x32_w8_v3_b1alt,SKIP,no template instantiation for this tile
INT4,BITSHIFT,U(-1,1),256,7168,7168,64x128x32_w8_v3_b1alt,SKIP,opt only LUT path
INT4,LUT,U(-1,1),256,7168,7168,128x64x32_w4_v4,OK,ms=1.610,tflops=16.34,gbps=27.1,maxabs=3.903e-02,p99=1.841e-02,rel=2.557e-04
INT4,BITSHIFT,U(-1,1),256,7168,7168,128x64x32_w4_v4,SKIP,opt only LUT path
INT4,LUT,U(-1,1),256,7168,7168,128x128x32_w4_v4,SKIP,BN/WARPS != 16
INT4,BITSHIFT,U(-1,1),256,7168,7168,128x128x32_w4_v4,SKIP,BN/WARPS != 16
INT4,LUT,U(-1,1),256,7168,7168,64x64x32_w4_v4,OK,ms=2.428,tflops=10.84,gbps=18.0,maxabs=3.903e-02,p99=1.841e-02,rel=2.557e-04
INT4,BITSHIFT,U(-1,1),256,7168,7168,64x64x32_w4_v4,SKIP,opt only LUT path
INT4,LUT,U(-1,1),256,7168,7168,64x128x32_w4_v4,SKIP,BN/WARPS != 16
INT4,BITSHIFT,U(-1,1),256,7168,7168,64x128x32_w4_v4,SKIP,BN/WARPS != 16
INT4,LUT,U(-1,1),256,7168,7168,128x64x32_w4_v5,OK,ms=2.720,tflops=9.67,gbps=16.0,maxabs=3.903e-02,p99=1.841e-02,rel=2.557e-04
INT4,BITSHIFT,U(-1,1),256,7168,7168,128x64x32_w4_v5,SKIP,opt only LUT path
INT4,LUT,U(-1,1),256,7168,7168,128x128x32_w4_v5,SKIP,BN/WARPS != 16
INT4,BITSHIFT,U(-1,1),256,7168,7168,128x128x32_w4_v5,SKIP,BN/WARPS != 16
INT4,LUT,U(-1,1),256,7168,7168,64x64x32_w4_v5,OK,ms=3.030,tflops=8.68,gbps=14.4,maxabs=3.903e-02,p99=1.841e-02,rel=2.557e-04
INT4,BITSHIFT,U(-1,1),256,7168,7168,64x64x32_w4_v5,SKIP,opt only LUT path
INT4,LUT,U(-1,1),256,7168,7168,64x128x32_w4_v5,SKIP,BN/WARPS != 16
INT4,BITSHIFT,U(-1,1),256,7168,7168,64x128x32_w4_v5,SKIP,BN/WARPS != 16
INT4,LUT,U(-1,1),256,7168,7168,128x128x64_w4_v6,SKIP,BN/WARPS != 16
INT4,BITSHIFT,U(-1,1),256,7168,7168,128x128x64_w4_v6,SKIP,BN/WARPS != 16
INT4,LUT,U(-1,1),256,7168,7168,128x64x64_w4_v6,SKIP,v6 only INT8 (A1 retry)
INT4,BITSHIFT,U(-1,1),256,7168,7168,128x64x64_w4_v6,SKIP,opt only LUT path
INT4,LUT,U(-1,1),256,7168,7168,64x128x64_w4_v6,SKIP,BN/WARPS != 16
INT4,BITSHIFT,U(-1,1),256,7168,7168,64x128x64_w4_v6,SKIP,BN/WARPS != 16
INT4,LUT,U(-1,1),256,7168,7168,64x64x64_w4_v6,SKIP,v6 only INT8 (A1 retry)
INT4,BITSHIFT,U(-1,1),256,7168,7168,64x64x64_w4_v6,SKIP,opt only LUT path
INT4,LUT,U(-1,1),256,7168,7168,64x128x32_w4_v7,SKIP,BN/WARPS != 16
INT4,BITSHIFT,U(-1,1),256,7168,7168,64x128x32_w4_v7,SKIP,BN/WARPS != 16
INT4,LUT,U(-1,1),256,7168,7168,64x64x32_w4_v7,SKIP,v7 only INT8 (B3 triple-buffer)
INT4,BITSHIFT,U(-1,1),256,7168,7168,64x64x32_w4_v7,SKIP,opt only LUT path
INT4,LUT,U(-1,1),256,7168,7168,32x128x32_w4_v7,SKIP,BN/WARPS != 16
INT4,BITSHIFT,U(-1,1),256,7168,7168,32x128x32_w4_v7,SKIP,BN/WARPS != 16
INT4,LUT,U(-1,1),256,7168,7168,32x64x32_w4_v7,SKIP,v7 only INT8 (B3 triple-buffer)
INT4,BITSHIFT,U(-1,1),256,7168,7168,32x64x32_w4_v7,SKIP,opt only LUT path
INT4,LUT,U(-1,1),512,7168,7168,16x64x32_w4,OK,ms=10.611,tflops=4.96,gbps=5.5,maxabs=3.902e-02,p99=1.870e-02,rel=2.556e-04
INT4,BITSHIFT,U(-1,1),512,7168,7168,16x64x32_w4,OK,ms=14.582,tflops=3.61,gbps=4.0,maxabs=2.781e-02,p99=1.369e-02,rel=1.862e-04
INT4,LUT,U(-1,1),512,7168,7168,16x128x32_w8,OK,ms=10.868,tflops=4.84,gbps=5.4,maxabs=3.902e-02,p99=1.870e-02,rel=2.556e-04
INT4,BITSHIFT,U(-1,1),512,7168,7168,16x128x32_w8,OK,ms=15.096,tflops=3.49,gbps=3.9,maxabs=2.781e-02,p99=1.369e-02,rel=1.862e-04
INT4,LUT,U(-1,1),512,7168,7168,16x128x32_w4f2,SKIP,BN/WARPS != 16
INT4,BITSHIFT,U(-1,1),512,7168,7168,16x128x32_w4f2,SKIP,BN/WARPS != 16
INT4,LUT,U(-1,1),512,7168,7168,16x256x32_w4f4,SKIP,BN/WARPS != 16
INT4,BITSHIFT,U(-1,1),512,7168,7168,16x256x32_w4f4,SKIP,BN/WARPS != 16
INT4,LUT,U(-1,1),512,7168,7168,128x64x32_w4_v1,SKIP,no template instantiation for this tile
INT4,BITSHIFT,U(-1,1),512,7168,7168,128x64x32_w4_v1,SKIP,opt only LUT path
INT4,LUT,U(-1,1),512,7168,7168,128x128x32_w4_v1,SKIP,BN/WARPS != 16
INT4,BITSHIFT,U(-1,1),512,7168,7168,128x128x32_w4_v1,SKIP,BN/WARPS != 16
INT4,LUT,U(-1,1),512,7168,7168,128x256x32_w4_v1,SKIP,BN/WARPS != 16
INT4,BITSHIFT,U(-1,1),512,7168,7168,128x256x32_w4_v1,SKIP,BN/WARPS != 16
INT4,LUT,U(-1,1),512,7168,7168,128x256x32_w8_v1,SKIP,BN/WARPS != 16
INT4,BITSHIFT,U(-1,1),512,7168,7168,128x256x32_w8_v1,SKIP,BN/WARPS != 16
INT4,LUT,U(-1,1),512,7168,7168,64x64x32_w4_v1,SKIP,no template instantiation for this tile
INT4,BITSHIFT,U(-1,1),512,7168,7168,64x64x32_w4_v1,SKIP,opt only LUT path
INT4,LUT,U(-1,1),512,7168,7168,64x128x32_w4_v1,SKIP,BN/WARPS != 16
INT4,BITSHIFT,U(-1,1),512,7168,7168,64x128x32_w4_v1,SKIP,BN/WARPS != 16
INT4,LUT,U(-1,1),512,7168,7168,128x64x32_w4_v2,OK,ms=3.723,tflops=14.13,gbps=15.6,maxabs=3.902e-02,p99=1.870e-02,rel=2.556e-04
INT4,BITSHIFT,U(-1,1),512,7168,7168,128x64x32_w4_v2,SKIP,opt only LUT path
INT4,LUT,U(-1,1),512,7168,7168,128x128x32_w4_v2,SKIP,BN/WARPS != 16
INT4,BITSHIFT,U(-1,1),512,7168,7168,128x128x32_w4_v2,SKIP,BN/WARPS != 16
INT4,LUT,U(-1,1),512,7168,7168,128x256x32_w4_v2,SKIP,BN/WARPS != 16
INT4,BITSHIFT,U(-1,1),512,7168,7168,128x256x32_w4_v2,SKIP,BN/WARPS != 16
INT4,LUT,U(-1,1),512,7168,7168,128x256x32_w8_v2,SKIP,BN/WARPS != 16
INT4,BITSHIFT,U(-1,1),512,7168,7168,128x256x32_w8_v2,SKIP,BN/WARPS != 16
INT4,LUT,U(-1,1),512,7168,7168,64x64x32_w4_v2,OK,ms=3.613,tflops=14.56,gbps=16.1,maxabs=3.902e-02,p99=1.870e-02,rel=2.556e-04
INT4,BITSHIFT,U(-1,1),512,7168,7168,64x64x32_w4_v2,SKIP,opt only LUT path
INT4,LUT,U(-1,1),512,7168,7168,64x128x32_w4_v2,SKIP,BN/WARPS != 16
INT4,BITSHIFT,U(-1,1),512,7168,7168,64x128x32_w4_v2,SKIP,BN/WARPS != 16
INT4,LUT,U(-1,1),512,7168,7168,128x64x32_w4_v3,OK,ms=3.206,tflops=16.41,gbps=18.2,maxabs=3.902e-02,p99=1.870e-02,rel=2.556e-04
INT4,BITSHIFT,U(-1,1),512,7168,7168,128x64x32_w4_v3,SKIP,opt only LUT path
INT4,LUT,U(-1,1),512,7168,7168,128x128x32_w4_v3,SKIP,BN/WARPS != 16
INT4,BITSHIFT,U(-1,1),512,7168,7168,128x128x32_w4_v3,SKIP,BN/WARPS != 16
INT4,LUT,U(-1,1),512,7168,7168,128x256x32_w8_v3,SKIP,BN/WARPS != 16
INT4,BITSHIFT,U(-1,1),512,7168,7168,128x256x32_w8_v3,SKIP,BN/WARPS != 16
INT4,LUT,U(-1,1),512,7168,7168,64x64x32_w4_v3,OK,ms=3.956,tflops=13.30,gbps=14.7,maxabs=3.902e-02,p99=1.870e-02,rel=2.556e-04
INT4,BITSHIFT,U(-1,1),512,7168,7168,64x64x32_w4_v3,SKIP,opt only LUT path
INT4,LUT,U(-1,1),512,7168,7168,64x128x32_w4_v3,SKIP,BN/WARPS != 16
INT4,BITSHIFT,U(-1,1),512,7168,7168,64x128x32_w4_v3,SKIP,BN/WARPS != 16
INT4,LUT,U(-1,1),512,7168,7168,32x128x32_w4_v3_b1,SKIP,BN/WARPS != 16
INT4,BITSHIFT,U(-1,1),512,7168,7168,32x128x32_w4_v3_b1,SKIP,BN/WARPS != 16
INT4,LUT,U(-1,1),512,7168,7168,32x64x32_w4_v3_b1,OK,ms=4.402,tflops=11.95,gbps=13.2,maxabs=3.902e-02,p99=1.870e-02,rel=2.556e-04
INT4,BITSHIFT,U(-1,1),512,7168,7168,32x64x32_w4_v3_b1,SKIP,opt only LUT path
INT4,LUT,U(-1,1),512,7168,7168,32x256x32_w8_v3_b1,SKIP,BN/WARPS != 16
INT4,BITSHIFT,U(-1,1),512,7168,7168,32x256x32_w8_v3_b1,SKIP,BN/WARPS != 16
INT4,LUT,U(-1,1),512,7168,7168,128x128x32_w8_v3_b1alt,SKIP,no template instantiation for this tile
INT4,BITSHIFT,U(-1,1),512,7168,7168,128x128x32_w8_v3_b1alt,SKIP,opt only LUT path
INT4,LUT,U(-1,1),512,7168,7168,64x128x32_w8_v3_b1alt,SKIP,no template instantiation for this tile
INT4,BITSHIFT,U(-1,1),512,7168,7168,64x128x32_w8_v3_b1alt,SKIP,opt only LUT path
INT4,LUT,U(-1,1),512,7168,7168,128x64x32_w4_v4,OK,ms=3.221,tflops=16.33,gbps=18.1,maxabs=3.902e-02,p99=1.870e-02,rel=2.556e-04
INT4,BITSHIFT,U(-1,1),512,7168,7168,128x64x32_w4_v4,SKIP,opt only LUT path
INT4,LUT,U(-1,1),512,7168,7168,128x128x32_w4_v4,SKIP,BN/WARPS != 16
INT4,BITSHIFT,U(-1,1),512,7168,7168,128x128x32_w4_v4,SKIP,BN/WARPS != 16
INT4,LUT,U(-1,1),512,7168,7168,64x64x32_w4_v4,OK,ms=3.976,tflops=13.23,gbps=14.7,maxabs=3.902e-02,p99=1.870e-02,rel=2.556e-04
INT4,BITSHIFT,U(-1,1),512,7168,7168,64x64x32_w4_v4,SKIP,opt only LUT path
INT4,LUT,U(-1,1),512,7168,7168,64x128x32_w4_v4,SKIP,BN/WARPS != 16
INT4,BITSHIFT,U(-1,1),512,7168,7168,64x128x32_w4_v4,SKIP,BN/WARPS != 16
INT4,LUT,U(-1,1),512,7168,7168,128x64x32_w4_v5,OK,ms=4.385,tflops=12.00,gbps=13.3,maxabs=3.902e-02,p99=1.870e-02,rel=2.556e-04
INT4,BITSHIFT,U(-1,1),512,7168,7168,128x64x32_w4_v5,SKIP,opt only LUT path
INT4,LUT,U(-1,1),512,7168,7168,128x128x32_w4_v5,SKIP,BN/WARPS != 16
INT4,BITSHIFT,U(-1,1),512,7168,7168,128x128x32_w4_v5,SKIP,BN/WARPS != 16
INT4,LUT,U(-1,1),512,7168,7168,64x64x32_w4_v5,OK,ms=6.075,tflops=8.66,gbps=9.6,maxabs=3.902e-02,p99=1.870e-02,rel=2.556e-04
INT4,BITSHIFT,U(-1,1),512,7168,7168,64x64x32_w4_v5,SKIP,opt only LUT path
INT4,LUT,U(-1,1),512,7168,7168,64x128x32_w4_v5,SKIP,BN/WARPS != 16
INT4,BITSHIFT,U(-1,1),512,7168,7168,64x128x32_w4_v5,SKIP,BN/WARPS != 16
INT4,LUT,U(-1,1),512,7168,7168,128x128x64_w4_v6,SKIP,BN/WARPS != 16
INT4,BITSHIFT,U(-1,1),512,7168,7168,128x128x64_w4_v6,SKIP,BN/WARPS != 16
INT4,LUT,U(-1,1),512,7168,7168,128x64x64_w4_v6,SKIP,v6 only INT8 (A1 retry)
INT4,BITSHIFT,U(-1,1),512,7168,7168,128x64x64_w4_v6,SKIP,opt only LUT path
INT4,LUT,U(-1,1),512,7168,7168,64x128x64_w4_v6,SKIP,BN/WARPS != 16
INT4,BITSHIFT,U(-1,1),512,7168,7168,64x128x64_w4_v6,SKIP,BN/WARPS != 16
INT4,LUT,U(-1,1),512,7168,7168,64x64x64_w4_v6,SKIP,v6 only INT8 (A1 retry)
INT4,BITSHIFT,U(-1,1),512,7168,7168,64x64x64_w4_v6,SKIP,opt only LUT path
INT4,LUT,U(-1,1),512,7168,7168,64x128x32_w4_v7,SKIP,BN/WARPS != 16
INT4,BITSHIFT,U(-1,1),512,7168,7168,64x128x32_w4_v7,SKIP,BN/WARPS != 16
INT4,LUT,U(-1,1),512,7168,7168,64x64x32_w4_v7,SKIP,v7 only INT8 (B3 triple-buffer)
INT4,BITSHIFT,U(-1,1),512,7168,7168,64x64x32_w4_v7,SKIP,opt only LUT path
INT4,LUT,U(-1,1),512,7168,7168,32x128x32_w4_v7,SKIP,BN/WARPS != 16
INT4,BITSHIFT,U(-1,1),512,7168,7168,32x128x32_w4_v7,SKIP,BN/WARPS != 16
INT4,LUT,U(-1,1),512,7168,7168,32x64x32_w4_v7,SKIP,v7 only INT8 (B3 triple-buffer)
INT4,BITSHIFT,U(-1,1),512,7168,7168,32x64x32_w4_v7,SKIP,opt only LUT path
INT4,LUT,U(-1,1),1024,7168,7168,16x64x32_w4,OK,ms=21.253,tflops=4.95,gbps=4.1,maxabs=3.902e-02,p99=1.859e-02,rel=2.556e-04
INT4,BITSHIFT,U(-1,1),1024,7168,7168,16x64x32_w4,OK,ms=27.793,tflops=3.79,gbps=3.2,maxabs=2.781e-02,p99=1.388e-02,rel=1.860e-04
INT4,LUT,U(-1,1),1024,7168,7168,16x128x32_w8,OK,ms=21.681,tflops=4.85,gbps=4.0,maxabs=3.902e-02,p99=1.859e-02,rel=2.556e-04
INT4,BITSHIFT,U(-1,1),1024,7168,7168,16x128x32_w8,OK,ms=28.162,tflops=3.74,gbps=3.1,maxabs=2.781e-02,p99=1.388e-02,rel=1.860e-04
INT4,LUT,U(-1,1),1024,7168,7168,16x128x32_w4f2,SKIP,BN/WARPS != 16
INT4,BITSHIFT,U(-1,1),1024,7168,7168,16x128x32_w4f2,SKIP,BN/WARPS != 16
INT4,LUT,U(-1,1),1024,7168,7168,16x256x32_w4f4,SKIP,BN/WARPS != 16
INT4,BITSHIFT,U(-1,1),1024,7168,7168,16x256x32_w4f4,SKIP,BN/WARPS != 16
INT4,LUT,U(-1,1),1024,7168,7168,128x64x32_w4_v1,SKIP,no template instantiation for this tile
INT4,BITSHIFT,U(-1,1),1024,7168,7168,128x64x32_w4_v1,SKIP,opt only LUT path
INT4,LUT,U(-1,1),1024,7168,7168,128x128x32_w4_v1,SKIP,BN/WARPS != 16
INT4,BITSHIFT,U(-1,1),1024,7168,7168,128x128x32_w4_v1,SKIP,BN/WARPS != 16
INT4,LUT,U(-1,1),1024,7168,7168,128x256x32_w4_v1,SKIP,BN/WARPS != 16
INT4,BITSHIFT,U(-1,1),1024,7168,7168,128x256x32_w4_v1,SKIP,BN/WARPS != 16
INT4,LUT,U(-1,1),1024,7168,7168,128x256x32_w8_v1,SKIP,BN/WARPS != 16
INT4,BITSHIFT,U(-1,1),1024,7168,7168,128x256x32_w8_v1,SKIP,BN/WARPS != 16
INT4,LUT,U(-1,1),1024,7168,7168,64x64x32_w4_v1,SKIP,no template instantiation for this tile
INT4,BITSHIFT,U(-1,1),1024,7168,7168,64x64x32_w4_v1,SKIP,opt only LUT path
INT4,LUT,U(-1,1),1024,7168,7168,64x128x32_w4_v1,SKIP,BN/WARPS != 16
INT4,BITSHIFT,U(-1,1),1024,7168,7168,64x128x32_w4_v1,SKIP,BN/WARPS != 16
INT4,LUT,U(-1,1),1024,7168,7168,128x64x32_w4_v2,OK,ms=5.504,tflops=19.12,gbps=15.9,maxabs=3.902e-02,p99=1.859e-02,rel=2.556e-04
INT4,BITSHIFT,U(-1,1),1024,7168,7168,128x64x32_w4_v2,SKIP,opt only LUT path
INT4,LUT,U(-1,1),1024,7168,7168,128x128x32_w4_v2,SKIP,BN/WARPS != 16
INT4,BITSHIFT,U(-1,1),1024,7168,7168,128x128x32_w4_v2,SKIP,BN/WARPS != 16
INT4,LUT,U(-1,1),1024,7168,7168,128x256x32_w4_v2,SKIP,BN/WARPS != 16
INT4,BITSHIFT,U(-1,1),1024,7168,7168,128x256x32_w4_v2,SKIP,BN/WARPS != 16
INT4,LUT,U(-1,1),1024,7168,7168,128x256x32_w8_v2,SKIP,BN/WARPS != 16
INT4,BITSHIFT,U(-1,1),1024,7168,7168,128x256x32_w8_v2,SKIP,BN/WARPS != 16
INT4,LUT,U(-1,1),1024,7168,7168,64x64x32_w4_v2,OK,ms=7.224,tflops=14.57,gbps=12.1,maxabs=3.902e-02,p99=1.859e-02,rel=2.556e-04
INT4,BITSHIFT,U(-1,1),1024,7168,7168,64x64x32_w4_v2,SKIP,opt only LUT path
INT4,LUT,U(-1,1),1024,7168,7168,64x128x32_w4_v2,SKIP,BN/WARPS != 16
INT4,BITSHIFT,U(-1,1),1024,7168,7168,64x128x32_w4_v2,SKIP,BN/WARPS != 16
INT4,LUT,U(-1,1),1024,7168,7168,128x64x32_w4_v3,OK,ms=6.365,tflops=16.53,gbps=13.8,maxabs=3.902e-02,p99=1.859e-02,rel=2.556e-04
INT4,BITSHIFT,U(-1,1),1024,7168,7168,128x64x32_w4_v3,SKIP,opt only LUT path
INT4,LUT,U(-1,1),1024,7168,7168,128x128x32_w4_v3,SKIP,BN/WARPS != 16
INT4,BITSHIFT,U(-1,1),1024,7168,7168,128x128x32_w4_v3,SKIP,BN/WARPS != 16
INT4,LUT,U(-1,1),1024,7168,7168,128x256x32_w8_v3,SKIP,BN/WARPS != 16
INT4,BITSHIFT,U(-1,1),1024,7168,7168,128x256x32_w8_v3,SKIP,BN/WARPS != 16
INT4,LUT,U(-1,1),1024,7168,7168,64x64x32_w4_v3,OK,ms=6.631,tflops=15.87,gbps=13.2,maxabs=3.902e-02,p99=1.859e-02,rel=2.556e-04
INT4,BITSHIFT,U(-1,1),1024,7168,7168,64x64x32_w4_v3,SKIP,opt only LUT path
INT4,LUT,U(-1,1),1024,7168,7168,64x128x32_w4_v3,SKIP,BN/WARPS != 16
INT4,BITSHIFT,U(-1,1),1024,7168,7168,64x128x32_w4_v3,SKIP,BN/WARPS != 16
INT4,LUT,U(-1,1),1024,7168,7168,32x128x32_w4_v3_b1,SKIP,BN/WARPS != 16
INT4,BITSHIFT,U(-1,1),1024,7168,7168,32x128x32_w4_v3_b1,SKIP,BN/WARPS != 16
INT4,LUT,U(-1,1),1024,7168,7168,32x64x32_w4_v3_b1,OK,ms=8.814,tflops=11.94,gbps=9.9,maxabs=3.902e-02,p99=1.859e-02,rel=2.556e-04
INT4,BITSHIFT,U(-1,1),1024,7168,7168,32x64x32_w4_v3_b1,SKIP,opt only LUT path
INT4,LUT,U(-1,1),1024,7168,7168,32x256x32_w8_v3_b1,SKIP,BN/WARPS != 16
INT4,BITSHIFT,U(-1,1),1024,7168,7168,32x256x32_w8_v3_b1,SKIP,BN/WARPS != 16
INT4,LUT,U(-1,1),1024,7168,7168,128x128x32_w8_v3_b1alt,SKIP,no template instantiation for this tile
INT4,BITSHIFT,U(-1,1),1024,7168,7168,128x128x32_w8_v3_b1alt,SKIP,opt only LUT path
INT4,LUT,U(-1,1),1024,7168,7168,64x128x32_w8_v3_b1alt,SKIP,no template instantiation for this tile
INT4,BITSHIFT,U(-1,1),1024,7168,7168,64x128x32_w8_v3_b1alt,SKIP,opt only LUT path
INT4,LUT,U(-1,1),1024,7168,7168,128x64x32_w4_v4,OK,ms=6.386,tflops=16.48,gbps=13.7,maxabs=3.902e-02,p99=1.859e-02,rel=2.556e-04
INT4,BITSHIFT,U(-1,1),1024,7168,7168,128x64x32_w4_v4,SKIP,opt only LUT path
INT4,LUT,U(-1,1),1024,7168,7168,128x128x32_w4_v4,SKIP,BN/WARPS != 16
INT4,BITSHIFT,U(-1,1),1024,7168,7168,128x128x32_w4_v4,SKIP,BN/WARPS != 16
INT4,LUT,U(-1,1),1024,7168,7168,64x64x32_w4_v4,OK,ms=6.891,tflops=15.27,gbps=12.7,maxabs=3.902e-02,p99=1.859e-02,rel=2.556e-04
INT4,BITSHIFT,U(-1,1),1024,7168,7168,64x64x32_w4_v4,SKIP,opt only LUT path
INT4,LUT,U(-1,1),1024,7168,7168,64x128x32_w4_v4,SKIP,BN/WARPS != 16
INT4,BITSHIFT,U(-1,1),1024,7168,7168,64x128x32_w4_v4,SKIP,BN/WARPS != 16
INT4,LUT,U(-1,1),1024,7168,7168,128x64x32_w4_v5,OK,ms=8.912,tflops=11.81,gbps=9.8,maxabs=3.902e-02,p99=1.859e-02,rel=2.556e-04
INT4,BITSHIFT,U(-1,1),1024,7168,7168,128x64x32_w4_v5,SKIP,opt only LUT path
INT4,LUT,U(-1,1),1024,7168,7168,128x128x32_w4_v5,SKIP,BN/WARPS != 16
INT4,BITSHIFT,U(-1,1),1024,7168,7168,128x128x32_w4_v5,SKIP,BN/WARPS != 16
INT4,LUT,U(-1,1),1024,7168,7168,64x64x32_w4_v5,OK,ms=12.114,tflops=8.69,gbps=7.2,maxabs=3.902e-02,p99=1.859e-02,rel=2.556e-04
INT4,BITSHIFT,U(-1,1),1024,7168,7168,64x64x32_w4_v5,SKIP,opt only LUT path
INT4,LUT,U(-1,1),1024,7168,7168,64x128x32_w4_v5,SKIP,BN/WARPS != 16
INT4,BITSHIFT,U(-1,1),1024,7168,7168,64x128x32_w4_v5,SKIP,BN/WARPS != 16
INT4,LUT,U(-1,1),1024,7168,7168,128x128x64_w4_v6,SKIP,BN/WARPS != 16
INT4,BITSHIFT,U(-1,1),1024,7168,7168,128x128x64_w4_v6,SKIP,BN/WARPS != 16
INT4,LUT,U(-1,1),1024,7168,7168,128x64x64_w4_v6,SKIP,v6 only INT8 (A1 retry)
INT4,BITSHIFT,U(-1,1),1024,7168,7168,128x64x64_w4_v6,SKIP,opt only LUT path
INT4,LUT,U(-1,1),1024,7168,7168,64x128x64_w4_v6,SKIP,BN/WARPS != 16
INT4,BITSHIFT,U(-1,1),1024,7168,7168,64x128x64_w4_v6,SKIP,BN/WARPS != 16
INT4,LUT,U(-1,1),1024,7168,7168,64x64x64_w4_v6,SKIP,v6 only INT8 (A1 retry)
INT4,BITSHIFT,U(-1,1),1024,7168,7168,64x64x64_w4_v6,SKIP,opt only LUT path
INT4,LUT,U(-1,1),1024,7168,7168,64x128x32_w4_v7,SKIP,BN/WARPS != 16
INT4,BITSHIFT,U(-1,1),1024,7168,7168,64x128x32_w4_v7,SKIP,BN/WARPS != 16
INT4,LUT,U(-1,1),1024,7168,7168,64x64x32_w4_v7,SKIP,v7 only INT8 (B3 triple-buffer)
INT4,BITSHIFT,U(-1,1),1024,7168,7168,64x64x32_w4_v7,SKIP,opt only LUT path
INT4,LUT,U(-1,1),1024,7168,7168,32x128x32_w4_v7,SKIP,BN/WARPS != 16
INT4,BITSHIFT,U(-1,1),1024,7168,7168,32x128x32_w4_v7,SKIP,BN/WARPS != 16
INT4,LUT,U(-1,1),1024,7168,7168,32x64x32_w4_v7,SKIP,v7 only INT8 (B3 triple-buffer)
INT4,BITSHIFT,U(-1,1),1024,7168,7168,32x64x32_w4_v7,SKIP,opt only LUT path
INT4,LUT,U(-1,1),2048,7168,7168,16x64x32_w4,OK,ms=40.963,tflops=5.14,gbps=3.6,maxabs=3.901e-02,p99=1.858e-02,rel=2.555e-04
INT4,BITSHIFT,U(-1,1),2048,7168,7168,16x64x32_w4,OK,ms=55.323,tflops=3.80,gbps=2.6,maxabs=2.781e-02,p99=1.348e-02,rel=1.860e-04
INT4,LUT,U(-1,1),2048,7168,7168,16x128x32_w8,OK,ms=41.532,tflops=5.07,gbps=3.5,maxabs=3.901e-02,p99=1.858e-02,rel=2.555e-04
INT4,BITSHIFT,U(-1,1),2048,7168,7168,16x128x32_w8,OK,ms=56.277,tflops=3.74,gbps=2.6,maxabs=2.781e-02,p99=1.348e-02,rel=1.860e-04
INT4,LUT,U(-1,1),2048,7168,7168,16x128x32_w4f2,SKIP,BN/WARPS != 16
INT4,BITSHIFT,U(-1,1),2048,7168,7168,16x128x32_w4f2,SKIP,BN/WARPS != 16
INT4,LUT,U(-1,1),2048,7168,7168,16x256x32_w4f4,SKIP,BN/WARPS != 16
INT4,BITSHIFT,U(-1,1),2048,7168,7168,16x256x32_w4f4,SKIP,BN/WARPS != 16
INT4,LUT,U(-1,1),2048,7168,7168,128x64x32_w4_v1,SKIP,no template instantiation for this tile
INT4,BITSHIFT,U(-1,1),2048,7168,7168,128x64x32_w4_v1,SKIP,opt only LUT path
INT4,LUT,U(-1,1),2048,7168,7168,128x128x32_w4_v1,SKIP,BN/WARPS != 16
INT4,BITSHIFT,U(-1,1),2048,7168,7168,128x128x32_w4_v1,SKIP,BN/WARPS != 16
INT4,LUT,U(-1,1),2048,7168,7168,128x256x32_w4_v1,SKIP,BN/WARPS != 16
INT4,BITSHIFT,U(-1,1),2048,7168,7168,128x256x32_w4_v1,SKIP,BN/WARPS != 16
INT4,LUT,U(-1,1),2048,7168,7168,128x256x32_w8_v1,SKIP,BN/WARPS != 16
INT4,BITSHIFT,U(-1,1),2048,7168,7168,128x256x32_w8_v1,SKIP,BN/WARPS != 16
INT4,LUT,U(-1,1),2048,7168,7168,64x64x32_w4_v1,SKIP,no template instantiation for this tile
INT4,BITSHIFT,U(-1,1),2048,7168,7168,64x64x32_w4_v1,SKIP,opt only LUT path
INT4,LUT,U(-1,1),2048,7168,7168,64x128x32_w4_v1,SKIP,BN/WARPS != 16
INT4,BITSHIFT,U(-1,1),2048,7168,7168,64x128x32_w4_v1,SKIP,BN/WARPS != 16
INT4,LUT,U(-1,1),2048,7168,7168,128x64x32_w4_v2,OK,ms=10.996,tflops=19.14,gbps=13.3,maxabs=3.901e-02,p99=1.858e-02,rel=2.555e-04
INT4,BITSHIFT,U(-1,1),2048,7168,7168,128x64x32_w4_v2,SKIP,opt only LUT path
INT4,LUT,U(-1,1),2048,7168,7168,128x128x32_w4_v2,SKIP,BN/WARPS != 16
INT4,BITSHIFT,U(-1,1),2048,7168,7168,128x128x32_w4_v2,SKIP,BN/WARPS != 16
INT4,LUT,U(-1,1),2048,7168,7168,128x256x32_w4_v2,SKIP,BN/WARPS != 16
INT4,BITSHIFT,U(-1,1),2048,7168,7168,128x256x32_w4_v2,SKIP,BN/WARPS != 16
INT4,LUT,U(-1,1),2048,7168,7168,128x256x32_w8_v2,SKIP,BN/WARPS != 16
INT4,BITSHIFT,U(-1,1),2048,7168,7168,128x256x32_w8_v2,SKIP,BN/WARPS != 16
INT4,LUT,U(-1,1),2048,7168,7168,64x64x32_w4_v2,OK,ms=14.356,tflops=14.66,gbps=10.2,maxabs=3.901e-02,p99=1.858e-02,rel=2.555e-04
INT4,BITSHIFT,U(-1,1),2048,7168,7168,64x64x32_w4_v2,SKIP,opt only LUT path
INT4,LUT,U(-1,1),2048,7168,7168,64x128x32_w4_v2,SKIP,BN/WARPS != 16
INT4,BITSHIFT,U(-1,1),2048,7168,7168,64x128x32_w4_v2,SKIP,BN/WARPS != 16
INT4,LUT,U(-1,1),2048,7168,7168,128x64x32_w4_v3,OK,ms=12.678,tflops=16.60,gbps=11.5,maxabs=3.901e-02,p99=1.858e-02,rel=2.555e-04
INT4,BITSHIFT,U(-1,1),2048,7168,7168,128x64x32_w4_v3,SKIP,opt only LUT path
INT4,LUT,U(-1,1),2048,7168,7168,128x128x32_w4_v3,SKIP,BN/WARPS != 16
INT4,BITSHIFT,U(-1,1),2048,7168,7168,128x128x32_w4_v3,SKIP,BN/WARPS != 16
INT4,LUT,U(-1,1),2048,7168,7168,128x256x32_w8_v3,SKIP,BN/WARPS != 16
INT4,BITSHIFT,U(-1,1),2048,7168,7168,128x256x32_w8_v3,SKIP,BN/WARPS != 16
INT4,LUT,U(-1,1),2048,7168,7168,64x64x32_w4_v3,OK,ms=11.845,tflops=17.77,gbps=12.4,maxabs=3.901e-02,p99=1.858e-02,rel=2.555e-04
INT4,BITSHIFT,U(-1,1),2048,7168,7168,64x64x32_w4_v3,SKIP,opt only LUT path
INT4,LUT,U(-1,1),2048,7168,7168,64x128x32_w4_v3,SKIP,BN/WARPS != 16
INT4,BITSHIFT,U(-1,1),2048,7168,7168,64x128x32_w4_v3,SKIP,BN/WARPS != 16
INT4,LUT,U(-1,1),2048,7168,7168,32x128x32_w4_v3_b1,SKIP,BN/WARPS != 16
INT4,BITSHIFT,U(-1,1),2048,7168,7168,32x128x32_w4_v3_b1,SKIP,BN/WARPS != 16
INT4,LUT,U(-1,1),2048,7168,7168,32x64x32_w4_v3_b1,OK,ms=16.688,tflops=12.61,gbps=8.8,maxabs=3.901e-02,p99=1.858e-02,rel=2.555e-04
INT4,BITSHIFT,U(-1,1),2048,7168,7168,32x64x32_w4_v3_b1,SKIP,opt only LUT path
INT4,LUT,U(-1,1),2048,7168,7168,32x256x32_w8_v3_b1,SKIP,BN/WARPS != 16
INT4,BITSHIFT,U(-1,1),2048,7168,7168,32x256x32_w8_v3_b1,SKIP,BN/WARPS != 16
INT4,LUT,U(-1,1),2048,7168,7168,128x128x32_w8_v3_b1alt,SKIP,no template instantiation for this tile
INT4,BITSHIFT,U(-1,1),2048,7168,7168,128x128x32_w8_v3_b1alt,SKIP,opt only LUT path
INT4,LUT,U(-1,1),2048,7168,7168,64x128x32_w8_v3_b1alt,SKIP,no template instantiation for this tile
INT4,BITSHIFT,U(-1,1),2048,7168,7168,64x128x32_w8_v3_b1alt,SKIP,opt only LUT path
INT4,LUT,U(-1,1),2048,7168,7168,128x64x32_w4_v4,OK,ms=12.729,tflops=16.53,gbps=11.5,maxabs=3.901e-02,p99=1.858e-02,rel=2.555e-04
INT4,BITSHIFT,U(-1,1),2048,7168,7168,128x64x32_w4_v4,SKIP,opt only LUT path
INT4,LUT,U(-1,1),2048,7168,7168,128x128x32_w4_v4,SKIP,BN/WARPS != 16
INT4,BITSHIFT,U(-1,1),2048,7168,7168,128x128x32_w4_v4,SKIP,BN/WARPS != 16
INT4,LUT,U(-1,1),2048,7168,7168,64x64x32_w4_v4,OK,ms=12.460,tflops=16.89,gbps=11.7,maxabs=3.901e-02,p99=1.858e-02,rel=2.555e-04
INT4,BITSHIFT,U(-1,1),2048,7168,7168,64x64x32_w4_v4,SKIP,opt only LUT path
INT4,LUT,U(-1,1),2048,7168,7168,64x128x32_w4_v4,SKIP,BN/WARPS != 16
INT4,BITSHIFT,U(-1,1),2048,7168,7168,64x128x32_w4_v4,SKIP,BN/WARPS != 16
INT4,LUT,U(-1,1),2048,7168,7168,128x64x32_w4_v5,OK,ms=17.716,tflops=11.88,gbps=8.3,maxabs=3.901e-02,p99=1.858e-02,rel=2.555e-04
INT4,BITSHIFT,U(-1,1),2048,7168,7168,128x64x32_w4_v5,SKIP,opt only LUT path
INT4,LUT,U(-1,1),2048,7168,7168,128x128x32_w4_v5,SKIP,BN/WARPS != 16
INT4,BITSHIFT,U(-1,1),2048,7168,7168,128x128x32_w4_v5,SKIP,BN/WARPS != 16
INT4,LUT,U(-1,1),2048,7168,7168,64x64x32_w4_v5,OK,ms=23.626,tflops=8.91,gbps=6.2,maxabs=3.901e-02,p99=1.858e-02,rel=2.555e-04
INT4,BITSHIFT,U(-1,1),2048,7168,7168,64x64x32_w4_v5,SKIP,opt only LUT path
INT4,LUT,U(-1,1),2048,7168,7168,64x128x32_w4_v5,SKIP,BN/WARPS != 16
INT4,BITSHIFT,U(-1,1),2048,7168,7168,64x128x32_w4_v5,SKIP,BN/WARPS != 16
INT4,LUT,U(-1,1),2048,7168,7168,128x128x64_w4_v6,SKIP,BN/WARPS != 16
INT4,BITSHIFT,U(-1,1),2048,7168,7168,128x128x64_w4_v6,SKIP,BN/WARPS != 16
INT4,LUT,U(-1,1),2048,7168,7168,128x64x64_w4_v6,SKIP,v6 only INT8 (A1 retry)
INT4,BITSHIFT,U(-1,1),2048,7168,7168,128x64x64_w4_v6,SKIP,opt only LUT path
INT4,LUT,U(-1,1),2048,7168,7168,64x128x64_w4_v6,SKIP,BN/WARPS != 16
INT4,BITSHIFT,U(-1,1),2048,7168,7168,64x128x64_w4_v6,SKIP,BN/WARPS != 16
INT4,LUT,U(-1,1),2048,7168,7168,64x64x64_w4_v6,SKIP,v6 only INT8 (A1 retry)
INT4,BITSHIFT,U(-1,1),2048,7168,7168,64x64x64_w4_v6,SKIP,opt only LUT path
INT4,LUT,U(-1,1),2048,7168,7168,64x128x32_w4_v7,SKIP,BN/WARPS != 16
INT4,BITSHIFT,U(-1,1),2048,7168,7168,64x128x32_w4_v7,SKIP,BN/WARPS != 16
INT4,LUT,U(-1,1),2048,7168,7168,64x64x32_w4_v7,SKIP,v7 only INT8 (B3 triple-buffer)
INT4,BITSHIFT,U(-1,1),2048,7168,7168,64x64x32_w4_v7,SKIP,opt only LUT path
INT4,LUT,U(-1,1),2048,7168,7168,32x128x32_w4_v7,SKIP,BN/WARPS != 16
INT4,BITSHIFT,U(-1,1),2048,7168,7168,32x128x32_w4_v7,SKIP,BN/WARPS != 16
INT4,LUT,U(-1,1),2048,7168,7168,32x64x32_w4_v7,SKIP,v7 only INT8 (B3 triple-buffer)
INT4,BITSHIFT,U(-1,1),2048,7168,7168,32x64x32_w4_v7,SKIP,opt only LUT path
MXFP4,LUT,U(-1,1),1,4096,4096,16x64x32_w4,OK,ms=0.680,tflops=0.05,gbps=13.1,maxabs=1.194e-02,p99=9.323e-03,rel=1.840e-04
MXFP4,BITSHIFT,U(-1,1),1,4096,4096,16x64x32_w4,OK,ms=0.738,tflops=0.05,gbps=12.1,maxabs=1.194e-02,p99=9.315e-03,rel=1.840e-04
MXFP4,LUT,U(-1,1),1,4096,4096,16x128x32_w8,OK,ms=0.736,tflops=0.05,gbps=12.2,maxabs=1.194e-02,p99=9.323e-03,rel=1.840e-04
MXFP4,BITSHIFT,U(-1,1),1,4096,4096,16x128x32_w8,OK,ms=0.874,tflops=0.04,gbps=10.2,maxabs=1.194e-02,p99=9.315e-03,rel=1.840e-04
MXFP4,LUT,U(-1,1),1,4096,4096,16x128x32_w4f2,SKIP,BN/WARPS != 16
MXFP4,BITSHIFT,U(-1,1),1,4096,4096,16x128x32_w4f2,SKIP,BN/WARPS != 16
MXFP4,LUT,U(-1,1),1,4096,4096,16x256x32_w4f4,SKIP,BN/WARPS != 16
MXFP4,BITSHIFT,U(-1,1),1,4096,4096,16x256x32_w4f4,SKIP,BN/WARPS != 16
MXFP4,LUT,U(-1,1),1,4096,4096,128x64x32_w4_v1,SKIP,no template
MXFP4,BITSHIFT,U(-1,1),1,4096,4096,128x64x32_w4_v1,SKIP,opt only LUT path
MXFP4,LUT,U(-1,1),1,4096,4096,128x128x32_w4_v1,SKIP,BN/WARPS != 16
MXFP4,BITSHIFT,U(-1,1),1,4096,4096,128x128x32_w4_v1,SKIP,BN/WARPS != 16
MXFP4,LUT,U(-1,1),1,4096,4096,128x256x32_w4_v1,SKIP,BN/WARPS != 16
MXFP4,BITSHIFT,U(-1,1),1,4096,4096,128x256x32_w4_v1,SKIP,BN/WARPS != 16
MXFP4,LUT,U(-1,1),1,4096,4096,128x256x32_w8_v1,SKIP,BN/WARPS != 16
MXFP4,BITSHIFT,U(-1,1),1,4096,4096,128x256x32_w8_v1,SKIP,BN/WARPS != 16
MXFP4,LUT,U(-1,1),1,4096,4096,64x64x32_w4_v1,SKIP,no template
MXFP4,BITSHIFT,U(-1,1),1,4096,4096,64x64x32_w4_v1,SKIP,opt only LUT path
MXFP4,LUT,U(-1,1),1,4096,4096,64x128x32_w4_v1,SKIP,BN/WARPS != 16
MXFP4,BITSHIFT,U(-1,1),1,4096,4096,64x128x32_w4_v1,SKIP,BN/WARPS != 16
MXFP4,LUT,U(-1,1),1,4096,4096,128x64x32_w4_v2,OK,ms=0.593,tflops=0.06,gbps=15.1,maxabs=1.194e-02,p99=9.323e-03,rel=1.840e-04
MXFP4,BITSHIFT,U(-1,1),1,4096,4096,128x64x32_w4_v2,SKIP,opt only LUT path
MXFP4,LUT,U(-1,1),1,4096,4096,128x128x32_w4_v2,SKIP,BN/WARPS != 16
MXFP4,BITSHIFT,U(-1,1),1,4096,4096,128x128x32_w4_v2,SKIP,BN/WARPS != 16
MXFP4,LUT,U(-1,1),1,4096,4096,128x256x32_w4_v2,SKIP,BN/WARPS != 16
MXFP4,BITSHIFT,U(-1,1),1,4096,4096,128x256x32_w4_v2,SKIP,BN/WARPS != 16
MXFP4,LUT,U(-1,1),1,4096,4096,128x256x32_w8_v2,SKIP,BN/WARPS != 16
MXFP4,BITSHIFT,U(-1,1),1,4096,4096,128x256x32_w8_v2,SKIP,BN/WARPS != 16
MXFP4,LUT,U(-1,1),1,4096,4096,64x64x32_w4_v2,OK,ms=0.475,tflops=0.07,gbps=18.8,maxabs=1.194e-02,p99=9.323e-03,rel=1.840e-04
MXFP4,BITSHIFT,U(-1,1),1,4096,4096,64x64x32_w4_v2,SKIP,opt only LUT path
MXFP4,LUT,U(-1,1),1,4096,4096,64x128x32_w4_v2,SKIP,BN/WARPS != 16
MXFP4,BITSHIFT,U(-1,1),1,4096,4096,64x128x32_w4_v2,SKIP,BN/WARPS != 16
MXFP4,LUT,U(-1,1),1,4096,4096,128x64x32_w4_v3,OK,ms=0.382,tflops=0.09,gbps=23.4,maxabs=1.194e-02,p99=9.323e-03,rel=1.840e-04
MXFP4,BITSHIFT,U(-1,1),1,4096,4096,128x64x32_w4_v3,SKIP,opt only LUT path
MXFP4,LUT,U(-1,1),1,4096,4096,128x128x32_w4_v3,SKIP,BN/WARPS != 16
MXFP4,BITSHIFT,U(-1,1),1,4096,4096,128x128x32_w4_v3,SKIP,BN/WARPS != 16
MXFP4,LUT,U(-1,1),1,4096,4096,128x256x32_w8_v3,SKIP,BN/WARPS != 16
MXFP4,BITSHIFT,U(-1,1),1,4096,4096,128x256x32_w8_v3,SKIP,BN/WARPS != 16
MXFP4,LUT,U(-1,1),1,4096,4096,64x64x32_w4_v3,OK,ms=0.261,tflops=0.13,gbps=34.2,maxabs=1.194e-02,p99=9.323e-03,rel=1.840e-04
MXFP4,BITSHIFT,U(-1,1),1,4096,4096,64x64x32_w4_v3,SKIP,opt only LUT path
MXFP4,LUT,U(-1,1),1,4096,4096,64x128x32_w4_v3,SKIP,BN/WARPS != 16
MXFP4,BITSHIFT,U(-1,1),1,4096,4096,64x128x32_w4_v3,SKIP,BN/WARPS != 16
MXFP4,LUT,U(-1,1),1,4096,4096,32x128x32_w4_v3_b1,SKIP,BN/WARPS != 16
MXFP4,BITSHIFT,U(-1,1),1,4096,4096,32x128x32_w4_v3_b1,SKIP,BN/WARPS != 16
MXFP4,LUT,U(-1,1),1,4096,4096,32x64x32_w4_v3_b1,OK,ms=0.214,tflops=0.16,gbps=41.8,maxabs=1.194e-02,p99=9.323e-03,rel=1.840e-04
MXFP4,BITSHIFT,U(-1,1),1,4096,4096,32x64x32_w4_v3_b1,SKIP,opt only LUT path
MXFP4,LUT,U(-1,1),1,4096,4096,32x256x32_w8_v3_b1,SKIP,BN/WARPS != 16
MXFP4,BITSHIFT,U(-1,1),1,4096,4096,32x256x32_w8_v3_b1,SKIP,BN/WARPS != 16
MXFP4,LUT,U(-1,1),1,4096,4096,128x128x32_w8_v3_b1alt,SKIP,no template
MXFP4,BITSHIFT,U(-1,1),1,4096,4096,128x128x32_w8_v3_b1alt,SKIP,opt only LUT path
MXFP4,LUT,U(-1,1),1,4096,4096,64x128x32_w8_v3_b1alt,SKIP,no template
MXFP4,BITSHIFT,U(-1,1),1,4096,4096,64x128x32_w8_v3_b1alt,SKIP,opt only LUT path
MXFP4,LUT,U(-1,1),1,4096,4096,128x64x32_w4_v4,OK,ms=0.389,tflops=0.09,gbps=23.0,maxabs=1.194e-02,p99=9.323e-03,rel=1.840e-04
MXFP4,BITSHIFT,U(-1,1),1,4096,4096,128x64x32_w4_v4,SKIP,opt only LUT path
MXFP4,LUT,U(-1,1),1,4096,4096,128x128x32_w4_v4,SKIP,BN/WARPS != 16
MXFP4,BITSHIFT,U(-1,1),1,4096,4096,128x128x32_w4_v4,SKIP,BN/WARPS != 16
MXFP4,LUT,U(-1,1),1,4096,4096,64x64x32_w4_v4,OK,ms=0.275,tflops=0.12,gbps=32.5,maxabs=1.194e-02,p99=9.323e-03,rel=1.840e-04
MXFP4,BITSHIFT,U(-1,1),1,4096,4096,64x64x32_w4_v4,SKIP,opt only LUT path
MXFP4,LUT,U(-1,1),1,4096,4096,64x128x32_w4_v4,SKIP,BN/WARPS != 16
MXFP4,BITSHIFT,U(-1,1),1,4096,4096,64x128x32_w4_v4,SKIP,BN/WARPS != 16
MXFP4,LUT,U(-1,1),1,4096,4096,128x64x32_w4_v5,OK,ms=0.391,tflops=0.09,gbps=22.9,maxabs=1.194e-02,p99=9.323e-03,rel=1.840e-04
MXFP4,BITSHIFT,U(-1,1),1,4096,4096,128x64x32_w4_v5,SKIP,opt only LUT path
MXFP4,LUT,U(-1,1),1,4096,4096,128x128x32_w4_v5,SKIP,BN/WARPS != 16
MXFP4,BITSHIFT,U(-1,1),1,4096,4096,128x128x32_w4_v5,SKIP,BN/WARPS != 16
MXFP4,LUT,U(-1,1),1,4096,4096,64x64x32_w4_v5,OK,ms=0.276,tflops=0.12,gbps=32.4,maxabs=1.194e-02,p99=9.323e-03,rel=1.840e-04
MXFP4,BITSHIFT,U(-1,1),1,4096,4096,64x64x32_w4_v5,SKIP,opt only LUT path
MXFP4,LUT,U(-1,1),1,4096,4096,64x128x32_w4_v5,SKIP,BN/WARPS != 16
MXFP4,BITSHIFT,U(-1,1),1,4096,4096,64x128x32_w4_v5,SKIP,BN/WARPS != 16
MXFP4,LUT,U(-1,1),1,4096,4096,128x128x64_w4_v6,SKIP,BN/WARPS != 16
MXFP4,BITSHIFT,U(-1,1),1,4096,4096,128x128x64_w4_v6,SKIP,BN/WARPS != 16
MXFP4,LUT,U(-1,1),1,4096,4096,128x64x64_w4_v6,SKIP,v6 only INT8 (A1 retry)
MXFP4,BITSHIFT,U(-1,1),1,4096,4096,128x64x64_w4_v6,SKIP,opt only LUT path
MXFP4,LUT,U(-1,1),1,4096,4096,64x128x64_w4_v6,SKIP,BN/WARPS != 16
MXFP4,BITSHIFT,U(-1,1),1,4096,4096,64x128x64_w4_v6,SKIP,BN/WARPS != 16
MXFP4,LUT,U(-1,1),1,4096,4096,64x64x64_w4_v6,SKIP,v6 only INT8 (A1 retry)
MXFP4,BITSHIFT,U(-1,1),1,4096,4096,64x64x64_w4_v6,SKIP,opt only LUT path
MXFP4,LUT,U(-1,1),1,4096,4096,64x128x32_w4_v7,SKIP,BN/WARPS != 16
MXFP4,BITSHIFT,U(-1,1),1,4096,4096,64x128x32_w4_v7,SKIP,BN/WARPS != 16
MXFP4,LUT,U(-1,1),1,4096,4096,64x64x32_w4_v7,SKIP,v7 only INT8 (B3 triple-buffer)
MXFP4,BITSHIFT,U(-1,1),1,4096,4096,64x64x32_w4_v7,SKIP,opt only LUT path
MXFP4,LUT,U(-1,1),1,4096,4096,32x128x32_w4_v7,SKIP,BN/WARPS != 16
MXFP4,BITSHIFT,U(-1,1),1,4096,4096,32x128x32_w4_v7,SKIP,BN/WARPS != 16
MXFP4,LUT,U(-1,1),1,4096,4096,32x64x32_w4_v7,SKIP,v7 only INT8 (B3 triple-buffer)
MXFP4,BITSHIFT,U(-1,1),1,4096,4096,32x64x32_w4_v7,SKIP,opt only LUT path
MXFP4,LUT,U(-1,1),16,4096,4096,16x64x32_w4,OK,ms=0.672,tflops=0.80,gbps=14.0,maxabs=1.548e-02,p99=9.417e-03,rel=1.858e-04
MXFP4,BITSHIFT,U(-1,1),16,4096,4096,16x64x32_w4,OK,ms=0.816,tflops=0.66,gbps=11.6,maxabs=1.549e-02,p99=9.416e-03,rel=1.858e-04
MXFP4,LUT,U(-1,1),16,4096,4096,16x128x32_w8,OK,ms=0.793,tflops=0.68,gbps=11.9,maxabs=1.548e-02,p99=9.417e-03,rel=1.858e-04
MXFP4,BITSHIFT,U(-1,1),16,4096,4096,16x128x32_w8,OK,ms=1.069,tflops=0.50,gbps=8.8,maxabs=1.549e-02,p99=9.416e-03,rel=1.858e-04
MXFP4,LUT,U(-1,1),16,4096,4096,16x128x32_w4f2,SKIP,BN/WARPS != 16
MXFP4,BITSHIFT,U(-1,1),16,4096,4096,16x128x32_w4f2,SKIP,BN/WARPS != 16
MXFP4,LUT,U(-1,1),16,4096,4096,16x256x32_w4f4,SKIP,BN/WARPS != 16
MXFP4,BITSHIFT,U(-1,1),16,4096,4096,16x256x32_w4f4,SKIP,BN/WARPS != 16
MXFP4,LUT,U(-1,1),16,4096,4096,128x64x32_w4_v1,SKIP,no template
MXFP4,BITSHIFT,U(-1,1),16,4096,4096,128x64x32_w4_v1,SKIP,opt only LUT path
MXFP4,LUT,U(-1,1),16,4096,4096,128x128x32_w4_v1,SKIP,BN/WARPS != 16
MXFP4,BITSHIFT,U(-1,1),16,4096,4096,128x128x32_w4_v1,SKIP,BN/WARPS != 16
MXFP4,LUT,U(-1,1),16,4096,4096,128x256x32_w4_v1,SKIP,BN/WARPS != 16
MXFP4,BITSHIFT,U(-1,1),16,4096,4096,128x256x32_w4_v1,SKIP,BN/WARPS != 16
MXFP4,LUT,U(-1,1),16,4096,4096,128x256x32_w8_v1,SKIP,BN/WARPS != 16
MXFP4,BITSHIFT,U(-1,1),16,4096,4096,128x256x32_w8_v1,SKIP,BN/WARPS != 16
MXFP4,LUT,U(-1,1),16,4096,4096,64x64x32_w4_v1,SKIP,no template
MXFP4,BITSHIFT,U(-1,1),16,4096,4096,64x64x32_w4_v1,SKIP,opt only LUT path
MXFP4,LUT,U(-1,1),16,4096,4096,64x128x32_w4_v1,SKIP,BN/WARPS != 16
MXFP4,BITSHIFT,U(-1,1),16,4096,4096,64x128x32_w4_v1,SKIP,BN/WARPS != 16
MXFP4,LUT,U(-1,1),16,4096,4096,128x64x32_w4_v2,OK,ms=0.615,tflops=0.87,gbps=15.4,maxabs=1.548e-02,p99=9.417e-03,rel=1.858e-04
MXFP4,BITSHIFT,U(-1,1),16,4096,4096,128x64x32_w4_v2,SKIP,opt only LUT path
MXFP4,LUT,U(-1,1),16,4096,4096,128x128x32_w4_v2,SKIP,BN/WARPS != 16
MXFP4,BITSHIFT,U(-1,1),16,4096,4096,128x128x32_w4_v2,SKIP,BN/WARPS != 16
MXFP4,LUT,U(-1,1),16,4096,4096,128x256x32_w4_v2,SKIP,BN/WARPS != 16
MXFP4,BITSHIFT,U(-1,1),16,4096,4096,128x256x32_w4_v2,SKIP,BN/WARPS != 16
MXFP4,LUT,U(-1,1),16,4096,4096,128x256x32_w8_v2,SKIP,BN/WARPS != 16
MXFP4,BITSHIFT,U(-1,1),16,4096,4096,128x256x32_w8_v2,SKIP,BN/WARPS != 16
MXFP4,LUT,U(-1,1),16,4096,4096,64x64x32_w4_v2,OK,ms=0.491,tflops=1.09,gbps=19.2,maxabs=1.548e-02,p99=9.417e-03,rel=1.858e-04
MXFP4,BITSHIFT,U(-1,1),16,4096,4096,64x64x32_w4_v2,SKIP,opt only LUT path
MXFP4,LUT,U(-1,1),16,4096,4096,64x128x32_w4_v2,SKIP,BN/WARPS != 16
MXFP4,BITSHIFT,U(-1,1),16,4096,4096,64x128x32_w4_v2,SKIP,BN/WARPS != 16
MXFP4,LUT,U(-1,1),16,4096,4096,128x64x32_w4_v3,OK,ms=0.409,tflops=1.31,gbps=23.1,maxabs=1.548e-02,p99=9.417e-03,rel=1.858e-04
MXFP4,BITSHIFT,U(-1,1),16,4096,4096,128x64x32_w4_v3,SKIP,opt only LUT path
MXFP4,LUT,U(-1,1),16,4096,4096,128x128x32_w4_v3,SKIP,BN/WARPS != 16
MXFP4,BITSHIFT,U(-1,1),16,4096,4096,128x128x32_w4_v3,SKIP,BN/WARPS != 16
MXFP4,LUT,U(-1,1),16,4096,4096,128x256x32_w8_v3,SKIP,BN/WARPS != 16
MXFP4,BITSHIFT,U(-1,1),16,4096,4096,128x256x32_w8_v3,SKIP,BN/WARPS != 16
MXFP4,LUT,U(-1,1),16,4096,4096,64x64x32_w4_v3,OK,ms=0.289,tflops=1.86,gbps=32.7,maxabs=1.548e-02,p99=9.417e-03,rel=1.858e-04
MXFP4,BITSHIFT,U(-1,1),16,4096,4096,64x64x32_w4_v3,SKIP,opt only LUT path
MXFP4,LUT,U(-1,1),16,4096,4096,64x128x32_w4_v3,SKIP,BN/WARPS != 16
MXFP4,BITSHIFT,U(-1,1),16,4096,4096,64x128x32_w4_v3,SKIP,BN/WARPS != 16
MXFP4,LUT,U(-1,1),16,4096,4096,32x128x32_w4_v3_b1,SKIP,BN/WARPS != 16
MXFP4,BITSHIFT,U(-1,1),16,4096,4096,32x128x32_w4_v3_b1,SKIP,BN/WARPS != 16
MXFP4,LUT,U(-1,1),16,4096,4096,32x64x32_w4_v3_b1,OK,ms=0.243,tflops=2.21,gbps=38.8,maxabs=1.548e-02,p99=9.417e-03,rel=1.858e-04
MXFP4,BITSHIFT,U(-1,1),16,4096,4096,32x64x32_w4_v3_b1,SKIP,opt only LUT path
MXFP4,LUT,U(-1,1),16,4096,4096,32x256x32_w8_v3_b1,SKIP,BN/WARPS != 16
MXFP4,BITSHIFT,U(-1,1),16,4096,4096,32x256x32_w8_v3_b1,SKIP,BN/WARPS != 16
MXFP4,LUT,U(-1,1),16,4096,4096,128x128x32_w8_v3_b1alt,SKIP,no template
MXFP4,BITSHIFT,U(-1,1),16,4096,4096,128x128x32_w8_v3_b1alt,SKIP,opt only LUT path
MXFP4,LUT,U(-1,1),16,4096,4096,64x128x32_w8_v3_b1alt,SKIP,no template
MXFP4,BITSHIFT,U(-1,1),16,4096,4096,64x128x32_w8_v3_b1alt,SKIP,opt only LUT path
MXFP4,LUT,U(-1,1),16,4096,4096,128x64x32_w4_v4,OK,ms=0.415,tflops=1.29,gbps=22.8,maxabs=1.548e-02,p99=9.417e-03,rel=1.858e-04
MXFP4,BITSHIFT,U(-1,1),16,4096,4096,128x64x32_w4_v4,SKIP,opt only LUT path
MXFP4,LUT,U(-1,1),16,4096,4096,128x128x32_w4_v4,SKIP,BN/WARPS != 16
MXFP4,BITSHIFT,U(-1,1),16,4096,4096,128x128x32_w4_v4,SKIP,BN/WARPS != 16
MXFP4,LUT,U(-1,1),16,4096,4096,64x64x32_w4_v4,OK,ms=0.301,tflops=1.78,gbps=31.3,maxabs=1.548e-02,p99=9.417e-03,rel=1.858e-04
MXFP4,BITSHIFT,U(-1,1),16,4096,4096,64x64x32_w4_v4,SKIP,opt only LUT path
MXFP4,LUT,U(-1,1),16,4096,4096,64x128x32_w4_v4,SKIP,BN/WARPS != 16
MXFP4,BITSHIFT,U(-1,1),16,4096,4096,64x128x32_w4_v4,SKIP,BN/WARPS != 16
MXFP4,LUT,U(-1,1),16,4096,4096,128x64x32_w4_v5,OK,ms=0.419,tflops=1.28,gbps=22.5,maxabs=1.548e-02,p99=9.417e-03,rel=1.858e-04
MXFP4,BITSHIFT,U(-1,1),16,4096,4096,128x64x32_w4_v5,SKIP,opt only LUT path
MXFP4,LUT,U(-1,1),16,4096,4096,128x128x32_w4_v5,SKIP,BN/WARPS != 16
MXFP4,BITSHIFT,U(-1,1),16,4096,4096,128x128x32_w4_v5,SKIP,BN/WARPS != 16
MXFP4,LUT,U(-1,1),16,4096,4096,64x64x32_w4_v5,OK,ms=0.301,tflops=1.78,gbps=31.4,maxabs=1.548e-02,p99=9.417e-03,rel=1.858e-04
MXFP4,BITSHIFT,U(-1,1),16,4096,4096,64x64x32_w4_v5,SKIP,opt only LUT path
MXFP4,LUT,U(-1,1),16,4096,4096,64x128x32_w4_v5,SKIP,BN/WARPS != 16
MXFP4,BITSHIFT,U(-1,1),16,4096,4096,64x128x32_w4_v5,SKIP,BN/WARPS != 16
MXFP4,LUT,U(-1,1),16,4096,4096,128x128x64_w4_v6,SKIP,BN/WARPS != 16
MXFP4,BITSHIFT,U(-1,1),16,4096,4096,128x128x64_w4_v6,SKIP,BN/WARPS != 16
MXFP4,LUT,U(-1,1),16,4096,4096,128x64x64_w4_v6,SKIP,v6 only INT8 (A1 retry)
MXFP4,BITSHIFT,U(-1,1),16,4096,4096,128x64x64_w4_v6,SKIP,opt only LUT path
MXFP4,LUT,U(-1,1),16,4096,4096,64x128x64_w4_v6,SKIP,BN/WARPS != 16
MXFP4,BITSHIFT,U(-1,1),16,4096,4096,64x128x64_w4_v6,SKIP,BN/WARPS != 16
MXFP4,LUT,U(-1,1),16,4096,4096,64x64x64_w4_v6,SKIP,v6 only INT8 (A1 retry)
MXFP4,BITSHIFT,U(-1,1),16,4096,4096,64x64x64_w4_v6,SKIP,opt only LUT path
MXFP4,LUT,U(-1,1),16,4096,4096,64x128x32_w4_v7,SKIP,BN/WARPS != 16
MXFP4,BITSHIFT,U(-1,1),16,4096,4096,64x128x32_w4_v7,SKIP,BN/WARPS != 16
MXFP4,LUT,U(-1,1),16,4096,4096,64x64x32_w4_v7,SKIP,v7 only INT8 (B3 triple-buffer)
MXFP4,BITSHIFT,U(-1,1),16,4096,4096,64x64x32_w4_v7,SKIP,opt only LUT path
MXFP4,LUT,U(-1,1),16,4096,4096,32x128x32_w4_v7,SKIP,BN/WARPS != 16
MXFP4,BITSHIFT,U(-1,1),16,4096,4096,32x128x32_w4_v7,SKIP,BN/WARPS != 16
MXFP4,LUT,U(-1,1),16,4096,4096,32x64x32_w4_v7,SKIP,v7 only INT8 (B3 triple-buffer)
MXFP4,BITSHIFT,U(-1,1),16,4096,4096,32x64x32_w4_v7,SKIP,opt only LUT path
MXFP4,LUT,U(-1,1),64,4096,4096,16x64x32_w4,OK,ms=0.802,tflops=2.68,gbps=13.7,maxabs=1.873e-02,p99=9.468e-03,rel=1.852e-04
MXFP4,BITSHIFT,U(-1,1),64,4096,4096,16x64x32_w4,OK,ms=1.131,tflops=1.90,gbps=9.7,maxabs=1.873e-02,p99=9.464e-03,rel=1.852e-04
MXFP4,LUT,U(-1,1),64,4096,4096,16x128x32_w8,OK,ms=0.829,tflops=2.59,gbps=13.3,maxabs=1.873e-02,p99=9.468e-03,rel=1.852e-04
MXFP4,BITSHIFT,U(-1,1),64,4096,4096,16x128x32_w8,OK,ms=1.263,tflops=1.70,gbps=8.7,maxabs=1.873e-02,p99=9.464e-03,rel=1.852e-04
MXFP4,LUT,U(-1,1),64,4096,4096,16x128x32_w4f2,SKIP,BN/WARPS != 16
MXFP4,BITSHIFT,U(-1,1),64,4096,4096,16x128x32_w4f2,SKIP,BN/WARPS != 16
MXFP4,LUT,U(-1,1),64,4096,4096,16x256x32_w4f4,SKIP,BN/WARPS != 16
MXFP4,BITSHIFT,U(-1,1),64,4096,4096,16x256x32_w4f4,SKIP,BN/WARPS != 16
MXFP4,LUT,U(-1,1),64,4096,4096,128x64x32_w4_v1,SKIP,no template
MXFP4,BITSHIFT,U(-1,1),64,4096,4096,128x64x32_w4_v1,SKIP,opt only LUT path
MXFP4,LUT,U(-1,1),64,4096,4096,128x128x32_w4_v1,SKIP,BN/WARPS != 16
MXFP4,BITSHIFT,U(-1,1),64,4096,4096,128x128x32_w4_v1,SKIP,BN/WARPS != 16
MXFP4,LUT,U(-1,1),64,4096,4096,128x256x32_w4_v1,SKIP,BN/WARPS != 16
MXFP4,BITSHIFT,U(-1,1),64,4096,4096,128x256x32_w4_v1,SKIP,BN/WARPS != 16
MXFP4,LUT,U(-1,1),64,4096,4096,128x256x32_w8_v1,SKIP,BN/WARPS != 16
MXFP4,BITSHIFT,U(-1,1),64,4096,4096,128x256x32_w8_v1,SKIP,BN/WARPS != 16
MXFP4,LUT,U(-1,1),64,4096,4096,64x64x32_w4_v1,SKIP,no template
MXFP4,BITSHIFT,U(-1,1),64,4096,4096,64x64x32_w4_v1,SKIP,opt only LUT path
MXFP4,LUT,U(-1,1),64,4096,4096,64x128x32_w4_v1,SKIP,BN/WARPS != 16
MXFP4,BITSHIFT,U(-1,1),64,4096,4096,64x128x32_w4_v1,SKIP,BN/WARPS != 16
MXFP4,LUT,U(-1,1),64,4096,4096,128x64x32_w4_v2,OK,ms=0.640,tflops=3.36,gbps=17.2,maxabs=1.873e-02,p99=9.468e-03,rel=1.852e-04
MXFP4,BITSHIFT,U(-1,1),64,4096,4096,128x64x32_w4_v2,SKIP,opt only LUT path
MXFP4,LUT,U(-1,1),64,4096,4096,128x128x32_w4_v2,SKIP,BN/WARPS != 16
MXFP4,BITSHIFT,U(-1,1),64,4096,4096,128x128x32_w4_v2,SKIP,BN/WARPS != 16
MXFP4,LUT,U(-1,1),64,4096,4096,128x256x32_w4_v2,SKIP,BN/WARPS != 16
MXFP4,BITSHIFT,U(-1,1),64,4096,4096,128x256x32_w4_v2,SKIP,BN/WARPS != 16
MXFP4,LUT,U(-1,1),64,4096,4096,128x256x32_w8_v2,SKIP,BN/WARPS != 16
MXFP4,BITSHIFT,U(-1,1),64,4096,4096,128x256x32_w8_v2,SKIP,BN/WARPS != 16
MXFP4,LUT,U(-1,1),64,4096,4096,64x64x32_w4_v2,OK,ms=0.513,tflops=4.19,gbps=21.5,maxabs=1.873e-02,p99=9.468e-03,rel=1.852e-04
MXFP4,BITSHIFT,U(-1,1),64,4096,4096,64x64x32_w4_v2,SKIP,opt only LUT path
MXFP4,LUT,U(-1,1),64,4096,4096,64x128x32_w4_v2,SKIP,BN/WARPS != 16
MXFP4,BITSHIFT,U(-1,1),64,4096,4096,64x128x32_w4_v2,SKIP,BN/WARPS != 16
MXFP4,LUT,U(-1,1),64,4096,4096,128x64x32_w4_v3,OK,ms=0.433,tflops=4.97,gbps=25.5,maxabs=1.873e-02,p99=9.468e-03,rel=1.852e-04
MXFP4,BITSHIFT,U(-1,1),64,4096,4096,128x64x32_w4_v3,SKIP,opt only LUT path
MXFP4,LUT,U(-1,1),64,4096,4096,128x128x32_w4_v3,SKIP,BN/WARPS != 16
MXFP4,BITSHIFT,U(-1,1),64,4096,4096,128x128x32_w4_v3,SKIP,BN/WARPS != 16
MXFP4,LUT,U(-1,1),64,4096,4096,128x256x32_w8_v3,SKIP,BN/WARPS != 16
MXFP4,BITSHIFT,U(-1,1),64,4096,4096,128x256x32_w8_v3,SKIP,BN/WARPS != 16
MXFP4,LUT,U(-1,1),64,4096,4096,64x64x32_w4_v3,OK,ms=0.313,tflops=6.85,gbps=35.1,maxabs=1.873e-02,p99=9.468e-03,rel=1.852e-04
MXFP4,BITSHIFT,U(-1,1),64,4096,4096,64x64x32_w4_v3,SKIP,opt only LUT path
MXFP4,LUT,U(-1,1),64,4096,4096,64x128x32_w4_v3,SKIP,BN/WARPS != 16
MXFP4,BITSHIFT,U(-1,1),64,4096,4096,64x128x32_w4_v3,SKIP,BN/WARPS != 16
MXFP4,LUT,U(-1,1),64,4096,4096,32x128x32_w4_v3_b1,SKIP,BN/WARPS != 16
MXFP4,BITSHIFT,U(-1,1),64,4096,4096,32x128x32_w4_v3_b1,SKIP,BN/WARPS != 16
MXFP4,LUT,U(-1,1),64,4096,4096,32x64x32_w4_v3_b1,OK,ms=0.298,tflops=7.20,gbps=36.9,maxabs=1.873e-02,p99=9.468e-03,rel=1.852e-04
MXFP4,BITSHIFT,U(-1,1),64,4096,4096,32x64x32_w4_v3_b1,SKIP,opt only LUT path
MXFP4,LUT,U(-1,1),64,4096,4096,32x256x32_w8_v3_b1,SKIP,BN/WARPS != 16
MXFP4,BITSHIFT,U(-1,1),64,4096,4096,32x256x32_w8_v3_b1,SKIP,BN/WARPS != 16
MXFP4,LUT,U(-1,1),64,4096,4096,128x128x32_w8_v3_b1alt,SKIP,no template
MXFP4,BITSHIFT,U(-1,1),64,4096,4096,128x128x32_w8_v3_b1alt,SKIP,opt only LUT path
MXFP4,LUT,U(-1,1),64,4096,4096,64x128x32_w8_v3_b1alt,SKIP,no template
MXFP4,BITSHIFT,U(-1,1),64,4096,4096,64x128x32_w8_v3_b1alt,SKIP,opt only LUT path
MXFP4,LUT,U(-1,1),64,4096,4096,128x64x32_w4_v4,OK,ms=0.435,tflops=4.93,gbps=25.3,maxabs=1.873e-02,p99=9.468e-03,rel=1.852e-04
MXFP4,BITSHIFT,U(-1,1),64,4096,4096,128x64x32_w4_v4,SKIP,opt only LUT path
MXFP4,LUT,U(-1,1),64,4096,4096,128x128x32_w4_v4,SKIP,BN/WARPS != 16
MXFP4,BITSHIFT,U(-1,1),64,4096,4096,128x128x32_w4_v4,SKIP,BN/WARPS != 16
MXFP4,LUT,U(-1,1),64,4096,4096,64x64x32_w4_v4,OK,ms=0.322,tflops=6.68,gbps=34.2,maxabs=1.873e-02,p99=9.468e-03,rel=1.852e-04
MXFP4,BITSHIFT,U(-1,1),64,4096,4096,64x64x32_w4_v4,SKIP,opt only LUT path
MXFP4,LUT,U(-1,1),64,4096,4096,64x128x32_w4_v4,SKIP,BN/WARPS != 16
MXFP4,BITSHIFT,U(-1,1),64,4096,4096,64x128x32_w4_v4,SKIP,BN/WARPS != 16
MXFP4,LUT,U(-1,1),64,4096,4096,128x64x32_w4_v5,OK,ms=0.439,tflops=4.89,gbps=25.1,maxabs=1.873e-02,p99=9.468e-03,rel=1.852e-04
MXFP4,BITSHIFT,U(-1,1),64,4096,4096,128x64x32_w4_v5,SKIP,opt only LUT path
MXFP4,LUT,U(-1,1),64,4096,4096,128x128x32_w4_v5,SKIP,BN/WARPS != 16
MXFP4,BITSHIFT,U(-1,1),64,4096,4096,128x128x32_w4_v5,SKIP,BN/WARPS != 16
MXFP4,LUT,U(-1,1),64,4096,4096,64x64x32_w4_v5,OK,ms=0.322,tflops=6.66,gbps=34.2,maxabs=1.873e-02,p99=9.468e-03,rel=1.852e-04
MXFP4,BITSHIFT,U(-1,1),64,4096,4096,64x64x32_w4_v5,SKIP,opt only LUT path
MXFP4,LUT,U(-1,1),64,4096,4096,64x128x32_w4_v5,SKIP,BN/WARPS != 16
MXFP4,BITSHIFT,U(-1,1),64,4096,4096,64x128x32_w4_v5,SKIP,BN/WARPS != 16
MXFP4,LUT,U(-1,1),64,4096,4096,128x128x64_w4_v6,SKIP,BN/WARPS != 16
MXFP4,BITSHIFT,U(-1,1),64,4096,4096,128x128x64_w4_v6,SKIP,BN/WARPS != 16
MXFP4,LUT,U(-1,1),64,4096,4096,128x64x64_w4_v6,SKIP,v6 only INT8 (A1 retry)
MXFP4,BITSHIFT,U(-1,1),64,4096,4096,128x64x64_w4_v6,SKIP,opt only LUT path
MXFP4,LUT,U(-1,1),64,4096,4096,64x128x64_w4_v6,SKIP,BN/WARPS != 16
MXFP4,BITSHIFT,U(-1,1),64,4096,4096,64x128x64_w4_v6,SKIP,BN/WARPS != 16
MXFP4,LUT,U(-1,1),64,4096,4096,64x64x64_w4_v6,SKIP,v6 only INT8 (A1 retry)
MXFP4,BITSHIFT,U(-1,1),64,4096,4096,64x64x64_w4_v6,SKIP,opt only LUT path
MXFP4,LUT,U(-1,1),64,4096,4096,64x128x32_w4_v7,SKIP,BN/WARPS != 16
MXFP4,BITSHIFT,U(-1,1),64,4096,4096,64x128x32_w4_v7,SKIP,BN/WARPS != 16
MXFP4,LUT,U(-1,1),64,4096,4096,64x64x32_w4_v7,SKIP,v7 only INT8 (B3 triple-buffer)
MXFP4,BITSHIFT,U(-1,1),64,4096,4096,64x64x32_w4_v7,SKIP,opt only LUT path
MXFP4,LUT,U(-1,1),64,4096,4096,32x128x32_w4_v7,SKIP,BN/WARPS != 16
MXFP4,BITSHIFT,U(-1,1),64,4096,4096,32x128x32_w4_v7,SKIP,BN/WARPS != 16
MXFP4,LUT,U(-1,1),64,4096,4096,32x64x32_w4_v7,SKIP,v7 only INT8 (B3 triple-buffer)
MXFP4,BITSHIFT,U(-1,1),64,4096,4096,32x64x32_w4_v7,SKIP,opt only LUT path
MXFP4,LUT,U(-1,1),128,4096,4096,16x64x32_w4,OK,ms=1.012,tflops=4.24,gbps=13.0,maxabs=1.872e-02,p99=9.602e-03,rel=1.852e-04
MXFP4,BITSHIFT,U(-1,1),128,4096,4096,16x64x32_w4,OK,ms=1.545,tflops=2.78,gbps=8.5,maxabs=1.872e-02,p99=9.604e-03,rel=1.852e-04
MXFP4,LUT,U(-1,1),128,4096,4096,16x128x32_w8,OK,ms=1.123,tflops=3.83,gbps=11.7,maxabs=1.872e-02,p99=9.602e-03,rel=1.852e-04
MXFP4,BITSHIFT,U(-1,1),128,4096,4096,16x128x32_w8,OK,ms=1.821,tflops=2.36,gbps=7.2,maxabs=1.872e-02,p99=9.604e-03,rel=1.852e-04
MXFP4,LUT,U(-1,1),128,4096,4096,16x128x32_w4f2,SKIP,BN/WARPS != 16
MXFP4,BITSHIFT,U(-1,1),128,4096,4096,16x128x32_w4f2,SKIP,BN/WARPS != 16
MXFP4,LUT,U(-1,1),128,4096,4096,16x256x32_w4f4,SKIP,BN/WARPS != 16
MXFP4,BITSHIFT,U(-1,1),128,4096,4096,16x256x32_w4f4,SKIP,BN/WARPS != 16
MXFP4,LUT,U(-1,1),128,4096,4096,128x64x32_w4_v1,SKIP,no template
MXFP4,BITSHIFT,U(-1,1),128,4096,4096,128x64x32_w4_v1,SKIP,opt only LUT path
MXFP4,LUT,U(-1,1),128,4096,4096,128x128x32_w4_v1,SKIP,BN/WARPS != 16
MXFP4,BITSHIFT,U(-1,1),128,4096,4096,128x128x32_w4_v1,SKIP,BN/WARPS != 16
MXFP4,LUT,U(-1,1),128,4096,4096,128x256x32_w4_v1,SKIP,BN/WARPS != 16
MXFP4,BITSHIFT,U(-1,1),128,4096,4096,128x256x32_w4_v1,SKIP,BN/WARPS != 16
MXFP4,LUT,U(-1,1),128,4096,4096,128x256x32_w8_v1,SKIP,BN/WARPS != 16
MXFP4,BITSHIFT,U(-1,1),128,4096,4096,128x256x32_w8_v1,SKIP,BN/WARPS != 16
MXFP4,LUT,U(-1,1),128,4096,4096,64x64x32_w4_v1,SKIP,no template
MXFP4,BITSHIFT,U(-1,1),128,4096,4096,64x64x32_w4_v1,SKIP,opt only LUT path
MXFP4,LUT,U(-1,1),128,4096,4096,64x128x32_w4_v1,SKIP,BN/WARPS != 16
MXFP4,BITSHIFT,U(-1,1),128,4096,4096,64x128x32_w4_v1,SKIP,BN/WARPS != 16
MXFP4,LUT,U(-1,1),128,4096,4096,128x64x32_w4_v2,OK,ms=0.693,tflops=6.19,gbps=18.9,maxabs=1.872e-02,p99=9.602e-03,rel=1.852e-04
MXFP4,BITSHIFT,U(-1,1),128,4096,4096,128x64x32_w4_v2,SKIP,opt only LUT path
MXFP4,LUT,U(-1,1),128,4096,4096,128x128x32_w4_v2,SKIP,BN/WARPS != 16
MXFP4,BITSHIFT,U(-1,1),128,4096,4096,128x128x32_w4_v2,SKIP,BN/WARPS != 16
MXFP4,LUT,U(-1,1),128,4096,4096,128x256x32_w4_v2,SKIP,BN/WARPS != 16
MXFP4,BITSHIFT,U(-1,1),128,4096,4096,128x256x32_w4_v2,SKIP,BN/WARPS != 16
MXFP4,LUT,U(-1,1),128,4096,4096,128x256x32_w8_v2,SKIP,BN/WARPS != 16
MXFP4,BITSHIFT,U(-1,1),128,4096,4096,128x256x32_w8_v2,SKIP,BN/WARPS != 16
MXFP4,LUT,U(-1,1),128,4096,4096,64x64x32_w4_v2,OK,ms=0.580,tflops=7.41,gbps=22.6,maxabs=1.872e-02,p99=9.602e-03,rel=1.852e-04
MXFP4,BITSHIFT,U(-1,1),128,4096,4096,64x64x32_w4_v2,SKIP,opt only LUT path
MXFP4,LUT,U(-1,1),128,4096,4096,64x128x32_w4_v2,SKIP,BN/WARPS != 16
MXFP4,BITSHIFT,U(-1,1),128,4096,4096,64x128x32_w4_v2,SKIP,BN/WARPS != 16
MXFP4,LUT,U(-1,1),128,4096,4096,128x64x32_w4_v3,OK,ms=0.492,tflops=8.73,gbps=26.6,maxabs=1.872e-02,p99=9.602e-03,rel=1.852e-04
MXFP4,BITSHIFT,U(-1,1),128,4096,4096,128x64x32_w4_v3,SKIP,opt only LUT path
MXFP4,LUT,U(-1,1),128,4096,4096,128x128x32_w4_v3,SKIP,BN/WARPS != 16
MXFP4,BITSHIFT,U(-1,1),128,4096,4096,128x128x32_w4_v3,SKIP,BN/WARPS != 16
MXFP4,LUT,U(-1,1),128,4096,4096,128x256x32_w8_v3,SKIP,BN/WARPS != 16
MXFP4,BITSHIFT,U(-1,1),128,4096,4096,128x256x32_w8_v3,SKIP,BN/WARPS != 16
MXFP4,LUT,U(-1,1),128,4096,4096,64x64x32_w4_v3,OK,ms=0.373,tflops=11.51,gbps=35.1,maxabs=1.872e-02,p99=9.602e-03,rel=1.852e-04
MXFP4,BITSHIFT,U(-1,1),128,4096,4096,64x64x32_w4_v3,SKIP,opt only LUT path
MXFP4,LUT,U(-1,1),128,4096,4096,64x128x32_w4_v3,SKIP,BN/WARPS != 16
MXFP4,BITSHIFT,U(-1,1),128,4096,4096,64x128x32_w4_v3,SKIP,BN/WARPS != 16
MXFP4,LUT,U(-1,1),128,4096,4096,32x128x32_w4_v3_b1,SKIP,BN/WARPS != 16
MXFP4,BITSHIFT,U(-1,1),128,4096,4096,32x128x32_w4_v3_b1,SKIP,BN/WARPS != 16
MXFP4,LUT,U(-1,1),128,4096,4096,32x64x32_w4_v3_b1,OK,ms=0.418,tflops=10.28,gbps=31.4,maxabs=1.872e-02,p99=9.602e-03,rel=1.852e-04
MXFP4,BITSHIFT,U(-1,1),128,4096,4096,32x64x32_w4_v3_b1,SKIP,opt only LUT path
MXFP4,LUT,U(-1,1),128,4096,4096,32x256x32_w8_v3_b1,SKIP,BN/WARPS != 16
MXFP4,BITSHIFT,U(-1,1),128,4096,4096,32x256x32_w8_v3_b1,SKIP,BN/WARPS != 16
MXFP4,LUT,U(-1,1),128,4096,4096,128x128x32_w8_v3_b1alt,SKIP,no template
MXFP4,BITSHIFT,U(-1,1),128,4096,4096,128x128x32_w8_v3_b1alt,SKIP,opt only LUT path
MXFP4,LUT,U(-1,1),128,4096,4096,64x128x32_w8_v3_b1alt,SKIP,no template
MXFP4,BITSHIFT,U(-1,1),128,4096,4096,64x128x32_w8_v3_b1alt,SKIP,opt only LUT path
MXFP4,LUT,U(-1,1),128,4096,4096,128x64x32_w4_v4,OK,ms=0.494,tflops=8.69,gbps=26.5,maxabs=1.872e-02,p99=9.602e-03,rel=1.852e-04
MXFP4,BITSHIFT,U(-1,1),128,4096,4096,128x64x32_w4_v4,SKIP,opt only LUT path
MXFP4,LUT,U(-1,1),128,4096,4096,128x128x32_w4_v4,SKIP,BN/WARPS != 16
MXFP4,BITSHIFT,U(-1,1),128,4096,4096,128x128x32_w4_v4,SKIP,BN/WARPS != 16
MXFP4,LUT,U(-1,1),128,4096,4096,64x64x32_w4_v4,OK,ms=0.390,tflops=11.00,gbps=33.6,maxabs=1.872e-02,p99=9.602e-03,rel=1.852e-04
MXFP4,BITSHIFT,U(-1,1),128,4096,4096,64x64x32_w4_v4,SKIP,opt only LUT path
MXFP4,LUT,U(-1,1),128,4096,4096,64x128x32_w4_v4,SKIP,BN/WARPS != 16
MXFP4,BITSHIFT,U(-1,1),128,4096,4096,64x128x32_w4_v4,SKIP,BN/WARPS != 16
MXFP4,LUT,U(-1,1),128,4096,4096,128x64x32_w4_v5,OK,ms=0.504,tflops=8.51,gbps=26.0,maxabs=1.872e-02,p99=9.602e-03,rel=1.852e-04
MXFP4,BITSHIFT,U(-1,1),128,4096,4096,128x64x32_w4_v5,SKIP,opt only LUT path
MXFP4,LUT,U(-1,1),128,4096,4096,128x128x32_w4_v5,SKIP,BN/WARPS != 16
MXFP4,BITSHIFT,U(-1,1),128,4096,4096,128x128x32_w4_v5,SKIP,BN/WARPS != 16
MXFP4,LUT,U(-1,1),128,4096,4096,64x64x32_w4_v5,OK,ms=0.399,tflops=10.75,gbps=32.8,maxabs=1.872e-02,p99=9.602e-03,rel=1.852e-04
MXFP4,BITSHIFT,U(-1,1),128,4096,4096,64x64x32_w4_v5,SKIP,opt only LUT path
MXFP4,LUT,U(-1,1),128,4096,4096,64x128x32_w4_v5,SKIP,BN/WARPS != 16
MXFP4,BITSHIFT,U(-1,1),128,4096,4096,64x128x32_w4_v5,SKIP,BN/WARPS != 16
MXFP4,LUT,U(-1,1),128,4096,4096,128x128x64_w4_v6,SKIP,BN/WARPS != 16
MXFP4,BITSHIFT,U(-1,1),128,4096,4096,128x128x64_w4_v6,SKIP,BN/WARPS != 16
MXFP4,LUT,U(-1,1),128,4096,4096,128x64x64_w4_v6,SKIP,v6 only INT8 (A1 retry)
MXFP4,BITSHIFT,U(-1,1),128,4096,4096,128x64x64_w4_v6,SKIP,opt only LUT path
MXFP4,LUT,U(-1,1),128,4096,4096,64x128x64_w4_v6,SKIP,BN/WARPS != 16
MXFP4,BITSHIFT,U(-1,1),128,4096,4096,64x128x64_w4_v6,SKIP,BN/WARPS != 16
MXFP4,LUT,U(-1,1),128,4096,4096,64x64x64_w4_v6,SKIP,v6 only INT8 (A1 retry)
MXFP4,BITSHIFT,U(-1,1),128,4096,4096,64x64x64_w4_v6,SKIP,opt only LUT path
MXFP4,LUT,U(-1,1),128,4096,4096,64x128x32_w4_v7,SKIP,BN/WARPS != 16
MXFP4,BITSHIFT,U(-1,1),128,4096,4096,64x128x32_w4_v7,SKIP,BN/WARPS != 16
MXFP4,LUT,U(-1,1),128,4096,4096,64x64x32_w4_v7,SKIP,v7 only INT8 (B3 triple-buffer)
MXFP4,BITSHIFT,U(-1,1),128,4096,4096,64x64x32_w4_v7,SKIP,opt only LUT path
MXFP4,LUT,U(-1,1),128,4096,4096,32x128x32_w4_v7,SKIP,BN/WARPS != 16
MXFP4,BITSHIFT,U(-1,1),128,4096,4096,32x128x32_w4_v7,SKIP,BN/WARPS != 16
MXFP4,LUT,U(-1,1),128,4096,4096,32x64x32_w4_v7,SKIP,v7 only INT8 (B3 triple-buffer)
MXFP4,BITSHIFT,U(-1,1),128,4096,4096,32x64x32_w4_v7,SKIP,opt only LUT path
MXFP4,LUT,U(-1,1),256,4096,4096,16x64x32_w4,OK,ms=2.139,tflops=4.02,gbps=8.1,maxabs=1.872e-02,p99=9.347e-03,rel=1.849e-04
MXFP4,BITSHIFT,U(-1,1),256,4096,4096,16x64x32_w4,OK,ms=3.385,tflops=2.54,gbps=5.1,maxabs=1.872e-02,p99=9.344e-03,rel=1.849e-04
MXFP4,LUT,U(-1,1),256,4096,4096,16x128x32_w8,OK,ms=2.252,tflops=3.81,gbps=7.7,maxabs=1.872e-02,p99=9.347e-03,rel=1.849e-04
MXFP4,BITSHIFT,U(-1,1),256,4096,4096,16x128x32_w8,OK,ms=3.669,tflops=2.34,gbps=4.7,maxabs=1.872e-02,p99=9.344e-03,rel=1.849e-04
MXFP4,LUT,U(-1,1),256,4096,4096,16x128x32_w4f2,SKIP,BN/WARPS != 16
MXFP4,BITSHIFT,U(-1,1),256,4096,4096,16x128x32_w4f2,SKIP,BN/WARPS != 16
MXFP4,LUT,U(-1,1),256,4096,4096,16x256x32_w4f4,SKIP,BN/WARPS != 16
MXFP4,BITSHIFT,U(-1,1),256,4096,4096,16x256x32_w4f4,SKIP,BN/WARPS != 16
MXFP4,LUT,U(-1,1),256,4096,4096,128x64x32_w4_v1,SKIP,no template
MXFP4,BITSHIFT,U(-1,1),256,4096,4096,128x64x32_w4_v1,SKIP,opt only LUT path
MXFP4,LUT,U(-1,1),256,4096,4096,128x128x32_w4_v1,SKIP,BN/WARPS != 16
MXFP4,BITSHIFT,U(-1,1),256,4096,4096,128x128x32_w4_v1,SKIP,BN/WARPS != 16
MXFP4,LUT,U(-1,1),256,4096,4096,128x256x32_w4_v1,SKIP,BN/WARPS != 16
MXFP4,BITSHIFT,U(-1,1),256,4096,4096,128x256x32_w4_v1,SKIP,BN/WARPS != 16
MXFP4,LUT,U(-1,1),256,4096,4096,128x256x32_w8_v1,SKIP,BN/WARPS != 16
MXFP4,BITSHIFT,U(-1,1),256,4096,4096,128x256x32_w8_v1,SKIP,BN/WARPS != 16
MXFP4,LUT,U(-1,1),256,4096,4096,64x64x32_w4_v1,SKIP,no template
MXFP4,BITSHIFT,U(-1,1),256,4096,4096,64x64x32_w4_v1,SKIP,opt only LUT path
MXFP4,LUT,U(-1,1),256,4096,4096,64x128x32_w4_v1,SKIP,BN/WARPS != 16
MXFP4,BITSHIFT,U(-1,1),256,4096,4096,64x128x32_w4_v1,SKIP,BN/WARPS != 16
MXFP4,LUT,U(-1,1),256,4096,4096,128x64x32_w4_v2,OK,ms=0.836,tflops=10.27,gbps=20.7,maxabs=1.872e-02,p99=9.347e-03,rel=1.849e-04
MXFP4,BITSHIFT,U(-1,1),256,4096,4096,128x64x32_w4_v2,SKIP,opt only LUT path
MXFP4,LUT,U(-1,1),256,4096,4096,128x128x32_w4_v2,SKIP,BN/WARPS != 16
MXFP4,BITSHIFT,U(-1,1),256,4096,4096,128x128x32_w4_v2,SKIP,BN/WARPS != 16
MXFP4,LUT,U(-1,1),256,4096,4096,128x256x32_w4_v2,SKIP,BN/WARPS != 16
MXFP4,BITSHIFT,U(-1,1),256,4096,4096,128x256x32_w4_v2,SKIP,BN/WARPS != 16
MXFP4,LUT,U(-1,1),256,4096,4096,128x256x32_w8_v2,SKIP,BN/WARPS != 16
MXFP4,BITSHIFT,U(-1,1),256,4096,4096,128x256x32_w8_v2,SKIP,BN/WARPS != 16
MXFP4,LUT,U(-1,1),256,4096,4096,64x64x32_w4_v2,OK,ms=0.716,tflops=12.00,gbps=24.2,maxabs=1.872e-02,p99=9.347e-03,rel=1.849e-04
MXFP4,BITSHIFT,U(-1,1),256,4096,4096,64x64x32_w4_v2,SKIP,opt only LUT path
MXFP4,LUT,U(-1,1),256,4096,4096,64x128x32_w4_v2,SKIP,BN/WARPS != 16
MXFP4,BITSHIFT,U(-1,1),256,4096,4096,64x128x32_w4_v2,SKIP,BN/WARPS != 16
MXFP4,LUT,U(-1,1),256,4096,4096,128x64x32_w4_v3,OK,ms=0.620,tflops=13.86,gbps=27.9,maxabs=1.872e-02,p99=9.347e-03,rel=1.849e-04
MXFP4,BITSHIFT,U(-1,1),256,4096,4096,128x64x32_w4_v3,SKIP,opt only LUT path
MXFP4,LUT,U(-1,1),256,4096,4096,128x128x32_w4_v3,SKIP,BN/WARPS != 16
MXFP4,BITSHIFT,U(-1,1),256,4096,4096,128x128x32_w4_v3,SKIP,BN/WARPS != 16
MXFP4,LUT,U(-1,1),256,4096,4096,128x256x32_w8_v3,SKIP,BN/WARPS != 16
MXFP4,BITSHIFT,U(-1,1),256,4096,4096,128x256x32_w8_v3,SKIP,BN/WARPS != 16
MXFP4,LUT,U(-1,1),256,4096,4096,64x64x32_w4_v3,OK,ms=0.608,tflops=14.12,gbps=28.4,maxabs=1.872e-02,p99=9.347e-03,rel=1.849e-04
MXFP4,BITSHIFT,U(-1,1),256,4096,4096,64x64x32_w4_v3,SKIP,opt only LUT path
MXFP4,LUT,U(-1,1),256,4096,4096,64x128x32_w4_v3,SKIP,BN/WARPS != 16
MXFP4,BITSHIFT,U(-1,1),256,4096,4096,64x128x32_w4_v3,SKIP,BN/WARPS != 16
MXFP4,LUT,U(-1,1),256,4096,4096,32x128x32_w4_v3_b1,SKIP,BN/WARPS != 16
MXFP4,BITSHIFT,U(-1,1),256,4096,4096,32x128x32_w4_v3_b1,SKIP,BN/WARPS != 16
MXFP4,LUT,U(-1,1),256,4096,4096,32x64x32_w4_v3_b1,OK,ms=0.883,tflops=9.73,gbps=19.6,maxabs=1.872e-02,p99=9.347e-03,rel=1.849e-04
MXFP4,BITSHIFT,U(-1,1),256,4096,4096,32x64x32_w4_v3_b1,SKIP,opt only LUT path
MXFP4,LUT,U(-1,1),256,4096,4096,32x256x32_w8_v3_b1,SKIP,BN/WARPS != 16
MXFP4,BITSHIFT,U(-1,1),256,4096,4096,32x256x32_w8_v3_b1,SKIP,BN/WARPS != 16
MXFP4,LUT,U(-1,1),256,4096,4096,128x128x32_w8_v3_b1alt,SKIP,no template
MXFP4,BITSHIFT,U(-1,1),256,4096,4096,128x128x32_w8_v3_b1alt,SKIP,opt only LUT path
MXFP4,LUT,U(-1,1),256,4096,4096,64x128x32_w8_v3_b1alt,SKIP,no template
MXFP4,BITSHIFT,U(-1,1),256,4096,4096,64x128x32_w8_v3_b1alt,SKIP,opt only LUT path
MXFP4,LUT,U(-1,1),256,4096,4096,128x64x32_w4_v4,OK,ms=0.617,tflops=13.92,gbps=28.0,maxabs=1.872e-02,p99=9.347e-03,rel=1.849e-04
MXFP4,BITSHIFT,U(-1,1),256,4096,4096,128x64x32_w4_v4,SKIP,opt only LUT path
MXFP4,LUT,U(-1,1),256,4096,4096,128x128x32_w4_v4,SKIP,BN/WARPS != 16
MXFP4,BITSHIFT,U(-1,1),256,4096,4096,128x128x32_w4_v4,SKIP,BN/WARPS != 16
MXFP4,LUT,U(-1,1),256,4096,4096,64x64x32_w4_v4,OK,ms=0.619,tflops=13.87,gbps=27.9,maxabs=1.872e-02,p99=9.347e-03,rel=1.849e-04
MXFP4,BITSHIFT,U(-1,1),256,4096,4096,64x64x32_w4_v4,SKIP,opt only LUT path
MXFP4,LUT,U(-1,1),256,4096,4096,64x128x32_w4_v4,SKIP,BN/WARPS != 16
MXFP4,BITSHIFT,U(-1,1),256,4096,4096,64x128x32_w4_v4,SKIP,BN/WARPS != 16
MXFP4,LUT,U(-1,1),256,4096,4096,128x64x32_w4_v5,OK,ms=0.625,tflops=13.75,gbps=27.7,maxabs=1.872e-02,p99=9.347e-03,rel=1.849e-04
MXFP4,BITSHIFT,U(-1,1),256,4096,4096,128x64x32_w4_v5,SKIP,opt only LUT path
MXFP4,LUT,U(-1,1),256,4096,4096,128x128x32_w4_v5,SKIP,BN/WARPS != 16
MXFP4,BITSHIFT,U(-1,1),256,4096,4096,128x128x32_w4_v5,SKIP,BN/WARPS != 16
MXFP4,LUT,U(-1,1),256,4096,4096,64x64x32_w4_v5,OK,ms=0.800,tflops=10.74,gbps=21.6,maxabs=1.872e-02,p99=9.347e-03,rel=1.849e-04
MXFP4,BITSHIFT,U(-1,1),256,4096,4096,64x64x32_w4_v5,SKIP,opt only LUT path
MXFP4,LUT,U(-1,1),256,4096,4096,64x128x32_w4_v5,SKIP,BN/WARPS != 16
MXFP4,BITSHIFT,U(-1,1),256,4096,4096,64x128x32_w4_v5,SKIP,BN/WARPS != 16
MXFP4,LUT,U(-1,1),256,4096,4096,128x128x64_w4_v6,SKIP,BN/WARPS != 16
MXFP4,BITSHIFT,U(-1,1),256,4096,4096,128x128x64_w4_v6,SKIP,BN/WARPS != 16
MXFP4,LUT,U(-1,1),256,4096,4096,128x64x64_w4_v6,SKIP,v6 only INT8 (A1 retry)
MXFP4,BITSHIFT,U(-1,1),256,4096,4096,128x64x64_w4_v6,SKIP,opt only LUT path
MXFP4,LUT,U(-1,1),256,4096,4096,64x128x64_w4_v6,SKIP,BN/WARPS != 16
MXFP4,BITSHIFT,U(-1,1),256,4096,4096,64x128x64_w4_v6,SKIP,BN/WARPS != 16
MXFP4,LUT,U(-1,1),256,4096,4096,64x64x64_w4_v6,SKIP,v6 only INT8 (A1 retry)
MXFP4,BITSHIFT,U(-1,1),256,4096,4096,64x64x64_w4_v6,SKIP,opt only LUT path
MXFP4,LUT,U(-1,1),256,4096,4096,64x128x32_w4_v7,SKIP,BN/WARPS != 16
MXFP4,BITSHIFT,U(-1,1),256,4096,4096,64x128x32_w4_v7,SKIP,BN/WARPS != 16
MXFP4,LUT,U(-1,1),256,4096,4096,64x64x32_w4_v7,SKIP,v7 only INT8 (B3 triple-buffer)
MXFP4,BITSHIFT,U(-1,1),256,4096,4096,64x64x32_w4_v7,SKIP,opt only LUT path
MXFP4,LUT,U(-1,1),256,4096,4096,32x128x32_w4_v7,SKIP,BN/WARPS != 16
MXFP4,BITSHIFT,U(-1,1),256,4096,4096,32x128x32_w4_v7,SKIP,BN/WARPS != 16
MXFP4,LUT,U(-1,1),256,4096,4096,32x64x32_w4_v7,SKIP,v7 only INT8 (B3 triple-buffer)
MXFP4,BITSHIFT,U(-1,1),256,4096,4096,32x64x32_w4_v7,SKIP,opt only LUT path
MXFP4,LUT,U(-1,1),512,4096,4096,16x64x32_w4,OK,ms=3.605,tflops=4.77,gbps=7.1,maxabs=1.873e-02,p99=9.374e-03,rel=1.848e-04
MXFP4,BITSHIFT,U(-1,1),512,4096,4096,16x64x32_w4,OK,ms=6.257,tflops=2.75,gbps=4.1,maxabs=1.873e-02,p99=9.375e-03,rel=1.848e-04
MXFP4,LUT,U(-1,1),512,4096,4096,16x128x32_w8,OK,ms=4.316,tflops=3.98,gbps=6.0,maxabs=1.873e-02,p99=9.374e-03,rel=1.848e-04
MXFP4,BITSHIFT,U(-1,1),512,4096,4096,16x128x32_w8,OK,ms=6.913,tflops=2.49,gbps=3.7,maxabs=1.873e-02,p99=9.375e-03,rel=1.848e-04
MXFP4,LUT,U(-1,1),512,4096,4096,16x128x32_w4f2,SKIP,BN/WARPS != 16
MXFP4,BITSHIFT,U(-1,1),512,4096,4096,16x128x32_w4f2,SKIP,BN/WARPS != 16
MXFP4,LUT,U(-1,1),512,4096,4096,16x256x32_w4f4,SKIP,BN/WARPS != 16
MXFP4,BITSHIFT,U(-1,1),512,4096,4096,16x256x32_w4f4,SKIP,BN/WARPS != 16
MXFP4,LUT,U(-1,1),512,4096,4096,128x64x32_w4_v1,SKIP,no template
MXFP4,BITSHIFT,U(-1,1),512,4096,4096,128x64x32_w4_v1,SKIP,opt only LUT path
MXFP4,LUT,U(-1,1),512,4096,4096,128x128x32_w4_v1,SKIP,BN/WARPS != 16
MXFP4,BITSHIFT,U(-1,1),512,4096,4096,128x128x32_w4_v1,SKIP,BN/WARPS != 16
MXFP4,LUT,U(-1,1),512,4096,4096,128x256x32_w4_v1,SKIP,BN/WARPS != 16
MXFP4,BITSHIFT,U(-1,1),512,4096,4096,128x256x32_w4_v1,SKIP,BN/WARPS != 16
MXFP4,LUT,U(-1,1),512,4096,4096,128x256x32_w8_v1,SKIP,BN/WARPS != 16
MXFP4,BITSHIFT,U(-1,1),512,4096,4096,128x256x32_w8_v1,SKIP,BN/WARPS != 16
MXFP4,LUT,U(-1,1),512,4096,4096,64x64x32_w4_v1,SKIP,no template
MXFP4,BITSHIFT,U(-1,1),512,4096,4096,64x64x32_w4_v1,SKIP,opt only LUT path
MXFP4,LUT,U(-1,1),512,4096,4096,64x128x32_w4_v1,SKIP,BN/WARPS != 16
MXFP4,BITSHIFT,U(-1,1),512,4096,4096,64x128x32_w4_v1,SKIP,BN/WARPS != 16
MXFP4,LUT,U(-1,1),512,4096,4096,128x64x32_w4_v2,OK,ms=1.082,tflops=15.88,gbps=23.7,maxabs=1.873e-02,p99=9.374e-03,rel=1.848e-04
MXFP4,BITSHIFT,U(-1,1),512,4096,4096,128x64x32_w4_v2,SKIP,opt only LUT path
MXFP4,LUT,U(-1,1),512,4096,4096,128x128x32_w4_v2,SKIP,BN/WARPS != 16
MXFP4,BITSHIFT,U(-1,1),512,4096,4096,128x128x32_w4_v2,SKIP,BN/WARPS != 16
MXFP4,LUT,U(-1,1),512,4096,4096,128x256x32_w4_v2,SKIP,BN/WARPS != 16
MXFP4,BITSHIFT,U(-1,1),512,4096,4096,128x256x32_w4_v2,SKIP,BN/WARPS != 16
MXFP4,LUT,U(-1,1),512,4096,4096,128x256x32_w8_v2,SKIP,BN/WARPS != 16
MXFP4,BITSHIFT,U(-1,1),512,4096,4096,128x256x32_w8_v2,SKIP,BN/WARPS != 16
MXFP4,LUT,U(-1,1),512,4096,4096,64x64x32_w4_v2,OK,ms=1.431,tflops=12.01,gbps=18.0,maxabs=1.873e-02,p99=9.374e-03,rel=1.848e-04
MXFP4,BITSHIFT,U(-1,1),512,4096,4096,64x64x32_w4_v2,SKIP,opt only LUT path
MXFP4,LUT,U(-1,1),512,4096,4096,64x128x32_w4_v2,SKIP,BN/WARPS != 16
MXFP4,BITSHIFT,U(-1,1),512,4096,4096,64x128x32_w4_v2,SKIP,BN/WARPS != 16
MXFP4,LUT,U(-1,1),512,4096,4096,128x64x32_w4_v3,OK,ms=1.564,tflops=10.98,gbps=16.4,maxabs=1.873e-02,p99=9.374e-03,rel=1.848e-04
MXFP4,BITSHIFT,U(-1,1),512,4096,4096,128x64x32_w4_v3,SKIP,opt only LUT path
MXFP4,LUT,U(-1,1),512,4096,4096,128x128x32_w4_v3,SKIP,BN/WARPS != 16
MXFP4,BITSHIFT,U(-1,1),512,4096,4096,128x128x32_w4_v3,SKIP,BN/WARPS != 16
MXFP4,LUT,U(-1,1),512,4096,4096,128x256x32_w8_v3,SKIP,BN/WARPS != 16
MXFP4,BITSHIFT,U(-1,1),512,4096,4096,128x256x32_w8_v3,SKIP,BN/WARPS != 16
MXFP4,LUT,U(-1,1),512,4096,4096,64x64x32_w4_v3,OK,ms=1.206,tflops=14.25,gbps=21.3,maxabs=1.873e-02,p99=9.374e-03,rel=1.848e-04
MXFP4,BITSHIFT,U(-1,1),512,4096,4096,64x64x32_w4_v3,SKIP,opt only LUT path
MXFP4,LUT,U(-1,1),512,4096,4096,64x128x32_w4_v3,SKIP,BN/WARPS != 16
MXFP4,BITSHIFT,U(-1,1),512,4096,4096,64x128x32_w4_v3,SKIP,BN/WARPS != 16
MXFP4,LUT,U(-1,1),512,4096,4096,32x128x32_w4_v3_b1,SKIP,BN/WARPS != 16
MXFP4,BITSHIFT,U(-1,1),512,4096,4096,32x128x32_w4_v3_b1,SKIP,BN/WARPS != 16
MXFP4,LUT,U(-1,1),512,4096,4096,32x64x32_w4_v3_b1,OK,ms=1.485,tflops=11.57,gbps=17.3,maxabs=1.873e-02,p99=9.374e-03,rel=1.848e-04
MXFP4,BITSHIFT,U(-1,1),512,4096,4096,32x64x32_w4_v3_b1,SKIP,opt only LUT path
MXFP4,LUT,U(-1,1),512,4096,4096,32x256x32_w8_v3_b1,SKIP,BN/WARPS != 16
MXFP4,BITSHIFT,U(-1,1),512,4096,4096,32x256x32_w8_v3_b1,SKIP,BN/WARPS != 16
MXFP4,LUT,U(-1,1),512,4096,4096,128x128x32_w8_v3_b1alt,SKIP,no template
MXFP4,BITSHIFT,U(-1,1),512,4096,4096,128x128x32_w8_v3_b1alt,SKIP,opt only LUT path
MXFP4,LUT,U(-1,1),512,4096,4096,64x128x32_w8_v3_b1alt,SKIP,no template
MXFP4,BITSHIFT,U(-1,1),512,4096,4096,64x128x32_w8_v3_b1alt,SKIP,opt only LUT path
MXFP4,LUT,U(-1,1),512,4096,4096,128x64x32_w4_v4,OK,ms=1.572,tflops=10.93,gbps=16.3,maxabs=1.873e-02,p99=9.374e-03,rel=1.848e-04
MXFP4,BITSHIFT,U(-1,1),512,4096,4096,128x64x32_w4_v4,SKIP,opt only LUT path
MXFP4,LUT,U(-1,1),512,4096,4096,128x128x32_w4_v4,SKIP,BN/WARPS != 16
MXFP4,BITSHIFT,U(-1,1),512,4096,4096,128x128x32_w4_v4,SKIP,BN/WARPS != 16
MXFP4,LUT,U(-1,1),512,4096,4096,64x64x32_w4_v4,OK,ms=1.163,tflops=14.77,gbps=22.1,maxabs=1.873e-02,p99=9.374e-03,rel=1.848e-04
MXFP4,BITSHIFT,U(-1,1),512,4096,4096,64x64x32_w4_v4,SKIP,opt only LUT path
MXFP4,LUT,U(-1,1),512,4096,4096,64x128x32_w4_v4,SKIP,BN/WARPS != 16
MXFP4,BITSHIFT,U(-1,1),512,4096,4096,64x128x32_w4_v4,SKIP,BN/WARPS != 16
MXFP4,LUT,U(-1,1),512,4096,4096,128x64x32_w4_v5,OK,ms=1.275,tflops=13.47,gbps=20.1,maxabs=1.873e-02,p99=9.374e-03,rel=1.848e-04
MXFP4,BITSHIFT,U(-1,1),512,4096,4096,128x64x32_w4_v5,SKIP,opt only LUT path
MXFP4,LUT,U(-1,1),512,4096,4096,128x128x32_w4_v5,SKIP,BN/WARPS != 16
MXFP4,BITSHIFT,U(-1,1),512,4096,4096,128x128x32_w4_v5,SKIP,BN/WARPS != 16
MXFP4,LUT,U(-1,1),512,4096,4096,64x64x32_w4_v5,OK,ms=1.537,tflops=11.18,gbps=16.7,maxabs=1.873e-02,p99=9.374e-03,rel=1.848e-04
MXFP4,BITSHIFT,U(-1,1),512,4096,4096,64x64x32_w4_v5,SKIP,opt only LUT path
MXFP4,LUT,U(-1,1),512,4096,4096,64x128x32_w4_v5,SKIP,BN/WARPS != 16
MXFP4,BITSHIFT,U(-1,1),512,4096,4096,64x128x32_w4_v5,SKIP,BN/WARPS != 16
MXFP4,LUT,U(-1,1),512,4096,4096,128x128x64_w4_v6,SKIP,BN/WARPS != 16
MXFP4,BITSHIFT,U(-1,1),512,4096,4096,128x128x64_w4_v6,SKIP,BN/WARPS != 16
MXFP4,LUT,U(-1,1),512,4096,4096,128x64x64_w4_v6,SKIP,v6 only INT8 (A1 retry)
MXFP4,BITSHIFT,U(-1,1),512,4096,4096,128x64x64_w4_v6,SKIP,opt only LUT path
MXFP4,LUT,U(-1,1),512,4096,4096,64x128x64_w4_v6,SKIP,BN/WARPS != 16
MXFP4,BITSHIFT,U(-1,1),512,4096,4096,64x128x64_w4_v6,SKIP,BN/WARPS != 16
MXFP4,LUT,U(-1,1),512,4096,4096,64x64x64_w4_v6,SKIP,v6 only INT8 (A1 retry)
MXFP4,BITSHIFT,U(-1,1),512,4096,4096,64x64x64_w4_v6,SKIP,opt only LUT path
MXFP4,LUT,U(-1,1),512,4096,4096,64x128x32_w4_v7,SKIP,BN/WARPS != 16
MXFP4,BITSHIFT,U(-1,1),512,4096,4096,64x128x32_w4_v7,SKIP,BN/WARPS != 16
MXFP4,LUT,U(-1,1),512,4096,4096,64x64x32_w4_v7,SKIP,v7 only INT8 (B3 triple-buffer)
MXFP4,BITSHIFT,U(-1,1),512,4096,4096,64x64x32_w4_v7,SKIP,opt only LUT path
MXFP4,LUT,U(-1,1),512,4096,4096,32x128x32_w4_v7,SKIP,BN/WARPS != 16
MXFP4,BITSHIFT,U(-1,1),512,4096,4096,32x128x32_w4_v7,SKIP,BN/WARPS != 16
MXFP4,LUT,U(-1,1),512,4096,4096,32x64x32_w4_v7,SKIP,v7 only INT8 (B3 triple-buffer)
MXFP4,BITSHIFT,U(-1,1),512,4096,4096,32x64x32_w4_v7,SKIP,opt only LUT path
MXFP4,LUT,U(-1,1),1024,4096,4096,16x64x32_w4,OK,ms=7.199,tflops=4.77,gbps=5.9,maxabs=1.874e-02,p99=9.239e-03,rel=1.847e-04
MXFP4,BITSHIFT,U(-1,1),1024,4096,4096,16x64x32_w4,OK,ms=11.760,tflops=2.92,gbps=3.6,maxabs=1.874e-02,p99=9.237e-03,rel=1.847e-04
MXFP4,LUT,U(-1,1),1024,4096,4096,16x128x32_w8,OK,ms=7.856,tflops=4.37,gbps=5.4,maxabs=1.874e-02,p99=9.239e-03,rel=1.847e-04
MXFP4,BITSHIFT,U(-1,1),1024,4096,4096,16x128x32_w8,OK,ms=12.818,tflops=2.68,gbps=3.3,maxabs=1.874e-02,p99=9.237e-03,rel=1.847e-04
MXFP4,LUT,U(-1,1),1024,4096,4096,16x128x32_w4f2,SKIP,BN/WARPS != 16
MXFP4,BITSHIFT,U(-1,1),1024,4096,4096,16x128x32_w4f2,SKIP,BN/WARPS != 16
MXFP4,LUT,U(-1,1),1024,4096,4096,16x256x32_w4f4,SKIP,BN/WARPS != 16
MXFP4,BITSHIFT,U(-1,1),1024,4096,4096,16x256x32_w4f4,SKIP,BN/WARPS != 16
MXFP4,LUT,U(-1,1),1024,4096,4096,128x64x32_w4_v1,SKIP,no template
MXFP4,BITSHIFT,U(-1,1),1024,4096,4096,128x64x32_w4_v1,SKIP,opt only LUT path
MXFP4,LUT,U(-1,1),1024,4096,4096,128x128x32_w4_v1,SKIP,BN/WARPS != 16
MXFP4,BITSHIFT,U(-1,1),1024,4096,4096,128x128x32_w4_v1,SKIP,BN/WARPS != 16
MXFP4,LUT,U(-1,1),1024,4096,4096,128x256x32_w4_v1,SKIP,BN/WARPS != 16
MXFP4,BITSHIFT,U(-1,1),1024,4096,4096,128x256x32_w4_v1,SKIP,BN/WARPS != 16
MXFP4,LUT,U(-1,1),1024,4096,4096,128x256x32_w8_v1,SKIP,BN/WARPS != 16
MXFP4,BITSHIFT,U(-1,1),1024,4096,4096,128x256x32_w8_v1,SKIP,BN/WARPS != 16
MXFP4,LUT,U(-1,1),1024,4096,4096,64x64x32_w4_v1,SKIP,no template
MXFP4,BITSHIFT,U(-1,1),1024,4096,4096,64x64x32_w4_v1,SKIP,opt only LUT path
MXFP4,LUT,U(-1,1),1024,4096,4096,64x128x32_w4_v1,SKIP,BN/WARPS != 16
MXFP4,BITSHIFT,U(-1,1),1024,4096,4096,64x128x32_w4_v1,SKIP,BN/WARPS != 16
MXFP4,LUT,U(-1,1),1024,4096,4096,128x64x32_w4_v2,OK,ms=2.163,tflops=15.89,gbps=19.6,maxabs=1.874e-02,p99=9.239e-03,rel=1.847e-04
MXFP4,BITSHIFT,U(-1,1),1024,4096,4096,128x64x32_w4_v2,SKIP,opt only LUT path
MXFP4,LUT,U(-1,1),1024,4096,4096,128x128x32_w4_v2,SKIP,BN/WARPS != 16
MXFP4,BITSHIFT,U(-1,1),1024,4096,4096,128x128x32_w4_v2,SKIP,BN/WARPS != 16
MXFP4,LUT,U(-1,1),1024,4096,4096,128x256x32_w4_v2,SKIP,BN/WARPS != 16
MXFP4,BITSHIFT,U(-1,1),1024,4096,4096,128x256x32_w4_v2,SKIP,BN/WARPS != 16
MXFP4,LUT,U(-1,1),1024,4096,4096,128x256x32_w8_v2,SKIP,BN/WARPS != 16
MXFP4,BITSHIFT,U(-1,1),1024,4096,4096,128x256x32_w8_v2,SKIP,BN/WARPS != 16
MXFP4,LUT,U(-1,1),1024,4096,4096,64x64x32_w4_v2,OK,ms=2.474,tflops=13.89,gbps=17.2,maxabs=1.874e-02,p99=9.239e-03,rel=1.847e-04
MXFP4,BITSHIFT,U(-1,1),1024,4096,4096,64x64x32_w4_v2,SKIP,opt only LUT path
MXFP4,LUT,U(-1,1),1024,4096,4096,64x128x32_w4_v2,SKIP,BN/WARPS != 16
MXFP4,BITSHIFT,U(-1,1),1024,4096,4096,64x128x32_w4_v2,SKIP,BN/WARPS != 16
MXFP4,LUT,U(-1,1),1024,4096,4096,128x64x32_w4_v3,OK,ms=2.343,tflops=14.67,gbps=18.1,maxabs=1.874e-02,p99=9.239e-03,rel=1.847e-04
MXFP4,BITSHIFT,U(-1,1),1024,4096,4096,128x64x32_w4_v3,SKIP,opt only LUT path
MXFP4,LUT,U(-1,1),1024,4096,4096,128x128x32_w4_v3,SKIP,BN/WARPS != 16
MXFP4,BITSHIFT,U(-1,1),1024,4096,4096,128x128x32_w4_v3,SKIP,BN/WARPS != 16
MXFP4,LUT,U(-1,1),1024,4096,4096,128x256x32_w8_v3,SKIP,BN/WARPS != 16
MXFP4,BITSHIFT,U(-1,1),1024,4096,4096,128x256x32_w8_v3,SKIP,BN/WARPS != 16
MXFP4,LUT,U(-1,1),1024,4096,4096,64x64x32_w4_v3,OK,ms=2.187,tflops=15.71,gbps=19.4,maxabs=1.874e-02,p99=9.239e-03,rel=1.847e-04
MXFP4,BITSHIFT,U(-1,1),1024,4096,4096,64x64x32_w4_v3,SKIP,opt only LUT path
MXFP4,LUT,U(-1,1),1024,4096,4096,64x128x32_w4_v3,SKIP,BN/WARPS != 16
MXFP4,BITSHIFT,U(-1,1),1024,4096,4096,64x128x32_w4_v3,SKIP,BN/WARPS != 16
MXFP4,LUT,U(-1,1),1024,4096,4096,32x128x32_w4_v3_b1,SKIP,BN/WARPS != 16
MXFP4,BITSHIFT,U(-1,1),1024,4096,4096,32x128x32_w4_v3_b1,SKIP,BN/WARPS != 16
MXFP4,LUT,U(-1,1),1024,4096,4096,32x64x32_w4_v3_b1,OK,ms=2.681,tflops=12.82,gbps=15.8,maxabs=1.874e-02,p99=9.239e-03,rel=1.847e-04
MXFP4,BITSHIFT,U(-1,1),1024,4096,4096,32x64x32_w4_v3_b1,SKIP,opt only LUT path
MXFP4,LUT,U(-1,1),1024,4096,4096,32x256x32_w8_v3_b1,SKIP,BN/WARPS != 16
MXFP4,BITSHIFT,U(-1,1),1024,4096,4096,32x256x32_w8_v3_b1,SKIP,BN/WARPS != 16
MXFP4,LUT,U(-1,1),1024,4096,4096,128x128x32_w8_v3_b1alt,SKIP,no template
MXFP4,BITSHIFT,U(-1,1),1024,4096,4096,128x128x32_w8_v3_b1alt,SKIP,opt only LUT path
MXFP4,LUT,U(-1,1),1024,4096,4096,64x128x32_w8_v3_b1alt,SKIP,no template
MXFP4,BITSHIFT,U(-1,1),1024,4096,4096,64x128x32_w8_v3_b1alt,SKIP,opt only LUT path
MXFP4,LUT,U(-1,1),1024,4096,4096,128x64x32_w4_v4,OK,ms=2.357,tflops=14.58,gbps=18.0,maxabs=1.874e-02,p99=9.239e-03,rel=1.847e-04
MXFP4,BITSHIFT,U(-1,1),1024,4096,4096,128x64x32_w4_v4,SKIP,opt only LUT path
MXFP4,LUT,U(-1,1),1024,4096,4096,128x128x32_w4_v4,SKIP,BN/WARPS != 16
MXFP4,BITSHIFT,U(-1,1),1024,4096,4096,128x128x32_w4_v4,SKIP,BN/WARPS != 16
MXFP4,LUT,U(-1,1),1024,4096,4096,64x64x32_w4_v4,OK,ms=2.107,tflops=16.30,gbps=20.2,maxabs=1.874e-02,p99=9.239e-03,rel=1.847e-04
MXFP4,BITSHIFT,U(-1,1),1024,4096,4096,64x64x32_w4_v4,SKIP,opt only LUT path
MXFP4,LUT,U(-1,1),1024,4096,4096,64x128x32_w4_v4,SKIP,BN/WARPS != 16
MXFP4,BITSHIFT,U(-1,1),1024,4096,4096,64x128x32_w4_v4,SKIP,BN/WARPS != 16
MXFP4,LUT,U(-1,1),1024,4096,4096,128x64x32_w4_v5,OK,ms=2.476,tflops=13.88,gbps=17.2,maxabs=1.874e-02,p99=9.239e-03,rel=1.847e-04
MXFP4,BITSHIFT,U(-1,1),1024,4096,4096,128x64x32_w4_v5,SKIP,opt only LUT path
MXFP4,LUT,U(-1,1),1024,4096,4096,128x128x32_w4_v5,SKIP,BN/WARPS != 16
MXFP4,BITSHIFT,U(-1,1),1024,4096,4096,128x128x32_w4_v5,SKIP,BN/WARPS != 16
MXFP4,LUT,U(-1,1),1024,4096,4096,64x64x32_w4_v5,OK,ms=2.767,tflops=12.42,gbps=15.3,maxabs=1.874e-02,p99=9.239e-03,rel=1.847e-04
MXFP4,BITSHIFT,U(-1,1),1024,4096,4096,64x64x32_w4_v5,SKIP,opt only LUT path
MXFP4,LUT,U(-1,1),1024,4096,4096,64x128x32_w4_v5,SKIP,BN/WARPS != 16
MXFP4,BITSHIFT,U(-1,1),1024,4096,4096,64x128x32_w4_v5,SKIP,BN/WARPS != 16
MXFP4,LUT,U(-1,1),1024,4096,4096,128x128x64_w4_v6,SKIP,BN/WARPS != 16
MXFP4,BITSHIFT,U(-1,1),1024,4096,4096,128x128x64_w4_v6,SKIP,BN/WARPS != 16
MXFP4,LUT,U(-1,1),1024,4096,4096,128x64x64_w4_v6,SKIP,v6 only INT8 (A1 retry)
MXFP4,BITSHIFT,U(-1,1),1024,4096,4096,128x64x64_w4_v6,SKIP,opt only LUT path
MXFP4,LUT,U(-1,1),1024,4096,4096,64x128x64_w4_v6,SKIP,BN/WARPS != 16
MXFP4,BITSHIFT,U(-1,1),1024,4096,4096,64x128x64_w4_v6,SKIP,BN/WARPS != 16
MXFP4,LUT,U(-1,1),1024,4096,4096,64x64x64_w4_v6,SKIP,v6 only INT8 (A1 retry)
MXFP4,BITSHIFT,U(-1,1),1024,4096,4096,64x64x64_w4_v6,SKIP,opt only LUT path
MXFP4,LUT,U(-1,1),1024,4096,4096,64x128x32_w4_v7,SKIP,BN/WARPS != 16
MXFP4,BITSHIFT,U(-1,1),1024,4096,4096,64x128x32_w4_v7,SKIP,BN/WARPS != 16
MXFP4,LUT,U(-1,1),1024,4096,4096,64x64x32_w4_v7,SKIP,v7 only INT8 (B3 triple-buffer)
MXFP4,BITSHIFT,U(-1,1),1024,4096,4096,64x64x32_w4_v7,SKIP,opt only LUT path
MXFP4,LUT,U(-1,1),1024,4096,4096,32x128x32_w4_v7,SKIP,BN/WARPS != 16
MXFP4,BITSHIFT,U(-1,1),1024,4096,4096,32x128x32_w4_v7,SKIP,BN/WARPS != 16
MXFP4,LUT,U(-1,1),1024,4096,4096,32x64x32_w4_v7,SKIP,v7 only INT8 (B3 triple-buffer)
MXFP4,BITSHIFT,U(-1,1),1024,4096,4096,32x64x32_w4_v7,SKIP,opt only LUT path
MXFP4,LUT,U(-1,1),2048,4096,4096,16x64x32_w4,OK,ms=14.172,tflops=4.85,gbps=5.4,maxabs=1.948e-02,p99=9.494e-03,rel=1.847e-04
MXFP4,BITSHIFT,U(-1,1),2048,4096,4096,16x64x32_w4,OK,ms=22.207,tflops=3.09,gbps=3.4,maxabs=1.947e-02,p99=9.489e-03,rel=1.847e-04
MXFP4,LUT,U(-1,1),2048,4096,4096,16x128x32_w8,OK,ms=14.872,tflops=4.62,gbps=5.1,maxabs=1.948e-02,p99=9.494e-03,rel=1.847e-04
MXFP4,BITSHIFT,U(-1,1),2048,4096,4096,16x128x32_w8,OK,ms=24.000,tflops=2.86,gbps=3.2,maxabs=1.947e-02,p99=9.489e-03,rel=1.847e-04
MXFP4,LUT,U(-1,1),2048,4096,4096,16x128x32_w4f2,SKIP,BN/WARPS != 16
MXFP4,BITSHIFT,U(-1,1),2048,4096,4096,16x128x32_w4f2,SKIP,BN/WARPS != 16
MXFP4,LUT,U(-1,1),2048,4096,4096,16x256x32_w4f4,SKIP,BN/WARPS != 16
MXFP4,BITSHIFT,U(-1,1),2048,4096,4096,16x256x32_w4f4,SKIP,BN/WARPS != 16
MXFP4,LUT,U(-1,1),2048,4096,4096,128x64x32_w4_v1,SKIP,no template
MXFP4,BITSHIFT,U(-1,1),2048,4096,4096,128x64x32_w4_v1,SKIP,opt only LUT path
MXFP4,LUT,U(-1,1),2048,4096,4096,128x128x32_w4_v1,SKIP,BN/WARPS != 16
MXFP4,BITSHIFT,U(-1,1),2048,4096,4096,128x128x32_w4_v1,SKIP,BN/WARPS != 16
MXFP4,LUT,U(-1,1),2048,4096,4096,128x256x32_w4_v1,SKIP,BN/WARPS != 16
MXFP4,BITSHIFT,U(-1,1),2048,4096,4096,128x256x32_w4_v1,SKIP,BN/WARPS != 16
MXFP4,LUT,U(-1,1),2048,4096,4096,128x256x32_w8_v1,SKIP,BN/WARPS != 16
MXFP4,BITSHIFT,U(-1,1),2048,4096,4096,128x256x32_w8_v1,SKIP,BN/WARPS != 16
MXFP4,LUT,U(-1,1),2048,4096,4096,64x64x32_w4_v1,SKIP,no template
MXFP4,BITSHIFT,U(-1,1),2048,4096,4096,64x64x32_w4_v1,SKIP,opt only LUT path
MXFP4,LUT,U(-1,1),2048,4096,4096,64x128x32_w4_v1,SKIP,BN/WARPS != 16
MXFP4,BITSHIFT,U(-1,1),2048,4096,4096,64x128x32_w4_v1,SKIP,BN/WARPS != 16
MXFP4,LUT,U(-1,1),2048,4096,4096,128x64x32_w4_v2,OK,ms=4.348,tflops=15.81,gbps=17.5,maxabs=1.948e-02,p99=9.494e-03,rel=1.847e-04
MXFP4,BITSHIFT,U(-1,1),2048,4096,4096,128x64x32_w4_v2,SKIP,opt only LUT path
MXFP4,LUT,U(-1,1),2048,4096,4096,128x128x32_w4_v2,SKIP,BN/WARPS != 16
MXFP4,BITSHIFT,U(-1,1),2048,4096,4096,128x128x32_w4_v2,SKIP,BN/WARPS != 16
MXFP4,LUT,U(-1,1),2048,4096,4096,128x256x32_w4_v2,SKIP,BN/WARPS != 16
MXFP4,BITSHIFT,U(-1,1),2048,4096,4096,128x256x32_w4_v2,SKIP,BN/WARPS != 16
MXFP4,LUT,U(-1,1),2048,4096,4096,128x256x32_w8_v2,SKIP,BN/WARPS != 16
MXFP4,BITSHIFT,U(-1,1),2048,4096,4096,128x256x32_w8_v2,SKIP,BN/WARPS != 16
MXFP4,LUT,U(-1,1),2048,4096,4096,64x64x32_w4_v2,OK,ms=4.760,tflops=14.44,gbps=16.0,maxabs=1.948e-02,p99=9.494e-03,rel=1.847e-04
MXFP4,BITSHIFT,U(-1,1),2048,4096,4096,64x64x32_w4_v2,SKIP,opt only LUT path
MXFP4,LUT,U(-1,1),2048,4096,4096,64x128x32_w4_v2,SKIP,BN/WARPS != 16
MXFP4,BITSHIFT,U(-1,1),2048,4096,4096,64x128x32_w4_v2,SKIP,BN/WARPS != 16
MXFP4,LUT,U(-1,1),2048,4096,4096,128x64x32_w4_v3,OK,ms=3.899,tflops=17.63,gbps=19.5,maxabs=1.948e-02,p99=9.494e-03,rel=1.847e-04
MXFP4,BITSHIFT,U(-1,1),2048,4096,4096,128x64x32_w4_v3,SKIP,opt only LUT path
MXFP4,LUT,U(-1,1),2048,4096,4096,128x128x32_w4_v3,SKIP,BN/WARPS != 16
MXFP4,BITSHIFT,U(-1,1),2048,4096,4096,128x128x32_w4_v3,SKIP,BN/WARPS != 16
MXFP4,LUT,U(-1,1),2048,4096,4096,128x256x32_w8_v3,SKIP,BN/WARPS != 16
MXFP4,BITSHIFT,U(-1,1),2048,4096,4096,128x256x32_w8_v3,SKIP,BN/WARPS != 16
MXFP4,LUT,U(-1,1),2048,4096,4096,64x64x32_w4_v3,OK,ms=4.072,tflops=16.88,gbps=18.7,maxabs=1.948e-02,p99=9.494e-03,rel=1.847e-04
MXFP4,BITSHIFT,U(-1,1),2048,4096,4096,64x64x32_w4_v3,SKIP,opt only LUT path
MXFP4,LUT,U(-1,1),2048,4096,4096,64x128x32_w4_v3,SKIP,BN/WARPS != 16
MXFP4,BITSHIFT,U(-1,1),2048,4096,4096,64x128x32_w4_v3,SKIP,BN/WARPS != 16
MXFP4,LUT,U(-1,1),2048,4096,4096,32x128x32_w4_v3_b1,SKIP,BN/WARPS != 16
MXFP4,BITSHIFT,U(-1,1),2048,4096,4096,32x128x32_w4_v3_b1,SKIP,BN/WARPS != 16
MXFP4,LUT,U(-1,1),2048,4096,4096,32x64x32_w4_v3_b1,OK,ms=5.121,tflops=13.42,gbps=14.8,maxabs=1.948e-02,p99=9.494e-03,rel=1.847e-04
MXFP4,BITSHIFT,U(-1,1),2048,4096,4096,32x64x32_w4_v3_b1,SKIP,opt only LUT path
MXFP4,LUT,U(-1,1),2048,4096,4096,32x256x32_w8_v3_b1,SKIP,BN/WARPS != 16
MXFP4,BITSHIFT,U(-1,1),2048,4096,4096,32x256x32_w8_v3_b1,SKIP,BN/WARPS != 16
MXFP4,LUT,U(-1,1),2048,4096,4096,128x128x32_w8_v3_b1alt,SKIP,no template
MXFP4,BITSHIFT,U(-1,1),2048,4096,4096,128x128x32_w8_v3_b1alt,SKIP,opt only LUT path
MXFP4,LUT,U(-1,1),2048,4096,4096,64x128x32_w8_v3_b1alt,SKIP,no template
MXFP4,BITSHIFT,U(-1,1),2048,4096,4096,64x128x32_w8_v3_b1alt,SKIP,opt only LUT path
MXFP4,LUT,U(-1,1),2048,4096,4096,128x64x32_w4_v4,OK,ms=3.925,tflops=17.51,gbps=19.4,maxabs=1.948e-02,p99=9.494e-03,rel=1.847e-04
MXFP4,BITSHIFT,U(-1,1),2048,4096,4096,128x64x32_w4_v4,SKIP,opt only LUT path
MXFP4,LUT,U(-1,1),2048,4096,4096,128x128x32_w4_v4,SKIP,BN/WARPS != 16
MXFP4,BITSHIFT,U(-1,1),2048,4096,4096,128x128x32_w4_v4,SKIP,BN/WARPS != 16
MXFP4,LUT,U(-1,1),2048,4096,4096,64x64x32_w4_v4,OK,ms=4.104,tflops=16.75,gbps=18.5,maxabs=1.948e-02,p99=9.494e-03,rel=1.847e-04
MXFP4,BITSHIFT,U(-1,1),2048,4096,4096,64x64x32_w4_v4,SKIP,opt only LUT path
MXFP4,LUT,U(-1,1),2048,4096,4096,64x128x32_w4_v4,SKIP,BN/WARPS != 16
MXFP4,BITSHIFT,U(-1,1),2048,4096,4096,64x128x32_w4_v4,SKIP,BN/WARPS != 16
MXFP4,LUT,U(-1,1),2048,4096,4096,128x64x32_w4_v5,OK,ms=4.480,tflops=15.34,gbps=17.0,maxabs=1.948e-02,p99=9.494e-03,rel=1.847e-04
MXFP4,BITSHIFT,U(-1,1),2048,4096,4096,128x64x32_w4_v5,SKIP,opt only LUT path
MXFP4,LUT,U(-1,1),2048,4096,4096,128x128x32_w4_v5,SKIP,BN/WARPS != 16
MXFP4,BITSHIFT,U(-1,1),2048,4096,4096,128x128x32_w4_v5,SKIP,BN/WARPS != 16
MXFP4,LUT,U(-1,1),2048,4096,4096,64x64x32_w4_v5,OK,ms=5.382,tflops=12.77,gbps=14.1,maxabs=1.948e-02,p99=9.494e-03,rel=1.847e-04
MXFP4,BITSHIFT,U(-1,1),2048,4096,4096,64x64x32_w4_v5,SKIP,opt only LUT path
MXFP4,LUT,U(-1,1),2048,4096,4096,64x128x32_w4_v5,SKIP,BN/WARPS != 16
MXFP4,BITSHIFT,U(-1,1),2048,4096,4096,64x128x32_w4_v5,SKIP,BN/WARPS != 16
MXFP4,LUT,U(-1,1),2048,4096,4096,128x128x64_w4_v6,SKIP,BN/WARPS != 16
MXFP4,BITSHIFT,U(-1,1),2048,4096,4096,128x128x64_w4_v6,SKIP,BN/WARPS != 16
MXFP4,LUT,U(-1,1),2048,4096,4096,128x64x64_w4_v6,SKIP,v6 only INT8 (A1 retry)
MXFP4,BITSHIFT,U(-1,1),2048,4096,4096,128x64x64_w4_v6,SKIP,opt only LUT path
MXFP4,LUT,U(-1,1),2048,4096,4096,64x128x64_w4_v6,SKIP,BN/WARPS != 16
MXFP4,BITSHIFT,U(-1,1),2048,4096,4096,64x128x64_w4_v6,SKIP,BN/WARPS != 16
MXFP4,LUT,U(-1,1),2048,4096,4096,64x64x64_w4_v6,SKIP,v6 only INT8 (A1 retry)
MXFP4,BITSHIFT,U(-1,1),2048,4096,4096,64x64x64_w4_v6,SKIP,opt only LUT path
MXFP4,LUT,U(-1,1),2048,4096,4096,64x128x32_w4_v7,SKIP,BN/WARPS != 16
MXFP4,BITSHIFT,U(-1,1),2048,4096,4096,64x128x32_w4_v7,SKIP,BN/WARPS != 16
MXFP4,LUT,U(-1,1),2048,4096,4096,64x64x32_w4_v7,SKIP,v7 only INT8 (B3 triple-buffer)
MXFP4,BITSHIFT,U(-1,1),2048,4096,4096,64x64x32_w4_v7,SKIP,opt only LUT path
MXFP4,LUT,U(-1,1),2048,4096,4096,32x128x32_w4_v7,SKIP,BN/WARPS != 16
MXFP4,BITSHIFT,U(-1,1),2048,4096,4096,32x128x32_w4_v7,SKIP,BN/WARPS != 16
MXFP4,LUT,U(-1,1),2048,4096,4096,32x64x32_w4_v7,SKIP,v7 only INT8 (B3 triple-buffer)
MXFP4,BITSHIFT,U(-1,1),2048,4096,4096,32x64x32_w4_v7,SKIP,opt only LUT path
MXFP4,LUT,U(-1,1),1,7168,7168,16x64x32_w4,OK,ms=1.388,tflops=0.07,gbps=19.7,maxabs=1.681e-02,p99=1.181e-02,rel=1.828e-04
MXFP4,BITSHIFT,U(-1,1),1,7168,7168,16x64x32_w4,OK,ms=1.592,tflops=0.06,gbps=17.2,maxabs=1.681e-02,p99=1.181e-02,rel=1.828e-04
MXFP4,LUT,U(-1,1),1,7168,7168,16x128x32_w8,OK,ms=1.403,tflops=0.07,gbps=19.5,maxabs=1.681e-02,p99=1.181e-02,rel=1.828e-04
MXFP4,BITSHIFT,U(-1,1),1,7168,7168,16x128x32_w8,OK,ms=1.631,tflops=0.06,gbps=16.8,maxabs=1.681e-02,p99=1.181e-02,rel=1.828e-04
MXFP4,LUT,U(-1,1),1,7168,7168,16x128x32_w4f2,SKIP,BN/WARPS != 16
MXFP4,BITSHIFT,U(-1,1),1,7168,7168,16x128x32_w4f2,SKIP,BN/WARPS != 16
MXFP4,LUT,U(-1,1),1,7168,7168,16x256x32_w4f4,SKIP,BN/WARPS != 16
MXFP4,BITSHIFT,U(-1,1),1,7168,7168,16x256x32_w4f4,SKIP,BN/WARPS != 16
MXFP4,LUT,U(-1,1),1,7168,7168,128x64x32_w4_v1,SKIP,no template
MXFP4,BITSHIFT,U(-1,1),1,7168,7168,128x64x32_w4_v1,SKIP,opt only LUT path
MXFP4,LUT,U(-1,1),1,7168,7168,128x128x32_w4_v1,SKIP,BN/WARPS != 16
MXFP4,BITSHIFT,U(-1,1),1,7168,7168,128x128x32_w4_v1,SKIP,BN/WARPS != 16
MXFP4,LUT,U(-1,1),1,7168,7168,128x256x32_w4_v1,SKIP,BN/WARPS != 16
MXFP4,BITSHIFT,U(-1,1),1,7168,7168,128x256x32_w4_v1,SKIP,BN/WARPS != 16
MXFP4,LUT,U(-1,1),1,7168,7168,128x256x32_w8_v1,SKIP,BN/WARPS != 16
MXFP4,BITSHIFT,U(-1,1),1,7168,7168,128x256x32_w8_v1,SKIP,BN/WARPS != 16
MXFP4,LUT,U(-1,1),1,7168,7168,64x64x32_w4_v1,SKIP,no template
MXFP4,BITSHIFT,U(-1,1),1,7168,7168,64x64x32_w4_v1,SKIP,opt only LUT path
MXFP4,LUT,U(-1,1),1,7168,7168,64x128x32_w4_v1,SKIP,BN/WARPS != 16
MXFP4,BITSHIFT,U(-1,1),1,7168,7168,64x128x32_w4_v1,SKIP,BN/WARPS != 16
MXFP4,LUT,U(-1,1),1,7168,7168,128x64x32_w4_v2,OK,ms=1.438,tflops=0.07,gbps=19.0,maxabs=1.681e-02,p99=1.181e-02,rel=1.828e-04
MXFP4,BITSHIFT,U(-1,1),1,7168,7168,128x64x32_w4_v2,SKIP,opt only LUT path
MXFP4,LUT,U(-1,1),1,7168,7168,128x128x32_w4_v2,SKIP,BN/WARPS != 16
MXFP4,BITSHIFT,U(-1,1),1,7168,7168,128x128x32_w4_v2,SKIP,BN/WARPS != 16
MXFP4,LUT,U(-1,1),1,7168,7168,128x256x32_w4_v2,SKIP,BN/WARPS != 16
MXFP4,BITSHIFT,U(-1,1),1,7168,7168,128x256x32_w4_v2,SKIP,BN/WARPS != 16
MXFP4,LUT,U(-1,1),1,7168,7168,128x256x32_w8_v2,SKIP,BN/WARPS != 16
MXFP4,BITSHIFT,U(-1,1),1,7168,7168,128x256x32_w8_v2,SKIP,BN/WARPS != 16
MXFP4,LUT,U(-1,1),1,7168,7168,64x64x32_w4_v2,OK,ms=1.027,tflops=0.10,gbps=26.6,maxabs=1.681e-02,p99=1.181e-02,rel=1.828e-04
MXFP4,BITSHIFT,U(-1,1),1,7168,7168,64x64x32_w4_v2,SKIP,opt only LUT path
MXFP4,LUT,U(-1,1),1,7168,7168,64x128x32_w4_v2,SKIP,BN/WARPS != 16
MXFP4,BITSHIFT,U(-1,1),1,7168,7168,64x128x32_w4_v2,SKIP,BN/WARPS != 16
MXFP4,LUT,U(-1,1),1,7168,7168,128x64x32_w4_v3,OK,ms=0.994,tflops=0.10,gbps=27.5,maxabs=1.681e-02,p99=1.181e-02,rel=1.828e-04
MXFP4,BITSHIFT,U(-1,1),1,7168,7168,128x64x32_w4_v3,SKIP,opt only LUT path
MXFP4,LUT,U(-1,1),1,7168,7168,128x128x32_w4_v3,SKIP,BN/WARPS != 16
MXFP4,BITSHIFT,U(-1,1),1,7168,7168,128x128x32_w4_v3,SKIP,BN/WARPS != 16
MXFP4,LUT,U(-1,1),1,7168,7168,128x256x32_w8_v3,SKIP,BN/WARPS != 16
MXFP4,BITSHIFT,U(-1,1),1,7168,7168,128x256x32_w8_v3,SKIP,BN/WARPS != 16
MXFP4,LUT,U(-1,1),1,7168,7168,64x64x32_w4_v3,OK,ms=0.614,tflops=0.17,gbps=44.5,maxabs=1.681e-02,p99=1.181e-02,rel=1.828e-04
MXFP4,BITSHIFT,U(-1,1),1,7168,7168,64x64x32_w4_v3,SKIP,opt only LUT path
MXFP4,LUT,U(-1,1),1,7168,7168,64x128x32_w4_v3,SKIP,BN/WARPS != 16
MXFP4,BITSHIFT,U(-1,1),1,7168,7168,64x128x32_w4_v3,SKIP,BN/WARPS != 16
MXFP4,LUT,U(-1,1),1,7168,7168,32x128x32_w4_v3_b1,SKIP,BN/WARPS != 16
MXFP4,BITSHIFT,U(-1,1),1,7168,7168,32x128x32_w4_v3_b1,SKIP,BN/WARPS != 16
MXFP4,LUT,U(-1,1),1,7168,7168,32x64x32_w4_v3_b1,OK,ms=0.479,tflops=0.21,gbps=57.1,maxabs=1.681e-02,p99=1.181e-02,rel=1.828e-04
MXFP4,BITSHIFT,U(-1,1),1,7168,7168,32x64x32_w4_v3_b1,SKIP,opt only LUT path
MXFP4,LUT,U(-1,1),1,7168,7168,32x256x32_w8_v3_b1,SKIP,BN/WARPS != 16
MXFP4,BITSHIFT,U(-1,1),1,7168,7168,32x256x32_w8_v3_b1,SKIP,BN/WARPS != 16
MXFP4,LUT,U(-1,1),1,7168,7168,128x128x32_w8_v3_b1alt,SKIP,no template
MXFP4,BITSHIFT,U(-1,1),1,7168,7168,128x128x32_w8_v3_b1alt,SKIP,opt only LUT path
MXFP4,LUT,U(-1,1),1,7168,7168,64x128x32_w8_v3_b1alt,SKIP,no template
MXFP4,BITSHIFT,U(-1,1),1,7168,7168,64x128x32_w8_v3_b1alt,SKIP,opt only LUT path
MXFP4,LUT,U(-1,1),1,7168,7168,128x64x32_w4_v4,OK,ms=1.004,tflops=0.10,gbps=27.2,maxabs=1.681e-02,p99=1.181e-02,rel=1.828e-04
MXFP4,BITSHIFT,U(-1,1),1,7168,7168,128x64x32_w4_v4,SKIP,opt only LUT path
MXFP4,LUT,U(-1,1),1,7168,7168,128x128x32_w4_v4,SKIP,BN/WARPS != 16
MXFP4,BITSHIFT,U(-1,1),1,7168,7168,128x128x32_w4_v4,SKIP,BN/WARPS != 16
MXFP4,LUT,U(-1,1),1,7168,7168,64x64x32_w4_v4,OK,ms=0.656,tflops=0.16,gbps=41.7,maxabs=1.681e-02,p99=1.181e-02,rel=1.828e-04
MXFP4,BITSHIFT,U(-1,1),1,7168,7168,64x64x32_w4_v4,SKIP,opt only LUT path
MXFP4,LUT,U(-1,1),1,7168,7168,64x128x32_w4_v4,SKIP,BN/WARPS != 16
MXFP4,BITSHIFT,U(-1,1),1,7168,7168,64x128x32_w4_v4,SKIP,BN/WARPS != 16
MXFP4,LUT,U(-1,1),1,7168,7168,128x64x32_w4_v5,OK,ms=1.007,tflops=0.10,gbps=27.2,maxabs=1.681e-02,p99=1.181e-02,rel=1.828e-04
MXFP4,BITSHIFT,U(-1,1),1,7168,7168,128x64x32_w4_v5,SKIP,opt only LUT path
MXFP4,LUT,U(-1,1),1,7168,7168,128x128x32_w4_v5,SKIP,BN/WARPS != 16
MXFP4,BITSHIFT,U(-1,1),1,7168,7168,128x128x32_w4_v5,SKIP,BN/WARPS != 16
MXFP4,LUT,U(-1,1),1,7168,7168,64x64x32_w4_v5,OK,ms=0.654,tflops=0.16,gbps=41.8,maxabs=1.681e-02,p99=1.181e-02,rel=1.828e-04
MXFP4,BITSHIFT,U(-1,1),1,7168,7168,64x64x32_w4_v5,SKIP,opt only LUT path
MXFP4,LUT,U(-1,1),1,7168,7168,64x128x32_w4_v5,SKIP,BN/WARPS != 16
MXFP4,BITSHIFT,U(-1,1),1,7168,7168,64x128x32_w4_v5,SKIP,BN/WARPS != 16
MXFP4,LUT,U(-1,1),1,7168,7168,128x128x64_w4_v6,SKIP,BN/WARPS != 16
MXFP4,BITSHIFT,U(-1,1),1,7168,7168,128x128x64_w4_v6,SKIP,BN/WARPS != 16
MXFP4,LUT,U(-1,1),1,7168,7168,128x64x64_w4_v6,SKIP,v6 only INT8 (A1 retry)
MXFP4,BITSHIFT,U(-1,1),1,7168,7168,128x64x64_w4_v6,SKIP,opt only LUT path
MXFP4,LUT,U(-1,1),1,7168,7168,64x128x64_w4_v6,SKIP,BN/WARPS != 16
MXFP4,BITSHIFT,U(-1,1),1,7168,7168,64x128x64_w4_v6,SKIP,BN/WARPS != 16
MXFP4,LUT,U(-1,1),1,7168,7168,64x64x64_w4_v6,SKIP,v6 only INT8 (A1 retry)
MXFP4,BITSHIFT,U(-1,1),1,7168,7168,64x64x64_w4_v6,SKIP,opt only LUT path
MXFP4,LUT,U(-1,1),1,7168,7168,64x128x32_w4_v7,SKIP,BN/WARPS != 16
MXFP4,BITSHIFT,U(-1,1),1,7168,7168,64x128x32_w4_v7,SKIP,BN/WARPS != 16
MXFP4,LUT,U(-1,1),1,7168,7168,64x64x32_w4_v7,SKIP,v7 only INT8 (B3 triple-buffer)
MXFP4,BITSHIFT,U(-1,1),1,7168,7168,64x64x32_w4_v7,SKIP,opt only LUT path
MXFP4,LUT,U(-1,1),1,7168,7168,32x128x32_w4_v7,SKIP,BN/WARPS != 16
MXFP4,BITSHIFT,U(-1,1),1,7168,7168,32x128x32_w4_v7,SKIP,BN/WARPS != 16
MXFP4,LUT,U(-1,1),1,7168,7168,32x64x32_w4_v7,SKIP,v7 only INT8 (B3 triple-buffer)
MXFP4,BITSHIFT,U(-1,1),1,7168,7168,32x64x32_w4_v7,SKIP,opt only LUT path
MXFP4,LUT,U(-1,1),16,7168,7168,16x64x32_w4,OK,ms=1.436,tflops=1.14,gbps=19.6,maxabs=2.346e-02,p99=1.226e-02,rel=1.855e-04
MXFP4,BITSHIFT,U(-1,1),16,7168,7168,16x64x32_w4,OK,ms=1.749,tflops=0.94,gbps=16.1,maxabs=2.346e-02,p99=1.226e-02,rel=1.855e-04
MXFP4,LUT,U(-1,1),16,7168,7168,16x128x32_w8,OK,ms=1.499,tflops=1.10,gbps=18.8,maxabs=2.346e-02,p99=1.226e-02,rel=1.855e-04
MXFP4,BITSHIFT,U(-1,1),16,7168,7168,16x128x32_w8,OK,ms=1.825,tflops=0.90,gbps=15.5,maxabs=2.346e-02,p99=1.226e-02,rel=1.855e-04
MXFP4,LUT,U(-1,1),16,7168,7168,16x128x32_w4f2,SKIP,BN/WARPS != 16
MXFP4,BITSHIFT,U(-1,1),16,7168,7168,16x128x32_w4f2,SKIP,BN/WARPS != 16
MXFP4,LUT,U(-1,1),16,7168,7168,16x256x32_w4f4,SKIP,BN/WARPS != 16
MXFP4,BITSHIFT,U(-1,1),16,7168,7168,16x256x32_w4f4,SKIP,BN/WARPS != 16
MXFP4,LUT,U(-1,1),16,7168,7168,128x64x32_w4_v1,SKIP,no template
MXFP4,BITSHIFT,U(-1,1),16,7168,7168,128x64x32_w4_v1,SKIP,opt only LUT path
MXFP4,LUT,U(-1,1),16,7168,7168,128x128x32_w4_v1,SKIP,BN/WARPS != 16
MXFP4,BITSHIFT,U(-1,1),16,7168,7168,128x128x32_w4_v1,SKIP,BN/WARPS != 16
MXFP4,LUT,U(-1,1),16,7168,7168,128x256x32_w4_v1,SKIP,BN/WARPS != 16
MXFP4,BITSHIFT,U(-1,1),16,7168,7168,128x256x32_w4_v1,SKIP,BN/WARPS != 16
MXFP4,LUT,U(-1,1),16,7168,7168,128x256x32_w8_v1,SKIP,BN/WARPS != 16
MXFP4,BITSHIFT,U(-1,1),16,7168,7168,128x256x32_w8_v1,SKIP,BN/WARPS != 16
MXFP4,LUT,U(-1,1),16,7168,7168,64x64x32_w4_v1,SKIP,no template
MXFP4,BITSHIFT,U(-1,1),16,7168,7168,64x64x32_w4_v1,SKIP,opt only LUT path
MXFP4,LUT,U(-1,1),16,7168,7168,64x128x32_w4_v1,SKIP,BN/WARPS != 16
MXFP4,BITSHIFT,U(-1,1),16,7168,7168,64x128x32_w4_v1,SKIP,BN/WARPS != 16
MXFP4,LUT,U(-1,1),16,7168,7168,128x64x32_w4_v2,OK,ms=1.483,tflops=1.11,gbps=19.0,maxabs=2.346e-02,p99=1.226e-02,rel=1.855e-04
MXFP4,BITSHIFT,U(-1,1),16,7168,7168,128x64x32_w4_v2,SKIP,opt only LUT path
MXFP4,LUT,U(-1,1),16,7168,7168,128x128x32_w4_v2,SKIP,BN/WARPS != 16
MXFP4,BITSHIFT,U(-1,1),16,7168,7168,128x128x32_w4_v2,SKIP,BN/WARPS != 16
MXFP4,LUT,U(-1,1),16,7168,7168,128x256x32_w4_v2,SKIP,BN/WARPS != 16
MXFP4,BITSHIFT,U(-1,1),16,7168,7168,128x256x32_w4_v2,SKIP,BN/WARPS != 16
MXFP4,LUT,U(-1,1),16,7168,7168,128x256x32_w8_v2,SKIP,BN/WARPS != 16
MXFP4,BITSHIFT,U(-1,1),16,7168,7168,128x256x32_w8_v2,SKIP,BN/WARPS != 16
MXFP4,LUT,U(-1,1),16,7168,7168,64x64x32_w4_v2,OK,ms=1.068,tflops=1.54,gbps=26.4,maxabs=2.346e-02,p99=1.226e-02,rel=1.855e-04
MXFP4,BITSHIFT,U(-1,1),16,7168,7168,64x64x32_w4_v2,SKIP,opt only LUT path
MXFP4,LUT,U(-1,1),16,7168,7168,64x128x32_w4_v2,SKIP,BN/WARPS != 16
MXFP4,BITSHIFT,U(-1,1),16,7168,7168,64x128x32_w4_v2,SKIP,BN/WARPS != 16
MXFP4,LUT,U(-1,1),16,7168,7168,128x64x32_w4_v3,OK,ms=1.029,tflops=1.60,gbps=27.4,maxabs=2.346e-02,p99=1.226e-02,rel=1.855e-04
MXFP4,BITSHIFT,U(-1,1),16,7168,7168,128x64x32_w4_v3,SKIP,opt only LUT path
MXFP4,LUT,U(-1,1),16,7168,7168,128x128x32_w4_v3,SKIP,BN/WARPS != 16
MXFP4,BITSHIFT,U(-1,1),16,7168,7168,128x128x32_w4_v3,SKIP,BN/WARPS != 16
MXFP4,LUT,U(-1,1),16,7168,7168,128x256x32_w8_v3,SKIP,BN/WARPS != 16
MXFP4,BITSHIFT,U(-1,1),16,7168,7168,128x256x32_w8_v3,SKIP,BN/WARPS != 16
MXFP4,LUT,U(-1,1),16,7168,7168,64x64x32_w4_v3,OK,ms=0.641,tflops=2.56,gbps=44.0,maxabs=2.346e-02,p99=1.226e-02,rel=1.855e-04
MXFP4,BITSHIFT,U(-1,1),16,7168,7168,64x64x32_w4_v3,SKIP,opt only LUT path
MXFP4,LUT,U(-1,1),16,7168,7168,64x128x32_w4_v3,SKIP,BN/WARPS != 16
MXFP4,BITSHIFT,U(-1,1),16,7168,7168,64x128x32_w4_v3,SKIP,BN/WARPS != 16
MXFP4,LUT,U(-1,1),16,7168,7168,32x128x32_w4_v3_b1,SKIP,BN/WARPS != 16
MXFP4,BITSHIFT,U(-1,1),16,7168,7168,32x128x32_w4_v3_b1,SKIP,BN/WARPS != 16
MXFP4,LUT,U(-1,1),16,7168,7168,32x64x32_w4_v3_b1,OK,ms=0.526,tflops=3.12,gbps=53.6,maxabs=2.346e-02,p99=1.226e-02,rel=1.855e-04
MXFP4,BITSHIFT,U(-1,1),16,7168,7168,32x64x32_w4_v3_b1,SKIP,opt only LUT path
MXFP4,LUT,U(-1,1),16,7168,7168,32x256x32_w8_v3_b1,SKIP,BN/WARPS != 16
MXFP4,BITSHIFT,U(-1,1),16,7168,7168,32x256x32_w8_v3_b1,SKIP,BN/WARPS != 16
MXFP4,LUT,U(-1,1),16,7168,7168,128x128x32_w8_v3_b1alt,SKIP,no template
MXFP4,BITSHIFT,U(-1,1),16,7168,7168,128x128x32_w8_v3_b1alt,SKIP,opt only LUT path
MXFP4,LUT,U(-1,1),16,7168,7168,64x128x32_w8_v3_b1alt,SKIP,no template
MXFP4,BITSHIFT,U(-1,1),16,7168,7168,64x128x32_w8_v3_b1alt,SKIP,opt only LUT path
MXFP4,LUT,U(-1,1),16,7168,7168,128x64x32_w4_v4,OK,ms=1.029,tflops=1.60,gbps=27.4,maxabs=2.346e-02,p99=1.226e-02,rel=1.855e-04
MXFP4,BITSHIFT,U(-1,1),16,7168,7168,128x64x32_w4_v4,SKIP,opt only LUT path
MXFP4,LUT,U(-1,1),16,7168,7168,128x128x32_w4_v4,SKIP,BN/WARPS != 16
MXFP4,BITSHIFT,U(-1,1),16,7168,7168,128x128x32_w4_v4,SKIP,BN/WARPS != 16
MXFP4,LUT,U(-1,1),16,7168,7168,64x64x32_w4_v4,OK,ms=0.682,tflops=2.41,gbps=41.4,maxabs=2.346e-02,p99=1.226e-02,rel=1.855e-04
MXFP4,BITSHIFT,U(-1,1),16,7168,7168,64x64x32_w4_v4,SKIP,opt only LUT path
MXFP4,LUT,U(-1,1),16,7168,7168,64x128x32_w4_v4,SKIP,BN/WARPS != 16
MXFP4,BITSHIFT,U(-1,1),16,7168,7168,64x128x32_w4_v4,SKIP,BN/WARPS != 16
MXFP4,LUT,U(-1,1),16,7168,7168,128x64x32_w4_v5,OK,ms=1.039,tflops=1.58,gbps=27.2,maxabs=2.346e-02,p99=1.226e-02,rel=1.855e-04
MXFP4,BITSHIFT,U(-1,1),16,7168,7168,128x64x32_w4_v5,SKIP,opt only LUT path
MXFP4,LUT,U(-1,1),16,7168,7168,128x128x32_w4_v5,SKIP,BN/WARPS != 16
MXFP4,BITSHIFT,U(-1,1),16,7168,7168,128x128x32_w4_v5,SKIP,BN/WARPS != 16
MXFP4,LUT,U(-1,1),16,7168,7168,64x64x32_w4_v5,OK,ms=0.684,tflops=2.40,gbps=41.2,maxabs=2.346e-02,p99=1.226e-02,rel=1.855e-04
MXFP4,BITSHIFT,U(-1,1),16,7168,7168,64x64x32_w4_v5,SKIP,opt only LUT path
MXFP4,LUT,U(-1,1),16,7168,7168,64x128x32_w4_v5,SKIP,BN/WARPS != 16
MXFP4,BITSHIFT,U(-1,1),16,7168,7168,64x128x32_w4_v5,SKIP,BN/WARPS != 16
MXFP4,LUT,U(-1,1),16,7168,7168,128x128x64_w4_v6,SKIP,BN/WARPS != 16
MXFP4,BITSHIFT,U(-1,1),16,7168,7168,128x128x64_w4_v6,SKIP,BN/WARPS != 16
MXFP4,LUT,U(-1,1),16,7168,7168,128x64x64_w4_v6,SKIP,v6 only INT8 (A1 retry)
MXFP4,BITSHIFT,U(-1,1),16,7168,7168,128x64x64_w4_v6,SKIP,opt only LUT path
MXFP4,LUT,U(-1,1),16,7168,7168,64x128x64_w4_v6,SKIP,BN/WARPS != 16
MXFP4,BITSHIFT,U(-1,1),16,7168,7168,64x128x64_w4_v6,SKIP,BN/WARPS != 16
MXFP4,LUT,U(-1,1),16,7168,7168,64x64x64_w4_v6,SKIP,v6 only INT8 (A1 retry)
MXFP4,BITSHIFT,U(-1,1),16,7168,7168,64x64x64_w4_v6,SKIP,opt only LUT path
MXFP4,LUT,U(-1,1),16,7168,7168,64x128x32_w4_v7,SKIP,BN/WARPS != 16
MXFP4,BITSHIFT,U(-1,1),16,7168,7168,64x128x32_w4_v7,SKIP,BN/WARPS != 16
MXFP4,LUT,U(-1,1),16,7168,7168,64x64x32_w4_v7,SKIP,v7 only INT8 (B3 triple-buffer)
MXFP4,BITSHIFT,U(-1,1),16,7168,7168,64x64x32_w4_v7,SKIP,opt only LUT path
MXFP4,LUT,U(-1,1),16,7168,7168,32x128x32_w4_v7,SKIP,BN/WARPS != 16
MXFP4,BITSHIFT,U(-1,1),16,7168,7168,32x128x32_w4_v7,SKIP,BN/WARPS != 16
MXFP4,LUT,U(-1,1),16,7168,7168,32x64x32_w4_v7,SKIP,v7 only INT8 (B3 triple-buffer)
MXFP4,BITSHIFT,U(-1,1),16,7168,7168,32x64x32_w4_v7,SKIP,opt only LUT path
MXFP4,LUT,U(-1,1),64,7168,7168,16x64x32_w4,OK,ms=1.810,tflops=3.63,gbps=17.1,maxabs=2.391e-02,p99=1.255e-02,rel=1.850e-04
MXFP4,BITSHIFT,U(-1,1),64,7168,7168,16x64x32_w4,OK,ms=2.259,tflops=2.91,gbps=13.7,maxabs=2.390e-02,p99=1.256e-02,rel=1.850e-04
MXFP4,LUT,U(-1,1),64,7168,7168,16x128x32_w8,OK,ms=1.861,tflops=3.53,gbps=16.6,maxabs=2.391e-02,p99=1.255e-02,rel=1.850e-04
MXFP4,BITSHIFT,U(-1,1),64,7168,7168,16x128x32_w8,OK,ms=2.452,tflops=2.68,gbps=12.6,maxabs=2.390e-02,p99=1.256e-02,rel=1.850e-04
MXFP4,LUT,U(-1,1),64,7168,7168,16x128x32_w4f2,SKIP,BN/WARPS != 16
MXFP4,BITSHIFT,U(-1,1),64,7168,7168,16x128x32_w4f2,SKIP,BN/WARPS != 16
MXFP4,LUT,U(-1,1),64,7168,7168,16x256x32_w4f4,SKIP,BN/WARPS != 16
MXFP4,BITSHIFT,U(-1,1),64,7168,7168,16x256x32_w4f4,SKIP,BN/WARPS != 16
MXFP4,LUT,U(-1,1),64,7168,7168,128x64x32_w4_v1,SKIP,no template
MXFP4,BITSHIFT,U(-1,1),64,7168,7168,128x64x32_w4_v1,SKIP,opt only LUT path
MXFP4,LUT,U(-1,1),64,7168,7168,128x128x32_w4_v1,SKIP,BN/WARPS != 16
MXFP4,BITSHIFT,U(-1,1),64,7168,7168,128x128x32_w4_v1,SKIP,BN/WARPS != 16
MXFP4,LUT,U(-1,1),64,7168,7168,128x256x32_w4_v1,SKIP,BN/WARPS != 16
MXFP4,BITSHIFT,U(-1,1),64,7168,7168,128x256x32_w4_v1,SKIP,BN/WARPS != 16
MXFP4,LUT,U(-1,1),64,7168,7168,128x256x32_w8_v1,SKIP,BN/WARPS != 16
MXFP4,BITSHIFT,U(-1,1),64,7168,7168,128x256x32_w8_v1,SKIP,BN/WARPS != 16
MXFP4,LUT,U(-1,1),64,7168,7168,64x64x32_w4_v1,SKIP,no template
MXFP4,BITSHIFT,U(-1,1),64,7168,7168,64x64x32_w4_v1,SKIP,opt only LUT path
MXFP4,LUT,U(-1,1),64,7168,7168,64x128x32_w4_v1,SKIP,BN/WARPS != 16
MXFP4,BITSHIFT,U(-1,1),64,7168,7168,64x128x32_w4_v1,SKIP,BN/WARPS != 16
MXFP4,LUT,U(-1,1),64,7168,7168,128x64x32_w4_v2,OK,ms=1.541,tflops=4.27,gbps=20.1,maxabs=2.391e-02,p99=1.255e-02,rel=1.850e-04
MXFP4,BITSHIFT,U(-1,1),64,7168,7168,128x64x32_w4_v2,SKIP,opt only LUT path
MXFP4,LUT,U(-1,1),64,7168,7168,128x128x32_w4_v2,SKIP,BN/WARPS != 16
MXFP4,BITSHIFT,U(-1,1),64,7168,7168,128x128x32_w4_v2,SKIP,BN/WARPS != 16
MXFP4,LUT,U(-1,1),64,7168,7168,128x256x32_w4_v2,SKIP,BN/WARPS != 16
MXFP4,BITSHIFT,U(-1,1),64,7168,7168,128x256x32_w4_v2,SKIP,BN/WARPS != 16
MXFP4,LUT,U(-1,1),64,7168,7168,128x256x32_w8_v2,SKIP,BN/WARPS != 16
MXFP4,BITSHIFT,U(-1,1),64,7168,7168,128x256x32_w8_v2,SKIP,BN/WARPS != 16
MXFP4,LUT,U(-1,1),64,7168,7168,64x64x32_w4_v2,OK,ms=1.147,tflops=5.73,gbps=27.0,maxabs=2.391e-02,p99=1.255e-02,rel=1.850e-04
MXFP4,BITSHIFT,U(-1,1),64,7168,7168,64x64x32_w4_v2,SKIP,opt only LUT path
MXFP4,LUT,U(-1,1),64,7168,7168,64x128x32_w4_v2,SKIP,BN/WARPS != 16
MXFP4,BITSHIFT,U(-1,1),64,7168,7168,64x128x32_w4_v2,SKIP,BN/WARPS != 16
MXFP4,LUT,U(-1,1),64,7168,7168,128x64x32_w4_v3,OK,ms=1.063,tflops=6.18,gbps=29.1,maxabs=2.391e-02,p99=1.255e-02,rel=1.850e-04
MXFP4,BITSHIFT,U(-1,1),64,7168,7168,128x64x32_w4_v3,SKIP,opt only LUT path
MXFP4,LUT,U(-1,1),64,7168,7168,128x128x32_w4_v3,SKIP,BN/WARPS != 16
MXFP4,BITSHIFT,U(-1,1),64,7168,7168,128x128x32_w4_v3,SKIP,BN/WARPS != 16
MXFP4,LUT,U(-1,1),64,7168,7168,128x256x32_w8_v3,SKIP,BN/WARPS != 16
MXFP4,BITSHIFT,U(-1,1),64,7168,7168,128x256x32_w8_v3,SKIP,BN/WARPS != 16
MXFP4,LUT,U(-1,1),64,7168,7168,64x64x32_w4_v3,OK,ms=0.671,tflops=9.79,gbps=46.1,maxabs=2.391e-02,p99=1.255e-02,rel=1.850e-04
MXFP4,BITSHIFT,U(-1,1),64,7168,7168,64x64x32_w4_v3,SKIP,opt only LUT path
MXFP4,LUT,U(-1,1),64,7168,7168,64x128x32_w4_v3,SKIP,BN/WARPS != 16
MXFP4,BITSHIFT,U(-1,1),64,7168,7168,64x128x32_w4_v3,SKIP,BN/WARPS != 16
MXFP4,LUT,U(-1,1),64,7168,7168,32x128x32_w4_v3_b1,SKIP,BN/WARPS != 16
MXFP4,BITSHIFT,U(-1,1),64,7168,7168,32x128x32_w4_v3_b1,SKIP,BN/WARPS != 16
MXFP4,LUT,U(-1,1),64,7168,7168,32x64x32_w4_v3_b1,OK,ms=0.626,tflops=10.51,gbps=49.5,maxabs=2.391e-02,p99=1.255e-02,rel=1.850e-04
MXFP4,BITSHIFT,U(-1,1),64,7168,7168,32x64x32_w4_v3_b1,SKIP,opt only LUT path
MXFP4,LUT,U(-1,1),64,7168,7168,32x256x32_w8_v3_b1,SKIP,BN/WARPS != 16
MXFP4,BITSHIFT,U(-1,1),64,7168,7168,32x256x32_w8_v3_b1,SKIP,BN/WARPS != 16
MXFP4,LUT,U(-1,1),64,7168,7168,128x128x32_w8_v3_b1alt,SKIP,no template
MXFP4,BITSHIFT,U(-1,1),64,7168,7168,128x128x32_w8_v3_b1alt,SKIP,opt only LUT path
MXFP4,LUT,U(-1,1),64,7168,7168,64x128x32_w8_v3_b1alt,SKIP,no template
MXFP4,BITSHIFT,U(-1,1),64,7168,7168,64x128x32_w8_v3_b1alt,SKIP,opt only LUT path
MXFP4,LUT,U(-1,1),64,7168,7168,128x64x32_w4_v4,OK,ms=1.060,tflops=6.20,gbps=29.2,maxabs=2.391e-02,p99=1.255e-02,rel=1.850e-04
MXFP4,BITSHIFT,U(-1,1),64,7168,7168,128x64x32_w4_v4,SKIP,opt only LUT path
MXFP4,LUT,U(-1,1),64,7168,7168,128x128x32_w4_v4,SKIP,BN/WARPS != 16
MXFP4,BITSHIFT,U(-1,1),64,7168,7168,128x128x32_w4_v4,SKIP,BN/WARPS != 16
MXFP4,LUT,U(-1,1),64,7168,7168,64x64x32_w4_v4,OK,ms=0.715,tflops=9.20,gbps=43.3,maxabs=2.391e-02,p99=1.255e-02,rel=1.850e-04
MXFP4,BITSHIFT,U(-1,1),64,7168,7168,64x64x32_w4_v4,SKIP,opt only LUT path
MXFP4,LUT,U(-1,1),64,7168,7168,64x128x32_w4_v4,SKIP,BN/WARPS != 16
MXFP4,BITSHIFT,U(-1,1),64,7168,7168,64x128x32_w4_v4,SKIP,BN/WARPS != 16
MXFP4,LUT,U(-1,1),64,7168,7168,128x64x32_w4_v5,OK,ms=1.078,tflops=6.10,gbps=28.7,maxabs=2.391e-02,p99=1.255e-02,rel=1.850e-04
MXFP4,BITSHIFT,U(-1,1),64,7168,7168,128x64x32_w4_v5,SKIP,opt only LUT path
MXFP4,LUT,U(-1,1),64,7168,7168,128x128x32_w4_v5,SKIP,BN/WARPS != 16
MXFP4,BITSHIFT,U(-1,1),64,7168,7168,128x128x32_w4_v5,SKIP,BN/WARPS != 16
MXFP4,LUT,U(-1,1),64,7168,7168,64x64x32_w4_v5,OK,ms=0.727,tflops=9.05,gbps=42.6,maxabs=2.391e-02,p99=1.255e-02,rel=1.850e-04
MXFP4,BITSHIFT,U(-1,1),64,7168,7168,64x64x32_w4_v5,SKIP,opt only LUT path
MXFP4,LUT,U(-1,1),64,7168,7168,64x128x32_w4_v5,SKIP,BN/WARPS != 16
MXFP4,BITSHIFT,U(-1,1),64,7168,7168,64x128x32_w4_v5,SKIP,BN/WARPS != 16
MXFP4,LUT,U(-1,1),64,7168,7168,128x128x64_w4_v6,SKIP,BN/WARPS != 16
MXFP4,BITSHIFT,U(-1,1),64,7168,7168,128x128x64_w4_v6,SKIP,BN/WARPS != 16
MXFP4,LUT,U(-1,1),64,7168,7168,128x64x64_w4_v6,SKIP,v6 only INT8 (A1 retry)
MXFP4,BITSHIFT,U(-1,1),64,7168,7168,128x64x64_w4_v6,SKIP,opt only LUT path
MXFP4,LUT,U(-1,1),64,7168,7168,64x128x64_w4_v6,SKIP,BN/WARPS != 16
MXFP4,BITSHIFT,U(-1,1),64,7168,7168,64x128x64_w4_v6,SKIP,BN/WARPS != 16
MXFP4,LUT,U(-1,1),64,7168,7168,64x64x64_w4_v6,SKIP,v6 only INT8 (A1 retry)
MXFP4,BITSHIFT,U(-1,1),64,7168,7168,64x64x64_w4_v6,SKIP,opt only LUT path
MXFP4,LUT,U(-1,1),64,7168,7168,64x128x32_w4_v7,SKIP,BN/WARPS != 16
MXFP4,BITSHIFT,U(-1,1),64,7168,7168,64x128x32_w4_v7,SKIP,BN/WARPS != 16
MXFP4,LUT,U(-1,1),64,7168,7168,64x64x32_w4_v7,SKIP,v7 only INT8 (B3 triple-buffer)
MXFP4,BITSHIFT,U(-1,1),64,7168,7168,64x64x32_w4_v7,SKIP,opt only LUT path
MXFP4,LUT,U(-1,1),64,7168,7168,32x128x32_w4_v7,SKIP,BN/WARPS != 16
MXFP4,BITSHIFT,U(-1,1),64,7168,7168,32x128x32_w4_v7,SKIP,BN/WARPS != 16
MXFP4,LUT,U(-1,1),64,7168,7168,32x64x32_w4_v7,SKIP,v7 only INT8 (B3 triple-buffer)
MXFP4,BITSHIFT,U(-1,1),64,7168,7168,32x64x32_w4_v7,SKIP,opt only LUT path
MXFP4,LUT,U(-1,1),128,7168,7168,16x64x32_w4,OK,ms=4.135,tflops=3.18,gbps=8.4,maxabs=2.391e-02,p99=1.223e-02,rel=1.846e-04
MXFP4,BITSHIFT,U(-1,1),128,7168,7168,16x64x32_w4,OK,ms=4.807,tflops=2.74,gbps=7.2,maxabs=2.390e-02,p99=1.223e-02,rel=1.846e-04
MXFP4,LUT,U(-1,1),128,7168,7168,16x128x32_w8,OK,ms=4.136,tflops=3.18,gbps=8.4,maxabs=2.391e-02,p99=1.223e-02,rel=1.846e-04
MXFP4,BITSHIFT,U(-1,1),128,7168,7168,16x128x32_w8,OK,ms=5.780,tflops=2.28,gbps=6.0,maxabs=2.390e-02,p99=1.223e-02,rel=1.846e-04
MXFP4,LUT,U(-1,1),128,7168,7168,16x128x32_w4f2,SKIP,BN/WARPS != 16
MXFP4,BITSHIFT,U(-1,1),128,7168,7168,16x128x32_w4f2,SKIP,BN/WARPS != 16
MXFP4,LUT,U(-1,1),128,7168,7168,16x256x32_w4f4,SKIP,BN/WARPS != 16
MXFP4,BITSHIFT,U(-1,1),128,7168,7168,16x256x32_w4f4,SKIP,BN/WARPS != 16
MXFP4,LUT,U(-1,1),128,7168,7168,128x64x32_w4_v1,SKIP,no template
MXFP4,BITSHIFT,U(-1,1),128,7168,7168,128x64x32_w4_v1,SKIP,opt only LUT path
MXFP4,LUT,U(-1,1),128,7168,7168,128x128x32_w4_v1,SKIP,BN/WARPS != 16
MXFP4,BITSHIFT,U(-1,1),128,7168,7168,128x128x32_w4_v1,SKIP,BN/WARPS != 16
MXFP4,LUT,U(-1,1),128,7168,7168,128x256x32_w4_v1,SKIP,BN/WARPS != 16
MXFP4,BITSHIFT,U(-1,1),128,7168,7168,128x256x32_w4_v1,SKIP,BN/WARPS != 16
MXFP4,LUT,U(-1,1),128,7168,7168,128x256x32_w8_v1,SKIP,BN/WARPS != 16
MXFP4,BITSHIFT,U(-1,1),128,7168,7168,128x256x32_w8_v1,SKIP,BN/WARPS != 16
MXFP4,LUT,U(-1,1),128,7168,7168,64x64x32_w4_v1,SKIP,no template
MXFP4,BITSHIFT,U(-1,1),128,7168,7168,64x64x32_w4_v1,SKIP,opt only LUT path
MXFP4,LUT,U(-1,1),128,7168,7168,64x128x32_w4_v1,SKIP,BN/WARPS != 16
MXFP4,BITSHIFT,U(-1,1),128,7168,7168,64x128x32_w4_v1,SKIP,BN/WARPS != 16
MXFP4,LUT,U(-1,1),128,7168,7168,128x64x32_w4_v2,OK,ms=1.615,tflops=8.15,gbps=21.4,maxabs=2.391e-02,p99=1.223e-02,rel=1.846e-04
MXFP4,BITSHIFT,U(-1,1),128,7168,7168,128x64x32_w4_v2,SKIP,opt only LUT path
MXFP4,LUT,U(-1,1),128,7168,7168,128x128x32_w4_v2,SKIP,BN/WARPS != 16
MXFP4,BITSHIFT,U(-1,1),128,7168,7168,128x128x32_w4_v2,SKIP,BN/WARPS != 16
MXFP4,LUT,U(-1,1),128,7168,7168,128x256x32_w4_v2,SKIP,BN/WARPS != 16
MXFP4,BITSHIFT,U(-1,1),128,7168,7168,128x256x32_w4_v2,SKIP,BN/WARPS != 16
MXFP4,LUT,U(-1,1),128,7168,7168,128x256x32_w8_v2,SKIP,BN/WARPS != 16
MXFP4,BITSHIFT,U(-1,1),128,7168,7168,128x256x32_w8_v2,SKIP,BN/WARPS != 16
MXFP4,LUT,U(-1,1),128,7168,7168,64x64x32_w4_v2,OK,ms=1.221,tflops=10.77,gbps=28.4,maxabs=2.391e-02,p99=1.223e-02,rel=1.846e-04
MXFP4,BITSHIFT,U(-1,1),128,7168,7168,64x64x32_w4_v2,SKIP,opt only LUT path
MXFP4,LUT,U(-1,1),128,7168,7168,64x128x32_w4_v2,SKIP,BN/WARPS != 16
MXFP4,BITSHIFT,U(-1,1),128,7168,7168,64x128x32_w4_v2,SKIP,BN/WARPS != 16
MXFP4,LUT,U(-1,1),128,7168,7168,128x64x32_w4_v3,OK,ms=1.132,tflops=11.61,gbps=30.6,maxabs=2.391e-02,p99=1.223e-02,rel=1.846e-04
MXFP4,BITSHIFT,U(-1,1),128,7168,7168,128x64x32_w4_v3,SKIP,opt only LUT path
MXFP4,LUT,U(-1,1),128,7168,7168,128x128x32_w4_v3,SKIP,BN/WARPS != 16
MXFP4,BITSHIFT,U(-1,1),128,7168,7168,128x128x32_w4_v3,SKIP,BN/WARPS != 16
MXFP4,LUT,U(-1,1),128,7168,7168,128x256x32_w8_v3,SKIP,BN/WARPS != 16
MXFP4,BITSHIFT,U(-1,1),128,7168,7168,128x256x32_w8_v3,SKIP,BN/WARPS != 16
MXFP4,LUT,U(-1,1),128,7168,7168,64x64x32_w4_v3,OK,ms=0.820,tflops=16.04,gbps=42.2,maxabs=2.391e-02,p99=1.223e-02,rel=1.846e-04
MXFP4,BITSHIFT,U(-1,1),128,7168,7168,64x64x32_w4_v3,SKIP,opt only LUT path
MXFP4,LUT,U(-1,1),128,7168,7168,64x128x32_w4_v3,SKIP,BN/WARPS != 16
MXFP4,BITSHIFT,U(-1,1),128,7168,7168,64x128x32_w4_v3,SKIP,BN/WARPS != 16
MXFP4,LUT,U(-1,1),128,7168,7168,32x128x32_w4_v3_b1,SKIP,BN/WARPS != 16
MXFP4,BITSHIFT,U(-1,1),128,7168,7168,32x128x32_w4_v3_b1,SKIP,BN/WARPS != 16
MXFP4,LUT,U(-1,1),128,7168,7168,32x64x32_w4_v3_b1,OK,ms=0.935,tflops=14.06,gbps=37.0,maxabs=2.391e-02,p99=1.223e-02,rel=1.846e-04
MXFP4,BITSHIFT,U(-1,1),128,7168,7168,32x64x32_w4_v3_b1,SKIP,opt only LUT path
MXFP4,LUT,U(-1,1),128,7168,7168,32x256x32_w8_v3_b1,SKIP,BN/WARPS != 16
MXFP4,BITSHIFT,U(-1,1),128,7168,7168,32x256x32_w8_v3_b1,SKIP,BN/WARPS != 16
MXFP4,LUT,U(-1,1),128,7168,7168,128x128x32_w8_v3_b1alt,SKIP,no template
MXFP4,BITSHIFT,U(-1,1),128,7168,7168,128x128x32_w8_v3_b1alt,SKIP,opt only LUT path
MXFP4,LUT,U(-1,1),128,7168,7168,64x128x32_w8_v3_b1alt,SKIP,no template
MXFP4,BITSHIFT,U(-1,1),128,7168,7168,64x128x32_w8_v3_b1alt,SKIP,opt only LUT path
MXFP4,LUT,U(-1,1),128,7168,7168,128x64x32_w4_v4,OK,ms=1.126,tflops=11.69,gbps=30.8,maxabs=2.391e-02,p99=1.223e-02,rel=1.846e-04
MXFP4,BITSHIFT,U(-1,1),128,7168,7168,128x64x32_w4_v4,SKIP,opt only LUT path
MXFP4,LUT,U(-1,1),128,7168,7168,128x128x32_w4_v4,SKIP,BN/WARPS != 16
MXFP4,BITSHIFT,U(-1,1),128,7168,7168,128x128x32_w4_v4,SKIP,BN/WARPS != 16
MXFP4,LUT,U(-1,1),128,7168,7168,64x64x32_w4_v4,OK,ms=0.848,tflops=15.51,gbps=40.8,maxabs=2.391e-02,p99=1.223e-02,rel=1.846e-04
MXFP4,BITSHIFT,U(-1,1),128,7168,7168,64x64x32_w4_v4,SKIP,opt only LUT path
MXFP4,LUT,U(-1,1),128,7168,7168,64x128x32_w4_v4,SKIP,BN/WARPS != 16
MXFP4,BITSHIFT,U(-1,1),128,7168,7168,64x128x32_w4_v4,SKIP,BN/WARPS != 16
MXFP4,LUT,U(-1,1),128,7168,7168,128x64x32_w4_v5,OK,ms=1.127,tflops=11.67,gbps=30.7,maxabs=2.391e-02,p99=1.223e-02,rel=1.846e-04
MXFP4,BITSHIFT,U(-1,1),128,7168,7168,128x64x32_w4_v5,SKIP,opt only LUT path
MXFP4,LUT,U(-1,1),128,7168,7168,128x128x32_w4_v5,SKIP,BN/WARPS != 16
MXFP4,BITSHIFT,U(-1,1),128,7168,7168,128x128x32_w4_v5,SKIP,BN/WARPS != 16
MXFP4,LUT,U(-1,1),128,7168,7168,64x64x32_w4_v5,OK,ms=1.309,tflops=10.05,gbps=26.5,maxabs=2.391e-02,p99=1.223e-02,rel=1.846e-04
MXFP4,BITSHIFT,U(-1,1),128,7168,7168,64x64x32_w4_v5,SKIP,opt only LUT path
MXFP4,LUT,U(-1,1),128,7168,7168,64x128x32_w4_v5,SKIP,BN/WARPS != 16
MXFP4,BITSHIFT,U(-1,1),128,7168,7168,64x128x32_w4_v5,SKIP,BN/WARPS != 16
MXFP4,LUT,U(-1,1),128,7168,7168,128x128x64_w4_v6,SKIP,BN/WARPS != 16
MXFP4,BITSHIFT,U(-1,1),128,7168,7168,128x128x64_w4_v6,SKIP,BN/WARPS != 16
MXFP4,LUT,U(-1,1),128,7168,7168,128x64x64_w4_v6,SKIP,v6 only INT8 (A1 retry)
MXFP4,BITSHIFT,U(-1,1),128,7168,7168,128x64x64_w4_v6,SKIP,opt only LUT path
MXFP4,LUT,U(-1,1),128,7168,7168,64x128x64_w4_v6,SKIP,BN/WARPS != 16
MXFP4,BITSHIFT,U(-1,1),128,7168,7168,64x128x64_w4_v6,SKIP,BN/WARPS != 16
MXFP4,LUT,U(-1,1),128,7168,7168,64x64x64_w4_v6,SKIP,v6 only INT8 (A1 retry)
MXFP4,BITSHIFT,U(-1,1),128,7168,7168,64x64x64_w4_v6,SKIP,opt only LUT path
MXFP4,LUT,U(-1,1),128,7168,7168,64x128x32_w4_v7,SKIP,BN/WARPS != 16
MXFP4,BITSHIFT,U(-1,1),128,7168,7168,64x128x32_w4_v7,SKIP,BN/WARPS != 16
MXFP4,LUT,U(-1,1),128,7168,7168,64x64x32_w4_v7,SKIP,v7 only INT8 (B3 triple-buffer)
MXFP4,BITSHIFT,U(-1,1),128,7168,7168,64x64x32_w4_v7,SKIP,opt only LUT path
MXFP4,LUT,U(-1,1),128,7168,7168,32x128x32_w4_v7,SKIP,BN/WARPS != 16
MXFP4,BITSHIFT,U(-1,1),128,7168,7168,32x128x32_w4_v7,SKIP,BN/WARPS != 16
MXFP4,LUT,U(-1,1),128,7168,7168,32x64x32_w4_v7,SKIP,v7 only INT8 (B3 triple-buffer)
MXFP4,BITSHIFT,U(-1,1),128,7168,7168,32x64x32_w4_v7,SKIP,opt only LUT path
MXFP4,LUT,U(-1,1),256,7168,7168,16x64x32_w4,OK,ms=6.220,tflops=4.23,gbps=6.7,maxabs=2.392e-02,p99=1.214e-02,rel=1.847e-04
MXFP4,BITSHIFT,U(-1,1),256,7168,7168,16x64x32_w4,OK,ms=8.060,tflops=3.26,gbps=5.2,maxabs=2.391e-02,p99=1.215e-02,rel=1.847e-04
MXFP4,LUT,U(-1,1),256,7168,7168,16x128x32_w8,OK,ms=6.250,tflops=4.21,gbps=6.7,maxabs=2.392e-02,p99=1.214e-02,rel=1.847e-04
MXFP4,BITSHIFT,U(-1,1),256,7168,7168,16x128x32_w8,OK,ms=8.631,tflops=3.05,gbps=4.9,maxabs=2.391e-02,p99=1.215e-02,rel=1.847e-04
MXFP4,LUT,U(-1,1),256,7168,7168,16x128x32_w4f2,SKIP,BN/WARPS != 16
MXFP4,BITSHIFT,U(-1,1),256,7168,7168,16x128x32_w4f2,SKIP,BN/WARPS != 16
MXFP4,LUT,U(-1,1),256,7168,7168,16x256x32_w4f4,SKIP,BN/WARPS != 16
MXFP4,BITSHIFT,U(-1,1),256,7168,7168,16x256x32_w4f4,SKIP,BN/WARPS != 16
MXFP4,LUT,U(-1,1),256,7168,7168,128x64x32_w4_v1,SKIP,no template
MXFP4,BITSHIFT,U(-1,1),256,7168,7168,128x64x32_w4_v1,SKIP,opt only LUT path
MXFP4,LUT,U(-1,1),256,7168,7168,128x128x32_w4_v1,SKIP,BN/WARPS != 16
MXFP4,BITSHIFT,U(-1,1),256,7168,7168,128x128x32_w4_v1,SKIP,BN/WARPS != 16
MXFP4,LUT,U(-1,1),256,7168,7168,128x256x32_w4_v1,SKIP,BN/WARPS != 16
MXFP4,BITSHIFT,U(-1,1),256,7168,7168,128x256x32_w4_v1,SKIP,BN/WARPS != 16
MXFP4,LUT,U(-1,1),256,7168,7168,128x256x32_w8_v1,SKIP,BN/WARPS != 16
MXFP4,BITSHIFT,U(-1,1),256,7168,7168,128x256x32_w8_v1,SKIP,BN/WARPS != 16
MXFP4,LUT,U(-1,1),256,7168,7168,64x64x32_w4_v1,SKIP,no template
MXFP4,BITSHIFT,U(-1,1),256,7168,7168,64x64x32_w4_v1,SKIP,opt only LUT path
MXFP4,LUT,U(-1,1),256,7168,7168,64x128x32_w4_v1,SKIP,BN/WARPS != 16
MXFP4,BITSHIFT,U(-1,1),256,7168,7168,64x128x32_w4_v1,SKIP,BN/WARPS != 16
MXFP4,LUT,U(-1,1),256,7168,7168,128x64x32_w4_v2,OK,ms=1.698,tflops=15.49,gbps=24.7,maxabs=2.392e-02,p99=1.214e-02,rel=1.847e-04
MXFP4,BITSHIFT,U(-1,1),256,7168,7168,128x64x32_w4_v2,SKIP,opt only LUT path
MXFP4,LUT,U(-1,1),256,7168,7168,128x128x32_w4_v2,SKIP,BN/WARPS != 16
MXFP4,BITSHIFT,U(-1,1),256,7168,7168,128x128x32_w4_v2,SKIP,BN/WARPS != 16
MXFP4,LUT,U(-1,1),256,7168,7168,128x256x32_w4_v2,SKIP,BN/WARPS != 16
MXFP4,BITSHIFT,U(-1,1),256,7168,7168,128x256x32_w4_v2,SKIP,BN/WARPS != 16
MXFP4,LUT,U(-1,1),256,7168,7168,128x256x32_w8_v2,SKIP,BN/WARPS != 16
MXFP4,BITSHIFT,U(-1,1),256,7168,7168,128x256x32_w8_v2,SKIP,BN/WARPS != 16
MXFP4,LUT,U(-1,1),256,7168,7168,64x64x32_w4_v2,OK,ms=2.627,tflops=10.01,gbps=16.0,maxabs=2.392e-02,p99=1.214e-02,rel=1.847e-04
MXFP4,BITSHIFT,U(-1,1),256,7168,7168,64x64x32_w4_v2,SKIP,opt only LUT path
MXFP4,LUT,U(-1,1),256,7168,7168,64x128x32_w4_v2,SKIP,BN/WARPS != 16
MXFP4,BITSHIFT,U(-1,1),256,7168,7168,64x128x32_w4_v2,SKIP,BN/WARPS != 16
MXFP4,LUT,U(-1,1),256,7168,7168,128x64x32_w4_v3,OK,ms=1.347,tflops=19.53,gbps=31.2,maxabs=2.392e-02,p99=1.214e-02,rel=1.847e-04
MXFP4,BITSHIFT,U(-1,1),256,7168,7168,128x64x32_w4_v3,SKIP,opt only LUT path
MXFP4,LUT,U(-1,1),256,7168,7168,128x128x32_w4_v3,SKIP,BN/WARPS != 16
MXFP4,BITSHIFT,U(-1,1),256,7168,7168,128x128x32_w4_v3,SKIP,BN/WARPS != 16
MXFP4,LUT,U(-1,1),256,7168,7168,128x256x32_w8_v3,SKIP,BN/WARPS != 16
MXFP4,BITSHIFT,U(-1,1),256,7168,7168,128x256x32_w8_v3,SKIP,BN/WARPS != 16
MXFP4,LUT,U(-1,1),256,7168,7168,64x64x32_w4_v3,OK,ms=2.019,tflops=13.03,gbps=20.8,maxabs=2.392e-02,p99=1.214e-02,rel=1.847e-04
MXFP4,BITSHIFT,U(-1,1),256,7168,7168,64x64x32_w4_v3,SKIP,opt only LUT path
MXFP4,LUT,U(-1,1),256,7168,7168,64x128x32_w4_v3,SKIP,BN/WARPS != 16
MXFP4,BITSHIFT,U(-1,1),256,7168,7168,64x128x32_w4_v3,SKIP,BN/WARPS != 16
MXFP4,LUT,U(-1,1),256,7168,7168,32x128x32_w4_v3_b1,SKIP,BN/WARPS != 16
MXFP4,BITSHIFT,U(-1,1),256,7168,7168,32x128x32_w4_v3_b1,SKIP,BN/WARPS != 16
MXFP4,LUT,U(-1,1),256,7168,7168,32x64x32_w4_v3_b1,OK,ms=1.880,tflops=13.99,gbps=22.3,maxabs=2.392e-02,p99=1.214e-02,rel=1.847e-04
MXFP4,BITSHIFT,U(-1,1),256,7168,7168,32x64x32_w4_v3_b1,SKIP,opt only LUT path
MXFP4,LUT,U(-1,1),256,7168,7168,32x256x32_w8_v3_b1,SKIP,BN/WARPS != 16
MXFP4,BITSHIFT,U(-1,1),256,7168,7168,32x256x32_w8_v3_b1,SKIP,BN/WARPS != 16
MXFP4,LUT,U(-1,1),256,7168,7168,128x128x32_w8_v3_b1alt,SKIP,no template
MXFP4,BITSHIFT,U(-1,1),256,7168,7168,128x128x32_w8_v3_b1alt,SKIP,opt only LUT path
MXFP4,LUT,U(-1,1),256,7168,7168,64x128x32_w8_v3_b1alt,SKIP,no template
MXFP4,BITSHIFT,U(-1,1),256,7168,7168,64x128x32_w8_v3_b1alt,SKIP,opt only LUT path
MXFP4,LUT,U(-1,1),256,7168,7168,128x64x32_w4_v4,OK,ms=1.355,tflops=19.42,gbps=31.0,maxabs=2.392e-02,p99=1.214e-02,rel=1.847e-04
MXFP4,BITSHIFT,U(-1,1),256,7168,7168,128x64x32_w4_v4,SKIP,opt only LUT path
MXFP4,LUT,U(-1,1),256,7168,7168,128x128x32_w4_v4,SKIP,BN/WARPS != 16
MXFP4,BITSHIFT,U(-1,1),256,7168,7168,128x128x32_w4_v4,SKIP,BN/WARPS != 16
MXFP4,LUT,U(-1,1),256,7168,7168,64x64x32_w4_v4,OK,ms=1.894,tflops=13.89,gbps=22.2,maxabs=2.392e-02,p99=1.214e-02,rel=1.847e-04
MXFP4,BITSHIFT,U(-1,1),256,7168,7168,64x64x32_w4_v4,SKIP,opt only LUT path
MXFP4,LUT,U(-1,1),256,7168,7168,64x128x32_w4_v4,SKIP,BN/WARPS != 16
MXFP4,BITSHIFT,U(-1,1),256,7168,7168,64x128x32_w4_v4,SKIP,BN/WARPS != 16
MXFP4,LUT,U(-1,1),256,7168,7168,128x64x32_w4_v5,OK,ms=2.052,tflops=12.82,gbps=20.5,maxabs=2.392e-02,p99=1.214e-02,rel=1.847e-04
MXFP4,BITSHIFT,U(-1,1),256,7168,7168,128x64x32_w4_v5,SKIP,opt only LUT path
MXFP4,LUT,U(-1,1),256,7168,7168,128x128x32_w4_v5,SKIP,BN/WARPS != 16
MXFP4,BITSHIFT,U(-1,1),256,7168,7168,128x128x32_w4_v5,SKIP,BN/WARPS != 16
MXFP4,LUT,U(-1,1),256,7168,7168,64x64x32_w4_v5,OK,ms=2.143,tflops=12.28,gbps=19.6,maxabs=2.392e-02,p99=1.214e-02,rel=1.847e-04
MXFP4,BITSHIFT,U(-1,1),256,7168,7168,64x64x32_w4_v5,SKIP,opt only LUT path
MXFP4,LUT,U(-1,1),256,7168,7168,64x128x32_w4_v5,SKIP,BN/WARPS != 16
MXFP4,BITSHIFT,U(-1,1),256,7168,7168,64x128x32_w4_v5,SKIP,BN/WARPS != 16
MXFP4,LUT,U(-1,1),256,7168,7168,128x128x64_w4_v6,SKIP,BN/WARPS != 16
MXFP4,BITSHIFT,U(-1,1),256,7168,7168,128x128x64_w4_v6,SKIP,BN/WARPS != 16
MXFP4,LUT,U(-1,1),256,7168,7168,128x64x64_w4_v6,SKIP,v6 only INT8 (A1 retry)
MXFP4,BITSHIFT,U(-1,1),256,7168,7168,128x64x64_w4_v6,SKIP,opt only LUT path
MXFP4,LUT,U(-1,1),256,7168,7168,64x128x64_w4_v6,SKIP,BN/WARPS != 16
MXFP4,BITSHIFT,U(-1,1),256,7168,7168,64x128x64_w4_v6,SKIP,BN/WARPS != 16
MXFP4,LUT,U(-1,1),256,7168,7168,64x64x64_w4_v6,SKIP,v6 only INT8 (A1 retry)
MXFP4,BITSHIFT,U(-1,1),256,7168,7168,64x64x64_w4_v6,SKIP,opt only LUT path
MXFP4,LUT,U(-1,1),256,7168,7168,64x128x32_w4_v7,SKIP,BN/WARPS != 16
MXFP4,BITSHIFT,U(-1,1),256,7168,7168,64x128x32_w4_v7,SKIP,BN/WARPS != 16
MXFP4,LUT,U(-1,1),256,7168,7168,64x64x32_w4_v7,SKIP,v7 only INT8 (B3 triple-buffer)
MXFP4,BITSHIFT,U(-1,1),256,7168,7168,64x64x32_w4_v7,SKIP,opt only LUT path
MXFP4,LUT,U(-1,1),256,7168,7168,32x128x32_w4_v7,SKIP,BN/WARPS != 16
MXFP4,BITSHIFT,U(-1,1),256,7168,7168,32x128x32_w4_v7,SKIP,BN/WARPS != 16
MXFP4,LUT,U(-1,1),256,7168,7168,32x64x32_w4_v7,SKIP,v7 only INT8 (B3 triple-buffer)
MXFP4,BITSHIFT,U(-1,1),256,7168,7168,32x64x32_w4_v7,SKIP,opt only LUT path
MXFP4,LUT,U(-1,1),512,7168,7168,16x64x32_w4,OK,ms=10.941,tflops=4.81,gbps=5.2,maxabs=2.579e-02,p99=1.241e-02,rel=1.847e-04
MXFP4,BITSHIFT,U(-1,1),512,7168,7168,16x64x32_w4,OK,ms=16.124,tflops=3.26,gbps=3.5,maxabs=2.580e-02,p99=1.242e-02,rel=1.847e-04
MXFP4,LUT,U(-1,1),512,7168,7168,16x128x32_w8,OK,ms=12.556,tflops=4.19,gbps=4.5,maxabs=2.579e-02,p99=1.241e-02,rel=1.847e-04
MXFP4,BITSHIFT,U(-1,1),512,7168,7168,16x128x32_w8,OK,ms=17.331,tflops=3.04,gbps=3.3,maxabs=2.580e-02,p99=1.242e-02,rel=1.847e-04
MXFP4,LUT,U(-1,1),512,7168,7168,16x128x32_w4f2,SKIP,BN/WARPS != 16
MXFP4,BITSHIFT,U(-1,1),512,7168,7168,16x128x32_w4f2,SKIP,BN/WARPS != 16
MXFP4,LUT,U(-1,1),512,7168,7168,16x256x32_w4f4,SKIP,BN/WARPS != 16
MXFP4,BITSHIFT,U(-1,1),512,7168,7168,16x256x32_w4f4,SKIP,BN/WARPS != 16
MXFP4,LUT,U(-1,1),512,7168,7168,128x64x32_w4_v1,SKIP,no template
MXFP4,BITSHIFT,U(-1,1),512,7168,7168,128x64x32_w4_v1,SKIP,opt only LUT path
MXFP4,LUT,U(-1,1),512,7168,7168,128x128x32_w4_v1,SKIP,BN/WARPS != 16
MXFP4,BITSHIFT,U(-1,1),512,7168,7168,128x128x32_w4_v1,SKIP,BN/WARPS != 16
MXFP4,LUT,U(-1,1),512,7168,7168,128x256x32_w4_v1,SKIP,BN/WARPS != 16
MXFP4,BITSHIFT,U(-1,1),512,7168,7168,128x256x32_w4_v1,SKIP,BN/WARPS != 16
MXFP4,LUT,U(-1,1),512,7168,7168,128x256x32_w8_v1,SKIP,BN/WARPS != 16
MXFP4,BITSHIFT,U(-1,1),512,7168,7168,128x256x32_w8_v1,SKIP,BN/WARPS != 16
MXFP4,LUT,U(-1,1),512,7168,7168,64x64x32_w4_v1,SKIP,no template
MXFP4,BITSHIFT,U(-1,1),512,7168,7168,64x64x32_w4_v1,SKIP,opt only LUT path
MXFP4,LUT,U(-1,1),512,7168,7168,64x128x32_w4_v1,SKIP,BN/WARPS != 16
MXFP4,BITSHIFT,U(-1,1),512,7168,7168,64x128x32_w4_v1,SKIP,BN/WARPS != 16
MXFP4,LUT,U(-1,1),512,7168,7168,128x64x32_w4_v2,OK,ms=3.897,tflops=13.50,gbps=14.5,maxabs=2.579e-02,p99=1.241e-02,rel=1.847e-04
MXFP4,BITSHIFT,U(-1,1),512,7168,7168,128x64x32_w4_v2,SKIP,opt only LUT path
MXFP4,LUT,U(-1,1),512,7168,7168,128x128x32_w4_v2,SKIP,BN/WARPS != 16
MXFP4,BITSHIFT,U(-1,1),512,7168,7168,128x128x32_w4_v2,SKIP,BN/WARPS != 16
MXFP4,LUT,U(-1,1),512,7168,7168,128x256x32_w4_v2,SKIP,BN/WARPS != 16
MXFP4,BITSHIFT,U(-1,1),512,7168,7168,128x256x32_w4_v2,SKIP,BN/WARPS != 16
MXFP4,LUT,U(-1,1),512,7168,7168,128x256x32_w8_v2,SKIP,BN/WARPS != 16
MXFP4,BITSHIFT,U(-1,1),512,7168,7168,128x256x32_w8_v2,SKIP,BN/WARPS != 16
MXFP4,LUT,U(-1,1),512,7168,7168,64x64x32_w4_v2,OK,ms=4.347,tflops=12.10,gbps=13.0,maxabs=2.579e-02,p99=1.241e-02,rel=1.847e-04
MXFP4,BITSHIFT,U(-1,1),512,7168,7168,64x64x32_w4_v2,SKIP,opt only LUT path
MXFP4,LUT,U(-1,1),512,7168,7168,64x128x32_w4_v2,SKIP,BN/WARPS != 16
MXFP4,BITSHIFT,U(-1,1),512,7168,7168,64x128x32_w4_v2,SKIP,BN/WARPS != 16
MXFP4,LUT,U(-1,1),512,7168,7168,128x64x32_w4_v3,OK,ms=2.694,tflops=19.53,gbps=21.0,maxabs=2.579e-02,p99=1.241e-02,rel=1.847e-04
MXFP4,BITSHIFT,U(-1,1),512,7168,7168,128x64x32_w4_v3,SKIP,opt only LUT path
MXFP4,LUT,U(-1,1),512,7168,7168,128x128x32_w4_v3,SKIP,BN/WARPS != 16
MXFP4,BITSHIFT,U(-1,1),512,7168,7168,128x128x32_w4_v3,SKIP,BN/WARPS != 16
MXFP4,LUT,U(-1,1),512,7168,7168,128x256x32_w8_v3,SKIP,BN/WARPS != 16
MXFP4,BITSHIFT,U(-1,1),512,7168,7168,128x256x32_w8_v3,SKIP,BN/WARPS != 16
MXFP4,LUT,U(-1,1),512,7168,7168,64x64x32_w4_v3,OK,ms=3.007,tflops=17.50,gbps=18.8,maxabs=2.579e-02,p99=1.241e-02,rel=1.847e-04
MXFP4,BITSHIFT,U(-1,1),512,7168,7168,64x64x32_w4_v3,SKIP,opt only LUT path
MXFP4,LUT,U(-1,1),512,7168,7168,64x128x32_w4_v3,SKIP,BN/WARPS != 16
MXFP4,BITSHIFT,U(-1,1),512,7168,7168,64x128x32_w4_v3,SKIP,BN/WARPS != 16
MXFP4,LUT,U(-1,1),512,7168,7168,32x128x32_w4_v3_b1,SKIP,BN/WARPS != 16
MXFP4,BITSHIFT,U(-1,1),512,7168,7168,32x128x32_w4_v3_b1,SKIP,BN/WARPS != 16
MXFP4,LUT,U(-1,1),512,7168,7168,32x64x32_w4_v3_b1,OK,ms=3.749,tflops=14.03,gbps=15.1,maxabs=2.579e-02,p99=1.241e-02,rel=1.847e-04
MXFP4,BITSHIFT,U(-1,1),512,7168,7168,32x64x32_w4_v3_b1,SKIP,opt only LUT path
MXFP4,LUT,U(-1,1),512,7168,7168,32x256x32_w8_v3_b1,SKIP,BN/WARPS != 16
MXFP4,BITSHIFT,U(-1,1),512,7168,7168,32x256x32_w8_v3_b1,SKIP,BN/WARPS != 16
MXFP4,LUT,U(-1,1),512,7168,7168,128x128x32_w8_v3_b1alt,SKIP,no template
MXFP4,BITSHIFT,U(-1,1),512,7168,7168,128x128x32_w8_v3_b1alt,SKIP,opt only LUT path
MXFP4,LUT,U(-1,1),512,7168,7168,64x128x32_w8_v3_b1alt,SKIP,no template
MXFP4,BITSHIFT,U(-1,1),512,7168,7168,64x128x32_w8_v3_b1alt,SKIP,opt only LUT path
MXFP4,LUT,U(-1,1),512,7168,7168,128x64x32_w4_v4,OK,ms=2.710,tflops=19.41,gbps=20.9,maxabs=2.579e-02,p99=1.241e-02,rel=1.847e-04
MXFP4,BITSHIFT,U(-1,1),512,7168,7168,128x64x32_w4_v4,SKIP,opt only LUT path
MXFP4,LUT,U(-1,1),512,7168,7168,128x128x32_w4_v4,SKIP,BN/WARPS != 16
MXFP4,BITSHIFT,U(-1,1),512,7168,7168,128x128x32_w4_v4,SKIP,BN/WARPS != 16
MXFP4,LUT,U(-1,1),512,7168,7168,64x64x32_w4_v4,OK,ms=3.241,tflops=16.23,gbps=17.5,maxabs=2.579e-02,p99=1.241e-02,rel=1.847e-04
MXFP4,BITSHIFT,U(-1,1),512,7168,7168,64x64x32_w4_v4,SKIP,opt only LUT path
MXFP4,LUT,U(-1,1),512,7168,7168,64x128x32_w4_v4,SKIP,BN/WARPS != 16
MXFP4,BITSHIFT,U(-1,1),512,7168,7168,64x128x32_w4_v4,SKIP,BN/WARPS != 16
MXFP4,LUT,U(-1,1),512,7168,7168,128x64x32_w4_v5,OK,ms=3.446,tflops=15.27,gbps=16.4,maxabs=2.579e-02,p99=1.241e-02,rel=1.847e-04
MXFP4,BITSHIFT,U(-1,1),512,7168,7168,128x64x32_w4_v5,SKIP,opt only LUT path
MXFP4,LUT,U(-1,1),512,7168,7168,128x128x32_w4_v5,SKIP,BN/WARPS != 16
MXFP4,BITSHIFT,U(-1,1),512,7168,7168,128x128x32_w4_v5,SKIP,BN/WARPS != 16
MXFP4,LUT,U(-1,1),512,7168,7168,64x64x32_w4_v5,OK,ms=4.322,tflops=12.17,gbps=13.1,maxabs=2.579e-02,p99=1.241e-02,rel=1.847e-04
MXFP4,BITSHIFT,U(-1,1),512,7168,7168,64x64x32_w4_v5,SKIP,opt only LUT path
MXFP4,LUT,U(-1,1),512,7168,7168,64x128x32_w4_v5,SKIP,BN/WARPS != 16
MXFP4,BITSHIFT,U(-1,1),512,7168,7168,64x128x32_w4_v5,SKIP,BN/WARPS != 16
MXFP4,LUT,U(-1,1),512,7168,7168,128x128x64_w4_v6,SKIP,BN/WARPS != 16
MXFP4,BITSHIFT,U(-1,1),512,7168,7168,128x128x64_w4_v6,SKIP,BN/WARPS != 16
MXFP4,LUT,U(-1,1),512,7168,7168,128x64x64_w4_v6,SKIP,v6 only INT8 (A1 retry)
MXFP4,BITSHIFT,U(-1,1),512,7168,7168,128x64x64_w4_v6,SKIP,opt only LUT path
MXFP4,LUT,U(-1,1),512,7168,7168,64x128x64_w4_v6,SKIP,BN/WARPS != 16
MXFP4,BITSHIFT,U(-1,1),512,7168,7168,64x128x64_w4_v6,SKIP,BN/WARPS != 16
MXFP4,LUT,U(-1,1),512,7168,7168,64x64x64_w4_v6,SKIP,v6 only INT8 (A1 retry)
MXFP4,BITSHIFT,U(-1,1),512,7168,7168,64x64x64_w4_v6,SKIP,opt only LUT path
MXFP4,LUT,U(-1,1),512,7168,7168,64x128x32_w4_v7,SKIP,BN/WARPS != 16
MXFP4,BITSHIFT,U(-1,1),512,7168,7168,64x128x32_w4_v7,SKIP,BN/WARPS != 16
MXFP4,LUT,U(-1,1),512,7168,7168,64x64x32_w4_v7,SKIP,v7 only INT8 (B3 triple-buffer)
MXFP4,BITSHIFT,U(-1,1),512,7168,7168,64x64x32_w4_v7,SKIP,opt only LUT path
MXFP4,LUT,U(-1,1),512,7168,7168,32x128x32_w4_v7,SKIP,BN/WARPS != 16
MXFP4,BITSHIFT,U(-1,1),512,7168,7168,32x128x32_w4_v7,SKIP,BN/WARPS != 16
MXFP4,LUT,U(-1,1),512,7168,7168,32x64x32_w4_v7,SKIP,v7 only INT8 (B3 triple-buffer)
MXFP4,BITSHIFT,U(-1,1),512,7168,7168,32x64x32_w4_v7,SKIP,opt only LUT path
MXFP4,LUT,U(-1,1),1024,7168,7168,16x64x32_w4,OK,ms=21.863,tflops=4.81,gbps=3.9,maxabs=2.579e-02,p99=1.245e-02,rel=1.846e-04
MXFP4,BITSHIFT,U(-1,1),1024,7168,7168,16x64x32_w4,OK,ms=31.971,tflops=3.29,gbps=2.7,maxabs=2.580e-02,p99=1.245e-02,rel=1.846e-04
MXFP4,LUT,U(-1,1),1024,7168,7168,16x128x32_w8,OK,ms=24.994,tflops=4.21,gbps=3.4,maxabs=2.579e-02,p99=1.245e-02,rel=1.846e-04
MXFP4,BITSHIFT,U(-1,1),1024,7168,7168,16x128x32_w8,OK,ms=34.392,tflops=3.06,gbps=2.5,maxabs=2.580e-02,p99=1.245e-02,rel=1.846e-04
MXFP4,LUT,U(-1,1),1024,7168,7168,16x128x32_w4f2,SKIP,BN/WARPS != 16
MXFP4,BITSHIFT,U(-1,1),1024,7168,7168,16x128x32_w4f2,SKIP,BN/WARPS != 16
MXFP4,LUT,U(-1,1),1024,7168,7168,16x256x32_w4f4,SKIP,BN/WARPS != 16
MXFP4,BITSHIFT,U(-1,1),1024,7168,7168,16x256x32_w4f4,SKIP,BN/WARPS != 16
MXFP4,LUT,U(-1,1),1024,7168,7168,128x64x32_w4_v1,SKIP,no template
MXFP4,BITSHIFT,U(-1,1),1024,7168,7168,128x64x32_w4_v1,SKIP,opt only LUT path
MXFP4,LUT,U(-1,1),1024,7168,7168,128x128x32_w4_v1,SKIP,BN/WARPS != 16
MXFP4,BITSHIFT,U(-1,1),1024,7168,7168,128x128x32_w4_v1,SKIP,BN/WARPS != 16
MXFP4,LUT,U(-1,1),1024,7168,7168,128x256x32_w4_v1,SKIP,BN/WARPS != 16
MXFP4,BITSHIFT,U(-1,1),1024,7168,7168,128x256x32_w4_v1,SKIP,BN/WARPS != 16
MXFP4,LUT,U(-1,1),1024,7168,7168,128x256x32_w8_v1,SKIP,BN/WARPS != 16
MXFP4,BITSHIFT,U(-1,1),1024,7168,7168,128x256x32_w8_v1,SKIP,BN/WARPS != 16
MXFP4,LUT,U(-1,1),1024,7168,7168,64x64x32_w4_v1,SKIP,no template
MXFP4,BITSHIFT,U(-1,1),1024,7168,7168,64x64x32_w4_v1,SKIP,opt only LUT path
MXFP4,LUT,U(-1,1),1024,7168,7168,64x128x32_w4_v1,SKIP,BN/WARPS != 16
MXFP4,BITSHIFT,U(-1,1),1024,7168,7168,64x128x32_w4_v1,SKIP,BN/WARPS != 16
MXFP4,LUT,U(-1,1),1024,7168,7168,128x64x32_w4_v2,OK,ms=5.744,tflops=18.32,gbps=15.0,maxabs=2.579e-02,p99=1.245e-02,rel=1.846e-04
MXFP4,BITSHIFT,U(-1,1),1024,7168,7168,128x64x32_w4_v2,SKIP,opt only LUT path
MXFP4,LUT,U(-1,1),1024,7168,7168,128x128x32_w4_v2,SKIP,BN/WARPS != 16
MXFP4,BITSHIFT,U(-1,1),1024,7168,7168,128x128x32_w4_v2,SKIP,BN/WARPS != 16
MXFP4,LUT,U(-1,1),1024,7168,7168,128x256x32_w4_v2,SKIP,BN/WARPS != 16
MXFP4,BITSHIFT,U(-1,1),1024,7168,7168,128x256x32_w4_v2,SKIP,BN/WARPS != 16
MXFP4,LUT,U(-1,1),1024,7168,7168,128x256x32_w8_v2,SKIP,BN/WARPS != 16
MXFP4,BITSHIFT,U(-1,1),1024,7168,7168,128x256x32_w8_v2,SKIP,BN/WARPS != 16
MXFP4,LUT,U(-1,1),1024,7168,7168,64x64x32_w4_v2,OK,ms=7.386,tflops=14.25,gbps=11.6,maxabs=2.579e-02,p99=1.245e-02,rel=1.846e-04
MXFP4,BITSHIFT,U(-1,1),1024,7168,7168,64x64x32_w4_v2,SKIP,opt only LUT path
MXFP4,LUT,U(-1,1),1024,7168,7168,64x128x32_w4_v2,SKIP,BN/WARPS != 16
MXFP4,BITSHIFT,U(-1,1),1024,7168,7168,64x128x32_w4_v2,SKIP,BN/WARPS != 16
MXFP4,LUT,U(-1,1),1024,7168,7168,128x64x32_w4_v3,OK,ms=5.359,tflops=19.63,gbps=16.0,maxabs=2.579e-02,p99=1.245e-02,rel=1.846e-04
MXFP4,BITSHIFT,U(-1,1),1024,7168,7168,128x64x32_w4_v3,SKIP,opt only LUT path
MXFP4,LUT,U(-1,1),1024,7168,7168,128x128x32_w4_v3,SKIP,BN/WARPS != 16
MXFP4,BITSHIFT,U(-1,1),1024,7168,7168,128x128x32_w4_v3,SKIP,BN/WARPS != 16
MXFP4,LUT,U(-1,1),1024,7168,7168,128x256x32_w8_v3,SKIP,BN/WARPS != 16
MXFP4,BITSHIFT,U(-1,1),1024,7168,7168,128x256x32_w8_v3,SKIP,BN/WARPS != 16
MXFP4,LUT,U(-1,1),1024,7168,7168,64x64x32_w4_v3,OK,ms=6.004,tflops=17.53,gbps=14.3,maxabs=2.579e-02,p99=1.245e-02,rel=1.846e-04
MXFP4,BITSHIFT,U(-1,1),1024,7168,7168,64x64x32_w4_v3,SKIP,opt only LUT path
MXFP4,LUT,U(-1,1),1024,7168,7168,64x128x32_w4_v3,SKIP,BN/WARPS != 16
MXFP4,BITSHIFT,U(-1,1),1024,7168,7168,64x128x32_w4_v3,SKIP,BN/WARPS != 16
MXFP4,LUT,U(-1,1),1024,7168,7168,32x128x32_w4_v3_b1,SKIP,BN/WARPS != 16
MXFP4,BITSHIFT,U(-1,1),1024,7168,7168,32x128x32_w4_v3_b1,SKIP,BN/WARPS != 16
MXFP4,LUT,U(-1,1),1024,7168,7168,32x64x32_w4_v3_b1,OK,ms=7.287,tflops=14.44,gbps=11.8,maxabs=2.579e-02,p99=1.245e-02,rel=1.846e-04
MXFP4,BITSHIFT,U(-1,1),1024,7168,7168,32x64x32_w4_v3_b1,SKIP,opt only LUT path
MXFP4,LUT,U(-1,1),1024,7168,7168,32x256x32_w8_v3_b1,SKIP,BN/WARPS != 16
MXFP4,BITSHIFT,U(-1,1),1024,7168,7168,32x256x32_w8_v3_b1,SKIP,BN/WARPS != 16
MXFP4,LUT,U(-1,1),1024,7168,7168,128x128x32_w8_v3_b1alt,SKIP,no template
MXFP4,BITSHIFT,U(-1,1),1024,7168,7168,128x128x32_w8_v3_b1alt,SKIP,opt only LUT path
MXFP4,LUT,U(-1,1),1024,7168,7168,64x128x32_w8_v3_b1alt,SKIP,no template
MXFP4,BITSHIFT,U(-1,1),1024,7168,7168,64x128x32_w8_v3_b1alt,SKIP,opt only LUT path
MXFP4,LUT,U(-1,1),1024,7168,7168,128x64x32_w4_v4,OK,ms=5.389,tflops=19.53,gbps=16.0,maxabs=2.579e-02,p99=1.245e-02,rel=1.846e-04
MXFP4,BITSHIFT,U(-1,1),1024,7168,7168,128x64x32_w4_v4,SKIP,opt only LUT path
MXFP4,LUT,U(-1,1),1024,7168,7168,128x128x32_w4_v4,SKIP,BN/WARPS != 16
MXFP4,BITSHIFT,U(-1,1),1024,7168,7168,128x128x32_w4_v4,SKIP,BN/WARPS != 16
MXFP4,LUT,U(-1,1),1024,7168,7168,64x64x32_w4_v4,OK,ms=6.154,tflops=17.10,gbps=14.0,maxabs=2.579e-02,p99=1.245e-02,rel=1.846e-04
MXFP4,BITSHIFT,U(-1,1),1024,7168,7168,64x64x32_w4_v4,SKIP,opt only LUT path
MXFP4,LUT,U(-1,1),1024,7168,7168,64x128x32_w4_v4,SKIP,BN/WARPS != 16
MXFP4,BITSHIFT,U(-1,1),1024,7168,7168,64x128x32_w4_v4,SKIP,BN/WARPS != 16
MXFP4,LUT,U(-1,1),1024,7168,7168,128x64x32_w4_v5,OK,ms=7.039,tflops=14.95,gbps=12.2,maxabs=2.579e-02,p99=1.245e-02,rel=1.846e-04
MXFP4,BITSHIFT,U(-1,1),1024,7168,7168,128x64x32_w4_v5,SKIP,opt only LUT path
MXFP4,LUT,U(-1,1),1024,7168,7168,128x128x32_w4_v5,SKIP,BN/WARPS != 16
MXFP4,BITSHIFT,U(-1,1),1024,7168,7168,128x128x32_w4_v5,SKIP,BN/WARPS != 16
MXFP4,LUT,U(-1,1),1024,7168,7168,64x64x32_w4_v5,OK,ms=8.596,tflops=12.24,gbps=10.0,maxabs=2.579e-02,p99=1.245e-02,rel=1.846e-04
MXFP4,BITSHIFT,U(-1,1),1024,7168,7168,64x64x32_w4_v5,SKIP,opt only LUT path
MXFP4,LUT,U(-1,1),1024,7168,7168,64x128x32_w4_v5,SKIP,BN/WARPS != 16
MXFP4,BITSHIFT,U(-1,1),1024,7168,7168,64x128x32_w4_v5,SKIP,BN/WARPS != 16
MXFP4,LUT,U(-1,1),1024,7168,7168,128x128x64_w4_v6,SKIP,BN/WARPS != 16
MXFP4,BITSHIFT,U(-1,1),1024,7168,7168,128x128x64_w4_v6,SKIP,BN/WARPS != 16
MXFP4,LUT,U(-1,1),1024,7168,7168,128x64x64_w4_v6,SKIP,v6 only INT8 (A1 retry)
MXFP4,BITSHIFT,U(-1,1),1024,7168,7168,128x64x64_w4_v6,SKIP,opt only LUT path
MXFP4,LUT,U(-1,1),1024,7168,7168,64x128x64_w4_v6,SKIP,BN/WARPS != 16
MXFP4,BITSHIFT,U(-1,1),1024,7168,7168,64x128x64_w4_v6,SKIP,BN/WARPS != 16
MXFP4,LUT,U(-1,1),1024,7168,7168,64x64x64_w4_v6,SKIP,v6 only INT8 (A1 retry)
MXFP4,BITSHIFT,U(-1,1),1024,7168,7168,64x64x64_w4_v6,SKIP,opt only LUT path
MXFP4,LUT,U(-1,1),1024,7168,7168,64x128x32_w4_v7,SKIP,BN/WARPS != 16
MXFP4,BITSHIFT,U(-1,1),1024,7168,7168,64x128x32_w4_v7,SKIP,BN/WARPS != 16
MXFP4,LUT,U(-1,1),1024,7168,7168,64x64x32_w4_v7,SKIP,v7 only INT8 (B3 triple-buffer)
MXFP4,BITSHIFT,U(-1,1),1024,7168,7168,64x64x32_w4_v7,SKIP,opt only LUT path
MXFP4,LUT,U(-1,1),1024,7168,7168,32x128x32_w4_v7,SKIP,BN/WARPS != 16
MXFP4,BITSHIFT,U(-1,1),1024,7168,7168,32x128x32_w4_v7,SKIP,BN/WARPS != 16
MXFP4,LUT,U(-1,1),1024,7168,7168,32x64x32_w4_v7,SKIP,v7 only INT8 (B3 triple-buffer)
MXFP4,BITSHIFT,U(-1,1),1024,7168,7168,32x64x32_w4_v7,SKIP,opt only LUT path
MXFP4,LUT,U(-1,1),2048,7168,7168,16x64x32_w4,OK,ms=43.708,tflops=4.81,gbps=3.3,maxabs=2.631e-02,p99=1.225e-02,rel=1.846e-04
MXFP4,BITSHIFT,U(-1,1),2048,7168,7168,16x64x32_w4,OK,ms=61.701,tflops=3.41,gbps=2.3,maxabs=2.630e-02,p99=1.226e-02,rel=1.846e-04
MXFP4,LUT,U(-1,1),2048,7168,7168,16x128x32_w8,OK,ms=48.141,tflops=4.37,gbps=3.0,maxabs=2.631e-02,p99=1.225e-02,rel=1.846e-04
MXFP4,BITSHIFT,U(-1,1),2048,7168,7168,16x128x32_w8,OK,ms=66.125,tflops=3.18,gbps=2.2,maxabs=2.630e-02,p99=1.226e-02,rel=1.846e-04
MXFP4,LUT,U(-1,1),2048,7168,7168,16x128x32_w4f2,SKIP,BN/WARPS != 16
MXFP4,BITSHIFT,U(-1,1),2048,7168,7168,16x128x32_w4f2,SKIP,BN/WARPS != 16
MXFP4,LUT,U(-1,1),2048,7168,7168,16x256x32_w4f4,SKIP,BN/WARPS != 16
MXFP4,BITSHIFT,U(-1,1),2048,7168,7168,16x256x32_w4f4,SKIP,BN/WARPS != 16
MXFP4,LUT,U(-1,1),2048,7168,7168,128x64x32_w4_v1,SKIP,no template
MXFP4,BITSHIFT,U(-1,1),2048,7168,7168,128x64x32_w4_v1,SKIP,opt only LUT path
MXFP4,LUT,U(-1,1),2048,7168,7168,128x128x32_w4_v1,SKIP,BN/WARPS != 16
MXFP4,BITSHIFT,U(-1,1),2048,7168,7168,128x128x32_w4_v1,SKIP,BN/WARPS != 16
MXFP4,LUT,U(-1,1),2048,7168,7168,128x256x32_w4_v1,SKIP,BN/WARPS != 16
MXFP4,BITSHIFT,U(-1,1),2048,7168,7168,128x256x32_w4_v1,SKIP,BN/WARPS != 16
MXFP4,LUT,U(-1,1),2048,7168,7168,128x256x32_w8_v1,SKIP,BN/WARPS != 16
MXFP4,BITSHIFT,U(-1,1),2048,7168,7168,128x256x32_w8_v1,SKIP,BN/WARPS != 16
MXFP4,LUT,U(-1,1),2048,7168,7168,64x64x32_w4_v1,SKIP,no template
MXFP4,BITSHIFT,U(-1,1),2048,7168,7168,64x64x32_w4_v1,SKIP,opt only LUT path
MXFP4,LUT,U(-1,1),2048,7168,7168,64x128x32_w4_v1,SKIP,BN/WARPS != 16
MXFP4,BITSHIFT,U(-1,1),2048,7168,7168,64x128x32_w4_v1,SKIP,BN/WARPS != 16
MXFP4,LUT,U(-1,1),2048,7168,7168,128x64x32_w4_v2,OK,ms=11.487,tflops=18.32,gbps=12.6,maxabs=2.631e-02,p99=1.225e-02,rel=1.846e-04
MXFP4,BITSHIFT,U(-1,1),2048,7168,7168,128x64x32_w4_v2,SKIP,opt only LUT path
MXFP4,LUT,U(-1,1),2048,7168,7168,128x128x32_w4_v2,SKIP,BN/WARPS != 16
MXFP4,BITSHIFT,U(-1,1),2048,7168,7168,128x128x32_w4_v2,SKIP,BN/WARPS != 16
MXFP4,LUT,U(-1,1),2048,7168,7168,128x256x32_w4_v2,SKIP,BN/WARPS != 16
MXFP4,BITSHIFT,U(-1,1),2048,7168,7168,128x256x32_w4_v2,SKIP,BN/WARPS != 16
MXFP4,LUT,U(-1,1),2048,7168,7168,128x256x32_w8_v2,SKIP,BN/WARPS != 16
MXFP4,BITSHIFT,U(-1,1),2048,7168,7168,128x256x32_w8_v2,SKIP,BN/WARPS != 16
MXFP4,LUT,U(-1,1),2048,7168,7168,64x64x32_w4_v2,OK,ms=13.196,tflops=15.95,gbps=11.0,maxabs=2.631e-02,p99=1.225e-02,rel=1.846e-04
MXFP4,BITSHIFT,U(-1,1),2048,7168,7168,64x64x32_w4_v2,SKIP,opt only LUT path
MXFP4,LUT,U(-1,1),2048,7168,7168,64x128x32_w4_v2,SKIP,BN/WARPS != 16
MXFP4,BITSHIFT,U(-1,1),2048,7168,7168,64x128x32_w4_v2,SKIP,BN/WARPS != 16
MXFP4,LUT,U(-1,1),2048,7168,7168,128x64x32_w4_v3,OK,ms=10.676,tflops=19.71,gbps=13.6,maxabs=2.631e-02,p99=1.225e-02,rel=1.846e-04
MXFP4,BITSHIFT,U(-1,1),2048,7168,7168,128x64x32_w4_v3,SKIP,opt only LUT path
MXFP4,LUT,U(-1,1),2048,7168,7168,128x128x32_w4_v3,SKIP,BN/WARPS != 16
MXFP4,BITSHIFT,U(-1,1),2048,7168,7168,128x128x32_w4_v3,SKIP,BN/WARPS != 16
MXFP4,LUT,U(-1,1),2048,7168,7168,128x256x32_w8_v3,SKIP,BN/WARPS != 16
MXFP4,BITSHIFT,U(-1,1),2048,7168,7168,128x256x32_w8_v3,SKIP,BN/WARPS != 16
MXFP4,LUT,U(-1,1),2048,7168,7168,64x64x32_w4_v3,OK,ms=11.902,tflops=17.68,gbps=12.2,maxabs=2.631e-02,p99=1.225e-02,rel=1.846e-04
MXFP4,BITSHIFT,U(-1,1),2048,7168,7168,64x64x32_w4_v3,SKIP,opt only LUT path
MXFP4,LUT,U(-1,1),2048,7168,7168,64x128x32_w4_v3,SKIP,BN/WARPS != 16
MXFP4,BITSHIFT,U(-1,1),2048,7168,7168,64x128x32_w4_v3,SKIP,BN/WARPS != 16
MXFP4,LUT,U(-1,1),2048,7168,7168,32x128x32_w4_v3_b1,SKIP,BN/WARPS != 16
MXFP4,BITSHIFT,U(-1,1),2048,7168,7168,32x128x32_w4_v3_b1,SKIP,BN/WARPS != 16
MXFP4,LUT,U(-1,1),2048,7168,7168,32x64x32_w4_v3_b1,OK,ms=14.013,tflops=15.02,gbps=10.3,maxabs=2.631e-02,p99=1.225e-02,rel=1.846e-04
MXFP4,BITSHIFT,U(-1,1),2048,7168,7168,32x64x32_w4_v3_b1,SKIP,opt only LUT path
MXFP4,LUT,U(-1,1),2048,7168,7168,32x256x32_w8_v3_b1,SKIP,BN/WARPS != 16
MXFP4,BITSHIFT,U(-1,1),2048,7168,7168,32x256x32_w8_v3_b1,SKIP,BN/WARPS != 16
MXFP4,LUT,U(-1,1),2048,7168,7168,128x128x32_w8_v3_b1alt,SKIP,no template
MXFP4,BITSHIFT,U(-1,1),2048,7168,7168,128x128x32_w8_v3_b1alt,SKIP,opt only LUT path
MXFP4,LUT,U(-1,1),2048,7168,7168,64x128x32_w8_v3_b1alt,SKIP,no template
MXFP4,BITSHIFT,U(-1,1),2048,7168,7168,64x128x32_w8_v3_b1alt,SKIP,opt only LUT path
MXFP4,LUT,U(-1,1),2048,7168,7168,128x64x32_w4_v4,OK,ms=10.746,tflops=19.58,gbps=13.5,maxabs=2.631e-02,p99=1.225e-02,rel=1.846e-04
MXFP4,BITSHIFT,U(-1,1),2048,7168,7168,128x64x32_w4_v4,SKIP,opt only LUT path
MXFP4,LUT,U(-1,1),2048,7168,7168,128x128x32_w4_v4,SKIP,BN/WARPS != 16
MXFP4,BITSHIFT,U(-1,1),2048,7168,7168,128x128x32_w4_v4,SKIP,BN/WARPS != 16
MXFP4,LUT,U(-1,1),2048,7168,7168,64x64x32_w4_v4,OK,ms=11.055,tflops=19.04,gbps=13.1,maxabs=2.631e-02,p99=1.225e-02,rel=1.846e-04
MXFP4,BITSHIFT,U(-1,1),2048,7168,7168,64x64x32_w4_v4,SKIP,opt only LUT path
MXFP4,LUT,U(-1,1),2048,7168,7168,64x128x32_w4_v4,SKIP,BN/WARPS != 16
MXFP4,BITSHIFT,U(-1,1),2048,7168,7168,64x128x32_w4_v4,SKIP,BN/WARPS != 16
MXFP4,LUT,U(-1,1),2048,7168,7168,128x64x32_w4_v5,OK,ms=13.940,tflops=15.10,gbps=10.4,maxabs=2.631e-02,p99=1.225e-02,rel=1.846e-04
MXFP4,BITSHIFT,U(-1,1),2048,7168,7168,128x64x32_w4_v5,SKIP,opt only LUT path
MXFP4,LUT,U(-1,1),2048,7168,7168,128x128x32_w4_v5,SKIP,BN/WARPS != 16
MXFP4,BITSHIFT,U(-1,1),2048,7168,7168,128x128x32_w4_v5,SKIP,BN/WARPS != 16
MXFP4,LUT,U(-1,1),2048,7168,7168,64x64x32_w4_v5,OK,ms=16.825,tflops=12.51,gbps=8.6,maxabs=2.631e-02,p99=1.225e-02,rel=1.846e-04
MXFP4,BITSHIFT,U(-1,1),2048,7168,7168,64x64x32_w4_v5,SKIP,opt only LUT path
MXFP4,LUT,U(-1,1),2048,7168,7168,64x128x32_w4_v5,SKIP,BN/WARPS != 16
MXFP4,BITSHIFT,U(-1,1),2048,7168,7168,64x128x32_w4_v5,SKIP,BN/WARPS != 16
MXFP4,LUT,U(-1,1),2048,7168,7168,128x128x64_w4_v6,SKIP,BN/WARPS != 16
MXFP4,BITSHIFT,U(-1,1),2048,7168,7168,128x128x64_w4_v6,SKIP,BN/WARPS != 16
MXFP4,LUT,U(-1,1),2048,7168,7168,128x64x64_w4_v6,SKIP,v6 only INT8 (A1 retry)
MXFP4,BITSHIFT,U(-1,1),2048,7168,7168,128x64x64_w4_v6,SKIP,opt only LUT path
MXFP4,LUT,U(-1,1),2048,7168,7168,64x128x64_w4_v6,SKIP,BN/WARPS != 16
MXFP4,BITSHIFT,U(-1,1),2048,7168,7168,64x128x64_w4_v6,SKIP,BN/WARPS != 16
MXFP4,LUT,U(-1,1),2048,7168,7168,64x64x64_w4_v6,SKIP,v6 only INT8 (A1 retry)
MXFP4,BITSHIFT,U(-1,1),2048,7168,7168,64x64x64_w4_v6,SKIP,opt only LUT path
MXFP4,LUT,U(-1,1),2048,7168,7168,64x128x32_w4_v7,SKIP,BN/WARPS != 16
MXFP4,BITSHIFT,U(-1,1),2048,7168,7168,64x128x32_w4_v7,SKIP,BN/WARPS != 16
MXFP4,LUT,U(-1,1),2048,7168,7168,64x64x32_w4_v7,SKIP,v7 only INT8 (B3 triple-buffer)
MXFP4,BITSHIFT,U(-1,1),2048,7168,7168,64x64x32_w4_v7,SKIP,opt only LUT path
MXFP4,LUT,U(-1,1),2048,7168,7168,32x128x32_w4_v7,SKIP,BN/WARPS != 16
MXFP4,BITSHIFT,U(-1,1),2048,7168,7168,32x128x32_w4_v7,SKIP,BN/WARPS != 16
MXFP4,LUT,U(-1,1),2048,7168,7168,32x64x32_w4_v7,SKIP,v7 only INT8 (B3 triple-buffer)
MXFP4,BITSHIFT,U(-1,1),2048,7168,7168,32x64x32_w4_v7,SKIP,opt only LUT path
F8_E4M3_B128,LUT,U(-1,1),1,4096,4096,16x64x32_w4,OK,ms=1.225,tflops=0.03,gbps=13.8,maxabs=1.289e-02,p99=9.838e-03,rel=1.839e-04
F8_E4M3_B128,BITSHIFT,U(-1,1),1,4096,4096,16x64x32_w4,OK,ms=1.262,tflops=0.03,gbps=13.4,maxabs=1.288e-02,p99=9.842e-03,rel=1.839e-04
F8_E4M3_B128,LUT,U(-1,1),1,4096,4096,16x128x32_w8,OK,ms=1.251,tflops=0.03,gbps=13.5,maxabs=1.289e-02,p99=9.838e-03,rel=1.839e-04
F8_E4M3_B128,BITSHIFT,U(-1,1),1,4096,4096,16x128x32_w8,OK,ms=1.366,tflops=0.02,gbps=12.4,maxabs=1.288e-02,p99=9.842e-03,rel=1.839e-04
F8_E4M3_B128,LUT,U(-1,1),1,4096,4096,16x128x32_w4f2,SKIP,BN/WARPS != 16
F8_E4M3_B128,BITSHIFT,U(-1,1),1,4096,4096,16x128x32_w4f2,SKIP,BN/WARPS != 16
F8_E4M3_B128,LUT,U(-1,1),1,4096,4096,16x256x32_w4f4,SKIP,BN/WARPS != 16
F8_E4M3_B128,BITSHIFT,U(-1,1),1,4096,4096,16x256x32_w4f4,SKIP,BN/WARPS != 16
F8_E4M3_B128,LUT,U(-1,1),1,4096,4096,128x64x32_w4_v1,SKIP,no template
F8_E4M3_B128,BITSHIFT,U(-1,1),1,4096,4096,128x64x32_w4_v1,SKIP,opt only LUT path
F8_E4M3_B128,LUT,U(-1,1),1,4096,4096,128x128x32_w4_v1,SKIP,BN/WARPS != 16
F8_E4M3_B128,BITSHIFT,U(-1,1),1,4096,4096,128x128x32_w4_v1,SKIP,BN/WARPS != 16
F8_E4M3_B128,LUT,U(-1,1),1,4096,4096,128x256x32_w4_v1,SKIP,BN/WARPS != 16
F8_E4M3_B128,BITSHIFT,U(-1,1),1,4096,4096,128x256x32_w4_v1,SKIP,BN/WARPS != 16
F8_E4M3_B128,LUT,U(-1,1),1,4096,4096,128x256x32_w8_v1,SKIP,BN/WARPS != 16
F8_E4M3_B128,BITSHIFT,U(-1,1),1,4096,4096,128x256x32_w8_v1,SKIP,BN/WARPS != 16
F8_E4M3_B128,LUT,U(-1,1),1,4096,4096,64x64x32_w4_v1,SKIP,no template
F8_E4M3_B128,BITSHIFT,U(-1,1),1,4096,4096,64x64x32_w4_v1,SKIP,opt only LUT path
F8_E4M3_B128,LUT,U(-1,1),1,4096,4096,64x128x32_w4_v1,SKIP,BN/WARPS != 16
F8_E4M3_B128,BITSHIFT,U(-1,1),1,4096,4096,64x128x32_w4_v1,SKIP,BN/WARPS != 16
F8_E4M3_B128,LUT,U(-1,1),1,4096,4096,128x64x32_w4_v2,OK,ms=1.356,tflops=0.02,gbps=12.5,maxabs=1.289e-02,p99=9.838e-03,rel=1.839e-04
F8_E4M3_B128,BITSHIFT,U(-1,1),1,4096,4096,128x64x32_w4_v2,SKIP,opt only LUT path
F8_E4M3_B128,LUT,U(-1,1),1,4096,4096,128x128x32_w4_v2,SKIP,BN/WARPS != 16
F8_E4M3_B128,BITSHIFT,U(-1,1),1,4096,4096,128x128x32_w4_v2,SKIP,BN/WARPS != 16
F8_E4M3_B128,LUT,U(-1,1),1,4096,4096,128x256x32_w4_v2,SKIP,BN/WARPS != 16
F8_E4M3_B128,BITSHIFT,U(-1,1),1,4096,4096,128x256x32_w4_v2,SKIP,BN/WARPS != 16
F8_E4M3_B128,LUT,U(-1,1),1,4096,4096,128x256x32_w8_v2,SKIP,BN/WARPS != 16
F8_E4M3_B128,BITSHIFT,U(-1,1),1,4096,4096,128x256x32_w8_v2,SKIP,BN/WARPS != 16
F8_E4M3_B128,LUT,U(-1,1),1,4096,4096,64x64x32_w4_v2,OK,ms=1.258,tflops=0.03,gbps=13.5,maxabs=1.289e-02,p99=9.838e-03,rel=1.839e-04
F8_E4M3_B128,BITSHIFT,U(-1,1),1,4096,4096,64x64x32_w4_v2,SKIP,opt only LUT path
F8_E4M3_B128,LUT,U(-1,1),1,4096,4096,64x128x32_w4_v2,SKIP,BN/WARPS != 16
F8_E4M3_B128,BITSHIFT,U(-1,1),1,4096,4096,64x128x32_w4_v2,SKIP,BN/WARPS != 16
F8_E4M3_B128,LUT,U(-1,1),1,4096,4096,128x64x32_w4_v3,OK,ms=0.807,tflops=0.04,gbps=21.0,maxabs=1.289e-02,p99=9.838e-03,rel=1.839e-04
F8_E4M3_B128,BITSHIFT,U(-1,1),1,4096,4096,128x64x32_w4_v3,SKIP,opt only LUT path
F8_E4M3_B128,LUT,U(-1,1),1,4096,4096,128x128x32_w4_v3,SKIP,BN/WARPS != 16
F8_E4M3_B128,BITSHIFT,U(-1,1),1,4096,4096,128x128x32_w4_v3,SKIP,BN/WARPS != 16
F8_E4M3_B128,LUT,U(-1,1),1,4096,4096,128x256x32_w8_v3,SKIP,BN/WARPS != 16
F8_E4M3_B128,BITSHIFT,U(-1,1),1,4096,4096,128x256x32_w8_v3,SKIP,BN/WARPS != 16
F8_E4M3_B128,LUT,U(-1,1),1,4096,4096,64x64x32_w4_v3,OK,ms=0.677,tflops=0.05,gbps=25.0,maxabs=1.289e-02,p99=9.838e-03,rel=1.839e-04
F8_E4M3_B128,BITSHIFT,U(-1,1),1,4096,4096,64x64x32_w4_v3,SKIP,opt only LUT path
F8_E4M3_B128,LUT,U(-1,1),1,4096,4096,64x128x32_w4_v3,SKIP,BN/WARPS != 16
F8_E4M3_B128,BITSHIFT,U(-1,1),1,4096,4096,64x128x32_w4_v3,SKIP,BN/WARPS != 16
F8_E4M3_B128,LUT,U(-1,1),1,4096,4096,32x128x32_w4_v3_b1,SKIP,BN/WARPS != 16
F8_E4M3_B128,BITSHIFT,U(-1,1),1,4096,4096,32x128x32_w4_v3_b1,SKIP,BN/WARPS != 16
F8_E4M3_B128,LUT,U(-1,1),1,4096,4096,32x64x32_w4_v3_b1,OK,ms=0.615,tflops=0.05,gbps=27.5,maxabs=1.289e-02,p99=9.838e-03,rel=1.839e-04
F8_E4M3_B128,BITSHIFT,U(-1,1),1,4096,4096,32x64x32_w4_v3_b1,SKIP,opt only LUT path
F8_E4M3_B128,LUT,U(-1,1),1,4096,4096,32x256x32_w8_v3_b1,SKIP,BN/WARPS != 16
F8_E4M3_B128,BITSHIFT,U(-1,1),1,4096,4096,32x256x32_w8_v3_b1,SKIP,BN/WARPS != 16
F8_E4M3_B128,LUT,U(-1,1),1,4096,4096,128x128x32_w8_v3_b1alt,SKIP,no template
F8_E4M3_B128,BITSHIFT,U(-1,1),1,4096,4096,128x128x32_w8_v3_b1alt,SKIP,opt only LUT path
F8_E4M3_B128,LUT,U(-1,1),1,4096,4096,64x128x32_w8_v3_b1alt,SKIP,no template
F8_E4M3_B128,BITSHIFT,U(-1,1),1,4096,4096,64x128x32_w8_v3_b1alt,SKIP,opt only LUT path
F8_E4M3_B128,LUT,U(-1,1),1,4096,4096,128x64x32_w4_v4,OK,ms=0.817,tflops=0.04,gbps=20.7,maxabs=1.289e-02,p99=9.838e-03,rel=1.839e-04
F8_E4M3_B128,BITSHIFT,U(-1,1),1,4096,4096,128x64x32_w4_v4,SKIP,opt only LUT path
F8_E4M3_B128,LUT,U(-1,1),1,4096,4096,128x128x32_w4_v4,SKIP,BN/WARPS != 16
F8_E4M3_B128,BITSHIFT,U(-1,1),1,4096,4096,128x128x32_w4_v4,SKIP,BN/WARPS != 16
F8_E4M3_B128,LUT,U(-1,1),1,4096,4096,64x64x32_w4_v4,OK,ms=0.676,tflops=0.05,gbps=25.1,maxabs=1.289e-02,p99=9.838e-03,rel=1.839e-04
F8_E4M3_B128,BITSHIFT,U(-1,1),1,4096,4096,64x64x32_w4_v4,SKIP,opt only LUT path
F8_E4M3_B128,LUT,U(-1,1),1,4096,4096,64x128x32_w4_v4,SKIP,BN/WARPS != 16
F8_E4M3_B128,BITSHIFT,U(-1,1),1,4096,4096,64x128x32_w4_v4,SKIP,BN/WARPS != 16
F8_E4M3_B128,LUT,U(-1,1),1,4096,4096,128x64x32_w4_v5,OK,ms=0.823,tflops=0.04,gbps=20.6,maxabs=1.289e-02,p99=9.838e-03,rel=1.839e-04
F8_E4M3_B128,BITSHIFT,U(-1,1),1,4096,4096,128x64x32_w4_v5,SKIP,opt only LUT path
F8_E4M3_B128,LUT,U(-1,1),1,4096,4096,128x128x32_w4_v5,SKIP,BN/WARPS != 16
F8_E4M3_B128,BITSHIFT,U(-1,1),1,4096,4096,128x128x32_w4_v5,SKIP,BN/WARPS != 16
F8_E4M3_B128,LUT,U(-1,1),1,4096,4096,64x64x32_w4_v5,OK,ms=0.677,tflops=0.05,gbps=25.0,maxabs=1.289e-02,p99=9.838e-03,rel=1.839e-04
F8_E4M3_B128,BITSHIFT,U(-1,1),1,4096,4096,64x64x32_w4_v5,SKIP,opt only LUT path
F8_E4M3_B128,LUT,U(-1,1),1,4096,4096,64x128x32_w4_v5,SKIP,BN/WARPS != 16
F8_E4M3_B128,BITSHIFT,U(-1,1),1,4096,4096,64x128x32_w4_v5,SKIP,BN/WARPS != 16
F8_E4M3_B128,LUT,U(-1,1),1,4096,4096,128x128x64_w4_v6,SKIP,BN/WARPS != 16
F8_E4M3_B128,BITSHIFT,U(-1,1),1,4096,4096,128x128x64_w4_v6,SKIP,BN/WARPS != 16
F8_E4M3_B128,LUT,U(-1,1),1,4096,4096,128x64x64_w4_v6,SKIP,v6 only INT8 (A1 retry)
F8_E4M3_B128,BITSHIFT,U(-1,1),1,4096,4096,128x64x64_w4_v6,SKIP,opt only LUT path
F8_E4M3_B128,LUT,U(-1,1),1,4096,4096,64x128x64_w4_v6,SKIP,BN/WARPS != 16
F8_E4M3_B128,BITSHIFT,U(-1,1),1,4096,4096,64x128x64_w4_v6,SKIP,BN/WARPS != 16
F8_E4M3_B128,LUT,U(-1,1),1,4096,4096,64x64x64_w4_v6,SKIP,v6 only INT8 (A1 retry)
F8_E4M3_B128,BITSHIFT,U(-1,1),1,4096,4096,64x64x64_w4_v6,SKIP,opt only LUT path
F8_E4M3_B128,LUT,U(-1,1),1,4096,4096,64x128x32_w4_v7,SKIP,BN/WARPS != 16
F8_E4M3_B128,BITSHIFT,U(-1,1),1,4096,4096,64x128x32_w4_v7,SKIP,BN/WARPS != 16
F8_E4M3_B128,LUT,U(-1,1),1,4096,4096,64x64x32_w4_v7,SKIP,v7 only INT8 (B3 triple-buffer)
F8_E4M3_B128,BITSHIFT,U(-1,1),1,4096,4096,64x64x32_w4_v7,SKIP,opt only LUT path
F8_E4M3_B128,LUT,U(-1,1),1,4096,4096,32x128x32_w4_v7,SKIP,BN/WARPS != 16
F8_E4M3_B128,BITSHIFT,U(-1,1),1,4096,4096,32x128x32_w4_v7,SKIP,BN/WARPS != 16
F8_E4M3_B128,LUT,U(-1,1),1,4096,4096,32x64x32_w4_v7,SKIP,v7 only INT8 (B3 triple-buffer)
F8_E4M3_B128,BITSHIFT,U(-1,1),1,4096,4096,32x64x32_w4_v7,SKIP,opt only LUT path
F8_E4M3_B128,LUT,U(-1,1),16,4096,4096,16x64x32_w4,OK,ms=1.200,tflops=0.45,gbps=14.5,maxabs=1.610e-02,p99=1.000e-02,rel=1.857e-04
F8_E4M3_B128,BITSHIFT,U(-1,1),16,4096,4096,16x64x32_w4,OK,ms=1.294,tflops=0.41,gbps=13.5,maxabs=1.610e-02,p99=1.001e-02,rel=1.857e-04
F8_E4M3_B128,LUT,U(-1,1),16,4096,4096,16x128x32_w8,OK,ms=1.285,tflops=0.42,gbps=13.6,maxabs=1.610e-02,p99=1.000e-02,rel=1.857e-04
F8_E4M3_B128,BITSHIFT,U(-1,1),16,4096,4096,16x128x32_w8,OK,ms=1.464,tflops=0.37,gbps=11.9,maxabs=1.610e-02,p99=1.001e-02,rel=1.857e-04
F8_E4M3_B128,LUT,U(-1,1),16,4096,4096,16x128x32_w4f2,SKIP,BN/WARPS != 16
F8_E4M3_B128,BITSHIFT,U(-1,1),16,4096,4096,16x128x32_w4f2,SKIP,BN/WARPS != 16
F8_E4M3_B128,LUT,U(-1,1),16,4096,4096,16x256x32_w4f4,SKIP,BN/WARPS != 16
F8_E4M3_B128,BITSHIFT,U(-1,1),16,4096,4096,16x256x32_w4f4,SKIP,BN/WARPS != 16
F8_E4M3_B128,LUT,U(-1,1),16,4096,4096,128x64x32_w4_v1,SKIP,no template
F8_E4M3_B128,BITSHIFT,U(-1,1),16,4096,4096,128x64x32_w4_v1,SKIP,opt only LUT path
F8_E4M3_B128,LUT,U(-1,1),16,4096,4096,128x128x32_w4_v1,SKIP,BN/WARPS != 16
F8_E4M3_B128,BITSHIFT,U(-1,1),16,4096,4096,128x128x32_w4_v1,SKIP,BN/WARPS != 16
F8_E4M3_B128,LUT,U(-1,1),16,4096,4096,128x256x32_w4_v1,SKIP,BN/WARPS != 16
F8_E4M3_B128,BITSHIFT,U(-1,1),16,4096,4096,128x256x32_w4_v1,SKIP,BN/WARPS != 16
F8_E4M3_B128,LUT,U(-1,1),16,4096,4096,128x256x32_w8_v1,SKIP,BN/WARPS != 16
F8_E4M3_B128,BITSHIFT,U(-1,1),16,4096,4096,128x256x32_w8_v1,SKIP,BN/WARPS != 16
F8_E4M3_B128,LUT,U(-1,1),16,4096,4096,64x64x32_w4_v1,SKIP,no template
F8_E4M3_B128,BITSHIFT,U(-1,1),16,4096,4096,64x64x32_w4_v1,SKIP,opt only LUT path
F8_E4M3_B128,LUT,U(-1,1),16,4096,4096,64x128x32_w4_v1,SKIP,BN/WARPS != 16
F8_E4M3_B128,BITSHIFT,U(-1,1),16,4096,4096,64x128x32_w4_v1,SKIP,BN/WARPS != 16
F8_E4M3_B128,LUT,U(-1,1),16,4096,4096,128x64x32_w4_v2,OK,ms=1.374,tflops=0.39,gbps=12.7,maxabs=1.610e-02,p99=1.000e-02,rel=1.857e-04
F8_E4M3_B128,BITSHIFT,U(-1,1),16,4096,4096,128x64x32_w4_v2,SKIP,opt only LUT path
F8_E4M3_B128,LUT,U(-1,1),16,4096,4096,128x128x32_w4_v2,SKIP,BN/WARPS != 16
F8_E4M3_B128,BITSHIFT,U(-1,1),16,4096,4096,128x128x32_w4_v2,SKIP,BN/WARPS != 16
F8_E4M3_B128,LUT,U(-1,1),16,4096,4096,128x256x32_w4_v2,SKIP,BN/WARPS != 16
F8_E4M3_B128,BITSHIFT,U(-1,1),16,4096,4096,128x256x32_w4_v2,SKIP,BN/WARPS != 16
F8_E4M3_B128,LUT,U(-1,1),16,4096,4096,128x256x32_w8_v2,SKIP,BN/WARPS != 16
F8_E4M3_B128,BITSHIFT,U(-1,1),16,4096,4096,128x256x32_w8_v2,SKIP,BN/WARPS != 16
F8_E4M3_B128,LUT,U(-1,1),16,4096,4096,64x64x32_w4_v2,OK,ms=1.272,tflops=0.42,gbps=13.7,maxabs=1.610e-02,p99=1.000e-02,rel=1.857e-04
F8_E4M3_B128,BITSHIFT,U(-1,1),16,4096,4096,64x64x32_w4_v2,SKIP,opt only LUT path
F8_E4M3_B128,LUT,U(-1,1),16,4096,4096,64x128x32_w4_v2,SKIP,BN/WARPS != 16
F8_E4M3_B128,BITSHIFT,U(-1,1),16,4096,4096,64x128x32_w4_v2,SKIP,BN/WARPS != 16
F8_E4M3_B128,LUT,U(-1,1),16,4096,4096,128x64x32_w4_v3,OK,ms=0.822,tflops=0.65,gbps=21.2,maxabs=1.610e-02,p99=1.000e-02,rel=1.857e-04
F8_E4M3_B128,BITSHIFT,U(-1,1),16,4096,4096,128x64x32_w4_v3,SKIP,opt only LUT path
F8_E4M3_B128,LUT,U(-1,1),16,4096,4096,128x128x32_w4_v3,SKIP,BN/WARPS != 16
F8_E4M3_B128,BITSHIFT,U(-1,1),16,4096,4096,128x128x32_w4_v3,SKIP,BN/WARPS != 16
F8_E4M3_B128,LUT,U(-1,1),16,4096,4096,128x256x32_w8_v3,SKIP,BN/WARPS != 16
F8_E4M3_B128,BITSHIFT,U(-1,1),16,4096,4096,128x256x32_w8_v3,SKIP,BN/WARPS != 16
F8_E4M3_B128,LUT,U(-1,1),16,4096,4096,64x64x32_w4_v3,OK,ms=0.696,tflops=0.77,gbps=25.1,maxabs=1.610e-02,p99=1.000e-02,rel=1.857e-04
F8_E4M3_B128,BITSHIFT,U(-1,1),16,4096,4096,64x64x32_w4_v3,SKIP,opt only LUT path
F8_E4M3_B128,LUT,U(-1,1),16,4096,4096,64x128x32_w4_v3,SKIP,BN/WARPS != 16
F8_E4M3_B128,BITSHIFT,U(-1,1),16,4096,4096,64x128x32_w4_v3,SKIP,BN/WARPS != 16
F8_E4M3_B128,LUT,U(-1,1),16,4096,4096,32x128x32_w4_v3_b1,SKIP,BN/WARPS != 16
F8_E4M3_B128,BITSHIFT,U(-1,1),16,4096,4096,32x128x32_w4_v3_b1,SKIP,BN/WARPS != 16
F8_E4M3_B128,LUT,U(-1,1),16,4096,4096,32x64x32_w4_v3_b1,OK,ms=0.634,tflops=0.85,gbps=27.5,maxabs=1.610e-02,p99=1.000e-02,rel=1.857e-04
F8_E4M3_B128,BITSHIFT,U(-1,1),16,4096,4096,32x64x32_w4_v3_b1,SKIP,opt only LUT path
F8_E4M3_B128,LUT,U(-1,1),16,4096,4096,32x256x32_w8_v3_b1,SKIP,BN/WARPS != 16
F8_E4M3_B128,BITSHIFT,U(-1,1),16,4096,4096,32x256x32_w8_v3_b1,SKIP,BN/WARPS != 16
F8_E4M3_B128,LUT,U(-1,1),16,4096,4096,128x128x32_w8_v3_b1alt,SKIP,no template
F8_E4M3_B128,BITSHIFT,U(-1,1),16,4096,4096,128x128x32_w8_v3_b1alt,SKIP,opt only LUT path
F8_E4M3_B128,LUT,U(-1,1),16,4096,4096,64x128x32_w8_v3_b1alt,SKIP,no template
F8_E4M3_B128,BITSHIFT,U(-1,1),16,4096,4096,64x128x32_w8_v3_b1alt,SKIP,opt only LUT path
F8_E4M3_B128,LUT,U(-1,1),16,4096,4096,128x64x32_w4_v4,OK,ms=0.833,tflops=0.64,gbps=20.9,maxabs=1.610e-02,p99=1.000e-02,rel=1.857e-04
F8_E4M3_B128,BITSHIFT,U(-1,1),16,4096,4096,128x64x32_w4_v4,SKIP,opt only LUT path
F8_E4M3_B128,LUT,U(-1,1),16,4096,4096,128x128x32_w4_v4,SKIP,BN/WARPS != 16
F8_E4M3_B128,BITSHIFT,U(-1,1),16,4096,4096,128x128x32_w4_v4,SKIP,BN/WARPS != 16
F8_E4M3_B128,LUT,U(-1,1),16,4096,4096,64x64x32_w4_v4,OK,ms=0.699,tflops=0.77,gbps=24.9,maxabs=1.610e-02,p99=1.000e-02,rel=1.857e-04
F8_E4M3_B128,BITSHIFT,U(-1,1),16,4096,4096,64x64x32_w4_v4,SKIP,opt only LUT path
F8_E4M3_B128,LUT,U(-1,1),16,4096,4096,64x128x32_w4_v4,SKIP,BN/WARPS != 16
F8_E4M3_B128,BITSHIFT,U(-1,1),16,4096,4096,64x128x32_w4_v4,SKIP,BN/WARPS != 16
F8_E4M3_B128,LUT,U(-1,1),16,4096,4096,128x64x32_w4_v5,OK,ms=0.829,tflops=0.65,gbps=21.0,maxabs=1.610e-02,p99=1.000e-02,rel=1.857e-04
F8_E4M3_B128,BITSHIFT,U(-1,1),16,4096,4096,128x64x32_w4_v5,SKIP,opt only LUT path
F8_E4M3_B128,LUT,U(-1,1),16,4096,4096,128x128x32_w4_v5,SKIP,BN/WARPS != 16
F8_E4M3_B128,BITSHIFT,U(-1,1),16,4096,4096,128x128x32_w4_v5,SKIP,BN/WARPS != 16
F8_E4M3_B128,LUT,U(-1,1),16,4096,4096,64x64x32_w4_v5,OK,ms=0.696,tflops=0.77,gbps=25.1,maxabs=1.610e-02,p99=1.000e-02,rel=1.857e-04
F8_E4M3_B128,BITSHIFT,U(-1,1),16,4096,4096,64x64x32_w4_v5,SKIP,opt only LUT path
F8_E4M3_B128,LUT,U(-1,1),16,4096,4096,64x128x32_w4_v5,SKIP,BN/WARPS != 16
F8_E4M3_B128,BITSHIFT,U(-1,1),16,4096,4096,64x128x32_w4_v5,SKIP,BN/WARPS != 16
F8_E4M3_B128,LUT,U(-1,1),16,4096,4096,128x128x64_w4_v6,SKIP,BN/WARPS != 16
F8_E4M3_B128,BITSHIFT,U(-1,1),16,4096,4096,128x128x64_w4_v6,SKIP,BN/WARPS != 16
F8_E4M3_B128,LUT,U(-1,1),16,4096,4096,128x64x64_w4_v6,SKIP,v6 only INT8 (A1 retry)
F8_E4M3_B128,BITSHIFT,U(-1,1),16,4096,4096,128x64x64_w4_v6,SKIP,opt only LUT path
F8_E4M3_B128,LUT,U(-1,1),16,4096,4096,64x128x64_w4_v6,SKIP,BN/WARPS != 16
F8_E4M3_B128,BITSHIFT,U(-1,1),16,4096,4096,64x128x64_w4_v6,SKIP,BN/WARPS != 16
F8_E4M3_B128,LUT,U(-1,1),16,4096,4096,64x64x64_w4_v6,SKIP,v6 only INT8 (A1 retry)
F8_E4M3_B128,BITSHIFT,U(-1,1),16,4096,4096,64x64x64_w4_v6,SKIP,opt only LUT path
F8_E4M3_B128,LUT,U(-1,1),16,4096,4096,64x128x32_w4_v7,SKIP,BN/WARPS != 16
F8_E4M3_B128,BITSHIFT,U(-1,1),16,4096,4096,64x128x32_w4_v7,SKIP,BN/WARPS != 16
F8_E4M3_B128,LUT,U(-1,1),16,4096,4096,64x64x32_w4_v7,SKIP,v7 only INT8 (B3 triple-buffer)
F8_E4M3_B128,BITSHIFT,U(-1,1),16,4096,4096,64x64x32_w4_v7,SKIP,opt only LUT path
F8_E4M3_B128,LUT,U(-1,1),16,4096,4096,32x128x32_w4_v7,SKIP,BN/WARPS != 16
F8_E4M3_B128,BITSHIFT,U(-1,1),16,4096,4096,32x128x32_w4_v7,SKIP,BN/WARPS != 16
F8_E4M3_B128,LUT,U(-1,1),16,4096,4096,32x64x32_w4_v7,SKIP,v7 only INT8 (B3 triple-buffer)
F8_E4M3_B128,BITSHIFT,U(-1,1),16,4096,4096,32x64x32_w4_v7,SKIP,opt only LUT path
F8_E4M3_B128,LUT,U(-1,1),64,4096,4096,16x64x32_w4,OK,ms=1.223,tflops=1.76,gbps=15.5,maxabs=1.946e-02,p99=1.015e-02,rel=1.852e-04
F8_E4M3_B128,BITSHIFT,U(-1,1),64,4096,4096,16x64x32_w4,OK,ms=1.374,tflops=1.56,gbps=13.8,maxabs=1.945e-02,p99=1.016e-02,rel=1.852e-04
F8_E4M3_B128,LUT,U(-1,1),64,4096,4096,16x128x32_w8,OK,ms=1.260,tflops=1.70,gbps=15.1,maxabs=1.946e-02,p99=1.015e-02,rel=1.852e-04
F8_E4M3_B128,BITSHIFT,U(-1,1),64,4096,4096,16x128x32_w8,OK,ms=1.458,tflops=1.47,gbps=13.0,maxabs=1.945e-02,p99=1.016e-02,rel=1.852e-04
F8_E4M3_B128,LUT,U(-1,1),64,4096,4096,16x128x32_w4f2,SKIP,BN/WARPS != 16
F8_E4M3_B128,BITSHIFT,U(-1,1),64,4096,4096,16x128x32_w4f2,SKIP,BN/WARPS != 16
F8_E4M3_B128,LUT,U(-1,1),64,4096,4096,16x256x32_w4f4,SKIP,BN/WARPS != 16
F8_E4M3_B128,BITSHIFT,U(-1,1),64,4096,4096,16x256x32_w4f4,SKIP,BN/WARPS != 16
F8_E4M3_B128,LUT,U(-1,1),64,4096,4096,128x64x32_w4_v1,SKIP,no template
F8_E4M3_B128,BITSHIFT,U(-1,1),64,4096,4096,128x64x32_w4_v1,SKIP,opt only LUT path
F8_E4M3_B128,LUT,U(-1,1),64,4096,4096,128x128x32_w4_v1,SKIP,BN/WARPS != 16
F8_E4M3_B128,BITSHIFT,U(-1,1),64,4096,4096,128x128x32_w4_v1,SKIP,BN/WARPS != 16
F8_E4M3_B128,LUT,U(-1,1),64,4096,4096,128x256x32_w4_v1,SKIP,BN/WARPS != 16
F8_E4M3_B128,BITSHIFT,U(-1,1),64,4096,4096,128x256x32_w4_v1,SKIP,BN/WARPS != 16
F8_E4M3_B128,LUT,U(-1,1),64,4096,4096,128x256x32_w8_v1,SKIP,BN/WARPS != 16
F8_E4M3_B128,BITSHIFT,U(-1,1),64,4096,4096,128x256x32_w8_v1,SKIP,BN/WARPS != 16
F8_E4M3_B128,LUT,U(-1,1),64,4096,4096,64x64x32_w4_v1,SKIP,no template
F8_E4M3_B128,BITSHIFT,U(-1,1),64,4096,4096,64x64x32_w4_v1,SKIP,opt only LUT path
F8_E4M3_B128,LUT,U(-1,1),64,4096,4096,64x128x32_w4_v1,SKIP,BN/WARPS != 16
F8_E4M3_B128,BITSHIFT,U(-1,1),64,4096,4096,64x128x32_w4_v1,SKIP,BN/WARPS != 16
F8_E4M3_B128,LUT,U(-1,1),64,4096,4096,128x64x32_w4_v2,OK,ms=1.384,tflops=1.55,gbps=13.7,maxabs=1.946e-02,p99=1.015e-02,rel=1.852e-04
F8_E4M3_B128,BITSHIFT,U(-1,1),64,4096,4096,128x64x32_w4_v2,SKIP,opt only LUT path
F8_E4M3_B128,LUT,U(-1,1),64,4096,4096,128x128x32_w4_v2,SKIP,BN/WARPS != 16
F8_E4M3_B128,BITSHIFT,U(-1,1),64,4096,4096,128x128x32_w4_v2,SKIP,BN/WARPS != 16
F8_E4M3_B128,LUT,U(-1,1),64,4096,4096,128x256x32_w4_v2,SKIP,BN/WARPS != 16
F8_E4M3_B128,BITSHIFT,U(-1,1),64,4096,4096,128x256x32_w4_v2,SKIP,BN/WARPS != 16
F8_E4M3_B128,LUT,U(-1,1),64,4096,4096,128x256x32_w8_v2,SKIP,BN/WARPS != 16
F8_E4M3_B128,BITSHIFT,U(-1,1),64,4096,4096,128x256x32_w8_v2,SKIP,BN/WARPS != 16
F8_E4M3_B128,LUT,U(-1,1),64,4096,4096,64x64x32_w4_v2,OK,ms=1.298,tflops=1.65,gbps=14.6,maxabs=1.946e-02,p99=1.015e-02,rel=1.852e-04
F8_E4M3_B128,BITSHIFT,U(-1,1),64,4096,4096,64x64x32_w4_v2,SKIP,opt only LUT path
F8_E4M3_B128,LUT,U(-1,1),64,4096,4096,64x128x32_w4_v2,SKIP,BN/WARPS != 16
F8_E4M3_B128,BITSHIFT,U(-1,1),64,4096,4096,64x128x32_w4_v2,SKIP,BN/WARPS != 16
F8_E4M3_B128,LUT,U(-1,1),64,4096,4096,128x64x32_w4_v3,OK,ms=0.834,tflops=2.57,gbps=22.8,maxabs=1.946e-02,p99=1.015e-02,rel=1.852e-04
F8_E4M3_B128,BITSHIFT,U(-1,1),64,4096,4096,128x64x32_w4_v3,SKIP,opt only LUT path
F8_E4M3_B128,LUT,U(-1,1),64,4096,4096,128x128x32_w4_v3,SKIP,BN/WARPS != 16
F8_E4M3_B128,BITSHIFT,U(-1,1),64,4096,4096,128x128x32_w4_v3,SKIP,BN/WARPS != 16
F8_E4M3_B128,LUT,U(-1,1),64,4096,4096,128x256x32_w8_v3,SKIP,BN/WARPS != 16
F8_E4M3_B128,BITSHIFT,U(-1,1),64,4096,4096,128x256x32_w8_v3,SKIP,BN/WARPS != 16
F8_E4M3_B128,LUT,U(-1,1),64,4096,4096,64x64x32_w4_v3,OK,ms=0.743,tflops=2.89,gbps=25.6,maxabs=1.946e-02,p99=1.015e-02,rel=1.852e-04
F8_E4M3_B128,BITSHIFT,U(-1,1),64,4096,4096,64x64x32_w4_v3,SKIP,opt only LUT path
F8_E4M3_B128,LUT,U(-1,1),64,4096,4096,64x128x32_w4_v3,SKIP,BN/WARPS != 16
F8_E4M3_B128,BITSHIFT,U(-1,1),64,4096,4096,64x128x32_w4_v3,SKIP,BN/WARPS != 16
F8_E4M3_B128,LUT,U(-1,1),64,4096,4096,32x128x32_w4_v3_b1,SKIP,BN/WARPS != 16
F8_E4M3_B128,BITSHIFT,U(-1,1),64,4096,4096,32x128x32_w4_v3_b1,SKIP,BN/WARPS != 16
F8_E4M3_B128,LUT,U(-1,1),64,4096,4096,32x64x32_w4_v3_b1,OK,ms=0.670,tflops=3.21,gbps=28.4,maxabs=1.946e-02,p99=1.015e-02,rel=1.852e-04
F8_E4M3_B128,BITSHIFT,U(-1,1),64,4096,4096,32x64x32_w4_v3_b1,SKIP,opt only LUT path
F8_E4M3_B128,LUT,U(-1,1),64,4096,4096,32x256x32_w8_v3_b1,SKIP,BN/WARPS != 16
F8_E4M3_B128,BITSHIFT,U(-1,1),64,4096,4096,32x256x32_w8_v3_b1,SKIP,BN/WARPS != 16
F8_E4M3_B128,LUT,U(-1,1),64,4096,4096,128x128x32_w8_v3_b1alt,SKIP,no template
F8_E4M3_B128,BITSHIFT,U(-1,1),64,4096,4096,128x128x32_w8_v3_b1alt,SKIP,opt only LUT path
F8_E4M3_B128,LUT,U(-1,1),64,4096,4096,64x128x32_w8_v3_b1alt,SKIP,no template
F8_E4M3_B128,BITSHIFT,U(-1,1),64,4096,4096,64x128x32_w8_v3_b1alt,SKIP,opt only LUT path
F8_E4M3_B128,LUT,U(-1,1),64,4096,4096,128x64x32_w4_v4,OK,ms=0.843,tflops=2.55,gbps=22.5,maxabs=1.946e-02,p99=1.015e-02,rel=1.852e-04
F8_E4M3_B128,BITSHIFT,U(-1,1),64,4096,4096,128x64x32_w4_v4,SKIP,opt only LUT path
F8_E4M3_B128,LUT,U(-1,1),64,4096,4096,128x128x32_w4_v4,SKIP,BN/WARPS != 16
F8_E4M3_B128,BITSHIFT,U(-1,1),64,4096,4096,128x128x32_w4_v4,SKIP,BN/WARPS != 16
F8_E4M3_B128,LUT,U(-1,1),64,4096,4096,64x64x32_w4_v4,OK,ms=0.705,tflops=3.04,gbps=26.9,maxabs=1.946e-02,p99=1.015e-02,rel=1.852e-04
F8_E4M3_B128,BITSHIFT,U(-1,1),64,4096,4096,64x64x32_w4_v4,SKIP,opt only LUT path
F8_E4M3_B128,LUT,U(-1,1),64,4096,4096,64x128x32_w4_v4,SKIP,BN/WARPS != 16
F8_E4M3_B128,BITSHIFT,U(-1,1),64,4096,4096,64x128x32_w4_v4,SKIP,BN/WARPS != 16
F8_E4M3_B128,LUT,U(-1,1),64,4096,4096,128x64x32_w4_v5,OK,ms=0.841,tflops=2.55,gbps=22.6,maxabs=1.946e-02,p99=1.015e-02,rel=1.852e-04
F8_E4M3_B128,BITSHIFT,U(-1,1),64,4096,4096,128x64x32_w4_v5,SKIP,opt only LUT path
F8_E4M3_B128,LUT,U(-1,1),64,4096,4096,128x128x32_w4_v5,SKIP,BN/WARPS != 16
F8_E4M3_B128,BITSHIFT,U(-1,1),64,4096,4096,128x128x32_w4_v5,SKIP,BN/WARPS != 16
F8_E4M3_B128,LUT,U(-1,1),64,4096,4096,64x64x32_w4_v5,OK,ms=0.709,tflops=3.03,gbps=26.8,maxabs=1.946e-02,p99=1.015e-02,rel=1.852e-04
F8_E4M3_B128,BITSHIFT,U(-1,1),64,4096,4096,64x64x32_w4_v5,SKIP,opt only LUT path
F8_E4M3_B128,LUT,U(-1,1),64,4096,4096,64x128x32_w4_v5,SKIP,BN/WARPS != 16
F8_E4M3_B128,BITSHIFT,U(-1,1),64,4096,4096,64x128x32_w4_v5,SKIP,BN/WARPS != 16
F8_E4M3_B128,LUT,U(-1,1),64,4096,4096,128x128x64_w4_v6,SKIP,BN/WARPS != 16
F8_E4M3_B128,BITSHIFT,U(-1,1),64,4096,4096,128x128x64_w4_v6,SKIP,BN/WARPS != 16
F8_E4M3_B128,LUT,U(-1,1),64,4096,4096,128x64x64_w4_v6,SKIP,v6 only INT8 (A1 retry)
F8_E4M3_B128,BITSHIFT,U(-1,1),64,4096,4096,128x64x64_w4_v6,SKIP,opt only LUT path
F8_E4M3_B128,LUT,U(-1,1),64,4096,4096,64x128x64_w4_v6,SKIP,BN/WARPS != 16
F8_E4M3_B128,BITSHIFT,U(-1,1),64,4096,4096,64x128x64_w4_v6,SKIP,BN/WARPS != 16
F8_E4M3_B128,LUT,U(-1,1),64,4096,4096,64x64x64_w4_v6,SKIP,v6 only INT8 (A1 retry)
F8_E4M3_B128,BITSHIFT,U(-1,1),64,4096,4096,64x64x64_w4_v6,SKIP,opt only LUT path
F8_E4M3_B128,LUT,U(-1,1),64,4096,4096,64x128x32_w4_v7,SKIP,BN/WARPS != 16
F8_E4M3_B128,BITSHIFT,U(-1,1),64,4096,4096,64x128x32_w4_v7,SKIP,BN/WARPS != 16
F8_E4M3_B128,LUT,U(-1,1),64,4096,4096,64x64x32_w4_v7,SKIP,v7 only INT8 (B3 triple-buffer)
F8_E4M3_B128,BITSHIFT,U(-1,1),64,4096,4096,64x64x32_w4_v7,SKIP,opt only LUT path
F8_E4M3_B128,LUT,U(-1,1),64,4096,4096,32x128x32_w4_v7,SKIP,BN/WARPS != 16
F8_E4M3_B128,BITSHIFT,U(-1,1),64,4096,4096,32x128x32_w4_v7,SKIP,BN/WARPS != 16
F8_E4M3_B128,LUT,U(-1,1),64,4096,4096,32x64x32_w4_v7,SKIP,v7 only INT8 (B3 triple-buffer)
F8_E4M3_B128,BITSHIFT,U(-1,1),64,4096,4096,32x64x32_w4_v7,SKIP,opt only LUT path
F8_E4M3_B128,LUT,U(-1,1),128,4096,4096,16x64x32_w4,OK,ms=1.337,tflops=3.21,gbps=15.8,maxabs=1.946e-02,p99=1.020e-02,rel=1.852e-04
F8_E4M3_B128,BITSHIFT,U(-1,1),128,4096,4096,16x64x32_w4,OK,ms=1.550,tflops=2.77,gbps=13.6,maxabs=1.945e-02,p99=1.020e-02,rel=1.852e-04
F8_E4M3_B128,LUT,U(-1,1),128,4096,4096,16x128x32_w8,OK,ms=1.394,tflops=3.08,gbps=15.1,maxabs=1.946e-02,p99=1.020e-02,rel=1.852e-04
F8_E4M3_B128,BITSHIFT,U(-1,1),128,4096,4096,16x128x32_w8,OK,ms=1.695,tflops=2.53,gbps=12.4,maxabs=1.945e-02,p99=1.020e-02,rel=1.852e-04
F8_E4M3_B128,LUT,U(-1,1),128,4096,4096,16x128x32_w4f2,SKIP,BN/WARPS != 16
F8_E4M3_B128,BITSHIFT,U(-1,1),128,4096,4096,16x128x32_w4f2,SKIP,BN/WARPS != 16
F8_E4M3_B128,LUT,U(-1,1),128,4096,4096,16x256x32_w4f4,SKIP,BN/WARPS != 16
F8_E4M3_B128,BITSHIFT,U(-1,1),128,4096,4096,16x256x32_w4f4,SKIP,BN/WARPS != 16
F8_E4M3_B128,LUT,U(-1,1),128,4096,4096,128x64x32_w4_v1,SKIP,no template
F8_E4M3_B128,BITSHIFT,U(-1,1),128,4096,4096,128x64x32_w4_v1,SKIP,opt only LUT path
F8_E4M3_B128,LUT,U(-1,1),128,4096,4096,128x128x32_w4_v1,SKIP,BN/WARPS != 16
F8_E4M3_B128,BITSHIFT,U(-1,1),128,4096,4096,128x128x32_w4_v1,SKIP,BN/WARPS != 16
F8_E4M3_B128,LUT,U(-1,1),128,4096,4096,128x256x32_w4_v1,SKIP,BN/WARPS != 16
F8_E4M3_B128,BITSHIFT,U(-1,1),128,4096,4096,128x256x32_w4_v1,SKIP,BN/WARPS != 16
F8_E4M3_B128,LUT,U(-1,1),128,4096,4096,128x256x32_w8_v1,SKIP,BN/WARPS != 16
F8_E4M3_B128,BITSHIFT,U(-1,1),128,4096,4096,128x256x32_w8_v1,SKIP,BN/WARPS != 16
F8_E4M3_B128,LUT,U(-1,1),128,4096,4096,64x64x32_w4_v1,SKIP,no template
F8_E4M3_B128,BITSHIFT,U(-1,1),128,4096,4096,64x64x32_w4_v1,SKIP,opt only LUT path
F8_E4M3_B128,LUT,U(-1,1),128,4096,4096,64x128x32_w4_v1,SKIP,BN/WARPS != 16
F8_E4M3_B128,BITSHIFT,U(-1,1),128,4096,4096,64x128x32_w4_v1,SKIP,BN/WARPS != 16
F8_E4M3_B128,LUT,U(-1,1),128,4096,4096,128x64x32_w4_v2,OK,ms=1.411,tflops=3.04,gbps=15.0,maxabs=1.946e-02,p99=1.020e-02,rel=1.852e-04
F8_E4M3_B128,BITSHIFT,U(-1,1),128,4096,4096,128x64x32_w4_v2,SKIP,opt only LUT path
F8_E4M3_B128,LUT,U(-1,1),128,4096,4096,128x128x32_w4_v2,SKIP,BN/WARPS != 16
F8_E4M3_B128,BITSHIFT,U(-1,1),128,4096,4096,128x128x32_w4_v2,SKIP,BN/WARPS != 16
F8_E4M3_B128,LUT,U(-1,1),128,4096,4096,128x256x32_w4_v2,SKIP,BN/WARPS != 16
F8_E4M3_B128,BITSHIFT,U(-1,1),128,4096,4096,128x256x32_w4_v2,SKIP,BN/WARPS != 16
F8_E4M3_B128,LUT,U(-1,1),128,4096,4096,128x256x32_w8_v2,SKIP,BN/WARPS != 16
F8_E4M3_B128,BITSHIFT,U(-1,1),128,4096,4096,128x256x32_w8_v2,SKIP,BN/WARPS != 16
F8_E4M3_B128,LUT,U(-1,1),128,4096,4096,64x64x32_w4_v2,OK,ms=1.304,tflops=3.29,gbps=16.2,maxabs=1.946e-02,p99=1.020e-02,rel=1.852e-04
F8_E4M3_B128,BITSHIFT,U(-1,1),128,4096,4096,64x64x32_w4_v2,SKIP,opt only LUT path
F8_E4M3_B128,LUT,U(-1,1),128,4096,4096,64x128x32_w4_v2,SKIP,BN/WARPS != 16
F8_E4M3_B128,BITSHIFT,U(-1,1),128,4096,4096,64x128x32_w4_v2,SKIP,BN/WARPS != 16
F8_E4M3_B128,LUT,U(-1,1),128,4096,4096,128x64x32_w4_v3,OK,ms=0.877,tflops=4.89,gbps=24.0,maxabs=1.946e-02,p99=1.020e-02,rel=1.852e-04
F8_E4M3_B128,BITSHIFT,U(-1,1),128,4096,4096,128x64x32_w4_v3,SKIP,opt only LUT path
F8_E4M3_B128,LUT,U(-1,1),128,4096,4096,128x128x32_w4_v3,SKIP,BN/WARPS != 16
F8_E4M3_B128,BITSHIFT,U(-1,1),128,4096,4096,128x128x32_w4_v3,SKIP,BN/WARPS != 16
F8_E4M3_B128,LUT,U(-1,1),128,4096,4096,128x256x32_w8_v3,SKIP,BN/WARPS != 16
F8_E4M3_B128,BITSHIFT,U(-1,1),128,4096,4096,128x256x32_w8_v3,SKIP,BN/WARPS != 16
F8_E4M3_B128,LUT,U(-1,1),128,4096,4096,64x64x32_w4_v3,OK,ms=0.751,tflops=5.72,gbps=28.1,maxabs=1.946e-02,p99=1.020e-02,rel=1.852e-04
F8_E4M3_B128,BITSHIFT,U(-1,1),128,4096,4096,64x64x32_w4_v3,SKIP,opt only LUT path
F8_E4M3_B128,LUT,U(-1,1),128,4096,4096,64x128x32_w4_v3,SKIP,BN/WARPS != 16
F8_E4M3_B128,BITSHIFT,U(-1,1),128,4096,4096,64x128x32_w4_v3,SKIP,BN/WARPS != 16
F8_E4M3_B128,LUT,U(-1,1),128,4096,4096,32x128x32_w4_v3_b1,SKIP,BN/WARPS != 16
F8_E4M3_B128,BITSHIFT,U(-1,1),128,4096,4096,32x128x32_w4_v3_b1,SKIP,BN/WARPS != 16
F8_E4M3_B128,LUT,U(-1,1),128,4096,4096,32x64x32_w4_v3_b1,OK,ms=0.706,tflops=6.08,gbps=29.9,maxabs=1.946e-02,p99=1.020e-02,rel=1.852e-04
F8_E4M3_B128,BITSHIFT,U(-1,1),128,4096,4096,32x64x32_w4_v3_b1,SKIP,opt only LUT path
F8_E4M3_B128,LUT,U(-1,1),128,4096,4096,32x256x32_w8_v3_b1,SKIP,BN/WARPS != 16
F8_E4M3_B128,BITSHIFT,U(-1,1),128,4096,4096,32x256x32_w8_v3_b1,SKIP,BN/WARPS != 16
F8_E4M3_B128,LUT,U(-1,1),128,4096,4096,128x128x32_w8_v3_b1alt,SKIP,no template
F8_E4M3_B128,BITSHIFT,U(-1,1),128,4096,4096,128x128x32_w8_v3_b1alt,SKIP,opt only LUT path
F8_E4M3_B128,LUT,U(-1,1),128,4096,4096,64x128x32_w8_v3_b1alt,SKIP,no template
F8_E4M3_B128,BITSHIFT,U(-1,1),128,4096,4096,64x128x32_w8_v3_b1alt,SKIP,opt only LUT path
F8_E4M3_B128,LUT,U(-1,1),128,4096,4096,128x64x32_w4_v4,OK,ms=0.881,tflops=4.87,gbps=23.9,maxabs=1.946e-02,p99=1.020e-02,rel=1.852e-04
F8_E4M3_B128,BITSHIFT,U(-1,1),128,4096,4096,128x64x32_w4_v4,SKIP,opt only LUT path
F8_E4M3_B128,LUT,U(-1,1),128,4096,4096,128x128x32_w4_v4,SKIP,BN/WARPS != 16
F8_E4M3_B128,BITSHIFT,U(-1,1),128,4096,4096,128x128x32_w4_v4,SKIP,BN/WARPS != 16
F8_E4M3_B128,LUT,U(-1,1),128,4096,4096,64x64x32_w4_v4,OK,ms=0.750,tflops=5.72,gbps=28.1,maxabs=1.946e-02,p99=1.020e-02,rel=1.852e-04
F8_E4M3_B128,BITSHIFT,U(-1,1),128,4096,4096,64x64x32_w4_v4,SKIP,opt only LUT path
F8_E4M3_B128,LUT,U(-1,1),128,4096,4096,64x128x32_w4_v4,SKIP,BN/WARPS != 16
F8_E4M3_B128,BITSHIFT,U(-1,1),128,4096,4096,64x128x32_w4_v4,SKIP,BN/WARPS != 16
F8_E4M3_B128,LUT,U(-1,1),128,4096,4096,128x64x32_w4_v5,OK,ms=0.881,tflops=4.88,gbps=24.0,maxabs=1.946e-02,p99=1.020e-02,rel=1.852e-04
F8_E4M3_B128,BITSHIFT,U(-1,1),128,4096,4096,128x64x32_w4_v5,SKIP,opt only LUT path
F8_E4M3_B128,LUT,U(-1,1),128,4096,4096,128x128x32_w4_v5,SKIP,BN/WARPS != 16
F8_E4M3_B128,BITSHIFT,U(-1,1),128,4096,4096,128x128x32_w4_v5,SKIP,BN/WARPS != 16
F8_E4M3_B128,LUT,U(-1,1),128,4096,4096,64x64x32_w4_v5,OK,ms=0.794,tflops=5.41,gbps=26.6,maxabs=1.946e-02,p99=1.020e-02,rel=1.852e-04
F8_E4M3_B128,BITSHIFT,U(-1,1),128,4096,4096,64x64x32_w4_v5,SKIP,opt only LUT path
F8_E4M3_B128,LUT,U(-1,1),128,4096,4096,64x128x32_w4_v5,SKIP,BN/WARPS != 16
F8_E4M3_B128,BITSHIFT,U(-1,1),128,4096,4096,64x128x32_w4_v5,SKIP,BN/WARPS != 16
F8_E4M3_B128,LUT,U(-1,1),128,4096,4096,128x128x64_w4_v6,SKIP,BN/WARPS != 16
F8_E4M3_B128,BITSHIFT,U(-1,1),128,4096,4096,128x128x64_w4_v6,SKIP,BN/WARPS != 16
F8_E4M3_B128,LUT,U(-1,1),128,4096,4096,128x64x64_w4_v6,SKIP,v6 only INT8 (A1 retry)
F8_E4M3_B128,BITSHIFT,U(-1,1),128,4096,4096,128x64x64_w4_v6,SKIP,opt only LUT path
F8_E4M3_B128,LUT,U(-1,1),128,4096,4096,64x128x64_w4_v6,SKIP,BN/WARPS != 16
F8_E4M3_B128,BITSHIFT,U(-1,1),128,4096,4096,64x128x64_w4_v6,SKIP,BN/WARPS != 16
F8_E4M3_B128,LUT,U(-1,1),128,4096,4096,64x64x64_w4_v6,SKIP,v6 only INT8 (A1 retry)
F8_E4M3_B128,BITSHIFT,U(-1,1),128,4096,4096,64x64x64_w4_v6,SKIP,opt only LUT path
F8_E4M3_B128,LUT,U(-1,1),128,4096,4096,64x128x32_w4_v7,SKIP,BN/WARPS != 16
F8_E4M3_B128,BITSHIFT,U(-1,1),128,4096,4096,64x128x32_w4_v7,SKIP,BN/WARPS != 16
F8_E4M3_B128,LUT,U(-1,1),128,4096,4096,64x64x32_w4_v7,SKIP,v7 only INT8 (B3 triple-buffer)
F8_E4M3_B128,BITSHIFT,U(-1,1),128,4096,4096,64x64x32_w4_v7,SKIP,opt only LUT path
F8_E4M3_B128,LUT,U(-1,1),128,4096,4096,32x128x32_w4_v7,SKIP,BN/WARPS != 16
F8_E4M3_B128,BITSHIFT,U(-1,1),128,4096,4096,32x128x32_w4_v7,SKIP,BN/WARPS != 16
F8_E4M3_B128,LUT,U(-1,1),128,4096,4096,32x64x32_w4_v7,SKIP,v7 only INT8 (B3 triple-buffer)
F8_E4M3_B128,BITSHIFT,U(-1,1),128,4096,4096,32x64x32_w4_v7,SKIP,opt only LUT path
F8_E4M3_B128,LUT,U(-1,1),256,4096,4096,16x64x32_w4,OK,ms=2.734,tflops=3.14,gbps=9.3,maxabs=1.946e-02,p99=9.815e-03,rel=1.849e-04
F8_E4M3_B128,BITSHIFT,U(-1,1),256,4096,4096,16x64x32_w4,OK,ms=3.260,tflops=2.63,gbps=7.8,maxabs=1.945e-02,p99=9.814e-03,rel=1.849e-04
F8_E4M3_B128,LUT,U(-1,1),256,4096,4096,16x128x32_w8,OK,ms=2.820,tflops=3.05,gbps=9.0,maxabs=1.946e-02,p99=9.815e-03,rel=1.849e-04
F8_E4M3_B128,BITSHIFT,U(-1,1),256,4096,4096,16x128x32_w8,OK,ms=3.449,tflops=2.49,gbps=7.3,maxabs=1.945e-02,p99=9.814e-03,rel=1.849e-04
F8_E4M3_B128,LUT,U(-1,1),256,4096,4096,16x128x32_w4f2,SKIP,BN/WARPS != 16
F8_E4M3_B128,BITSHIFT,U(-1,1),256,4096,4096,16x128x32_w4f2,SKIP,BN/WARPS != 16
F8_E4M3_B128,LUT,U(-1,1),256,4096,4096,16x256x32_w4f4,SKIP,BN/WARPS != 16
F8_E4M3_B128,BITSHIFT,U(-1,1),256,4096,4096,16x256x32_w4f4,SKIP,BN/WARPS != 16
F8_E4M3_B128,LUT,U(-1,1),256,4096,4096,128x64x32_w4_v1,SKIP,no template
F8_E4M3_B128,BITSHIFT,U(-1,1),256,4096,4096,128x64x32_w4_v1,SKIP,opt only LUT path
F8_E4M3_B128,LUT,U(-1,1),256,4096,4096,128x128x32_w4_v1,SKIP,BN/WARPS != 16
F8_E4M3_B128,BITSHIFT,U(-1,1),256,4096,4096,128x128x32_w4_v1,SKIP,BN/WARPS != 16
F8_E4M3_B128,LUT,U(-1,1),256,4096,4096,128x256x32_w4_v1,SKIP,BN/WARPS != 16
F8_E4M3_B128,BITSHIFT,U(-1,1),256,4096,4096,128x256x32_w4_v1,SKIP,BN/WARPS != 16
F8_E4M3_B128,LUT,U(-1,1),256,4096,4096,128x256x32_w8_v1,SKIP,BN/WARPS != 16
F8_E4M3_B128,BITSHIFT,U(-1,1),256,4096,4096,128x256x32_w8_v1,SKIP,BN/WARPS != 16
F8_E4M3_B128,LUT,U(-1,1),256,4096,4096,64x64x32_w4_v1,SKIP,no template
F8_E4M3_B128,BITSHIFT,U(-1,1),256,4096,4096,64x64x32_w4_v1,SKIP,opt only LUT path
F8_E4M3_B128,LUT,U(-1,1),256,4096,4096,64x128x32_w4_v1,SKIP,BN/WARPS != 16
F8_E4M3_B128,BITSHIFT,U(-1,1),256,4096,4096,64x128x32_w4_v1,SKIP,BN/WARPS != 16
F8_E4M3_B128,LUT,U(-1,1),256,4096,4096,128x64x32_w4_v2,OK,ms=1.446,tflops=5.94,gbps=17.5,maxabs=1.946e-02,p99=9.815e-03,rel=1.849e-04
F8_E4M3_B128,BITSHIFT,U(-1,1),256,4096,4096,128x64x32_w4_v2,SKIP,opt only LUT path
F8_E4M3_B128,LUT,U(-1,1),256,4096,4096,128x128x32_w4_v2,SKIP,BN/WARPS != 16
F8_E4M3_B128,BITSHIFT,U(-1,1),256,4096,4096,128x128x32_w4_v2,SKIP,BN/WARPS != 16
F8_E4M3_B128,LUT,U(-1,1),256,4096,4096,128x256x32_w4_v2,SKIP,BN/WARPS != 16
F8_E4M3_B128,BITSHIFT,U(-1,1),256,4096,4096,128x256x32_w4_v2,SKIP,BN/WARPS != 16
F8_E4M3_B128,LUT,U(-1,1),256,4096,4096,128x256x32_w8_v2,SKIP,BN/WARPS != 16
F8_E4M3_B128,BITSHIFT,U(-1,1),256,4096,4096,128x256x32_w8_v2,SKIP,BN/WARPS != 16
F8_E4M3_B128,LUT,U(-1,1),256,4096,4096,64x64x32_w4_v2,OK,ms=1.353,tflops=6.35,gbps=18.7,maxabs=1.946e-02,p99=9.815e-03,rel=1.849e-04
F8_E4M3_B128,BITSHIFT,U(-1,1),256,4096,4096,64x64x32_w4_v2,SKIP,opt only LUT path
F8_E4M3_B128,LUT,U(-1,1),256,4096,4096,64x128x32_w4_v2,SKIP,BN/WARPS != 16
F8_E4M3_B128,BITSHIFT,U(-1,1),256,4096,4096,64x128x32_w4_v2,SKIP,BN/WARPS != 16
F8_E4M3_B128,LUT,U(-1,1),256,4096,4096,128x64x32_w4_v3,OK,ms=0.934,tflops=9.19,gbps=27.1,maxabs=1.946e-02,p99=9.815e-03,rel=1.849e-04
F8_E4M3_B128,BITSHIFT,U(-1,1),256,4096,4096,128x64x32_w4_v3,SKIP,opt only LUT path
F8_E4M3_B128,LUT,U(-1,1),256,4096,4096,128x128x32_w4_v3,SKIP,BN/WARPS != 16
F8_E4M3_B128,BITSHIFT,U(-1,1),256,4096,4096,128x128x32_w4_v3,SKIP,BN/WARPS != 16
F8_E4M3_B128,LUT,U(-1,1),256,4096,4096,128x256x32_w8_v3,SKIP,BN/WARPS != 16
F8_E4M3_B128,BITSHIFT,U(-1,1),256,4096,4096,128x256x32_w8_v3,SKIP,BN/WARPS != 16
F8_E4M3_B128,LUT,U(-1,1),256,4096,4096,64x64x32_w4_v3,OK,ms=0.814,tflops=10.55,gbps=31.1,maxabs=1.946e-02,p99=9.815e-03,rel=1.849e-04
F8_E4M3_B128,BITSHIFT,U(-1,1),256,4096,4096,64x64x32_w4_v3,SKIP,opt only LUT path
F8_E4M3_B128,LUT,U(-1,1),256,4096,4096,64x128x32_w4_v3,SKIP,BN/WARPS != 16
F8_E4M3_B128,BITSHIFT,U(-1,1),256,4096,4096,64x128x32_w4_v3,SKIP,BN/WARPS != 16
F8_E4M3_B128,LUT,U(-1,1),256,4096,4096,32x128x32_w4_v3_b1,SKIP,BN/WARPS != 16
F8_E4M3_B128,BITSHIFT,U(-1,1),256,4096,4096,32x128x32_w4_v3_b1,SKIP,BN/WARPS != 16
F8_E4M3_B128,LUT,U(-1,1),256,4096,4096,32x64x32_w4_v3_b1,OK,ms=1.498,tflops=5.73,gbps=16.9,maxabs=1.946e-02,p99=9.815e-03,rel=1.849e-04
F8_E4M3_B128,BITSHIFT,U(-1,1),256,4096,4096,32x64x32_w4_v3_b1,SKIP,opt only LUT path
F8_E4M3_B128,LUT,U(-1,1),256,4096,4096,32x256x32_w8_v3_b1,SKIP,BN/WARPS != 16
F8_E4M3_B128,BITSHIFT,U(-1,1),256,4096,4096,32x256x32_w8_v3_b1,SKIP,BN/WARPS != 16
F8_E4M3_B128,LUT,U(-1,1),256,4096,4096,128x128x32_w8_v3_b1alt,SKIP,no template
F8_E4M3_B128,BITSHIFT,U(-1,1),256,4096,4096,128x128x32_w8_v3_b1alt,SKIP,opt only LUT path
F8_E4M3_B128,LUT,U(-1,1),256,4096,4096,64x128x32_w8_v3_b1alt,SKIP,no template
F8_E4M3_B128,BITSHIFT,U(-1,1),256,4096,4096,64x128x32_w8_v3_b1alt,SKIP,opt only LUT path
F8_E4M3_B128,LUT,U(-1,1),256,4096,4096,128x64x32_w4_v4,OK,ms=0.942,tflops=9.12,gbps=26.9,maxabs=1.946e-02,p99=9.815e-03,rel=1.849e-04
F8_E4M3_B128,BITSHIFT,U(-1,1),256,4096,4096,128x64x32_w4_v4,SKIP,opt only LUT path
F8_E4M3_B128,LUT,U(-1,1),256,4096,4096,128x128x32_w4_v4,SKIP,BN/WARPS != 16
F8_E4M3_B128,BITSHIFT,U(-1,1),256,4096,4096,128x128x32_w4_v4,SKIP,BN/WARPS != 16
F8_E4M3_B128,LUT,U(-1,1),256,4096,4096,64x64x32_w4_v4,OK,ms=0.834,tflops=10.30,gbps=30.3,maxabs=1.946e-02,p99=9.815e-03,rel=1.849e-04
F8_E4M3_B128,BITSHIFT,U(-1,1),256,4096,4096,64x64x32_w4_v4,SKIP,opt only LUT path
F8_E4M3_B128,LUT,U(-1,1),256,4096,4096,64x128x32_w4_v4,SKIP,BN/WARPS != 16
F8_E4M3_B128,BITSHIFT,U(-1,1),256,4096,4096,64x128x32_w4_v4,SKIP,BN/WARPS != 16
F8_E4M3_B128,LUT,U(-1,1),256,4096,4096,128x64x32_w4_v5,OK,ms=1.016,tflops=8.46,gbps=24.9,maxabs=1.946e-02,p99=9.815e-03,rel=1.849e-04
F8_E4M3_B128,BITSHIFT,U(-1,1),256,4096,4096,128x64x32_w4_v5,SKIP,opt only LUT path
F8_E4M3_B128,LUT,U(-1,1),256,4096,4096,128x128x32_w4_v5,SKIP,BN/WARPS != 16
F8_E4M3_B128,BITSHIFT,U(-1,1),256,4096,4096,128x128x32_w4_v5,SKIP,BN/WARPS != 16
F8_E4M3_B128,LUT,U(-1,1),256,4096,4096,64x64x32_w4_v5,OK,ms=1.557,tflops=5.52,gbps=16.2,maxabs=1.946e-02,p99=9.815e-03,rel=1.849e-04
F8_E4M3_B128,BITSHIFT,U(-1,1),256,4096,4096,64x64x32_w4_v5,SKIP,opt only LUT path
F8_E4M3_B128,LUT,U(-1,1),256,4096,4096,64x128x32_w4_v5,SKIP,BN/WARPS != 16
F8_E4M3_B128,BITSHIFT,U(-1,1),256,4096,4096,64x128x32_w4_v5,SKIP,BN/WARPS != 16
F8_E4M3_B128,LUT,U(-1,1),256,4096,4096,128x128x64_w4_v6,SKIP,BN/WARPS != 16
F8_E4M3_B128,BITSHIFT,U(-1,1),256,4096,4096,128x128x64_w4_v6,SKIP,BN/WARPS != 16
F8_E4M3_B128,LUT,U(-1,1),256,4096,4096,128x64x64_w4_v6,SKIP,v6 only INT8 (A1 retry)
F8_E4M3_B128,BITSHIFT,U(-1,1),256,4096,4096,128x64x64_w4_v6,SKIP,opt only LUT path
F8_E4M3_B128,LUT,U(-1,1),256,4096,4096,64x128x64_w4_v6,SKIP,BN/WARPS != 16
F8_E4M3_B128,BITSHIFT,U(-1,1),256,4096,4096,64x128x64_w4_v6,SKIP,BN/WARPS != 16
F8_E4M3_B128,LUT,U(-1,1),256,4096,4096,64x64x64_w4_v6,SKIP,v6 only INT8 (A1 retry)
F8_E4M3_B128,BITSHIFT,U(-1,1),256,4096,4096,64x64x64_w4_v6,SKIP,opt only LUT path
F8_E4M3_B128,LUT,U(-1,1),256,4096,4096,64x128x32_w4_v7,SKIP,BN/WARPS != 16
F8_E4M3_B128,BITSHIFT,U(-1,1),256,4096,4096,64x128x32_w4_v7,SKIP,BN/WARPS != 16
F8_E4M3_B128,LUT,U(-1,1),256,4096,4096,64x64x32_w4_v7,SKIP,v7 only INT8 (B3 triple-buffer)
F8_E4M3_B128,BITSHIFT,U(-1,1),256,4096,4096,64x64x32_w4_v7,SKIP,opt only LUT path
F8_E4M3_B128,LUT,U(-1,1),256,4096,4096,32x128x32_w4_v7,SKIP,BN/WARPS != 16
F8_E4M3_B128,BITSHIFT,U(-1,1),256,4096,4096,32x128x32_w4_v7,SKIP,BN/WARPS != 16
F8_E4M3_B128,LUT,U(-1,1),256,4096,4096,32x64x32_w4_v7,SKIP,v7 only INT8 (B3 triple-buffer)
F8_E4M3_B128,BITSHIFT,U(-1,1),256,4096,4096,32x64x32_w4_v7,SKIP,opt only LUT path
F8_E4M3_B128,LUT,U(-1,1),512,4096,4096,16x64x32_w4,OK,ms=4.435,tflops=3.87,gbps=7.6,maxabs=1.951e-02,p99=9.951e-03,rel=1.848e-04
F8_E4M3_B128,BITSHIFT,U(-1,1),512,4096,4096,16x64x32_w4,OK,ms=6.316,tflops=2.72,gbps=5.3,maxabs=1.950e-02,p99=9.949e-03,rel=1.848e-04
F8_E4M3_B128,LUT,U(-1,1),512,4096,4096,16x128x32_w8,OK,ms=5.606,tflops=3.06,gbps=6.0,maxabs=1.951e-02,p99=9.951e-03,rel=1.848e-04
F8_E4M3_B128,BITSHIFT,U(-1,1),512,4096,4096,16x128x32_w8,OK,ms=6.755,tflops=2.54,gbps=5.0,maxabs=1.950e-02,p99=9.949e-03,rel=1.848e-04
F8_E4M3_B128,LUT,U(-1,1),512,4096,4096,16x128x32_w4f2,SKIP,BN/WARPS != 16
F8_E4M3_B128,BITSHIFT,U(-1,1),512,4096,4096,16x128x32_w4f2,SKIP,BN/WARPS != 16
F8_E4M3_B128,LUT,U(-1,1),512,4096,4096,16x256x32_w4f4,SKIP,BN/WARPS != 16
F8_E4M3_B128,BITSHIFT,U(-1,1),512,4096,4096,16x256x32_w4f4,SKIP,BN/WARPS != 16
F8_E4M3_B128,LUT,U(-1,1),512,4096,4096,128x64x32_w4_v1,SKIP,no template
F8_E4M3_B128,BITSHIFT,U(-1,1),512,4096,4096,128x64x32_w4_v1,SKIP,opt only LUT path
F8_E4M3_B128,LUT,U(-1,1),512,4096,4096,128x128x32_w4_v1,SKIP,BN/WARPS != 16
F8_E4M3_B128,BITSHIFT,U(-1,1),512,4096,4096,128x128x32_w4_v1,SKIP,BN/WARPS != 16
F8_E4M3_B128,LUT,U(-1,1),512,4096,4096,128x256x32_w4_v1,SKIP,BN/WARPS != 16
F8_E4M3_B128,BITSHIFT,U(-1,1),512,4096,4096,128x256x32_w4_v1,SKIP,BN/WARPS != 16
F8_E4M3_B128,LUT,U(-1,1),512,4096,4096,128x256x32_w8_v1,SKIP,BN/WARPS != 16
F8_E4M3_B128,BITSHIFT,U(-1,1),512,4096,4096,128x256x32_w8_v1,SKIP,BN/WARPS != 16
F8_E4M3_B128,LUT,U(-1,1),512,4096,4096,64x64x32_w4_v1,SKIP,no template
F8_E4M3_B128,BITSHIFT,U(-1,1),512,4096,4096,64x64x32_w4_v1,SKIP,opt only LUT path
F8_E4M3_B128,LUT,U(-1,1),512,4096,4096,64x128x32_w4_v1,SKIP,BN/WARPS != 16
F8_E4M3_B128,BITSHIFT,U(-1,1),512,4096,4096,64x128x32_w4_v1,SKIP,BN/WARPS != 16
F8_E4M3_B128,LUT,U(-1,1),512,4096,4096,128x64x32_w4_v2,OK,ms=1.607,tflops=10.69,gbps=21.0,maxabs=1.951e-02,p99=9.951e-03,rel=1.848e-04
F8_E4M3_B128,BITSHIFT,U(-1,1),512,4096,4096,128x64x32_w4_v2,SKIP,opt only LUT path
F8_E4M3_B128,LUT,U(-1,1),512,4096,4096,128x128x32_w4_v2,SKIP,BN/WARPS != 16
F8_E4M3_B128,BITSHIFT,U(-1,1),512,4096,4096,128x128x32_w4_v2,SKIP,BN/WARPS != 16
F8_E4M3_B128,LUT,U(-1,1),512,4096,4096,128x256x32_w4_v2,SKIP,BN/WARPS != 16
F8_E4M3_B128,BITSHIFT,U(-1,1),512,4096,4096,128x256x32_w4_v2,SKIP,BN/WARPS != 16
F8_E4M3_B128,LUT,U(-1,1),512,4096,4096,128x256x32_w8_v2,SKIP,BN/WARPS != 16
F8_E4M3_B128,BITSHIFT,U(-1,1),512,4096,4096,128x256x32_w8_v2,SKIP,BN/WARPS != 16
F8_E4M3_B128,LUT,U(-1,1),512,4096,4096,64x64x32_w4_v2,OK,ms=2.826,tflops=6.08,gbps=11.9,maxabs=1.951e-02,p99=9.951e-03,rel=1.848e-04
F8_E4M3_B128,BITSHIFT,U(-1,1),512,4096,4096,64x64x32_w4_v2,SKIP,opt only LUT path
F8_E4M3_B128,LUT,U(-1,1),512,4096,4096,64x128x32_w4_v2,SKIP,BN/WARPS != 16
F8_E4M3_B128,BITSHIFT,U(-1,1),512,4096,4096,64x128x32_w4_v2,SKIP,BN/WARPS != 16
F8_E4M3_B128,LUT,U(-1,1),512,4096,4096,128x64x32_w4_v3,OK,ms=2.141,tflops=8.02,gbps=15.7,maxabs=1.951e-02,p99=9.951e-03,rel=1.848e-04
F8_E4M3_B128,BITSHIFT,U(-1,1),512,4096,4096,128x64x32_w4_v3,SKIP,opt only LUT path
F8_E4M3_B128,LUT,U(-1,1),512,4096,4096,128x128x32_w4_v3,SKIP,BN/WARPS != 16
F8_E4M3_B128,BITSHIFT,U(-1,1),512,4096,4096,128x128x32_w4_v3,SKIP,BN/WARPS != 16
F8_E4M3_B128,LUT,U(-1,1),512,4096,4096,128x256x32_w8_v3,SKIP,BN/WARPS != 16
F8_E4M3_B128,BITSHIFT,U(-1,1),512,4096,4096,128x256x32_w8_v3,SKIP,BN/WARPS != 16
F8_E4M3_B128,LUT,U(-1,1),512,4096,4096,64x64x32_w4_v3,OK,ms=1.763,tflops=9.74,gbps=19.1,maxabs=1.951e-02,p99=9.951e-03,rel=1.848e-04
F8_E4M3_B128,BITSHIFT,U(-1,1),512,4096,4096,64x64x32_w4_v3,SKIP,opt only LUT path
F8_E4M3_B128,LUT,U(-1,1),512,4096,4096,64x128x32_w4_v3,SKIP,BN/WARPS != 16
F8_E4M3_B128,BITSHIFT,U(-1,1),512,4096,4096,64x128x32_w4_v3,SKIP,BN/WARPS != 16
F8_E4M3_B128,LUT,U(-1,1),512,4096,4096,32x128x32_w4_v3_b1,SKIP,BN/WARPS != 16
F8_E4M3_B128,BITSHIFT,U(-1,1),512,4096,4096,32x128x32_w4_v3_b1,SKIP,BN/WARPS != 16
F8_E4M3_B128,LUT,U(-1,1),512,4096,4096,32x64x32_w4_v3_b1,OK,ms=2.304,tflops=7.46,gbps=14.6,maxabs=1.951e-02,p99=9.951e-03,rel=1.848e-04
F8_E4M3_B128,BITSHIFT,U(-1,1),512,4096,4096,32x64x32_w4_v3_b1,SKIP,opt only LUT path
F8_E4M3_B128,LUT,U(-1,1),512,4096,4096,32x256x32_w8_v3_b1,SKIP,BN/WARPS != 16
F8_E4M3_B128,BITSHIFT,U(-1,1),512,4096,4096,32x256x32_w8_v3_b1,SKIP,BN/WARPS != 16
F8_E4M3_B128,LUT,U(-1,1),512,4096,4096,128x128x32_w8_v3_b1alt,SKIP,no template
F8_E4M3_B128,BITSHIFT,U(-1,1),512,4096,4096,128x128x32_w8_v3_b1alt,SKIP,opt only LUT path
F8_E4M3_B128,LUT,U(-1,1),512,4096,4096,64x128x32_w8_v3_b1alt,SKIP,no template
F8_E4M3_B128,BITSHIFT,U(-1,1),512,4096,4096,64x128x32_w8_v3_b1alt,SKIP,opt only LUT path
F8_E4M3_B128,LUT,U(-1,1),512,4096,4096,128x64x32_w4_v4,OK,ms=2.229,tflops=7.71,gbps=15.1,maxabs=1.951e-02,p99=9.951e-03,rel=1.848e-04
F8_E4M3_B128,BITSHIFT,U(-1,1),512,4096,4096,128x64x32_w4_v4,SKIP,opt only LUT path
F8_E4M3_B128,LUT,U(-1,1),512,4096,4096,128x128x32_w4_v4,SKIP,BN/WARPS != 16
F8_E4M3_B128,BITSHIFT,U(-1,1),512,4096,4096,128x128x32_w4_v4,SKIP,BN/WARPS != 16
F8_E4M3_B128,LUT,U(-1,1),512,4096,4096,64x64x32_w4_v4,OK,ms=1.899,tflops=9.05,gbps=17.7,maxabs=1.951e-02,p99=9.951e-03,rel=1.848e-04
F8_E4M3_B128,BITSHIFT,U(-1,1),512,4096,4096,64x64x32_w4_v4,SKIP,opt only LUT path
F8_E4M3_B128,LUT,U(-1,1),512,4096,4096,64x128x32_w4_v4,SKIP,BN/WARPS != 16
F8_E4M3_B128,BITSHIFT,U(-1,1),512,4096,4096,64x128x32_w4_v4,SKIP,BN/WARPS != 16
F8_E4M3_B128,LUT,U(-1,1),512,4096,4096,128x64x32_w4_v5,OK,ms=2.020,tflops=8.51,gbps=16.7,maxabs=1.951e-02,p99=9.951e-03,rel=1.848e-04
F8_E4M3_B128,BITSHIFT,U(-1,1),512,4096,4096,128x64x32_w4_v5,SKIP,opt only LUT path
F8_E4M3_B128,LUT,U(-1,1),512,4096,4096,128x128x32_w4_v5,SKIP,BN/WARPS != 16
F8_E4M3_B128,BITSHIFT,U(-1,1),512,4096,4096,128x128x32_w4_v5,SKIP,BN/WARPS != 16
F8_E4M3_B128,LUT,U(-1,1),512,4096,4096,64x64x32_w4_v5,OK,ms=3.024,tflops=5.68,gbps=11.1,maxabs=1.951e-02,p99=9.951e-03,rel=1.848e-04
F8_E4M3_B128,BITSHIFT,U(-1,1),512,4096,4096,64x64x32_w4_v5,SKIP,opt only LUT path
F8_E4M3_B128,LUT,U(-1,1),512,4096,4096,64x128x32_w4_v5,SKIP,BN/WARPS != 16
F8_E4M3_B128,BITSHIFT,U(-1,1),512,4096,4096,64x128x32_w4_v5,SKIP,BN/WARPS != 16
F8_E4M3_B128,LUT,U(-1,1),512,4096,4096,128x128x64_w4_v6,SKIP,BN/WARPS != 16
F8_E4M3_B128,BITSHIFT,U(-1,1),512,4096,4096,128x128x64_w4_v6,SKIP,BN/WARPS != 16
F8_E4M3_B128,LUT,U(-1,1),512,4096,4096,128x64x64_w4_v6,SKIP,v6 only INT8 (A1 retry)
F8_E4M3_B128,BITSHIFT,U(-1,1),512,4096,4096,128x64x64_w4_v6,SKIP,opt only LUT path
F8_E4M3_B128,LUT,U(-1,1),512,4096,4096,64x128x64_w4_v6,SKIP,BN/WARPS != 16
F8_E4M3_B128,BITSHIFT,U(-1,1),512,4096,4096,64x128x64_w4_v6,SKIP,BN/WARPS != 16
F8_E4M3_B128,LUT,U(-1,1),512,4096,4096,64x64x64_w4_v6,SKIP,v6 only INT8 (A1 retry)
F8_E4M3_B128,BITSHIFT,U(-1,1),512,4096,4096,64x64x64_w4_v6,SKIP,opt only LUT path
F8_E4M3_B128,LUT,U(-1,1),512,4096,4096,64x128x32_w4_v7,SKIP,BN/WARPS != 16
F8_E4M3_B128,BITSHIFT,U(-1,1),512,4096,4096,64x128x32_w4_v7,SKIP,BN/WARPS != 16
F8_E4M3_B128,LUT,U(-1,1),512,4096,4096,64x64x32_w4_v7,SKIP,v7 only INT8 (B3 triple-buffer)
F8_E4M3_B128,BITSHIFT,U(-1,1),512,4096,4096,64x64x32_w4_v7,SKIP,opt only LUT path
F8_E4M3_B128,LUT,U(-1,1),512,4096,4096,32x128x32_w4_v7,SKIP,BN/WARPS != 16
F8_E4M3_B128,BITSHIFT,U(-1,1),512,4096,4096,32x128x32_w4_v7,SKIP,BN/WARPS != 16
F8_E4M3_B128,LUT,U(-1,1),512,4096,4096,32x64x32_w4_v7,SKIP,v7 only INT8 (B3 triple-buffer)
F8_E4M3_B128,BITSHIFT,U(-1,1),512,4096,4096,32x64x32_w4_v7,SKIP,opt only LUT path
F8_E4M3_B128,LUT,U(-1,1),1024,4096,4096,16x64x32_w4,OK,ms=8.873,tflops=3.87,gbps=5.7,maxabs=1.949e-02,p99=9.953e-03,rel=1.847e-04
F8_E4M3_B128,BITSHIFT,U(-1,1),1024,4096,4096,16x64x32_w4,OK,ms=11.240,tflops=3.06,gbps=4.5,maxabs=1.949e-02,p99=9.953e-03,rel=1.847e-04
F8_E4M3_B128,LUT,U(-1,1),1024,4096,4096,16x128x32_w8,OK,ms=9.884,tflops=3.48,gbps=5.1,maxabs=1.949e-02,p99=9.953e-03,rel=1.847e-04
F8_E4M3_B128,BITSHIFT,U(-1,1),1024,4096,4096,16x128x32_w8,OK,ms=12.023,tflops=2.86,gbps=4.2,maxabs=1.949e-02,p99=9.953e-03,rel=1.847e-04
F8_E4M3_B128,LUT,U(-1,1),1024,4096,4096,16x128x32_w4f2,SKIP,BN/WARPS != 16
F8_E4M3_B128,BITSHIFT,U(-1,1),1024,4096,4096,16x128x32_w4f2,SKIP,BN/WARPS != 16
F8_E4M3_B128,LUT,U(-1,1),1024,4096,4096,16x256x32_w4f4,SKIP,BN/WARPS != 16
F8_E4M3_B128,BITSHIFT,U(-1,1),1024,4096,4096,16x256x32_w4f4,SKIP,BN/WARPS != 16
F8_E4M3_B128,LUT,U(-1,1),1024,4096,4096,128x64x32_w4_v1,SKIP,no template
F8_E4M3_B128,BITSHIFT,U(-1,1),1024,4096,4096,128x64x32_w4_v1,SKIP,opt only LUT path
F8_E4M3_B128,LUT,U(-1,1),1024,4096,4096,128x128x32_w4_v1,SKIP,BN/WARPS != 16
F8_E4M3_B128,BITSHIFT,U(-1,1),1024,4096,4096,128x128x32_w4_v1,SKIP,BN/WARPS != 16
F8_E4M3_B128,LUT,U(-1,1),1024,4096,4096,128x256x32_w4_v1,SKIP,BN/WARPS != 16
F8_E4M3_B128,BITSHIFT,U(-1,1),1024,4096,4096,128x256x32_w4_v1,SKIP,BN/WARPS != 16
F8_E4M3_B128,LUT,U(-1,1),1024,4096,4096,128x256x32_w8_v1,SKIP,BN/WARPS != 16
F8_E4M3_B128,BITSHIFT,U(-1,1),1024,4096,4096,128x256x32_w8_v1,SKIP,BN/WARPS != 16
F8_E4M3_B128,LUT,U(-1,1),1024,4096,4096,64x64x32_w4_v1,SKIP,no template
F8_E4M3_B128,BITSHIFT,U(-1,1),1024,4096,4096,64x64x32_w4_v1,SKIP,opt only LUT path
F8_E4M3_B128,LUT,U(-1,1),1024,4096,4096,64x128x32_w4_v1,SKIP,BN/WARPS != 16
F8_E4M3_B128,BITSHIFT,U(-1,1),1024,4096,4096,64x128x32_w4_v1,SKIP,BN/WARPS != 16
F8_E4M3_B128,LUT,U(-1,1),1024,4096,4096,128x64x32_w4_v2,OK,ms=3.266,tflops=10.52,gbps=15.5,maxabs=1.949e-02,p99=9.953e-03,rel=1.847e-04
F8_E4M3_B128,BITSHIFT,U(-1,1),1024,4096,4096,128x64x32_w4_v2,SKIP,opt only LUT path
F8_E4M3_B128,LUT,U(-1,1),1024,4096,4096,128x128x32_w4_v2,SKIP,BN/WARPS != 16
F8_E4M3_B128,BITSHIFT,U(-1,1),1024,4096,4096,128x128x32_w4_v2,SKIP,BN/WARPS != 16
F8_E4M3_B128,LUT,U(-1,1),1024,4096,4096,128x256x32_w4_v2,SKIP,BN/WARPS != 16
F8_E4M3_B128,BITSHIFT,U(-1,1),1024,4096,4096,128x256x32_w4_v2,SKIP,BN/WARPS != 16
F8_E4M3_B128,LUT,U(-1,1),1024,4096,4096,128x256x32_w8_v2,SKIP,BN/WARPS != 16
F8_E4M3_B128,BITSHIFT,U(-1,1),1024,4096,4096,128x256x32_w8_v2,SKIP,BN/WARPS != 16
F8_E4M3_B128,LUT,U(-1,1),1024,4096,4096,64x64x32_w4_v2,OK,ms=4.247,tflops=8.09,gbps=11.9,maxabs=1.949e-02,p99=9.953e-03,rel=1.847e-04
F8_E4M3_B128,BITSHIFT,U(-1,1),1024,4096,4096,64x64x32_w4_v2,SKIP,opt only LUT path
F8_E4M3_B128,LUT,U(-1,1),1024,4096,4096,64x128x32_w4_v2,SKIP,BN/WARPS != 16
F8_E4M3_B128,BITSHIFT,U(-1,1),1024,4096,4096,64x128x32_w4_v2,SKIP,BN/WARPS != 16
F8_E4M3_B128,LUT,U(-1,1),1024,4096,4096,128x64x32_w4_v3,OK,ms=3.327,tflops=10.33,gbps=15.2,maxabs=1.949e-02,p99=9.953e-03,rel=1.847e-04
F8_E4M3_B128,BITSHIFT,U(-1,1),1024,4096,4096,128x64x32_w4_v3,SKIP,opt only LUT path
F8_E4M3_B128,LUT,U(-1,1),1024,4096,4096,128x128x32_w4_v3,SKIP,BN/WARPS != 16
F8_E4M3_B128,BITSHIFT,U(-1,1),1024,4096,4096,128x128x32_w4_v3,SKIP,BN/WARPS != 16
F8_E4M3_B128,LUT,U(-1,1),1024,4096,4096,128x256x32_w8_v3,SKIP,BN/WARPS != 16
F8_E4M3_B128,BITSHIFT,U(-1,1),1024,4096,4096,128x256x32_w8_v3,SKIP,BN/WARPS != 16
F8_E4M3_B128,LUT,U(-1,1),1024,4096,4096,64x64x32_w4_v3,OK,ms=2.701,tflops=12.72,gbps=18.7,maxabs=1.949e-02,p99=9.953e-03,rel=1.847e-04
F8_E4M3_B128,BITSHIFT,U(-1,1),1024,4096,4096,64x64x32_w4_v3,SKIP,opt only LUT path
F8_E4M3_B128,LUT,U(-1,1),1024,4096,4096,64x128x32_w4_v3,SKIP,BN/WARPS != 16
F8_E4M3_B128,BITSHIFT,U(-1,1),1024,4096,4096,64x128x32_w4_v3,SKIP,BN/WARPS != 16
F8_E4M3_B128,LUT,U(-1,1),1024,4096,4096,32x128x32_w4_v3_b1,SKIP,BN/WARPS != 16
F8_E4M3_B128,BITSHIFT,U(-1,1),1024,4096,4096,32x128x32_w4_v3_b1,SKIP,BN/WARPS != 16
F8_E4M3_B128,LUT,U(-1,1),1024,4096,4096,32x64x32_w4_v3_b1,OK,ms=3.887,tflops=8.84,gbps=13.0,maxabs=1.949e-02,p99=9.953e-03,rel=1.847e-04
F8_E4M3_B128,BITSHIFT,U(-1,1),1024,4096,4096,32x64x32_w4_v3_b1,SKIP,opt only LUT path
F8_E4M3_B128,LUT,U(-1,1),1024,4096,4096,32x256x32_w8_v3_b1,SKIP,BN/WARPS != 16
F8_E4M3_B128,BITSHIFT,U(-1,1),1024,4096,4096,32x256x32_w8_v3_b1,SKIP,BN/WARPS != 16
F8_E4M3_B128,LUT,U(-1,1),1024,4096,4096,128x128x32_w8_v3_b1alt,SKIP,no template
F8_E4M3_B128,BITSHIFT,U(-1,1),1024,4096,4096,128x128x32_w8_v3_b1alt,SKIP,opt only LUT path
F8_E4M3_B128,LUT,U(-1,1),1024,4096,4096,64x128x32_w8_v3_b1alt,SKIP,no template
F8_E4M3_B128,BITSHIFT,U(-1,1),1024,4096,4096,64x128x32_w8_v3_b1alt,SKIP,opt only LUT path
F8_E4M3_B128,LUT,U(-1,1),1024,4096,4096,128x64x32_w4_v4,OK,ms=3.368,tflops=10.20,gbps=15.0,maxabs=1.949e-02,p99=9.953e-03,rel=1.847e-04
F8_E4M3_B128,BITSHIFT,U(-1,1),1024,4096,4096,128x64x32_w4_v4,SKIP,opt only LUT path
F8_E4M3_B128,LUT,U(-1,1),1024,4096,4096,128x128x32_w4_v4,SKIP,BN/WARPS != 16
F8_E4M3_B128,BITSHIFT,U(-1,1),1024,4096,4096,128x128x32_w4_v4,SKIP,BN/WARPS != 16
F8_E4M3_B128,LUT,U(-1,1),1024,4096,4096,64x64x32_w4_v4,OK,ms=2.780,tflops=12.36,gbps=18.2,maxabs=1.949e-02,p99=9.953e-03,rel=1.847e-04
F8_E4M3_B128,BITSHIFT,U(-1,1),1024,4096,4096,64x64x32_w4_v4,SKIP,opt only LUT path
F8_E4M3_B128,LUT,U(-1,1),1024,4096,4096,64x128x32_w4_v4,SKIP,BN/WARPS != 16
F8_E4M3_B128,BITSHIFT,U(-1,1),1024,4096,4096,64x128x32_w4_v4,SKIP,BN/WARPS != 16
F8_E4M3_B128,LUT,U(-1,1),1024,4096,4096,128x64x32_w4_v5,OK,ms=3.947,tflops=8.70,gbps=12.8,maxabs=1.949e-02,p99=9.953e-03,rel=1.847e-04
F8_E4M3_B128,BITSHIFT,U(-1,1),1024,4096,4096,128x64x32_w4_v5,SKIP,opt only LUT path
F8_E4M3_B128,LUT,U(-1,1),1024,4096,4096,128x128x32_w4_v5,SKIP,BN/WARPS != 16
F8_E4M3_B128,BITSHIFT,U(-1,1),1024,4096,4096,128x128x32_w4_v5,SKIP,BN/WARPS != 16
F8_E4M3_B128,LUT,U(-1,1),1024,4096,4096,64x64x32_w4_v5,OK,ms=5.356,tflops=6.42,gbps=9.4,maxabs=1.949e-02,p99=9.953e-03,rel=1.847e-04
F8_E4M3_B128,BITSHIFT,U(-1,1),1024,4096,4096,64x64x32_w4_v5,SKIP,opt only LUT path
F8_E4M3_B128,LUT,U(-1,1),1024,4096,4096,64x128x32_w4_v5,SKIP,BN/WARPS != 16
F8_E4M3_B128,BITSHIFT,U(-1,1),1024,4096,4096,64x128x32_w4_v5,SKIP,BN/WARPS != 16
F8_E4M3_B128,LUT,U(-1,1),1024,4096,4096,128x128x64_w4_v6,SKIP,BN/WARPS != 16
F8_E4M3_B128,BITSHIFT,U(-1,1),1024,4096,4096,128x128x64_w4_v6,SKIP,BN/WARPS != 16
F8_E4M3_B128,LUT,U(-1,1),1024,4096,4096,128x64x64_w4_v6,SKIP,v6 only INT8 (A1 retry)
F8_E4M3_B128,BITSHIFT,U(-1,1),1024,4096,4096,128x64x64_w4_v6,SKIP,opt only LUT path
F8_E4M3_B128,LUT,U(-1,1),1024,4096,4096,64x128x64_w4_v6,SKIP,BN/WARPS != 16
F8_E4M3_B128,BITSHIFT,U(-1,1),1024,4096,4096,64x128x64_w4_v6,SKIP,BN/WARPS != 16
F8_E4M3_B128,LUT,U(-1,1),1024,4096,4096,64x64x64_w4_v6,SKIP,v6 only INT8 (A1 retry)
F8_E4M3_B128,BITSHIFT,U(-1,1),1024,4096,4096,64x64x64_w4_v6,SKIP,opt only LUT path
F8_E4M3_B128,LUT,U(-1,1),1024,4096,4096,64x128x32_w4_v7,SKIP,BN/WARPS != 16
F8_E4M3_B128,BITSHIFT,U(-1,1),1024,4096,4096,64x128x32_w4_v7,SKIP,BN/WARPS != 16
F8_E4M3_B128,LUT,U(-1,1),1024,4096,4096,64x64x32_w4_v7,SKIP,v7 only INT8 (B3 triple-buffer)
F8_E4M3_B128,BITSHIFT,U(-1,1),1024,4096,4096,64x64x32_w4_v7,SKIP,opt only LUT path
F8_E4M3_B128,LUT,U(-1,1),1024,4096,4096,32x128x32_w4_v7,SKIP,BN/WARPS != 16
F8_E4M3_B128,BITSHIFT,U(-1,1),1024,4096,4096,32x128x32_w4_v7,SKIP,BN/WARPS != 16
F8_E4M3_B128,LUT,U(-1,1),1024,4096,4096,32x64x32_w4_v7,SKIP,v7 only INT8 (B3 triple-buffer)
F8_E4M3_B128,BITSHIFT,U(-1,1),1024,4096,4096,32x64x32_w4_v7,SKIP,opt only LUT path
F8_E4M3_B128,LUT,U(-1,1),2048,4096,4096,16x64x32_w4,OK,ms=17.678,tflops=3.89,gbps=4.8,maxabs=2.047e-02,p99=1.002e-02,rel=1.846e-04
F8_E4M3_B128,BITSHIFT,U(-1,1),2048,4096,4096,16x64x32_w4,OK,ms=21.207,tflops=3.24,gbps=4.0,maxabs=2.050e-02,p99=1.002e-02,rel=1.846e-04
F8_E4M3_B128,LUT,U(-1,1),2048,4096,4096,16x128x32_w8,OK,ms=18.511,tflops=3.71,gbps=4.5,maxabs=2.047e-02,p99=1.002e-02,rel=1.846e-04
F8_E4M3_B128,BITSHIFT,U(-1,1),2048,4096,4096,16x128x32_w8,OK,ms=22.454,tflops=3.06,gbps=3.7,maxabs=2.050e-02,p99=1.002e-02,rel=1.846e-04
F8_E4M3_B128,LUT,U(-1,1),2048,4096,4096,16x128x32_w4f2,SKIP,BN/WARPS != 16
F8_E4M3_B128,BITSHIFT,U(-1,1),2048,4096,4096,16x128x32_w4f2,SKIP,BN/WARPS != 16
F8_E4M3_B128,LUT,U(-1,1),2048,4096,4096,16x256x32_w4f4,SKIP,BN/WARPS != 16
F8_E4M3_B128,BITSHIFT,U(-1,1),2048,4096,4096,16x256x32_w4f4,SKIP,BN/WARPS != 16
F8_E4M3_B128,LUT,U(-1,1),2048,4096,4096,128x64x32_w4_v1,SKIP,no template
F8_E4M3_B128,BITSHIFT,U(-1,1),2048,4096,4096,128x64x32_w4_v1,SKIP,opt only LUT path
F8_E4M3_B128,LUT,U(-1,1),2048,4096,4096,128x128x32_w4_v1,SKIP,BN/WARPS != 16
F8_E4M3_B128,BITSHIFT,U(-1,1),2048,4096,4096,128x128x32_w4_v1,SKIP,BN/WARPS != 16
F8_E4M3_B128,LUT,U(-1,1),2048,4096,4096,128x256x32_w4_v1,SKIP,BN/WARPS != 16
F8_E4M3_B128,BITSHIFT,U(-1,1),2048,4096,4096,128x256x32_w4_v1,SKIP,BN/WARPS != 16
F8_E4M3_B128,LUT,U(-1,1),2048,4096,4096,128x256x32_w8_v1,SKIP,BN/WARPS != 16
F8_E4M3_B128,BITSHIFT,U(-1,1),2048,4096,4096,128x256x32_w8_v1,SKIP,BN/WARPS != 16
F8_E4M3_B128,LUT,U(-1,1),2048,4096,4096,64x64x32_w4_v1,SKIP,no template
F8_E4M3_B128,BITSHIFT,U(-1,1),2048,4096,4096,64x64x32_w4_v1,SKIP,opt only LUT path
F8_E4M3_B128,LUT,U(-1,1),2048,4096,4096,64x128x32_w4_v1,SKIP,BN/WARPS != 16
F8_E4M3_B128,BITSHIFT,U(-1,1),2048,4096,4096,64x128x32_w4_v1,SKIP,BN/WARPS != 16
F8_E4M3_B128,LUT,U(-1,1),2048,4096,4096,128x64x32_w4_v2,OK,ms=6.472,tflops=10.62,gbps=13.0,maxabs=2.047e-02,p99=1.002e-02,rel=1.846e-04
F8_E4M3_B128,BITSHIFT,U(-1,1),2048,4096,4096,128x64x32_w4_v2,SKIP,opt only LUT path
F8_E4M3_B128,LUT,U(-1,1),2048,4096,4096,128x128x32_w4_v2,SKIP,BN/WARPS != 16
F8_E4M3_B128,BITSHIFT,U(-1,1),2048,4096,4096,128x128x32_w4_v2,SKIP,BN/WARPS != 16
F8_E4M3_B128,LUT,U(-1,1),2048,4096,4096,128x256x32_w4_v2,SKIP,BN/WARPS != 16
F8_E4M3_B128,BITSHIFT,U(-1,1),2048,4096,4096,128x256x32_w4_v2,SKIP,BN/WARPS != 16
F8_E4M3_B128,LUT,U(-1,1),2048,4096,4096,128x256x32_w8_v2,SKIP,BN/WARPS != 16
F8_E4M3_B128,BITSHIFT,U(-1,1),2048,4096,4096,128x256x32_w8_v2,SKIP,BN/WARPS != 16
F8_E4M3_B128,LUT,U(-1,1),2048,4096,4096,64x64x32_w4_v2,OK,ms=8.457,tflops=8.13,gbps=9.9,maxabs=2.047e-02,p99=1.002e-02,rel=1.846e-04
F8_E4M3_B128,BITSHIFT,U(-1,1),2048,4096,4096,64x64x32_w4_v2,SKIP,opt only LUT path
F8_E4M3_B128,LUT,U(-1,1),2048,4096,4096,64x128x32_w4_v2,SKIP,BN/WARPS != 16
F8_E4M3_B128,BITSHIFT,U(-1,1),2048,4096,4096,64x128x32_w4_v2,SKIP,BN/WARPS != 16
F8_E4M3_B128,LUT,U(-1,1),2048,4096,4096,128x64x32_w4_v3,OK,ms=5.500,tflops=12.49,gbps=15.3,maxabs=2.047e-02,p99=1.002e-02,rel=1.846e-04
F8_E4M3_B128,BITSHIFT,U(-1,1),2048,4096,4096,128x64x32_w4_v3,SKIP,opt only LUT path
F8_E4M3_B128,LUT,U(-1,1),2048,4096,4096,128x128x32_w4_v3,SKIP,BN/WARPS != 16
F8_E4M3_B128,BITSHIFT,U(-1,1),2048,4096,4096,128x128x32_w4_v3,SKIP,BN/WARPS != 16
F8_E4M3_B128,LUT,U(-1,1),2048,4096,4096,128x256x32_w8_v3,SKIP,BN/WARPS != 16
F8_E4M3_B128,BITSHIFT,U(-1,1),2048,4096,4096,128x256x32_w8_v3,SKIP,BN/WARPS != 16
F8_E4M3_B128,LUT,U(-1,1),2048,4096,4096,64x64x32_w4_v3,OK,ms=5.294,tflops=12.98,gbps=15.9,maxabs=2.047e-02,p99=1.002e-02,rel=1.846e-04
F8_E4M3_B128,BITSHIFT,U(-1,1),2048,4096,4096,64x64x32_w4_v3,SKIP,opt only LUT path
F8_E4M3_B128,LUT,U(-1,1),2048,4096,4096,64x128x32_w4_v3,SKIP,BN/WARPS != 16
F8_E4M3_B128,BITSHIFT,U(-1,1),2048,4096,4096,64x128x32_w4_v3,SKIP,BN/WARPS != 16
F8_E4M3_B128,LUT,U(-1,1),2048,4096,4096,32x128x32_w4_v3_b1,SKIP,BN/WARPS != 16
F8_E4M3_B128,BITSHIFT,U(-1,1),2048,4096,4096,32x128x32_w4_v3_b1,SKIP,BN/WARPS != 16
F8_E4M3_B128,LUT,U(-1,1),2048,4096,4096,32x64x32_w4_v3_b1,OK,ms=7.106,tflops=9.67,gbps=11.8,maxabs=2.047e-02,p99=1.002e-02,rel=1.846e-04
F8_E4M3_B128,BITSHIFT,U(-1,1),2048,4096,4096,32x64x32_w4_v3_b1,SKIP,opt only LUT path
F8_E4M3_B128,LUT,U(-1,1),2048,4096,4096,32x256x32_w8_v3_b1,SKIP,BN/WARPS != 16
F8_E4M3_B128,BITSHIFT,U(-1,1),2048,4096,4096,32x256x32_w8_v3_b1,SKIP,BN/WARPS != 16
F8_E4M3_B128,LUT,U(-1,1),2048,4096,4096,128x128x32_w8_v3_b1alt,SKIP,no template
F8_E4M3_B128,BITSHIFT,U(-1,1),2048,4096,4096,128x128x32_w8_v3_b1alt,SKIP,opt only LUT path
F8_E4M3_B128,LUT,U(-1,1),2048,4096,4096,64x128x32_w8_v3_b1alt,SKIP,no template
F8_E4M3_B128,BITSHIFT,U(-1,1),2048,4096,4096,64x128x32_w8_v3_b1alt,SKIP,opt only LUT path
F8_E4M3_B128,LUT,U(-1,1),2048,4096,4096,128x64x32_w4_v4,OK,ms=5.623,tflops=12.22,gbps=14.9,maxabs=2.047e-02,p99=1.002e-02,rel=1.846e-04
F8_E4M3_B128,BITSHIFT,U(-1,1),2048,4096,4096,128x64x32_w4_v4,SKIP,opt only LUT path
F8_E4M3_B128,LUT,U(-1,1),2048,4096,4096,128x128x32_w4_v4,SKIP,BN/WARPS != 16
F8_E4M3_B128,BITSHIFT,U(-1,1),2048,4096,4096,128x128x32_w4_v4,SKIP,BN/WARPS != 16
F8_E4M3_B128,LUT,U(-1,1),2048,4096,4096,64x64x32_w4_v4,OK,ms=5.456,tflops=12.59,gbps=15.4,maxabs=2.047e-02,p99=1.002e-02,rel=1.846e-04
F8_E4M3_B128,BITSHIFT,U(-1,1),2048,4096,4096,64x64x32_w4_v4,SKIP,opt only LUT path
F8_E4M3_B128,LUT,U(-1,1),2048,4096,4096,64x128x32_w4_v4,SKIP,BN/WARPS != 16
F8_E4M3_B128,BITSHIFT,U(-1,1),2048,4096,4096,64x128x32_w4_v4,SKIP,BN/WARPS != 16
F8_E4M3_B128,LUT,U(-1,1),2048,4096,4096,128x64x32_w4_v5,OK,ms=7.033,tflops=9.77,gbps=11.9,maxabs=2.047e-02,p99=1.002e-02,rel=1.846e-04
F8_E4M3_B128,BITSHIFT,U(-1,1),2048,4096,4096,128x64x32_w4_v5,SKIP,opt only LUT path
F8_E4M3_B128,LUT,U(-1,1),2048,4096,4096,128x128x32_w4_v5,SKIP,BN/WARPS != 16
F8_E4M3_B128,BITSHIFT,U(-1,1),2048,4096,4096,128x128x32_w4_v5,SKIP,BN/WARPS != 16
F8_E4M3_B128,LUT,U(-1,1),2048,4096,4096,64x64x32_w4_v5,OK,ms=9.947,tflops=6.91,gbps=8.4,maxabs=2.047e-02,p99=1.002e-02,rel=1.846e-04
F8_E4M3_B128,BITSHIFT,U(-1,1),2048,4096,4096,64x64x32_w4_v5,SKIP,opt only LUT path
F8_E4M3_B128,LUT,U(-1,1),2048,4096,4096,64x128x32_w4_v5,SKIP,BN/WARPS != 16
F8_E4M3_B128,BITSHIFT,U(-1,1),2048,4096,4096,64x128x32_w4_v5,SKIP,BN/WARPS != 16
F8_E4M3_B128,LUT,U(-1,1),2048,4096,4096,128x128x64_w4_v6,SKIP,BN/WARPS != 16
F8_E4M3_B128,BITSHIFT,U(-1,1),2048,4096,4096,128x128x64_w4_v6,SKIP,BN/WARPS != 16
F8_E4M3_B128,LUT,U(-1,1),2048,4096,4096,128x64x64_w4_v6,SKIP,v6 only INT8 (A1 retry)
F8_E4M3_B128,BITSHIFT,U(-1,1),2048,4096,4096,128x64x64_w4_v6,SKIP,opt only LUT path
F8_E4M3_B128,LUT,U(-1,1),2048,4096,4096,64x128x64_w4_v6,SKIP,BN/WARPS != 16
F8_E4M3_B128,BITSHIFT,U(-1,1),2048,4096,4096,64x128x64_w4_v6,SKIP,BN/WARPS != 16
F8_E4M3_B128,LUT,U(-1,1),2048,4096,4096,64x64x64_w4_v6,SKIP,v6 only INT8 (A1 retry)
F8_E4M3_B128,BITSHIFT,U(-1,1),2048,4096,4096,64x64x64_w4_v6,SKIP,opt only LUT path
F8_E4M3_B128,LUT,U(-1,1),2048,4096,4096,64x128x32_w4_v7,SKIP,BN/WARPS != 16
F8_E4M3_B128,BITSHIFT,U(-1,1),2048,4096,4096,64x128x32_w4_v7,SKIP,BN/WARPS != 16
F8_E4M3_B128,LUT,U(-1,1),2048,4096,4096,64x64x32_w4_v7,SKIP,v7 only INT8 (B3 triple-buffer)
F8_E4M3_B128,BITSHIFT,U(-1,1),2048,4096,4096,64x64x32_w4_v7,SKIP,opt only LUT path
F8_E4M3_B128,LUT,U(-1,1),2048,4096,4096,32x128x32_w4_v7,SKIP,BN/WARPS != 16
F8_E4M3_B128,BITSHIFT,U(-1,1),2048,4096,4096,32x128x32_w4_v7,SKIP,BN/WARPS != 16
F8_E4M3_B128,LUT,U(-1,1),2048,4096,4096,32x64x32_w4_v7,SKIP,v7 only INT8 (B3 triple-buffer)
F8_E4M3_B128,BITSHIFT,U(-1,1),2048,4096,4096,32x64x32_w4_v7,SKIP,opt only LUT path
F8_E4M3_B128,LUT,U(-1,1),1,7168,7168,16x64x32_w4,OK,ms=2.022,tflops=0.05,gbps=25.6,maxabs=1.831e-02,p99=1.252e-02,rel=1.819e-04
F8_E4M3_B128,BITSHIFT,U(-1,1),1,7168,7168,16x64x32_w4,OK,ms=2.231,tflops=0.05,gbps=23.2,maxabs=1.832e-02,p99=1.255e-02,rel=1.819e-04
F8_E4M3_B128,LUT,U(-1,1),1,7168,7168,16x128x32_w8,OK,ms=2.221,tflops=0.05,gbps=23.3,maxabs=1.831e-02,p99=1.252e-02,rel=1.819e-04
F8_E4M3_B128,BITSHIFT,U(-1,1),1,7168,7168,16x128x32_w8,OK,ms=2.423,tflops=0.04,gbps=21.4,maxabs=1.832e-02,p99=1.255e-02,rel=1.819e-04
F8_E4M3_B128,LUT,U(-1,1),1,7168,7168,16x128x32_w4f2,SKIP,BN/WARPS != 16
F8_E4M3_B128,BITSHIFT,U(-1,1),1,7168,7168,16x128x32_w4f2,SKIP,BN/WARPS != 16
F8_E4M3_B128,LUT,U(-1,1),1,7168,7168,16x256x32_w4f4,SKIP,BN/WARPS != 16
F8_E4M3_B128,BITSHIFT,U(-1,1),1,7168,7168,16x256x32_w4f4,SKIP,BN/WARPS != 16
F8_E4M3_B128,LUT,U(-1,1),1,7168,7168,128x64x32_w4_v1,SKIP,no template
F8_E4M3_B128,BITSHIFT,U(-1,1),1,7168,7168,128x64x32_w4_v1,SKIP,opt only LUT path
F8_E4M3_B128,LUT,U(-1,1),1,7168,7168,128x128x32_w4_v1,SKIP,BN/WARPS != 16
F8_E4M3_B128,BITSHIFT,U(-1,1),1,7168,7168,128x128x32_w4_v1,SKIP,BN/WARPS != 16
F8_E4M3_B128,LUT,U(-1,1),1,7168,7168,128x256x32_w4_v1,SKIP,BN/WARPS != 16
F8_E4M3_B128,BITSHIFT,U(-1,1),1,7168,7168,128x256x32_w4_v1,SKIP,BN/WARPS != 16
F8_E4M3_B128,LUT,U(-1,1),1,7168,7168,128x256x32_w8_v1,SKIP,BN/WARPS != 16
F8_E4M3_B128,BITSHIFT,U(-1,1),1,7168,7168,128x256x32_w8_v1,SKIP,BN/WARPS != 16
F8_E4M3_B128,LUT,U(-1,1),1,7168,7168,64x64x32_w4_v1,SKIP,no template
F8_E4M3_B128,BITSHIFT,U(-1,1),1,7168,7168,64x64x32_w4_v1,SKIP,opt only LUT path
F8_E4M3_B128,LUT,U(-1,1),1,7168,7168,64x128x32_w4_v1,SKIP,BN/WARPS != 16
F8_E4M3_B128,BITSHIFT,U(-1,1),1,7168,7168,64x128x32_w4_v1,SKIP,BN/WARPS != 16
F8_E4M3_B128,LUT,U(-1,1),1,7168,7168,128x64x32_w4_v2,OK,ms=2.614,tflops=0.04,gbps=19.8,maxabs=1.831e-02,p99=1.252e-02,rel=1.819e-04
F8_E4M3_B128,BITSHIFT,U(-1,1),1,7168,7168,128x64x32_w4_v2,SKIP,opt only LUT path
F8_E4M3_B128,LUT,U(-1,1),1,7168,7168,128x128x32_w4_v2,SKIP,BN/WARPS != 16
F8_E4M3_B128,BITSHIFT,U(-1,1),1,7168,7168,128x128x32_w4_v2,SKIP,BN/WARPS != 16
F8_E4M3_B128,LUT,U(-1,1),1,7168,7168,128x256x32_w4_v2,SKIP,BN/WARPS != 16
F8_E4M3_B128,BITSHIFT,U(-1,1),1,7168,7168,128x256x32_w4_v2,SKIP,BN/WARPS != 16
F8_E4M3_B128,LUT,U(-1,1),1,7168,7168,128x256x32_w8_v2,SKIP,BN/WARPS != 16
F8_E4M3_B128,BITSHIFT,U(-1,1),1,7168,7168,128x256x32_w8_v2,SKIP,BN/WARPS != 16
F8_E4M3_B128,LUT,U(-1,1),1,7168,7168,64x64x32_w4_v2,OK,ms=2.223,tflops=0.05,gbps=23.3,maxabs=1.831e-02,p99=1.252e-02,rel=1.819e-04
F8_E4M3_B128,BITSHIFT,U(-1,1),1,7168,7168,64x64x32_w4_v2,SKIP,opt only LUT path
F8_E4M3_B128,LUT,U(-1,1),1,7168,7168,64x128x32_w4_v2,SKIP,BN/WARPS != 16
F8_E4M3_B128,BITSHIFT,U(-1,1),1,7168,7168,64x128x32_w4_v2,SKIP,BN/WARPS != 16
F8_E4M3_B128,LUT,U(-1,1),1,7168,7168,128x64x32_w4_v3,OK,ms=1.735,tflops=0.06,gbps=29.9,maxabs=1.831e-02,p99=1.252e-02,rel=1.819e-04
F8_E4M3_B128,BITSHIFT,U(-1,1),1,7168,7168,128x64x32_w4_v3,SKIP,opt only LUT path
F8_E4M3_B128,LUT,U(-1,1),1,7168,7168,128x128x32_w4_v3,SKIP,BN/WARPS != 16
F8_E4M3_B128,BITSHIFT,U(-1,1),1,7168,7168,128x128x32_w4_v3,SKIP,BN/WARPS != 16
F8_E4M3_B128,LUT,U(-1,1),1,7168,7168,128x256x32_w8_v3,SKIP,BN/WARPS != 16
F8_E4M3_B128,BITSHIFT,U(-1,1),1,7168,7168,128x256x32_w8_v3,SKIP,BN/WARPS != 16
F8_E4M3_B128,LUT,U(-1,1),1,7168,7168,64x64x32_w4_v3,OK,ms=1.376,tflops=0.07,gbps=37.7,maxabs=1.831e-02,p99=1.252e-02,rel=1.819e-04
F8_E4M3_B128,BITSHIFT,U(-1,1),1,7168,7168,64x64x32_w4_v3,SKIP,opt only LUT path
F8_E4M3_B128,LUT,U(-1,1),1,7168,7168,64x128x32_w4_v3,SKIP,BN/WARPS != 16
F8_E4M3_B128,BITSHIFT,U(-1,1),1,7168,7168,64x128x32_w4_v3,SKIP,BN/WARPS != 16
F8_E4M3_B128,LUT,U(-1,1),1,7168,7168,32x128x32_w4_v3_b1,SKIP,BN/WARPS != 16
F8_E4M3_B128,BITSHIFT,U(-1,1),1,7168,7168,32x128x32_w4_v3_b1,SKIP,BN/WARPS != 16
F8_E4M3_B128,LUT,U(-1,1),1,7168,7168,32x64x32_w4_v3_b1,OK,ms=1.179,tflops=0.09,gbps=44.0,maxabs=1.831e-02,p99=1.252e-02,rel=1.819e-04
F8_E4M3_B128,BITSHIFT,U(-1,1),1,7168,7168,32x64x32_w4_v3_b1,SKIP,opt only LUT path
F8_E4M3_B128,LUT,U(-1,1),1,7168,7168,32x256x32_w8_v3_b1,SKIP,BN/WARPS != 16
F8_E4M3_B128,BITSHIFT,U(-1,1),1,7168,7168,32x256x32_w8_v3_b1,SKIP,BN/WARPS != 16
F8_E4M3_B128,LUT,U(-1,1),1,7168,7168,128x128x32_w8_v3_b1alt,SKIP,no template
F8_E4M3_B128,BITSHIFT,U(-1,1),1,7168,7168,128x128x32_w8_v3_b1alt,SKIP,opt only LUT path
F8_E4M3_B128,LUT,U(-1,1),1,7168,7168,64x128x32_w8_v3_b1alt,SKIP,no template
F8_E4M3_B128,BITSHIFT,U(-1,1),1,7168,7168,64x128x32_w8_v3_b1alt,SKIP,opt only LUT path
F8_E4M3_B128,LUT,U(-1,1),1,7168,7168,128x64x32_w4_v4,OK,ms=1.757,tflops=0.06,gbps=29.5,maxabs=1.831e-02,p99=1.252e-02,rel=1.819e-04
F8_E4M3_B128,BITSHIFT,U(-1,1),1,7168,7168,128x64x32_w4_v4,SKIP,opt only LUT path
F8_E4M3_B128,LUT,U(-1,1),1,7168,7168,128x128x32_w4_v4,SKIP,BN/WARPS != 16
F8_E4M3_B128,BITSHIFT,U(-1,1),1,7168,7168,128x128x32_w4_v4,SKIP,BN/WARPS != 16
F8_E4M3_B128,LUT,U(-1,1),1,7168,7168,64x64x32_w4_v4,OK,ms=1.384,tflops=0.07,gbps=37.5,maxabs=1.831e-02,p99=1.252e-02,rel=1.819e-04
F8_E4M3_B128,BITSHIFT,U(-1,1),1,7168,7168,64x64x32_w4_v4,SKIP,opt only LUT path
F8_E4M3_B128,LUT,U(-1,1),1,7168,7168,64x128x32_w4_v4,SKIP,BN/WARPS != 16
F8_E4M3_B128,BITSHIFT,U(-1,1),1,7168,7168,64x128x32_w4_v4,SKIP,BN/WARPS != 16
F8_E4M3_B128,LUT,U(-1,1),1,7168,7168,128x64x32_w4_v5,OK,ms=1.744,tflops=0.06,gbps=29.7,maxabs=1.831e-02,p99=1.252e-02,rel=1.819e-04
F8_E4M3_B128,BITSHIFT,U(-1,1),1,7168,7168,128x64x32_w4_v5,SKIP,opt only LUT path
F8_E4M3_B128,LUT,U(-1,1),1,7168,7168,128x128x32_w4_v5,SKIP,BN/WARPS != 16
F8_E4M3_B128,BITSHIFT,U(-1,1),1,7168,7168,128x128x32_w4_v5,SKIP,BN/WARPS != 16
F8_E4M3_B128,LUT,U(-1,1),1,7168,7168,64x64x32_w4_v5,OK,ms=1.381,tflops=0.07,gbps=37.5,maxabs=1.831e-02,p99=1.252e-02,rel=1.819e-04
F8_E4M3_B128,BITSHIFT,U(-1,1),1,7168,7168,64x64x32_w4_v5,SKIP,opt only LUT path
F8_E4M3_B128,LUT,U(-1,1),1,7168,7168,64x128x32_w4_v5,SKIP,BN/WARPS != 16
F8_E4M3_B128,BITSHIFT,U(-1,1),1,7168,7168,64x128x32_w4_v5,SKIP,BN/WARPS != 16
F8_E4M3_B128,LUT,U(-1,1),1,7168,7168,128x128x64_w4_v6,SKIP,BN/WARPS != 16
F8_E4M3_B128,BITSHIFT,U(-1,1),1,7168,7168,128x128x64_w4_v6,SKIP,BN/WARPS != 16
F8_E4M3_B128,LUT,U(-1,1),1,7168,7168,128x64x64_w4_v6,SKIP,v6 only INT8 (A1 retry)
F8_E4M3_B128,BITSHIFT,U(-1,1),1,7168,7168,128x64x64_w4_v6,SKIP,opt only LUT path
F8_E4M3_B128,LUT,U(-1,1),1,7168,7168,64x128x64_w4_v6,SKIP,BN/WARPS != 16
F8_E4M3_B128,BITSHIFT,U(-1,1),1,7168,7168,64x128x64_w4_v6,SKIP,BN/WARPS != 16
F8_E4M3_B128,LUT,U(-1,1),1,7168,7168,64x64x64_w4_v6,SKIP,v6 only INT8 (A1 retry)
F8_E4M3_B128,BITSHIFT,U(-1,1),1,7168,7168,64x64x64_w4_v6,SKIP,opt only LUT path
F8_E4M3_B128,LUT,U(-1,1),1,7168,7168,64x128x32_w4_v7,SKIP,BN/WARPS != 16
F8_E4M3_B128,BITSHIFT,U(-1,1),1,7168,7168,64x128x32_w4_v7,SKIP,BN/WARPS != 16
F8_E4M3_B128,LUT,U(-1,1),1,7168,7168,64x64x32_w4_v7,SKIP,v7 only INT8 (B3 triple-buffer)
F8_E4M3_B128,BITSHIFT,U(-1,1),1,7168,7168,64x64x32_w4_v7,SKIP,opt only LUT path
F8_E4M3_B128,LUT,U(-1,1),1,7168,7168,32x128x32_w4_v7,SKIP,BN/WARPS != 16
F8_E4M3_B128,BITSHIFT,U(-1,1),1,7168,7168,32x128x32_w4_v7,SKIP,BN/WARPS != 16
F8_E4M3_B128,LUT,U(-1,1),1,7168,7168,32x64x32_w4_v7,SKIP,v7 only INT8 (B3 triple-buffer)
F8_E4M3_B128,BITSHIFT,U(-1,1),1,7168,7168,32x64x32_w4_v7,SKIP,opt only LUT path
F8_E4M3_B128,LUT,U(-1,1),16,7168,7168,16x64x32_w4,OK,ms=2.048,tflops=0.80,gbps=25.7,maxabs=2.450e-02,p99=1.297e-02,rel=1.854e-04
F8_E4M3_B128,BITSHIFT,U(-1,1),16,7168,7168,16x64x32_w4,OK,ms=2.342,tflops=0.70,gbps=22.5,maxabs=2.448e-02,p99=1.296e-02,rel=1.854e-04
F8_E4M3_B128,LUT,U(-1,1),16,7168,7168,16x128x32_w8,OK,ms=2.306,tflops=0.71,gbps=22.9,maxabs=2.450e-02,p99=1.297e-02,rel=1.854e-04
F8_E4M3_B128,BITSHIFT,U(-1,1),16,7168,7168,16x128x32_w8,OK,ms=2.592,tflops=0.63,gbps=20.3,maxabs=2.448e-02,p99=1.296e-02,rel=1.854e-04
F8_E4M3_B128,LUT,U(-1,1),16,7168,7168,16x128x32_w4f2,SKIP,BN/WARPS != 16
F8_E4M3_B128,BITSHIFT,U(-1,1),16,7168,7168,16x128x32_w4f2,SKIP,BN/WARPS != 16
F8_E4M3_B128,LUT,U(-1,1),16,7168,7168,16x256x32_w4f4,SKIP,BN/WARPS != 16
F8_E4M3_B128,BITSHIFT,U(-1,1),16,7168,7168,16x256x32_w4f4,SKIP,BN/WARPS != 16
F8_E4M3_B128,LUT,U(-1,1),16,7168,7168,128x64x32_w4_v1,SKIP,no template
F8_E4M3_B128,BITSHIFT,U(-1,1),16,7168,7168,128x64x32_w4_v1,SKIP,opt only LUT path
F8_E4M3_B128,LUT,U(-1,1),16,7168,7168,128x128x32_w4_v1,SKIP,BN/WARPS != 16
F8_E4M3_B128,BITSHIFT,U(-1,1),16,7168,7168,128x128x32_w4_v1,SKIP,BN/WARPS != 16
F8_E4M3_B128,LUT,U(-1,1),16,7168,7168,128x256x32_w4_v1,SKIP,BN/WARPS != 16
F8_E4M3_B128,BITSHIFT,U(-1,1),16,7168,7168,128x256x32_w4_v1,SKIP,BN/WARPS != 16
F8_E4M3_B128,LUT,U(-1,1),16,7168,7168,128x256x32_w8_v1,SKIP,BN/WARPS != 16
F8_E4M3_B128,BITSHIFT,U(-1,1),16,7168,7168,128x256x32_w8_v1,SKIP,BN/WARPS != 16
F8_E4M3_B128,LUT,U(-1,1),16,7168,7168,64x64x32_w4_v1,SKIP,no template
F8_E4M3_B128,BITSHIFT,U(-1,1),16,7168,7168,64x64x32_w4_v1,SKIP,opt only LUT path
F8_E4M3_B128,LUT,U(-1,1),16,7168,7168,64x128x32_w4_v1,SKIP,BN/WARPS != 16
F8_E4M3_B128,BITSHIFT,U(-1,1),16,7168,7168,64x128x32_w4_v1,SKIP,BN/WARPS != 16
F8_E4M3_B128,LUT,U(-1,1),16,7168,7168,128x64x32_w4_v2,OK,ms=2.625,tflops=0.63,gbps=20.1,maxabs=2.450e-02,p99=1.297e-02,rel=1.854e-04
F8_E4M3_B128,BITSHIFT,U(-1,1),16,7168,7168,128x64x32_w4_v2,SKIP,opt only LUT path
F8_E4M3_B128,LUT,U(-1,1),16,7168,7168,128x128x32_w4_v2,SKIP,BN/WARPS != 16
F8_E4M3_B128,BITSHIFT,U(-1,1),16,7168,7168,128x128x32_w4_v2,SKIP,BN/WARPS != 16
F8_E4M3_B128,LUT,U(-1,1),16,7168,7168,128x256x32_w4_v2,SKIP,BN/WARPS != 16
F8_E4M3_B128,BITSHIFT,U(-1,1),16,7168,7168,128x256x32_w4_v2,SKIP,BN/WARPS != 16
F8_E4M3_B128,LUT,U(-1,1),16,7168,7168,128x256x32_w8_v2,SKIP,BN/WARPS != 16
F8_E4M3_B128,BITSHIFT,U(-1,1),16,7168,7168,128x256x32_w8_v2,SKIP,BN/WARPS != 16
F8_E4M3_B128,LUT,U(-1,1),16,7168,7168,64x64x32_w4_v2,OK,ms=2.264,tflops=0.73,gbps=23.3,maxabs=2.450e-02,p99=1.297e-02,rel=1.854e-04
F8_E4M3_B128,BITSHIFT,U(-1,1),16,7168,7168,64x64x32_w4_v2,SKIP,opt only LUT path
F8_E4M3_B128,LUT,U(-1,1),16,7168,7168,64x128x32_w4_v2,SKIP,BN/WARPS != 16
F8_E4M3_B128,BITSHIFT,U(-1,1),16,7168,7168,64x128x32_w4_v2,SKIP,BN/WARPS != 16
F8_E4M3_B128,LUT,U(-1,1),16,7168,7168,128x64x32_w4_v3,OK,ms=1.751,tflops=0.94,gbps=30.1,maxabs=2.450e-02,p99=1.297e-02,rel=1.854e-04
F8_E4M3_B128,BITSHIFT,U(-1,1),16,7168,7168,128x64x32_w4_v3,SKIP,opt only LUT path
F8_E4M3_B128,LUT,U(-1,1),16,7168,7168,128x128x32_w4_v3,SKIP,BN/WARPS != 16
F8_E4M3_B128,BITSHIFT,U(-1,1),16,7168,7168,128x128x32_w4_v3,SKIP,BN/WARPS != 16
F8_E4M3_B128,LUT,U(-1,1),16,7168,7168,128x256x32_w8_v3,SKIP,BN/WARPS != 16
F8_E4M3_B128,BITSHIFT,U(-1,1),16,7168,7168,128x256x32_w8_v3,SKIP,BN/WARPS != 16
F8_E4M3_B128,LUT,U(-1,1),16,7168,7168,64x64x32_w4_v3,OK,ms=1.393,tflops=1.18,gbps=37.8,maxabs=2.450e-02,p99=1.297e-02,rel=1.854e-04
F8_E4M3_B128,BITSHIFT,U(-1,1),16,7168,7168,64x64x32_w4_v3,SKIP,opt only LUT path
F8_E4M3_B128,LUT,U(-1,1),16,7168,7168,64x128x32_w4_v3,SKIP,BN/WARPS != 16
F8_E4M3_B128,BITSHIFT,U(-1,1),16,7168,7168,64x128x32_w4_v3,SKIP,BN/WARPS != 16
F8_E4M3_B128,LUT,U(-1,1),16,7168,7168,32x128x32_w4_v3_b1,SKIP,BN/WARPS != 16
F8_E4M3_B128,BITSHIFT,U(-1,1),16,7168,7168,32x128x32_w4_v3_b1,SKIP,BN/WARPS != 16
F8_E4M3_B128,LUT,U(-1,1),16,7168,7168,32x64x32_w4_v3_b1,OK,ms=1.226,tflops=1.34,gbps=43.0,maxabs=2.450e-02,p99=1.297e-02,rel=1.854e-04
F8_E4M3_B128,BITSHIFT,U(-1,1),16,7168,7168,32x64x32_w4_v3_b1,SKIP,opt only LUT path
F8_E4M3_B128,LUT,U(-1,1),16,7168,7168,32x256x32_w8_v3_b1,SKIP,BN/WARPS != 16
F8_E4M3_B128,BITSHIFT,U(-1,1),16,7168,7168,32x256x32_w8_v3_b1,SKIP,BN/WARPS != 16
F8_E4M3_B128,LUT,U(-1,1),16,7168,7168,128x128x32_w8_v3_b1alt,SKIP,no template
F8_E4M3_B128,BITSHIFT,U(-1,1),16,7168,7168,128x128x32_w8_v3_b1alt,SKIP,opt only LUT path
F8_E4M3_B128,LUT,U(-1,1),16,7168,7168,64x128x32_w8_v3_b1alt,SKIP,no template
F8_E4M3_B128,BITSHIFT,U(-1,1),16,7168,7168,64x128x32_w8_v3_b1alt,SKIP,opt only LUT path
F8_E4M3_B128,LUT,U(-1,1),16,7168,7168,128x64x32_w4_v4,OK,ms=1.780,tflops=0.92,gbps=29.6,maxabs=2.450e-02,p99=1.297e-02,rel=1.854e-04
F8_E4M3_B128,BITSHIFT,U(-1,1),16,7168,7168,128x64x32_w4_v4,SKIP,opt only LUT path
F8_E4M3_B128,LUT,U(-1,1),16,7168,7168,128x128x32_w4_v4,SKIP,BN/WARPS != 16
F8_E4M3_B128,BITSHIFT,U(-1,1),16,7168,7168,128x128x32_w4_v4,SKIP,BN/WARPS != 16
F8_E4M3_B128,LUT,U(-1,1),16,7168,7168,64x64x32_w4_v4,OK,ms=1.412,tflops=1.16,gbps=37.3,maxabs=2.450e-02,p99=1.297e-02,rel=1.854e-04
F8_E4M3_B128,BITSHIFT,U(-1,1),16,7168,7168,64x64x32_w4_v4,SKIP,opt only LUT path
F8_E4M3_B128,LUT,U(-1,1),16,7168,7168,64x128x32_w4_v4,SKIP,BN/WARPS != 16
F8_E4M3_B128,BITSHIFT,U(-1,1),16,7168,7168,64x128x32_w4_v4,SKIP,BN/WARPS != 16
F8_E4M3_B128,LUT,U(-1,1),16,7168,7168,128x64x32_w4_v5,OK,ms=1.758,tflops=0.94,gbps=30.0,maxabs=2.450e-02,p99=1.297e-02,rel=1.854e-04
F8_E4M3_B128,BITSHIFT,U(-1,1),16,7168,7168,128x64x32_w4_v5,SKIP,opt only LUT path
F8_E4M3_B128,LUT,U(-1,1),16,7168,7168,128x128x32_w4_v5,SKIP,BN/WARPS != 16
F8_E4M3_B128,BITSHIFT,U(-1,1),16,7168,7168,128x128x32_w4_v5,SKIP,BN/WARPS != 16
F8_E4M3_B128,LUT,U(-1,1),16,7168,7168,64x64x32_w4_v5,OK,ms=1.408,tflops=1.17,gbps=37.4,maxabs=2.450e-02,p99=1.297e-02,rel=1.854e-04
F8_E4M3_B128,BITSHIFT,U(-1,1),16,7168,7168,64x64x32_w4_v5,SKIP,opt only LUT path
F8_E4M3_B128,LUT,U(-1,1),16,7168,7168,64x128x32_w4_v5,SKIP,BN/WARPS != 16
F8_E4M3_B128,BITSHIFT,U(-1,1),16,7168,7168,64x128x32_w4_v5,SKIP,BN/WARPS != 16
F8_E4M3_B128,LUT,U(-1,1),16,7168,7168,128x128x64_w4_v6,SKIP,BN/WARPS != 16
F8_E4M3_B128,BITSHIFT,U(-1,1),16,7168,7168,128x128x64_w4_v6,SKIP,BN/WARPS != 16
F8_E4M3_B128,LUT,U(-1,1),16,7168,7168,128x64x64_w4_v6,SKIP,v6 only INT8 (A1 retry)
F8_E4M3_B128,BITSHIFT,U(-1,1),16,7168,7168,128x64x64_w4_v6,SKIP,opt only LUT path
F8_E4M3_B128,LUT,U(-1,1),16,7168,7168,64x128x64_w4_v6,SKIP,BN/WARPS != 16
F8_E4M3_B128,BITSHIFT,U(-1,1),16,7168,7168,64x128x64_w4_v6,SKIP,BN/WARPS != 16
F8_E4M3_B128,LUT,U(-1,1),16,7168,7168,64x64x64_w4_v6,SKIP,v6 only INT8 (A1 retry)
F8_E4M3_B128,BITSHIFT,U(-1,1),16,7168,7168,64x64x64_w4_v6,SKIP,opt only LUT path
F8_E4M3_B128,LUT,U(-1,1),16,7168,7168,64x128x32_w4_v7,SKIP,BN/WARPS != 16
F8_E4M3_B128,BITSHIFT,U(-1,1),16,7168,7168,64x128x32_w4_v7,SKIP,BN/WARPS != 16
F8_E4M3_B128,LUT,U(-1,1),16,7168,7168,64x64x32_w4_v7,SKIP,v7 only INT8 (B3 triple-buffer)
F8_E4M3_B128,BITSHIFT,U(-1,1),16,7168,7168,64x64x32_w4_v7,SKIP,opt only LUT path
F8_E4M3_B128,LUT,U(-1,1),16,7168,7168,32x128x32_w4_v7,SKIP,BN/WARPS != 16
F8_E4M3_B128,BITSHIFT,U(-1,1),16,7168,7168,32x128x32_w4_v7,SKIP,BN/WARPS != 16
F8_E4M3_B128,LUT,U(-1,1),16,7168,7168,32x64x32_w4_v7,SKIP,v7 only INT8 (B3 triple-buffer)
F8_E4M3_B128,BITSHIFT,U(-1,1),16,7168,7168,32x64x32_w4_v7,SKIP,opt only LUT path
F8_E4M3_B128,LUT,U(-1,1),64,7168,7168,16x64x32_w4,OK,ms=2.189,tflops=3.00,gbps=25.3,maxabs=2.472e-02,p99=1.323e-02,rel=1.849e-04
F8_E4M3_B128,BITSHIFT,U(-1,1),64,7168,7168,16x64x32_w4,OK,ms=2.544,tflops=2.58,gbps=21.8,maxabs=2.474e-02,p99=1.324e-02,rel=1.849e-04
F8_E4M3_B128,LUT,U(-1,1),64,7168,7168,16x128x32_w8,OK,ms=2.412,tflops=2.73,gbps=23.0,maxabs=2.472e-02,p99=1.323e-02,rel=1.849e-04
F8_E4M3_B128,BITSHIFT,U(-1,1),64,7168,7168,16x128x32_w8,OK,ms=2.852,tflops=2.31,gbps=19.4,maxabs=2.474e-02,p99=1.324e-02,rel=1.849e-04
F8_E4M3_B128,LUT,U(-1,1),64,7168,7168,16x128x32_w4f2,SKIP,BN/WARPS != 16
F8_E4M3_B128,BITSHIFT,U(-1,1),64,7168,7168,16x128x32_w4f2,SKIP,BN/WARPS != 16
F8_E4M3_B128,LUT,U(-1,1),64,7168,7168,16x256x32_w4f4,SKIP,BN/WARPS != 16
F8_E4M3_B128,BITSHIFT,U(-1,1),64,7168,7168,16x256x32_w4f4,SKIP,BN/WARPS != 16
F8_E4M3_B128,LUT,U(-1,1),64,7168,7168,128x64x32_w4_v1,SKIP,no template
F8_E4M3_B128,BITSHIFT,U(-1,1),64,7168,7168,128x64x32_w4_v1,SKIP,opt only LUT path
F8_E4M3_B128,LUT,U(-1,1),64,7168,7168,128x128x32_w4_v1,SKIP,BN/WARPS != 16
F8_E4M3_B128,BITSHIFT,U(-1,1),64,7168,7168,128x128x32_w4_v1,SKIP,BN/WARPS != 16
F8_E4M3_B128,LUT,U(-1,1),64,7168,7168,128x256x32_w4_v1,SKIP,BN/WARPS != 16
F8_E4M3_B128,BITSHIFT,U(-1,1),64,7168,7168,128x256x32_w4_v1,SKIP,BN/WARPS != 16
F8_E4M3_B128,LUT,U(-1,1),64,7168,7168,128x256x32_w8_v1,SKIP,BN/WARPS != 16
F8_E4M3_B128,BITSHIFT,U(-1,1),64,7168,7168,128x256x32_w8_v1,SKIP,BN/WARPS != 16
F8_E4M3_B128,LUT,U(-1,1),64,7168,7168,64x64x32_w4_v1,SKIP,no template
F8_E4M3_B128,BITSHIFT,U(-1,1),64,7168,7168,64x64x32_w4_v1,SKIP,opt only LUT path
F8_E4M3_B128,LUT,U(-1,1),64,7168,7168,64x128x32_w4_v1,SKIP,BN/WARPS != 16
F8_E4M3_B128,BITSHIFT,U(-1,1),64,7168,7168,64x128x32_w4_v1,SKIP,BN/WARPS != 16
F8_E4M3_B128,LUT,U(-1,1),64,7168,7168,128x64x32_w4_v2,OK,ms=2.625,tflops=2.51,gbps=21.1,maxabs=2.472e-02,p99=1.323e-02,rel=1.849e-04
F8_E4M3_B128,BITSHIFT,U(-1,1),64,7168,7168,128x64x32_w4_v2,SKIP,opt only LUT path
F8_E4M3_B128,LUT,U(-1,1),64,7168,7168,128x128x32_w4_v2,SKIP,BN/WARPS != 16
F8_E4M3_B128,BITSHIFT,U(-1,1),64,7168,7168,128x128x32_w4_v2,SKIP,BN/WARPS != 16
F8_E4M3_B128,LUT,U(-1,1),64,7168,7168,128x256x32_w4_v2,SKIP,BN/WARPS != 16
F8_E4M3_B128,BITSHIFT,U(-1,1),64,7168,7168,128x256x32_w4_v2,SKIP,BN/WARPS != 16
F8_E4M3_B128,LUT,U(-1,1),64,7168,7168,128x256x32_w8_v2,SKIP,BN/WARPS != 16
F8_E4M3_B128,BITSHIFT,U(-1,1),64,7168,7168,128x256x32_w8_v2,SKIP,BN/WARPS != 16
F8_E4M3_B128,LUT,U(-1,1),64,7168,7168,64x64x32_w4_v2,OK,ms=2.290,tflops=2.87,gbps=24.2,maxabs=2.472e-02,p99=1.323e-02,rel=1.849e-04
F8_E4M3_B128,BITSHIFT,U(-1,1),64,7168,7168,64x64x32_w4_v2,SKIP,opt only LUT path
F8_E4M3_B128,LUT,U(-1,1),64,7168,7168,64x128x32_w4_v2,SKIP,BN/WARPS != 16
F8_E4M3_B128,BITSHIFT,U(-1,1),64,7168,7168,64x128x32_w4_v2,SKIP,BN/WARPS != 16
F8_E4M3_B128,LUT,U(-1,1),64,7168,7168,128x64x32_w4_v3,OK,ms=1.758,tflops=3.74,gbps=31.5,maxabs=2.472e-02,p99=1.323e-02,rel=1.849e-04
F8_E4M3_B128,BITSHIFT,U(-1,1),64,7168,7168,128x64x32_w4_v3,SKIP,opt only LUT path
F8_E4M3_B128,LUT,U(-1,1),64,7168,7168,128x128x32_w4_v3,SKIP,BN/WARPS != 16
F8_E4M3_B128,BITSHIFT,U(-1,1),64,7168,7168,128x128x32_w4_v3,SKIP,BN/WARPS != 16
F8_E4M3_B128,LUT,U(-1,1),64,7168,7168,128x256x32_w8_v3,SKIP,BN/WARPS != 16
F8_E4M3_B128,BITSHIFT,U(-1,1),64,7168,7168,128x256x32_w8_v3,SKIP,BN/WARPS != 16
F8_E4M3_B128,LUT,U(-1,1),64,7168,7168,64x64x32_w4_v3,OK,ms=1.437,tflops=4.58,gbps=38.6,maxabs=2.472e-02,p99=1.323e-02,rel=1.849e-04
F8_E4M3_B128,BITSHIFT,U(-1,1),64,7168,7168,64x64x32_w4_v3,SKIP,opt only LUT path
F8_E4M3_B128,LUT,U(-1,1),64,7168,7168,64x128x32_w4_v3,SKIP,BN/WARPS != 16
F8_E4M3_B128,BITSHIFT,U(-1,1),64,7168,7168,64x128x32_w4_v3,SKIP,BN/WARPS != 16
F8_E4M3_B128,LUT,U(-1,1),64,7168,7168,32x128x32_w4_v3_b1,SKIP,BN/WARPS != 16
F8_E4M3_B128,BITSHIFT,U(-1,1),64,7168,7168,32x128x32_w4_v3_b1,SKIP,BN/WARPS != 16
F8_E4M3_B128,LUT,U(-1,1),64,7168,7168,32x64x32_w4_v3_b1,OK,ms=1.279,tflops=5.14,gbps=43.3,maxabs=2.472e-02,p99=1.323e-02,rel=1.849e-04
F8_E4M3_B128,BITSHIFT,U(-1,1),64,7168,7168,32x64x32_w4_v3_b1,SKIP,opt only LUT path
F8_E4M3_B128,LUT,U(-1,1),64,7168,7168,32x256x32_w8_v3_b1,SKIP,BN/WARPS != 16
F8_E4M3_B128,BITSHIFT,U(-1,1),64,7168,7168,32x256x32_w8_v3_b1,SKIP,BN/WARPS != 16
F8_E4M3_B128,LUT,U(-1,1),64,7168,7168,128x128x32_w8_v3_b1alt,SKIP,no template
F8_E4M3_B128,BITSHIFT,U(-1,1),64,7168,7168,128x128x32_w8_v3_b1alt,SKIP,opt only LUT path
F8_E4M3_B128,LUT,U(-1,1),64,7168,7168,64x128x32_w8_v3_b1alt,SKIP,no template
F8_E4M3_B128,BITSHIFT,U(-1,1),64,7168,7168,64x128x32_w8_v3_b1alt,SKIP,opt only LUT path
F8_E4M3_B128,LUT,U(-1,1),64,7168,7168,128x64x32_w4_v4,OK,ms=1.792,tflops=3.67,gbps=30.9,maxabs=2.472e-02,p99=1.323e-02,rel=1.849e-04
F8_E4M3_B128,BITSHIFT,U(-1,1),64,7168,7168,128x64x32_w4_v4,SKIP,opt only LUT path
F8_E4M3_B128,LUT,U(-1,1),64,7168,7168,128x128x32_w4_v4,SKIP,BN/WARPS != 16
F8_E4M3_B128,BITSHIFT,U(-1,1),64,7168,7168,128x128x32_w4_v4,SKIP,BN/WARPS != 16
F8_E4M3_B128,LUT,U(-1,1),64,7168,7168,64x64x32_w4_v4,OK,ms=1.423,tflops=4.62,gbps=39.0,maxabs=2.472e-02,p99=1.323e-02,rel=1.849e-04
F8_E4M3_B128,BITSHIFT,U(-1,1),64,7168,7168,64x64x32_w4_v4,SKIP,opt only LUT path
F8_E4M3_B128,LUT,U(-1,1),64,7168,7168,64x128x32_w4_v4,SKIP,BN/WARPS != 16
F8_E4M3_B128,BITSHIFT,U(-1,1),64,7168,7168,64x128x32_w4_v4,SKIP,BN/WARPS != 16
F8_E4M3_B128,LUT,U(-1,1),64,7168,7168,128x64x32_w4_v5,OK,ms=1.776,tflops=3.70,gbps=31.2,maxabs=2.472e-02,p99=1.323e-02,rel=1.849e-04
F8_E4M3_B128,BITSHIFT,U(-1,1),64,7168,7168,128x64x32_w4_v5,SKIP,opt only LUT path
F8_E4M3_B128,LUT,U(-1,1),64,7168,7168,128x128x32_w4_v5,SKIP,BN/WARPS != 16
F8_E4M3_B128,BITSHIFT,U(-1,1),64,7168,7168,128x128x32_w4_v5,SKIP,BN/WARPS != 16
F8_E4M3_B128,LUT,U(-1,1),64,7168,7168,64x64x32_w4_v5,OK,ms=1.428,tflops=4.60,gbps=38.8,maxabs=2.472e-02,p99=1.323e-02,rel=1.849e-04
F8_E4M3_B128,BITSHIFT,U(-1,1),64,7168,7168,64x64x32_w4_v5,SKIP,opt only LUT path
F8_E4M3_B128,LUT,U(-1,1),64,7168,7168,64x128x32_w4_v5,SKIP,BN/WARPS != 16
F8_E4M3_B128,BITSHIFT,U(-1,1),64,7168,7168,64x128x32_w4_v5,SKIP,BN/WARPS != 16
F8_E4M3_B128,LUT,U(-1,1),64,7168,7168,128x128x64_w4_v6,SKIP,BN/WARPS != 16
F8_E4M3_B128,BITSHIFT,U(-1,1),64,7168,7168,128x128x64_w4_v6,SKIP,BN/WARPS != 16
F8_E4M3_B128,LUT,U(-1,1),64,7168,7168,128x64x64_w4_v6,SKIP,v6 only INT8 (A1 retry)
F8_E4M3_B128,BITSHIFT,U(-1,1),64,7168,7168,128x64x64_w4_v6,SKIP,opt only LUT path
F8_E4M3_B128,LUT,U(-1,1),64,7168,7168,64x128x64_w4_v6,SKIP,BN/WARPS != 16
F8_E4M3_B128,BITSHIFT,U(-1,1),64,7168,7168,64x128x64_w4_v6,SKIP,BN/WARPS != 16
F8_E4M3_B128,LUT,U(-1,1),64,7168,7168,64x64x64_w4_v6,SKIP,v6 only INT8 (A1 retry)
F8_E4M3_B128,BITSHIFT,U(-1,1),64,7168,7168,64x64x64_w4_v6,SKIP,opt only LUT path
F8_E4M3_B128,LUT,U(-1,1),64,7168,7168,64x128x32_w4_v7,SKIP,BN/WARPS != 16
F8_E4M3_B128,BITSHIFT,U(-1,1),64,7168,7168,64x128x32_w4_v7,SKIP,BN/WARPS != 16
F8_E4M3_B128,LUT,U(-1,1),64,7168,7168,64x64x32_w4_v7,SKIP,v7 only INT8 (B3 triple-buffer)
F8_E4M3_B128,BITSHIFT,U(-1,1),64,7168,7168,64x64x32_w4_v7,SKIP,opt only LUT path
F8_E4M3_B128,LUT,U(-1,1),64,7168,7168,32x128x32_w4_v7,SKIP,BN/WARPS != 16
F8_E4M3_B128,BITSHIFT,U(-1,1),64,7168,7168,32x128x32_w4_v7,SKIP,BN/WARPS != 16
F8_E4M3_B128,LUT,U(-1,1),64,7168,7168,32x64x32_w4_v7,SKIP,v7 only INT8 (B3 triple-buffer)
F8_E4M3_B128,BITSHIFT,U(-1,1),64,7168,7168,32x64x32_w4_v7,SKIP,opt only LUT path
F8_E4M3_B128,LUT,U(-1,1),128,7168,7168,16x64x32_w4,OK,ms=4.904,tflops=2.68,gbps=12.1,maxabs=2.500e-02,p99=1.274e-02,rel=1.846e-04
F8_E4M3_B128,BITSHIFT,U(-1,1),128,7168,7168,16x64x32_w4,OK,ms=5.742,tflops=2.29,gbps=10.3,maxabs=2.499e-02,p99=1.274e-02,rel=1.846e-04
F8_E4M3_B128,LUT,U(-1,1),128,7168,7168,16x128x32_w8,OK,ms=5.205,tflops=2.53,gbps=11.4,maxabs=2.500e-02,p99=1.274e-02,rel=1.846e-04
F8_E4M3_B128,BITSHIFT,U(-1,1),128,7168,7168,16x128x32_w8,OK,ms=6.324,tflops=2.08,gbps=9.3,maxabs=2.499e-02,p99=1.274e-02,rel=1.846e-04
F8_E4M3_B128,LUT,U(-1,1),128,7168,7168,16x128x32_w4f2,SKIP,BN/WARPS != 16
F8_E4M3_B128,BITSHIFT,U(-1,1),128,7168,7168,16x128x32_w4f2,SKIP,BN/WARPS != 16
F8_E4M3_B128,LUT,U(-1,1),128,7168,7168,16x256x32_w4f4,SKIP,BN/WARPS != 16
F8_E4M3_B128,BITSHIFT,U(-1,1),128,7168,7168,16x256x32_w4f4,SKIP,BN/WARPS != 16
F8_E4M3_B128,LUT,U(-1,1),128,7168,7168,128x64x32_w4_v1,SKIP,no template
F8_E4M3_B128,BITSHIFT,U(-1,1),128,7168,7168,128x64x32_w4_v1,SKIP,opt only LUT path
F8_E4M3_B128,LUT,U(-1,1),128,7168,7168,128x128x32_w4_v1,SKIP,BN/WARPS != 16
F8_E4M3_B128,BITSHIFT,U(-1,1),128,7168,7168,128x128x32_w4_v1,SKIP,BN/WARPS != 16
F8_E4M3_B128,LUT,U(-1,1),128,7168,7168,128x256x32_w4_v1,SKIP,BN/WARPS != 16
F8_E4M3_B128,BITSHIFT,U(-1,1),128,7168,7168,128x256x32_w4_v1,SKIP,BN/WARPS != 16
F8_E4M3_B128,LUT,U(-1,1),128,7168,7168,128x256x32_w8_v1,SKIP,BN/WARPS != 16
F8_E4M3_B128,BITSHIFT,U(-1,1),128,7168,7168,128x256x32_w8_v1,SKIP,BN/WARPS != 16
F8_E4M3_B128,LUT,U(-1,1),128,7168,7168,64x64x32_w4_v1,SKIP,no template
F8_E4M3_B128,BITSHIFT,U(-1,1),128,7168,7168,64x64x32_w4_v1,SKIP,opt only LUT path
F8_E4M3_B128,LUT,U(-1,1),128,7168,7168,64x128x32_w4_v1,SKIP,BN/WARPS != 16
F8_E4M3_B128,BITSHIFT,U(-1,1),128,7168,7168,64x128x32_w4_v1,SKIP,BN/WARPS != 16
F8_E4M3_B128,LUT,U(-1,1),128,7168,7168,128x64x32_w4_v2,OK,ms=2.664,tflops=4.94,gbps=22.2,maxabs=2.500e-02,p99=1.274e-02,rel=1.846e-04
F8_E4M3_B128,BITSHIFT,U(-1,1),128,7168,7168,128x64x32_w4_v2,SKIP,opt only LUT path
F8_E4M3_B128,LUT,U(-1,1),128,7168,7168,128x128x32_w4_v2,SKIP,BN/WARPS != 16
F8_E4M3_B128,BITSHIFT,U(-1,1),128,7168,7168,128x128x32_w4_v2,SKIP,BN/WARPS != 16
F8_E4M3_B128,LUT,U(-1,1),128,7168,7168,128x256x32_w4_v2,SKIP,BN/WARPS != 16
F8_E4M3_B128,BITSHIFT,U(-1,1),128,7168,7168,128x256x32_w4_v2,SKIP,BN/WARPS != 16
F8_E4M3_B128,LUT,U(-1,1),128,7168,7168,128x256x32_w8_v2,SKIP,BN/WARPS != 16
F8_E4M3_B128,BITSHIFT,U(-1,1),128,7168,7168,128x256x32_w8_v2,SKIP,BN/WARPS != 16
F8_E4M3_B128,LUT,U(-1,1),128,7168,7168,64x64x32_w4_v2,OK,ms=2.300,tflops=5.72,gbps=25.7,maxabs=2.500e-02,p99=1.274e-02,rel=1.846e-04
F8_E4M3_B128,BITSHIFT,U(-1,1),128,7168,7168,64x64x32_w4_v2,SKIP,opt only LUT path
F8_E4M3_B128,LUT,U(-1,1),128,7168,7168,64x128x32_w4_v2,SKIP,BN/WARPS != 16
F8_E4M3_B128,BITSHIFT,U(-1,1),128,7168,7168,64x128x32_w4_v2,SKIP,BN/WARPS != 16
F8_E4M3_B128,LUT,U(-1,1),128,7168,7168,128x64x32_w4_v3,OK,ms=1.794,tflops=7.33,gbps=33.0,maxabs=2.500e-02,p99=1.274e-02,rel=1.846e-04
F8_E4M3_B128,BITSHIFT,U(-1,1),128,7168,7168,128x64x32_w4_v3,SKIP,opt only LUT path
F8_E4M3_B128,LUT,U(-1,1),128,7168,7168,128x128x32_w4_v3,SKIP,BN/WARPS != 16
F8_E4M3_B128,BITSHIFT,U(-1,1),128,7168,7168,128x128x32_w4_v3,SKIP,BN/WARPS != 16
F8_E4M3_B128,LUT,U(-1,1),128,7168,7168,128x256x32_w8_v3,SKIP,BN/WARPS != 16
F8_E4M3_B128,BITSHIFT,U(-1,1),128,7168,7168,128x256x32_w8_v3,SKIP,BN/WARPS != 16
F8_E4M3_B128,LUT,U(-1,1),128,7168,7168,64x64x32_w4_v3,OK,ms=1.459,tflops=9.02,gbps=40.5,maxabs=2.500e-02,p99=1.274e-02,rel=1.846e-04
F8_E4M3_B128,BITSHIFT,U(-1,1),128,7168,7168,64x64x32_w4_v3,SKIP,opt only LUT path
F8_E4M3_B128,LUT,U(-1,1),128,7168,7168,64x128x32_w4_v3,SKIP,BN/WARPS != 16
F8_E4M3_B128,BITSHIFT,U(-1,1),128,7168,7168,64x128x32_w4_v3,SKIP,BN/WARPS != 16
F8_E4M3_B128,LUT,U(-1,1),128,7168,7168,32x128x32_w4_v3_b1,SKIP,BN/WARPS != 16
F8_E4M3_B128,BITSHIFT,U(-1,1),128,7168,7168,32x128x32_w4_v3_b1,SKIP,BN/WARPS != 16
F8_E4M3_B128,LUT,U(-1,1),128,7168,7168,32x64x32_w4_v3_b1,OK,ms=1.404,tflops=9.37,gbps=42.1,maxabs=2.500e-02,p99=1.274e-02,rel=1.846e-04
F8_E4M3_B128,BITSHIFT,U(-1,1),128,7168,7168,32x64x32_w4_v3_b1,SKIP,opt only LUT path
F8_E4M3_B128,LUT,U(-1,1),128,7168,7168,32x256x32_w8_v3_b1,SKIP,BN/WARPS != 16
F8_E4M3_B128,BITSHIFT,U(-1,1),128,7168,7168,32x256x32_w8_v3_b1,SKIP,BN/WARPS != 16
F8_E4M3_B128,LUT,U(-1,1),128,7168,7168,128x128x32_w8_v3_b1alt,SKIP,no template
F8_E4M3_B128,BITSHIFT,U(-1,1),128,7168,7168,128x128x32_w8_v3_b1alt,SKIP,opt only LUT path
F8_E4M3_B128,LUT,U(-1,1),128,7168,7168,64x128x32_w8_v3_b1alt,SKIP,no template
F8_E4M3_B128,BITSHIFT,U(-1,1),128,7168,7168,64x128x32_w8_v3_b1alt,SKIP,opt only LUT path
F8_E4M3_B128,LUT,U(-1,1),128,7168,7168,128x64x32_w4_v4,OK,ms=1.823,tflops=7.21,gbps=32.4,maxabs=2.500e-02,p99=1.274e-02,rel=1.846e-04
F8_E4M3_B128,BITSHIFT,U(-1,1),128,7168,7168,128x64x32_w4_v4,SKIP,opt only LUT path
F8_E4M3_B128,LUT,U(-1,1),128,7168,7168,128x128x32_w4_v4,SKIP,BN/WARPS != 16
F8_E4M3_B128,BITSHIFT,U(-1,1),128,7168,7168,128x128x32_w4_v4,SKIP,BN/WARPS != 16
F8_E4M3_B128,LUT,U(-1,1),128,7168,7168,64x64x32_w4_v4,OK,ms=1.479,tflops=8.89,gbps=40.0,maxabs=2.500e-02,p99=1.274e-02,rel=1.846e-04
F8_E4M3_B128,BITSHIFT,U(-1,1),128,7168,7168,64x64x32_w4_v4,SKIP,opt only LUT path
F8_E4M3_B128,LUT,U(-1,1),128,7168,7168,64x128x32_w4_v4,SKIP,BN/WARPS != 16
F8_E4M3_B128,BITSHIFT,U(-1,1),128,7168,7168,64x128x32_w4_v4,SKIP,BN/WARPS != 16
F8_E4M3_B128,LUT,U(-1,1),128,7168,7168,128x64x32_w4_v5,OK,ms=1.806,tflops=7.28,gbps=32.7,maxabs=2.500e-02,p99=1.274e-02,rel=1.846e-04
F8_E4M3_B128,BITSHIFT,U(-1,1),128,7168,7168,128x64x32_w4_v5,SKIP,opt only LUT path
F8_E4M3_B128,LUT,U(-1,1),128,7168,7168,128x128x32_w4_v5,SKIP,BN/WARPS != 16
F8_E4M3_B128,BITSHIFT,U(-1,1),128,7168,7168,128x128x32_w4_v5,SKIP,BN/WARPS != 16
F8_E4M3_B128,LUT,U(-1,1),128,7168,7168,64x64x32_w4_v5,OK,ms=2.614,tflops=5.03,gbps=22.6,maxabs=2.500e-02,p99=1.274e-02,rel=1.846e-04
F8_E4M3_B128,BITSHIFT,U(-1,1),128,7168,7168,64x64x32_w4_v5,SKIP,opt only LUT path
F8_E4M3_B128,LUT,U(-1,1),128,7168,7168,64x128x32_w4_v5,SKIP,BN/WARPS != 16
F8_E4M3_B128,BITSHIFT,U(-1,1),128,7168,7168,64x128x32_w4_v5,SKIP,BN/WARPS != 16
F8_E4M3_B128,LUT,U(-1,1),128,7168,7168,128x128x64_w4_v6,SKIP,BN/WARPS != 16
F8_E4M3_B128,BITSHIFT,U(-1,1),128,7168,7168,128x128x64_w4_v6,SKIP,BN/WARPS != 16
F8_E4M3_B128,LUT,U(-1,1),128,7168,7168,128x64x64_w4_v6,SKIP,v6 only INT8 (A1 retry)
F8_E4M3_B128,BITSHIFT,U(-1,1),128,7168,7168,128x64x64_w4_v6,SKIP,opt only LUT path
F8_E4M3_B128,LUT,U(-1,1),128,7168,7168,64x128x64_w4_v6,SKIP,BN/WARPS != 16
F8_E4M3_B128,BITSHIFT,U(-1,1),128,7168,7168,64x128x64_w4_v6,SKIP,BN/WARPS != 16
F8_E4M3_B128,LUT,U(-1,1),128,7168,7168,64x64x64_w4_v6,SKIP,v6 only INT8 (A1 retry)
F8_E4M3_B128,BITSHIFT,U(-1,1),128,7168,7168,64x64x64_w4_v6,SKIP,opt only LUT path
F8_E4M3_B128,LUT,U(-1,1),128,7168,7168,64x128x32_w4_v7,SKIP,BN/WARPS != 16
F8_E4M3_B128,BITSHIFT,U(-1,1),128,7168,7168,64x128x32_w4_v7,SKIP,BN/WARPS != 16
F8_E4M3_B128,LUT,U(-1,1),128,7168,7168,64x64x32_w4_v7,SKIP,v7 only INT8 (B3 triple-buffer)
F8_E4M3_B128,BITSHIFT,U(-1,1),128,7168,7168,64x64x32_w4_v7,SKIP,opt only LUT path
F8_E4M3_B128,LUT,U(-1,1),128,7168,7168,32x128x32_w4_v7,SKIP,BN/WARPS != 16
F8_E4M3_B128,BITSHIFT,U(-1,1),128,7168,7168,32x128x32_w4_v7,SKIP,BN/WARPS != 16
F8_E4M3_B128,LUT,U(-1,1),128,7168,7168,32x64x32_w4_v7,SKIP,v7 only INT8 (B3 triple-buffer)
F8_E4M3_B128,BITSHIFT,U(-1,1),128,7168,7168,32x64x32_w4_v7,SKIP,opt only LUT path
F8_E4M3_B128,LUT,U(-1,1),256,7168,7168,16x64x32_w4,OK,ms=7.464,tflops=3.52,gbps=8.9,maxabs=2.503e-02,p99=1.270e-02,rel=1.848e-04
F8_E4M3_B128,BITSHIFT,U(-1,1),256,7168,7168,16x64x32_w4,OK,ms=8.565,tflops=3.07,gbps=7.8,maxabs=2.501e-02,p99=1.271e-02,rel=1.848e-04
F8_E4M3_B128,LUT,U(-1,1),256,7168,7168,16x128x32_w8,OK,ms=7.718,tflops=3.41,gbps=8.6,maxabs=2.503e-02,p99=1.270e-02,rel=1.848e-04
F8_E4M3_B128,BITSHIFT,U(-1,1),256,7168,7168,16x128x32_w8,OK,ms=9.314,tflops=2.82,gbps=7.1,maxabs=2.501e-02,p99=1.271e-02,rel=1.848e-04
F8_E4M3_B128,LUT,U(-1,1),256,7168,7168,16x128x32_w4f2,SKIP,BN/WARPS != 16
F8_E4M3_B128,BITSHIFT,U(-1,1),256,7168,7168,16x128x32_w4f2,SKIP,BN/WARPS != 16
F8_E4M3_B128,LUT,U(-1,1),256,7168,7168,16x256x32_w4f4,SKIP,BN/WARPS != 16
F8_E4M3_B128,BITSHIFT,U(-1,1),256,7168,7168,16x256x32_w4f4,SKIP,BN/WARPS != 16
F8_E4M3_B128,LUT,U(-1,1),256,7168,7168,128x64x32_w4_v1,SKIP,no template
F8_E4M3_B128,BITSHIFT,U(-1,1),256,7168,7168,128x64x32_w4_v1,SKIP,opt only LUT path
F8_E4M3_B128,LUT,U(-1,1),256,7168,7168,128x128x32_w4_v1,SKIP,BN/WARPS != 16
F8_E4M3_B128,BITSHIFT,U(-1,1),256,7168,7168,128x128x32_w4_v1,SKIP,BN/WARPS != 16
F8_E4M3_B128,LUT,U(-1,1),256,7168,7168,128x256x32_w4_v1,SKIP,BN/WARPS != 16
F8_E4M3_B128,BITSHIFT,U(-1,1),256,7168,7168,128x256x32_w4_v1,SKIP,BN/WARPS != 16
F8_E4M3_B128,LUT,U(-1,1),256,7168,7168,128x256x32_w8_v1,SKIP,BN/WARPS != 16
F8_E4M3_B128,BITSHIFT,U(-1,1),256,7168,7168,128x256x32_w8_v1,SKIP,BN/WARPS != 16
F8_E4M3_B128,LUT,U(-1,1),256,7168,7168,64x64x32_w4_v1,SKIP,no template
F8_E4M3_B128,BITSHIFT,U(-1,1),256,7168,7168,64x64x32_w4_v1,SKIP,opt only LUT path
F8_E4M3_B128,LUT,U(-1,1),256,7168,7168,64x128x32_w4_v1,SKIP,BN/WARPS != 16
F8_E4M3_B128,BITSHIFT,U(-1,1),256,7168,7168,64x128x32_w4_v1,SKIP,BN/WARPS != 16
F8_E4M3_B128,LUT,U(-1,1),256,7168,7168,128x64x32_w4_v2,OK,ms=2.745,tflops=9.58,gbps=24.2,maxabs=2.503e-02,p99=1.270e-02,rel=1.848e-04
F8_E4M3_B128,BITSHIFT,U(-1,1),256,7168,7168,128x64x32_w4_v2,SKIP,opt only LUT path
F8_E4M3_B128,LUT,U(-1,1),256,7168,7168,128x128x32_w4_v2,SKIP,BN/WARPS != 16
F8_E4M3_B128,BITSHIFT,U(-1,1),256,7168,7168,128x128x32_w4_v2,SKIP,BN/WARPS != 16
F8_E4M3_B128,LUT,U(-1,1),256,7168,7168,128x256x32_w4_v2,SKIP,BN/WARPS != 16
F8_E4M3_B128,BITSHIFT,U(-1,1),256,7168,7168,128x256x32_w4_v2,SKIP,BN/WARPS != 16
F8_E4M3_B128,LUT,U(-1,1),256,7168,7168,128x256x32_w8_v2,SKIP,BN/WARPS != 16
F8_E4M3_B128,BITSHIFT,U(-1,1),256,7168,7168,128x256x32_w8_v2,SKIP,BN/WARPS != 16
F8_E4M3_B128,LUT,U(-1,1),256,7168,7168,64x64x32_w4_v2,OK,ms=4.681,tflops=5.62,gbps=14.2,maxabs=2.503e-02,p99=1.270e-02,rel=1.848e-04
F8_E4M3_B128,BITSHIFT,U(-1,1),256,7168,7168,64x64x32_w4_v2,SKIP,opt only LUT path
F8_E4M3_B128,LUT,U(-1,1),256,7168,7168,64x128x32_w4_v2,SKIP,BN/WARPS != 16
F8_E4M3_B128,BITSHIFT,U(-1,1),256,7168,7168,64x128x32_w4_v2,SKIP,BN/WARPS != 16
F8_E4M3_B128,LUT,U(-1,1),256,7168,7168,128x64x32_w4_v3,OK,ms=1.948,tflops=13.50,gbps=34.1,maxabs=2.503e-02,p99=1.270e-02,rel=1.848e-04
F8_E4M3_B128,BITSHIFT,U(-1,1),256,7168,7168,128x64x32_w4_v3,SKIP,opt only LUT path
F8_E4M3_B128,LUT,U(-1,1),256,7168,7168,128x128x32_w4_v3,SKIP,BN/WARPS != 16
F8_E4M3_B128,BITSHIFT,U(-1,1),256,7168,7168,128x128x32_w4_v3,SKIP,BN/WARPS != 16
F8_E4M3_B128,LUT,U(-1,1),256,7168,7168,128x256x32_w8_v3,SKIP,BN/WARPS != 16
F8_E4M3_B128,BITSHIFT,U(-1,1),256,7168,7168,128x256x32_w8_v3,SKIP,BN/WARPS != 16
F8_E4M3_B128,LUT,U(-1,1),256,7168,7168,64x64x32_w4_v3,OK,ms=3.009,tflops=8.74,gbps=22.1,maxabs=2.503e-02,p99=1.270e-02,rel=1.848e-04
F8_E4M3_B128,BITSHIFT,U(-1,1),256,7168,7168,64x64x32_w4_v3,SKIP,opt only LUT path
F8_E4M3_B128,LUT,U(-1,1),256,7168,7168,64x128x32_w4_v3,SKIP,BN/WARPS != 16
F8_E4M3_B128,BITSHIFT,U(-1,1),256,7168,7168,64x128x32_w4_v3,SKIP,BN/WARPS != 16
F8_E4M3_B128,LUT,U(-1,1),256,7168,7168,32x128x32_w4_v3_b1,SKIP,BN/WARPS != 16
F8_E4M3_B128,BITSHIFT,U(-1,1),256,7168,7168,32x128x32_w4_v3_b1,SKIP,BN/WARPS != 16
F8_E4M3_B128,LUT,U(-1,1),256,7168,7168,32x64x32_w4_v3_b1,OK,ms=2.852,tflops=9.23,gbps=23.3,maxabs=2.503e-02,p99=1.270e-02,rel=1.848e-04
F8_E4M3_B128,BITSHIFT,U(-1,1),256,7168,7168,32x64x32_w4_v3_b1,SKIP,opt only LUT path
F8_E4M3_B128,LUT,U(-1,1),256,7168,7168,32x256x32_w8_v3_b1,SKIP,BN/WARPS != 16
F8_E4M3_B128,BITSHIFT,U(-1,1),256,7168,7168,32x256x32_w8_v3_b1,SKIP,BN/WARPS != 16
F8_E4M3_B128,LUT,U(-1,1),256,7168,7168,128x128x32_w8_v3_b1alt,SKIP,no template
F8_E4M3_B128,BITSHIFT,U(-1,1),256,7168,7168,128x128x32_w8_v3_b1alt,SKIP,opt only LUT path
F8_E4M3_B128,LUT,U(-1,1),256,7168,7168,64x128x32_w8_v3_b1alt,SKIP,no template
F8_E4M3_B128,BITSHIFT,U(-1,1),256,7168,7168,64x128x32_w8_v3_b1alt,SKIP,opt only LUT path
F8_E4M3_B128,LUT,U(-1,1),256,7168,7168,128x64x32_w4_v4,OK,ms=1.979,tflops=13.29,gbps=33.6,maxabs=2.503e-02,p99=1.270e-02,rel=1.848e-04
F8_E4M3_B128,BITSHIFT,U(-1,1),256,7168,7168,128x64x32_w4_v4,SKIP,opt only LUT path
F8_E4M3_B128,LUT,U(-1,1),256,7168,7168,128x128x32_w4_v4,SKIP,BN/WARPS != 16
F8_E4M3_B128,BITSHIFT,U(-1,1),256,7168,7168,128x128x32_w4_v4,SKIP,BN/WARPS != 16
F8_E4M3_B128,LUT,U(-1,1),256,7168,7168,64x64x32_w4_v4,OK,ms=3.161,tflops=8.32,gbps=21.0,maxabs=2.503e-02,p99=1.270e-02,rel=1.848e-04
F8_E4M3_B128,BITSHIFT,U(-1,1),256,7168,7168,64x64x32_w4_v4,SKIP,opt only LUT path
F8_E4M3_B128,LUT,U(-1,1),256,7168,7168,64x128x32_w4_v4,SKIP,BN/WARPS != 16
F8_E4M3_B128,BITSHIFT,U(-1,1),256,7168,7168,64x128x32_w4_v4,SKIP,BN/WARPS != 16
F8_E4M3_B128,LUT,U(-1,1),256,7168,7168,128x64x32_w4_v5,OK,ms=3.336,tflops=7.89,gbps=19.9,maxabs=2.503e-02,p99=1.270e-02,rel=1.848e-04
F8_E4M3_B128,BITSHIFT,U(-1,1),256,7168,7168,128x64x32_w4_v5,SKIP,opt only LUT path
F8_E4M3_B128,LUT,U(-1,1),256,7168,7168,128x128x32_w4_v5,SKIP,BN/WARPS != 16
F8_E4M3_B128,BITSHIFT,U(-1,1),256,7168,7168,128x128x32_w4_v5,SKIP,BN/WARPS != 16
F8_E4M3_B128,LUT,U(-1,1),256,7168,7168,64x64x32_w4_v5,OK,ms=4.082,tflops=6.44,gbps=16.3,maxabs=2.503e-02,p99=1.270e-02,rel=1.848e-04
F8_E4M3_B128,BITSHIFT,U(-1,1),256,7168,7168,64x64x32_w4_v5,SKIP,opt only LUT path
F8_E4M3_B128,LUT,U(-1,1),256,7168,7168,64x128x32_w4_v5,SKIP,BN/WARPS != 16
F8_E4M3_B128,BITSHIFT,U(-1,1),256,7168,7168,64x128x32_w4_v5,SKIP,BN/WARPS != 16
F8_E4M3_B128,LUT,U(-1,1),256,7168,7168,128x128x64_w4_v6,SKIP,BN/WARPS != 16
F8_E4M3_B128,BITSHIFT,U(-1,1),256,7168,7168,128x128x64_w4_v6,SKIP,BN/WARPS != 16
F8_E4M3_B128,LUT,U(-1,1),256,7168,7168,128x64x64_w4_v6,SKIP,v6 only INT8 (A1 retry)
F8_E4M3_B128,BITSHIFT,U(-1,1),256,7168,7168,128x64x64_w4_v6,SKIP,opt only LUT path
F8_E4M3_B128,LUT,U(-1,1),256,7168,7168,64x128x64_w4_v6,SKIP,BN/WARPS != 16
F8_E4M3_B128,BITSHIFT,U(-1,1),256,7168,7168,64x128x64_w4_v6,SKIP,BN/WARPS != 16
F8_E4M3_B128,LUT,U(-1,1),256,7168,7168,64x64x64_w4_v6,SKIP,v6 only INT8 (A1 retry)
F8_E4M3_B128,BITSHIFT,U(-1,1),256,7168,7168,64x64x64_w4_v6,SKIP,opt only LUT path
F8_E4M3_B128,LUT,U(-1,1),256,7168,7168,64x128x32_w4_v7,SKIP,BN/WARPS != 16
F8_E4M3_B128,BITSHIFT,U(-1,1),256,7168,7168,64x128x32_w4_v7,SKIP,BN/WARPS != 16
F8_E4M3_B128,LUT,U(-1,1),256,7168,7168,64x64x32_w4_v7,SKIP,v7 only INT8 (B3 triple-buffer)
F8_E4M3_B128,BITSHIFT,U(-1,1),256,7168,7168,64x64x32_w4_v7,SKIP,opt only LUT path
F8_E4M3_B128,LUT,U(-1,1),256,7168,7168,32x128x32_w4_v7,SKIP,BN/WARPS != 16
F8_E4M3_B128,BITSHIFT,U(-1,1),256,7168,7168,32x128x32_w4_v7,SKIP,BN/WARPS != 16
F8_E4M3_B128,LUT,U(-1,1),256,7168,7168,32x64x32_w4_v7,SKIP,v7 only INT8 (B3 triple-buffer)
F8_E4M3_B128,BITSHIFT,U(-1,1),256,7168,7168,32x64x32_w4_v7,SKIP,opt only LUT path
F8_E4M3_B128,LUT,U(-1,1),512,7168,7168,16x64x32_w4,OK,ms=13.068,tflops=4.03,gbps=6.2,maxabs=2.631e-02,p99=1.314e-02,rel=1.847e-04
F8_E4M3_B128,BITSHIFT,U(-1,1),512,7168,7168,16x64x32_w4,OK,ms=17.343,tflops=3.03,gbps=4.7,maxabs=2.631e-02,p99=1.319e-02,rel=1.847e-04
F8_E4M3_B128,LUT,U(-1,1),512,7168,7168,16x128x32_w8,OK,ms=15.412,tflops=3.41,gbps=5.3,maxabs=2.631e-02,p99=1.314e-02,rel=1.847e-04
F8_E4M3_B128,BITSHIFT,U(-1,1),512,7168,7168,16x128x32_w8,OK,ms=18.733,tflops=2.81,gbps=4.3,maxabs=2.631e-02,p99=1.319e-02,rel=1.847e-04
F8_E4M3_B128,LUT,U(-1,1),512,7168,7168,16x128x32_w4f2,SKIP,BN/WARPS != 16
F8_E4M3_B128,BITSHIFT,U(-1,1),512,7168,7168,16x128x32_w4f2,SKIP,BN/WARPS != 16
F8_E4M3_B128,LUT,U(-1,1),512,7168,7168,16x256x32_w4f4,SKIP,BN/WARPS != 16
F8_E4M3_B128,BITSHIFT,U(-1,1),512,7168,7168,16x256x32_w4f4,SKIP,BN/WARPS != 16
F8_E4M3_B128,LUT,U(-1,1),512,7168,7168,128x64x32_w4_v1,SKIP,no template
F8_E4M3_B128,BITSHIFT,U(-1,1),512,7168,7168,128x64x32_w4_v1,SKIP,opt only LUT path
F8_E4M3_B128,LUT,U(-1,1),512,7168,7168,128x128x32_w4_v1,SKIP,BN/WARPS != 16
F8_E4M3_B128,BITSHIFT,U(-1,1),512,7168,7168,128x128x32_w4_v1,SKIP,BN/WARPS != 16
F8_E4M3_B128,LUT,U(-1,1),512,7168,7168,128x256x32_w4_v1,SKIP,BN/WARPS != 16
F8_E4M3_B128,BITSHIFT,U(-1,1),512,7168,7168,128x256x32_w4_v1,SKIP,BN/WARPS != 16
F8_E4M3_B128,LUT,U(-1,1),512,7168,7168,128x256x32_w8_v1,SKIP,BN/WARPS != 16
F8_E4M3_B128,BITSHIFT,U(-1,1),512,7168,7168,128x256x32_w8_v1,SKIP,BN/WARPS != 16
F8_E4M3_B128,LUT,U(-1,1),512,7168,7168,64x64x32_w4_v1,SKIP,no template
F8_E4M3_B128,BITSHIFT,U(-1,1),512,7168,7168,64x64x32_w4_v1,SKIP,opt only LUT path
F8_E4M3_B128,LUT,U(-1,1),512,7168,7168,64x128x32_w4_v1,SKIP,BN/WARPS != 16
F8_E4M3_B128,BITSHIFT,U(-1,1),512,7168,7168,64x128x32_w4_v1,SKIP,BN/WARPS != 16
F8_E4M3_B128,LUT,U(-1,1),512,7168,7168,128x64x32_w4_v2,OK,ms=5.893,tflops=8.93,gbps=13.8,maxabs=2.631e-02,p99=1.314e-02,rel=1.847e-04
F8_E4M3_B128,BITSHIFT,U(-1,1),512,7168,7168,128x64x32_w4_v2,SKIP,opt only LUT path
F8_E4M3_B128,LUT,U(-1,1),512,7168,7168,128x128x32_w4_v2,SKIP,BN/WARPS != 16
F8_E4M3_B128,BITSHIFT,U(-1,1),512,7168,7168,128x128x32_w4_v2,SKIP,BN/WARPS != 16
F8_E4M3_B128,LUT,U(-1,1),512,7168,7168,128x256x32_w4_v2,SKIP,BN/WARPS != 16
F8_E4M3_B128,BITSHIFT,U(-1,1),512,7168,7168,128x256x32_w4_v2,SKIP,BN/WARPS != 16
F8_E4M3_B128,LUT,U(-1,1),512,7168,7168,128x256x32_w8_v2,SKIP,BN/WARPS != 16
F8_E4M3_B128,BITSHIFT,U(-1,1),512,7168,7168,128x256x32_w8_v2,SKIP,BN/WARPS != 16
F8_E4M3_B128,LUT,U(-1,1),512,7168,7168,64x64x32_w4_v2,OK,ms=7.255,tflops=7.25,gbps=11.2,maxabs=2.631e-02,p99=1.314e-02,rel=1.847e-04
F8_E4M3_B128,BITSHIFT,U(-1,1),512,7168,7168,64x64x32_w4_v2,SKIP,opt only LUT path
F8_E4M3_B128,LUT,U(-1,1),512,7168,7168,64x128x32_w4_v2,SKIP,BN/WARPS != 16
F8_E4M3_B128,BITSHIFT,U(-1,1),512,7168,7168,64x128x32_w4_v2,SKIP,BN/WARPS != 16
F8_E4M3_B128,LUT,U(-1,1),512,7168,7168,128x64x32_w4_v3,OK,ms=3.853,tflops=13.66,gbps=21.1,maxabs=2.631e-02,p99=1.314e-02,rel=1.847e-04
F8_E4M3_B128,BITSHIFT,U(-1,1),512,7168,7168,128x64x32_w4_v3,SKIP,opt only LUT path
F8_E4M3_B128,LUT,U(-1,1),512,7168,7168,128x128x32_w4_v3,SKIP,BN/WARPS != 16
F8_E4M3_B128,BITSHIFT,U(-1,1),512,7168,7168,128x128x32_w4_v3,SKIP,BN/WARPS != 16
F8_E4M3_B128,LUT,U(-1,1),512,7168,7168,128x256x32_w8_v3,SKIP,BN/WARPS != 16
F8_E4M3_B128,BITSHIFT,U(-1,1),512,7168,7168,128x256x32_w8_v3,SKIP,BN/WARPS != 16
F8_E4M3_B128,LUT,U(-1,1),512,7168,7168,64x64x32_w4_v3,OK,ms=4.725,tflops=11.13,gbps=17.2,maxabs=2.631e-02,p99=1.314e-02,rel=1.847e-04
F8_E4M3_B128,BITSHIFT,U(-1,1),512,7168,7168,64x64x32_w4_v3,SKIP,opt only LUT path
F8_E4M3_B128,LUT,U(-1,1),512,7168,7168,64x128x32_w4_v3,SKIP,BN/WARPS != 16
F8_E4M3_B128,BITSHIFT,U(-1,1),512,7168,7168,64x128x32_w4_v3,SKIP,BN/WARPS != 16
F8_E4M3_B128,LUT,U(-1,1),512,7168,7168,32x128x32_w4_v3_b1,SKIP,BN/WARPS != 16
F8_E4M3_B128,BITSHIFT,U(-1,1),512,7168,7168,32x128x32_w4_v3_b1,SKIP,BN/WARPS != 16
F8_E4M3_B128,LUT,U(-1,1),512,7168,7168,32x64x32_w4_v3_b1,OK,ms=5.683,tflops=9.26,gbps=14.3,maxabs=2.631e-02,p99=1.314e-02,rel=1.847e-04
F8_E4M3_B128,BITSHIFT,U(-1,1),512,7168,7168,32x64x32_w4_v3_b1,SKIP,opt only LUT path
F8_E4M3_B128,LUT,U(-1,1),512,7168,7168,32x256x32_w8_v3_b1,SKIP,BN/WARPS != 16
F8_E4M3_B128,BITSHIFT,U(-1,1),512,7168,7168,32x256x32_w8_v3_b1,SKIP,BN/WARPS != 16
F8_E4M3_B128,LUT,U(-1,1),512,7168,7168,128x128x32_w8_v3_b1alt,SKIP,no template
F8_E4M3_B128,BITSHIFT,U(-1,1),512,7168,7168,128x128x32_w8_v3_b1alt,SKIP,opt only LUT path
F8_E4M3_B128,LUT,U(-1,1),512,7168,7168,64x128x32_w8_v3_b1alt,SKIP,no template
F8_E4M3_B128,BITSHIFT,U(-1,1),512,7168,7168,64x128x32_w8_v3_b1alt,SKIP,opt only LUT path
F8_E4M3_B128,LUT,U(-1,1),512,7168,7168,128x64x32_w4_v4,OK,ms=3.915,tflops=13.44,gbps=20.7,maxabs=2.631e-02,p99=1.314e-02,rel=1.847e-04
F8_E4M3_B128,BITSHIFT,U(-1,1),512,7168,7168,128x64x32_w4_v4,SKIP,opt only LUT path
F8_E4M3_B128,LUT,U(-1,1),512,7168,7168,128x128x32_w4_v4,SKIP,BN/WARPS != 16
F8_E4M3_B128,BITSHIFT,U(-1,1),512,7168,7168,128x128x32_w4_v4,SKIP,BN/WARPS != 16
F8_E4M3_B128,LUT,U(-1,1),512,7168,7168,64x64x32_w4_v4,OK,ms=4.955,tflops=10.62,gbps=16.4,maxabs=2.631e-02,p99=1.314e-02,rel=1.847e-04
F8_E4M3_B128,BITSHIFT,U(-1,1),512,7168,7168,64x64x32_w4_v4,SKIP,opt only LUT path
F8_E4M3_B128,LUT,U(-1,1),512,7168,7168,64x128x32_w4_v4,SKIP,BN/WARPS != 16
F8_E4M3_B128,BITSHIFT,U(-1,1),512,7168,7168,64x128x32_w4_v4,SKIP,BN/WARPS != 16
F8_E4M3_B128,LUT,U(-1,1),512,7168,7168,128x64x32_w4_v5,OK,ms=5.332,tflops=9.87,gbps=15.2,maxabs=2.631e-02,p99=1.314e-02,rel=1.847e-04
F8_E4M3_B128,BITSHIFT,U(-1,1),512,7168,7168,128x64x32_w4_v5,SKIP,opt only LUT path
F8_E4M3_B128,LUT,U(-1,1),512,7168,7168,128x128x32_w4_v5,SKIP,BN/WARPS != 16
F8_E4M3_B128,BITSHIFT,U(-1,1),512,7168,7168,128x128x32_w4_v5,SKIP,BN/WARPS != 16
F8_E4M3_B128,LUT,U(-1,1),512,7168,7168,64x64x32_w4_v5,OK,ms=8.151,tflops=6.46,gbps=10.0,maxabs=2.631e-02,p99=1.314e-02,rel=1.847e-04
F8_E4M3_B128,BITSHIFT,U(-1,1),512,7168,7168,64x64x32_w4_v5,SKIP,opt only LUT path
F8_E4M3_B128,LUT,U(-1,1),512,7168,7168,64x128x32_w4_v5,SKIP,BN/WARPS != 16
F8_E4M3_B128,BITSHIFT,U(-1,1),512,7168,7168,64x128x32_w4_v5,SKIP,BN/WARPS != 16
F8_E4M3_B128,LUT,U(-1,1),512,7168,7168,128x128x64_w4_v6,SKIP,BN/WARPS != 16
F8_E4M3_B128,BITSHIFT,U(-1,1),512,7168,7168,128x128x64_w4_v6,SKIP,BN/WARPS != 16
F8_E4M3_B128,LUT,U(-1,1),512,7168,7168,128x64x64_w4_v6,SKIP,v6 only INT8 (A1 retry)
F8_E4M3_B128,BITSHIFT,U(-1,1),512,7168,7168,128x64x64_w4_v6,SKIP,opt only LUT path
F8_E4M3_B128,LUT,U(-1,1),512,7168,7168,64x128x64_w4_v6,SKIP,BN/WARPS != 16
F8_E4M3_B128,BITSHIFT,U(-1,1),512,7168,7168,64x128x64_w4_v6,SKIP,BN/WARPS != 16
F8_E4M3_B128,LUT,U(-1,1),512,7168,7168,64x64x64_w4_v6,SKIP,v6 only INT8 (A1 retry)
F8_E4M3_B128,BITSHIFT,U(-1,1),512,7168,7168,64x64x64_w4_v6,SKIP,opt only LUT path
F8_E4M3_B128,LUT,U(-1,1),512,7168,7168,64x128x32_w4_v7,SKIP,BN/WARPS != 16
F8_E4M3_B128,BITSHIFT,U(-1,1),512,7168,7168,64x128x32_w4_v7,SKIP,BN/WARPS != 16
F8_E4M3_B128,LUT,U(-1,1),512,7168,7168,64x64x32_w4_v7,SKIP,v7 only INT8 (B3 triple-buffer)
F8_E4M3_B128,BITSHIFT,U(-1,1),512,7168,7168,64x64x32_w4_v7,SKIP,opt only LUT path
F8_E4M3_B128,LUT,U(-1,1),512,7168,7168,32x128x32_w4_v7,SKIP,BN/WARPS != 16
F8_E4M3_B128,BITSHIFT,U(-1,1),512,7168,7168,32x128x32_w4_v7,SKIP,BN/WARPS != 16
F8_E4M3_B128,LUT,U(-1,1),512,7168,7168,32x64x32_w4_v7,SKIP,v7 only INT8 (B3 triple-buffer)
F8_E4M3_B128,BITSHIFT,U(-1,1),512,7168,7168,32x64x32_w4_v7,SKIP,opt only LUT path
F8_E4M3_B128,LUT,U(-1,1),1024,7168,7168,16x64x32_w4,OK,ms=26.112,tflops=4.03,gbps=4.2,maxabs=2.631e-02,p99=1.321e-02,rel=1.846e-04
F8_E4M3_B128,BITSHIFT,U(-1,1),1024,7168,7168,16x64x32_w4,OK,ms=34.412,tflops=3.06,gbps=3.2,maxabs=2.631e-02,p99=1.327e-02,rel=1.846e-04
F8_E4M3_B128,LUT,U(-1,1),1024,7168,7168,16x128x32_w8,OK,ms=30.925,tflops=3.40,gbps=3.6,maxabs=2.631e-02,p99=1.321e-02,rel=1.846e-04
F8_E4M3_B128,BITSHIFT,U(-1,1),1024,7168,7168,16x128x32_w8,OK,ms=37.414,tflops=2.81,gbps=3.0,maxabs=2.631e-02,p99=1.327e-02,rel=1.846e-04
F8_E4M3_B128,LUT,U(-1,1),1024,7168,7168,16x128x32_w4f2,SKIP,BN/WARPS != 16
F8_E4M3_B128,BITSHIFT,U(-1,1),1024,7168,7168,16x128x32_w4f2,SKIP,BN/WARPS != 16
F8_E4M3_B128,LUT,U(-1,1),1024,7168,7168,16x256x32_w4f4,SKIP,BN/WARPS != 16
F8_E4M3_B128,BITSHIFT,U(-1,1),1024,7168,7168,16x256x32_w4f4,SKIP,BN/WARPS != 16
F8_E4M3_B128,LUT,U(-1,1),1024,7168,7168,128x64x32_w4_v1,SKIP,no template
F8_E4M3_B128,BITSHIFT,U(-1,1),1024,7168,7168,128x64x32_w4_v1,SKIP,opt only LUT path
F8_E4M3_B128,LUT,U(-1,1),1024,7168,7168,128x128x32_w4_v1,SKIP,BN/WARPS != 16
F8_E4M3_B128,BITSHIFT,U(-1,1),1024,7168,7168,128x128x32_w4_v1,SKIP,BN/WARPS != 16
F8_E4M3_B128,LUT,U(-1,1),1024,7168,7168,128x256x32_w4_v1,SKIP,BN/WARPS != 16
F8_E4M3_B128,BITSHIFT,U(-1,1),1024,7168,7168,128x256x32_w4_v1,SKIP,BN/WARPS != 16
F8_E4M3_B128,LUT,U(-1,1),1024,7168,7168,128x256x32_w8_v1,SKIP,BN/WARPS != 16
F8_E4M3_B128,BITSHIFT,U(-1,1),1024,7168,7168,128x256x32_w8_v1,SKIP,BN/WARPS != 16
F8_E4M3_B128,LUT,U(-1,1),1024,7168,7168,64x64x32_w4_v1,SKIP,no template
F8_E4M3_B128,BITSHIFT,U(-1,1),1024,7168,7168,64x64x32_w4_v1,SKIP,opt only LUT path
F8_E4M3_B128,LUT,U(-1,1),1024,7168,7168,64x128x32_w4_v1,SKIP,BN/WARPS != 16
F8_E4M3_B128,BITSHIFT,U(-1,1),1024,7168,7168,64x128x32_w4_v1,SKIP,BN/WARPS != 16
F8_E4M3_B128,LUT,U(-1,1),1024,7168,7168,128x64x32_w4_v2,OK,ms=8.519,tflops=12.35,gbps=13.0,maxabs=2.631e-02,p99=1.321e-02,rel=1.846e-04
F8_E4M3_B128,BITSHIFT,U(-1,1),1024,7168,7168,128x64x32_w4_v2,SKIP,opt only LUT path
F8_E4M3_B128,LUT,U(-1,1),1024,7168,7168,128x128x32_w4_v2,SKIP,BN/WARPS != 16
F8_E4M3_B128,BITSHIFT,U(-1,1),1024,7168,7168,128x128x32_w4_v2,SKIP,BN/WARPS != 16
F8_E4M3_B128,LUT,U(-1,1),1024,7168,7168,128x256x32_w4_v2,SKIP,BN/WARPS != 16
F8_E4M3_B128,BITSHIFT,U(-1,1),1024,7168,7168,128x256x32_w4_v2,SKIP,BN/WARPS != 16
F8_E4M3_B128,LUT,U(-1,1),1024,7168,7168,128x256x32_w8_v2,SKIP,BN/WARPS != 16
F8_E4M3_B128,BITSHIFT,U(-1,1),1024,7168,7168,128x256x32_w8_v2,SKIP,BN/WARPS != 16
F8_E4M3_B128,LUT,U(-1,1),1024,7168,7168,64x64x32_w4_v2,OK,ms=12.221,tflops=8.61,gbps=9.0,maxabs=2.631e-02,p99=1.321e-02,rel=1.846e-04
F8_E4M3_B128,BITSHIFT,U(-1,1),1024,7168,7168,64x64x32_w4_v2,SKIP,opt only LUT path
F8_E4M3_B128,LUT,U(-1,1),1024,7168,7168,64x128x32_w4_v2,SKIP,BN/WARPS != 16
F8_E4M3_B128,BITSHIFT,U(-1,1),1024,7168,7168,64x128x32_w4_v2,SKIP,BN/WARPS != 16
F8_E4M3_B128,LUT,U(-1,1),1024,7168,7168,128x64x32_w4_v3,OK,ms=7.617,tflops=13.81,gbps=14.5,maxabs=2.631e-02,p99=1.321e-02,rel=1.846e-04
F8_E4M3_B128,BITSHIFT,U(-1,1),1024,7168,7168,128x64x32_w4_v3,SKIP,opt only LUT path
F8_E4M3_B128,LUT,U(-1,1),1024,7168,7168,128x128x32_w4_v3,SKIP,BN/WARPS != 16
F8_E4M3_B128,BITSHIFT,U(-1,1),1024,7168,7168,128x128x32_w4_v3,SKIP,BN/WARPS != 16
F8_E4M3_B128,LUT,U(-1,1),1024,7168,7168,128x256x32_w8_v3,SKIP,BN/WARPS != 16
F8_E4M3_B128,BITSHIFT,U(-1,1),1024,7168,7168,128x256x32_w8_v3,SKIP,BN/WARPS != 16
F8_E4M3_B128,LUT,U(-1,1),1024,7168,7168,64x64x32_w4_v3,OK,ms=8.147,tflops=12.92,gbps=13.6,maxabs=2.631e-02,p99=1.321e-02,rel=1.846e-04
F8_E4M3_B128,BITSHIFT,U(-1,1),1024,7168,7168,64x64x32_w4_v3,SKIP,opt only LUT path
F8_E4M3_B128,LUT,U(-1,1),1024,7168,7168,64x128x32_w4_v3,SKIP,BN/WARPS != 16
F8_E4M3_B128,BITSHIFT,U(-1,1),1024,7168,7168,64x128x32_w4_v3,SKIP,BN/WARPS != 16
F8_E4M3_B128,LUT,U(-1,1),1024,7168,7168,32x128x32_w4_v3_b1,SKIP,BN/WARPS != 16
F8_E4M3_B128,BITSHIFT,U(-1,1),1024,7168,7168,32x128x32_w4_v3_b1,SKIP,BN/WARPS != 16
F8_E4M3_B128,LUT,U(-1,1),1024,7168,7168,32x64x32_w4_v3_b1,OK,ms=11.354,tflops=9.27,gbps=9.7,maxabs=2.631e-02,p99=1.321e-02,rel=1.846e-04
F8_E4M3_B128,BITSHIFT,U(-1,1),1024,7168,7168,32x64x32_w4_v3_b1,SKIP,opt only LUT path
F8_E4M3_B128,LUT,U(-1,1),1024,7168,7168,32x256x32_w8_v3_b1,SKIP,BN/WARPS != 16
F8_E4M3_B128,BITSHIFT,U(-1,1),1024,7168,7168,32x256x32_w8_v3_b1,SKIP,BN/WARPS != 16
F8_E4M3_B128,LUT,U(-1,1),1024,7168,7168,128x128x32_w8_v3_b1alt,SKIP,no template
F8_E4M3_B128,BITSHIFT,U(-1,1),1024,7168,7168,128x128x32_w8_v3_b1alt,SKIP,opt only LUT path
F8_E4M3_B128,LUT,U(-1,1),1024,7168,7168,64x128x32_w8_v3_b1alt,SKIP,no template
F8_E4M3_B128,BITSHIFT,U(-1,1),1024,7168,7168,64x128x32_w8_v3_b1alt,SKIP,opt only LUT path
F8_E4M3_B128,LUT,U(-1,1),1024,7168,7168,128x64x32_w4_v4,OK,ms=7.758,tflops=13.56,gbps=14.2,maxabs=2.631e-02,p99=1.321e-02,rel=1.846e-04
F8_E4M3_B128,BITSHIFT,U(-1,1),1024,7168,7168,128x64x32_w4_v4,SKIP,opt only LUT path
F8_E4M3_B128,LUT,U(-1,1),1024,7168,7168,128x128x32_w4_v4,SKIP,BN/WARPS != 16
F8_E4M3_B128,BITSHIFT,U(-1,1),1024,7168,7168,128x128x32_w4_v4,SKIP,BN/WARPS != 16
F8_E4M3_B128,LUT,U(-1,1),1024,7168,7168,64x64x32_w4_v4,OK,ms=8.378,tflops=12.56,gbps=13.2,maxabs=2.631e-02,p99=1.321e-02,rel=1.846e-04
F8_E4M3_B128,BITSHIFT,U(-1,1),1024,7168,7168,64x64x32_w4_v4,SKIP,opt only LUT path
F8_E4M3_B128,LUT,U(-1,1),1024,7168,7168,64x128x32_w4_v4,SKIP,BN/WARPS != 16
F8_E4M3_B128,BITSHIFT,U(-1,1),1024,7168,7168,64x128x32_w4_v4,SKIP,BN/WARPS != 16
F8_E4M3_B128,LUT,U(-1,1),1024,7168,7168,128x64x32_w4_v5,OK,ms=10.785,tflops=9.76,gbps=10.2,maxabs=2.631e-02,p99=1.321e-02,rel=1.846e-04
F8_E4M3_B128,BITSHIFT,U(-1,1),1024,7168,7168,128x64x32_w4_v5,SKIP,opt only LUT path
F8_E4M3_B128,LUT,U(-1,1),1024,7168,7168,128x128x32_w4_v5,SKIP,BN/WARPS != 16
F8_E4M3_B128,BITSHIFT,U(-1,1),1024,7168,7168,128x128x32_w4_v5,SKIP,BN/WARPS != 16
F8_E4M3_B128,LUT,U(-1,1),1024,7168,7168,64x64x32_w4_v5,OK,ms=16.210,tflops=6.49,gbps=6.8,maxabs=2.631e-02,p99=1.321e-02,rel=1.846e-04
F8_E4M3_B128,BITSHIFT,U(-1,1),1024,7168,7168,64x64x32_w4_v5,SKIP,opt only LUT path
F8_E4M3_B128,LUT,U(-1,1),1024,7168,7168,64x128x32_w4_v5,SKIP,BN/WARPS != 16
F8_E4M3_B128,BITSHIFT,U(-1,1),1024,7168,7168,64x128x32_w4_v5,SKIP,BN/WARPS != 16
F8_E4M3_B128,LUT,U(-1,1),1024,7168,7168,128x128x64_w4_v6,SKIP,BN/WARPS != 16
F8_E4M3_B128,BITSHIFT,U(-1,1),1024,7168,7168,128x128x64_w4_v6,SKIP,BN/WARPS != 16
F8_E4M3_B128,LUT,U(-1,1),1024,7168,7168,128x64x64_w4_v6,SKIP,v6 only INT8 (A1 retry)
F8_E4M3_B128,BITSHIFT,U(-1,1),1024,7168,7168,128x64x64_w4_v6,SKIP,opt only LUT path
F8_E4M3_B128,LUT,U(-1,1),1024,7168,7168,64x128x64_w4_v6,SKIP,BN/WARPS != 16
F8_E4M3_B128,BITSHIFT,U(-1,1),1024,7168,7168,64x128x64_w4_v6,SKIP,BN/WARPS != 16
F8_E4M3_B128,LUT,U(-1,1),1024,7168,7168,64x64x64_w4_v6,SKIP,v6 only INT8 (A1 retry)
F8_E4M3_B128,BITSHIFT,U(-1,1),1024,7168,7168,64x64x64_w4_v6,SKIP,opt only LUT path
F8_E4M3_B128,LUT,U(-1,1),1024,7168,7168,64x128x32_w4_v7,SKIP,BN/WARPS != 16
F8_E4M3_B128,BITSHIFT,U(-1,1),1024,7168,7168,64x128x32_w4_v7,SKIP,BN/WARPS != 16
F8_E4M3_B128,LUT,U(-1,1),1024,7168,7168,64x64x32_w4_v7,SKIP,v7 only INT8 (B3 triple-buffer)
F8_E4M3_B128,BITSHIFT,U(-1,1),1024,7168,7168,64x64x32_w4_v7,SKIP,opt only LUT path
F8_E4M3_B128,LUT,U(-1,1),1024,7168,7168,32x128x32_w4_v7,SKIP,BN/WARPS != 16
F8_E4M3_B128,BITSHIFT,U(-1,1),1024,7168,7168,32x128x32_w4_v7,SKIP,BN/WARPS != 16
F8_E4M3_B128,LUT,U(-1,1),1024,7168,7168,32x64x32_w4_v7,SKIP,v7 only INT8 (B3 triple-buffer)
F8_E4M3_B128,BITSHIFT,U(-1,1),1024,7168,7168,32x64x32_w4_v7,SKIP,opt only LUT path
F8_E4M3_B128,LUT,U(-1,1),2048,7168,7168,16x64x32_w4,OK,ms=52.213,tflops=4.03,gbps=3.2,maxabs=2.790e-02,p99=1.309e-02,rel=1.846e-04
F8_E4M3_B128,BITSHIFT,U(-1,1),2048,7168,7168,16x64x32_w4,OK,ms=66.133,tflops=3.18,gbps=2.6,maxabs=2.789e-02,p99=1.309e-02,rel=1.846e-04
F8_E4M3_B128,LUT,U(-1,1),2048,7168,7168,16x128x32_w8,OK,ms=59.152,tflops=3.56,gbps=2.9,maxabs=2.790e-02,p99=1.309e-02,rel=1.846e-04
F8_E4M3_B128,BITSHIFT,U(-1,1),2048,7168,7168,16x128x32_w8,OK,ms=71.701,tflops=2.94,gbps=2.4,maxabs=2.789e-02,p99=1.309e-02,rel=1.846e-04
F8_E4M3_B128,LUT,U(-1,1),2048,7168,7168,16x128x32_w4f2,SKIP,BN/WARPS != 16
F8_E4M3_B128,BITSHIFT,U(-1,1),2048,7168,7168,16x128x32_w4f2,SKIP,BN/WARPS != 16
F8_E4M3_B128,LUT,U(-1,1),2048,7168,7168,16x256x32_w4f4,SKIP,BN/WARPS != 16
F8_E4M3_B128,BITSHIFT,U(-1,1),2048,7168,7168,16x256x32_w4f4,SKIP,BN/WARPS != 16
F8_E4M3_B128,LUT,U(-1,1),2048,7168,7168,128x64x32_w4_v1,SKIP,no template
F8_E4M3_B128,BITSHIFT,U(-1,1),2048,7168,7168,128x64x32_w4_v1,SKIP,opt only LUT path
F8_E4M3_B128,LUT,U(-1,1),2048,7168,7168,128x128x32_w4_v1,SKIP,BN/WARPS != 16
F8_E4M3_B128,BITSHIFT,U(-1,1),2048,7168,7168,128x128x32_w4_v1,SKIP,BN/WARPS != 16
F8_E4M3_B128,LUT,U(-1,1),2048,7168,7168,128x256x32_w4_v1,SKIP,BN/WARPS != 16
F8_E4M3_B128,BITSHIFT,U(-1,1),2048,7168,7168,128x256x32_w4_v1,SKIP,BN/WARPS != 16
F8_E4M3_B128,LUT,U(-1,1),2048,7168,7168,128x256x32_w8_v1,SKIP,BN/WARPS != 16
F8_E4M3_B128,BITSHIFT,U(-1,1),2048,7168,7168,128x256x32_w8_v1,SKIP,BN/WARPS != 16
F8_E4M3_B128,LUT,U(-1,1),2048,7168,7168,64x64x32_w4_v1,SKIP,no template
F8_E4M3_B128,BITSHIFT,U(-1,1),2048,7168,7168,64x64x32_w4_v1,SKIP,opt only LUT path
F8_E4M3_B128,LUT,U(-1,1),2048,7168,7168,64x128x32_w4_v1,SKIP,BN/WARPS != 16
F8_E4M3_B128,BITSHIFT,U(-1,1),2048,7168,7168,64x128x32_w4_v1,SKIP,BN/WARPS != 16
F8_E4M3_B128,LUT,U(-1,1),2048,7168,7168,128x64x32_w4_v2,OK,ms=17.109,tflops=12.30,gbps=9.9,maxabs=2.790e-02,p99=1.309e-02,rel=1.846e-04
F8_E4M3_B128,BITSHIFT,U(-1,1),2048,7168,7168,128x64x32_w4_v2,SKIP,opt only LUT path
F8_E4M3_B128,LUT,U(-1,1),2048,7168,7168,128x128x32_w4_v2,SKIP,BN/WARPS != 16
F8_E4M3_B128,BITSHIFT,U(-1,1),2048,7168,7168,128x128x32_w4_v2,SKIP,BN/WARPS != 16
F8_E4M3_B128,LUT,U(-1,1),2048,7168,7168,128x256x32_w4_v2,SKIP,BN/WARPS != 16
F8_E4M3_B128,BITSHIFT,U(-1,1),2048,7168,7168,128x256x32_w4_v2,SKIP,BN/WARPS != 16
F8_E4M3_B128,LUT,U(-1,1),2048,7168,7168,128x256x32_w8_v2,SKIP,BN/WARPS != 16
F8_E4M3_B128,BITSHIFT,U(-1,1),2048,7168,7168,128x256x32_w8_v2,SKIP,BN/WARPS != 16
F8_E4M3_B128,LUT,U(-1,1),2048,7168,7168,64x64x32_w4_v2,OK,ms=21.835,tflops=9.64,gbps=7.7,maxabs=2.790e-02,p99=1.309e-02,rel=1.846e-04
F8_E4M3_B128,BITSHIFT,U(-1,1),2048,7168,7168,64x64x32_w4_v2,SKIP,opt only LUT path
F8_E4M3_B128,LUT,U(-1,1),2048,7168,7168,64x128x32_w4_v2,SKIP,BN/WARPS != 16
F8_E4M3_B128,BITSHIFT,U(-1,1),2048,7168,7168,64x128x32_w4_v2,SKIP,BN/WARPS != 16
F8_E4M3_B128,LUT,U(-1,1),2048,7168,7168,128x64x32_w4_v3,OK,ms=15.119,tflops=13.92,gbps=11.2,maxabs=2.790e-02,p99=1.309e-02,rel=1.846e-04
F8_E4M3_B128,BITSHIFT,U(-1,1),2048,7168,7168,128x64x32_w4_v3,SKIP,opt only LUT path
F8_E4M3_B128,LUT,U(-1,1),2048,7168,7168,128x128x32_w4_v3,SKIP,BN/WARPS != 16
F8_E4M3_B128,BITSHIFT,U(-1,1),2048,7168,7168,128x128x32_w4_v3,SKIP,BN/WARPS != 16
F8_E4M3_B128,LUT,U(-1,1),2048,7168,7168,128x256x32_w8_v3,SKIP,BN/WARPS != 16
F8_E4M3_B128,BITSHIFT,U(-1,1),2048,7168,7168,128x256x32_w8_v3,SKIP,BN/WARPS != 16
F8_E4M3_B128,LUT,U(-1,1),2048,7168,7168,64x64x32_w4_v3,OK,ms=14.502,tflops=14.51,gbps=11.7,maxabs=2.790e-02,p99=1.309e-02,rel=1.846e-04
F8_E4M3_B128,BITSHIFT,U(-1,1),2048,7168,7168,64x64x32_w4_v3,SKIP,opt only LUT path
F8_E4M3_B128,LUT,U(-1,1),2048,7168,7168,64x128x32_w4_v3,SKIP,BN/WARPS != 16
F8_E4M3_B128,BITSHIFT,U(-1,1),2048,7168,7168,64x128x32_w4_v3,SKIP,BN/WARPS != 16
F8_E4M3_B128,LUT,U(-1,1),2048,7168,7168,32x128x32_w4_v3_b1,SKIP,BN/WARPS != 16
F8_E4M3_B128,BITSHIFT,U(-1,1),2048,7168,7168,32x128x32_w4_v3_b1,SKIP,BN/WARPS != 16
F8_E4M3_B128,LUT,U(-1,1),2048,7168,7168,32x64x32_w4_v3_b1,OK,ms=21.374,tflops=9.85,gbps=7.9,maxabs=2.790e-02,p99=1.309e-02,rel=1.846e-04
F8_E4M3_B128,BITSHIFT,U(-1,1),2048,7168,7168,32x64x32_w4_v3_b1,SKIP,opt only LUT path
F8_E4M3_B128,LUT,U(-1,1),2048,7168,7168,32x256x32_w8_v3_b1,SKIP,BN/WARPS != 16
F8_E4M3_B128,BITSHIFT,U(-1,1),2048,7168,7168,32x256x32_w8_v3_b1,SKIP,BN/WARPS != 16
F8_E4M3_B128,LUT,U(-1,1),2048,7168,7168,128x128x32_w8_v3_b1alt,SKIP,no template
F8_E4M3_B128,BITSHIFT,U(-1,1),2048,7168,7168,128x128x32_w8_v3_b1alt,SKIP,opt only LUT path
F8_E4M3_B128,LUT,U(-1,1),2048,7168,7168,64x128x32_w8_v3_b1alt,SKIP,no template
F8_E4M3_B128,BITSHIFT,U(-1,1),2048,7168,7168,64x128x32_w8_v3_b1alt,SKIP,opt only LUT path
F8_E4M3_B128,LUT,U(-1,1),2048,7168,7168,128x64x32_w4_v4,OK,ms=15.423,tflops=13.65,gbps=11.0,maxabs=2.790e-02,p99=1.309e-02,rel=1.846e-04
F8_E4M3_B128,BITSHIFT,U(-1,1),2048,7168,7168,128x64x32_w4_v4,SKIP,opt only LUT path
F8_E4M3_B128,LUT,U(-1,1),2048,7168,7168,128x128x32_w4_v4,SKIP,BN/WARPS != 16
F8_E4M3_B128,BITSHIFT,U(-1,1),2048,7168,7168,128x128x32_w4_v4,SKIP,BN/WARPS != 16
F8_E4M3_B128,LUT,U(-1,1),2048,7168,7168,64x64x32_w4_v4,OK,ms=14.980,tflops=14.05,gbps=11.3,maxabs=2.790e-02,p99=1.309e-02,rel=1.846e-04
F8_E4M3_B128,BITSHIFT,U(-1,1),2048,7168,7168,64x64x32_w4_v4,SKIP,opt only LUT path
F8_E4M3_B128,LUT,U(-1,1),2048,7168,7168,64x128x32_w4_v4,SKIP,BN/WARPS != 16
F8_E4M3_B128,BITSHIFT,U(-1,1),2048,7168,7168,64x128x32_w4_v4,SKIP,BN/WARPS != 16
F8_E4M3_B128,LUT,U(-1,1),2048,7168,7168,128x64x32_w4_v5,OK,ms=21.471,tflops=9.80,gbps=7.9,maxabs=2.790e-02,p99=1.309e-02,rel=1.846e-04
F8_E4M3_B128,BITSHIFT,U(-1,1),2048,7168,7168,128x64x32_w4_v5,SKIP,opt only LUT path
F8_E4M3_B128,LUT,U(-1,1),2048,7168,7168,128x128x32_w4_v5,SKIP,BN/WARPS != 16
F8_E4M3_B128,BITSHIFT,U(-1,1),2048,7168,7168,128x128x32_w4_v5,SKIP,BN/WARPS != 16
F8_E4M3_B128,LUT,U(-1,1),2048,7168,7168,64x64x32_w4_v5,OK,ms=31.090,tflops=6.77,gbps=5.4,maxabs=2.790e-02,p99=1.309e-02,rel=1.846e-04
F8_E4M3_B128,BITSHIFT,U(-1,1),2048,7168,7168,64x64x32_w4_v5,SKIP,opt only LUT path
F8_E4M3_B128,LUT,U(-1,1),2048,7168,7168,64x128x32_w4_v5,SKIP,BN/WARPS != 16
F8_E4M3_B128,BITSHIFT,U(-1,1),2048,7168,7168,64x128x32_w4_v5,SKIP,BN/WARPS != 16
F8_E4M3_B128,LUT,U(-1,1),2048,7168,7168,128x128x64_w4_v6,SKIP,BN/WARPS != 16
F8_E4M3_B128,BITSHIFT,U(-1,1),2048,7168,7168,128x128x64_w4_v6,SKIP,BN/WARPS != 16
F8_E4M3_B128,LUT,U(-1,1),2048,7168,7168,128x64x64_w4_v6,SKIP,v6 only INT8 (A1 retry)
F8_E4M3_B128,BITSHIFT,U(-1,1),2048,7168,7168,128x64x64_w4_v6,SKIP,opt only LUT path
F8_E4M3_B128,LUT,U(-1,1),2048,7168,7168,64x128x64_w4_v6,SKIP,BN/WARPS != 16
F8_E4M3_B128,BITSHIFT,U(-1,1),2048,7168,7168,64x128x64_w4_v6,SKIP,BN/WARPS != 16
F8_E4M3_B128,LUT,U(-1,1),2048,7168,7168,64x64x64_w4_v6,SKIP,v6 only INT8 (A1 retry)
F8_E4M3_B128,BITSHIFT,U(-1,1),2048,7168,7168,64x64x64_w4_v6,SKIP,opt only LUT path
F8_E4M3_B128,LUT,U(-1,1),2048,7168,7168,64x128x32_w4_v7,SKIP,BN/WARPS != 16
F8_E4M3_B128,BITSHIFT,U(-1,1),2048,7168,7168,64x128x32_w4_v7,SKIP,BN/WARPS != 16
F8_E4M3_B128,LUT,U(-1,1),2048,7168,7168,64x64x32_w4_v7,SKIP,v7 only INT8 (B3 triple-buffer)
F8_E4M3_B128,BITSHIFT,U(-1,1),2048,7168,7168,64x64x32_w4_v7,SKIP,opt only LUT path
F8_E4M3_B128,LUT,U(-1,1),2048,7168,7168,32x128x32_w4_v7,SKIP,BN/WARPS != 16
F8_E4M3_B128,BITSHIFT,U(-1,1),2048,7168,7168,32x128x32_w4_v7,SKIP,BN/WARPS != 16
F8_E4M3_B128,LUT,U(-1,1),2048,7168,7168,32x64x32_w4_v7,SKIP,v7 only INT8 (B3 triple-buffer)
F8_E4M3_B128,BITSHIFT,U(-1,1),2048,7168,7168,32x64x32_w4_v7,SKIP,opt only LUT path
