device: Tesla V100-SXM2-32GB, cc=7.0, smem=48KiB/cta

=== cuBLAS FP16 GEMM ceiling (V100 TC peak target 125 TFLOPS) ===
format,path,dist,M,N,K,tile,status,detail
CUBLAS_FP16,REF,U(-1,1),1,4096,4096,cublas,OK,ms=0.075,tflops=0.45,gbps=447.5,maxabs=0.0e+0,p99=0.0e+0,rel=0.0e+0
CUBLAS_FP16,REF,U(-1,1),8,4096,4096,cublas,OK,ms=0.069,tflops=3.87,gbps=486.1,maxabs=0.0e+0,p99=0.0e+0,rel=0.0e+0
CUBLAS_FP16,REF,U(-1,1),16,4096,4096,cublas,OK,ms=0.070,tflops=7.68,gbps=483.9,maxabs=0.0e+0,p99=0.0e+0,rel=0.0e+0
CUBLAS_FP16,REF,U(-1,1),32,4096,4096,cublas,OK,ms=0.075,tflops=14.25,gbps=452.2,maxabs=0.0e+0,p99=0.0e+0,rel=0.0e+0
CUBLAS_FP16,REF,U(-1,1),64,4096,4096,cublas,OK,ms=0.122,tflops=17.61,gbps=283.8,maxabs=0.0e+0,p99=0.0e+0,rel=0.0e+0
CUBLAS_FP16,REF,U(-1,1),128,4096,4096,cublas,OK,ms=0.103,tflops=41.63,gbps=345.6,maxabs=0.0e+0,p99=0.0e+0,rel=0.0e+0
CUBLAS_FP16,REF,U(-1,1),256,4096,4096,cublas,OK,ms=0.148,tflops=58.22,gbps=255.8,maxabs=0.0e+0,p99=0.0e+0,rel=0.0e+0
CUBLAS_FP16,REF,U(-1,1),512,4096,4096,cublas,OK,ms=0.248,tflops=69.38,gbps=169.4,maxabs=0.0e+0,p99=0.0e+0,rel=0.0e+0
CUBLAS_FP16,REF,U(-1,1),1024,4096,4096,cublas,OK,ms=0.514,tflops=66.88,gbps=98.0,maxabs=0.0e+0,p99=0.0e+0,rel=0.0e+0
CUBLAS_FP16,REF,U(-1,1),2048,4096,4096,cublas,OK,ms=0.833,tflops=82.54,gbps=80.6,maxabs=0.0e+0,p99=0.0e+0,rel=0.0e+0
CUBLAS_FP16,REF,U(-1,1),1,7168,7168,cublas,OK,ms=0.199,tflops=0.52,gbps=517.7,maxabs=0.0e+0,p99=0.0e+0,rel=0.0e+0
CUBLAS_FP16,REF,U(-1,1),8,7168,7168,cublas,OK,ms=0.232,tflops=3.55,gbps=444.6,maxabs=0.0e+0,p99=0.0e+0,rel=0.0e+0
CUBLAS_FP16,REF,U(-1,1),16,7168,7168,cublas,OK,ms=0.233,tflops=7.07,gbps=443.7,maxabs=0.0e+0,p99=0.0e+0,rel=0.0e+0
CUBLAS_FP16,REF,U(-1,1),32,7168,7168,cublas,OK,ms=0.228,tflops=14.44,gbps=455.2,maxabs=0.0e+0,p99=0.0e+0,rel=0.0e+0
CUBLAS_FP16,REF,U(-1,1),64,7168,7168,cublas,OK,ms=0.351,tflops=18.73,gbps=297.9,maxabs=0.0e+0,p99=0.0e+0,rel=0.0e+0
CUBLAS_FP16,REF,U(-1,1),128,7168,7168,cublas,OK,ms=0.398,tflops=33.09,gbps=267.7,maxabs=0.0e+0,p99=0.0e+0,rel=0.0e+0
CUBLAS_FP16,REF,U(-1,1),256,7168,7168,cublas,OK,ms=0.487,tflops=54.04,gbps=226.2,maxabs=0.0e+0,p99=0.0e+0,rel=0.0e+0
CUBLAS_FP16,REF,U(-1,1),512,7168,7168,cublas,OK,ms=0.695,tflops=75.71,gbps=169.0,maxabs=0.0e+0,p99=0.0e+0,rel=0.0e+0
CUBLAS_FP16,REF,U(-1,1),1024,7168,7168,cublas,OK,ms=1.244,tflops=84.56,gbps=106.2,maxabs=0.0e+0,p99=0.0e+0,rel=0.0e+0
CUBLAS_FP16,REF,U(-1,1),2048,7168,7168,cublas,OK,ms=2.461,tflops=85.51,gbps=65.6,maxabs=0.0e+0,p99=0.0e+0,rel=0.0e+0
INT8,LUT,U(-1,1),1,4096,4096,16x64x32_w4,OK,ms=0.782,tflops=0.04,gbps=22.8,maxabs=1.897e-02,p99=1.446e-02,rel=2.592e-04
INT8,BITSHIFT,U(-1,1),1,4096,4096,16x64x32_w4,OK,ms=0.475,tflops=0.07,gbps=37.6,maxabs=1.308e-02,p99=9.962e-03,rel=1.834e-04
INT8,LUT,U(-1,1),1,4096,4096,16x64x64_w4,OK,ms=0.948,tflops=0.04,gbps=18.8,maxabs=1.897e-02,p99=1.446e-02,rel=2.592e-04
INT8,BITSHIFT,U(-1,1),1,4096,4096,16x64x64_w4,OK,ms=0.534,tflops=0.06,gbps=33.4,maxabs=1.308e-02,p99=9.962e-03,rel=1.834e-04
INT8,LUT,U(-1,1),1,4096,4096,16x128x32_w8,OK,ms=0.838,tflops=0.04,gbps=21.3,maxabs=1.897e-02,p99=1.446e-02,rel=2.592e-04
INT8,BITSHIFT,U(-1,1),1,4096,4096,16x128x32_w8,OK,ms=0.568,tflops=0.06,gbps=31.4,maxabs=1.308e-02,p99=9.962e-03,rel=1.834e-04
INT8,LUT,U(-1,1),1,4096,4096,16x128x64_w8,OK,ms=1.029,tflops=0.03,gbps=17.4,maxabs=1.897e-02,p99=1.446e-02,rel=2.592e-04
INT8,BITSHIFT,U(-1,1),1,4096,4096,16x128x64_w8,OK,ms=0.648,tflops=0.05,gbps=27.6,maxabs=1.308e-02,p99=9.962e-03,rel=1.834e-04
INT8,LUT,U(-1,1),1,4096,4096,16x128x32_w4f2,OK,ms=1.461,tflops=0.02,gbps=12.2,maxabs=1.897e-02,p99=1.446e-02,rel=2.592e-04
INT8,BITSHIFT,U(-1,1),1,4096,4096,16x128x32_w4f2,SKIP,MF path-B not implemented
INT8,LUT,U(-1,1),1,4096,4096,16x128x64_w4f2,OK,ms=1.753,tflops=0.02,gbps=10.2,maxabs=1.897e-02,p99=1.446e-02,rel=2.592e-04
INT8,BITSHIFT,U(-1,1),1,4096,4096,16x128x64_w4f2,SKIP,MF path-B not implemented
INT8,LUT,U(-1,1),1,4096,4096,16x256x32_w4f4,OK,ms=2.756,tflops=0.01,gbps=6.5,maxabs=1.897e-02,p99=1.446e-02,rel=2.592e-04
INT8,BITSHIFT,U(-1,1),1,4096,4096,16x256x32_w4f4,SKIP,MF path-B not implemented
INT8,LUT,U(-1,1),1,4096,4096,16x256x64_w4f4,OK,ms=3.364,tflops=0.01,gbps=5.3,maxabs=1.897e-02,p99=1.446e-02,rel=2.592e-04
INT8,BITSHIFT,U(-1,1),1,4096,4096,16x256x64_w4f4,SKIP,MF path-B not implemented
INT8,LUT,U(-1,1),1,4096,4096,16x256x32_w8f2,OK,ms=1.500,tflops=0.02,gbps=11.9,maxabs=1.897e-02,p99=1.446e-02,rel=2.592e-04
INT8,BITSHIFT,U(-1,1),1,4096,4096,16x256x32_w8f2,SKIP,MF path-B not implemented
INT8,LUT,U(-1,1),1,4096,4096,16x512x32_w8f4,OK,ms=2.760,tflops=0.01,gbps=6.5,maxabs=1.897e-02,p99=1.446e-02,rel=2.592e-04
INT8,BITSHIFT,U(-1,1),1,4096,4096,16x512x32_w8f4,SKIP,MF path-B not implemented
INT8,LUT,U(-1,1),8,4096,4096,16x64x32_w4,OK,ms=0.752,tflops=0.36,gbps=24.0,maxabs=5.875e-04,p99=1.488e-04,rel=1.540e-06
INT8,BITSHIFT,U(-1,1),8,4096,4096,16x64x32_w4,OK,ms=0.531,tflops=0.51,gbps=34.0,maxabs=1.643e-02,p99=1.008e-02,rel=1.827e-04
INT8,LUT,U(-1,1),8,4096,4096,16x64x64_w4,OK,ms=0.908,tflops=0.30,gbps=19.9,maxabs=5.875e-04,p99=1.488e-04,rel=1.540e-06
INT8,BITSHIFT,U(-1,1),8,4096,4096,16x64x64_w4,OK,ms=0.590,tflops=0.45,gbps=30.6,maxabs=1.643e-02,p99=1.008e-02,rel=1.827e-04
INT8,LUT,U(-1,1),8,4096,4096,16x128x32_w8,OK,ms=0.812,tflops=0.33,gbps=22.3,maxabs=5.875e-04,p99=1.488e-04,rel=1.540e-06
INT8,BITSHIFT,U(-1,1),8,4096,4096,16x128x32_w8,OK,ms=0.650,tflops=0.41,gbps=27.8,maxabs=1.643e-02,p99=1.008e-02,rel=1.827e-04
INT8,LUT,U(-1,1),8,4096,4096,16x128x64_w8,OK,ms=1.000,tflops=0.27,gbps=18.1,maxabs=5.875e-04,p99=1.488e-04,rel=1.540e-06
INT8,BITSHIFT,U(-1,1),8,4096,4096,16x128x64_w8,OK,ms=0.728,tflops=0.37,gbps=24.9,maxabs=1.643e-02,p99=1.008e-02,rel=1.827e-04
INT8,LUT,U(-1,1),8,4096,4096,16x128x32_w4f2,OK,ms=1.389,tflops=0.19,gbps=13.0,maxabs=5.875e-04,p99=1.488e-04,rel=1.540e-06
INT8,BITSHIFT,U(-1,1),8,4096,4096,16x128x32_w4f2,SKIP,MF path-B not implemented
INT8,LUT,U(-1,1),8,4096,4096,16x128x64_w4f2,OK,ms=1.688,tflops=0.16,gbps=10.7,maxabs=5.875e-04,p99=1.488e-04,rel=1.540e-06
INT8,BITSHIFT,U(-1,1),8,4096,4096,16x128x64_w4f2,SKIP,MF path-B not implemented
INT8,LUT,U(-1,1),8,4096,4096,16x256x32_w4f4,OK,ms=2.623,tflops=0.10,gbps=6.9,maxabs=5.875e-04,p99=1.488e-04,rel=1.540e-06
INT8,BITSHIFT,U(-1,1),8,4096,4096,16x256x32_w4f4,SKIP,MF path-B not implemented
INT8,LUT,U(-1,1),8,4096,4096,16x256x64_w4f4,OK,ms=3.258,tflops=0.08,gbps=5.6,maxabs=5.875e-04,p99=1.488e-04,rel=1.540e-06
INT8,BITSHIFT,U(-1,1),8,4096,4096,16x256x64_w4f4,SKIP,MF path-B not implemented
INT8,LUT,U(-1,1),8,4096,4096,16x256x32_w8f2,OK,ms=1.504,tflops=0.18,gbps=12.0,maxabs=5.875e-04,p99=1.488e-04,rel=1.540e-06
INT8,BITSHIFT,U(-1,1),8,4096,4096,16x256x32_w8f2,SKIP,MF path-B not implemented
INT8,LUT,U(-1,1),8,4096,4096,16x512x32_w8f4,OK,ms=2.774,tflops=0.10,gbps=6.5,maxabs=5.875e-04,p99=1.488e-04,rel=1.540e-06
INT8,BITSHIFT,U(-1,1),8,4096,4096,16x512x32_w8f4,SKIP,MF path-B not implemented
INT8,LUT,U(-1,1),16,4096,4096,16x64x32_w4,OK,ms=0.753,tflops=0.71,gbps=24.4,maxabs=5.875e-04,p99=1.507e-04,rel=1.537e-06
INT8,BITSHIFT,U(-1,1),16,4096,4096,16x64x32_w4,OK,ms=0.654,tflops=0.82,gbps=28.0,maxabs=1.643e-02,p99=1.011e-02,rel=1.826e-04
INT8,LUT,U(-1,1),16,4096,4096,16x64x64_w4,OK,ms=0.916,tflops=0.59,gbps=20.0,maxabs=5.875e-04,p99=1.507e-04,rel=1.537e-06
INT8,BITSHIFT,U(-1,1),16,4096,4096,16x64x64_w4,OK,ms=0.729,tflops=0.74,gbps=25.2,maxabs=1.643e-02,p99=1.011e-02,rel=1.826e-04
INT8,LUT,U(-1,1),16,4096,4096,16x128x32_w8,OK,ms=0.831,tflops=0.65,gbps=22.1,maxabs=5.875e-04,p99=1.507e-04,rel=1.537e-06
INT8,BITSHIFT,U(-1,1),16,4096,4096,16x128x32_w8,OK,ms=0.806,tflops=0.67,gbps=22.8,maxabs=1.643e-02,p99=1.011e-02,rel=1.826e-04
INT8,LUT,U(-1,1),16,4096,4096,16x128x64_w8,OK,ms=1.001,tflops=0.54,gbps=18.3,maxabs=5.875e-04,p99=1.507e-04,rel=1.537e-06
INT8,BITSHIFT,U(-1,1),16,4096,4096,16x128x64_w8,OK,ms=0.856,tflops=0.63,gbps=21.4,maxabs=1.643e-02,p99=1.011e-02,rel=1.826e-04
INT8,LUT,U(-1,1),16,4096,4096,16x128x32_w4f2,OK,ms=1.393,tflops=0.39,gbps=13.2,maxabs=5.875e-04,p99=1.507e-04,rel=1.537e-06
INT8,BITSHIFT,U(-1,1),16,4096,4096,16x128x32_w4f2,SKIP,MF path-B not implemented
INT8,LUT,U(-1,1),16,4096,4096,16x128x64_w4f2,OK,ms=1.694,tflops=0.32,gbps=10.8,maxabs=5.875e-04,p99=1.507e-04,rel=1.537e-06
INT8,BITSHIFT,U(-1,1),16,4096,4096,16x128x64_w4f2,SKIP,MF path-B not implemented
INT8,LUT,U(-1,1),16,4096,4096,16x256x32_w4f4,OK,ms=2.627,tflops=0.20,gbps=7.0,maxabs=5.875e-04,p99=1.507e-04,rel=1.537e-06
INT8,BITSHIFT,U(-1,1),16,4096,4096,16x256x32_w4f4,SKIP,MF path-B not implemented
INT8,LUT,U(-1,1),16,4096,4096,16x256x64_w4f4,OK,ms=3.265,tflops=0.16,gbps=5.6,maxabs=5.875e-04,p99=1.507e-04,rel=1.537e-06
INT8,BITSHIFT,U(-1,1),16,4096,4096,16x256x64_w4f4,SKIP,MF path-B not implemented
INT8,LUT,U(-1,1),16,4096,4096,16x256x32_w8f2,OK,ms=1.513,tflops=0.35,gbps=12.1,maxabs=5.875e-04,p99=1.507e-04,rel=1.537e-06
INT8,BITSHIFT,U(-1,1),16,4096,4096,16x256x32_w8f2,SKIP,MF path-B not implemented
INT8,LUT,U(-1,1),16,4096,4096,16x512x32_w8f4,OK,ms=2.808,tflops=0.19,gbps=6.5,maxabs=5.875e-04,p99=1.507e-04,rel=1.537e-06
INT8,BITSHIFT,U(-1,1),16,4096,4096,16x512x32_w8f4,SKIP,MF path-B not implemented
INT8,LUT,U(-1,1),32,4096,4096,16x64x32_w4,OK,ms=0.761,tflops=1.41,gbps=24.8,maxabs=5.875e-04,p99=1.526e-04,rel=1.549e-06
INT8,BITSHIFT,U(-1,1),32,4096,4096,16x64x32_w4,OK,ms=0.742,tflops=1.45,gbps=25.4,maxabs=1.858e-02,p99=1.003e-02,rel=1.824e-04
INT8,LUT,U(-1,1),32,4096,4096,16x64x64_w4,OK,ms=0.922,tflops=1.16,gbps=20.5,maxabs=5.875e-04,p99=1.526e-04,rel=1.549e-06
INT8,BITSHIFT,U(-1,1),32,4096,4096,16x64x64_w4,OK,ms=0.829,tflops=1.30,gbps=22.8,maxabs=1.858e-02,p99=1.003e-02,rel=1.824e-04
INT8,LUT,U(-1,1),32,4096,4096,16x128x32_w8,OK,ms=0.810,tflops=1.32,gbps=23.3,maxabs=5.875e-04,p99=1.526e-04,rel=1.549e-06
INT8,BITSHIFT,U(-1,1),32,4096,4096,16x128x32_w8,OK,ms=0.800,tflops=1.34,gbps=23.6,maxabs=1.858e-02,p99=1.003e-02,rel=1.824e-04
INT8,LUT,U(-1,1),32,4096,4096,16x128x64_w8,OK,ms=0.977,tflops=1.10,gbps=19.3,maxabs=5.875e-04,p99=1.526e-04,rel=1.549e-06
INT8,BITSHIFT,U(-1,1),32,4096,4096,16x128x64_w8,OK,ms=0.843,tflops=1.27,gbps=22.4,maxabs=1.858e-02,p99=1.003e-02,rel=1.824e-04
INT8,LUT,U(-1,1),32,4096,4096,16x128x32_w4f2,OK,ms=1.381,tflops=0.78,gbps=13.7,maxabs=5.875e-04,p99=1.526e-04,rel=1.549e-06
INT8,BITSHIFT,U(-1,1),32,4096,4096,16x128x32_w4f2,SKIP,MF path-B not implemented
INT8,LUT,U(-1,1),32,4096,4096,16x128x64_w4f2,OK,ms=1.674,tflops=0.64,gbps=11.3,maxabs=5.875e-04,p99=1.526e-04,rel=1.549e-06
INT8,BITSHIFT,U(-1,1),32,4096,4096,16x128x64_w4f2,SKIP,MF path-B not implemented
INT8,LUT,U(-1,1),32,4096,4096,16x256x32_w4f4,OK,ms=2.558,tflops=0.42,gbps=7.4,maxabs=5.875e-04,p99=1.526e-04,rel=1.549e-06
INT8,BITSHIFT,U(-1,1),32,4096,4096,16x256x32_w4f4,SKIP,MF path-B not implemented
INT8,LUT,U(-1,1),32,4096,4096,16x256x64_w4f4,OK,ms=3.242,tflops=0.33,gbps=5.8,maxabs=5.875e-04,p99=1.526e-04,rel=1.549e-06
INT8,BITSHIFT,U(-1,1),32,4096,4096,16x256x64_w4f4,SKIP,MF path-B not implemented
INT8,LUT,U(-1,1),32,4096,4096,16x256x32_w8f2,OK,ms=1.487,tflops=0.72,gbps=12.7,maxabs=5.875e-04,p99=1.526e-04,rel=1.549e-06
INT8,BITSHIFT,U(-1,1),32,4096,4096,16x256x32_w8f2,SKIP,MF path-B not implemented
INT8,LUT,U(-1,1),32,4096,4096,16x512x32_w8f4,OK,ms=2.755,tflops=0.39,gbps=6.9,maxabs=5.875e-04,p99=1.526e-04,rel=1.549e-06
INT8,BITSHIFT,U(-1,1),32,4096,4096,16x512x32_w8f4,SKIP,MF path-B not implemented
INT8,LUT,U(-1,1),64,4096,4096,16x64x32_w4,OK,ms=0.797,tflops=2.69,gbps=25.0,maxabs=5.951e-04,p99=1.526e-04,rel=1.547e-06
INT8,BITSHIFT,U(-1,1),64,4096,4096,16x64x32_w4,OK,ms=0.994,tflops=2.16,gbps=20.0,maxabs=1.858e-02,p99=1.003e-02,rel=1.825e-04
INT8,LUT,U(-1,1),64,4096,4096,16x64x64_w4,OK,ms=1.011,tflops=2.12,gbps=19.7,maxabs=5.951e-04,p99=1.526e-04,rel=1.547e-06
INT8,BITSHIFT,U(-1,1),64,4096,4096,16x64x64_w4,OK,ms=1.167,tflops=1.84,gbps=17.1,maxabs=1.858e-02,p99=1.003e-02,rel=1.825e-04
INT8,LUT,U(-1,1),64,4096,4096,16x128x32_w8,OK,ms=0.825,tflops=2.60,gbps=24.1,maxabs=5.951e-04,p99=1.526e-04,rel=1.547e-06
INT8,BITSHIFT,U(-1,1),64,4096,4096,16x128x32_w8,OK,ms=1.059,tflops=2.03,gbps=18.8,maxabs=1.858e-02,p99=1.003e-02,rel=1.825e-04
INT8,LUT,U(-1,1),64,4096,4096,16x128x64_w8,OK,ms=0.990,tflops=2.17,gbps=20.1,maxabs=5.951e-04,p99=1.526e-04,rel=1.547e-06
INT8,BITSHIFT,U(-1,1),64,4096,4096,16x128x64_w8,OK,ms=1.227,tflops=1.75,gbps=16.2,maxabs=1.858e-02,p99=1.003e-02,rel=1.825e-04
INT8,LUT,U(-1,1),64,4096,4096,16x128x32_w4f2,OK,ms=1.377,tflops=1.56,gbps=14.5,maxabs=5.951e-04,p99=1.526e-04,rel=1.547e-06
INT8,BITSHIFT,U(-1,1),64,4096,4096,16x128x32_w4f2,SKIP,MF path-B not implemented
INT8,LUT,U(-1,1),64,4096,4096,16x128x64_w4f2,OK,ms=1.660,tflops=1.29,gbps=12.0,maxabs=5.951e-04,p99=1.526e-04,rel=1.547e-06
INT8,BITSHIFT,U(-1,1),64,4096,4096,16x128x64_w4f2,SKIP,MF path-B not implemented
INT8,LUT,U(-1,1),64,4096,4096,16x256x32_w4f4,OK,ms=2.519,tflops=0.85,gbps=7.9,maxabs=5.951e-04,p99=1.526e-04,rel=1.547e-06
INT8,BITSHIFT,U(-1,1),64,4096,4096,16x256x32_w4f4,SKIP,MF path-B not implemented
INT8,LUT,U(-1,1),64,4096,4096,16x256x64_w4f4,OK,ms=3.201,tflops=0.67,gbps=6.2,maxabs=5.951e-04,p99=1.526e-04,rel=1.547e-06
INT8,BITSHIFT,U(-1,1),64,4096,4096,16x256x64_w4f4,SKIP,MF path-B not implemented
INT8,LUT,U(-1,1),64,4096,4096,16x256x32_w8f2,OK,ms=1.461,tflops=1.47,gbps=13.6,maxabs=5.951e-04,p99=1.526e-04,rel=1.547e-06
INT8,BITSHIFT,U(-1,1),64,4096,4096,16x256x32_w8f2,SKIP,MF path-B not implemented
INT8,LUT,U(-1,1),64,4096,4096,16x512x32_w8f4,OK,ms=2.678,tflops=0.80,gbps=7.4,maxabs=5.951e-04,p99=1.526e-04,rel=1.547e-06
INT8,BITSHIFT,U(-1,1),64,4096,4096,16x512x32_w8f4,SKIP,MF path-B not implemented
INT8,LUT,U(-1,1),128,4096,4096,16x64x32_w4,OK,ms=0.917,tflops=4.68,gbps=24.0,maxabs=5.417e-04,p99=1.278e-04,rel=1.328e-06
INT8,BITSHIFT,U(-1,1),128,4096,4096,16x64x32_w4,OK,ms=1.518,tflops=2.83,gbps=14.5,maxabs=1.857e-02,p99=1.003e-02,rel=1.827e-04
INT8,LUT,U(-1,1),128,4096,4096,16x64x64_w4,OK,ms=2.194,tflops=1.96,gbps=10.0,maxabs=5.417e-04,p99=1.278e-04,rel=1.328e-06
INT8,BITSHIFT,U(-1,1),128,4096,4096,16x64x64_w4,OK,ms=2.412,tflops=1.78,gbps=9.1,maxabs=1.857e-02,p99=1.003e-02,rel=1.827e-04
INT8,LUT,U(-1,1),128,4096,4096,16x128x32_w8,OK,ms=0.956,tflops=4.49,gbps=23.0,maxabs=5.417e-04,p99=1.278e-04,rel=1.328e-06
INT8,BITSHIFT,U(-1,1),128,4096,4096,16x128x32_w8,OK,ms=1.760,tflops=2.44,gbps=12.5,maxabs=1.857e-02,p99=1.003e-02,rel=1.827e-04
INT8,LUT,U(-1,1),128,4096,4096,16x128x64_w8,OK,ms=2.251,tflops=1.91,gbps=9.8,maxabs=5.417e-04,p99=1.278e-04,rel=1.328e-06
INT8,BITSHIFT,U(-1,1),128,4096,4096,16x128x64_w8,OK,ms=2.577,tflops=1.67,gbps=8.5,maxabs=1.857e-02,p99=1.003e-02,rel=1.827e-04
INT8,LUT,U(-1,1),128,4096,4096,16x128x32_w4f2,OK,ms=1.469,tflops=2.92,gbps=15.0,maxabs=5.417e-04,p99=1.278e-04,rel=1.328e-06
INT8,BITSHIFT,U(-1,1),128,4096,4096,16x128x32_w4f2,SKIP,MF path-B not implemented
INT8,LUT,U(-1,1),128,4096,4096,16x128x64_w4f2,OK,ms=1.796,tflops=2.39,gbps=12.3,maxabs=5.417e-04,p99=1.278e-04,rel=1.328e-06
INT8,BITSHIFT,U(-1,1),128,4096,4096,16x128x64_w4f2,SKIP,MF path-B not implemented
INT8,LUT,U(-1,1),128,4096,4096,16x256x32_w4f4,OK,ms=2.560,tflops=1.68,gbps=8.6,maxabs=5.417e-04,p99=1.278e-04,rel=1.328e-06
INT8,BITSHIFT,U(-1,1),128,4096,4096,16x256x32_w4f4,SKIP,MF path-B not implemented
INT8,LUT,U(-1,1),128,4096,4096,16x256x64_w4f4,OK,ms=3.205,tflops=1.34,gbps=6.9,maxabs=5.417e-04,p99=1.278e-04,rel=1.328e-06
INT8,BITSHIFT,U(-1,1),128,4096,4096,16x256x64_w4f4,SKIP,MF path-B not implemented
INT8,LUT,U(-1,1),128,4096,4096,16x256x32_w8f2,OK,ms=1.472,tflops=2.92,gbps=15.0,maxabs=5.417e-04,p99=1.278e-04,rel=1.328e-06
INT8,BITSHIFT,U(-1,1),128,4096,4096,16x256x32_w8f2,SKIP,MF path-B not implemented
INT8,LUT,U(-1,1),128,4096,4096,16x512x32_w8f4,OK,ms=2.647,tflops=1.62,gbps=8.3,maxabs=5.417e-04,p99=1.278e-04,rel=1.328e-06
INT8,BITSHIFT,U(-1,1),128,4096,4096,16x512x32_w8f4,SKIP,MF path-B not implemented
INT8,LUT,U(-1,1),256,4096,4096,16x64x32_w4,OK,ms=1.827,tflops=4.70,gbps=14.3,maxabs=6.104e-04,p99=1.450e-04,rel=1.504e-06
INT8,BITSHIFT,U(-1,1),256,4096,4096,16x64x32_w4,OK,ms=3.475,tflops=2.47,gbps=7.5,maxabs=1.858e-02,p99=1.001e-02,rel=1.824e-04
INT8,LUT,U(-1,1),256,4096,4096,16x64x64_w4,OK,ms=3.269,tflops=2.63,gbps=8.0,maxabs=6.104e-04,p99=1.450e-04,rel=1.504e-06
INT8,BITSHIFT,U(-1,1),256,4096,4096,16x64x64_w4,OK,ms=4.080,tflops=2.11,gbps=6.4,maxabs=1.858e-02,p99=1.001e-02,rel=1.824e-04
INT8,LUT,U(-1,1),256,4096,4096,16x128x32_w8,OK,ms=1.917,tflops=4.48,gbps=13.7,maxabs=6.104e-04,p99=1.450e-04,rel=1.504e-06
INT8,BITSHIFT,U(-1,1),256,4096,4096,16x128x32_w8,OK,ms=3.558,tflops=2.41,gbps=7.4,maxabs=1.858e-02,p99=1.001e-02,rel=1.824e-04
INT8,LUT,U(-1,1),256,4096,4096,16x128x64_w8,OK,ms=3.354,tflops=2.56,gbps=7.8,maxabs=6.104e-04,p99=1.450e-04,rel=1.504e-06
INT8,BITSHIFT,U(-1,1),256,4096,4096,16x128x64_w8,OK,ms=4.527,tflops=1.90,gbps=5.8,maxabs=1.858e-02,p99=1.001e-02,rel=1.824e-04
INT8,LUT,U(-1,1),256,4096,4096,16x128x32_w4f2,OK,ms=1.676,tflops=5.12,gbps=15.6,maxabs=6.104e-04,p99=1.450e-04,rel=1.504e-06
INT8,BITSHIFT,U(-1,1),256,4096,4096,16x128x32_w4f2,SKIP,MF path-B not implemented
INT8,LUT,U(-1,1),256,4096,4096,16x128x64_w4f2,OK,ms=3.611,tflops=2.38,gbps=7.3,maxabs=6.104e-04,p99=1.450e-04,rel=1.504e-06
INT8,BITSHIFT,U(-1,1),256,4096,4096,16x128x64_w4f2,SKIP,MF path-B not implemented
INT8,LUT,U(-1,1),256,4096,4096,16x256x32_w4f4,OK,ms=2.734,tflops=3.14,gbps=9.6,maxabs=6.104e-04,p99=1.450e-04,rel=1.504e-06
INT8,BITSHIFT,U(-1,1),256,4096,4096,16x256x32_w4f4,SKIP,MF path-B not implemented
INT8,LUT,U(-1,1),256,4096,4096,16x256x64_w4f4,OK,ms=6.494,tflops=1.32,gbps=4.0,maxabs=6.104e-04,p99=1.450e-04,rel=1.504e-06
INT8,BITSHIFT,U(-1,1),256,4096,4096,16x256x64_w4f4,SKIP,MF path-B not implemented
INT8,LUT,U(-1,1),256,4096,4096,16x256x32_w8f2,OK,ms=3.263,tflops=2.63,gbps=8.0,maxabs=6.104e-04,p99=1.450e-04,rel=1.504e-06
INT8,BITSHIFT,U(-1,1),256,4096,4096,16x256x32_w8f2,SKIP,MF path-B not implemented
INT8,LUT,U(-1,1),256,4096,4096,16x512x32_w8f4,OK,ms=2.658,tflops=3.23,gbps=9.9,maxabs=6.104e-04,p99=1.450e-04,rel=1.504e-06
INT8,BITSHIFT,U(-1,1),256,4096,4096,16x512x32_w8f4,SKIP,MF path-B not implemented
INT8,LUT,U(-1,1),512,4096,4096,16x64x32_w4,OK,ms=3.652,tflops=4.70,gbps=9.5,maxabs=5.569e-04,p99=1.297e-04,rel=1.329e-06
INT8,BITSHIFT,U(-1,1),512,4096,4096,16x64x32_w4,OK,ms=6.659,tflops=2.58,gbps=5.2,maxabs=1.982e-02,p99=1.001e-02,rel=1.824e-04
INT8,LUT,U(-1,1),512,4096,4096,16x64x64_w4,OK,ms=5.326,tflops=3.23,gbps=6.5,maxabs=5.569e-04,p99=1.297e-04,rel=1.329e-06
INT8,BITSHIFT,U(-1,1),512,4096,4096,16x64x64_w4,OK,ms=7.414,tflops=2.32,gbps=4.7,maxabs=1.982e-02,p99=1.001e-02,rel=1.824e-04
INT8,LUT,U(-1,1),512,4096,4096,16x128x32_w8,OK,ms=3.846,tflops=4.47,gbps=9.0,maxabs=5.569e-04,p99=1.297e-04,rel=1.329e-06
INT8,BITSHIFT,U(-1,1),512,4096,4096,16x128x32_w8,OK,ms=6.454,tflops=2.66,gbps=5.4,maxabs=1.982e-02,p99=1.001e-02,rel=1.824e-04
INT8,LUT,U(-1,1),512,4096,4096,16x128x64_w8,OK,ms=5.532,tflops=3.11,gbps=6.3,maxabs=5.569e-04,p99=1.297e-04,rel=1.329e-06
INT8,BITSHIFT,U(-1,1),512,4096,4096,16x128x64_w8,OK,ms=7.944,tflops=2.16,gbps=4.4,maxabs=1.982e-02,p99=1.001e-02,rel=1.824e-04
INT8,LUT,U(-1,1),512,4096,4096,16x128x32_w4f2,OK,ms=3.205,tflops=5.36,gbps=10.8,maxabs=5.569e-04,p99=1.297e-04,rel=1.329e-06
INT8,BITSHIFT,U(-1,1),512,4096,4096,16x128x32_w4f2,SKIP,MF path-B not implemented
INT8,LUT,U(-1,1),512,4096,4096,16x128x64_w4f2,OK,ms=7.016,tflops=2.45,gbps=4.9,maxabs=5.569e-04,p99=1.297e-04,rel=1.329e-06
INT8,BITSHIFT,U(-1,1),512,4096,4096,16x128x64_w4f2,SKIP,MF path-B not implemented
INT8,LUT,U(-1,1),512,4096,4096,16x256x32_w4f4,OK,ms=5.440,tflops=3.16,gbps=6.4,maxabs=5.569e-04,p99=1.297e-04,rel=1.329e-06
INT8,BITSHIFT,U(-1,1),512,4096,4096,16x256x32_w4f4,SKIP,MF path-B not implemented
INT8,LUT,U(-1,1),512,4096,4096,16x256x64_w4f4,OK,ms=12.805,tflops=1.34,gbps=2.7,maxabs=5.569e-04,p99=1.297e-04,rel=1.329e-06
INT8,BITSHIFT,U(-1,1),512,4096,4096,16x256x64_w4f4,SKIP,MF path-B not implemented
INT8,LUT,U(-1,1),512,4096,4096,16x256x32_w8f2,OK,ms=4.850,tflops=3.54,gbps=7.1,maxabs=5.569e-04,p99=1.297e-04,rel=1.329e-06
INT8,BITSHIFT,U(-1,1),512,4096,4096,16x256x32_w8f2,SKIP,MF path-B not implemented
INT8,LUT,U(-1,1),512,4096,4096,16x512x32_w8f4,OK,ms=5.566,tflops=3.09,gbps=6.2,maxabs=5.569e-04,p99=1.297e-04,rel=1.329e-06
INT8,BITSHIFT,U(-1,1),512,4096,4096,16x512x32_w8f4,SKIP,MF path-B not implemented
INT8,LUT,U(-1,1),1024,4096,4096,16x64x32_w4,OK,ms=6.529,tflops=5.26,gbps=7.9,maxabs=0.000e+00,p99=0.000e+00,rel=0.000e+00
INT8,BITSHIFT,U(-1,1),1024,4096,4096,16x64x32_w4,OK,ms=12.716,tflops=2.70,gbps=4.0,maxabs=2.073e-02,p99=1.001e-02,rel=1.823e-04
INT8,LUT,U(-1,1),1024,4096,4096,16x64x64_w4,OK,ms=10.206,tflops=3.37,gbps=5.0,maxabs=0.000e+00,p99=0.000e+00,rel=0.000e+00
INT8,BITSHIFT,U(-1,1),1024,4096,4096,16x64x64_w4,OK,ms=14.232,tflops=2.41,gbps=3.6,maxabs=2.073e-02,p99=1.001e-02,rel=1.823e-04
INT8,LUT,U(-1,1),1024,4096,4096,16x128x32_w8,OK,ms=6.903,tflops=4.98,gbps=7.4,maxabs=0.000e+00,p99=0.000e+00,rel=0.000e+00
INT8,BITSHIFT,U(-1,1),1024,4096,4096,16x128x32_w8,OK,ms=12.654,tflops=2.72,gbps=4.1,maxabs=2.073e-02,p99=1.001e-02,rel=1.823e-04
INT8,LUT,U(-1,1),1024,4096,4096,16x128x64_w8,OK,ms=10.264,tflops=3.35,gbps=5.0,maxabs=0.000e+00,p99=0.000e+00,rel=0.000e+00
INT8,BITSHIFT,U(-1,1),1024,4096,4096,16x128x64_w8,OK,ms=14.709,tflops=2.34,gbps=3.5,maxabs=2.073e-02,p99=1.001e-02,rel=1.823e-04
INT8,LUT,U(-1,1),1024,4096,4096,16x128x32_w4f2,OK,ms=6.336,tflops=5.42,gbps=8.1,maxabs=0.000e+00,p99=0.000e+00,rel=0.000e+00
INT8,BITSHIFT,U(-1,1),1024,4096,4096,16x128x32_w4f2,SKIP,MF path-B not implemented
INT8,LUT,U(-1,1),1024,4096,4096,16x128x64_w4f2,OK,ms=12.163,tflops=2.82,gbps=4.2,maxabs=0.000e+00,p99=0.000e+00,rel=0.000e+00
INT8,BITSHIFT,U(-1,1),1024,4096,4096,16x128x64_w4f2,SKIP,MF path-B not implemented
INT8,LUT,U(-1,1),1024,4096,4096,16x256x32_w4f4,OK,ms=10.723,tflops=3.20,gbps=4.8,maxabs=0.000e+00,p99=0.000e+00,rel=0.000e+00
INT8,BITSHIFT,U(-1,1),1024,4096,4096,16x256x32_w4f4,SKIP,MF path-B not implemented
INT8,LUT,U(-1,1),1024,4096,4096,16x256x64_w4f4,OK,ms=22.191,tflops=1.55,gbps=2.3,maxabs=0.000e+00,p99=0.000e+00,rel=0.000e+00
INT8,BITSHIFT,U(-1,1),1024,4096,4096,16x256x64_w4f4,SKIP,MF path-B not implemented
INT8,LUT,U(-1,1),1024,4096,4096,16x256x32_w8f2,OK,ms=8.064,tflops=4.26,gbps=6.4,maxabs=0.000e+00,p99=0.000e+00,rel=0.000e+00
INT8,BITSHIFT,U(-1,1),1024,4096,4096,16x256x32_w8f2,SKIP,MF path-B not implemented
INT8,LUT,U(-1,1),1024,4096,4096,16x512x32_w8f4,OK,ms=11.178,tflops=3.07,gbps=4.6,maxabs=0.000e+00,p99=0.000e+00,rel=0.000e+00
INT8,BITSHIFT,U(-1,1),1024,4096,4096,16x512x32_w8f4,SKIP,MF path-B not implemented
INT8,LUT,U(-1,1),2048,4096,4096,16x64x32_w4,OK,ms=12.315,tflops=5.58,gbps=6.9,maxabs=0.000e+00,p99=0.000e+00,rel=0.000e+00
INT8,BITSHIFT,U(-1,1),2048,4096,4096,16x64x32_w4,OK,ms=24.695,tflops=2.78,gbps=3.4,maxabs=2.073e-02,p99=1.001e-02,rel=1.822e-04
INT8,LUT,U(-1,1),2048,4096,4096,16x64x64_w4,OK,ms=19.809,tflops=3.47,gbps=4.3,maxabs=0.000e+00,p99=0.000e+00,rel=0.000e+00
INT8,BITSHIFT,U(-1,1),2048,4096,4096,16x64x64_w4,OK,ms=28.330,tflops=2.43,gbps=3.0,maxabs=2.073e-02,p99=1.001e-02,rel=1.822e-04
INT8,LUT,U(-1,1),2048,4096,4096,16x128x32_w8,OK,ms=13.039,tflops=5.27,gbps=6.5,maxabs=0.000e+00,p99=0.000e+00,rel=0.000e+00
INT8,BITSHIFT,U(-1,1),2048,4096,4096,16x128x32_w8,OK,ms=24.728,tflops=2.78,gbps=3.4,maxabs=2.073e-02,p99=1.001e-02,rel=1.822e-04
INT8,LUT,U(-1,1),2048,4096,4096,16x128x64_w8,OK,ms=20.047,tflops=3.43,gbps=4.2,maxabs=0.000e+00,p99=0.000e+00,rel=0.000e+00
INT8,BITSHIFT,U(-1,1),2048,4096,4096,16x128x64_w8,OK,ms=28.808,tflops=2.39,gbps=2.9,maxabs=2.073e-02,p99=1.001e-02,rel=1.822e-04
INT8,LUT,U(-1,1),2048,4096,4096,16x128x32_w4f2,OK,ms=12.732,tflops=5.40,gbps=6.7,maxabs=0.000e+00,p99=0.000e+00,rel=0.000e+00
INT8,BITSHIFT,U(-1,1),2048,4096,4096,16x128x32_w4f2,SKIP,MF path-B not implemented
INT8,LUT,U(-1,1),2048,4096,4096,16x128x64_w4f2,OK,ms=22.515,tflops=3.05,gbps=3.8,maxabs=0.000e+00,p99=0.000e+00,rel=0.000e+00
INT8,BITSHIFT,U(-1,1),2048,4096,4096,16x128x64_w4f2,SKIP,MF path-B not implemented
INT8,LUT,U(-1,1),2048,4096,4096,16x256x32_w4f4,OK,ms=18.772,tflops=3.66,gbps=4.5,maxabs=0.000e+00,p99=0.000e+00,rel=0.000e+00
INT8,BITSHIFT,U(-1,1),2048,4096,4096,16x256x32_w4f4,SKIP,MF path-B not implemented
INT8,LUT,U(-1,1),2048,4096,4096,16x256x64_w4f4,OK,ms=40.978,tflops=1.68,gbps=2.1,maxabs=0.000e+00,p99=0.000e+00,rel=0.000e+00
INT8,BITSHIFT,U(-1,1),2048,4096,4096,16x256x64_w4f4,SKIP,MF path-B not implemented
INT8,LUT,U(-1,1),2048,4096,4096,16x256x32_w8f2,OK,ms=14.591,tflops=4.71,gbps=5.8,maxabs=0.000e+00,p99=0.000e+00,rel=0.000e+00
INT8,BITSHIFT,U(-1,1),2048,4096,4096,16x256x32_w8f2,SKIP,MF path-B not implemented
INT8,LUT,U(-1,1),2048,4096,4096,16x512x32_w8f4,OK,ms=19.537,tflops=3.52,gbps=4.3,maxabs=0.000e+00,p99=0.000e+00,rel=0.000e+00
INT8,BITSHIFT,U(-1,1),2048,4096,4096,16x512x32_w8f4,SKIP,MF path-B not implemented
INT8,LUT,U(-1,1),1,7168,7168,16x64x32_w4,OK,ms=1.473,tflops=0.07,gbps=37.1,maxabs=2.655e-02,p99=1.900e-02,rel=2.590e-04
INT8,BITSHIFT,U(-1,1),1,7168,7168,16x64x32_w4,OK,ms=0.905,tflops=0.11,gbps=60.4,maxabs=1.870e-02,p99=1.344e-02,rel=1.818e-04
INT8,LUT,U(-1,1),1,7168,7168,16x64x64_w4,OK,ms=1.742,tflops=0.06,gbps=31.4,maxabs=2.655e-02,p99=1.900e-02,rel=2.590e-04
INT8,BITSHIFT,U(-1,1),1,7168,7168,16x64x64_w4,OK,ms=1.106,tflops=0.09,gbps=49.4,maxabs=1.870e-02,p99=1.344e-02,rel=1.818e-04
INT8,LUT,U(-1,1),1,7168,7168,16x128x32_w8,OK,ms=1.435,tflops=0.07,gbps=38.1,maxabs=2.655e-02,p99=1.900e-02,rel=2.590e-04
INT8,BITSHIFT,U(-1,1),1,7168,7168,16x128x32_w8,OK,ms=0.942,tflops=0.11,gbps=58.0,maxabs=1.870e-02,p99=1.344e-02,rel=1.818e-04
INT8,LUT,U(-1,1),1,7168,7168,16x128x64_w8,OK,ms=1.752,tflops=0.06,gbps=31.2,maxabs=2.655e-02,p99=1.900e-02,rel=2.590e-04
INT8,BITSHIFT,U(-1,1),1,7168,7168,16x128x64_w8,OK,ms=1.095,tflops=0.09,gbps=49.9,maxabs=1.870e-02,p99=1.344e-02,rel=1.818e-04
INT8,LUT,U(-1,1),1,7168,7168,16x128x32_w4f2,OK,ms=2.533,tflops=0.04,gbps=21.6,maxabs=2.655e-02,p99=1.900e-02,rel=2.590e-04
INT8,BITSHIFT,U(-1,1),1,7168,7168,16x128x32_w4f2,SKIP,MF path-B not implemented
INT8,LUT,U(-1,1),1,7168,7168,16x128x64_w4f2,OK,ms=2.937,tflops=0.03,gbps=18.6,maxabs=2.655e-02,p99=1.900e-02,rel=2.590e-04
INT8,BITSHIFT,U(-1,1),1,7168,7168,16x128x64_w4f2,SKIP,MF path-B not implemented
INT8,LUT,U(-1,1),1,7168,7168,16x256x32_w4f4,OK,ms=4.757,tflops=0.02,gbps=11.5,maxabs=2.655e-02,p99=1.900e-02,rel=2.590e-04
INT8,BITSHIFT,U(-1,1),1,7168,7168,16x256x32_w4f4,SKIP,MF path-B not implemented
INT8,LUT,U(-1,1),1,7168,7168,16x256x64_w4f4,OK,ms=5.721,tflops=0.02,gbps=9.6,maxabs=2.655e-02,p99=1.900e-02,rel=2.590e-04
INT8,BITSHIFT,U(-1,1),1,7168,7168,16x256x64_w4f4,SKIP,MF path-B not implemented
INT8,LUT,U(-1,1),1,7168,7168,16x256x32_w8f2,OK,ms=2.662,tflops=0.04,gbps=20.5,maxabs=2.655e-02,p99=1.900e-02,rel=2.590e-04
INT8,BITSHIFT,U(-1,1),1,7168,7168,16x256x32_w8f2,SKIP,MF path-B not implemented
INT8,LUT,U(-1,1),1,7168,7168,16x512x32_w8f4,OK,ms=5.008,tflops=0.02,gbps=10.9,maxabs=2.655e-02,p99=1.900e-02,rel=2.590e-04
INT8,BITSHIFT,U(-1,1),1,7168,7168,16x512x32_w8f4,SKIP,MF path-B not implemented
INT8,LUT,U(-1,1),8,7168,7168,16x64x32_w4,OK,ms=1.426,tflops=0.58,gbps=38.6,maxabs=3.159e-02,p99=1.890e-02,rel=2.621e-04
INT8,BITSHIFT,U(-1,1),8,7168,7168,16x64x32_w4,OK,ms=1.100,tflops=0.75,gbps=50.1,maxabs=2.384e-02,p99=1.348e-02,rel=1.867e-04
INT8,LUT,U(-1,1),8,7168,7168,16x64x64_w4,OK,ms=1.743,tflops=0.47,gbps=31.6,maxabs=3.159e-02,p99=1.890e-02,rel=2.621e-04
INT8,BITSHIFT,U(-1,1),8,7168,7168,16x64x64_w4,OK,ms=1.312,tflops=0.63,gbps=42.0,maxabs=2.384e-02,p99=1.348e-02,rel=1.867e-04
INT8,LUT,U(-1,1),8,7168,7168,16x128x32_w8,OK,ms=1.483,tflops=0.55,gbps=37.1,maxabs=3.159e-02,p99=1.890e-02,rel=2.621e-04
INT8,BITSHIFT,U(-1,1),8,7168,7168,16x128x32_w8,OK,ms=1.156,tflops=0.71,gbps=47.6,maxabs=2.384e-02,p99=1.348e-02,rel=1.867e-04
INT8,LUT,U(-1,1),8,7168,7168,16x128x64_w8,OK,ms=1.755,tflops=0.47,gbps=31.4,maxabs=3.159e-02,p99=1.890e-02,rel=2.621e-04
INT8,BITSHIFT,U(-1,1),8,7168,7168,16x128x64_w8,OK,ms=1.313,tflops=0.63,gbps=41.9,maxabs=2.384e-02,p99=1.348e-02,rel=1.867e-04
INT8,LUT,U(-1,1),8,7168,7168,16x128x32_w4f2,OK,ms=2.556,tflops=0.32,gbps=21.5,maxabs=3.159e-02,p99=1.890e-02,rel=2.621e-04
INT8,BITSHIFT,U(-1,1),8,7168,7168,16x128x32_w4f2,SKIP,MF path-B not implemented
INT8,LUT,U(-1,1),8,7168,7168,16x128x64_w4f2,OK,ms=2.968,tflops=0.28,gbps=18.5,maxabs=3.159e-02,p99=1.890e-02,rel=2.621e-04
INT8,BITSHIFT,U(-1,1),8,7168,7168,16x128x64_w4f2,SKIP,MF path-B not implemented
INT8,LUT,U(-1,1),8,7168,7168,16x256x32_w4f4,OK,ms=4.786,tflops=0.17,gbps=11.5,maxabs=3.159e-02,p99=1.890e-02,rel=2.621e-04
INT8,BITSHIFT,U(-1,1),8,7168,7168,16x256x32_w4f4,SKIP,MF path-B not implemented
INT8,LUT,U(-1,1),8,7168,7168,16x256x64_w4f4,OK,ms=5.780,tflops=0.14,gbps=9.5,maxabs=3.159e-02,p99=1.890e-02,rel=2.621e-04
INT8,BITSHIFT,U(-1,1),8,7168,7168,16x256x64_w4f4,SKIP,MF path-B not implemented
INT8,LUT,U(-1,1),8,7168,7168,16x256x32_w8f2,OK,ms=2.688,tflops=0.31,gbps=20.5,maxabs=3.159e-02,p99=1.890e-02,rel=2.621e-04
INT8,BITSHIFT,U(-1,1),8,7168,7168,16x256x32_w8f2,SKIP,MF path-B not implemented
INT8,LUT,U(-1,1),8,7168,7168,16x512x32_w8f4,OK,ms=5.042,tflops=0.16,gbps=10.9,maxabs=3.159e-02,p99=1.890e-02,rel=2.621e-04
INT8,BITSHIFT,U(-1,1),8,7168,7168,16x512x32_w8f4,SKIP,MF path-B not implemented
INT8,LUT,U(-1,1),16,7168,7168,16x64x32_w4,OK,ms=1.439,tflops=1.14,gbps=38.6,maxabs=9.537e-04,p99=2.594e-04,rel=2.036e-06
INT8,BITSHIFT,U(-1,1),16,7168,7168,16x64x32_w4,OK,ms=1.317,tflops=1.25,gbps=42.1,maxabs=2.362e-02,p99=1.330e-02,rel=1.824e-04
INT8,LUT,U(-1,1),16,7168,7168,16x64x64_w4,OK,ms=1.757,tflops=0.94,gbps=31.6,maxabs=9.537e-04,p99=2.594e-04,rel=2.036e-06
INT8,BITSHIFT,U(-1,1),16,7168,7168,16x64x64_w4,OK,ms=1.533,tflops=1.07,gbps=36.2,maxabs=2.362e-02,p99=1.330e-02,rel=1.824e-04
INT8,LUT,U(-1,1),16,7168,7168,16x128x32_w8,OK,ms=1.524,tflops=1.08,gbps=36.4,maxabs=9.537e-04,p99=2.594e-04,rel=2.036e-06
INT8,BITSHIFT,U(-1,1),16,7168,7168,16x128x32_w8,OK,ms=1.417,tflops=1.16,gbps=39.2,maxabs=2.362e-02,p99=1.330e-02,rel=1.824e-04
INT8,LUT,U(-1,1),16,7168,7168,16x128x64_w8,OK,ms=1.762,tflops=0.93,gbps=31.5,maxabs=9.537e-04,p99=2.594e-04,rel=2.036e-06
INT8,BITSHIFT,U(-1,1),16,7168,7168,16x128x64_w8,OK,ms=1.508,tflops=1.09,gbps=36.8,maxabs=2.362e-02,p99=1.330e-02,rel=1.824e-04
INT8,LUT,U(-1,1),16,7168,7168,16x128x32_w4f2,OK,ms=2.567,tflops=0.64,gbps=21.6,maxabs=9.537e-04,p99=2.594e-04,rel=2.036e-06
INT8,BITSHIFT,U(-1,1),16,7168,7168,16x128x32_w4f2,SKIP,MF path-B not implemented
INT8,LUT,U(-1,1),16,7168,7168,16x128x64_w4f2,OK,ms=2.985,tflops=0.55,gbps=18.6,maxabs=9.537e-04,p99=2.594e-04,rel=2.036e-06
INT8,BITSHIFT,U(-1,1),16,7168,7168,16x128x64_w4f2,SKIP,MF path-B not implemented
INT8,LUT,U(-1,1),16,7168,7168,16x256x32_w4f4,OK,ms=4.796,tflops=0.34,gbps=11.6,maxabs=9.537e-04,p99=2.594e-04,rel=2.036e-06
INT8,BITSHIFT,U(-1,1),16,7168,7168,16x256x32_w4f4,SKIP,MF path-B not implemented
INT8,LUT,U(-1,1),16,7168,7168,16x256x64_w4f4,OK,ms=5.786,tflops=0.28,gbps=9.6,maxabs=9.537e-04,p99=2.594e-04,rel=2.036e-06
INT8,BITSHIFT,U(-1,1),16,7168,7168,16x256x64_w4f4,SKIP,MF path-B not implemented
INT8,LUT,U(-1,1),16,7168,7168,16x256x32_w8f2,OK,ms=2.717,tflops=0.61,gbps=20.4,maxabs=9.537e-04,p99=2.594e-04,rel=2.036e-06
INT8,BITSHIFT,U(-1,1),16,7168,7168,16x256x32_w8f2,SKIP,MF path-B not implemented
INT8,LUT,U(-1,1),16,7168,7168,16x512x32_w8f4,OK,ms=5.074,tflops=0.32,gbps=10.9,maxabs=9.537e-04,p99=2.594e-04,rel=2.036e-06
INT8,BITSHIFT,U(-1,1),16,7168,7168,16x512x32_w8f4,SKIP,MF path-B not implemented
INT8,LUT,U(-1,1),32,7168,7168,16x64x32_w4,OK,ms=1.488,tflops=2.21,gbps=37.9,maxabs=9.384e-04,p99=2.441e-04,rel=1.940e-06
INT8,BITSHIFT,U(-1,1),32,7168,7168,16x64x32_w4,OK,ms=1.576,tflops=2.09,gbps=35.8,maxabs=2.407e-02,p99=1.322e-02,rel=1.822e-04
INT8,LUT,U(-1,1),32,7168,7168,16x64x64_w4,OK,ms=1.776,tflops=1.85,gbps=31.8,maxabs=9.384e-04,p99=2.441e-04,rel=1.940e-06
INT8,BITSHIFT,U(-1,1),32,7168,7168,16x64x64_w4,OK,ms=1.765,tflops=1.86,gbps=32.0,maxabs=2.407e-02,p99=1.322e-02,rel=1.822e-04
INT8,LUT,U(-1,1),32,7168,7168,16x128x32_w8,OK,ms=1.533,tflops=2.15,gbps=36.8,maxabs=9.384e-04,p99=2.441e-04,rel=1.940e-06
INT8,BITSHIFT,U(-1,1),32,7168,7168,16x128x32_w8,OK,ms=1.935,tflops=1.70,gbps=29.2,maxabs=2.407e-02,p99=1.322e-02,rel=1.822e-04
INT8,LUT,U(-1,1),32,7168,7168,16x128x64_w8,OK,ms=1.834,tflops=1.79,gbps=30.8,maxabs=9.384e-04,p99=2.441e-04,rel=1.940e-06
INT8,BITSHIFT,U(-1,1),32,7168,7168,16x128x64_w8,OK,ms=2.192,tflops=1.50,gbps=25.7,maxabs=2.407e-02,p99=1.322e-02,rel=1.822e-04
INT8,LUT,U(-1,1),32,7168,7168,16x128x32_w4f2,OK,ms=2.551,tflops=1.29,gbps=22.1,maxabs=9.384e-04,p99=2.441e-04,rel=1.940e-06
INT8,BITSHIFT,U(-1,1),32,7168,7168,16x128x32_w4f2,SKIP,MF path-B not implemented
INT8,LUT,U(-1,1),32,7168,7168,16x128x64_w4f2,OK,ms=2.984,tflops=1.10,gbps=18.9,maxabs=9.384e-04,p99=2.441e-04,rel=1.940e-06
INT8,BITSHIFT,U(-1,1),32,7168,7168,16x128x64_w4f2,SKIP,MF path-B not implemented
INT8,LUT,U(-1,1),32,7168,7168,16x256x32_w4f4,OK,ms=4.670,tflops=0.70,gbps=12.1,maxabs=9.384e-04,p99=2.441e-04,rel=1.940e-06
INT8,BITSHIFT,U(-1,1),32,7168,7168,16x256x32_w4f4,SKIP,MF path-B not implemented
INT8,LUT,U(-1,1),32,7168,7168,16x256x64_w4f4,OK,ms=5.677,tflops=0.58,gbps=9.9,maxabs=9.384e-04,p99=2.441e-04,rel=1.940e-06
INT8,BITSHIFT,U(-1,1),32,7168,7168,16x256x64_w4f4,SKIP,MF path-B not implemented
INT8,LUT,U(-1,1),32,7168,7168,16x256x32_w8f2,OK,ms=2.625,tflops=1.25,gbps=21.5,maxabs=9.384e-04,p99=2.441e-04,rel=1.940e-06
INT8,BITSHIFT,U(-1,1),32,7168,7168,16x256x32_w8f2,SKIP,MF path-B not implemented
INT8,LUT,U(-1,1),32,7168,7168,16x512x32_w8f4,OK,ms=4.888,tflops=0.67,gbps=11.5,maxabs=9.384e-04,p99=2.441e-04,rel=1.940e-06
INT8,BITSHIFT,U(-1,1),32,7168,7168,16x512x32_w8f4,SKIP,MF path-B not implemented
INT8,LUT,U(-1,1),64,7168,7168,16x64x32_w4,OK,ms=1.602,tflops=4.11,gbps=36.4,maxabs=9.766e-04,p99=2.441e-04,rel=1.937e-06
INT8,BITSHIFT,U(-1,1),64,7168,7168,16x64x32_w4,OK,ms=2.288,tflops=2.88,gbps=25.5,maxabs=2.787e-02,p99=1.323e-02,rel=1.823e-04
INT8,LUT,U(-1,1),64,7168,7168,16x64x64_w4,OK,ms=1.951,tflops=3.37,gbps=29.9,maxabs=9.766e-04,p99=2.441e-04,rel=1.937e-06
INT8,BITSHIFT,U(-1,1),64,7168,7168,16x64x64_w4,OK,ms=2.667,tflops=2.47,gbps=21.8,maxabs=2.787e-02,p99=1.323e-02,rel=1.823e-04
INT8,LUT,U(-1,1),64,7168,7168,16x128x32_w8,OK,ms=1.646,tflops=4.00,gbps=35.4,maxabs=9.766e-04,p99=2.441e-04,rel=1.937e-06
INT8,BITSHIFT,U(-1,1),64,7168,7168,16x128x32_w8,OK,ms=2.415,tflops=2.72,gbps=24.1,maxabs=2.787e-02,p99=1.323e-02,rel=1.823e-04
INT8,LUT,U(-1,1),64,7168,7168,16x128x64_w8,OK,ms=2.013,tflops=3.27,gbps=28.9,maxabs=9.766e-04,p99=2.441e-04,rel=1.937e-06
INT8,BITSHIFT,U(-1,1),64,7168,7168,16x128x64_w8,OK,ms=2.777,tflops=2.37,gbps=21.0,maxabs=2.787e-02,p99=1.323e-02,rel=1.823e-04
INT8,LUT,U(-1,1),64,7168,7168,16x128x32_w4f2,OK,ms=2.611,tflops=2.52,gbps=22.3,maxabs=9.766e-04,p99=2.441e-04,rel=1.937e-06
INT8,BITSHIFT,U(-1,1),64,7168,7168,16x128x32_w4f2,SKIP,MF path-B not implemented
INT8,LUT,U(-1,1),64,7168,7168,16x128x64_w4f2,OK,ms=3.030,tflops=2.17,gbps=19.2,maxabs=9.766e-04,p99=2.441e-04,rel=1.937e-06
INT8,BITSHIFT,U(-1,1),64,7168,7168,16x128x64_w4f2,SKIP,MF path-B not implemented
INT8,LUT,U(-1,1),64,7168,7168,16x256x32_w4f4,OK,ms=4.586,tflops=1.43,gbps=12.7,maxabs=9.766e-04,p99=2.441e-04,rel=1.937e-06
INT8,BITSHIFT,U(-1,1),64,7168,7168,16x256x32_w4f4,SKIP,MF path-B not implemented
INT8,LUT,U(-1,1),64,7168,7168,16x256x64_w4f4,OK,ms=5.603,tflops=1.17,gbps=10.4,maxabs=9.766e-04,p99=2.441e-04,rel=1.937e-06
INT8,BITSHIFT,U(-1,1),64,7168,7168,16x256x64_w4f4,SKIP,MF path-B not implemented
INT8,LUT,U(-1,1),64,7168,7168,16x256x32_w8f2,OK,ms=2.627,tflops=2.50,gbps=22.2,maxabs=9.766e-04,p99=2.441e-04,rel=1.937e-06
INT8,BITSHIFT,U(-1,1),64,7168,7168,16x256x32_w8f2,SKIP,MF path-B not implemented
INT8,LUT,U(-1,1),64,7168,7168,16x512x32_w8f4,OK,ms=4.797,tflops=1.37,gbps=12.1,maxabs=9.766e-04,p99=2.441e-04,rel=1.937e-06
INT8,BITSHIFT,U(-1,1),64,7168,7168,16x512x32_w8f4,SKIP,MF path-B not implemented
INT8,LUT,U(-1,1),128,7168,7168,16x64x32_w4,OK,ms=3.338,tflops=3.94,gbps=18.6,maxabs=1.175e-03,p99=2.441e-04,rel=1.938e-06
INT8,BITSHIFT,U(-1,1),128,7168,7168,16x64x32_w4,OK,ms=5.752,tflops=2.29,gbps=10.8,maxabs=2.787e-02,p99=1.323e-02,rel=1.822e-04
INT8,LUT,U(-1,1),128,7168,7168,16x64x64_w4,OK,ms=3.905,tflops=3.37,gbps=15.9,maxabs=1.175e-03,p99=2.441e-04,rel=1.938e-06
INT8,BITSHIFT,U(-1,1),128,7168,7168,16x64x64_w4,OK,ms=5.451,tflops=2.41,gbps=11.4,maxabs=2.787e-02,p99=1.323e-02,rel=1.822e-04
INT8,LUT,U(-1,1),128,7168,7168,16x128x32_w8,OK,ms=3.675,tflops=3.58,gbps=16.9,maxabs=1.175e-03,p99=2.441e-04,rel=1.938e-06
INT8,BITSHIFT,U(-1,1),128,7168,7168,16x128x32_w8,OK,ms=6.348,tflops=2.07,gbps=9.8,maxabs=2.787e-02,p99=1.323e-02,rel=1.822e-04
INT8,LUT,U(-1,1),128,7168,7168,16x128x64_w8,OK,ms=4.077,tflops=3.23,gbps=15.2,maxabs=1.175e-03,p99=2.441e-04,rel=1.938e-06
INT8,BITSHIFT,U(-1,1),128,7168,7168,16x128x64_w8,OK,ms=5.558,tflops=2.37,gbps=11.1,maxabs=2.787e-02,p99=1.323e-02,rel=1.822e-04
INT8,LUT,U(-1,1),128,7168,7168,16x128x32_w4f2,OK,ms=2.752,tflops=4.78,gbps=22.5,maxabs=1.175e-03,p99=2.441e-04,rel=1.938e-06
INT8,BITSHIFT,U(-1,1),128,7168,7168,16x128x32_w4f2,SKIP,MF path-B not implemented
INT8,LUT,U(-1,1),128,7168,7168,16x128x64_w4f2,OK,ms=6.255,tflops=2.10,gbps=9.9,maxabs=1.175e-03,p99=2.441e-04,rel=1.938e-06
INT8,BITSHIFT,U(-1,1),128,7168,7168,16x128x64_w4f2,SKIP,MF path-B not implemented
INT8,LUT,U(-1,1),128,7168,7168,16x256x32_w4f4,OK,ms=4.706,tflops=2.80,gbps=13.2,maxabs=1.175e-03,p99=2.441e-04,rel=1.938e-06
INT8,BITSHIFT,U(-1,1),128,7168,7168,16x256x32_w4f4,SKIP,MF path-B not implemented
INT8,LUT,U(-1,1),128,7168,7168,16x256x64_w4f4,OK,ms=11.444,tflops=1.15,gbps=5.4,maxabs=1.175e-03,p99=2.441e-04,rel=1.938e-06
INT8,BITSHIFT,U(-1,1),128,7168,7168,16x256x64_w4f4,SKIP,MF path-B not implemented
INT8,LUT,U(-1,1),128,7168,7168,16x256x32_w8f2,OK,ms=2.863,tflops=4.59,gbps=21.6,maxabs=1.175e-03,p99=2.441e-04,rel=1.938e-06
INT8,BITSHIFT,U(-1,1),128,7168,7168,16x256x32_w8f2,SKIP,MF path-B not implemented
INT8,LUT,U(-1,1),128,7168,7168,16x512x32_w8f4,OK,ms=4.790,tflops=2.75,gbps=12.9,maxabs=1.175e-03,p99=2.441e-04,rel=1.938e-06
INT8,BITSHIFT,U(-1,1),128,7168,7168,16x512x32_w8f4,SKIP,MF path-B not implemented
INT8,LUT,U(-1,1),256,7168,7168,16x64x32_w4,OK,ms=5.181,tflops=5.08,gbps=13.4,maxabs=0.000e+00,p99=0.000e+00,rel=0.000e+00
INT8,BITSHIFT,U(-1,1),256,7168,7168,16x64x32_w4,OK,ms=9.554,tflops=2.75,gbps=7.3,maxabs=2.794e-02,p99=1.325e-02,rel=1.823e-04
INT8,LUT,U(-1,1),256,7168,7168,16x64x64_w4,OK,ms=8.039,tflops=3.27,gbps=8.6,maxabs=0.000e+00,p99=0.000e+00,rel=0.000e+00
INT8,BITSHIFT,U(-1,1),256,7168,7168,16x64x64_w4,OK,ms=11.369,tflops=2.31,gbps=6.1,maxabs=2.794e-02,p99=1.325e-02,rel=1.823e-04
INT8,LUT,U(-1,1),256,7168,7168,16x128x32_w8,OK,ms=5.418,tflops=4.86,gbps=12.8,maxabs=0.000e+00,p99=0.000e+00,rel=0.000e+00
INT8,BITSHIFT,U(-1,1),256,7168,7168,16x128x32_w8,OK,ms=9.622,tflops=2.73,gbps=7.2,maxabs=2.794e-02,p99=1.325e-02,rel=1.823e-04
INT8,LUT,U(-1,1),256,7168,7168,16x128x64_w8,OK,ms=8.460,tflops=3.11,gbps=8.2,maxabs=0.000e+00,p99=0.000e+00,rel=0.000e+00
INT8,BITSHIFT,U(-1,1),256,7168,7168,16x128x64_w8,OK,ms=11.275,tflops=2.33,gbps=6.1,maxabs=2.794e-02,p99=1.325e-02,rel=1.823e-04
INT8,LUT,U(-1,1),256,7168,7168,16x128x32_w4f2,OK,ms=5.730,tflops=4.59,gbps=12.1,maxabs=0.000e+00,p99=0.000e+00,rel=0.000e+00
INT8,BITSHIFT,U(-1,1),256,7168,7168,16x128x32_w4f2,SKIP,MF path-B not implemented
INT8,LUT,U(-1,1),256,7168,7168,16x128x64_w4f2,OK,ms=9.151,tflops=2.87,gbps=7.6,maxabs=0.000e+00,p99=0.000e+00,rel=0.000e+00
INT8,BITSHIFT,U(-1,1),256,7168,7168,16x128x64_w4f2,SKIP,MF path-B not implemented
INT8,LUT,U(-1,1),256,7168,7168,16x256x32_w4f4,OK,ms=9.677,tflops=2.72,gbps=7.2,maxabs=0.000e+00,p99=0.000e+00,rel=0.000e+00
INT8,BITSHIFT,U(-1,1),256,7168,7168,16x256x32_w4f4,SKIP,MF path-B not implemented
INT8,LUT,U(-1,1),256,7168,7168,16x256x64_w4f4,OK,ms=16.746,tflops=1.57,gbps=4.1,maxabs=0.000e+00,p99=0.000e+00,rel=0.000e+00
INT8,BITSHIFT,U(-1,1),256,7168,7168,16x256x64_w4f4,SKIP,MF path-B not implemented
INT8,LUT,U(-1,1),256,7168,7168,16x256x32_w8f2,OK,ms=5.744,tflops=4.58,gbps=12.1,maxabs=0.000e+00,p99=0.000e+00,rel=0.000e+00
INT8,BITSHIFT,U(-1,1),256,7168,7168,16x256x32_w8f2,SKIP,MF path-B not implemented
INT8,LUT,U(-1,1),256,7168,7168,16x512x32_w8f4,OK,ms=9.887,tflops=2.66,gbps=7.0,maxabs=0.000e+00,p99=0.000e+00,rel=0.000e+00
INT8,BITSHIFT,U(-1,1),256,7168,7168,16x512x32_w8f4,SKIP,MF path-B not implemented
INT8,LUT,U(-1,1),512,7168,7168,16x64x32_w4,OK,ms=10.365,tflops=5.08,gbps=8.1,maxabs=8.240e-04,p99=1.907e-04,rel=1.532e-06
INT8,BITSHIFT,U(-1,1),512,7168,7168,16x64x32_w4,OK,ms=19.356,tflops=2.72,gbps=4.3,maxabs=2.800e-02,p99=1.324e-02,rel=1.822e-04
INT8,LUT,U(-1,1),512,7168,7168,16x64x64_w4,OK,ms=16.101,tflops=3.27,gbps=5.2,maxabs=8.240e-04,p99=1.907e-04,rel=1.532e-06
INT8,BITSHIFT,U(-1,1),512,7168,7168,16x64x64_w4,OK,ms=21.896,tflops=2.40,gbps=3.8,maxabs=2.800e-02,p99=1.324e-02,rel=1.822e-04
INT8,LUT,U(-1,1),512,7168,7168,16x128x32_w8,OK,ms=10.850,tflops=4.85,gbps=7.7,maxabs=8.240e-04,p99=1.907e-04,rel=1.532e-06
INT8,BITSHIFT,U(-1,1),512,7168,7168,16x128x32_w8,OK,ms=19.712,tflops=2.67,gbps=4.3,maxabs=2.800e-02,p99=1.324e-02,rel=1.822e-04
INT8,LUT,U(-1,1),512,7168,7168,16x128x64_w8,OK,ms=16.599,tflops=3.17,gbps=5.1,maxabs=8.240e-04,p99=1.907e-04,rel=1.532e-06
INT8,BITSHIFT,U(-1,1),512,7168,7168,16x128x64_w8,OK,ms=22.336,tflops=2.36,gbps=3.8,maxabs=2.800e-02,p99=1.324e-02,rel=1.822e-04
INT8,LUT,U(-1,1),512,7168,7168,16x128x32_w4f2,OK,ms=11.435,tflops=4.60,gbps=7.3,maxabs=8.240e-04,p99=1.907e-04,rel=1.532e-06
INT8,BITSHIFT,U(-1,1),512,7168,7168,16x128x32_w4f2,SKIP,MF path-B not implemented
INT8,LUT,U(-1,1),512,7168,7168,16x128x64_w4f2,OK,ms=18.247,tflops=2.88,gbps=4.6,maxabs=8.240e-04,p99=1.907e-04,rel=1.532e-06
INT8,BITSHIFT,U(-1,1),512,7168,7168,16x128x64_w4f2,SKIP,MF path-B not implemented
INT8,LUT,U(-1,1),512,7168,7168,16x256x32_w4f4,OK,ms=14.346,tflops=3.67,gbps=5.9,maxabs=8.240e-04,p99=1.907e-04,rel=1.532e-06
INT8,BITSHIFT,U(-1,1),512,7168,7168,16x256x32_w4f4,SKIP,MF path-B not implemented
INT8,LUT,U(-1,1),512,7168,7168,16x256x64_w4f4,OK,ms=33.321,tflops=1.58,gbps=2.5,maxabs=8.240e-04,p99=1.907e-04,rel=1.532e-06
INT8,BITSHIFT,U(-1,1),512,7168,7168,16x256x64_w4f4,SKIP,MF path-B not implemented
INT8,LUT,U(-1,1),512,7168,7168,16x256x32_w8f2,OK,ms=11.503,tflops=4.57,gbps=7.3,maxabs=8.240e-04,p99=1.907e-04,rel=1.532e-06
INT8,BITSHIFT,U(-1,1),512,7168,7168,16x256x32_w8f2,SKIP,MF path-B not implemented
INT8,LUT,U(-1,1),512,7168,7168,16x512x32_w8f4,OK,ms=14.836,tflops=3.55,gbps=5.7,maxabs=8.240e-04,p99=1.907e-04,rel=1.532e-06
INT8,BITSHIFT,U(-1,1),512,7168,7168,16x512x32_w8f4,SKIP,MF path-B not implemented
INT8,LUT,U(-1,1),1024,7168,7168,16x64x32_w4,OK,ms=21.033,tflops=5.00,gbps=5.4,maxabs=0.000e+00,p99=0.000e+00,rel=0.000e+00
INT8,BITSHIFT,U(-1,1),1024,7168,7168,16x64x32_w4,OK,ms=39.847,tflops=2.64,gbps=2.8,maxabs=2.794e-02,p99=1.324e-02,rel=1.821e-04
INT8,LUT,U(-1,1),1024,7168,7168,16x64x64_w4,OK,ms=29.186,tflops=3.61,gbps=3.9,maxabs=0.000e+00,p99=0.000e+00,rel=0.000e+00
INT8,BITSHIFT,U(-1,1),1024,7168,7168,16x64x64_w4,OK,ms=42.187,tflops=2.49,gbps=2.7,maxabs=2.794e-02,p99=1.324e-02,rel=1.821e-04
INT8,LUT,U(-1,1),1024,7168,7168,16x128x32_w8,OK,ms=22.037,tflops=4.77,gbps=5.1,maxabs=0.000e+00,p99=0.000e+00,rel=0.000e+00
INT8,BITSHIFT,U(-1,1),1024,7168,7168,16x128x32_w8,OK,ms=39.237,tflops=2.68,gbps=2.9,maxabs=2.794e-02,p99=1.324e-02,rel=1.821e-04
INT8,LUT,U(-1,1),1024,7168,7168,16x128x64_w8,OK,ms=30.532,tflops=3.45,gbps=3.7,maxabs=0.000e+00,p99=0.000e+00,rel=0.000e+00
INT8,BITSHIFT,U(-1,1),1024,7168,7168,16x128x64_w8,OK,ms=42.128,tflops=2.50,gbps=2.7,maxabs=2.794e-02,p99=1.324e-02,rel=1.821e-04
INT8,LUT,U(-1,1),1024,7168,7168,16x128x32_w4f2,OK,ms=20.145,tflops=5.22,gbps=5.6,maxabs=0.000e+00,p99=0.000e+00,rel=0.000e+00
INT8,BITSHIFT,U(-1,1),1024,7168,7168,16x128x32_w4f2,SKIP,MF path-B not implemented
INT8,LUT,U(-1,1),1024,7168,7168,16x128x64_w4f2,OK,ms=36.696,tflops=2.87,gbps=3.1,maxabs=0.000e+00,p99=0.000e+00,rel=0.000e+00
INT8,BITSHIFT,U(-1,1),1024,7168,7168,16x128x64_w4f2,SKIP,MF path-B not implemented
INT8,LUT,U(-1,1),1024,7168,7168,16x256x32_w4f4,OK,ms=28.717,tflops=3.66,gbps=3.9,maxabs=0.000e+00,p99=0.000e+00,rel=0.000e+00
INT8,BITSHIFT,U(-1,1),1024,7168,7168,16x256x32_w4f4,SKIP,MF path-B not implemented
INT8,LUT,U(-1,1),1024,7168,7168,16x256x64_w4f4,OK,ms=66.757,tflops=1.58,gbps=1.7,maxabs=0.000e+00,p99=0.000e+00,rel=0.000e+00
INT8,BITSHIFT,U(-1,1),1024,7168,7168,16x256x64_w4f4,SKIP,MF path-B not implemented
INT8,LUT,U(-1,1),1024,7168,7168,16x256x32_w8f2,OK,ms=22.983,tflops=4.58,gbps=4.9,maxabs=0.000e+00,p99=0.000e+00,rel=0.000e+00
INT8,BITSHIFT,U(-1,1),1024,7168,7168,16x256x32_w8f2,SKIP,MF path-B not implemented
INT8,LUT,U(-1,1),1024,7168,7168,16x512x32_w8f4,OK,ms=29.767,tflops=3.54,gbps=3.8,maxabs=0.000e+00,p99=0.000e+00,rel=0.000e+00
INT8,BITSHIFT,U(-1,1),1024,7168,7168,16x512x32_w8f4,SKIP,MF path-B not implemented
INT8,LUT,U(-1,1),2048,7168,7168,16x64x32_w4,OK,ms=40.125,tflops=5.24,gbps=4.3,maxabs=0.000e+00,p99=0.000e+00,rel=0.000e+00
INT8,BITSHIFT,U(-1,1),2048,7168,7168,16x64x32_w4,OK,ms=82.439,tflops=2.55,gbps=2.1,maxabs=2.799e-02,p99=1.324e-02,rel=1.822e-04
INT8,LUT,U(-1,1),2048,7168,7168,16x64x64_w4,OK,ms=57.689,tflops=3.65,gbps=3.0,maxabs=0.000e+00,p99=0.000e+00,rel=0.000e+00
INT8,BITSHIFT,U(-1,1),2048,7168,7168,16x64x64_w4,OK,ms=84.789,tflops=2.48,gbps=2.0,maxabs=2.799e-02,p99=1.324e-02,rel=1.822e-04
INT8,LUT,U(-1,1),2048,7168,7168,16x128x32_w8,OK,ms=41.518,tflops=5.07,gbps=4.1,maxabs=0.000e+00,p99=0.000e+00,rel=0.000e+00
INT8,BITSHIFT,U(-1,1),2048,7168,7168,16x128x32_w8,OK,ms=76.819,tflops=2.74,gbps=2.2,maxabs=2.799e-02,p99=1.324e-02,rel=1.822e-04
INT8,LUT,U(-1,1),2048,7168,7168,16x128x64_w8,OK,ms=60.044,tflops=3.50,gbps=2.9,maxabs=0.000e+00,p99=0.000e+00,rel=0.000e+00
INT8,BITSHIFT,U(-1,1),2048,7168,7168,16x128x64_w8,OK,ms=85.065,tflops=2.47,gbps=2.0,maxabs=2.799e-02,p99=1.324e-02,rel=1.822e-04
INT8,LUT,U(-1,1),2048,7168,7168,16x128x32_w4f2,OK,ms=37.674,tflops=5.59,gbps=4.6,maxabs=0.000e+00,p99=0.000e+00,rel=0.000e+00
INT8,BITSHIFT,U(-1,1),2048,7168,7168,16x128x32_w4f2,SKIP,MF path-B not implemented
INT8,LUT,U(-1,1),2048,7168,7168,16x128x64_w4f2,OK,ms=69.937,tflops=3.01,gbps=2.5,maxabs=0.000e+00,p99=0.000e+00,rel=0.000e+00
INT8,BITSHIFT,U(-1,1),2048,7168,7168,16x128x64_w4f2,SKIP,MF path-B not implemented
INT8,LUT,U(-1,1),2048,7168,7168,16x256x32_w4f4,OK,ms=57.560,tflops=3.66,gbps=3.0,maxabs=0.000e+00,p99=0.000e+00,rel=0.000e+00
INT8,BITSHIFT,U(-1,1),2048,7168,7168,16x256x32_w4f4,SKIP,MF path-B not implemented
INT8,LUT,U(-1,1),2048,7168,7168,16x256x64_w4f4,OK,ms=127.197,tflops=1.65,gbps=1.4,maxabs=0.000e+00,p99=0.000e+00,rel=0.000e+00
INT8,BITSHIFT,U(-1,1),2048,7168,7168,16x256x64_w4f4,SKIP,MF path-B not implemented
INT8,LUT,U(-1,1),2048,7168,7168,16x256x32_w8f2,OK,ms=43.363,tflops=4.85,gbps=4.0,maxabs=0.000e+00,p99=0.000e+00,rel=0.000e+00
INT8,BITSHIFT,U(-1,1),2048,7168,7168,16x256x32_w8f2,SKIP,MF path-B not implemented
INT8,LUT,U(-1,1),2048,7168,7168,16x512x32_w8f4,OK,ms=59.886,tflops=3.51,gbps=2.9,maxabs=0.000e+00,p99=0.000e+00,rel=0.000e+00
INT8,BITSHIFT,U(-1,1),2048,7168,7168,16x512x32_w8f4,SKIP,MF path-B not implemented
INT4,LUT,U(-1,1),1,4096,4096,16x64x32_w4,OK,ms=0.654,tflops=0.05,gbps=14.5,maxabs=1.898e-02,p99=1.403e-02,rel=2.504e-04
INT4,BITSHIFT,U(-1,1),1,4096,4096,16x64x32_w4,OK,ms=0.477,tflops=0.07,gbps=19.9,maxabs=1.329e-02,p99=1.013e-02,rel=1.838e-04
INT4,LUT,U(-1,1),1,4096,4096,16x64x64_w4,OK,ms=0.768,tflops=0.04,gbps=12.3,maxabs=1.898e-02,p99=1.403e-02,rel=2.504e-04
INT4,BITSHIFT,U(-1,1),1,4096,4096,16x64x64_w4,OK,ms=0.472,tflops=0.07,gbps=20.0,maxabs=1.329e-02,p99=1.013e-02,rel=1.838e-04
INT4,LUT,U(-1,1),1,4096,4096,16x128x32_w8,OK,ms=0.770,tflops=0.04,gbps=12.3,maxabs=1.898e-02,p99=1.403e-02,rel=2.504e-04
INT4,BITSHIFT,U(-1,1),1,4096,4096,16x128x32_w8,OK,ms=0.525,tflops=0.06,gbps=18.0,maxabs=1.329e-02,p99=1.013e-02,rel=1.838e-04
INT4,LUT,U(-1,1),1,4096,4096,16x128x64_w8,OK,ms=0.851,tflops=0.04,gbps=11.1,maxabs=1.898e-02,p99=1.403e-02,rel=2.504e-04
INT4,BITSHIFT,U(-1,1),1,4096,4096,16x128x64_w8,OK,ms=0.591,tflops=0.06,gbps=16.0,maxabs=1.329e-02,p99=1.013e-02,rel=1.838e-04
INT4,LUT,U(-1,1),1,4096,4096,16x128x32_w4f2,SKIP,BN/WARPS != 16
INT4,BITSHIFT,U(-1,1),1,4096,4096,16x128x32_w4f2,SKIP,BN/WARPS != 16
INT4,LUT,U(-1,1),1,4096,4096,16x128x64_w4f2,SKIP,BN/WARPS != 16
INT4,BITSHIFT,U(-1,1),1,4096,4096,16x128x64_w4f2,SKIP,BN/WARPS != 16
INT4,LUT,U(-1,1),1,4096,4096,16x256x32_w4f4,SKIP,BN/WARPS != 16
INT4,BITSHIFT,U(-1,1),1,4096,4096,16x256x32_w4f4,SKIP,BN/WARPS != 16
INT4,LUT,U(-1,1),1,4096,4096,16x256x64_w4f4,SKIP,BN/WARPS != 16
INT4,BITSHIFT,U(-1,1),1,4096,4096,16x256x64_w4f4,SKIP,BN/WARPS != 16
INT4,LUT,U(-1,1),1,4096,4096,16x256x32_w8f2,SKIP,BN/WARPS != 16
INT4,BITSHIFT,U(-1,1),1,4096,4096,16x256x32_w8f2,SKIP,BN/WARPS != 16
INT4,LUT,U(-1,1),1,4096,4096,16x512x32_w8f4,SKIP,BN/WARPS != 16
INT4,BITSHIFT,U(-1,1),1,4096,4096,16x512x32_w8f4,SKIP,BN/WARPS != 16
INT4,LUT,U(-1,1),8,4096,4096,16x64x32_w4,OK,ms=0.636,tflops=0.42,gbps=15.3,maxabs=4.578e-04,p99=1.450e-04,rel=1.458e-06
INT4,BITSHIFT,U(-1,1),8,4096,4096,16x64x32_w4,OK,ms=0.558,tflops=0.48,gbps=17.4,maxabs=1.680e-02,p99=9.845e-03,rel=1.784e-04
INT4,LUT,U(-1,1),8,4096,4096,16x64x64_w4,OK,ms=0.773,tflops=0.35,gbps=12.5,maxabs=4.578e-04,p99=1.450e-04,rel=1.458e-06
INT4,BITSHIFT,U(-1,1),8,4096,4096,16x64x64_w4,OK,ms=0.567,tflops=0.47,gbps=17.1,maxabs=1.680e-02,p99=9.845e-03,rel=1.784e-04
INT4,LUT,U(-1,1),8,4096,4096,16x128x32_w8,OK,ms=0.793,tflops=0.34,gbps=12.2,maxabs=4.578e-04,p99=1.450e-04,rel=1.458e-06
INT4,BITSHIFT,U(-1,1),8,4096,4096,16x128x32_w8,OK,ms=0.637,tflops=0.42,gbps=15.2,maxabs=1.680e-02,p99=9.845e-03,rel=1.784e-04
INT4,LUT,U(-1,1),8,4096,4096,16x128x64_w8,OK,ms=0.860,tflops=0.31,gbps=11.3,maxabs=4.578e-04,p99=1.450e-04,rel=1.458e-06
INT4,BITSHIFT,U(-1,1),8,4096,4096,16x128x64_w8,OK,ms=0.695,tflops=0.39,gbps=14.0,maxabs=1.680e-02,p99=9.845e-03,rel=1.784e-04
INT4,LUT,U(-1,1),8,4096,4096,16x128x32_w4f2,SKIP,BN/WARPS != 16
INT4,BITSHIFT,U(-1,1),8,4096,4096,16x128x32_w4f2,SKIP,BN/WARPS != 16
INT4,LUT,U(-1,1),8,4096,4096,16x128x64_w4f2,SKIP,BN/WARPS != 16
INT4,BITSHIFT,U(-1,1),8,4096,4096,16x128x64_w4f2,SKIP,BN/WARPS != 16
INT4,LUT,U(-1,1),8,4096,4096,16x256x32_w4f4,SKIP,BN/WARPS != 16
INT4,BITSHIFT,U(-1,1),8,4096,4096,16x256x32_w4f4,SKIP,BN/WARPS != 16
INT4,LUT,U(-1,1),8,4096,4096,16x256x64_w4f4,SKIP,BN/WARPS != 16
INT4,BITSHIFT,U(-1,1),8,4096,4096,16x256x64_w4f4,SKIP,BN/WARPS != 16
INT4,LUT,U(-1,1),8,4096,4096,16x256x32_w8f2,SKIP,BN/WARPS != 16
INT4,BITSHIFT,U(-1,1),8,4096,4096,16x256x32_w8f2,SKIP,BN/WARPS != 16
INT4,LUT,U(-1,1),8,4096,4096,16x512x32_w8f4,SKIP,BN/WARPS != 16
INT4,BITSHIFT,U(-1,1),8,4096,4096,16x512x32_w8f4,SKIP,BN/WARPS != 16
INT4,LUT,U(-1,1),16,4096,4096,16x64x32_w4,OK,ms=0.674,tflops=0.80,gbps=14.8,maxabs=4.807e-04,p99=1.450e-04,rel=1.454e-06
INT4,BITSHIFT,U(-1,1),16,4096,4096,16x64x32_w4,OK,ms=0.682,tflops=0.79,gbps=14.6,maxabs=1.680e-02,p99=9.844e-03,rel=1.776e-04
INT4,LUT,U(-1,1),16,4096,4096,16x64x64_w4,OK,ms=0.780,tflops=0.69,gbps=12.8,maxabs=4.807e-04,p99=1.450e-04,rel=1.454e-06
INT4,BITSHIFT,U(-1,1),16,4096,4096,16x64x64_w4,OK,ms=0.695,tflops=0.77,gbps=14.3,maxabs=1.680e-02,p99=9.844e-03,rel=1.776e-04
INT4,LUT,U(-1,1),16,4096,4096,16x128x32_w8,OK,ms=0.818,tflops=0.66,gbps=12.2,maxabs=4.807e-04,p99=1.450e-04,rel=1.454e-06
INT4,BITSHIFT,U(-1,1),16,4096,4096,16x128x32_w8,OK,ms=0.814,tflops=0.66,gbps=12.2,maxabs=1.680e-02,p99=9.844e-03,rel=1.776e-04
INT4,LUT,U(-1,1),16,4096,4096,16x128x64_w8,OK,ms=0.863,tflops=0.62,gbps=11.5,maxabs=4.807e-04,p99=1.450e-04,rel=1.454e-06
INT4,BITSHIFT,U(-1,1),16,4096,4096,16x128x64_w8,OK,ms=0.824,tflops=0.65,gbps=12.1,maxabs=1.680e-02,p99=9.844e-03,rel=1.776e-04
INT4,LUT,U(-1,1),16,4096,4096,16x128x32_w4f2,SKIP,BN/WARPS != 16
INT4,BITSHIFT,U(-1,1),16,4096,4096,16x128x32_w4f2,SKIP,BN/WARPS != 16
INT4,LUT,U(-1,1),16,4096,4096,16x128x64_w4f2,SKIP,BN/WARPS != 16
INT4,BITSHIFT,U(-1,1),16,4096,4096,16x128x64_w4f2,SKIP,BN/WARPS != 16
INT4,LUT,U(-1,1),16,4096,4096,16x256x32_w4f4,SKIP,BN/WARPS != 16
INT4,BITSHIFT,U(-1,1),16,4096,4096,16x256x32_w4f4,SKIP,BN/WARPS != 16
INT4,LUT,U(-1,1),16,4096,4096,16x256x64_w4f4,SKIP,BN/WARPS != 16
INT4,BITSHIFT,U(-1,1),16,4096,4096,16x256x64_w4f4,SKIP,BN/WARPS != 16
INT4,LUT,U(-1,1),16,4096,4096,16x256x32_w8f2,SKIP,BN/WARPS != 16
INT4,BITSHIFT,U(-1,1),16,4096,4096,16x256x32_w8f2,SKIP,BN/WARPS != 16
INT4,LUT,U(-1,1),16,4096,4096,16x512x32_w8f4,SKIP,BN/WARPS != 16
INT4,BITSHIFT,U(-1,1),16,4096,4096,16x512x32_w8f4,SKIP,BN/WARPS != 16
INT4,LUT,U(-1,1),32,4096,4096,16x64x32_w4,OK,ms=0.753,tflops=1.43,gbps=13.9,maxabs=4.807e-04,p99=1.450e-04,rel=1.462e-06
INT4,BITSHIFT,U(-1,1),32,4096,4096,16x64x32_w4,OK,ms=0.744,tflops=1.44,gbps=14.1,maxabs=1.680e-02,p99=9.803e-03,rel=1.777e-04
INT4,LUT,U(-1,1),32,4096,4096,16x64x64_w4,OK,ms=0.806,tflops=1.33,gbps=13.0,maxabs=4.807e-04,p99=1.450e-04,rel=1.462e-06
INT4,BITSHIFT,U(-1,1),32,4096,4096,16x64x64_w4,OK,ms=0.803,tflops=1.34,gbps=13.1,maxabs=1.680e-02,p99=9.803e-03,rel=1.777e-04
INT4,LUT,U(-1,1),32,4096,4096,16x128x32_w8,OK,ms=0.811,tflops=1.32,gbps=12.9,maxabs=4.807e-04,p99=1.450e-04,rel=1.462e-06
INT4,BITSHIFT,U(-1,1),32,4096,4096,16x128x32_w8,OK,ms=0.814,tflops=1.32,gbps=12.9,maxabs=1.680e-02,p99=9.803e-03,rel=1.777e-04
INT4,LUT,U(-1,1),32,4096,4096,16x128x64_w8,OK,ms=0.849,tflops=1.26,gbps=12.3,maxabs=4.807e-04,p99=1.450e-04,rel=1.462e-06
INT4,BITSHIFT,U(-1,1),32,4096,4096,16x128x64_w8,OK,ms=0.818,tflops=1.31,gbps=12.8,maxabs=1.680e-02,p99=9.803e-03,rel=1.777e-04
INT4,LUT,U(-1,1),32,4096,4096,16x128x32_w4f2,SKIP,BN/WARPS != 16
INT4,BITSHIFT,U(-1,1),32,4096,4096,16x128x32_w4f2,SKIP,BN/WARPS != 16
INT4,LUT,U(-1,1),32,4096,4096,16x128x64_w4f2,SKIP,BN/WARPS != 16
INT4,BITSHIFT,U(-1,1),32,4096,4096,16x128x64_w4f2,SKIP,BN/WARPS != 16
INT4,LUT,U(-1,1),32,4096,4096,16x256x32_w4f4,SKIP,BN/WARPS != 16
INT4,BITSHIFT,U(-1,1),32,4096,4096,16x256x32_w4f4,SKIP,BN/WARPS != 16
INT4,LUT,U(-1,1),32,4096,4096,16x256x64_w4f4,SKIP,BN/WARPS != 16
INT4,BITSHIFT,U(-1,1),32,4096,4096,16x256x64_w4f4,SKIP,BN/WARPS != 16
INT4,LUT,U(-1,1),32,4096,4096,16x256x32_w8f2,SKIP,BN/WARPS != 16
INT4,BITSHIFT,U(-1,1),32,4096,4096,16x256x32_w8f2,SKIP,BN/WARPS != 16
INT4,LUT,U(-1,1),32,4096,4096,16x512x32_w8f4,SKIP,BN/WARPS != 16
INT4,BITSHIFT,U(-1,1),32,4096,4096,16x512x32_w8f4,SKIP,BN/WARPS != 16
INT4,LUT,U(-1,1),64,4096,4096,16x64x32_w4,OK,ms=0.810,tflops=2.65,gbps=14.2,maxabs=4.807e-04,p99=1.450e-04,rel=1.464e-06
INT4,BITSHIFT,U(-1,1),64,4096,4096,16x64x32_w4,OK,ms=0.979,tflops=2.19,gbps=11.8,maxabs=1.795e-02,p99=9.797e-03,rel=1.771e-04
INT4,LUT,U(-1,1),64,4096,4096,16x64x64_w4,OK,ms=0.875,tflops=2.45,gbps=13.2,maxabs=4.807e-04,p99=1.450e-04,rel=1.464e-06
INT4,BITSHIFT,U(-1,1),64,4096,4096,16x64x64_w4,OK,ms=1.181,tflops=1.82,gbps=9.8,maxabs=1.795e-02,p99=9.797e-03,rel=1.771e-04
INT4,LUT,U(-1,1),64,4096,4096,16x128x32_w8,OK,ms=0.824,tflops=2.60,gbps=14.0,maxabs=4.807e-04,p99=1.450e-04,rel=1.464e-06
INT4,BITSHIFT,U(-1,1),64,4096,4096,16x128x32_w8,OK,ms=1.023,tflops=2.10,gbps=11.3,maxabs=1.795e-02,p99=9.797e-03,rel=1.771e-04
INT4,LUT,U(-1,1),64,4096,4096,16x128x64_w8,OK,ms=0.861,tflops=2.49,gbps=13.4,maxabs=4.807e-04,p99=1.450e-04,rel=1.464e-06
INT4,BITSHIFT,U(-1,1),64,4096,4096,16x128x64_w8,OK,ms=1.221,tflops=1.76,gbps=9.4,maxabs=1.795e-02,p99=9.797e-03,rel=1.771e-04
INT4,LUT,U(-1,1),64,4096,4096,16x128x32_w4f2,SKIP,BN/WARPS != 16
INT4,BITSHIFT,U(-1,1),64,4096,4096,16x128x32_w4f2,SKIP,BN/WARPS != 16
INT4,LUT,U(-1,1),64,4096,4096,16x128x64_w4f2,SKIP,BN/WARPS != 16
INT4,BITSHIFT,U(-1,1),64,4096,4096,16x128x64_w4f2,SKIP,BN/WARPS != 16
INT4,LUT,U(-1,1),64,4096,4096,16x256x32_w4f4,SKIP,BN/WARPS != 16
INT4,BITSHIFT,U(-1,1),64,4096,4096,16x256x32_w4f4,SKIP,BN/WARPS != 16
INT4,LUT,U(-1,1),64,4096,4096,16x256x64_w4f4,SKIP,BN/WARPS != 16
INT4,BITSHIFT,U(-1,1),64,4096,4096,16x256x64_w4f4,SKIP,BN/WARPS != 16
INT4,LUT,U(-1,1),64,4096,4096,16x256x32_w8f2,SKIP,BN/WARPS != 16
INT4,BITSHIFT,U(-1,1),64,4096,4096,16x256x32_w8f2,SKIP,BN/WARPS != 16
INT4,LUT,U(-1,1),64,4096,4096,16x512x32_w8f4,SKIP,BN/WARPS != 16
INT4,BITSHIFT,U(-1,1),64,4096,4096,16x512x32_w8f4,SKIP,BN/WARPS != 16
INT4,LUT,U(-1,1),128,4096,4096,16x64x32_w4,OK,ms=0.931,tflops=4.61,gbps=14.6,maxabs=4.196e-04,p99=1.221e-04,rel=1.260e-06
INT4,BITSHIFT,U(-1,1),128,4096,4096,16x64x32_w4,OK,ms=1.516,tflops=2.83,gbps=9.0,maxabs=1.828e-02,p99=9.782e-03,rel=1.771e-04
INT4,LUT,U(-1,1),128,4096,4096,16x64x64_w4,OK,ms=1.882,tflops=2.28,gbps=7.2,maxabs=4.196e-04,p99=1.221e-04,rel=1.260e-06
INT4,BITSHIFT,U(-1,1),128,4096,4096,16x64x64_w4,OK,ms=2.377,tflops=1.81,gbps=5.7,maxabs=1.828e-02,p99=9.782e-03,rel=1.771e-04
INT4,LUT,U(-1,1),128,4096,4096,16x128x32_w8,OK,ms=0.996,tflops=4.31,gbps=13.7,maxabs=4.196e-04,p99=1.221e-04,rel=1.260e-06
INT4,BITSHIFT,U(-1,1),128,4096,4096,16x128x32_w8,OK,ms=2.152,tflops=2.00,gbps=6.3,maxabs=1.828e-02,p99=9.782e-03,rel=1.771e-04
INT4,LUT,U(-1,1),128,4096,4096,16x128x64_w8,OK,ms=1.924,tflops=2.23,gbps=7.1,maxabs=4.196e-04,p99=1.221e-04,rel=1.260e-06
INT4,BITSHIFT,U(-1,1),128,4096,4096,16x128x64_w8,OK,ms=2.549,tflops=1.68,gbps=5.3,maxabs=1.828e-02,p99=9.782e-03,rel=1.771e-04
INT4,LUT,U(-1,1),128,4096,4096,16x128x32_w4f2,SKIP,BN/WARPS != 16
INT4,BITSHIFT,U(-1,1),128,4096,4096,16x128x32_w4f2,SKIP,BN/WARPS != 16
INT4,LUT,U(-1,1),128,4096,4096,16x128x64_w4f2,SKIP,BN/WARPS != 16
INT4,BITSHIFT,U(-1,1),128,4096,4096,16x128x64_w4f2,SKIP,BN/WARPS != 16
INT4,LUT,U(-1,1),128,4096,4096,16x256x32_w4f4,SKIP,BN/WARPS != 16
INT4,BITSHIFT,U(-1,1),128,4096,4096,16x256x32_w4f4,SKIP,BN/WARPS != 16
INT4,LUT,U(-1,1),128,4096,4096,16x256x64_w4f4,SKIP,BN/WARPS != 16
INT4,BITSHIFT,U(-1,1),128,4096,4096,16x256x64_w4f4,SKIP,BN/WARPS != 16
INT4,LUT,U(-1,1),128,4096,4096,16x256x32_w8f2,SKIP,BN/WARPS != 16
INT4,BITSHIFT,U(-1,1),128,4096,4096,16x256x32_w8f2,SKIP,BN/WARPS != 16
INT4,LUT,U(-1,1),128,4096,4096,16x512x32_w8f4,SKIP,BN/WARPS != 16
INT4,BITSHIFT,U(-1,1),128,4096,4096,16x512x32_w8f4,SKIP,BN/WARPS != 16
INT4,LUT,U(-1,1),256,4096,4096,16x64x32_w4,OK,ms=1.957,tflops=4.39,gbps=9.1,maxabs=5.493e-04,p99=1.411e-04,rel=1.426e-06
INT4,BITSHIFT,U(-1,1),256,4096,4096,16x64x32_w4,OK,ms=3.022,tflops=2.84,gbps=5.9,maxabs=1.936e-02,p99=9.787e-03,rel=1.769e-04
INT4,LUT,U(-1,1),256,4096,4096,16x64x64_w4,OK,ms=2.931,tflops=2.93,gbps=6.1,maxabs=5.493e-04,p99=1.411e-04,rel=1.426e-06
INT4,BITSHIFT,U(-1,1),256,4096,4096,16x64x64_w4,OK,ms=4.149,tflops=2.07,gbps=4.3,maxabs=1.936e-02,p99=9.787e-03,rel=1.769e-04
INT4,LUT,U(-1,1),256,4096,4096,16x128x32_w8,OK,ms=1.989,tflops=4.32,gbps=9.0,maxabs=5.493e-04,p99=1.411e-04,rel=1.426e-06
INT4,BITSHIFT,U(-1,1),256,4096,4096,16x128x32_w8,OK,ms=3.740,tflops=2.30,gbps=4.8,maxabs=1.936e-02,p99=9.787e-03,rel=1.769e-04
INT4,LUT,U(-1,1),256,4096,4096,16x128x64_w8,OK,ms=3.106,tflops=2.77,gbps=5.7,maxabs=5.493e-04,p99=1.411e-04,rel=1.426e-06
INT4,BITSHIFT,U(-1,1),256,4096,4096,16x128x64_w8,OK,ms=4.572,tflops=1.88,gbps=3.9,maxabs=1.936e-02,p99=9.787e-03,rel=1.769e-04
INT4,LUT,U(-1,1),256,4096,4096,16x128x32_w4f2,SKIP,BN/WARPS != 16
INT4,BITSHIFT,U(-1,1),256,4096,4096,16x128x32_w4f2,SKIP,BN/WARPS != 16
INT4,LUT,U(-1,1),256,4096,4096,16x128x64_w4f2,SKIP,BN/WARPS != 16
INT4,BITSHIFT,U(-1,1),256,4096,4096,16x128x64_w4f2,SKIP,BN/WARPS != 16
INT4,LUT,U(-1,1),256,4096,4096,16x256x32_w4f4,SKIP,BN/WARPS != 16
INT4,BITSHIFT,U(-1,1),256,4096,4096,16x256x32_w4f4,SKIP,BN/WARPS != 16
INT4,LUT,U(-1,1),256,4096,4096,16x256x64_w4f4,SKIP,BN/WARPS != 16
INT4,BITSHIFT,U(-1,1),256,4096,4096,16x256x64_w4f4,SKIP,BN/WARPS != 16
INT4,LUT,U(-1,1),256,4096,4096,16x256x32_w8f2,SKIP,BN/WARPS != 16
INT4,BITSHIFT,U(-1,1),256,4096,4096,16x256x32_w8f2,SKIP,BN/WARPS != 16
INT4,LUT,U(-1,1),256,4096,4096,16x512x32_w8f4,SKIP,BN/WARPS != 16
INT4,BITSHIFT,U(-1,1),256,4096,4096,16x512x32_w8f4,SKIP,BN/WARPS != 16
INT4,LUT,U(-1,1),512,4096,4096,16x64x32_w4,OK,ms=3.787,tflops=4.54,gbps=6.9,maxabs=5.112e-04,p99=1.221e-04,rel=1.261e-06
INT4,BITSHIFT,U(-1,1),512,4096,4096,16x64x32_w4,OK,ms=5.986,tflops=2.87,gbps=4.4,maxabs=1.960e-02,p99=9.790e-03,rel=1.770e-04
INT4,LUT,U(-1,1),512,4096,4096,16x64x64_w4,OK,ms=4.954,tflops=3.47,gbps=5.3,maxabs=5.112e-04,p99=1.221e-04,rel=1.261e-06
INT4,BITSHIFT,U(-1,1),512,4096,4096,16x64x64_w4,OK,ms=7.430,tflops=2.31,gbps=3.5,maxabs=1.960e-02,p99=9.790e-03,rel=1.770e-04
INT4,LUT,U(-1,1),512,4096,4096,16x128x32_w8,OK,ms=3.907,tflops=4.40,gbps=6.7,maxabs=5.112e-04,p99=1.221e-04,rel=1.261e-06
INT4,BITSHIFT,U(-1,1),512,4096,4096,16x128x32_w8,OK,ms=6.453,tflops=2.66,gbps=4.1,maxabs=1.960e-02,p99=9.790e-03,rel=1.770e-04
INT4,LUT,U(-1,1),512,4096,4096,16x128x64_w8,OK,ms=5.134,tflops=3.35,gbps=5.1,maxabs=5.112e-04,p99=1.221e-04,rel=1.261e-06
INT4,BITSHIFT,U(-1,1),512,4096,4096,16x128x64_w8,OK,ms=7.995,tflops=2.15,gbps=3.3,maxabs=1.960e-02,p99=9.790e-03,rel=1.770e-04
INT4,LUT,U(-1,1),512,4096,4096,16x128x32_w4f2,SKIP,BN/WARPS != 16
INT4,BITSHIFT,U(-1,1),512,4096,4096,16x128x32_w4f2,SKIP,BN/WARPS != 16
INT4,LUT,U(-1,1),512,4096,4096,16x128x64_w4f2,SKIP,BN/WARPS != 16
INT4,BITSHIFT,U(-1,1),512,4096,4096,16x128x64_w4f2,SKIP,BN/WARPS != 16
INT4,LUT,U(-1,1),512,4096,4096,16x256x32_w4f4,SKIP,BN/WARPS != 16
INT4,BITSHIFT,U(-1,1),512,4096,4096,16x256x32_w4f4,SKIP,BN/WARPS != 16
INT4,LUT,U(-1,1),512,4096,4096,16x256x64_w4f4,SKIP,BN/WARPS != 16
INT4,BITSHIFT,U(-1,1),512,4096,4096,16x256x64_w4f4,SKIP,BN/WARPS != 16
INT4,LUT,U(-1,1),512,4096,4096,16x256x32_w8f2,SKIP,BN/WARPS != 16
INT4,BITSHIFT,U(-1,1),512,4096,4096,16x256x32_w8f2,SKIP,BN/WARPS != 16
INT4,LUT,U(-1,1),512,4096,4096,16x512x32_w8f4,SKIP,BN/WARPS != 16
INT4,BITSHIFT,U(-1,1),512,4096,4096,16x512x32_w8f4,SKIP,BN/WARPS != 16
INT4,LUT,U(-1,1),1024,4096,4096,16x64x32_w4,OK,ms=6.825,tflops=5.03,gbps=6.3,maxabs=0.000e+00,p99=0.000e+00,rel=0.000e+00
INT4,BITSHIFT,U(-1,1),1024,4096,4096,16x64x32_w4,OK,ms=11.992,tflops=2.87,gbps=3.6,maxabs=2.059e-02,p99=9.796e-03,rel=1.772e-04
INT4,LUT,U(-1,1),1024,4096,4096,16x64x64_w4,OK,ms=9.143,tflops=3.76,gbps=4.7,maxabs=0.000e+00,p99=0.000e+00,rel=0.000e+00
INT4,BITSHIFT,U(-1,1),1024,4096,4096,16x64x64_w4,OK,ms=14.271,tflops=2.41,gbps=3.0,maxabs=2.059e-02,p99=9.796e-03,rel=1.772e-04
INT4,LUT,U(-1,1),1024,4096,4096,16x128x32_w8,OK,ms=7.084,tflops=4.85,gbps=6.1,maxabs=0.000e+00,p99=0.000e+00,rel=0.000e+00
INT4,BITSHIFT,U(-1,1),1024,4096,4096,16x128x32_w8,OK,ms=12.327,tflops=2.79,gbps=3.5,maxabs=2.059e-02,p99=9.796e-03,rel=1.772e-04
INT4,LUT,U(-1,1),1024,4096,4096,16x128x64_w8,OK,ms=9.406,tflops=3.65,gbps=4.6,maxabs=0.000e+00,p99=0.000e+00,rel=0.000e+00
INT4,BITSHIFT,U(-1,1),1024,4096,4096,16x128x64_w8,OK,ms=14.709,tflops=2.34,gbps=2.9,maxabs=2.059e-02,p99=9.796e-03,rel=1.772e-04
INT4,LUT,U(-1,1),1024,4096,4096,16x128x32_w4f2,SKIP,BN/WARPS != 16
INT4,BITSHIFT,U(-1,1),1024,4096,4096,16x128x32_w4f2,SKIP,BN/WARPS != 16
INT4,LUT,U(-1,1),1024,4096,4096,16x128x64_w4f2,SKIP,BN/WARPS != 16
INT4,BITSHIFT,U(-1,1),1024,4096,4096,16x128x64_w4f2,SKIP,BN/WARPS != 16
INT4,LUT,U(-1,1),1024,4096,4096,16x256x32_w4f4,SKIP,BN/WARPS != 16
INT4,BITSHIFT,U(-1,1),1024,4096,4096,16x256x32_w4f4,SKIP,BN/WARPS != 16
INT4,LUT,U(-1,1),1024,4096,4096,16x256x64_w4f4,SKIP,BN/WARPS != 16
INT4,BITSHIFT,U(-1,1),1024,4096,4096,16x256x64_w4f4,SKIP,BN/WARPS != 16
INT4,LUT,U(-1,1),1024,4096,4096,16x256x32_w8f2,SKIP,BN/WARPS != 16
INT4,BITSHIFT,U(-1,1),1024,4096,4096,16x256x32_w8f2,SKIP,BN/WARPS != 16
INT4,LUT,U(-1,1),1024,4096,4096,16x512x32_w8f4,SKIP,BN/WARPS != 16
INT4,BITSHIFT,U(-1,1),1024,4096,4096,16x512x32_w8f4,SKIP,BN/WARPS != 16
INT4,LUT,U(-1,1),2048,4096,4096,16x64x32_w4,OK,ms=12.927,tflops=5.32,gbps=5.9,maxabs=0.000e+00,p99=0.000e+00,rel=0.000e+00
INT4,BITSHIFT,U(-1,1),2048,4096,4096,16x64x32_w4,OK,ms=23.491,tflops=2.93,gbps=3.3,maxabs=2.059e-02,p99=9.799e-03,rel=1.772e-04
INT4,LUT,U(-1,1),2048,4096,4096,16x64x64_w4,OK,ms=18.182,tflops=3.78,gbps=4.2,maxabs=0.000e+00,p99=0.000e+00,rel=0.000e+00
INT4,BITSHIFT,U(-1,1),2048,4096,4096,16x64x64_w4,OK,ms=28.309,tflops=2.43,gbps=2.7,maxabs=2.059e-02,p99=9.799e-03,rel=1.772e-04
INT4,LUT,U(-1,1),2048,4096,4096,16x128x32_w8,OK,ms=13.280,tflops=5.17,gbps=5.8,maxabs=0.000e+00,p99=0.000e+00,rel=0.000e+00
INT4,BITSHIFT,U(-1,1),2048,4096,4096,16x128x32_w8,OK,ms=24.114,tflops=2.85,gbps=3.2,maxabs=2.059e-02,p99=9.799e-03,rel=1.772e-04
INT4,LUT,U(-1,1),2048,4096,4096,16x128x64_w8,OK,ms=18.913,tflops=3.63,gbps=4.0,maxabs=0.000e+00,p99=0.000e+00,rel=0.000e+00
INT4,BITSHIFT,U(-1,1),2048,4096,4096,16x128x64_w8,OK,ms=29.196,tflops=2.35,gbps=2.6,maxabs=2.059e-02,p99=9.799e-03,rel=1.772e-04
INT4,LUT,U(-1,1),2048,4096,4096,16x128x32_w4f2,SKIP,BN/WARPS != 16
INT4,BITSHIFT,U(-1,1),2048,4096,4096,16x128x32_w4f2,SKIP,BN/WARPS != 16
INT4,LUT,U(-1,1),2048,4096,4096,16x128x64_w4f2,SKIP,BN/WARPS != 16
INT4,BITSHIFT,U(-1,1),2048,4096,4096,16x128x64_w4f2,SKIP,BN/WARPS != 16
INT4,LUT,U(-1,1),2048,4096,4096,16x256x32_w4f4,SKIP,BN/WARPS != 16
INT4,BITSHIFT,U(-1,1),2048,4096,4096,16x256x32_w4f4,SKIP,BN/WARPS != 16
INT4,LUT,U(-1,1),2048,4096,4096,16x256x64_w4f4,SKIP,BN/WARPS != 16
INT4,BITSHIFT,U(-1,1),2048,4096,4096,16x256x64_w4f4,SKIP,BN/WARPS != 16
INT4,LUT,U(-1,1),2048,4096,4096,16x256x32_w8f2,SKIP,BN/WARPS != 16
INT4,BITSHIFT,U(-1,1),2048,4096,4096,16x256x32_w8f2,SKIP,BN/WARPS != 16
INT4,LUT,U(-1,1),2048,4096,4096,16x512x32_w8f4,SKIP,BN/WARPS != 16
INT4,BITSHIFT,U(-1,1),2048,4096,4096,16x512x32_w8f4,SKIP,BN/WARPS != 16
INT4,LUT,U(-1,1),1,7168,7168,16x64x32_w4,OK,ms=1.356,tflops=0.08,gbps=21.4,maxabs=2.849e-02,p99=1.838e-02,rel=2.533e-04
INT4,BITSHIFT,U(-1,1),1,7168,7168,16x64x32_w4,OK,ms=0.887,tflops=0.12,gbps=32.7,maxabs=1.848e-02,p99=1.350e-02,rel=1.814e-04
INT4,LUT,U(-1,1),1,7168,7168,16x64x64_w4,OK,ms=1.466,tflops=0.07,gbps=19.8,maxabs=2.849e-02,p99=1.838e-02,rel=2.533e-04
INT4,BITSHIFT,U(-1,1),1,7168,7168,16x64x64_w4,OK,ms=0.999,tflops=0.10,gbps=29.0,maxabs=1.848e-02,p99=1.350e-02,rel=1.814e-04
INT4,LUT,U(-1,1),1,7168,7168,16x128x32_w8,OK,ms=1.354,tflops=0.08,gbps=21.4,maxabs=2.849e-02,p99=1.838e-02,rel=2.533e-04
INT4,BITSHIFT,U(-1,1),1,7168,7168,16x128x32_w8,OK,ms=0.926,tflops=0.11,gbps=31.3,maxabs=1.848e-02,p99=1.350e-02,rel=1.814e-04
INT4,LUT,U(-1,1),1,7168,7168,16x128x64_w8,OK,ms=1.502,tflops=0.07,gbps=19.3,maxabs=2.849e-02,p99=1.838e-02,rel=2.533e-04
INT4,BITSHIFT,U(-1,1),1,7168,7168,16x128x64_w8,OK,ms=1.028,tflops=0.10,gbps=28.2,maxabs=1.848e-02,p99=1.350e-02,rel=1.814e-04
INT4,LUT,U(-1,1),1,7168,7168,16x128x32_w4f2,SKIP,BN/WARPS != 16
INT4,BITSHIFT,U(-1,1),1,7168,7168,16x128x32_w4f2,SKIP,BN/WARPS != 16
INT4,LUT,U(-1,1),1,7168,7168,16x128x64_w4f2,SKIP,BN/WARPS != 16
INT4,BITSHIFT,U(-1,1),1,7168,7168,16x128x64_w4f2,SKIP,BN/WARPS != 16
INT4,LUT,U(-1,1),1,7168,7168,16x256x32_w4f4,SKIP,BN/WARPS != 16
INT4,BITSHIFT,U(-1,1),1,7168,7168,16x256x32_w4f4,SKIP,BN/WARPS != 16
INT4,LUT,U(-1,1),1,7168,7168,16x256x64_w4f4,SKIP,BN/WARPS != 16
INT4,BITSHIFT,U(-1,1),1,7168,7168,16x256x64_w4f4,SKIP,BN/WARPS != 16
INT4,LUT,U(-1,1),1,7168,7168,16x256x32_w8f2,SKIP,BN/WARPS != 16
INT4,BITSHIFT,U(-1,1),1,7168,7168,16x256x32_w8f2,SKIP,BN/WARPS != 16
INT4,LUT,U(-1,1),1,7168,7168,16x512x32_w8f4,SKIP,BN/WARPS != 16
INT4,BITSHIFT,U(-1,1),1,7168,7168,16x512x32_w8f4,SKIP,BN/WARPS != 16
INT4,LUT,U(-1,1),8,7168,7168,16x64x32_w4,OK,ms=1.333,tflops=0.62,gbps=22.0,maxabs=3.204e-02,p99=1.888e-02,rel=2.574e-04
INT4,BITSHIFT,U(-1,1),8,7168,7168,16x64x32_w4,OK,ms=1.082,tflops=0.76,gbps=27.1,maxabs=2.386e-02,p99=1.357e-02,rel=1.872e-04
INT4,LUT,U(-1,1),8,7168,7168,16x64x64_w4,OK,ms=1.479,tflops=0.56,gbps=19.9,maxabs=3.204e-02,p99=1.888e-02,rel=2.574e-04
INT4,BITSHIFT,U(-1,1),8,7168,7168,16x64x64_w4,OK,ms=1.201,tflops=0.68,gbps=24.5,maxabs=2.386e-02,p99=1.357e-02,rel=1.872e-04
INT4,LUT,U(-1,1),8,7168,7168,16x128x32_w8,OK,ms=1.395,tflops=0.59,gbps=21.1,maxabs=3.204e-02,p99=1.888e-02,rel=2.574e-04
INT4,BITSHIFT,U(-1,1),8,7168,7168,16x128x32_w8,OK,ms=1.119,tflops=0.73,gbps=26.2,maxabs=2.386e-02,p99=1.357e-02,rel=1.872e-04
INT4,LUT,U(-1,1),8,7168,7168,16x128x64_w8,OK,ms=1.520,tflops=0.54,gbps=19.3,maxabs=3.204e-02,p99=1.888e-02,rel=2.574e-04
INT4,BITSHIFT,U(-1,1),8,7168,7168,16x128x64_w8,OK,ms=1.206,tflops=0.68,gbps=24.3,maxabs=2.386e-02,p99=1.357e-02,rel=1.872e-04
INT4,LUT,U(-1,1),8,7168,7168,16x128x32_w4f2,SKIP,BN/WARPS != 16
INT4,BITSHIFT,U(-1,1),8,7168,7168,16x128x32_w4f2,SKIP,BN/WARPS != 16
INT4,LUT,U(-1,1),8,7168,7168,16x128x64_w4f2,SKIP,BN/WARPS != 16
INT4,BITSHIFT,U(-1,1),8,7168,7168,16x128x64_w4f2,SKIP,BN/WARPS != 16
INT4,LUT,U(-1,1),8,7168,7168,16x256x32_w4f4,SKIP,BN/WARPS != 16
INT4,BITSHIFT,U(-1,1),8,7168,7168,16x256x32_w4f4,SKIP,BN/WARPS != 16
INT4,LUT,U(-1,1),8,7168,7168,16x256x64_w4f4,SKIP,BN/WARPS != 16
INT4,BITSHIFT,U(-1,1),8,7168,7168,16x256x64_w4f4,SKIP,BN/WARPS != 16
INT4,LUT,U(-1,1),8,7168,7168,16x256x32_w8f2,SKIP,BN/WARPS != 16
INT4,BITSHIFT,U(-1,1),8,7168,7168,16x256x32_w8f2,SKIP,BN/WARPS != 16
INT4,LUT,U(-1,1),8,7168,7168,16x512x32_w8f4,SKIP,BN/WARPS != 16
INT4,BITSHIFT,U(-1,1),8,7168,7168,16x512x32_w8f4,SKIP,BN/WARPS != 16
INT4,LUT,U(-1,1),16,7168,7168,16x64x32_w4,OK,ms=1.388,tflops=1.18,gbps=21.5,maxabs=8.087e-04,p99=2.480e-04,rel=1.930e-06
INT4,BITSHIFT,U(-1,1),16,7168,7168,16x64x32_w4,OK,ms=1.317,tflops=1.25,gbps=22.6,maxabs=2.320e-02,p99=1.296e-02,rel=1.773e-04
INT4,LUT,U(-1,1),16,7168,7168,16x64x64_w4,OK,ms=1.495,tflops=1.10,gbps=20.0,maxabs=8.087e-04,p99=2.480e-04,rel=1.930e-06
INT4,BITSHIFT,U(-1,1),16,7168,7168,16x64x64_w4,OK,ms=1.429,tflops=1.15,gbps=20.9,maxabs=2.320e-02,p99=1.296e-02,rel=1.773e-04
INT4,LUT,U(-1,1),16,7168,7168,16x128x32_w8,OK,ms=1.428,tflops=1.15,gbps=20.9,maxabs=8.087e-04,p99=2.480e-04,rel=1.930e-06
INT4,BITSHIFT,U(-1,1),16,7168,7168,16x128x32_w8,OK,ms=1.425,tflops=1.15,gbps=20.9,maxabs=2.320e-02,p99=1.296e-02,rel=1.773e-04
INT4,LUT,U(-1,1),16,7168,7168,16x128x64_w8,OK,ms=1.528,tflops=1.08,gbps=19.5,maxabs=8.087e-04,p99=2.480e-04,rel=1.930e-06
INT4,BITSHIFT,U(-1,1),16,7168,7168,16x128x64_w8,OK,ms=1.429,tflops=1.15,gbps=20.9,maxabs=2.320e-02,p99=1.296e-02,rel=1.773e-04
INT4,LUT,U(-1,1),16,7168,7168,16x128x32_w4f2,SKIP,BN/WARPS != 16
INT4,BITSHIFT,U(-1,1),16,7168,7168,16x128x32_w4f2,SKIP,BN/WARPS != 16
INT4,LUT,U(-1,1),16,7168,7168,16x128x64_w4f2,SKIP,BN/WARPS != 16
INT4,BITSHIFT,U(-1,1),16,7168,7168,16x128x64_w4f2,SKIP,BN/WARPS != 16
INT4,LUT,U(-1,1),16,7168,7168,16x256x32_w4f4,SKIP,BN/WARPS != 16
INT4,BITSHIFT,U(-1,1),16,7168,7168,16x256x32_w4f4,SKIP,BN/WARPS != 16
INT4,LUT,U(-1,1),16,7168,7168,16x256x64_w4f4,SKIP,BN/WARPS != 16
INT4,BITSHIFT,U(-1,1),16,7168,7168,16x256x64_w4f4,SKIP,BN/WARPS != 16
INT4,LUT,U(-1,1),16,7168,7168,16x256x32_w8f2,SKIP,BN/WARPS != 16
INT4,BITSHIFT,U(-1,1),16,7168,7168,16x256x32_w8f2,SKIP,BN/WARPS != 16
INT4,LUT,U(-1,1),16,7168,7168,16x512x32_w8f4,SKIP,BN/WARPS != 16
INT4,BITSHIFT,U(-1,1),16,7168,7168,16x512x32_w8f4,SKIP,BN/WARPS != 16
INT4,LUT,U(-1,1),32,7168,7168,16x64x32_w4,OK,ms=1.417,tflops=2.32,gbps=21.7,maxabs=8.087e-04,p99=2.365e-04,rel=1.841e-06
INT4,BITSHIFT,U(-1,1),32,7168,7168,16x64x32_w4,OK,ms=1.476,tflops=2.23,gbps=20.8,maxabs=2.349e-02,p99=1.296e-02,rel=1.772e-04
INT4,LUT,U(-1,1),32,7168,7168,16x64x64_w4,OK,ms=1.552,tflops=2.12,gbps=19.8,maxabs=8.087e-04,p99=2.365e-04,rel=1.841e-06
INT4,BITSHIFT,U(-1,1),32,7168,7168,16x64x64_w4,OK,ms=1.721,tflops=1.91,gbps=17.9,maxabs=2.349e-02,p99=1.296e-02,rel=1.772e-04
INT4,LUT,U(-1,1),32,7168,7168,16x128x32_w8,OK,ms=1.483,tflops=2.22,gbps=20.7,maxabs=8.087e-04,p99=2.365e-04,rel=1.841e-06
INT4,BITSHIFT,U(-1,1),32,7168,7168,16x128x32_w8,OK,ms=1.779,tflops=1.85,gbps=17.3,maxabs=2.349e-02,p99=1.296e-02,rel=1.772e-04
INT4,LUT,U(-1,1),32,7168,7168,16x128x64_w8,OK,ms=1.639,tflops=2.01,gbps=18.8,maxabs=8.087e-04,p99=2.365e-04,rel=1.841e-06
INT4,BITSHIFT,U(-1,1),32,7168,7168,16x128x64_w8,OK,ms=2.120,tflops=1.55,gbps=14.5,maxabs=2.349e-02,p99=1.296e-02,rel=1.772e-04
INT4,LUT,U(-1,1),32,7168,7168,16x128x32_w4f2,SKIP,BN/WARPS != 16
INT4,BITSHIFT,U(-1,1),32,7168,7168,16x128x32_w4f2,SKIP,BN/WARPS != 16
INT4,LUT,U(-1,1),32,7168,7168,16x128x64_w4f2,SKIP,BN/WARPS != 16
INT4,BITSHIFT,U(-1,1),32,7168,7168,16x128x64_w4f2,SKIP,BN/WARPS != 16
INT4,LUT,U(-1,1),32,7168,7168,16x256x32_w4f4,SKIP,BN/WARPS != 16
INT4,BITSHIFT,U(-1,1),32,7168,7168,16x256x32_w4f4,SKIP,BN/WARPS != 16
INT4,LUT,U(-1,1),32,7168,7168,16x256x64_w4f4,SKIP,BN/WARPS != 16
INT4,BITSHIFT,U(-1,1),32,7168,7168,16x256x64_w4f4,SKIP,BN/WARPS != 16
INT4,LUT,U(-1,1),32,7168,7168,16x256x32_w8f2,SKIP,BN/WARPS != 16
INT4,BITSHIFT,U(-1,1),32,7168,7168,16x256x32_w8f2,SKIP,BN/WARPS != 16
INT4,LUT,U(-1,1),32,7168,7168,16x512x32_w8f4,SKIP,BN/WARPS != 16
INT4,BITSHIFT,U(-1,1),32,7168,7168,16x512x32_w8f4,SKIP,BN/WARPS != 16
INT4,LUT,U(-1,1),64,7168,7168,16x64x32_w4,OK,ms=1.566,tflops=4.20,gbps=20.8,maxabs=9.003e-04,p99=2.346e-04,rel=1.838e-06
INT4,BITSHIFT,U(-1,1),64,7168,7168,16x64x32_w4,OK,ms=2.232,tflops=2.95,gbps=14.6,maxabs=2.349e-02,p99=1.297e-02,rel=1.774e-04
INT4,LUT,U(-1,1),64,7168,7168,16x64x64_w4,OK,ms=1.780,tflops=3.69,gbps=18.3,maxabs=9.003e-04,p99=2.346e-04,rel=1.838e-06
INT4,BITSHIFT,U(-1,1),64,7168,7168,16x64x64_w4,OK,ms=2.697,tflops=2.44,gbps=12.1,maxabs=2.349e-02,p99=1.297e-02,rel=1.774e-04
INT4,LUT,U(-1,1),64,7168,7168,16x128x32_w8,OK,ms=1.622,tflops=4.05,gbps=20.1,maxabs=9.003e-04,p99=2.346e-04,rel=1.838e-06
INT4,BITSHIFT,U(-1,1),64,7168,7168,16x128x32_w8,OK,ms=2.317,tflops=2.84,gbps=14.1,maxabs=2.349e-02,p99=1.297e-02,rel=1.774e-04
INT4,LUT,U(-1,1),64,7168,7168,16x128x64_w8,OK,ms=1.885,tflops=3.49,gbps=17.3,maxabs=9.003e-04,p99=2.346e-04,rel=1.838e-06
INT4,BITSHIFT,U(-1,1),64,7168,7168,16x128x64_w8,OK,ms=2.795,tflops=2.35,gbps=11.7,maxabs=2.349e-02,p99=1.297e-02,rel=1.774e-04
INT4,LUT,U(-1,1),64,7168,7168,16x128x32_w4f2,SKIP,BN/WARPS != 16
INT4,BITSHIFT,U(-1,1),64,7168,7168,16x128x32_w4f2,SKIP,BN/WARPS != 16
INT4,LUT,U(-1,1),64,7168,7168,16x128x64_w4f2,SKIP,BN/WARPS != 16
INT4,BITSHIFT,U(-1,1),64,7168,7168,16x128x64_w4f2,SKIP,BN/WARPS != 16
INT4,LUT,U(-1,1),64,7168,7168,16x256x32_w4f4,SKIP,BN/WARPS != 16
INT4,BITSHIFT,U(-1,1),64,7168,7168,16x256x32_w4f4,SKIP,BN/WARPS != 16
INT4,LUT,U(-1,1),64,7168,7168,16x256x64_w4f4,SKIP,BN/WARPS != 16
INT4,BITSHIFT,U(-1,1),64,7168,7168,16x256x64_w4f4,SKIP,BN/WARPS != 16
INT4,LUT,U(-1,1),64,7168,7168,16x256x32_w8f2,SKIP,BN/WARPS != 16
INT4,BITSHIFT,U(-1,1),64,7168,7168,16x256x32_w8f2,SKIP,BN/WARPS != 16
INT4,LUT,U(-1,1),64,7168,7168,16x512x32_w8f4,SKIP,BN/WARPS != 16
INT4,BITSHIFT,U(-1,1),64,7168,7168,16x512x32_w8f4,SKIP,BN/WARPS != 16
INT4,LUT,U(-1,1),128,7168,7168,16x64x32_w4,OK,ms=3.332,tflops=3.95,gbps=10.9,maxabs=9.003e-04,p99=2.365e-04,rel=1.838e-06
INT4,BITSHIFT,U(-1,1),128,7168,7168,16x64x32_w4,OK,ms=4.975,tflops=2.64,gbps=7.3,maxabs=2.577e-02,p99=1.295e-02,rel=1.772e-04
INT4,LUT,U(-1,1),128,7168,7168,16x64x64_w4,OK,ms=3.577,tflops=3.68,gbps=10.1,maxabs=9.003e-04,p99=2.365e-04,rel=1.838e-06
INT4,BITSHIFT,U(-1,1),128,7168,7168,16x64x64_w4,OK,ms=5.390,tflops=2.44,gbps=6.7,maxabs=2.577e-02,p99=1.295e-02,rel=1.772e-04
INT4,LUT,U(-1,1),128,7168,7168,16x128x32_w8,OK,ms=3.458,tflops=3.80,gbps=10.5,maxabs=9.003e-04,p99=2.365e-04,rel=1.838e-06
INT4,BITSHIFT,U(-1,1),128,7168,7168,16x128x32_w8,OK,ms=4.652,tflops=2.83,gbps=7.8,maxabs=2.577e-02,p99=1.295e-02,rel=1.772e-04
INT4,LUT,U(-1,1),128,7168,7168,16x128x64_w8,OK,ms=3.816,tflops=3.45,gbps=9.5,maxabs=9.003e-04,p99=2.365e-04,rel=1.838e-06
INT4,BITSHIFT,U(-1,1),128,7168,7168,16x128x64_w8,OK,ms=5.588,tflops=2.35,gbps=6.5,maxabs=2.577e-02,p99=1.295e-02,rel=1.772e-04
INT4,LUT,U(-1,1),128,7168,7168,16x128x32_w4f2,SKIP,BN/WARPS != 16
INT4,BITSHIFT,U(-1,1),128,7168,7168,16x128x32_w4f2,SKIP,BN/WARPS != 16
INT4,LUT,U(-1,1),128,7168,7168,16x128x64_w4f2,SKIP,BN/WARPS != 16
INT4,BITSHIFT,U(-1,1),128,7168,7168,16x128x64_w4f2,SKIP,BN/WARPS != 16
INT4,LUT,U(-1,1),128,7168,7168,16x256x32_w4f4,SKIP,BN/WARPS != 16
INT4,BITSHIFT,U(-1,1),128,7168,7168,16x256x32_w4f4,SKIP,BN/WARPS != 16
INT4,LUT,U(-1,1),128,7168,7168,16x256x64_w4f4,SKIP,BN/WARPS != 16
INT4,BITSHIFT,U(-1,1),128,7168,7168,16x256x64_w4f4,SKIP,BN/WARPS != 16
INT4,LUT,U(-1,1),128,7168,7168,16x256x32_w8f2,SKIP,BN/WARPS != 16
INT4,BITSHIFT,U(-1,1),128,7168,7168,16x256x32_w8f2,SKIP,BN/WARPS != 16
INT4,LUT,U(-1,1),128,7168,7168,16x512x32_w8f4,SKIP,BN/WARPS != 16
INT4,BITSHIFT,U(-1,1),128,7168,7168,16x512x32_w8f4,SKIP,BN/WARPS != 16
INT4,LUT,U(-1,1),256,7168,7168,16x64x32_w4,OK,ms=5.290,tflops=4.97,gbps=8.2,maxabs=0.000e+00,p99=0.000e+00,rel=0.000e+00
INT4,BITSHIFT,U(-1,1),256,7168,7168,16x64x32_w4,OK,ms=9.270,tflops=2.84,gbps=4.7,maxabs=2.576e-02,p99=1.295e-02,rel=1.773e-04
INT4,LUT,U(-1,1),256,7168,7168,16x64x64_w4,OK,ms=7.305,tflops=3.60,gbps=6.0,maxabs=0.000e+00,p99=0.000e+00,rel=0.000e+00
INT4,BITSHIFT,U(-1,1),256,7168,7168,16x64x64_w4,OK,ms=11.035,tflops=2.38,gbps=3.9,maxabs=2.576e-02,p99=1.295e-02,rel=1.773e-04
INT4,LUT,U(-1,1),256,7168,7168,16x128x32_w8,OK,ms=5.472,tflops=4.81,gbps=8.0,maxabs=0.000e+00,p99=0.000e+00,rel=0.000e+00
INT4,BITSHIFT,U(-1,1),256,7168,7168,16x128x32_w8,OK,ms=9.289,tflops=2.83,gbps=4.7,maxabs=2.576e-02,p99=1.295e-02,rel=1.773e-04
INT4,LUT,U(-1,1),256,7168,7168,16x128x64_w8,OK,ms=7.583,tflops=3.47,gbps=5.7,maxabs=0.000e+00,p99=0.000e+00,rel=0.000e+00
INT4,BITSHIFT,U(-1,1),256,7168,7168,16x128x64_w8,OK,ms=11.095,tflops=2.37,gbps=3.9,maxabs=2.576e-02,p99=1.295e-02,rel=1.773e-04
INT4,LUT,U(-1,1),256,7168,7168,16x128x32_w4f2,SKIP,BN/WARPS != 16
INT4,BITSHIFT,U(-1,1),256,7168,7168,16x128x32_w4f2,SKIP,BN/WARPS != 16
INT4,LUT,U(-1,1),256,7168,7168,16x128x64_w4f2,SKIP,BN/WARPS != 16
INT4,BITSHIFT,U(-1,1),256,7168,7168,16x128x64_w4f2,SKIP,BN/WARPS != 16
INT4,LUT,U(-1,1),256,7168,7168,16x256x32_w4f4,SKIP,BN/WARPS != 16
INT4,BITSHIFT,U(-1,1),256,7168,7168,16x256x32_w4f4,SKIP,BN/WARPS != 16
INT4,LUT,U(-1,1),256,7168,7168,16x256x64_w4f4,SKIP,BN/WARPS != 16
INT4,BITSHIFT,U(-1,1),256,7168,7168,16x256x64_w4f4,SKIP,BN/WARPS != 16
INT4,LUT,U(-1,1),256,7168,7168,16x256x32_w8f2,SKIP,BN/WARPS != 16
INT4,BITSHIFT,U(-1,1),256,7168,7168,16x256x32_w8f2,SKIP,BN/WARPS != 16
INT4,LUT,U(-1,1),256,7168,7168,16x512x32_w8f4,SKIP,BN/WARPS != 16
INT4,BITSHIFT,U(-1,1),256,7168,7168,16x512x32_w8f4,SKIP,BN/WARPS != 16
INT4,LUT,U(-1,1),512,7168,7168,16x64x32_w4,OK,ms=10.619,tflops=4.95,gbps=5.5,maxabs=9.460e-04,p99=1.831e-04,rel=1.460e-06
INT4,BITSHIFT,U(-1,1),512,7168,7168,16x64x32_w4,OK,ms=17.898,tflops=2.94,gbps=3.3,maxabs=2.574e-02,p99=1.296e-02,rel=1.772e-04
INT4,LUT,U(-1,1),512,7168,7168,16x64x64_w4,OK,ms=14.621,tflops=3.60,gbps=4.0,maxabs=9.460e-04,p99=1.831e-04,rel=1.460e-06
INT4,BITSHIFT,U(-1,1),512,7168,7168,16x64x64_w4,OK,ms=21.727,tflops=2.42,gbps=2.7,maxabs=2.574e-02,p99=1.296e-02,rel=1.772e-04
INT4,LUT,U(-1,1),512,7168,7168,16x128x32_w8,OK,ms=10.899,tflops=4.83,gbps=5.3,maxabs=9.460e-04,p99=1.831e-04,rel=1.460e-06
INT4,BITSHIFT,U(-1,1),512,7168,7168,16x128x32_w8,OK,ms=18.430,tflops=2.85,gbps=3.2,maxabs=2.574e-02,p99=1.296e-02,rel=1.772e-04
INT4,LUT,U(-1,1),512,7168,7168,16x128x64_w8,OK,ms=15.198,tflops=3.46,gbps=3.8,maxabs=9.460e-04,p99=1.831e-04,rel=1.460e-06
INT4,BITSHIFT,U(-1,1),512,7168,7168,16x128x64_w8,OK,ms=22.277,tflops=2.36,gbps=2.6,maxabs=2.574e-02,p99=1.296e-02,rel=1.772e-04
INT4,LUT,U(-1,1),512,7168,7168,16x128x32_w4f2,SKIP,BN/WARPS != 16
INT4,BITSHIFT,U(-1,1),512,7168,7168,16x128x32_w4f2,SKIP,BN/WARPS != 16
INT4,LUT,U(-1,1),512,7168,7168,16x128x64_w4f2,SKIP,BN/WARPS != 16
INT4,BITSHIFT,U(-1,1),512,7168,7168,16x128x64_w4f2,SKIP,BN/WARPS != 16
INT4,LUT,U(-1,1),512,7168,7168,16x256x32_w4f4,SKIP,BN/WARPS != 16
INT4,BITSHIFT,U(-1,1),512,7168,7168,16x256x32_w4f4,SKIP,BN/WARPS != 16
INT4,LUT,U(-1,1),512,7168,7168,16x256x64_w4f4,SKIP,BN/WARPS != 16
INT4,BITSHIFT,U(-1,1),512,7168,7168,16x256x64_w4f4,SKIP,BN/WARPS != 16
INT4,LUT,U(-1,1),512,7168,7168,16x256x32_w8f2,SKIP,BN/WARPS != 16
INT4,BITSHIFT,U(-1,1),512,7168,7168,16x256x32_w8f2,SKIP,BN/WARPS != 16
INT4,LUT,U(-1,1),512,7168,7168,16x512x32_w8f4,SKIP,BN/WARPS != 16
INT4,BITSHIFT,U(-1,1),512,7168,7168,16x512x32_w8f4,SKIP,BN/WARPS != 16
INT4,LUT,U(-1,1),1024,7168,7168,16x64x32_w4,OK,ms=21.293,tflops=4.94,gbps=4.1,maxabs=0.000e+00,p99=0.000e+00,rel=0.000e+00
INT4,BITSHIFT,U(-1,1),1024,7168,7168,16x64x32_w4,OK,ms=35.097,tflops=3.00,gbps=2.5,maxabs=2.688e-02,p99=1.296e-02,rel=1.772e-04
INT4,LUT,U(-1,1),1024,7168,7168,16x64x64_w4,OK,ms=27.330,tflops=3.85,gbps=3.2,maxabs=0.000e+00,p99=0.000e+00,rel=0.000e+00
INT4,BITSHIFT,U(-1,1),1024,7168,7168,16x64x64_w4,OK,ms=41.987,tflops=2.51,gbps=2.1,maxabs=2.688e-02,p99=1.296e-02,rel=1.772e-04
INT4,LUT,U(-1,1),1024,7168,7168,16x128x32_w8,OK,ms=21.474,tflops=4.90,gbps=4.1,maxabs=0.000e+00,p99=0.000e+00,rel=0.000e+00
INT4,BITSHIFT,U(-1,1),1024,7168,7168,16x128x32_w8,OK,ms=35.257,tflops=2.98,gbps=2.5,maxabs=2.688e-02,p99=1.296e-02,rel=1.772e-04
INT4,LUT,U(-1,1),1024,7168,7168,16x128x64_w8,OK,ms=28.352,tflops=3.71,gbps=3.1,maxabs=0.000e+00,p99=0.000e+00,rel=0.000e+00
INT4,BITSHIFT,U(-1,1),1024,7168,7168,16x128x64_w8,OK,ms=42.130,tflops=2.50,gbps=2.1,maxabs=2.688e-02,p99=1.296e-02,rel=1.772e-04
INT4,LUT,U(-1,1),1024,7168,7168,16x128x32_w4f2,SKIP,BN/WARPS != 16
INT4,BITSHIFT,U(-1,1),1024,7168,7168,16x128x32_w4f2,SKIP,BN/WARPS != 16
INT4,LUT,U(-1,1),1024,7168,7168,16x128x64_w4f2,SKIP,BN/WARPS != 16
INT4,BITSHIFT,U(-1,1),1024,7168,7168,16x128x64_w4f2,SKIP,BN/WARPS != 16
INT4,LUT,U(-1,1),1024,7168,7168,16x256x32_w4f4,SKIP,BN/WARPS != 16
INT4,BITSHIFT,U(-1,1),1024,7168,7168,16x256x32_w4f4,SKIP,BN/WARPS != 16
INT4,LUT,U(-1,1),1024,7168,7168,16x256x64_w4f4,SKIP,BN/WARPS != 16
INT4,BITSHIFT,U(-1,1),1024,7168,7168,16x256x64_w4f4,SKIP,BN/WARPS != 16
INT4,LUT,U(-1,1),1024,7168,7168,16x256x32_w8f2,SKIP,BN/WARPS != 16
INT4,BITSHIFT,U(-1,1),1024,7168,7168,16x256x32_w8f2,SKIP,BN/WARPS != 16
INT4,LUT,U(-1,1),1024,7168,7168,16x512x32_w8f4,SKIP,BN/WARPS != 16
INT4,BITSHIFT,U(-1,1),1024,7168,7168,16x512x32_w8f4,SKIP,BN/WARPS != 16
INT4,LUT,U(-1,1),2048,7168,7168,16x64x32_w4,OK,ms=40.807,tflops=5.16,gbps=3.6,maxabs=0.000e+00,p99=0.000e+00,rel=0.000e+00
INT4,BITSHIFT,U(-1,1),2048,7168,7168,16x64x32_w4,OK,ms=69.818,tflops=3.01,gbps=2.1,maxabs=2.688e-02,p99=1.296e-02,rel=1.772e-04
INT4,LUT,U(-1,1),2048,7168,7168,16x64x64_w4,OK,ms=53.951,tflops=3.90,gbps=2.7,maxabs=0.000e+00,p99=0.000e+00,rel=0.000e+00
INT4,BITSHIFT,U(-1,1),2048,7168,7168,16x64x64_w4,OK,ms=84.123,tflops=2.50,gbps=1.7,maxabs=2.688e-02,p99=1.296e-02,rel=1.772e-04
INT4,LUT,U(-1,1),2048,7168,7168,16x128x32_w8,OK,ms=41.279,tflops=5.10,gbps=3.5,maxabs=0.000e+00,p99=0.000e+00,rel=0.000e+00
INT4,BITSHIFT,U(-1,1),2048,7168,7168,16x128x32_w8,OK,ms=70.522,tflops=2.98,gbps=2.1,maxabs=2.688e-02,p99=1.296e-02,rel=1.772e-04
INT4,LUT,U(-1,1),2048,7168,7168,16x128x64_w8,OK,ms=56.335,tflops=3.74,gbps=2.6,maxabs=0.000e+00,p99=0.000e+00,rel=0.000e+00
INT4,BITSHIFT,U(-1,1),2048,7168,7168,16x128x64_w8,OK,ms=84.230,tflops=2.50,gbps=1.7,maxabs=2.688e-02,p99=1.296e-02,rel=1.772e-04
INT4,LUT,U(-1,1),2048,7168,7168,16x128x32_w4f2,SKIP,BN/WARPS != 16
INT4,BITSHIFT,U(-1,1),2048,7168,7168,16x128x32_w4f2,SKIP,BN/WARPS != 16
INT4,LUT,U(-1,1),2048,7168,7168,16x128x64_w4f2,SKIP,BN/WARPS != 16
INT4,BITSHIFT,U(-1,1),2048,7168,7168,16x128x64_w4f2,SKIP,BN/WARPS != 16
INT4,LUT,U(-1,1),2048,7168,7168,16x256x32_w4f4,SKIP,BN/WARPS != 16
INT4,BITSHIFT,U(-1,1),2048,7168,7168,16x256x32_w4f4,SKIP,BN/WARPS != 16
INT4,LUT,U(-1,1),2048,7168,7168,16x256x64_w4f4,SKIP,BN/WARPS != 16
INT4,BITSHIFT,U(-1,1),2048,7168,7168,16x256x64_w4f4,SKIP,BN/WARPS != 16
INT4,LUT,U(-1,1),2048,7168,7168,16x256x32_w8f2,SKIP,BN/WARPS != 16
INT4,BITSHIFT,U(-1,1),2048,7168,7168,16x256x32_w8f2,SKIP,BN/WARPS != 16
INT4,LUT,U(-1,1),2048,7168,7168,16x512x32_w8f4,SKIP,BN/WARPS != 16
INT4,BITSHIFT,U(-1,1),2048,7168,7168,16x512x32_w8f4,SKIP,BN/WARPS != 16
MXFP4,LUT,U(-1,1),1,4096,4096,16x64x32_w4,OK,ms=0.688,tflops=0.05,gbps=13.0,maxabs=1.194e-02,p99=9.323e-03,rel=1.840e-04
MXFP4,BITSHIFT,U(-1,1),1,4096,4096,16x64x32_w4,OK,ms=0.770,tflops=0.04,gbps=11.6,maxabs=1.194e-02,p99=9.315e-03,rel=1.840e-04
MXFP4,LUT,U(-1,1),1,4096,4096,16x64x64_w4,OK,ms=0.860,tflops=0.04,gbps=10.4,maxabs=1.194e-02,p99=9.323e-03,rel=1.840e-04
MXFP4,BITSHIFT,U(-1,1),1,4096,4096,16x64x64_w4,OK,ms=0.948,tflops=0.04,gbps=9.4,maxabs=1.194e-02,p99=9.315e-03,rel=1.840e-04
MXFP4,LUT,U(-1,1),1,4096,4096,16x128x32_w8,OK,ms=0.741,tflops=0.05,gbps=12.1,maxabs=1.194e-02,p99=9.323e-03,rel=1.840e-04
MXFP4,BITSHIFT,U(-1,1),1,4096,4096,16x128x32_w8,OK,ms=0.882,tflops=0.04,gbps=10.1,maxabs=1.194e-02,p99=9.315e-03,rel=1.840e-04
MXFP4,LUT,U(-1,1),1,4096,4096,16x128x64_w8,OK,ms=0.944,tflops=0.04,gbps=9.5,maxabs=1.194e-02,p99=9.323e-03,rel=1.840e-04
MXFP4,BITSHIFT,U(-1,1),1,4096,4096,16x128x64_w8,OK,ms=1.074,tflops=0.03,gbps=8.3,maxabs=1.194e-02,p99=9.315e-03,rel=1.840e-04
MXFP4,LUT,U(-1,1),1,4096,4096,16x128x32_w4f2,SKIP,BN/WARPS != 16
MXFP4,BITSHIFT,U(-1,1),1,4096,4096,16x128x32_w4f2,SKIP,BN/WARPS != 16
MXFP4,LUT,U(-1,1),1,4096,4096,16x128x64_w4f2,SKIP,BN/WARPS != 16
MXFP4,BITSHIFT,U(-1,1),1,4096,4096,16x128x64_w4f2,SKIP,BN/WARPS != 16
MXFP4,LUT,U(-1,1),1,4096,4096,16x256x32_w4f4,SKIP,BN/WARPS != 16
MXFP4,BITSHIFT,U(-1,1),1,4096,4096,16x256x32_w4f4,SKIP,BN/WARPS != 16
MXFP4,LUT,U(-1,1),1,4096,4096,16x256x64_w4f4,SKIP,BN/WARPS != 16
MXFP4,BITSHIFT,U(-1,1),1,4096,4096,16x256x64_w4f4,SKIP,BN/WARPS != 16
MXFP4,LUT,U(-1,1),1,4096,4096,16x256x32_w8f2,SKIP,BN/WARPS != 16
MXFP4,BITSHIFT,U(-1,1),1,4096,4096,16x256x32_w8f2,SKIP,BN/WARPS != 16
MXFP4,LUT,U(-1,1),1,4096,4096,16x512x32_w8f4,SKIP,BN/WARPS != 16
MXFP4,BITSHIFT,U(-1,1),1,4096,4096,16x512x32_w8f4,SKIP,BN/WARPS != 16
MXFP4,LUT,U(-1,1),8,4096,4096,16x64x32_w4,OK,ms=0.668,tflops=0.40,gbps=13.7,maxabs=4.578e-05,p99=1.907e-05,rel=2.047e-07
MXFP4,BITSHIFT,U(-1,1),8,4096,4096,16x64x32_w4,OK,ms=0.784,tflops=0.34,gbps=11.7,maxabs=3.052e-05,p99=1.144e-05,rel=1.451e-07
MXFP4,LUT,U(-1,1),8,4096,4096,16x64x64_w4,OK,ms=0.869,tflops=0.31,gbps=10.6,maxabs=4.578e-05,p99=1.907e-05,rel=2.047e-07
MXFP4,BITSHIFT,U(-1,1),8,4096,4096,16x64x64_w4,OK,ms=0.966,tflops=0.28,gbps=9.5,maxabs=3.052e-05,p99=1.144e-05,rel=1.451e-07
MXFP4,LUT,U(-1,1),8,4096,4096,16x128x32_w8,OK,ms=0.753,tflops=0.36,gbps=12.2,maxabs=4.578e-05,p99=1.907e-05,rel=2.047e-07
MXFP4,BITSHIFT,U(-1,1),8,4096,4096,16x128x32_w8,OK,ms=0.948,tflops=0.28,gbps=9.7,maxabs=3.052e-05,p99=1.144e-05,rel=1.451e-07
MXFP4,LUT,U(-1,1),8,4096,4096,16x128x64_w8,OK,ms=0.937,tflops=0.29,gbps=9.8,maxabs=4.578e-05,p99=1.907e-05,rel=2.047e-07
MXFP4,BITSHIFT,U(-1,1),8,4096,4096,16x128x64_w8,OK,ms=1.119,tflops=0.24,gbps=8.2,maxabs=3.052e-05,p99=1.144e-05,rel=1.451e-07
MXFP4,LUT,U(-1,1),8,4096,4096,16x128x32_w4f2,SKIP,BN/WARPS != 16
MXFP4,BITSHIFT,U(-1,1),8,4096,4096,16x128x32_w4f2,SKIP,BN/WARPS != 16
MXFP4,LUT,U(-1,1),8,4096,4096,16x128x64_w4f2,SKIP,BN/WARPS != 16
MXFP4,BITSHIFT,U(-1,1),8,4096,4096,16x128x64_w4f2,SKIP,BN/WARPS != 16
MXFP4,LUT,U(-1,1),8,4096,4096,16x256x32_w4f4,SKIP,BN/WARPS != 16
MXFP4,BITSHIFT,U(-1,1),8,4096,4096,16x256x32_w4f4,SKIP,BN/WARPS != 16
MXFP4,LUT,U(-1,1),8,4096,4096,16x256x64_w4f4,SKIP,BN/WARPS != 16
MXFP4,BITSHIFT,U(-1,1),8,4096,4096,16x256x64_w4f4,SKIP,BN/WARPS != 16
MXFP4,LUT,U(-1,1),8,4096,4096,16x256x32_w8f2,SKIP,BN/WARPS != 16
MXFP4,BITSHIFT,U(-1,1),8,4096,4096,16x256x32_w8f2,SKIP,BN/WARPS != 16
MXFP4,LUT,U(-1,1),8,4096,4096,16x512x32_w8f4,SKIP,BN/WARPS != 16
MXFP4,BITSHIFT,U(-1,1),8,4096,4096,16x512x32_w8f4,SKIP,BN/WARPS != 16
MXFP4,LUT,U(-1,1),16,4096,4096,16x64x32_w4,OK,ms=0.668,tflops=0.80,gbps=14.1,maxabs=4.578e-05,p99=1.907e-05,rel=2.004e-07
MXFP4,BITSHIFT,U(-1,1),16,4096,4096,16x64x32_w4,OK,ms=0.812,tflops=0.66,gbps=11.6,maxabs=3.815e-05,p99=1.144e-05,rel=1.425e-07
MXFP4,LUT,U(-1,1),16,4096,4096,16x64x64_w4,OK,ms=0.863,tflops=0.62,gbps=10.9,maxabs=4.578e-05,p99=1.907e-05,rel=2.004e-07
MXFP4,BITSHIFT,U(-1,1),16,4096,4096,16x64x64_w4,OK,ms=1.005,tflops=0.53,gbps=9.4,maxabs=3.815e-05,p99=1.144e-05,rel=1.425e-07
MXFP4,LUT,U(-1,1),16,4096,4096,16x128x32_w8,OK,ms=0.785,tflops=0.68,gbps=12.0,maxabs=4.578e-05,p99=1.907e-05,rel=2.004e-07
MXFP4,BITSHIFT,U(-1,1),16,4096,4096,16x128x32_w8,OK,ms=1.059,tflops=0.51,gbps=8.9,maxabs=3.815e-05,p99=1.144e-05,rel=1.425e-07
MXFP4,LUT,U(-1,1),16,4096,4096,16x128x64_w8,OK,ms=0.939,tflops=0.57,gbps=10.0,maxabs=4.578e-05,p99=1.907e-05,rel=2.004e-07
MXFP4,BITSHIFT,U(-1,1),16,4096,4096,16x128x64_w8,OK,ms=1.200,tflops=0.45,gbps=7.9,maxabs=3.815e-05,p99=1.144e-05,rel=1.425e-07
MXFP4,LUT,U(-1,1),16,4096,4096,16x128x32_w4f2,SKIP,BN/WARPS != 16
MXFP4,BITSHIFT,U(-1,1),16,4096,4096,16x128x32_w4f2,SKIP,BN/WARPS != 16
MXFP4,LUT,U(-1,1),16,4096,4096,16x128x64_w4f2,SKIP,BN/WARPS != 16
MXFP4,BITSHIFT,U(-1,1),16,4096,4096,16x128x64_w4f2,SKIP,BN/WARPS != 16
MXFP4,LUT,U(-1,1),16,4096,4096,16x256x32_w4f4,SKIP,BN/WARPS != 16
MXFP4,BITSHIFT,U(-1,1),16,4096,4096,16x256x32_w4f4,SKIP,BN/WARPS != 16
MXFP4,LUT,U(-1,1),16,4096,4096,16x256x64_w4f4,SKIP,BN/WARPS != 16
MXFP4,BITSHIFT,U(-1,1),16,4096,4096,16x256x64_w4f4,SKIP,BN/WARPS != 16
MXFP4,LUT,U(-1,1),16,4096,4096,16x256x32_w8f2,SKIP,BN/WARPS != 16
MXFP4,BITSHIFT,U(-1,1),16,4096,4096,16x256x32_w8f2,SKIP,BN/WARPS != 16
MXFP4,LUT,U(-1,1),16,4096,4096,16x512x32_w8f4,SKIP,BN/WARPS != 16
MXFP4,BITSHIFT,U(-1,1),16,4096,4096,16x512x32_w8f4,SKIP,BN/WARPS != 16
MXFP4,LUT,U(-1,1),32,4096,4096,16x64x32_w4,OK,ms=0.719,tflops=1.49,gbps=13.8,maxabs=6.104e-05,p99=1.907e-05,rel=2.027e-07
MXFP4,BITSHIFT,U(-1,1),32,4096,4096,16x64x32_w4,OK,ms=0.937,tflops=1.15,gbps=10.6,maxabs=5.341e-05,p99=1.144e-05,rel=1.442e-07
MXFP4,LUT,U(-1,1),32,4096,4096,16x64x64_w4,OK,ms=0.890,tflops=1.21,gbps=11.2,maxabs=6.104e-05,p99=1.907e-05,rel=2.027e-07
MXFP4,BITSHIFT,U(-1,1),32,4096,4096,16x64x64_w4,OK,ms=1.079,tflops=1.00,gbps=9.2,maxabs=5.341e-05,p99=1.144e-05,rel=1.442e-07
MXFP4,LUT,U(-1,1),32,4096,4096,16x128x32_w8,OK,ms=0.769,tflops=1.40,gbps=13.0,maxabs=6.104e-05,p99=1.907e-05,rel=2.027e-07
MXFP4,BITSHIFT,U(-1,1),32,4096,4096,16x128x32_w8,OK,ms=1.046,tflops=1.03,gbps=9.5,maxabs=5.341e-05,p99=1.144e-05,rel=1.442e-07
MXFP4,LUT,U(-1,1),32,4096,4096,16x128x64_w8,OK,ms=0.928,tflops=1.16,gbps=10.7,maxabs=6.104e-05,p99=1.907e-05,rel=2.027e-07
MXFP4,BITSHIFT,U(-1,1),32,4096,4096,16x128x64_w8,OK,ms=1.186,tflops=0.91,gbps=8.4,maxabs=5.341e-05,p99=1.144e-05,rel=1.442e-07
MXFP4,LUT,U(-1,1),32,4096,4096,16x128x32_w4f2,SKIP,BN/WARPS != 16
MXFP4,BITSHIFT,U(-1,1),32,4096,4096,16x128x32_w4f2,SKIP,BN/WARPS != 16
MXFP4,LUT,U(-1,1),32,4096,4096,16x128x64_w4f2,SKIP,BN/WARPS != 16
MXFP4,BITSHIFT,U(-1,1),32,4096,4096,16x128x64_w4f2,SKIP,BN/WARPS != 16
MXFP4,LUT,U(-1,1),32,4096,4096,16x256x32_w4f4,SKIP,BN/WARPS != 16
MXFP4,BITSHIFT,U(-1,1),32,4096,4096,16x256x32_w4f4,SKIP,BN/WARPS != 16
MXFP4,LUT,U(-1,1),32,4096,4096,16x256x64_w4f4,SKIP,BN/WARPS != 16
MXFP4,BITSHIFT,U(-1,1),32,4096,4096,16x256x64_w4f4,SKIP,BN/WARPS != 16
MXFP4,LUT,U(-1,1),32,4096,4096,16x256x32_w8f2,SKIP,BN/WARPS != 16
MXFP4,BITSHIFT,U(-1,1),32,4096,4096,16x256x32_w8f2,SKIP,BN/WARPS != 16
MXFP4,LUT,U(-1,1),32,4096,4096,16x512x32_w8f4,SKIP,BN/WARPS != 16
MXFP4,BITSHIFT,U(-1,1),32,4096,4096,16x512x32_w8f4,SKIP,BN/WARPS != 16
MXFP4,LUT,U(-1,1),64,4096,4096,16x64x32_w4,OK,ms=0.799,tflops=2.69,gbps=13.8,maxabs=9.155e-05,p99=1.907e-05,rel=2.030e-07
MXFP4,BITSHIFT,U(-1,1),64,4096,4096,16x64x32_w4,OK,ms=1.127,tflops=1.91,gbps=9.8,maxabs=5.341e-05,p99=1.144e-05,rel=1.456e-07
MXFP4,LUT,U(-1,1),64,4096,4096,16x64x64_w4,OK,ms=0.949,tflops=2.26,gbps=11.6,maxabs=9.155e-05,p99=1.907e-05,rel=2.030e-07
MXFP4,BITSHIFT,U(-1,1),64,4096,4096,16x64x64_w4,OK,ms=1.323,tflops=1.62,gbps=8.3,maxabs=5.341e-05,p99=1.144e-05,rel=1.456e-07
MXFP4,LUT,U(-1,1),64,4096,4096,16x128x32_w8,OK,ms=0.829,tflops=2.59,gbps=13.3,maxabs=9.155e-05,p99=1.907e-05,rel=2.030e-07
MXFP4,BITSHIFT,U(-1,1),64,4096,4096,16x128x32_w8,OK,ms=1.258,tflops=1.71,gbps=8.8,maxabs=5.341e-05,p99=1.144e-05,rel=1.456e-07
MXFP4,LUT,U(-1,1),64,4096,4096,16x128x64_w8,OK,ms=0.940,tflops=2.28,gbps=11.7,maxabs=9.155e-05,p99=1.907e-05,rel=2.030e-07
MXFP4,BITSHIFT,U(-1,1),64,4096,4096,16x128x64_w8,OK,ms=1.390,tflops=1.55,gbps=7.9,maxabs=5.341e-05,p99=1.144e-05,rel=1.456e-07
MXFP4,LUT,U(-1,1),64,4096,4096,16x128x32_w4f2,SKIP,BN/WARPS != 16
MXFP4,BITSHIFT,U(-1,1),64,4096,4096,16x128x32_w4f2,SKIP,BN/WARPS != 16
MXFP4,LUT,U(-1,1),64,4096,4096,16x128x64_w4f2,SKIP,BN/WARPS != 16
MXFP4,BITSHIFT,U(-1,1),64,4096,4096,16x128x64_w4f2,SKIP,BN/WARPS != 16
MXFP4,LUT,U(-1,1),64,4096,4096,16x256x32_w4f4,SKIP,BN/WARPS != 16
MXFP4,BITSHIFT,U(-1,1),64,4096,4096,16x256x32_w4f4,SKIP,BN/WARPS != 16
MXFP4,LUT,U(-1,1),64,4096,4096,16x256x64_w4f4,SKIP,BN/WARPS != 16
MXFP4,BITSHIFT,U(-1,1),64,4096,4096,16x256x64_w4f4,SKIP,BN/WARPS != 16
MXFP4,LUT,U(-1,1),64,4096,4096,16x256x32_w8f2,SKIP,BN/WARPS != 16
MXFP4,BITSHIFT,U(-1,1),64,4096,4096,16x256x32_w8f2,SKIP,BN/WARPS != 16
MXFP4,LUT,U(-1,1),64,4096,4096,16x512x32_w8f4,SKIP,BN/WARPS != 16
MXFP4,BITSHIFT,U(-1,1),64,4096,4096,16x512x32_w8f4,SKIP,BN/WARPS != 16
MXFP4,LUT,U(-1,1),128,4096,4096,16x64x32_w4,OK,ms=1.008,tflops=4.26,gbps=13.0,maxabs=8.392e-05,p99=1.526e-05,rel=1.796e-07
MXFP4,BITSHIFT,U(-1,1),128,4096,4096,16x64x32_w4,OK,ms=1.540,tflops=2.79,gbps=8.5,maxabs=4.578e-05,p99=1.335e-05,rel=1.733e-07
MXFP4,LUT,U(-1,1),128,4096,4096,16x64x64_w4,OK,ms=2.126,tflops=2.02,gbps=6.2,maxabs=8.392e-05,p99=1.526e-05,rel=1.796e-07
MXFP4,BITSHIFT,U(-1,1),128,4096,4096,16x64x64_w4,OK,ms=2.796,tflops=1.54,gbps=4.7,maxabs=4.578e-05,p99=1.335e-05,rel=1.733e-07
MXFP4,LUT,U(-1,1),128,4096,4096,16x128x32_w8,OK,ms=1.118,tflops=3.84,gbps=11.7,maxabs=8.392e-05,p99=1.526e-05,rel=1.796e-07
MXFP4,BITSHIFT,U(-1,1),128,4096,4096,16x128x32_w8,OK,ms=1.821,tflops=2.36,gbps=7.2,maxabs=4.578e-05,p99=1.335e-05,rel=1.733e-07
MXFP4,LUT,U(-1,1),128,4096,4096,16x128x64_w8,OK,ms=2.224,tflops=1.93,gbps=5.9,maxabs=8.392e-05,p99=1.526e-05,rel=1.796e-07
MXFP4,BITSHIFT,U(-1,1),128,4096,4096,16x128x64_w8,OK,ms=3.175,tflops=1.35,gbps=4.1,maxabs=4.578e-05,p99=1.335e-05,rel=1.733e-07
MXFP4,LUT,U(-1,1),128,4096,4096,16x128x32_w4f2,SKIP,BN/WARPS != 16
MXFP4,BITSHIFT,U(-1,1),128,4096,4096,16x128x32_w4f2,SKIP,BN/WARPS != 16
MXFP4,LUT,U(-1,1),128,4096,4096,16x128x64_w4f2,SKIP,BN/WARPS != 16
MXFP4,BITSHIFT,U(-1,1),128,4096,4096,16x128x64_w4f2,SKIP,BN/WARPS != 16
MXFP4,LUT,U(-1,1),128,4096,4096,16x256x32_w4f4,SKIP,BN/WARPS != 16
MXFP4,BITSHIFT,U(-1,1),128,4096,4096,16x256x32_w4f4,SKIP,BN/WARPS != 16
MXFP4,LUT,U(-1,1),128,4096,4096,16x256x64_w4f4,SKIP,BN/WARPS != 16
MXFP4,BITSHIFT,U(-1,1),128,4096,4096,16x256x64_w4f4,SKIP,BN/WARPS != 16
MXFP4,LUT,U(-1,1),128,4096,4096,16x256x32_w8f2,SKIP,BN/WARPS != 16
MXFP4,BITSHIFT,U(-1,1),128,4096,4096,16x256x32_w8f2,SKIP,BN/WARPS != 16
MXFP4,LUT,U(-1,1),128,4096,4096,16x512x32_w8f4,SKIP,BN/WARPS != 16
MXFP4,BITSHIFT,U(-1,1),128,4096,4096,16x512x32_w8f4,SKIP,BN/WARPS != 16
MXFP4,LUT,U(-1,1),256,4096,4096,16x64x32_w4,OK,ms=2.134,tflops=4.03,gbps=8.1,maxabs=9.155e-05,p99=1.717e-05,rel=1.988e-07
MXFP4,BITSHIFT,U(-1,1),256,4096,4096,16x64x32_w4,OK,ms=3.385,tflops=2.54,gbps=5.1,maxabs=5.341e-05,p99=1.144e-05,rel=1.500e-07
MXFP4,LUT,U(-1,1),256,4096,4096,16x64x64_w4,OK,ms=3.241,tflops=2.65,gbps=5.3,maxabs=9.155e-05,p99=1.717e-05,rel=1.988e-07
MXFP4,BITSHIFT,U(-1,1),256,4096,4096,16x64x64_w4,OK,ms=4.435,tflops=1.94,gbps=3.9,maxabs=5.341e-05,p99=1.144e-05,rel=1.500e-07
MXFP4,LUT,U(-1,1),256,4096,4096,16x128x32_w8,OK,ms=2.251,tflops=3.82,gbps=7.7,maxabs=9.155e-05,p99=1.717e-05,rel=1.988e-07
MXFP4,BITSHIFT,U(-1,1),256,4096,4096,16x128x32_w8,OK,ms=3.663,tflops=2.34,gbps=4.7,maxabs=5.341e-05,p99=1.144e-05,rel=1.500e-07
MXFP4,LUT,U(-1,1),256,4096,4096,16x128x64_w8,OK,ms=3.353,tflops=2.56,gbps=5.2,maxabs=9.155e-05,p99=1.717e-05,rel=1.988e-07
MXFP4,BITSHIFT,U(-1,1),256,4096,4096,16x128x64_w8,OK,ms=5.064,tflops=1.70,gbps=3.4,maxabs=5.341e-05,p99=1.144e-05,rel=1.500e-07
MXFP4,LUT,U(-1,1),256,4096,4096,16x128x32_w4f2,SKIP,BN/WARPS != 16
MXFP4,BITSHIFT,U(-1,1),256,4096,4096,16x128x32_w4f2,SKIP,BN/WARPS != 16
MXFP4,LUT,U(-1,1),256,4096,4096,16x128x64_w4f2,SKIP,BN/WARPS != 16
MXFP4,BITSHIFT,U(-1,1),256,4096,4096,16x128x64_w4f2,SKIP,BN/WARPS != 16
MXFP4,LUT,U(-1,1),256,4096,4096,16x256x32_w4f4,SKIP,BN/WARPS != 16
MXFP4,BITSHIFT,U(-1,1),256,4096,4096,16x256x32_w4f4,SKIP,BN/WARPS != 16
MXFP4,LUT,U(-1,1),256,4096,4096,16x256x64_w4f4,SKIP,BN/WARPS != 16
MXFP4,BITSHIFT,U(-1,1),256,4096,4096,16x256x64_w4f4,SKIP,BN/WARPS != 16
MXFP4,LUT,U(-1,1),256,4096,4096,16x256x32_w8f2,SKIP,BN/WARPS != 16
MXFP4,BITSHIFT,U(-1,1),256,4096,4096,16x256x32_w8f2,SKIP,BN/WARPS != 16
MXFP4,LUT,U(-1,1),256,4096,4096,16x512x32_w8f4,SKIP,BN/WARPS != 16
MXFP4,BITSHIFT,U(-1,1),256,4096,4096,16x512x32_w8f4,SKIP,BN/WARPS != 16
MXFP4,LUT,U(-1,1),512,4096,4096,16x64x32_w4,OK,ms=3.595,tflops=4.78,gbps=7.1,maxabs=8.392e-05,p99=1.526e-05,rel=1.786e-07
MXFP4,BITSHIFT,U(-1,1),512,4096,4096,16x64x32_w4,OK,ms=6.259,tflops=2.74,gbps=4.1,maxabs=6.104e-05,p99=1.335e-05,rel=1.722e-07
MXFP4,LUT,U(-1,1),512,4096,4096,16x64x64_w4,OK,ms=5.450,tflops=3.15,gbps=4.7,maxabs=8.392e-05,p99=1.526e-05,rel=1.786e-07
MXFP4,BITSHIFT,U(-1,1),512,4096,4096,16x64x64_w4,OK,ms=7.509,tflops=2.29,gbps=3.4,maxabs=6.104e-05,p99=1.335e-05,rel=1.722e-07
MXFP4,LUT,U(-1,1),512,4096,4096,16x128x32_w8,OK,ms=4.310,tflops=3.99,gbps=6.0,maxabs=8.392e-05,p99=1.526e-05,rel=1.786e-07
MXFP4,BITSHIFT,U(-1,1),512,4096,4096,16x128x32_w8,OK,ms=6.992,tflops=2.46,gbps=3.7,maxabs=6.104e-05,p99=1.335e-05,rel=1.722e-07
MXFP4,LUT,U(-1,1),512,4096,4096,16x128x64_w8,OK,ms=5.677,tflops=3.03,gbps=4.5,maxabs=8.392e-05,p99=1.526e-05,rel=1.786e-07
MXFP4,BITSHIFT,U(-1,1),512,4096,4096,16x128x64_w8,OK,ms=8.415,tflops=2.04,gbps=3.1,maxabs=6.104e-05,p99=1.335e-05,rel=1.722e-07
MXFP4,LUT,U(-1,1),512,4096,4096,16x128x32_w4f2,SKIP,BN/WARPS != 16
MXFP4,BITSHIFT,U(-1,1),512,4096,4096,16x128x32_w4f2,SKIP,BN/WARPS != 16
MXFP4,LUT,U(-1,1),512,4096,4096,16x128x64_w4f2,SKIP,BN/WARPS != 16
MXFP4,BITSHIFT,U(-1,1),512,4096,4096,16x128x64_w4f2,SKIP,BN/WARPS != 16
MXFP4,LUT,U(-1,1),512,4096,4096,16x256x32_w4f4,SKIP,BN/WARPS != 16
MXFP4,BITSHIFT,U(-1,1),512,4096,4096,16x256x32_w4f4,SKIP,BN/WARPS != 16
MXFP4,LUT,U(-1,1),512,4096,4096,16x256x64_w4f4,SKIP,BN/WARPS != 16
MXFP4,BITSHIFT,U(-1,1),512,4096,4096,16x256x64_w4f4,SKIP,BN/WARPS != 16
MXFP4,LUT,U(-1,1),512,4096,4096,16x256x32_w8f2,SKIP,BN/WARPS != 16
MXFP4,BITSHIFT,U(-1,1),512,4096,4096,16x256x32_w8f2,SKIP,BN/WARPS != 16
MXFP4,LUT,U(-1,1),512,4096,4096,16x512x32_w8f4,SKIP,BN/WARPS != 16
MXFP4,BITSHIFT,U(-1,1),512,4096,4096,16x512x32_w8f4,SKIP,BN/WARPS != 16
MXFP4,LUT,U(-1,1),1024,4096,4096,16x64x32_w4,OK,ms=7.194,tflops=4.78,gbps=5.9,maxabs=0.000e+00,p99=0.000e+00,rel=0.000e+00
MXFP4,BITSHIFT,U(-1,1),1024,4096,4096,16x64x32_w4,OK,ms=11.762,tflops=2.92,gbps=3.6,maxabs=1.526e-04,p99=2.289e-05,rel=2.490e-07
MXFP4,LUT,U(-1,1),1024,4096,4096,16x64x64_w4,OK,ms=9.977,tflops=3.44,gbps=4.3,maxabs=0.000e+00,p99=0.000e+00,rel=0.000e+00
MXFP4,BITSHIFT,U(-1,1),1024,4096,4096,16x64x64_w4,OK,ms=13.791,tflops=2.49,gbps=3.1,maxabs=1.526e-04,p99=2.289e-05,rel=2.490e-07
MXFP4,LUT,U(-1,1),1024,4096,4096,16x128x32_w8,OK,ms=7.881,tflops=4.36,gbps=5.4,maxabs=0.000e+00,p99=0.000e+00,rel=0.000e+00
MXFP4,BITSHIFT,U(-1,1),1024,4096,4096,16x128x32_w8,OK,ms=12.803,tflops=2.68,gbps=3.3,maxabs=1.526e-04,p99=2.289e-05,rel=2.490e-07
MXFP4,LUT,U(-1,1),1024,4096,4096,16x128x64_w8,OK,ms=10.315,tflops=3.33,gbps=4.1,maxabs=0.000e+00,p99=0.000e+00,rel=0.000e+00
MXFP4,BITSHIFT,U(-1,1),1024,4096,4096,16x128x64_w8,OK,ms=15.151,tflops=2.27,gbps=2.8,maxabs=1.526e-04,p99=2.289e-05,rel=2.490e-07
MXFP4,LUT,U(-1,1),1024,4096,4096,16x128x32_w4f2,SKIP,BN/WARPS != 16
MXFP4,BITSHIFT,U(-1,1),1024,4096,4096,16x128x32_w4f2,SKIP,BN/WARPS != 16
MXFP4,LUT,U(-1,1),1024,4096,4096,16x128x64_w4f2,SKIP,BN/WARPS != 16
MXFP4,BITSHIFT,U(-1,1),1024,4096,4096,16x128x64_w4f2,SKIP,BN/WARPS != 16
MXFP4,LUT,U(-1,1),1024,4096,4096,16x256x32_w4f4,SKIP,BN/WARPS != 16
MXFP4,BITSHIFT,U(-1,1),1024,4096,4096,16x256x32_w4f4,SKIP,BN/WARPS != 16
MXFP4,LUT,U(-1,1),1024,4096,4096,16x256x64_w4f4,SKIP,BN/WARPS != 16
MXFP4,BITSHIFT,U(-1,1),1024,4096,4096,16x256x64_w4f4,SKIP,BN/WARPS != 16
MXFP4,LUT,U(-1,1),1024,4096,4096,16x256x32_w8f2,SKIP,BN/WARPS != 16
MXFP4,BITSHIFT,U(-1,1),1024,4096,4096,16x256x32_w8f2,SKIP,BN/WARPS != 16
MXFP4,LUT,U(-1,1),1024,4096,4096,16x512x32_w8f4,SKIP,BN/WARPS != 16
MXFP4,BITSHIFT,U(-1,1),1024,4096,4096,16x512x32_w8f4,SKIP,BN/WARPS != 16
MXFP4,LUT,U(-1,1),2048,4096,4096,16x64x32_w4,OK,ms=14.127,tflops=4.86,gbps=5.4,maxabs=0.000e+00,p99=0.000e+00,rel=0.000e+00
MXFP4,BITSHIFT,U(-1,1),2048,4096,4096,16x64x32_w4,OK,ms=22.118,tflops=3.11,gbps=3.4,maxabs=1.526e-04,p99=2.289e-05,rel=2.498e-07
MXFP4,LUT,U(-1,1),2048,4096,4096,16x64x64_w4,OK,ms=19.889,tflops=3.46,gbps=3.8,maxabs=0.000e+00,p99=0.000e+00,rel=0.000e+00
MXFP4,BITSHIFT,U(-1,1),2048,4096,4096,16x64x64_w4,OK,ms=27.298,tflops=2.52,gbps=2.8,maxabs=1.526e-04,p99=2.289e-05,rel=2.498e-07
MXFP4,LUT,U(-1,1),2048,4096,4096,16x128x32_w8,OK,ms=14.857,tflops=4.63,gbps=5.1,maxabs=0.000e+00,p99=0.000e+00,rel=0.000e+00
MXFP4,BITSHIFT,U(-1,1),2048,4096,4096,16x128x32_w8,OK,ms=23.980,tflops=2.87,gbps=3.2,maxabs=1.526e-04,p99=2.289e-05,rel=2.498e-07
MXFP4,LUT,U(-1,1),2048,4096,4096,16x128x64_w8,OK,ms=20.688,tflops=3.32,gbps=3.7,maxabs=0.000e+00,p99=0.000e+00,rel=0.000e+00
MXFP4,BITSHIFT,U(-1,1),2048,4096,4096,16x128x64_w8,OK,ms=30.324,tflops=2.27,gbps=2.5,maxabs=1.526e-04,p99=2.289e-05,rel=2.498e-07
MXFP4,LUT,U(-1,1),2048,4096,4096,16x128x32_w4f2,SKIP,BN/WARPS != 16
MXFP4,BITSHIFT,U(-1,1),2048,4096,4096,16x128x32_w4f2,SKIP,BN/WARPS != 16
MXFP4,LUT,U(-1,1),2048,4096,4096,16x128x64_w4f2,SKIP,BN/WARPS != 16
MXFP4,BITSHIFT,U(-1,1),2048,4096,4096,16x128x64_w4f2,SKIP,BN/WARPS != 16
MXFP4,LUT,U(-1,1),2048,4096,4096,16x256x32_w4f4,SKIP,BN/WARPS != 16
MXFP4,BITSHIFT,U(-1,1),2048,4096,4096,16x256x32_w4f4,SKIP,BN/WARPS != 16
MXFP4,LUT,U(-1,1),2048,4096,4096,16x256x64_w4f4,SKIP,BN/WARPS != 16
MXFP4,BITSHIFT,U(-1,1),2048,4096,4096,16x256x64_w4f4,SKIP,BN/WARPS != 16
MXFP4,LUT,U(-1,1),2048,4096,4096,16x256x32_w8f2,SKIP,BN/WARPS != 16
MXFP4,BITSHIFT,U(-1,1),2048,4096,4096,16x256x32_w8f2,SKIP,BN/WARPS != 16
MXFP4,LUT,U(-1,1),2048,4096,4096,16x512x32_w8f4,SKIP,BN/WARPS != 16
MXFP4,BITSHIFT,U(-1,1),2048,4096,4096,16x512x32_w8f4,SKIP,BN/WARPS != 16
MXFP4,LUT,U(-1,1),1,7168,7168,16x64x32_w4,OK,ms=1.377,tflops=0.07,gbps=19.9,maxabs=1.681e-02,p99=1.249e-02,rel=1.828e-04
MXFP4,BITSHIFT,U(-1,1),1,7168,7168,16x64x32_w4,OK,ms=1.580,tflops=0.07,gbps=17.3,maxabs=1.681e-02,p99=1.248e-02,rel=1.828e-04
MXFP4,LUT,U(-1,1),1,7168,7168,16x64x64_w4,OK,ms=1.833,tflops=0.06,gbps=14.9,maxabs=1.681e-02,p99=1.249e-02,rel=1.828e-04
MXFP4,BITSHIFT,U(-1,1),1,7168,7168,16x64x64_w4,OK,ms=2.059,tflops=0.05,gbps=13.3,maxabs=1.681e-02,p99=1.248e-02,rel=1.828e-04
MXFP4,LUT,U(-1,1),1,7168,7168,16x128x32_w8,OK,ms=1.393,tflops=0.07,gbps=19.6,maxabs=1.681e-02,p99=1.249e-02,rel=1.828e-04
MXFP4,BITSHIFT,U(-1,1),1,7168,7168,16x128x32_w8,OK,ms=1.621,tflops=0.06,gbps=16.9,maxabs=1.681e-02,p99=1.248e-02,rel=1.828e-04
MXFP4,LUT,U(-1,1),1,7168,7168,16x128x64_w8,OK,ms=1.881,tflops=0.05,gbps=14.5,maxabs=1.681e-02,p99=1.249e-02,rel=1.828e-04
MXFP4,BITSHIFT,U(-1,1),1,7168,7168,16x128x64_w8,OK,ms=2.092,tflops=0.05,gbps=13.1,maxabs=1.681e-02,p99=1.248e-02,rel=1.828e-04
MXFP4,LUT,U(-1,1),1,7168,7168,16x128x32_w4f2,SKIP,BN/WARPS != 16
MXFP4,BITSHIFT,U(-1,1),1,7168,7168,16x128x32_w4f2,SKIP,BN/WARPS != 16
MXFP4,LUT,U(-1,1),1,7168,7168,16x128x64_w4f2,SKIP,BN/WARPS != 16
MXFP4,BITSHIFT,U(-1,1),1,7168,7168,16x128x64_w4f2,SKIP,BN/WARPS != 16
MXFP4,LUT,U(-1,1),1,7168,7168,16x256x32_w4f4,SKIP,BN/WARPS != 16
MXFP4,BITSHIFT,U(-1,1),1,7168,7168,16x256x32_w4f4,SKIP,BN/WARPS != 16
MXFP4,LUT,U(-1,1),1,7168,7168,16x256x64_w4f4,SKIP,BN/WARPS != 16
MXFP4,BITSHIFT,U(-1,1),1,7168,7168,16x256x64_w4f4,SKIP,BN/WARPS != 16
MXFP4,LUT,U(-1,1),1,7168,7168,16x256x32_w8f2,SKIP,BN/WARPS != 16
MXFP4,BITSHIFT,U(-1,1),1,7168,7168,16x256x32_w8f2,SKIP,BN/WARPS != 16
MXFP4,LUT,U(-1,1),1,7168,7168,16x512x32_w8f4,SKIP,BN/WARPS != 16
MXFP4,BITSHIFT,U(-1,1),1,7168,7168,16x512x32_w8f4,SKIP,BN/WARPS != 16
MXFP4,LUT,U(-1,1),8,7168,7168,16x64x32_w4,OK,ms=1.407,tflops=0.58,gbps=19.7,maxabs=2.174e-02,p99=1.243e-02,rel=1.869e-04
MXFP4,BITSHIFT,U(-1,1),8,7168,7168,16x64x32_w4,OK,ms=1.660,tflops=0.50,gbps=16.7,maxabs=2.174e-02,p99=1.243e-02,rel=1.869e-04
MXFP4,LUT,U(-1,1),8,7168,7168,16x64x64_w4,OK,ms=1.838,tflops=0.45,gbps=15.1,maxabs=2.174e-02,p99=1.243e-02,rel=1.869e-04
MXFP4,BITSHIFT,U(-1,1),8,7168,7168,16x64x64_w4,OK,ms=2.121,tflops=0.39,gbps=13.1,maxabs=2.174e-02,p99=1.243e-02,rel=1.869e-04
MXFP4,LUT,U(-1,1),8,7168,7168,16x128x32_w8,OK,ms=1.443,tflops=0.57,gbps=19.2,maxabs=2.174e-02,p99=1.243e-02,rel=1.869e-04
MXFP4,BITSHIFT,U(-1,1),8,7168,7168,16x128x32_w8,OK,ms=1.722,tflops=0.48,gbps=16.1,maxabs=2.174e-02,p99=1.243e-02,rel=1.869e-04
MXFP4,LUT,U(-1,1),8,7168,7168,16x128x64_w8,OK,ms=1.893,tflops=0.43,gbps=14.7,maxabs=2.174e-02,p99=1.243e-02,rel=1.869e-04
MXFP4,BITSHIFT,U(-1,1),8,7168,7168,16x128x64_w8,OK,ms=2.160,tflops=0.38,gbps=12.8,maxabs=2.174e-02,p99=1.243e-02,rel=1.869e-04
MXFP4,LUT,U(-1,1),8,7168,7168,16x128x32_w4f2,SKIP,BN/WARPS != 16
MXFP4,BITSHIFT,U(-1,1),8,7168,7168,16x128x32_w4f2,SKIP,BN/WARPS != 16
MXFP4,LUT,U(-1,1),8,7168,7168,16x128x64_w4f2,SKIP,BN/WARPS != 16
MXFP4,BITSHIFT,U(-1,1),8,7168,7168,16x128x64_w4f2,SKIP,BN/WARPS != 16
MXFP4,LUT,U(-1,1),8,7168,7168,16x256x32_w4f4,SKIP,BN/WARPS != 16
MXFP4,BITSHIFT,U(-1,1),8,7168,7168,16x256x32_w4f4,SKIP,BN/WARPS != 16
MXFP4,LUT,U(-1,1),8,7168,7168,16x256x64_w4f4,SKIP,BN/WARPS != 16
MXFP4,BITSHIFT,U(-1,1),8,7168,7168,16x256x64_w4f4,SKIP,BN/WARPS != 16
MXFP4,LUT,U(-1,1),8,7168,7168,16x256x32_w8f2,SKIP,BN/WARPS != 16
MXFP4,BITSHIFT,U(-1,1),8,7168,7168,16x256x32_w8f2,SKIP,BN/WARPS != 16
MXFP4,LUT,U(-1,1),8,7168,7168,16x512x32_w8f4,SKIP,BN/WARPS != 16
MXFP4,BITSHIFT,U(-1,1),8,7168,7168,16x512x32_w8f4,SKIP,BN/WARPS != 16
MXFP4,LUT,U(-1,1),16,7168,7168,16x64x32_w4,OK,ms=1.425,tflops=1.15,gbps=19.8,maxabs=1.144e-04,p99=3.052e-05,rel=2.870e-07
MXFP4,BITSHIFT,U(-1,1),16,7168,7168,16x64x32_w4,OK,ms=1.741,tflops=0.94,gbps=16.2,maxabs=7.629e-05,p99=2.289e-05,rel=2.063e-07
MXFP4,LUT,U(-1,1),16,7168,7168,16x64x64_w4,OK,ms=1.855,tflops=0.89,gbps=15.2,maxabs=1.144e-04,p99=3.052e-05,rel=2.870e-07
MXFP4,BITSHIFT,U(-1,1),16,7168,7168,16x64x64_w4,OK,ms=2.202,tflops=0.75,gbps=12.8,maxabs=7.629e-05,p99=2.289e-05,rel=2.063e-07
MXFP4,LUT,U(-1,1),16,7168,7168,16x128x32_w8,OK,ms=1.493,tflops=1.10,gbps=18.9,maxabs=1.144e-04,p99=3.052e-05,rel=2.870e-07
MXFP4,BITSHIFT,U(-1,1),16,7168,7168,16x128x32_w8,OK,ms=1.817,tflops=0.90,gbps=15.5,maxabs=7.629e-05,p99=2.289e-05,rel=2.063e-07
MXFP4,LUT,U(-1,1),16,7168,7168,16x128x64_w8,OK,ms=1.897,tflops=0.87,gbps=14.9,maxabs=1.144e-04,p99=3.052e-05,rel=2.870e-07
MXFP4,BITSHIFT,U(-1,1),16,7168,7168,16x128x64_w8,OK,ms=2.221,tflops=0.74,gbps=12.7,maxabs=7.629e-05,p99=2.289e-05,rel=2.063e-07
MXFP4,LUT,U(-1,1),16,7168,7168,16x128x32_w4f2,SKIP,BN/WARPS != 16
MXFP4,BITSHIFT,U(-1,1),16,7168,7168,16x128x32_w4f2,SKIP,BN/WARPS != 16
MXFP4,LUT,U(-1,1),16,7168,7168,16x128x64_w4f2,SKIP,BN/WARPS != 16
MXFP4,BITSHIFT,U(-1,1),16,7168,7168,16x128x64_w4f2,SKIP,BN/WARPS != 16
MXFP4,LUT,U(-1,1),16,7168,7168,16x256x32_w4f4,SKIP,BN/WARPS != 16
MXFP4,BITSHIFT,U(-1,1),16,7168,7168,16x256x32_w4f4,SKIP,BN/WARPS != 16
MXFP4,LUT,U(-1,1),16,7168,7168,16x256x64_w4f4,SKIP,BN/WARPS != 16
MXFP4,BITSHIFT,U(-1,1),16,7168,7168,16x256x64_w4f4,SKIP,BN/WARPS != 16
MXFP4,LUT,U(-1,1),16,7168,7168,16x256x32_w8f2,SKIP,BN/WARPS != 16
MXFP4,BITSHIFT,U(-1,1),16,7168,7168,16x256x32_w8f2,SKIP,BN/WARPS != 16
MXFP4,LUT,U(-1,1),16,7168,7168,16x512x32_w8f4,SKIP,BN/WARPS != 16
MXFP4,BITSHIFT,U(-1,1),16,7168,7168,16x512x32_w8f4,SKIP,BN/WARPS != 16
MXFP4,LUT,U(-1,1),32,7168,7168,16x64x32_w4,OK,ms=1.565,tflops=2.10,gbps=18.6,maxabs=1.297e-04,p99=3.052e-05,rel=2.777e-07
MXFP4,BITSHIFT,U(-1,1),32,7168,7168,16x64x32_w4,OK,ms=1.925,tflops=1.71,gbps=15.1,maxabs=8.011e-05,p99=2.289e-05,rel=2.200e-07
MXFP4,LUT,U(-1,1),32,7168,7168,16x64x64_w4,OK,ms=1.881,tflops=1.75,gbps=15.5,maxabs=1.297e-04,p99=3.052e-05,rel=2.777e-07
MXFP4,BITSHIFT,U(-1,1),32,7168,7168,16x64x64_w4,OK,ms=2.275,tflops=1.45,gbps=12.8,maxabs=8.011e-05,p99=2.289e-05,rel=2.200e-07
MXFP4,LUT,U(-1,1),32,7168,7168,16x128x32_w8,OK,ms=1.687,tflops=1.95,gbps=17.3,maxabs=1.297e-04,p99=3.052e-05,rel=2.777e-07
MXFP4,BITSHIFT,U(-1,1),32,7168,7168,16x128x32_w8,OK,ms=2.137,tflops=1.54,gbps=13.6,maxabs=8.011e-05,p99=2.289e-05,rel=2.200e-07
MXFP4,LUT,U(-1,1),32,7168,7168,16x128x64_w8,OK,ms=2.001,tflops=1.64,gbps=14.6,maxabs=1.297e-04,p99=3.052e-05,rel=2.777e-07
MXFP4,BITSHIFT,U(-1,1),32,7168,7168,16x128x64_w8,OK,ms=2.401,tflops=1.37,gbps=12.1,maxabs=8.011e-05,p99=2.289e-05,rel=2.200e-07
MXFP4,LUT,U(-1,1),32,7168,7168,16x128x32_w4f2,SKIP,BN/WARPS != 16
MXFP4,BITSHIFT,U(-1,1),32,7168,7168,16x128x32_w4f2,SKIP,BN/WARPS != 16
MXFP4,LUT,U(-1,1),32,7168,7168,16x128x64_w4f2,SKIP,BN/WARPS != 16
MXFP4,BITSHIFT,U(-1,1),32,7168,7168,16x128x64_w4f2,SKIP,BN/WARPS != 16
MXFP4,LUT,U(-1,1),32,7168,7168,16x256x32_w4f4,SKIP,BN/WARPS != 16
MXFP4,BITSHIFT,U(-1,1),32,7168,7168,16x256x32_w4f4,SKIP,BN/WARPS != 16
MXFP4,LUT,U(-1,1),32,7168,7168,16x256x64_w4f4,SKIP,BN/WARPS != 16
MXFP4,BITSHIFT,U(-1,1),32,7168,7168,16x256x64_w4f4,SKIP,BN/WARPS != 16
MXFP4,LUT,U(-1,1),32,7168,7168,16x256x32_w8f2,SKIP,BN/WARPS != 16
MXFP4,BITSHIFT,U(-1,1),32,7168,7168,16x256x32_w8f2,SKIP,BN/WARPS != 16
MXFP4,LUT,U(-1,1),32,7168,7168,16x512x32_w8f4,SKIP,BN/WARPS != 16
MXFP4,BITSHIFT,U(-1,1),32,7168,7168,16x512x32_w8f4,SKIP,BN/WARPS != 16
MXFP4,LUT,U(-1,1),64,7168,7168,16x64x32_w4,OK,ms=1.800,tflops=3.65,gbps=17.2,maxabs=1.297e-04,p99=3.052e-05,rel=2.799e-07
MXFP4,BITSHIFT,U(-1,1),64,7168,7168,16x64x32_w4,OK,ms=2.250,tflops=2.92,gbps=13.8,maxabs=9.155e-05,p99=2.289e-05,rel=2.216e-07
MXFP4,LUT,U(-1,1),64,7168,7168,16x64x64_w4,OK,ms=2.122,tflops=3.10,gbps=14.6,maxabs=1.297e-04,p99=3.052e-05,rel=2.799e-07
MXFP4,BITSHIFT,U(-1,1),64,7168,7168,16x64x64_w4,OK,ms=2.493,tflops=2.64,gbps=12.4,maxabs=9.155e-05,p99=2.289e-05,rel=2.216e-07
MXFP4,LUT,U(-1,1),64,7168,7168,16x128x32_w8,OK,ms=1.853,tflops=3.55,gbps=16.7,maxabs=1.297e-04,p99=3.052e-05,rel=2.799e-07
MXFP4,BITSHIFT,U(-1,1),64,7168,7168,16x128x32_w8,OK,ms=2.449,tflops=2.69,gbps=12.6,maxabs=9.155e-05,p99=2.289e-05,rel=2.216e-07
MXFP4,LUT,U(-1,1),64,7168,7168,16x128x64_w8,OK,ms=2.205,tflops=2.98,gbps=14.0,maxabs=1.297e-04,p99=3.052e-05,rel=2.799e-07
MXFP4,BITSHIFT,U(-1,1),64,7168,7168,16x128x64_w8,OK,ms=2.783,tflops=2.36,gbps=11.1,maxabs=9.155e-05,p99=2.289e-05,rel=2.216e-07
MXFP4,LUT,U(-1,1),64,7168,7168,16x128x32_w4f2,SKIP,BN/WARPS != 16
MXFP4,BITSHIFT,U(-1,1),64,7168,7168,16x128x32_w4f2,SKIP,BN/WARPS != 16
MXFP4,LUT,U(-1,1),64,7168,7168,16x128x64_w4f2,SKIP,BN/WARPS != 16
MXFP4,BITSHIFT,U(-1,1),64,7168,7168,16x128x64_w4f2,SKIP,BN/WARPS != 16
MXFP4,LUT,U(-1,1),64,7168,7168,16x256x32_w4f4,SKIP,BN/WARPS != 16
MXFP4,BITSHIFT,U(-1,1),64,7168,7168,16x256x32_w4f4,SKIP,BN/WARPS != 16
MXFP4,LUT,U(-1,1),64,7168,7168,16x256x64_w4f4,SKIP,BN/WARPS != 16
MXFP4,BITSHIFT,U(-1,1),64,7168,7168,16x256x64_w4f4,SKIP,BN/WARPS != 16
MXFP4,LUT,U(-1,1),64,7168,7168,16x256x32_w8f2,SKIP,BN/WARPS != 16
MXFP4,BITSHIFT,U(-1,1),64,7168,7168,16x256x32_w8f2,SKIP,BN/WARPS != 16
MXFP4,LUT,U(-1,1),64,7168,7168,16x512x32_w8f4,SKIP,BN/WARPS != 16
MXFP4,BITSHIFT,U(-1,1),64,7168,7168,16x512x32_w8f4,SKIP,BN/WARPS != 16
MXFP4,LUT,U(-1,1),128,7168,7168,16x64x32_w4,OK,ms=4.094,tflops=3.21,gbps=8.5,maxabs=1.297e-04,p99=3.052e-05,rel=2.800e-07
MXFP4,BITSHIFT,U(-1,1),128,7168,7168,16x64x32_w4,OK,ms=4.766,tflops=2.76,gbps=7.3,maxabs=9.155e-05,p99=2.289e-05,rel=2.218e-07
MXFP4,LUT,U(-1,1),128,7168,7168,16x64x64_w4,OK,ms=4.268,tflops=3.08,gbps=8.1,maxabs=1.297e-04,p99=3.052e-05,rel=2.800e-07
MXFP4,BITSHIFT,U(-1,1),128,7168,7168,16x64x64_w4,OK,ms=5.062,tflops=2.60,gbps=6.8,maxabs=9.155e-05,p99=2.289e-05,rel=2.218e-07
MXFP4,LUT,U(-1,1),128,7168,7168,16x128x32_w8,OK,ms=4.203,tflops=3.13,gbps=8.2,maxabs=1.297e-04,p99=3.052e-05,rel=2.800e-07
MXFP4,BITSHIFT,U(-1,1),128,7168,7168,16x128x32_w8,OK,ms=5.836,tflops=2.25,gbps=5.9,maxabs=9.155e-05,p99=2.289e-05,rel=2.218e-07
MXFP4,LUT,U(-1,1),128,7168,7168,16x128x64_w8,OK,ms=4.432,tflops=2.97,gbps=7.8,maxabs=1.297e-04,p99=3.052e-05,rel=2.800e-07
MXFP4,BITSHIFT,U(-1,1),128,7168,7168,16x128x64_w8,OK,ms=5.499,tflops=2.39,gbps=6.3,maxabs=9.155e-05,p99=2.289e-05,rel=2.218e-07
MXFP4,LUT,U(-1,1),128,7168,7168,16x128x32_w4f2,SKIP,BN/WARPS != 16
MXFP4,BITSHIFT,U(-1,1),128,7168,7168,16x128x32_w4f2,SKIP,BN/WARPS != 16
MXFP4,LUT,U(-1,1),128,7168,7168,16x128x64_w4f2,SKIP,BN/WARPS != 16
MXFP4,BITSHIFT,U(-1,1),128,7168,7168,16x128x64_w4f2,SKIP,BN/WARPS != 16
MXFP4,LUT,U(-1,1),128,7168,7168,16x256x32_w4f4,SKIP,BN/WARPS != 16
MXFP4,BITSHIFT,U(-1,1),128,7168,7168,16x256x32_w4f4,SKIP,BN/WARPS != 16
MXFP4,LUT,U(-1,1),128,7168,7168,16x256x64_w4f4,SKIP,BN/WARPS != 16
MXFP4,BITSHIFT,U(-1,1),128,7168,7168,16x256x64_w4f4,SKIP,BN/WARPS != 16
MXFP4,LUT,U(-1,1),128,7168,7168,16x256x32_w8f2,SKIP,BN/WARPS != 16
MXFP4,BITSHIFT,U(-1,1),128,7168,7168,16x256x32_w8f2,SKIP,BN/WARPS != 16
MXFP4,LUT,U(-1,1),128,7168,7168,16x512x32_w8f4,SKIP,BN/WARPS != 16
MXFP4,BITSHIFT,U(-1,1),128,7168,7168,16x512x32_w8f4,SKIP,BN/WARPS != 16
MXFP4,LUT,U(-1,1),256,7168,7168,16x64x32_w4,OK,ms=6.199,tflops=4.24,gbps=6.8,maxabs=0.000e+00,p99=0.000e+00,rel=0.000e+00
MXFP4,BITSHIFT,U(-1,1),256,7168,7168,16x64x32_w4,OK,ms=8.040,tflops=3.27,gbps=5.2,maxabs=1.831e-04,p99=4.196e-05,rel=3.665e-07
MXFP4,LUT,U(-1,1),256,7168,7168,16x64x64_w4,OK,ms=8.450,tflops=3.11,gbps=5.0,maxabs=0.000e+00,p99=0.000e+00,rel=0.000e+00
MXFP4,BITSHIFT,U(-1,1),256,7168,7168,16x64x64_w4,OK,ms=10.007,tflops=2.63,gbps=4.2,maxabs=1.831e-04,p99=4.196e-05,rel=3.665e-07
MXFP4,LUT,U(-1,1),256,7168,7168,16x128x32_w8,OK,ms=6.239,tflops=4.22,gbps=6.7,maxabs=0.000e+00,p99=0.000e+00,rel=0.000e+00
MXFP4,BITSHIFT,U(-1,1),256,7168,7168,16x128x32_w8,OK,ms=8.619,tflops=3.05,gbps=4.9,maxabs=1.831e-04,p99=4.196e-05,rel=3.665e-07
MXFP4,LUT,U(-1,1),256,7168,7168,16x128x64_w8,OK,ms=8.772,tflops=3.00,gbps=4.8,maxabs=0.000e+00,p99=0.000e+00,rel=0.000e+00
MXFP4,BITSHIFT,U(-1,1),256,7168,7168,16x128x64_w8,OK,ms=10.849,tflops=2.42,gbps=3.9,maxabs=1.831e-04,p99=4.196e-05,rel=3.665e-07
MXFP4,LUT,U(-1,1),256,7168,7168,16x128x32_w4f2,SKIP,BN/WARPS != 16
MXFP4,BITSHIFT,U(-1,1),256,7168,7168,16x128x32_w4f2,SKIP,BN/WARPS != 16
MXFP4,LUT,U(-1,1),256,7168,7168,16x128x64_w4f2,SKIP,BN/WARPS != 16
MXFP4,BITSHIFT,U(-1,1),256,7168,7168,16x128x64_w4f2,SKIP,BN/WARPS != 16
MXFP4,LUT,U(-1,1),256,7168,7168,16x256x32_w4f4,SKIP,BN/WARPS != 16
MXFP4,BITSHIFT,U(-1,1),256,7168,7168,16x256x32_w4f4,SKIP,BN/WARPS != 16
MXFP4,LUT,U(-1,1),256,7168,7168,16x256x64_w4f4,SKIP,BN/WARPS != 16
MXFP4,BITSHIFT,U(-1,1),256,7168,7168,16x256x64_w4f4,SKIP,BN/WARPS != 16
MXFP4,LUT,U(-1,1),256,7168,7168,16x256x32_w8f2,SKIP,BN/WARPS != 16
MXFP4,BITSHIFT,U(-1,1),256,7168,7168,16x256x32_w8f2,SKIP,BN/WARPS != 16
MXFP4,LUT,U(-1,1),256,7168,7168,16x512x32_w8f4,SKIP,BN/WARPS != 16
MXFP4,BITSHIFT,U(-1,1),256,7168,7168,16x512x32_w8f4,SKIP,BN/WARPS != 16
MXFP4,LUT,U(-1,1),512,7168,7168,16x64x32_w4,OK,ms=10.898,tflops=4.83,gbps=5.2,maxabs=1.526e-04,p99=2.670e-05,rel=2.328e-07
MXFP4,BITSHIFT,U(-1,1),512,7168,7168,16x64x32_w4,OK,ms=16.053,tflops=3.28,gbps=3.5,maxabs=1.221e-04,p99=3.052e-05,rel=2.806e-07
MXFP4,LUT,U(-1,1),512,7168,7168,16x64x64_w4,OK,ms=16.865,tflops=3.12,gbps=3.4,maxabs=1.526e-04,p99=2.670e-05,rel=2.328e-07
MXFP4,BITSHIFT,U(-1,1),512,7168,7168,16x64x64_w4,OK,ms=20.056,tflops=2.62,gbps=2.8,maxabs=1.221e-04,p99=3.052e-05,rel=2.806e-07
MXFP4,LUT,U(-1,1),512,7168,7168,16x128x32_w8,OK,ms=12.510,tflops=4.21,gbps=4.5,maxabs=1.526e-04,p99=2.670e-05,rel=2.328e-07
MXFP4,BITSHIFT,U(-1,1),512,7168,7168,16x128x32_w8,OK,ms=17.308,tflops=3.04,gbps=3.3,maxabs=1.221e-04,p99=3.052e-05,rel=2.806e-07
MXFP4,LUT,U(-1,1),512,7168,7168,16x128x64_w8,OK,ms=17.561,tflops=3.00,gbps=3.2,maxabs=1.526e-04,p99=2.670e-05,rel=2.328e-07
MXFP4,BITSHIFT,U(-1,1),512,7168,7168,16x128x64_w8,OK,ms=21.661,tflops=2.43,gbps=2.6,maxabs=1.221e-04,p99=3.052e-05,rel=2.806e-07
MXFP4,LUT,U(-1,1),512,7168,7168,16x128x32_w4f2,SKIP,BN/WARPS != 16
MXFP4,BITSHIFT,U(-1,1),512,7168,7168,16x128x32_w4f2,SKIP,BN/WARPS != 16
MXFP4,LUT,U(-1,1),512,7168,7168,16x128x64_w4f2,SKIP,BN/WARPS != 16
MXFP4,BITSHIFT,U(-1,1),512,7168,7168,16x128x64_w4f2,SKIP,BN/WARPS != 16
MXFP4,LUT,U(-1,1),512,7168,7168,16x256x32_w4f4,SKIP,BN/WARPS != 16
MXFP4,BITSHIFT,U(-1,1),512,7168,7168,16x256x32_w4f4,SKIP,BN/WARPS != 16
MXFP4,LUT,U(-1,1),512,7168,7168,16x256x64_w4f4,SKIP,BN/WARPS != 16
MXFP4,BITSHIFT,U(-1,1),512,7168,7168,16x256x64_w4f4,SKIP,BN/WARPS != 16
MXFP4,LUT,U(-1,1),512,7168,7168,16x256x32_w8f2,SKIP,BN/WARPS != 16
MXFP4,BITSHIFT,U(-1,1),512,7168,7168,16x256x32_w8f2,SKIP,BN/WARPS != 16
MXFP4,LUT,U(-1,1),512,7168,7168,16x512x32_w8f4,SKIP,BN/WARPS != 16
MXFP4,BITSHIFT,U(-1,1),512,7168,7168,16x512x32_w8f4,SKIP,BN/WARPS != 16
MXFP4,LUT,U(-1,1),1024,7168,7168,16x64x32_w4,OK,ms=21.775,tflops=4.83,gbps=4.0,maxabs=0.000e+00,p99=0.000e+00,rel=0.000e+00
MXFP4,BITSHIFT,U(-1,1),1024,7168,7168,16x64x32_w4,OK,ms=31.854,tflops=3.30,gbps=2.7,maxabs=2.289e-04,p99=4.196e-05,rel=3.672e-07
MXFP4,LUT,U(-1,1),1024,7168,7168,16x64x64_w4,OK,ms=31.699,tflops=3.32,gbps=2.7,maxabs=0.000e+00,p99=0.000e+00,rel=0.000e+00
MXFP4,BITSHIFT,U(-1,1),1024,7168,7168,16x64x64_w4,OK,ms=37.545,tflops=2.80,gbps=2.3,maxabs=2.289e-04,p99=4.196e-05,rel=3.672e-07
MXFP4,LUT,U(-1,1),1024,7168,7168,16x128x32_w8,OK,ms=24.990,tflops=4.21,gbps=3.4,maxabs=0.000e+00,p99=0.000e+00,rel=0.000e+00
MXFP4,BITSHIFT,U(-1,1),1024,7168,7168,16x128x32_w8,OK,ms=34.231,tflops=3.07,gbps=2.5,maxabs=2.289e-04,p99=4.196e-05,rel=3.672e-07
MXFP4,LUT,U(-1,1),1024,7168,7168,16x128x64_w8,OK,ms=32.792,tflops=3.21,gbps=2.6,maxabs=0.000e+00,p99=0.000e+00,rel=0.000e+00
MXFP4,BITSHIFT,U(-1,1),1024,7168,7168,16x128x64_w8,OK,ms=40.391,tflops=2.61,gbps=2.1,maxabs=2.289e-04,p99=4.196e-05,rel=3.672e-07
MXFP4,LUT,U(-1,1),1024,7168,7168,16x128x32_w4f2,SKIP,BN/WARPS != 16
MXFP4,BITSHIFT,U(-1,1),1024,7168,7168,16x128x32_w4f2,SKIP,BN/WARPS != 16
MXFP4,LUT,U(-1,1),1024,7168,7168,16x128x64_w4f2,SKIP,BN/WARPS != 16
MXFP4,BITSHIFT,U(-1,1),1024,7168,7168,16x128x64_w4f2,SKIP,BN/WARPS != 16
MXFP4,LUT,U(-1,1),1024,7168,7168,16x256x32_w4f4,SKIP,BN/WARPS != 16
MXFP4,BITSHIFT,U(-1,1),1024,7168,7168,16x256x32_w4f4,SKIP,BN/WARPS != 16
MXFP4,LUT,U(-1,1),1024,7168,7168,16x256x64_w4f4,SKIP,BN/WARPS != 16
MXFP4,BITSHIFT,U(-1,1),1024,7168,7168,16x256x64_w4f4,SKIP,BN/WARPS != 16
MXFP4,LUT,U(-1,1),1024,7168,7168,16x256x32_w8f2,SKIP,BN/WARPS != 16
MXFP4,BITSHIFT,U(-1,1),1024,7168,7168,16x256x32_w8f2,SKIP,BN/WARPS != 16
MXFP4,LUT,U(-1,1),1024,7168,7168,16x512x32_w8f4,SKIP,BN/WARPS != 16
MXFP4,BITSHIFT,U(-1,1),1024,7168,7168,16x512x32_w8f4,SKIP,BN/WARPS != 16
MXFP4,LUT,U(-1,1),2048,7168,7168,16x64x32_w4,OK,ms=43.545,tflops=4.83,gbps=3.3,maxabs=0.000e+00,p99=0.000e+00,rel=0.000e+00
MXFP4,BITSHIFT,U(-1,1),2048,7168,7168,16x64x32_w4,OK,ms=61.517,tflops=3.42,gbps=2.4,maxabs=2.289e-04,p99=4.196e-05,rel=3.674e-07
MXFP4,LUT,U(-1,1),2048,7168,7168,16x64x64_w4,OK,ms=63.357,tflops=3.32,gbps=2.3,maxabs=0.000e+00,p99=0.000e+00,rel=0.000e+00
MXFP4,BITSHIFT,U(-1,1),2048,7168,7168,16x64x64_w4,OK,ms=75.029,tflops=2.80,gbps=1.9,maxabs=2.289e-04,p99=4.196e-05,rel=3.674e-07
MXFP4,LUT,U(-1,1),2048,7168,7168,16x128x32_w8,OK,ms=47.884,tflops=4.40,gbps=3.0,maxabs=0.000e+00,p99=0.000e+00,rel=0.000e+00
MXFP4,BITSHIFT,U(-1,1),2048,7168,7168,16x128x32_w8,OK,ms=65.966,tflops=3.19,gbps=2.2,maxabs=2.289e-04,p99=4.196e-05,rel=3.674e-07
MXFP4,LUT,U(-1,1),2048,7168,7168,16x128x64_w8,OK,ms=65.547,tflops=3.21,gbps=2.2,maxabs=0.000e+00,p99=0.000e+00,rel=0.000e+00
MXFP4,BITSHIFT,U(-1,1),2048,7168,7168,16x128x64_w8,OK,ms=80.611,tflops=2.61,gbps=1.8,maxabs=2.289e-04,p99=4.196e-05,rel=3.674e-07
MXFP4,LUT,U(-1,1),2048,7168,7168,16x128x32_w4f2,SKIP,BN/WARPS != 16
MXFP4,BITSHIFT,U(-1,1),2048,7168,7168,16x128x32_w4f2,SKIP,BN/WARPS != 16
MXFP4,LUT,U(-1,1),2048,7168,7168,16x128x64_w4f2,SKIP,BN/WARPS != 16
MXFP4,BITSHIFT,U(-1,1),2048,7168,7168,16x128x64_w4f2,SKIP,BN/WARPS != 16
MXFP4,LUT,U(-1,1),2048,7168,7168,16x256x32_w4f4,SKIP,BN/WARPS != 16
MXFP4,BITSHIFT,U(-1,1),2048,7168,7168,16x256x32_w4f4,SKIP,BN/WARPS != 16
MXFP4,LUT,U(-1,1),2048,7168,7168,16x256x64_w4f4,SKIP,BN/WARPS != 16
MXFP4,BITSHIFT,U(-1,1),2048,7168,7168,16x256x64_w4f4,SKIP,BN/WARPS != 16
MXFP4,LUT,U(-1,1),2048,7168,7168,16x256x32_w8f2,SKIP,BN/WARPS != 16
MXFP4,BITSHIFT,U(-1,1),2048,7168,7168,16x256x32_w8f2,SKIP,BN/WARPS != 16
MXFP4,LUT,U(-1,1),2048,7168,7168,16x512x32_w8f4,SKIP,BN/WARPS != 16
MXFP4,BITSHIFT,U(-1,1),2048,7168,7168,16x512x32_w8f4,SKIP,BN/WARPS != 16
F8_E4M3_B128,LUT,U(-1,1),1,4096,4096,16x64x32_w4,OK,ms=1.269,tflops=0.03,gbps=13.4,maxabs=1.289e-02,p99=9.838e-03,rel=1.839e-04
F8_E4M3_B128,BITSHIFT,U(-1,1),1,4096,4096,16x64x32_w4,OK,ms=1.253,tflops=0.03,gbps=13.5,maxabs=1.288e-02,p99=9.842e-03,rel=1.839e-04
F8_E4M3_B128,LUT,U(-1,1),1,4096,4096,16x64x64_w4,OK,ms=1.184,tflops=0.03,gbps=14.3,maxabs=1.289e-02,p99=9.838e-03,rel=1.839e-04
F8_E4M3_B128,BITSHIFT,U(-1,1),1,4096,4096,16x64x64_w4,OK,ms=1.254,tflops=0.03,gbps=13.5,maxabs=1.288e-02,p99=9.842e-03,rel=1.839e-04
F8_E4M3_B128,LUT,U(-1,1),1,4096,4096,16x128x32_w8,OK,ms=1.243,tflops=0.03,gbps=13.6,maxabs=1.289e-02,p99=9.838e-03,rel=1.839e-04
F8_E4M3_B128,BITSHIFT,U(-1,1),1,4096,4096,16x128x32_w8,OK,ms=1.354,tflops=0.02,gbps=12.5,maxabs=1.288e-02,p99=9.842e-03,rel=1.839e-04
F8_E4M3_B128,LUT,U(-1,1),1,4096,4096,16x128x64_w8,OK,ms=1.268,tflops=0.03,gbps=13.4,maxabs=1.289e-02,p99=9.838e-03,rel=1.839e-04
F8_E4M3_B128,BITSHIFT,U(-1,1),1,4096,4096,16x128x64_w8,OK,ms=1.381,tflops=0.02,gbps=12.3,maxabs=1.288e-02,p99=9.842e-03,rel=1.839e-04
F8_E4M3_B128,LUT,U(-1,1),1,4096,4096,16x128x32_w4f2,SKIP,BN/WARPS != 16
F8_E4M3_B128,BITSHIFT,U(-1,1),1,4096,4096,16x128x32_w4f2,SKIP,BN/WARPS != 16
F8_E4M3_B128,LUT,U(-1,1),1,4096,4096,16x128x64_w4f2,SKIP,BN/WARPS != 16
F8_E4M3_B128,BITSHIFT,U(-1,1),1,4096,4096,16x128x64_w4f2,SKIP,BN/WARPS != 16
F8_E4M3_B128,LUT,U(-1,1),1,4096,4096,16x256x32_w4f4,SKIP,BN/WARPS != 16
F8_E4M3_B128,BITSHIFT,U(-1,1),1,4096,4096,16x256x32_w4f4,SKIP,BN/WARPS != 16
F8_E4M3_B128,LUT,U(-1,1),1,4096,4096,16x256x64_w4f4,SKIP,BN/WARPS != 16
F8_E4M3_B128,BITSHIFT,U(-1,1),1,4096,4096,16x256x64_w4f4,SKIP,BN/WARPS != 16
F8_E4M3_B128,LUT,U(-1,1),1,4096,4096,16x256x32_w8f2,SKIP,BN/WARPS != 16
F8_E4M3_B128,BITSHIFT,U(-1,1),1,4096,4096,16x256x32_w8f2,SKIP,BN/WARPS != 16
F8_E4M3_B128,LUT,U(-1,1),1,4096,4096,16x512x32_w8f4,SKIP,BN/WARPS != 16
F8_E4M3_B128,BITSHIFT,U(-1,1),1,4096,4096,16x512x32_w8f4,SKIP,BN/WARPS != 16
F8_E4M3_B128,LUT,U(-1,1),8,4096,4096,16x64x32_w4,OK,ms=1.183,tflops=0.23,gbps=14.5,maxabs=2.289e-04,p99=4.578e-05,rel=4.823e-07
F8_E4M3_B128,BITSHIFT,U(-1,1),8,4096,4096,16x64x32_w4,OK,ms=1.270,tflops=0.21,gbps=13.5,maxabs=5.341e-05,p99=2.289e-05,rel=2.727e-07
F8_E4M3_B128,LUT,U(-1,1),8,4096,4096,16x64x64_w4,OK,ms=1.190,tflops=0.23,gbps=14.4,maxabs=2.289e-04,p99=4.578e-05,rel=4.823e-07
F8_E4M3_B128,BITSHIFT,U(-1,1),8,4096,4096,16x64x64_w4,OK,ms=1.265,tflops=0.21,gbps=13.6,maxabs=5.341e-05,p99=2.289e-05,rel=2.727e-07
F8_E4M3_B128,LUT,U(-1,1),8,4096,4096,16x128x32_w8,OK,ms=1.260,tflops=0.21,gbps=13.6,maxabs=2.289e-04,p99=4.578e-05,rel=4.823e-07
F8_E4M3_B128,BITSHIFT,U(-1,1),8,4096,4096,16x128x32_w8,OK,ms=1.397,tflops=0.19,gbps=12.3,maxabs=5.341e-05,p99=2.289e-05,rel=2.727e-07
F8_E4M3_B128,LUT,U(-1,1),8,4096,4096,16x128x64_w8,OK,ms=1.277,tflops=0.21,gbps=13.4,maxabs=2.289e-04,p99=4.578e-05,rel=4.823e-07
F8_E4M3_B128,BITSHIFT,U(-1,1),8,4096,4096,16x128x64_w8,OK,ms=1.409,tflops=0.19,gbps=12.2,maxabs=5.341e-05,p99=2.289e-05,rel=2.727e-07
F8_E4M3_B128,LUT,U(-1,1),8,4096,4096,16x128x32_w4f2,SKIP,BN/WARPS != 16
F8_E4M3_B128,BITSHIFT,U(-1,1),8,4096,4096,16x128x32_w4f2,SKIP,BN/WARPS != 16
F8_E4M3_B128,LUT,U(-1,1),8,4096,4096,16x128x64_w4f2,SKIP,BN/WARPS != 16
F8_E4M3_B128,BITSHIFT,U(-1,1),8,4096,4096,16x128x64_w4f2,SKIP,BN/WARPS != 16
F8_E4M3_B128,LUT,U(-1,1),8,4096,4096,16x256x32_w4f4,SKIP,BN/WARPS != 16
F8_E4M3_B128,BITSHIFT,U(-1,1),8,4096,4096,16x256x32_w4f4,SKIP,BN/WARPS != 16
F8_E4M3_B128,LUT,U(-1,1),8,4096,4096,16x256x64_w4f4,SKIP,BN/WARPS != 16
F8_E4M3_B128,BITSHIFT,U(-1,1),8,4096,4096,16x256x64_w4f4,SKIP,BN/WARPS != 16
F8_E4M3_B128,LUT,U(-1,1),8,4096,4096,16x256x32_w8f2,SKIP,BN/WARPS != 16
F8_E4M3_B128,BITSHIFT,U(-1,1),8,4096,4096,16x256x32_w8f2,SKIP,BN/WARPS != 16
F8_E4M3_B128,LUT,U(-1,1),8,4096,4096,16x512x32_w8f4,SKIP,BN/WARPS != 16
F8_E4M3_B128,BITSHIFT,U(-1,1),8,4096,4096,16x512x32_w8f4,SKIP,BN/WARPS != 16
F8_E4M3_B128,LUT,U(-1,1),16,4096,4096,16x64x32_w4,OK,ms=1.188,tflops=0.45,gbps=14.7,maxabs=2.289e-04,p99=4.578e-05,rel=4.783e-07
F8_E4M3_B128,BITSHIFT,U(-1,1),16,4096,4096,16x64x32_w4,OK,ms=1.283,tflops=0.42,gbps=13.6,maxabs=6.485e-05,p99=2.289e-05,rel=2.708e-07
F8_E4M3_B128,LUT,U(-1,1),16,4096,4096,16x64x64_w4,OK,ms=1.198,tflops=0.45,gbps=14.6,maxabs=2.289e-04,p99=4.578e-05,rel=4.783e-07
F8_E4M3_B128,BITSHIFT,U(-1,1),16,4096,4096,16x64x64_w4,OK,ms=1.287,tflops=0.42,gbps=13.5,maxabs=6.485e-05,p99=2.289e-05,rel=2.708e-07
F8_E4M3_B128,LUT,U(-1,1),16,4096,4096,16x128x32_w8,OK,ms=1.275,tflops=0.42,gbps=13.7,maxabs=2.289e-04,p99=4.578e-05,rel=4.783e-07
F8_E4M3_B128,BITSHIFT,U(-1,1),16,4096,4096,16x128x32_w8,OK,ms=1.453,tflops=0.37,gbps=12.0,maxabs=6.485e-05,p99=2.289e-05,rel=2.708e-07
F8_E4M3_B128,LUT,U(-1,1),16,4096,4096,16x128x64_w8,OK,ms=1.280,tflops=0.42,gbps=13.6,maxabs=2.289e-04,p99=4.578e-05,rel=4.783e-07
F8_E4M3_B128,BITSHIFT,U(-1,1),16,4096,4096,16x128x64_w8,OK,ms=1.435,tflops=0.37,gbps=12.1,maxabs=6.485e-05,p99=2.289e-05,rel=2.708e-07
F8_E4M3_B128,LUT,U(-1,1),16,4096,4096,16x128x32_w4f2,SKIP,BN/WARPS != 16
F8_E4M3_B128,BITSHIFT,U(-1,1),16,4096,4096,16x128x32_w4f2,SKIP,BN/WARPS != 16
F8_E4M3_B128,LUT,U(-1,1),16,4096,4096,16x128x64_w4f2,SKIP,BN/WARPS != 16
F8_E4M3_B128,BITSHIFT,U(-1,1),16,4096,4096,16x128x64_w4f2,SKIP,BN/WARPS != 16
F8_E4M3_B128,LUT,U(-1,1),16,4096,4096,16x256x32_w4f4,SKIP,BN/WARPS != 16
F8_E4M3_B128,BITSHIFT,U(-1,1),16,4096,4096,16x256x32_w4f4,SKIP,BN/WARPS != 16
F8_E4M3_B128,LUT,U(-1,1),16,4096,4096,16x256x64_w4f4,SKIP,BN/WARPS != 16
F8_E4M3_B128,BITSHIFT,U(-1,1),16,4096,4096,16x256x64_w4f4,SKIP,BN/WARPS != 16
F8_E4M3_B128,LUT,U(-1,1),16,4096,4096,16x256x32_w8f2,SKIP,BN/WARPS != 16
F8_E4M3_B128,BITSHIFT,U(-1,1),16,4096,4096,16x256x32_w8f2,SKIP,BN/WARPS != 16
F8_E4M3_B128,LUT,U(-1,1),16,4096,4096,16x512x32_w8f4,SKIP,BN/WARPS != 16
F8_E4M3_B128,BITSHIFT,U(-1,1),16,4096,4096,16x512x32_w8f4,SKIP,BN/WARPS != 16
F8_E4M3_B128,LUT,U(-1,1),32,4096,4096,16x64x32_w4,OK,ms=1.193,tflops=0.90,gbps=15.1,maxabs=2.289e-04,p99=4.578e-05,rel=4.799e-07
F8_E4M3_B128,BITSHIFT,U(-1,1),32,4096,4096,16x64x32_w4,OK,ms=1.308,tflops=0.82,gbps=13.7,maxabs=6.866e-05,p99=2.289e-05,rel=2.732e-07
F8_E4M3_B128,LUT,U(-1,1),32,4096,4096,16x64x64_w4,OK,ms=1.205,tflops=0.89,gbps=14.9,maxabs=2.289e-04,p99=4.578e-05,rel=4.799e-07
F8_E4M3_B128,BITSHIFT,U(-1,1),32,4096,4096,16x64x64_w4,OK,ms=1.319,tflops=0.81,gbps=13.6,maxabs=6.866e-05,p99=2.289e-05,rel=2.732e-07
F8_E4M3_B128,LUT,U(-1,1),32,4096,4096,16x128x32_w8,OK,ms=1.256,tflops=0.85,gbps=14.3,maxabs=2.289e-04,p99=4.578e-05,rel=4.799e-07
F8_E4M3_B128,BITSHIFT,U(-1,1),32,4096,4096,16x128x32_w8,OK,ms=1.422,tflops=0.75,gbps=12.6,maxabs=6.866e-05,p99=2.289e-05,rel=2.732e-07
F8_E4M3_B128,LUT,U(-1,1),32,4096,4096,16x128x64_w8,OK,ms=1.262,tflops=0.85,gbps=14.2,maxabs=2.289e-04,p99=4.578e-05,rel=4.799e-07
F8_E4M3_B128,BITSHIFT,U(-1,1),32,4096,4096,16x128x64_w8,OK,ms=1.420,tflops=0.76,gbps=12.6,maxabs=6.866e-05,p99=2.289e-05,rel=2.732e-07
F8_E4M3_B128,LUT,U(-1,1),32,4096,4096,16x128x32_w4f2,SKIP,BN/WARPS != 16
F8_E4M3_B128,BITSHIFT,U(-1,1),32,4096,4096,16x128x32_w4f2,SKIP,BN/WARPS != 16
F8_E4M3_B128,LUT,U(-1,1),32,4096,4096,16x128x64_w4f2,SKIP,BN/WARPS != 16
F8_E4M3_B128,BITSHIFT,U(-1,1),32,4096,4096,16x128x64_w4f2,SKIP,BN/WARPS != 16
F8_E4M3_B128,LUT,U(-1,1),32,4096,4096,16x256x32_w4f4,SKIP,BN/WARPS != 16
F8_E4M3_B128,BITSHIFT,U(-1,1),32,4096,4096,16x256x32_w4f4,SKIP,BN/WARPS != 16
F8_E4M3_B128,LUT,U(-1,1),32,4096,4096,16x256x64_w4f4,SKIP,BN/WARPS != 16
F8_E4M3_B128,BITSHIFT,U(-1,1),32,4096,4096,16x256x64_w4f4,SKIP,BN/WARPS != 16
F8_E4M3_B128,LUT,U(-1,1),32,4096,4096,16x256x32_w8f2,SKIP,BN/WARPS != 16
F8_E4M3_B128,BITSHIFT,U(-1,1),32,4096,4096,16x256x32_w8f2,SKIP,BN/WARPS != 16
F8_E4M3_B128,LUT,U(-1,1),32,4096,4096,16x512x32_w8f4,SKIP,BN/WARPS != 16
F8_E4M3_B128,BITSHIFT,U(-1,1),32,4096,4096,16x512x32_w8f4,SKIP,BN/WARPS != 16
F8_E4M3_B128,LUT,U(-1,1),64,4096,4096,16x64x32_w4,OK,ms=1.214,tflops=1.77,gbps=15.7,maxabs=2.289e-04,p99=4.578e-05,rel=4.819e-07
F8_E4M3_B128,BITSHIFT,U(-1,1),64,4096,4096,16x64x32_w4,OK,ms=1.368,tflops=1.57,gbps=13.9,maxabs=6.866e-05,p99=2.289e-05,rel=2.733e-07
F8_E4M3_B128,LUT,U(-1,1),64,4096,4096,16x64x64_w4,OK,ms=1.296,tflops=1.66,gbps=14.7,maxabs=2.289e-04,p99=4.578e-05,rel=4.819e-07
F8_E4M3_B128,BITSHIFT,U(-1,1),64,4096,4096,16x64x64_w4,OK,ms=1.481,tflops=1.45,gbps=12.8,maxabs=6.866e-05,p99=2.289e-05,rel=2.733e-07
F8_E4M3_B128,LUT,U(-1,1),64,4096,4096,16x128x32_w8,OK,ms=1.254,tflops=1.71,gbps=15.2,maxabs=2.289e-04,p99=4.578e-05,rel=4.819e-07
F8_E4M3_B128,BITSHIFT,U(-1,1),64,4096,4096,16x128x32_w8,OK,ms=1.431,tflops=1.50,gbps=13.3,maxabs=6.866e-05,p99=2.289e-05,rel=2.733e-07
F8_E4M3_B128,LUT,U(-1,1),64,4096,4096,16x128x64_w8,OK,ms=1.264,tflops=1.70,gbps=15.0,maxabs=2.289e-04,p99=4.578e-05,rel=4.819e-07
F8_E4M3_B128,BITSHIFT,U(-1,1),64,4096,4096,16x128x64_w8,OK,ms=1.433,tflops=1.50,gbps=13.3,maxabs=6.866e-05,p99=2.289e-05,rel=2.733e-07
F8_E4M3_B128,LUT,U(-1,1),64,4096,4096,16x128x32_w4f2,SKIP,BN/WARPS != 16
F8_E4M3_B128,BITSHIFT,U(-1,1),64,4096,4096,16x128x32_w4f2,SKIP,BN/WARPS != 16
F8_E4M3_B128,LUT,U(-1,1),64,4096,4096,16x128x64_w4f2,SKIP,BN/WARPS != 16
F8_E4M3_B128,BITSHIFT,U(-1,1),64,4096,4096,16x128x64_w4f2,SKIP,BN/WARPS != 16
F8_E4M3_B128,LUT,U(-1,1),64,4096,4096,16x256x32_w4f4,SKIP,BN/WARPS != 16
F8_E4M3_B128,BITSHIFT,U(-1,1),64,4096,4096,16x256x32_w4f4,SKIP,BN/WARPS != 16
F8_E4M3_B128,LUT,U(-1,1),64,4096,4096,16x256x64_w4f4,SKIP,BN/WARPS != 16
F8_E4M3_B128,BITSHIFT,U(-1,1),64,4096,4096,16x256x64_w4f4,SKIP,BN/WARPS != 16
F8_E4M3_B128,LUT,U(-1,1),64,4096,4096,16x256x32_w8f2,SKIP,BN/WARPS != 16
F8_E4M3_B128,BITSHIFT,U(-1,1),64,4096,4096,16x256x32_w8f2,SKIP,BN/WARPS != 16
F8_E4M3_B128,LUT,U(-1,1),64,4096,4096,16x512x32_w8f4,SKIP,BN/WARPS != 16
F8_E4M3_B128,BITSHIFT,U(-1,1),64,4096,4096,16x512x32_w8f4,SKIP,BN/WARPS != 16
F8_E4M3_B128,LUT,U(-1,1),128,4096,4096,16x64x32_w4,OK,ms=1.324,tflops=3.24,gbps=15.9,maxabs=2.213e-04,p99=4.196e-05,rel=4.318e-07
F8_E4M3_B128,BITSHIFT,U(-1,1),128,4096,4096,16x64x32_w4,OK,ms=1.547,tflops=2.78,gbps=13.6,maxabs=8.392e-05,p99=2.670e-05,rel=3.636e-07
F8_E4M3_B128,LUT,U(-1,1),128,4096,4096,16x64x64_w4,OK,ms=2.687,tflops=1.60,gbps=7.9,maxabs=2.213e-04,p99=4.196e-05,rel=4.318e-07
F8_E4M3_B128,BITSHIFT,U(-1,1),128,4096,4096,16x64x64_w4,OK,ms=3.131,tflops=1.37,gbps=6.7,maxabs=8.392e-05,p99=2.670e-05,rel=3.636e-07
F8_E4M3_B128,LUT,U(-1,1),128,4096,4096,16x128x32_w8,OK,ms=1.382,tflops=3.11,gbps=15.3,maxabs=2.213e-04,p99=4.196e-05,rel=4.318e-07
F8_E4M3_B128,BITSHIFT,U(-1,1),128,4096,4096,16x128x32_w8,OK,ms=1.686,tflops=2.55,gbps=12.5,maxabs=8.392e-05,p99=2.670e-05,rel=3.636e-07
F8_E4M3_B128,LUT,U(-1,1),128,4096,4096,16x128x64_w8,OK,ms=2.881,tflops=1.49,gbps=7.3,maxabs=2.213e-04,p99=4.196e-05,rel=4.318e-07
F8_E4M3_B128,BITSHIFT,U(-1,1),128,4096,4096,16x128x64_w8,OK,ms=3.520,tflops=1.22,gbps=6.0,maxabs=8.392e-05,p99=2.670e-05,rel=3.636e-07
F8_E4M3_B128,LUT,U(-1,1),128,4096,4096,16x128x32_w4f2,SKIP,BN/WARPS != 16
F8_E4M3_B128,BITSHIFT,U(-1,1),128,4096,4096,16x128x32_w4f2,SKIP,BN/WARPS != 16
F8_E4M3_B128,LUT,U(-1,1),128,4096,4096,16x128x64_w4f2,SKIP,BN/WARPS != 16
F8_E4M3_B128,BITSHIFT,U(-1,1),128,4096,4096,16x128x64_w4f2,SKIP,BN/WARPS != 16
F8_E4M3_B128,LUT,U(-1,1),128,4096,4096,16x256x32_w4f4,SKIP,BN/WARPS != 16
F8_E4M3_B128,BITSHIFT,U(-1,1),128,4096,4096,16x256x32_w4f4,SKIP,BN/WARPS != 16
F8_E4M3_B128,LUT,U(-1,1),128,4096,4096,16x256x64_w4f4,SKIP,BN/WARPS != 16
F8_E4M3_B128,BITSHIFT,U(-1,1),128,4096,4096,16x256x64_w4f4,SKIP,BN/WARPS != 16
F8_E4M3_B128,LUT,U(-1,1),128,4096,4096,16x256x32_w8f2,SKIP,BN/WARPS != 16
F8_E4M3_B128,BITSHIFT,U(-1,1),128,4096,4096,16x256x32_w8f2,SKIP,BN/WARPS != 16
F8_E4M3_B128,LUT,U(-1,1),128,4096,4096,16x512x32_w8f4,SKIP,BN/WARPS != 16
F8_E4M3_B128,BITSHIFT,U(-1,1),128,4096,4096,16x512x32_w8f4,SKIP,BN/WARPS != 16
F8_E4M3_B128,LUT,U(-1,1),256,4096,4096,16x64x32_w4,OK,ms=2.718,tflops=3.16,gbps=9.3,maxabs=2.136e-04,p99=4.387e-05,rel=4.731e-07
F8_E4M3_B128,BITSHIFT,U(-1,1),256,4096,4096,16x64x32_w4,OK,ms=3.248,tflops=2.64,gbps=7.8,maxabs=7.629e-05,p99=2.289e-05,rel=2.899e-07
F8_E4M3_B128,LUT,U(-1,1),256,4096,4096,16x64x64_w4,OK,ms=4.126,tflops=2.08,gbps=6.1,maxabs=2.136e-04,p99=4.387e-05,rel=4.731e-07
F8_E4M3_B128,BITSHIFT,U(-1,1),256,4096,4096,16x64x64_w4,OK,ms=4.629,tflops=1.86,gbps=5.5,maxabs=7.629e-05,p99=2.289e-05,rel=2.899e-07
F8_E4M3_B128,LUT,U(-1,1),256,4096,4096,16x128x32_w8,OK,ms=2.781,tflops=3.09,gbps=9.1,maxabs=2.136e-04,p99=4.387e-05,rel=4.731e-07
F8_E4M3_B128,BITSHIFT,U(-1,1),256,4096,4096,16x128x32_w8,OK,ms=3.438,tflops=2.50,gbps=7.4,maxabs=7.629e-05,p99=2.289e-05,rel=2.899e-07
F8_E4M3_B128,LUT,U(-1,1),256,4096,4096,16x128x64_w8,OK,ms=4.309,tflops=1.99,gbps=5.9,maxabs=2.136e-04,p99=4.387e-05,rel=4.731e-07
F8_E4M3_B128,BITSHIFT,U(-1,1),256,4096,4096,16x128x64_w8,OK,ms=5.170,tflops=1.66,gbps=4.9,maxabs=7.629e-05,p99=2.289e-05,rel=2.899e-07
F8_E4M3_B128,LUT,U(-1,1),256,4096,4096,16x128x32_w4f2,SKIP,BN/WARPS != 16
F8_E4M3_B128,BITSHIFT,U(-1,1),256,4096,4096,16x128x32_w4f2,SKIP,BN/WARPS != 16
F8_E4M3_B128,LUT,U(-1,1),256,4096,4096,16x128x64_w4f2,SKIP,BN/WARPS != 16
F8_E4M3_B128,BITSHIFT,U(-1,1),256,4096,4096,16x128x64_w4f2,SKIP,BN/WARPS != 16
F8_E4M3_B128,LUT,U(-1,1),256,4096,4096,16x256x32_w4f4,SKIP,BN/WARPS != 16
F8_E4M3_B128,BITSHIFT,U(-1,1),256,4096,4096,16x256x32_w4f4,SKIP,BN/WARPS != 16
F8_E4M3_B128,LUT,U(-1,1),256,4096,4096,16x256x64_w4f4,SKIP,BN/WARPS != 16
F8_E4M3_B128,BITSHIFT,U(-1,1),256,4096,4096,16x256x64_w4f4,SKIP,BN/WARPS != 16
F8_E4M3_B128,LUT,U(-1,1),256,4096,4096,16x256x32_w8f2,SKIP,BN/WARPS != 16
F8_E4M3_B128,BITSHIFT,U(-1,1),256,4096,4096,16x256x32_w8f2,SKIP,BN/WARPS != 16
F8_E4M3_B128,LUT,U(-1,1),256,4096,4096,16x512x32_w8f4,SKIP,BN/WARPS != 16
F8_E4M3_B128,BITSHIFT,U(-1,1),256,4096,4096,16x512x32_w8f4,SKIP,BN/WARPS != 16
F8_E4M3_B128,LUT,U(-1,1),512,4096,4096,16x64x32_w4,OK,ms=4.417,tflops=3.89,gbps=7.6,maxabs=2.213e-04,p99=4.196e-05,rel=4.310e-07
F8_E4M3_B128,BITSHIFT,U(-1,1),512,4096,4096,16x64x32_w4,OK,ms=6.282,tflops=2.73,gbps=5.4,maxabs=1.068e-04,p99=2.670e-05,rel=3.623e-07
F8_E4M3_B128,LUT,U(-1,1),512,4096,4096,16x64x64_w4,OK,ms=6.821,tflops=2.52,gbps=4.9,maxabs=2.213e-04,p99=4.196e-05,rel=4.310e-07
F8_E4M3_B128,BITSHIFT,U(-1,1),512,4096,4096,16x64x64_w4,OK,ms=7.639,tflops=2.25,gbps=4.4,maxabs=1.068e-04,p99=2.670e-05,rel=3.623e-07
F8_E4M3_B128,LUT,U(-1,1),512,4096,4096,16x128x32_w8,OK,ms=5.574,tflops=3.08,gbps=6.0,maxabs=2.213e-04,p99=4.196e-05,rel=4.310e-07
F8_E4M3_B128,BITSHIFT,U(-1,1),512,4096,4096,16x128x32_w8,OK,ms=6.711,tflops=2.56,gbps=5.0,maxabs=1.068e-04,p99=2.670e-05,rel=3.623e-07
F8_E4M3_B128,LUT,U(-1,1),512,4096,4096,16x128x64_w8,OK,ms=7.104,tflops=2.42,gbps=4.7,maxabs=2.213e-04,p99=4.196e-05,rel=4.310e-07
F8_E4M3_B128,BITSHIFT,U(-1,1),512,4096,4096,16x128x64_w8,OK,ms=8.280,tflops=2.07,gbps=4.1,maxabs=1.068e-04,p99=2.670e-05,rel=3.623e-07
F8_E4M3_B128,LUT,U(-1,1),512,4096,4096,16x128x32_w4f2,SKIP,BN/WARPS != 16
F8_E4M3_B128,BITSHIFT,U(-1,1),512,4096,4096,16x128x32_w4f2,SKIP,BN/WARPS != 16
F8_E4M3_B128,LUT,U(-1,1),512,4096,4096,16x128x64_w4f2,SKIP,BN/WARPS != 16
F8_E4M3_B128,BITSHIFT,U(-1,1),512,4096,4096,16x128x64_w4f2,SKIP,BN/WARPS != 16
F8_E4M3_B128,LUT,U(-1,1),512,4096,4096,16x256x32_w4f4,SKIP,BN/WARPS != 16
F8_E4M3_B128,BITSHIFT,U(-1,1),512,4096,4096,16x256x32_w4f4,SKIP,BN/WARPS != 16
F8_E4M3_B128,LUT,U(-1,1),512,4096,4096,16x256x64_w4f4,SKIP,BN/WARPS != 16
F8_E4M3_B128,BITSHIFT,U(-1,1),512,4096,4096,16x256x64_w4f4,SKIP,BN/WARPS != 16
F8_E4M3_B128,LUT,U(-1,1),512,4096,4096,16x256x32_w8f2,SKIP,BN/WARPS != 16
F8_E4M3_B128,BITSHIFT,U(-1,1),512,4096,4096,16x256x32_w8f2,SKIP,BN/WARPS != 16
F8_E4M3_B128,LUT,U(-1,1),512,4096,4096,16x512x32_w8f4,SKIP,BN/WARPS != 16
F8_E4M3_B128,BITSHIFT,U(-1,1),512,4096,4096,16x512x32_w8f4,SKIP,BN/WARPS != 16
F8_E4M3_B128,LUT,U(-1,1),1024,4096,4096,16x64x32_w4,OK,ms=8.818,tflops=3.90,gbps=5.7,maxabs=0.000e+00,p99=0.000e+00,rel=0.000e+00
F8_E4M3_B128,BITSHIFT,U(-1,1),1024,4096,4096,16x64x32_w4,OK,ms=11.190,tflops=3.07,gbps=4.5,maxabs=2.975e-04,p99=4.959e-05,rel=5.638e-07
F8_E4M3_B128,LUT,U(-1,1),1024,4096,4096,16x64x64_w4,OK,ms=12.318,tflops=2.79,gbps=4.1,maxabs=0.000e+00,p99=0.000e+00,rel=0.000e+00
F8_E4M3_B128,BITSHIFT,U(-1,1),1024,4096,4096,16x64x64_w4,OK,ms=13.754,tflops=2.50,gbps=3.7,maxabs=2.975e-04,p99=4.959e-05,rel=5.638e-07
F8_E4M3_B128,LUT,U(-1,1),1024,4096,4096,16x128x32_w8,OK,ms=9.844,tflops=3.49,gbps=5.1,maxabs=0.000e+00,p99=0.000e+00,rel=0.000e+00
F8_E4M3_B128,BITSHIFT,U(-1,1),1024,4096,4096,16x128x32_w8,OK,ms=11.983,tflops=2.87,gbps=4.2,maxabs=2.975e-04,p99=4.959e-05,rel=5.638e-07
F8_E4M3_B128,LUT,U(-1,1),1024,4096,4096,16x128x64_w8,OK,ms=12.774,tflops=2.69,gbps=4.0,maxabs=0.000e+00,p99=0.000e+00,rel=0.000e+00
F8_E4M3_B128,BITSHIFT,U(-1,1),1024,4096,4096,16x128x64_w8,OK,ms=14.840,tflops=2.32,gbps=3.4,maxabs=2.975e-04,p99=4.959e-05,rel=5.638e-07
F8_E4M3_B128,LUT,U(-1,1),1024,4096,4096,16x128x32_w4f2,SKIP,BN/WARPS != 16
F8_E4M3_B128,BITSHIFT,U(-1,1),1024,4096,4096,16x128x32_w4f2,SKIP,BN/WARPS != 16
F8_E4M3_B128,LUT,U(-1,1),1024,4096,4096,16x128x64_w4f2,SKIP,BN/WARPS != 16
F8_E4M3_B128,BITSHIFT,U(-1,1),1024,4096,4096,16x128x64_w4f2,SKIP,BN/WARPS != 16
F8_E4M3_B128,LUT,U(-1,1),1024,4096,4096,16x256x32_w4f4,SKIP,BN/WARPS != 16
F8_E4M3_B128,BITSHIFT,U(-1,1),1024,4096,4096,16x256x32_w4f4,SKIP,BN/WARPS != 16
F8_E4M3_B128,LUT,U(-1,1),1024,4096,4096,16x256x64_w4f4,SKIP,BN/WARPS != 16
F8_E4M3_B128,BITSHIFT,U(-1,1),1024,4096,4096,16x256x64_w4f4,SKIP,BN/WARPS != 16
F8_E4M3_B128,LUT,U(-1,1),1024,4096,4096,16x256x32_w8f2,SKIP,BN/WARPS != 16
F8_E4M3_B128,BITSHIFT,U(-1,1),1024,4096,4096,16x256x32_w8f2,SKIP,BN/WARPS != 16
F8_E4M3_B128,LUT,U(-1,1),1024,4096,4096,16x512x32_w8f4,SKIP,BN/WARPS != 16
F8_E4M3_B128,BITSHIFT,U(-1,1),1024,4096,4096,16x512x32_w8f4,SKIP,BN/WARPS != 16
F8_E4M3_B128,LUT,U(-1,1),2048,4096,4096,16x64x32_w4,OK,ms=17.593,tflops=3.91,gbps=4.8,maxabs=0.000e+00,p99=0.000e+00,rel=0.000e+00
F8_E4M3_B128,BITSHIFT,U(-1,1),2048,4096,4096,16x64x32_w4,OK,ms=21.125,tflops=3.25,gbps=4.0,maxabs=2.975e-04,p99=4.959e-05,rel=5.641e-07
F8_E4M3_B128,LUT,U(-1,1),2048,4096,4096,16x64x64_w4,OK,ms=24.666,tflops=2.79,gbps=3.4,maxabs=0.000e+00,p99=0.000e+00,rel=0.000e+00
F8_E4M3_B128,BITSHIFT,U(-1,1),2048,4096,4096,16x64x64_w4,OK,ms=27.483,tflops=2.50,gbps=3.1,maxabs=2.975e-04,p99=4.959e-05,rel=5.641e-07
F8_E4M3_B128,LUT,U(-1,1),2048,4096,4096,16x128x32_w8,OK,ms=18.417,tflops=3.73,gbps=4.6,maxabs=0.000e+00,p99=0.000e+00,rel=0.000e+00
F8_E4M3_B128,BITSHIFT,U(-1,1),2048,4096,4096,16x128x32_w8,OK,ms=22.369,tflops=3.07,gbps=3.8,maxabs=2.975e-04,p99=4.959e-05,rel=5.641e-07
F8_E4M3_B128,LUT,U(-1,1),2048,4096,4096,16x128x64_w8,OK,ms=25.612,tflops=2.68,gbps=3.3,maxabs=0.000e+00,p99=0.000e+00,rel=0.000e+00
F8_E4M3_B128,BITSHIFT,U(-1,1),2048,4096,4096,16x128x64_w8,OK,ms=29.560,tflops=2.32,gbps=2.8,maxabs=2.975e-04,p99=4.959e-05,rel=5.641e-07
F8_E4M3_B128,LUT,U(-1,1),2048,4096,4096,16x128x32_w4f2,SKIP,BN/WARPS != 16
F8_E4M3_B128,BITSHIFT,U(-1,1),2048,4096,4096,16x128x32_w4f2,SKIP,BN/WARPS != 16
F8_E4M3_B128,LUT,U(-1,1),2048,4096,4096,16x128x64_w4f2,SKIP,BN/WARPS != 16
F8_E4M3_B128,BITSHIFT,U(-1,1),2048,4096,4096,16x128x64_w4f2,SKIP,BN/WARPS != 16
F8_E4M3_B128,LUT,U(-1,1),2048,4096,4096,16x256x32_w4f4,SKIP,BN/WARPS != 16
F8_E4M3_B128,BITSHIFT,U(-1,1),2048,4096,4096,16x256x32_w4f4,SKIP,BN/WARPS != 16
F8_E4M3_B128,LUT,U(-1,1),2048,4096,4096,16x256x64_w4f4,SKIP,BN/WARPS != 16
F8_E4M3_B128,BITSHIFT,U(-1,1),2048,4096,4096,16x256x64_w4f4,SKIP,BN/WARPS != 16
F8_E4M3_B128,LUT,U(-1,1),2048,4096,4096,16x256x32_w8f2,SKIP,BN/WARPS != 16
F8_E4M3_B128,BITSHIFT,U(-1,1),2048,4096,4096,16x256x32_w8f2,SKIP,BN/WARPS != 16
F8_E4M3_B128,LUT,U(-1,1),2048,4096,4096,16x512x32_w8f4,SKIP,BN/WARPS != 16
F8_E4M3_B128,BITSHIFT,U(-1,1),2048,4096,4096,16x512x32_w8f4,SKIP,BN/WARPS != 16
F8_E4M3_B128,LUT,U(-1,1),1,7168,7168,16x64x32_w4,OK,ms=2.011,tflops=0.05,gbps=25.8,maxabs=1.831e-02,p99=1.308e-02,rel=1.819e-04
F8_E4M3_B128,BITSHIFT,U(-1,1),1,7168,7168,16x64x32_w4,OK,ms=2.217,tflops=0.05,gbps=23.4,maxabs=1.832e-02,p99=1.310e-02,rel=1.819e-04
F8_E4M3_B128,LUT,U(-1,1),1,7168,7168,16x64x64_w4,OK,ms=2.169,tflops=0.05,gbps=23.9,maxabs=1.831e-02,p99=1.308e-02,rel=1.819e-04
F8_E4M3_B128,BITSHIFT,U(-1,1),1,7168,7168,16x64x64_w4,OK,ms=2.360,tflops=0.04,gbps=22.0,maxabs=1.832e-02,p99=1.310e-02,rel=1.819e-04
F8_E4M3_B128,LUT,U(-1,1),1,7168,7168,16x128x32_w8,OK,ms=2.197,tflops=0.05,gbps=23.6,maxabs=1.831e-02,p99=1.308e-02,rel=1.819e-04
F8_E4M3_B128,BITSHIFT,U(-1,1),1,7168,7168,16x128x32_w8,OK,ms=2.402,tflops=0.04,gbps=21.6,maxabs=1.832e-02,p99=1.310e-02,rel=1.819e-04
F8_E4M3_B128,LUT,U(-1,1),1,7168,7168,16x128x64_w8,OK,ms=2.185,tflops=0.05,gbps=23.7,maxabs=1.831e-02,p99=1.308e-02,rel=1.819e-04
F8_E4M3_B128,BITSHIFT,U(-1,1),1,7168,7168,16x128x64_w8,OK,ms=2.374,tflops=0.04,gbps=21.8,maxabs=1.832e-02,p99=1.310e-02,rel=1.819e-04
F8_E4M3_B128,LUT,U(-1,1),1,7168,7168,16x128x32_w4f2,SKIP,BN/WARPS != 16
F8_E4M3_B128,BITSHIFT,U(-1,1),1,7168,7168,16x128x32_w4f2,SKIP,BN/WARPS != 16
F8_E4M3_B128,LUT,U(-1,1),1,7168,7168,16x128x64_w4f2,SKIP,BN/WARPS != 16
F8_E4M3_B128,BITSHIFT,U(-1,1),1,7168,7168,16x128x64_w4f2,SKIP,BN/WARPS != 16
F8_E4M3_B128,LUT,U(-1,1),1,7168,7168,16x256x32_w4f4,SKIP,BN/WARPS != 16
F8_E4M3_B128,BITSHIFT,U(-1,1),1,7168,7168,16x256x32_w4f4,SKIP,BN/WARPS != 16
F8_E4M3_B128,LUT,U(-1,1),1,7168,7168,16x256x64_w4f4,SKIP,BN/WARPS != 16
F8_E4M3_B128,BITSHIFT,U(-1,1),1,7168,7168,16x256x64_w4f4,SKIP,BN/WARPS != 16
F8_E4M3_B128,LUT,U(-1,1),1,7168,7168,16x256x32_w8f2,SKIP,BN/WARPS != 16
F8_E4M3_B128,BITSHIFT,U(-1,1),1,7168,7168,16x256x32_w8f2,SKIP,BN/WARPS != 16
F8_E4M3_B128,LUT,U(-1,1),1,7168,7168,16x512x32_w8f4,SKIP,BN/WARPS != 16
F8_E4M3_B128,BITSHIFT,U(-1,1),1,7168,7168,16x512x32_w8f4,SKIP,BN/WARPS != 16
F8_E4M3_B128,LUT,U(-1,1),8,7168,7168,16x64x32_w4,OK,ms=2.021,tflops=0.41,gbps=25.8,maxabs=2.293e-02,p99=1.318e-02,rel=1.867e-04
F8_E4M3_B128,BITSHIFT,U(-1,1),8,7168,7168,16x64x32_w4,OK,ms=2.261,tflops=0.36,gbps=23.1,maxabs=2.284e-02,p99=1.318e-02,rel=1.867e-04
F8_E4M3_B128,LUT,U(-1,1),8,7168,7168,16x64x64_w4,OK,ms=2.172,tflops=0.38,gbps=24.1,maxabs=2.293e-02,p99=1.318e-02,rel=1.867e-04
F8_E4M3_B128,BITSHIFT,U(-1,1),8,7168,7168,16x64x64_w4,OK,ms=2.400,tflops=0.34,gbps=21.8,maxabs=2.284e-02,p99=1.318e-02,rel=1.867e-04
F8_E4M3_B128,LUT,U(-1,1),8,7168,7168,16x128x32_w8,OK,ms=2.233,tflops=0.37,gbps=23.4,maxabs=2.293e-02,p99=1.318e-02,rel=1.867e-04
F8_E4M3_B128,BITSHIFT,U(-1,1),8,7168,7168,16x128x32_w8,OK,ms=2.481,tflops=0.33,gbps=21.1,maxabs=2.284e-02,p99=1.318e-02,rel=1.867e-04
F8_E4M3_B128,LUT,U(-1,1),8,7168,7168,16x128x64_w8,OK,ms=2.190,tflops=0.38,gbps=23.8,maxabs=2.293e-02,p99=1.318e-02,rel=1.867e-04
F8_E4M3_B128,BITSHIFT,U(-1,1),8,7168,7168,16x128x64_w8,OK,ms=2.414,tflops=0.34,gbps=21.6,maxabs=2.284e-02,p99=1.318e-02,rel=1.867e-04
F8_E4M3_B128,LUT,U(-1,1),8,7168,7168,16x128x32_w4f2,SKIP,BN/WARPS != 16
F8_E4M3_B128,BITSHIFT,U(-1,1),8,7168,7168,16x128x32_w4f2,SKIP,BN/WARPS != 16
F8_E4M3_B128,LUT,U(-1,1),8,7168,7168,16x128x64_w4f2,SKIP,BN/WARPS != 16
F8_E4M3_B128,BITSHIFT,U(-1,1),8,7168,7168,16x128x64_w4f2,SKIP,BN/WARPS != 16
F8_E4M3_B128,LUT,U(-1,1),8,7168,7168,16x256x32_w4f4,SKIP,BN/WARPS != 16
F8_E4M3_B128,BITSHIFT,U(-1,1),8,7168,7168,16x256x32_w4f4,SKIP,BN/WARPS != 16
F8_E4M3_B128,LUT,U(-1,1),8,7168,7168,16x256x64_w4f4,SKIP,BN/WARPS != 16
F8_E4M3_B128,BITSHIFT,U(-1,1),8,7168,7168,16x256x64_w4f4,SKIP,BN/WARPS != 16
F8_E4M3_B128,LUT,U(-1,1),8,7168,7168,16x256x32_w8f2,SKIP,BN/WARPS != 16
F8_E4M3_B128,BITSHIFT,U(-1,1),8,7168,7168,16x256x32_w8f2,SKIP,BN/WARPS != 16
F8_E4M3_B128,LUT,U(-1,1),8,7168,7168,16x512x32_w8f4,SKIP,BN/WARPS != 16
F8_E4M3_B128,BITSHIFT,U(-1,1),8,7168,7168,16x512x32_w8f4,SKIP,BN/WARPS != 16
F8_E4M3_B128,LUT,U(-1,1),16,7168,7168,16x64x32_w4,OK,ms=2.037,tflops=0.81,gbps=25.9,maxabs=3.052e-04,p99=8.202e-05,rel=6.882e-07
F8_E4M3_B128,BITSHIFT,U(-1,1),16,7168,7168,16x64x32_w4,OK,ms=2.311,tflops=0.71,gbps=22.8,maxabs=1.221e-04,p99=3.815e-05,rel=3.888e-07
F8_E4M3_B128,LUT,U(-1,1),16,7168,7168,16x64x64_w4,OK,ms=2.185,tflops=0.75,gbps=24.1,maxabs=3.052e-04,p99=8.202e-05,rel=6.882e-07
F8_E4M3_B128,BITSHIFT,U(-1,1),16,7168,7168,16x64x64_w4,OK,ms=2.460,tflops=0.67,gbps=21.4,maxabs=1.221e-04,p99=3.815e-05,rel=3.888e-07
F8_E4M3_B128,LUT,U(-1,1),16,7168,7168,16x128x32_w8,OK,ms=2.264,tflops=0.73,gbps=23.3,maxabs=3.052e-04,p99=8.202e-05,rel=6.882e-07
F8_E4M3_B128,BITSHIFT,U(-1,1),16,7168,7168,16x128x32_w8,OK,ms=2.545,tflops=0.65,gbps=20.7,maxabs=1.221e-04,p99=3.815e-05,rel=3.888e-07
F8_E4M3_B128,LUT,U(-1,1),16,7168,7168,16x128x64_w8,OK,ms=2.193,tflops=0.75,gbps=24.0,maxabs=3.052e-04,p99=8.202e-05,rel=6.882e-07
F8_E4M3_B128,BITSHIFT,U(-1,1),16,7168,7168,16x128x64_w8,OK,ms=2.462,tflops=0.67,gbps=21.4,maxabs=1.221e-04,p99=3.815e-05,rel=3.888e-07
F8_E4M3_B128,LUT,U(-1,1),16,7168,7168,16x128x32_w4f2,SKIP,BN/WARPS != 16
F8_E4M3_B128,BITSHIFT,U(-1,1),16,7168,7168,16x128x32_w4f2,SKIP,BN/WARPS != 16
F8_E4M3_B128,LUT,U(-1,1),16,7168,7168,16x128x64_w4f2,SKIP,BN/WARPS != 16
F8_E4M3_B128,BITSHIFT,U(-1,1),16,7168,7168,16x128x64_w4f2,SKIP,BN/WARPS != 16
F8_E4M3_B128,LUT,U(-1,1),16,7168,7168,16x256x32_w4f4,SKIP,BN/WARPS != 16
F8_E4M3_B128,BITSHIFT,U(-1,1),16,7168,7168,16x256x32_w4f4,SKIP,BN/WARPS != 16
F8_E4M3_B128,LUT,U(-1,1),16,7168,7168,16x256x64_w4f4,SKIP,BN/WARPS != 16
F8_E4M3_B128,BITSHIFT,U(-1,1),16,7168,7168,16x256x64_w4f4,SKIP,BN/WARPS != 16
F8_E4M3_B128,LUT,U(-1,1),16,7168,7168,16x256x32_w8f2,SKIP,BN/WARPS != 16
F8_E4M3_B128,BITSHIFT,U(-1,1),16,7168,7168,16x256x32_w8f2,SKIP,BN/WARPS != 16
F8_E4M3_B128,LUT,U(-1,1),16,7168,7168,16x512x32_w8f4,SKIP,BN/WARPS != 16
F8_E4M3_B128,BITSHIFT,U(-1,1),16,7168,7168,16x512x32_w8f4,SKIP,BN/WARPS != 16
F8_E4M3_B128,LUT,U(-1,1),32,7168,7168,16x64x32_w4,OK,ms=2.014,tflops=1.63,gbps=26.6,maxabs=3.052e-04,p99=8.011e-05,rel=6.658e-07
F8_E4M3_B128,BITSHIFT,U(-1,1),32,7168,7168,16x64x32_w4,OK,ms=2.307,tflops=1.43,gbps=23.2,maxabs=1.450e-04,p99=4.196e-05,rel=4.335e-07
F8_E4M3_B128,LUT,U(-1,1),32,7168,7168,16x64x64_w4,OK,ms=2.173,tflops=1.51,gbps=24.7,maxabs=3.052e-04,p99=8.011e-05,rel=6.658e-07
F8_E4M3_B128,BITSHIFT,U(-1,1),32,7168,7168,16x64x64_w4,OK,ms=2.468,tflops=1.33,gbps=21.7,maxabs=1.450e-04,p99=4.196e-05,rel=4.335e-07
F8_E4M3_B128,LUT,U(-1,1),32,7168,7168,16x128x32_w8,OK,ms=2.307,tflops=1.43,gbps=23.2,maxabs=3.052e-04,p99=8.011e-05,rel=6.658e-07
F8_E4M3_B128,BITSHIFT,U(-1,1),32,7168,7168,16x128x32_w8,OK,ms=2.641,tflops=1.24,gbps=20.3,maxabs=1.450e-04,p99=4.196e-05,rel=4.335e-07
F8_E4M3_B128,LUT,U(-1,1),32,7168,7168,16x128x64_w8,OK,ms=2.272,tflops=1.45,gbps=23.6,maxabs=3.052e-04,p99=8.011e-05,rel=6.658e-07
F8_E4M3_B128,BITSHIFT,U(-1,1),32,7168,7168,16x128x64_w8,OK,ms=2.592,tflops=1.27,gbps=20.7,maxabs=1.450e-04,p99=4.196e-05,rel=4.335e-07
F8_E4M3_B128,LUT,U(-1,1),32,7168,7168,16x128x32_w4f2,SKIP,BN/WARPS != 16
F8_E4M3_B128,BITSHIFT,U(-1,1),32,7168,7168,16x128x32_w4f2,SKIP,BN/WARPS != 16
F8_E4M3_B128,LUT,U(-1,1),32,7168,7168,16x128x64_w4f2,SKIP,BN/WARPS != 16
F8_E4M3_B128,BITSHIFT,U(-1,1),32,7168,7168,16x128x64_w4f2,SKIP,BN/WARPS != 16
F8_E4M3_B128,LUT,U(-1,1),32,7168,7168,16x256x32_w4f4,SKIP,BN/WARPS != 16
F8_E4M3_B128,BITSHIFT,U(-1,1),32,7168,7168,16x256x32_w4f4,SKIP,BN/WARPS != 16
F8_E4M3_B128,LUT,U(-1,1),32,7168,7168,16x256x64_w4f4,SKIP,BN/WARPS != 16
F8_E4M3_B128,BITSHIFT,U(-1,1),32,7168,7168,16x256x64_w4f4,SKIP,BN/WARPS != 16
F8_E4M3_B128,LUT,U(-1,1),32,7168,7168,16x256x32_w8f2,SKIP,BN/WARPS != 16
F8_E4M3_B128,BITSHIFT,U(-1,1),32,7168,7168,16x256x32_w8f2,SKIP,BN/WARPS != 16
F8_E4M3_B128,LUT,U(-1,1),32,7168,7168,16x512x32_w8f4,SKIP,BN/WARPS != 16
F8_E4M3_B128,BITSHIFT,U(-1,1),32,7168,7168,16x512x32_w8f4,SKIP,BN/WARPS != 16
F8_E4M3_B128,LUT,U(-1,1),64,7168,7168,16x64x32_w4,OK,ms=2.177,tflops=3.02,gbps=25.5,maxabs=3.281e-04,p99=8.011e-05,rel=6.657e-07
F8_E4M3_B128,BITSHIFT,U(-1,1),64,7168,7168,16x64x32_w4,OK,ms=2.529,tflops=2.60,gbps=21.9,maxabs=1.526e-04,p99=4.196e-05,rel=4.351e-07
F8_E4M3_B128,LUT,U(-1,1),64,7168,7168,16x64x64_w4,OK,ms=2.414,tflops=2.72,gbps=23.0,maxabs=3.281e-04,p99=8.011e-05,rel=6.657e-07
F8_E4M3_B128,BITSHIFT,U(-1,1),64,7168,7168,16x64x64_w4,OK,ms=2.738,tflops=2.40,gbps=20.2,maxabs=1.526e-04,p99=4.196e-05,rel=4.351e-07
F8_E4M3_B128,LUT,U(-1,1),64,7168,7168,16x128x32_w8,OK,ms=2.401,tflops=2.74,gbps=23.1,maxabs=3.281e-04,p99=8.011e-05,rel=6.657e-07
F8_E4M3_B128,BITSHIFT,U(-1,1),64,7168,7168,16x128x32_w8,OK,ms=2.839,tflops=2.32,gbps=19.5,maxabs=1.526e-04,p99=4.196e-05,rel=4.351e-07
F8_E4M3_B128,LUT,U(-1,1),64,7168,7168,16x128x64_w8,OK,ms=2.523,tflops=2.61,gbps=22.0,maxabs=3.281e-04,p99=8.011e-05,rel=6.657e-07
F8_E4M3_B128,BITSHIFT,U(-1,1),64,7168,7168,16x128x64_w8,OK,ms=2.977,tflops=2.21,gbps=18.6,maxabs=1.526e-04,p99=4.196e-05,rel=4.351e-07
F8_E4M3_B128,LUT,U(-1,1),64,7168,7168,16x128x32_w4f2,SKIP,BN/WARPS != 16
F8_E4M3_B128,BITSHIFT,U(-1,1),64,7168,7168,16x128x32_w4f2,SKIP,BN/WARPS != 16
F8_E4M3_B128,LUT,U(-1,1),64,7168,7168,16x128x64_w4f2,SKIP,BN/WARPS != 16
F8_E4M3_B128,BITSHIFT,U(-1,1),64,7168,7168,16x128x64_w4f2,SKIP,BN/WARPS != 16
F8_E4M3_B128,LUT,U(-1,1),64,7168,7168,16x256x32_w4f4,SKIP,BN/WARPS != 16
F8_E4M3_B128,BITSHIFT,U(-1,1),64,7168,7168,16x256x32_w4f4,SKIP,BN/WARPS != 16
F8_E4M3_B128,LUT,U(-1,1),64,7168,7168,16x256x64_w4f4,SKIP,BN/WARPS != 16
F8_E4M3_B128,BITSHIFT,U(-1,1),64,7168,7168,16x256x64_w4f4,SKIP,BN/WARPS != 16
F8_E4M3_B128,LUT,U(-1,1),64,7168,7168,16x256x32_w8f2,SKIP,BN/WARPS != 16
F8_E4M3_B128,BITSHIFT,U(-1,1),64,7168,7168,16x256x32_w8f2,SKIP,BN/WARPS != 16
F8_E4M3_B128,LUT,U(-1,1),64,7168,7168,16x512x32_w8f4,SKIP,BN/WARPS != 16
F8_E4M3_B128,BITSHIFT,U(-1,1),64,7168,7168,16x512x32_w8f4,SKIP,BN/WARPS != 16
F8_E4M3_B128,LUT,U(-1,1),128,7168,7168,16x64x32_w4,OK,ms=4.911,tflops=2.68,gbps=12.0,maxabs=3.281e-04,p99=8.011e-05,rel=6.660e-07
F8_E4M3_B128,BITSHIFT,U(-1,1),128,7168,7168,16x64x32_w4,OK,ms=5.704,tflops=2.31,gbps=10.4,maxabs=1.526e-04,p99=4.196e-05,rel=4.353e-07
F8_E4M3_B128,LUT,U(-1,1),128,7168,7168,16x64x64_w4,OK,ms=4.878,tflops=2.70,gbps=12.1,maxabs=3.281e-04,p99=8.011e-05,rel=6.660e-07
F8_E4M3_B128,BITSHIFT,U(-1,1),128,7168,7168,16x64x64_w4,OK,ms=5.491,tflops=2.40,gbps=10.8,maxabs=1.526e-04,p99=4.196e-05,rel=4.353e-07
F8_E4M3_B128,LUT,U(-1,1),128,7168,7168,16x128x32_w8,OK,ms=5.128,tflops=2.57,gbps=11.5,maxabs=3.281e-04,p99=8.011e-05,rel=6.660e-07
F8_E4M3_B128,BITSHIFT,U(-1,1),128,7168,7168,16x128x32_w8,OK,ms=6.351,tflops=2.07,gbps=9.3,maxabs=1.526e-04,p99=4.196e-05,rel=4.353e-07
F8_E4M3_B128,LUT,U(-1,1),128,7168,7168,16x128x64_w8,OK,ms=5.082,tflops=2.59,gbps=11.6,maxabs=3.281e-04,p99=8.011e-05,rel=6.660e-07
F8_E4M3_B128,BITSHIFT,U(-1,1),128,7168,7168,16x128x64_w8,OK,ms=5.927,tflops=2.22,gbps=10.0,maxabs=1.526e-04,p99=4.196e-05,rel=4.353e-07
F8_E4M3_B128,LUT,U(-1,1),128,7168,7168,16x128x32_w4f2,SKIP,BN/WARPS != 16
F8_E4M3_B128,BITSHIFT,U(-1,1),128,7168,7168,16x128x32_w4f2,SKIP,BN/WARPS != 16
F8_E4M3_B128,LUT,U(-1,1),128,7168,7168,16x128x64_w4f2,SKIP,BN/WARPS != 16
F8_E4M3_B128,BITSHIFT,U(-1,1),128,7168,7168,16x128x64_w4f2,SKIP,BN/WARPS != 16
F8_E4M3_B128,LUT,U(-1,1),128,7168,7168,16x256x32_w4f4,SKIP,BN/WARPS != 16
F8_E4M3_B128,BITSHIFT,U(-1,1),128,7168,7168,16x256x32_w4f4,SKIP,BN/WARPS != 16
F8_E4M3_B128,LUT,U(-1,1),128,7168,7168,16x256x64_w4f4,SKIP,BN/WARPS != 16
F8_E4M3_B128,BITSHIFT,U(-1,1),128,7168,7168,16x256x64_w4f4,SKIP,BN/WARPS != 16
F8_E4M3_B128,LUT,U(-1,1),128,7168,7168,16x256x32_w8f2,SKIP,BN/WARPS != 16
F8_E4M3_B128,BITSHIFT,U(-1,1),128,7168,7168,16x256x32_w8f2,SKIP,BN/WARPS != 16
F8_E4M3_B128,LUT,U(-1,1),128,7168,7168,16x512x32_w8f4,SKIP,BN/WARPS != 16
F8_E4M3_B128,BITSHIFT,U(-1,1),128,7168,7168,16x512x32_w8f4,SKIP,BN/WARPS != 16
F8_E4M3_B128,LUT,U(-1,1),256,7168,7168,16x64x32_w4,OK,ms=7.441,tflops=3.54,gbps=8.9,maxabs=0.000e+00,p99=0.000e+00,rel=0.000e+00
F8_E4M3_B128,BITSHIFT,U(-1,1),256,7168,7168,16x64x32_w4,OK,ms=8.554,tflops=3.08,gbps=7.8,maxabs=4.044e-04,p99=9.155e-05,rel=8.087e-07
F8_E4M3_B128,LUT,U(-1,1),256,7168,7168,16x64x64_w4,OK,ms=9.631,tflops=2.73,gbps=6.9,maxabs=0.000e+00,p99=0.000e+00,rel=0.000e+00
F8_E4M3_B128,BITSHIFT,U(-1,1),256,7168,7168,16x64x64_w4,OK,ms=10.809,tflops=2.43,gbps=6.1,maxabs=4.044e-04,p99=9.155e-05,rel=8.087e-07
F8_E4M3_B128,LUT,U(-1,1),256,7168,7168,16x128x32_w8,OK,ms=7.679,tflops=3.43,gbps=8.7,maxabs=0.000e+00,p99=0.000e+00,rel=0.000e+00
F8_E4M3_B128,BITSHIFT,U(-1,1),256,7168,7168,16x128x32_w8,OK,ms=9.274,tflops=2.84,gbps=7.2,maxabs=4.044e-04,p99=9.155e-05,rel=8.087e-07
F8_E4M3_B128,LUT,U(-1,1),256,7168,7168,16x128x64_w8,OK,ms=10.110,tflops=2.60,gbps=6.6,maxabs=0.000e+00,p99=0.000e+00,rel=0.000e+00
F8_E4M3_B128,BITSHIFT,U(-1,1),256,7168,7168,16x128x64_w8,OK,ms=11.717,tflops=2.25,gbps=5.7,maxabs=4.044e-04,p99=9.155e-05,rel=8.087e-07
F8_E4M3_B128,LUT,U(-1,1),256,7168,7168,16x128x32_w4f2,SKIP,BN/WARPS != 16
F8_E4M3_B128,BITSHIFT,U(-1,1),256,7168,7168,16x128x32_w4f2,SKIP,BN/WARPS != 16
F8_E4M3_B128,LUT,U(-1,1),256,7168,7168,16x128x64_w4f2,SKIP,BN/WARPS != 16
F8_E4M3_B128,BITSHIFT,U(-1,1),256,7168,7168,16x128x64_w4f2,SKIP,BN/WARPS != 16
F8_E4M3_B128,LUT,U(-1,1),256,7168,7168,16x256x32_w4f4,SKIP,BN/WARPS != 16
F8_E4M3_B128,BITSHIFT,U(-1,1),256,7168,7168,16x256x32_w4f4,SKIP,BN/WARPS != 16
F8_E4M3_B128,LUT,U(-1,1),256,7168,7168,16x256x64_w4f4,SKIP,BN/WARPS != 16
F8_E4M3_B128,BITSHIFT,U(-1,1),256,7168,7168,16x256x64_w4f4,SKIP,BN/WARPS != 16
F8_E4M3_B128,LUT,U(-1,1),256,7168,7168,16x256x32_w8f2,SKIP,BN/WARPS != 16
F8_E4M3_B128,BITSHIFT,U(-1,1),256,7168,7168,16x256x32_w8f2,SKIP,BN/WARPS != 16
F8_E4M3_B128,LUT,U(-1,1),256,7168,7168,16x512x32_w8f4,SKIP,BN/WARPS != 16
F8_E4M3_B128,BITSHIFT,U(-1,1),256,7168,7168,16x512x32_w8f4,SKIP,BN/WARPS != 16
F8_E4M3_B128,LUT,U(-1,1),512,7168,7168,16x64x32_w4,OK,ms=13.028,tflops=4.04,gbps=6.2,maxabs=3.052e-04,p99=6.866e-05,rel=5.507e-07
F8_E4M3_B128,BITSHIFT,U(-1,1),512,7168,7168,16x64x32_w4,OK,ms=17.228,tflops=3.05,gbps=4.7,maxabs=2.213e-04,p99=6.104e-05,rel=5.997e-07
F8_E4M3_B128,LUT,U(-1,1),512,7168,7168,16x64x64_w4,OK,ms=19.287,tflops=2.73,gbps=4.2,maxabs=3.052e-04,p99=6.866e-05,rel=5.507e-07
F8_E4M3_B128,BITSHIFT,U(-1,1),512,7168,7168,16x64x64_w4,OK,ms=21.597,tflops=2.44,gbps=3.8,maxabs=2.213e-04,p99=6.104e-05,rel=5.997e-07
F8_E4M3_B128,LUT,U(-1,1),512,7168,7168,16x128x32_w8,OK,ms=15.325,tflops=3.43,gbps=5.3,maxabs=3.052e-04,p99=6.866e-05,rel=5.507e-07
F8_E4M3_B128,BITSHIFT,U(-1,1),512,7168,7168,16x128x32_w8,OK,ms=18.642,tflops=2.82,gbps=4.4,maxabs=2.213e-04,p99=6.104e-05,rel=5.997e-07
F8_E4M3_B128,LUT,U(-1,1),512,7168,7168,16x128x64_w8,OK,ms=20.188,tflops=2.61,gbps=4.0,maxabs=3.052e-04,p99=6.866e-05,rel=5.507e-07
F8_E4M3_B128,BITSHIFT,U(-1,1),512,7168,7168,16x128x64_w8,OK,ms=23.356,tflops=2.25,gbps=3.5,maxabs=2.213e-04,p99=6.104e-05,rel=5.997e-07
F8_E4M3_B128,LUT,U(-1,1),512,7168,7168,16x128x32_w4f2,SKIP,BN/WARPS != 16
F8_E4M3_B128,BITSHIFT,U(-1,1),512,7168,7168,16x128x32_w4f2,SKIP,BN/WARPS != 16
F8_E4M3_B128,LUT,U(-1,1),512,7168,7168,16x128x64_w4f2,SKIP,BN/WARPS != 16
F8_E4M3_B128,BITSHIFT,U(-1,1),512,7168,7168,16x128x64_w4f2,SKIP,BN/WARPS != 16
F8_E4M3_B128,LUT,U(-1,1),512,7168,7168,16x256x32_w4f4,SKIP,BN/WARPS != 16
F8_E4M3_B128,BITSHIFT,U(-1,1),512,7168,7168,16x256x32_w4f4,SKIP,BN/WARPS != 16
F8_E4M3_B128,LUT,U(-1,1),512,7168,7168,16x256x64_w4f4,SKIP,BN/WARPS != 16
F8_E4M3_B128,BITSHIFT,U(-1,1),512,7168,7168,16x256x64_w4f4,SKIP,BN/WARPS != 16
F8_E4M3_B128,LUT,U(-1,1),512,7168,7168,16x256x32_w8f2,SKIP,BN/WARPS != 16
F8_E4M3_B128,BITSHIFT,U(-1,1),512,7168,7168,16x256x32_w8f2,SKIP,BN/WARPS != 16
F8_E4M3_B128,LUT,U(-1,1),512,7168,7168,16x512x32_w8f4,SKIP,BN/WARPS != 16
F8_E4M3_B128,BITSHIFT,U(-1,1),512,7168,7168,16x512x32_w8f4,SKIP,BN/WARPS != 16
F8_E4M3_B128,LUT,U(-1,1),1024,7168,7168,16x64x32_w4,OK,ms=26.033,tflops=4.04,gbps=4.2,maxabs=0.000e+00,p99=0.000e+00,rel=0.000e+00
F8_E4M3_B128,BITSHIFT,U(-1,1),1024,7168,7168,16x64x32_w4,OK,ms=34.297,tflops=3.07,gbps=3.2,maxabs=4.196e-04,p99=9.251e-05,rel=8.096e-07
F8_E4M3_B128,LUT,U(-1,1),1024,7168,7168,16x64x64_w4,OK,ms=36.142,tflops=2.91,gbps=3.1,maxabs=0.000e+00,p99=0.000e+00,rel=0.000e+00
F8_E4M3_B128,BITSHIFT,U(-1,1),1024,7168,7168,16x64x64_w4,OK,ms=40.531,tflops=2.60,gbps=2.7,maxabs=4.196e-04,p99=9.251e-05,rel=8.096e-07
F8_E4M3_B128,LUT,U(-1,1),1024,7168,7168,16x128x32_w8,OK,ms=30.696,tflops=3.43,gbps=3.6,maxabs=0.000e+00,p99=0.000e+00,rel=0.000e+00
F8_E4M3_B128,BITSHIFT,U(-1,1),1024,7168,7168,16x128x32_w8,OK,ms=37.194,tflops=2.83,gbps=3.0,maxabs=4.196e-04,p99=9.251e-05,rel=8.096e-07
F8_E4M3_B128,LUT,U(-1,1),1024,7168,7168,16x128x64_w8,OK,ms=37.698,tflops=2.79,gbps=2.9,maxabs=0.000e+00,p99=0.000e+00,rel=0.000e+00
F8_E4M3_B128,BITSHIFT,U(-1,1),1024,7168,7168,16x128x64_w8,OK,ms=43.502,tflops=2.42,gbps=2.5,maxabs=4.196e-04,p99=9.251e-05,rel=8.096e-07
F8_E4M3_B128,LUT,U(-1,1),1024,7168,7168,16x128x32_w4f2,SKIP,BN/WARPS != 16
F8_E4M3_B128,BITSHIFT,U(-1,1),1024,7168,7168,16x128x32_w4f2,SKIP,BN/WARPS != 16
F8_E4M3_B128,LUT,U(-1,1),1024,7168,7168,16x128x64_w4f2,SKIP,BN/WARPS != 16
F8_E4M3_B128,BITSHIFT,U(-1,1),1024,7168,7168,16x128x64_w4f2,SKIP,BN/WARPS != 16
F8_E4M3_B128,LUT,U(-1,1),1024,7168,7168,16x256x32_w4f4,SKIP,BN/WARPS != 16
F8_E4M3_B128,BITSHIFT,U(-1,1),1024,7168,7168,16x256x32_w4f4,SKIP,BN/WARPS != 16
F8_E4M3_B128,LUT,U(-1,1),1024,7168,7168,16x256x64_w4f4,SKIP,BN/WARPS != 16
F8_E4M3_B128,BITSHIFT,U(-1,1),1024,7168,7168,16x256x64_w4f4,SKIP,BN/WARPS != 16
F8_E4M3_B128,LUT,U(-1,1),1024,7168,7168,16x256x32_w8f2,SKIP,BN/WARPS != 16
F8_E4M3_B128,BITSHIFT,U(-1,1),1024,7168,7168,16x256x32_w8f2,SKIP,BN/WARPS != 16
F8_E4M3_B128,LUT,U(-1,1),1024,7168,7168,16x512x32_w8f4,SKIP,BN/WARPS != 16
F8_E4M3_B128,BITSHIFT,U(-1,1),1024,7168,7168,16x512x32_w8f4,SKIP,BN/WARPS != 16
F8_E4M3_B128,LUT,U(-1,1),2048,7168,7168,16x64x32_w4,OK,ms=52.045,tflops=4.04,gbps=3.3,maxabs=0.000e+00,p99=0.000e+00,rel=0.000e+00
F8_E4M3_B128,BITSHIFT,U(-1,1),2048,7168,7168,16x64x32_w4,OK,ms=65.897,tflops=3.19,gbps=2.6,maxabs=5.341e-04,p99=9.346e-05,rel=8.101e-07
F8_E4M3_B128,LUT,U(-1,1),2048,7168,7168,16x64x64_w4,OK,ms=72.230,tflops=2.91,gbps=2.3,maxabs=0.000e+00,p99=0.000e+00,rel=0.000e+00
F8_E4M3_B128,BITSHIFT,U(-1,1),2048,7168,7168,16x64x64_w4,OK,ms=80.979,tflops=2.60,gbps=2.1,maxabs=5.341e-04,p99=9.346e-05,rel=8.101e-07
F8_E4M3_B128,LUT,U(-1,1),2048,7168,7168,16x128x32_w8,OK,ms=58.804,tflops=3.58,gbps=2.9,maxabs=0.000e+00,p99=0.000e+00,rel=0.000e+00
F8_E4M3_B128,BITSHIFT,U(-1,1),2048,7168,7168,16x128x32_w8,OK,ms=71.315,tflops=2.95,gbps=2.4,maxabs=5.341e-04,p99=9.346e-05,rel=8.101e-07
F8_E4M3_B128,LUT,U(-1,1),2048,7168,7168,16x128x64_w8,OK,ms=75.372,tflops=2.79,gbps=2.2,maxabs=0.000e+00,p99=0.000e+00,rel=0.000e+00
F8_E4M3_B128,BITSHIFT,U(-1,1),2048,7168,7168,16x128x64_w8,OK,ms=86.909,tflops=2.42,gbps=1.9,maxabs=5.341e-04,p99=9.346e-05,rel=8.101e-07
F8_E4M3_B128,LUT,U(-1,1),2048,7168,7168,16x128x32_w4f2,SKIP,BN/WARPS != 16
F8_E4M3_B128,BITSHIFT,U(-1,1),2048,7168,7168,16x128x32_w4f2,SKIP,BN/WARPS != 16
F8_E4M3_B128,LUT,U(-1,1),2048,7168,7168,16x128x64_w4f2,SKIP,BN/WARPS != 16
F8_E4M3_B128,BITSHIFT,U(-1,1),2048,7168,7168,16x128x64_w4f2,SKIP,BN/WARPS != 16
F8_E4M3_B128,LUT,U(-1,1),2048,7168,7168,16x256x32_w4f4,SKIP,BN/WARPS != 16
F8_E4M3_B128,BITSHIFT,U(-1,1),2048,7168,7168,16x256x32_w4f4,SKIP,BN/WARPS != 16
F8_E4M3_B128,LUT,U(-1,1),2048,7168,7168,16x256x64_w4f4,SKIP,BN/WARPS != 16
F8_E4M3_B128,BITSHIFT,U(-1,1),2048,7168,7168,16x256x64_w4f4,SKIP,BN/WARPS != 16
F8_E4M3_B128,LUT,U(-1,1),2048,7168,7168,16x256x32_w8f2,SKIP,BN/WARPS != 16
F8_E4M3_B128,BITSHIFT,U(-1,1),2048,7168,7168,16x256x32_w8f2,SKIP,BN/WARPS != 16
F8_E4M3_B128,LUT,U(-1,1),2048,7168,7168,16x512x32_w8f4,SKIP,BN/WARPS != 16
F8_E4M3_B128,BITSHIFT,U(-1,1),2048,7168,7168,16x512x32_w8f4,SKIP,BN/WARPS != 16
