device: Tesla V100-SXM2-32GB, cc=7.0, smem=48KiB/cta

=== cuBLAS FP16 GEMM ceiling (V100 TC peak target 125 TFLOPS) ===
format,path,dist,M,N,K,tile,status,detail
CUBLAS_FP16,REF,U(-1,1),1,4096,4096,cublas,OK,ms=0.072,tflops=0.47,gbps=465.8,maxabs=0.0e+0,p99=0.0e+0,rel=0.0e+0
CUBLAS_FP16,REF,U(-1,1),16,4096,4096,cublas,OK,ms=0.067,tflops=7.97,gbps=501.8,maxabs=0.0e+0,p99=0.0e+0,rel=0.0e+0
CUBLAS_FP16,REF,U(-1,1),64,4096,4096,cublas,OK,ms=0.121,tflops=17.80,gbps=286.8,maxabs=0.0e+0,p99=0.0e+0,rel=0.0e+0
CUBLAS_FP16,REF,U(-1,1),128,4096,4096,cublas,OK,ms=0.099,tflops=43.28,gbps=359.3,maxabs=0.0e+0,p99=0.0e+0,rel=0.0e+0
CUBLAS_FP16,REF,U(-1,1),256,4096,4096,cublas,OK,ms=0.146,tflops=58.84,gbps=258.6,maxabs=0.0e+0,p99=0.0e+0,rel=0.0e+0
CUBLAS_FP16,REF,U(-1,1),512,4096,4096,cublas,OK,ms=0.247,tflops=69.53,gbps=169.8,maxabs=0.0e+0,p99=0.0e+0,rel=0.0e+0
CUBLAS_FP16,REF,U(-1,1),1024,4096,4096,cublas,OK,ms=0.554,tflops=62.06,gbps=90.9,maxabs=0.0e+0,p99=0.0e+0,rel=0.0e+0
CUBLAS_FP16,REF,U(-1,1),2048,4096,4096,cublas,OK,ms=0.832,tflops=82.60,gbps=80.7,maxabs=0.0e+0,p99=0.0e+0,rel=0.0e+0
CUBLAS_FP16,REF,U(-1,1),1,7168,7168,cublas,OK,ms=0.191,tflops=0.54,gbps=537.6,maxabs=0.0e+0,p99=0.0e+0,rel=0.0e+0
CUBLAS_FP16,REF,U(-1,1),16,7168,7168,cublas,OK,ms=0.232,tflops=7.09,gbps=445.4,maxabs=0.0e+0,p99=0.0e+0,rel=0.0e+0
CUBLAS_FP16,REF,U(-1,1),64,7168,7168,cublas,OK,ms=0.350,tflops=18.79,gbps=298.8,maxabs=0.0e+0,p99=0.0e+0,rel=0.0e+0
CUBLAS_FP16,REF,U(-1,1),128,7168,7168,cublas,OK,ms=0.399,tflops=32.99,gbps=266.9,maxabs=0.0e+0,p99=0.0e+0,rel=0.0e+0
CUBLAS_FP16,REF,U(-1,1),256,7168,7168,cublas,OK,ms=0.478,tflops=55.09,gbps=230.6,maxabs=0.0e+0,p99=0.0e+0,rel=0.0e+0
CUBLAS_FP16,REF,U(-1,1),512,7168,7168,cublas,OK,ms=0.689,tflops=76.40,gbps=170.5,maxabs=0.0e+0,p99=0.0e+0,rel=0.0e+0
CUBLAS_FP16,REF,U(-1,1),1024,7168,7168,cublas,OK,ms=1.251,tflops=84.11,gbps=105.6,maxabs=0.0e+0,p99=0.0e+0,rel=0.0e+0
CUBLAS_FP16,REF,U(-1,1),2048,7168,7168,cublas,OK,ms=2.450,tflops=85.89,gbps=65.9,maxabs=0.0e+0,p99=0.0e+0,rel=0.0e+0
INT8,LUT,U(-1,1),1,4096,4096,16x64x32_w4,OK,ms=0.851,tflops=0.04,gbps=21.0,maxabs=1.897e-02,p99=1.446e-02,rel=2.592e-04
INT8,BITSHIFT,U(-1,1),1,4096,4096,16x64x32_w4,OK,ms=0.419,tflops=0.08,gbps=42.6,maxabs=1.311e-02,p99=9.978e-03,rel=1.834e-04
INT8,LUT,U(-1,1),1,4096,4096,16x128x32_w8,OK,ms=0.886,tflops=0.04,gbps=20.1,maxabs=1.897e-02,p99=1.446e-02,rel=2.592e-04
INT8,BITSHIFT,U(-1,1),1,4096,4096,16x128x32_w8,OK,ms=0.505,tflops=0.07,gbps=35.3,maxabs=1.311e-02,p99=9.978e-03,rel=1.834e-04
INT8,LUT,U(-1,1),1,4096,4096,16x128x32_w4f2,OK,ms=1.537,tflops=0.02,gbps=11.6,maxabs=1.897e-02,p99=1.446e-02,rel=2.592e-04
INT8,BITSHIFT,U(-1,1),1,4096,4096,16x128x32_w4f2,SKIP,MF path-B not implemented
INT8,LUT,U(-1,1),1,4096,4096,16x256x32_w4f4,OK,ms=2.907,tflops=0.01,gbps=6.1,maxabs=1.897e-02,p99=1.446e-02,rel=2.592e-04
INT8,BITSHIFT,U(-1,1),1,4096,4096,16x256x32_w4f4,SKIP,MF path-B not implemented
INT8,LUT,U(-1,1),1,4096,4096,128x64x32_w4_v1,OK,ms=1.120,tflops=0.03,gbps=16.0,maxabs=1.897e-02,p99=1.446e-02,rel=2.592e-04
INT8,BITSHIFT,U(-1,1),1,4096,4096,128x64x32_w4_v1,SKIP,v1 path-B not implemented
INT8,LUT,U(-1,1),1,4096,4096,128x128x32_w4_v1,OK,ms=1.821,tflops=0.02,gbps=9.8,maxabs=1.897e-02,p99=1.446e-02,rel=2.592e-04
INT8,BITSHIFT,U(-1,1),1,4096,4096,128x128x32_w4_v1,SKIP,v1 path-B not implemented
INT8,LUT,U(-1,1),1,4096,4096,128x256x32_w4_v1,OK,ms=4.088,tflops=0.01,gbps=4.4,maxabs=1.897e-02,p99=1.446e-02,rel=2.592e-04
INT8,BITSHIFT,U(-1,1),1,4096,4096,128x256x32_w4_v1,SKIP,v1 path-B not implemented
INT8,LUT,U(-1,1),1,4096,4096,128x256x32_w8_v1,OK,ms=1.901,tflops=0.02,gbps=9.4,maxabs=1.897e-02,p99=1.446e-02,rel=2.592e-04
INT8,BITSHIFT,U(-1,1),1,4096,4096,128x256x32_w8_v1,SKIP,v1 path-B not implemented
INT8,LUT,U(-1,1),1,4096,4096,64x64x32_w4_v1,OK,ms=0.856,tflops=0.04,gbps=20.9,maxabs=1.897e-02,p99=1.446e-02,rel=2.592e-04
INT8,BITSHIFT,U(-1,1),1,4096,4096,64x64x32_w4_v1,SKIP,v1 path-B not implemented
INT8,LUT,U(-1,1),1,4096,4096,64x128x32_w4_v1,OK,ms=1.521,tflops=0.02,gbps=11.7,maxabs=1.897e-02,p99=1.446e-02,rel=2.592e-04
INT8,BITSHIFT,U(-1,1),1,4096,4096,64x128x32_w4_v1,SKIP,v1 path-B not implemented
INT8,LUT,U(-1,1),1,4096,4096,128x64x32_w4_v2,OK,ms=0.425,tflops=0.08,gbps=42.0,maxabs=1.897e-02,p99=1.446e-02,rel=2.592e-04
INT8,BITSHIFT,U(-1,1),1,4096,4096,128x64x32_w4_v2,SKIP,v2 path-B not implemented
INT8,LUT,U(-1,1),1,4096,4096,128x128x32_w4_v2,OK,ms=0.567,tflops=0.06,gbps=31.5,maxabs=1.897e-02,p99=1.446e-02,rel=2.592e-04
INT8,BITSHIFT,U(-1,1),1,4096,4096,128x128x32_w4_v2,SKIP,v2 path-B not implemented
INT8,LUT,U(-1,1),1,4096,4096,128x256x32_w4_v2,OK,ms=1.260,tflops=0.03,gbps=14.2,maxabs=1.897e-02,p99=1.446e-02,rel=2.592e-04
INT8,BITSHIFT,U(-1,1),1,4096,4096,128x256x32_w4_v2,SKIP,v2 path-B not implemented
INT8,LUT,U(-1,1),1,4096,4096,128x256x32_w8_v2,OK,ms=0.798,tflops=0.04,gbps=22.4,maxabs=1.897e-02,p99=1.446e-02,rel=2.592e-04
INT8,BITSHIFT,U(-1,1),1,4096,4096,128x256x32_w8_v2,SKIP,v2 path-B not implemented
INT8,LUT,U(-1,1),1,4096,4096,64x64x32_w4_v2,OK,ms=0.280,tflops=0.12,gbps=63.8,maxabs=1.897e-02,p99=1.446e-02,rel=2.592e-04
INT8,BITSHIFT,U(-1,1),1,4096,4096,64x64x32_w4_v2,SKIP,v2 path-B not implemented
INT8,LUT,U(-1,1),1,4096,4096,64x128x32_w4_v2,OK,ms=0.384,tflops=0.09,gbps=46.5,maxabs=1.897e-02,p99=1.446e-02,rel=2.592e-04
INT8,BITSHIFT,U(-1,1),1,4096,4096,64x128x32_w4_v2,SKIP,v2 path-B not implemented
INT8,LUT,U(-1,1),1,4096,4096,128x64x32_w4_v3,OK,ms=0.376,tflops=0.09,gbps=47.5,maxabs=1.897e-02,p99=1.446e-02,rel=2.592e-04
INT8,BITSHIFT,U(-1,1),1,4096,4096,128x64x32_w4_v3,SKIP,v3 path-B not implemented
INT8,LUT,U(-1,1),1,4096,4096,128x128x32_w4_v3,OK,ms=0.462,tflops=0.07,gbps=38.7,maxabs=1.897e-02,p99=1.446e-02,rel=2.592e-04
INT8,BITSHIFT,U(-1,1),1,4096,4096,128x128x32_w4_v3,SKIP,v3 path-B not implemented
INT8,LUT,U(-1,1),1,4096,4096,128x256x32_w8_v3,SKIP,smem > 48KiB
INT8,BITSHIFT,U(-1,1),1,4096,4096,128x256x32_w8_v3,SKIP,smem > 48KiB
INT8,LUT,U(-1,1),1,4096,4096,64x64x32_w4_v3,OK,ms=0.256,tflops=0.13,gbps=69.8,maxabs=1.897e-02,p99=1.446e-02,rel=2.592e-04
INT8,BITSHIFT,U(-1,1),1,4096,4096,64x64x32_w4_v3,SKIP,v3 path-B not implemented
INT8,LUT,U(-1,1),1,4096,4096,64x128x32_w4_v3,OK,ms=0.321,tflops=0.10,gbps=55.6,maxabs=1.897e-02,p99=1.446e-02,rel=2.592e-04
INT8,BITSHIFT,U(-1,1),1,4096,4096,64x128x32_w4_v3,SKIP,v3 path-B not implemented
INT8,LUT,U(-1,1),1,4096,4096,32x128x32_w4_v3_b1,OK,ms=0.266,tflops=0.13,gbps=67.1,maxabs=1.897e-02,p99=1.446e-02,rel=2.592e-04
INT8,BITSHIFT,U(-1,1),1,4096,4096,32x128x32_w4_v3_b1,SKIP,v3 path-B not implemented
INT8,LUT,U(-1,1),1,4096,4096,32x64x32_w4_v3_b1,OK,ms=0.192,tflops=0.18,gbps=93.2,maxabs=1.897e-02,p99=1.446e-02,rel=2.592e-04
INT8,BITSHIFT,U(-1,1),1,4096,4096,32x64x32_w4_v3_b1,SKIP,v3 path-B not implemented
INT8,LUT,U(-1,1),1,4096,4096,32x256x32_w8_v3_b1,OK,ms=0.361,tflops=0.09,gbps=49.4,maxabs=1.897e-02,p99=1.446e-02,rel=2.592e-04
INT8,BITSHIFT,U(-1,1),1,4096,4096,32x256x32_w8_v3_b1,SKIP,v3 path-B not implemented
INT8,LUT,U(-1,1),1,4096,4096,128x128x32_w8_v3_b1alt,OK,ms=0.554,tflops=0.06,gbps=32.2,maxabs=1.897e-02,p99=1.446e-02,rel=2.592e-04
INT8,BITSHIFT,U(-1,1),1,4096,4096,128x128x32_w8_v3_b1alt,SKIP,v3 path-B not implemented
INT8,LUT,U(-1,1),1,4096,4096,64x128x32_w8_v3_b1alt,OK,ms=0.343,tflops=0.10,gbps=52.1,maxabs=1.897e-02,p99=1.446e-02,rel=2.592e-04
INT8,BITSHIFT,U(-1,1),1,4096,4096,64x128x32_w8_v3_b1alt,SKIP,v3 path-B not implemented
INT8,LUT,U(-1,1),1,4096,4096,128x64x32_w4_v4,OK,ms=0.386,tflops=0.09,gbps=46.3,maxabs=1.897e-02,p99=1.446e-02,rel=2.592e-04
INT8,BITSHIFT,U(-1,1),1,4096,4096,128x64x32_w4_v4,SKIP,v4 path-B not implemented
INT8,LUT,U(-1,1),1,4096,4096,128x128x32_w4_v4,OK,ms=0.470,tflops=0.07,gbps=38.0,maxabs=1.897e-02,p99=1.446e-02,rel=2.592e-04
INT8,BITSHIFT,U(-1,1),1,4096,4096,128x128x32_w4_v4,SKIP,v4 path-B not implemented
INT8,LUT,U(-1,1),1,4096,4096,64x64x32_w4_v4,OK,ms=0.257,tflops=0.13,gbps=69.5,maxabs=1.897e-02,p99=1.446e-02,rel=2.592e-04
INT8,BITSHIFT,U(-1,1),1,4096,4096,64x64x32_w4_v4,SKIP,v4 path-B not implemented
INT8,LUT,U(-1,1),1,4096,4096,64x128x32_w4_v4,OK,ms=0.332,tflops=0.10,gbps=53.9,maxabs=1.897e-02,p99=1.446e-02,rel=2.592e-04
INT8,BITSHIFT,U(-1,1),1,4096,4096,64x128x32_w4_v4,SKIP,v4 path-B not implemented
INT8,LUT,U(-1,1),1,4096,4096,128x64x32_w4_v5,OK,ms=0.386,tflops=0.09,gbps=46.3,maxabs=1.897e-02,p99=1.446e-02,rel=2.592e-04
INT8,BITSHIFT,U(-1,1),1,4096,4096,128x64x32_w4_v5,SKIP,v5 path-B not implemented
INT8,LUT,U(-1,1),1,4096,4096,128x128x32_w4_v5,OK,ms=0.483,tflops=0.07,gbps=37.0,maxabs=1.897e-02,p99=1.446e-02,rel=2.592e-04
INT8,BITSHIFT,U(-1,1),1,4096,4096,128x128x32_w4_v5,SKIP,v5 path-B not implemented
INT8,LUT,U(-1,1),1,4096,4096,64x64x32_w4_v5,OK,ms=0.263,tflops=0.13,gbps=67.9,maxabs=1.897e-02,p99=1.446e-02,rel=2.592e-04
INT8,BITSHIFT,U(-1,1),1,4096,4096,64x64x32_w4_v5,SKIP,v5 path-B not implemented
INT8,LUT,U(-1,1),1,4096,4096,64x128x32_w4_v5,OK,ms=0.338,tflops=0.10,gbps=52.8,maxabs=1.897e-02,p99=1.446e-02,rel=2.592e-04
INT8,BITSHIFT,U(-1,1),1,4096,4096,64x128x32_w4_v5,SKIP,v5 path-B not implemented
INT8,LUT,U(-1,1),1,4096,4096,128x128x64_w4_v6,OK,ms=0.620,tflops=0.05,gbps=28.8,maxabs=1.897e-02,p99=1.446e-02,rel=2.592e-04
INT8,BITSHIFT,U(-1,1),1,4096,4096,128x128x64_w4_v6,SKIP,v6 path-B not implemented
INT8,LUT,U(-1,1),1,4096,4096,128x64x64_w4_v6,OK,ms=0.535,tflops=0.06,gbps=33.4,maxabs=1.897e-02,p99=1.446e-02,rel=2.592e-04
INT8,BITSHIFT,U(-1,1),1,4096,4096,128x64x64_w4_v6,SKIP,v6 path-B not implemented
INT8,LUT,U(-1,1),1,4096,4096,64x128x64_w4_v6,OK,ms=0.414,tflops=0.08,gbps=43.2,maxabs=1.897e-02,p99=1.446e-02,rel=2.592e-04
INT8,BITSHIFT,U(-1,1),1,4096,4096,64x128x64_w4_v6,SKIP,v6 path-B not implemented
INT8,LUT,U(-1,1),1,4096,4096,64x64x64_w4_v6,OK,ms=0.324,tflops=0.10,gbps=55.2,maxabs=1.897e-02,p99=1.446e-02,rel=2.592e-04
INT8,BITSHIFT,U(-1,1),1,4096,4096,64x64x64_w4_v6,SKIP,v6 path-B not implemented
INT8,LUT,U(-1,1),16,4096,4096,16x64x32_w4,OK,ms=0.757,tflops=0.71,gbps=24.2,maxabs=2.375e-02,p99=1.435e-02,rel=2.601e-04
INT8,BITSHIFT,U(-1,1),16,4096,4096,16x64x32_w4,OK,ms=0.536,tflops=1.00,gbps=34.3,maxabs=1.652e-02,p99=1.020e-02,rel=1.857e-04
INT8,LUT,U(-1,1),16,4096,4096,16x128x32_w8,OK,ms=0.840,tflops=0.64,gbps=21.9,maxabs=2.375e-02,p99=1.435e-02,rel=2.601e-04
INT8,BITSHIFT,U(-1,1),16,4096,4096,16x128x32_w8,OK,ms=0.672,tflops=0.80,gbps=27.3,maxabs=1.652e-02,p99=1.020e-02,rel=1.857e-04
INT8,LUT,U(-1,1),16,4096,4096,16x128x32_w4f2,OK,ms=1.409,tflops=0.38,gbps=13.0,maxabs=2.375e-02,p99=1.435e-02,rel=2.601e-04
INT8,BITSHIFT,U(-1,1),16,4096,4096,16x128x32_w4f2,SKIP,MF path-B not implemented
INT8,LUT,U(-1,1),16,4096,4096,16x256x32_w4f4,OK,ms=2.640,tflops=0.20,gbps=6.9,maxabs=2.375e-02,p99=1.435e-02,rel=2.601e-04
INT8,BITSHIFT,U(-1,1),16,4096,4096,16x256x32_w4f4,SKIP,MF path-B not implemented
INT8,LUT,U(-1,1),16,4096,4096,128x64x32_w4_v1,OK,ms=1.009,tflops=0.53,gbps=18.2,maxabs=2.375e-02,p99=1.435e-02,rel=2.601e-04
INT8,BITSHIFT,U(-1,1),16,4096,4096,128x64x32_w4_v1,SKIP,v1 path-B not implemented
INT8,LUT,U(-1,1),16,4096,4096,128x128x32_w4_v1,OK,ms=1.655,tflops=0.32,gbps=11.1,maxabs=2.375e-02,p99=1.435e-02,rel=2.601e-04
INT8,BITSHIFT,U(-1,1),16,4096,4096,128x128x32_w4_v1,SKIP,v1 path-B not implemented
INT8,LUT,U(-1,1),16,4096,4096,128x256x32_w4_v1,OK,ms=3.738,tflops=0.14,gbps=4.9,maxabs=2.375e-02,p99=1.435e-02,rel=2.601e-04
INT8,BITSHIFT,U(-1,1),16,4096,4096,128x256x32_w4_v1,SKIP,v1 path-B not implemented
INT8,LUT,U(-1,1),16,4096,4096,128x256x32_w8_v1,OK,ms=1.870,tflops=0.29,gbps=9.8,maxabs=2.375e-02,p99=1.435e-02,rel=2.601e-04
INT8,BITSHIFT,U(-1,1),16,4096,4096,128x256x32_w8_v1,SKIP,v1 path-B not implemented
INT8,LUT,U(-1,1),16,4096,4096,64x64x32_w4_v1,OK,ms=0.843,tflops=0.64,gbps=21.8,maxabs=2.375e-02,p99=1.435e-02,rel=2.601e-04
INT8,BITSHIFT,U(-1,1),16,4096,4096,64x64x32_w4_v1,SKIP,v1 path-B not implemented
INT8,LUT,U(-1,1),16,4096,4096,64x128x32_w4_v1,OK,ms=1.512,tflops=0.35,gbps=12.1,maxabs=2.375e-02,p99=1.435e-02,rel=2.601e-04
INT8,BITSHIFT,U(-1,1),16,4096,4096,64x128x32_w4_v1,SKIP,v1 path-B not implemented
INT8,LUT,U(-1,1),16,4096,4096,128x64x32_w4_v2,OK,ms=0.445,tflops=1.21,gbps=41.2,maxabs=2.375e-02,p99=1.435e-02,rel=2.601e-04
INT8,BITSHIFT,U(-1,1),16,4096,4096,128x64x32_w4_v2,SKIP,v2 path-B not implemented
INT8,LUT,U(-1,1),16,4096,4096,128x128x32_w4_v2,OK,ms=0.570,tflops=0.94,gbps=32.2,maxabs=2.375e-02,p99=1.435e-02,rel=2.601e-04
INT8,BITSHIFT,U(-1,1),16,4096,4096,128x128x32_w4_v2,SKIP,v2 path-B not implemented
INT8,LUT,U(-1,1),16,4096,4096,128x256x32_w4_v2,OK,ms=1.251,tflops=0.43,gbps=14.7,maxabs=2.375e-02,p99=1.435e-02,rel=2.601e-04
INT8,BITSHIFT,U(-1,1),16,4096,4096,128x256x32_w4_v2,SKIP,v2 path-B not implemented
INT8,LUT,U(-1,1),16,4096,4096,128x256x32_w8_v2,OK,ms=0.765,tflops=0.70,gbps=24.0,maxabs=2.375e-02,p99=1.435e-02,rel=2.601e-04
INT8,BITSHIFT,U(-1,1),16,4096,4096,128x256x32_w8_v2,SKIP,v2 path-B not implemented
INT8,LUT,U(-1,1),16,4096,4096,64x64x32_w4_v2,OK,ms=0.302,tflops=1.78,gbps=60.8,maxabs=2.375e-02,p99=1.435e-02,rel=2.601e-04
INT8,BITSHIFT,U(-1,1),16,4096,4096,64x64x32_w4_v2,SKIP,v2 path-B not implemented
INT8,LUT,U(-1,1),16,4096,4096,64x128x32_w4_v2,OK,ms=0.402,tflops=1.33,gbps=45.6,maxabs=2.375e-02,p99=1.435e-02,rel=2.601e-04
INT8,BITSHIFT,U(-1,1),16,4096,4096,64x128x32_w4_v2,SKIP,v2 path-B not implemented
INT8,LUT,U(-1,1),16,4096,4096,128x64x32_w4_v3,OK,ms=0.381,tflops=1.41,gbps=48.1,maxabs=2.375e-02,p99=1.435e-02,rel=2.601e-04
INT8,BITSHIFT,U(-1,1),16,4096,4096,128x64x32_w4_v3,SKIP,v3 path-B not implemented
INT8,LUT,U(-1,1),16,4096,4096,128x128x32_w4_v3,OK,ms=0.471,tflops=1.14,gbps=39.0,maxabs=2.375e-02,p99=1.435e-02,rel=2.601e-04
INT8,BITSHIFT,U(-1,1),16,4096,4096,128x128x32_w4_v3,SKIP,v3 path-B not implemented
INT8,LUT,U(-1,1),16,4096,4096,128x256x32_w8_v3,SKIP,smem > 48KiB
INT8,BITSHIFT,U(-1,1),16,4096,4096,128x256x32_w8_v3,SKIP,smem > 48KiB
INT8,LUT,U(-1,1),16,4096,4096,64x64x32_w4_v3,OK,ms=0.270,tflops=1.99,gbps=68.0,maxabs=2.375e-02,p99=1.435e-02,rel=2.601e-04
INT8,BITSHIFT,U(-1,1),16,4096,4096,64x64x32_w4_v3,SKIP,v3 path-B not implemented
INT8,LUT,U(-1,1),16,4096,4096,64x128x32_w4_v3,OK,ms=0.341,tflops=1.57,gbps=53.8,maxabs=2.375e-02,p99=1.435e-02,rel=2.601e-04
INT8,BITSHIFT,U(-1,1),16,4096,4096,64x128x32_w4_v3,SKIP,v3 path-B not implemented
INT8,LUT,U(-1,1),16,4096,4096,32x128x32_w4_v3_b1,OK,ms=0.287,tflops=1.87,gbps=63.9,maxabs=2.375e-02,p99=1.435e-02,rel=2.601e-04
INT8,BITSHIFT,U(-1,1),16,4096,4096,32x128x32_w4_v3_b1,SKIP,v3 path-B not implemented
INT8,LUT,U(-1,1),16,4096,4096,32x64x32_w4_v3_b1,OK,ms=0.213,tflops=2.52,gbps=86.3,maxabs=2.375e-02,p99=1.435e-02,rel=2.601e-04
INT8,BITSHIFT,U(-1,1),16,4096,4096,32x64x32_w4_v3_b1,SKIP,v3 path-B not implemented
INT8,LUT,U(-1,1),16,4096,4096,32x256x32_w8_v3_b1,OK,ms=0.349,tflops=1.54,gbps=52.6,maxabs=2.375e-02,p99=1.435e-02,rel=2.601e-04
INT8,BITSHIFT,U(-1,1),16,4096,4096,32x256x32_w8_v3_b1,SKIP,v3 path-B not implemented
INT8,LUT,U(-1,1),16,4096,4096,128x128x32_w8_v3_b1alt,OK,ms=0.538,tflops=1.00,gbps=34.1,maxabs=2.375e-02,p99=1.435e-02,rel=2.601e-04
INT8,BITSHIFT,U(-1,1),16,4096,4096,128x128x32_w8_v3_b1alt,SKIP,v3 path-B not implemented
INT8,LUT,U(-1,1),16,4096,4096,64x128x32_w8_v3_b1alt,OK,ms=0.341,tflops=1.57,gbps=53.8,maxabs=2.375e-02,p99=1.435e-02,rel=2.601e-04
INT8,BITSHIFT,U(-1,1),16,4096,4096,64x128x32_w8_v3_b1alt,SKIP,v3 path-B not implemented
INT8,LUT,U(-1,1),16,4096,4096,128x64x32_w4_v4,OK,ms=0.392,tflops=1.37,gbps=46.8,maxabs=2.375e-02,p99=1.435e-02,rel=2.601e-04
INT8,BITSHIFT,U(-1,1),16,4096,4096,128x64x32_w4_v4,SKIP,v4 path-B not implemented
INT8,LUT,U(-1,1),16,4096,4096,128x128x32_w4_v4,OK,ms=0.477,tflops=1.12,gbps=38.4,maxabs=2.375e-02,p99=1.435e-02,rel=2.601e-04
INT8,BITSHIFT,U(-1,1),16,4096,4096,128x128x32_w4_v4,SKIP,v4 path-B not implemented
INT8,LUT,U(-1,1),16,4096,4096,64x64x32_w4_v4,OK,ms=0.274,tflops=1.96,gbps=67.1,maxabs=2.375e-02,p99=1.435e-02,rel=2.601e-04
INT8,BITSHIFT,U(-1,1),16,4096,4096,64x64x32_w4_v4,SKIP,v4 path-B not implemented
INT8,LUT,U(-1,1),16,4096,4096,64x128x32_w4_v4,OK,ms=0.345,tflops=1.56,gbps=53.2,maxabs=2.375e-02,p99=1.435e-02,rel=2.601e-04
INT8,BITSHIFT,U(-1,1),16,4096,4096,64x128x32_w4_v4,SKIP,v4 path-B not implemented
INT8,LUT,U(-1,1),16,4096,4096,128x64x32_w4_v5,OK,ms=0.391,tflops=1.37,gbps=46.9,maxabs=2.375e-02,p99=1.435e-02,rel=2.601e-04
INT8,BITSHIFT,U(-1,1),16,4096,4096,128x64x32_w4_v5,SKIP,v5 path-B not implemented
INT8,LUT,U(-1,1),16,4096,4096,128x128x32_w4_v5,OK,ms=0.480,tflops=1.12,gbps=38.2,maxabs=2.375e-02,p99=1.435e-02,rel=2.601e-04
INT8,BITSHIFT,U(-1,1),16,4096,4096,128x128x32_w4_v5,SKIP,v5 path-B not implemented
INT8,LUT,U(-1,1),16,4096,4096,64x64x32_w4_v5,OK,ms=0.271,tflops=1.98,gbps=67.7,maxabs=2.375e-02,p99=1.435e-02,rel=2.601e-04
INT8,BITSHIFT,U(-1,1),16,4096,4096,64x64x32_w4_v5,SKIP,v5 path-B not implemented
INT8,LUT,U(-1,1),16,4096,4096,64x128x32_w4_v5,OK,ms=0.341,tflops=1.58,gbps=53.9,maxabs=2.375e-02,p99=1.435e-02,rel=2.601e-04
INT8,BITSHIFT,U(-1,1),16,4096,4096,64x128x32_w4_v5,SKIP,v5 path-B not implemented
INT8,LUT,U(-1,1),16,4096,4096,128x128x64_w4_v6,OK,ms=0.632,tflops=0.85,gbps=29.0,maxabs=2.375e-02,p99=1.435e-02,rel=2.601e-04
INT8,BITSHIFT,U(-1,1),16,4096,4096,128x128x64_w4_v6,SKIP,v6 path-B not implemented
INT8,LUT,U(-1,1),16,4096,4096,128x64x64_w4_v6,OK,ms=0.543,tflops=0.99,gbps=33.8,maxabs=2.375e-02,p99=1.435e-02,rel=2.601e-04
INT8,BITSHIFT,U(-1,1),16,4096,4096,128x64x64_w4_v6,SKIP,v6 path-B not implemented
INT8,LUT,U(-1,1),16,4096,4096,64x128x64_w4_v6,OK,ms=0.425,tflops=1.26,gbps=43.2,maxabs=2.375e-02,p99=1.435e-02,rel=2.601e-04
INT8,BITSHIFT,U(-1,1),16,4096,4096,64x128x64_w4_v6,SKIP,v6 path-B not implemented
INT8,LUT,U(-1,1),16,4096,4096,64x64x64_w4_v6,OK,ms=0.336,tflops=1.60,gbps=54.5,maxabs=2.375e-02,p99=1.435e-02,rel=2.601e-04
INT8,BITSHIFT,U(-1,1),16,4096,4096,64x64x64_w4_v6,SKIP,v6 path-B not implemented
INT8,LUT,U(-1,1),64,4096,4096,16x64x32_w4,OK,ms=0.802,tflops=2.68,gbps=24.8,maxabs=2.856e-02,p99=1.473e-02,rel=2.601e-04
INT8,BITSHIFT,U(-1,1),64,4096,4096,16x64x32_w4,OK,ms=0.746,tflops=2.88,gbps=26.7,maxabs=1.963e-02,p99=1.034e-02,rel=1.852e-04
INT8,LUT,U(-1,1),64,4096,4096,16x128x32_w8,OK,ms=0.833,tflops=2.58,gbps=23.9,maxabs=2.856e-02,p99=1.473e-02,rel=2.601e-04
INT8,BITSHIFT,U(-1,1),64,4096,4096,16x128x32_w8,OK,ms=0.788,tflops=2.72,gbps=25.3,maxabs=1.963e-02,p99=1.034e-02,rel=1.852e-04
INT8,LUT,U(-1,1),64,4096,4096,16x128x32_w4f2,OK,ms=1.385,tflops=1.55,gbps=14.4,maxabs=2.856e-02,p99=1.473e-02,rel=2.601e-04
INT8,BITSHIFT,U(-1,1),64,4096,4096,16x128x32_w4f2,SKIP,MF path-B not implemented
INT8,LUT,U(-1,1),64,4096,4096,16x256x32_w4f4,OK,ms=2.549,tflops=0.84,gbps=7.8,maxabs=2.856e-02,p99=1.473e-02,rel=2.601e-04
INT8,BITSHIFT,U(-1,1),64,4096,4096,16x256x32_w4f4,SKIP,MF path-B not implemented
INT8,LUT,U(-1,1),64,4096,4096,128x64x32_w4_v1,OK,ms=1.130,tflops=1.90,gbps=17.6,maxabs=2.856e-02,p99=1.473e-02,rel=2.601e-04
INT8,BITSHIFT,U(-1,1),64,4096,4096,128x64x32_w4_v1,SKIP,v1 path-B not implemented
INT8,LUT,U(-1,1),64,4096,4096,128x128x32_w4_v1,OK,ms=1.746,tflops=1.23,gbps=11.4,maxabs=2.856e-02,p99=1.473e-02,rel=2.601e-04
INT8,BITSHIFT,U(-1,1),64,4096,4096,128x128x32_w4_v1,SKIP,v1 path-B not implemented
INT8,LUT,U(-1,1),64,4096,4096,128x256x32_w4_v1,OK,ms=4.128,tflops=0.52,gbps=4.8,maxabs=2.856e-02,p99=1.473e-02,rel=2.601e-04
INT8,BITSHIFT,U(-1,1),64,4096,4096,128x256x32_w4_v1,SKIP,v1 path-B not implemented
INT8,LUT,U(-1,1),64,4096,4096,128x256x32_w8_v1,OK,ms=1.901,tflops=1.13,gbps=10.5,maxabs=2.856e-02,p99=1.473e-02,rel=2.601e-04
INT8,BITSHIFT,U(-1,1),64,4096,4096,128x256x32_w8_v1,SKIP,v1 path-B not implemented
INT8,LUT,U(-1,1),64,4096,4096,64x64x32_w4_v1,OK,ms=0.966,tflops=2.22,gbps=20.6,maxabs=2.856e-02,p99=1.473e-02,rel=2.601e-04
INT8,BITSHIFT,U(-1,1),64,4096,4096,64x64x32_w4_v1,SKIP,v1 path-B not implemented
INT8,LUT,U(-1,1),64,4096,4096,64x128x32_w4_v1,OK,ms=1.597,tflops=1.34,gbps=12.5,maxabs=2.856e-02,p99=1.473e-02,rel=2.601e-04
INT8,BITSHIFT,U(-1,1),64,4096,4096,64x128x32_w4_v1,SKIP,v1 path-B not implemented
INT8,LUT,U(-1,1),64,4096,4096,128x64x32_w4_v2,OK,ms=0.573,tflops=3.75,gbps=34.8,maxabs=2.856e-02,p99=1.473e-02,rel=2.601e-04
INT8,BITSHIFT,U(-1,1),64,4096,4096,128x64x32_w4_v2,SKIP,v2 path-B not implemented
INT8,LUT,U(-1,1),64,4096,4096,128x128x32_w4_v2,OK,ms=0.686,tflops=3.13,gbps=29.0,maxabs=2.856e-02,p99=1.473e-02,rel=2.601e-04
INT8,BITSHIFT,U(-1,1),64,4096,4096,128x128x32_w4_v2,SKIP,v2 path-B not implemented
INT8,LUT,U(-1,1),64,4096,4096,128x256x32_w4_v2,OK,ms=1.313,tflops=1.64,gbps=15.2,maxabs=2.856e-02,p99=1.473e-02,rel=2.601e-04
INT8,BITSHIFT,U(-1,1),64,4096,4096,128x256x32_w4_v2,SKIP,v2 path-B not implemented
INT8,LUT,U(-1,1),64,4096,4096,128x256x32_w8_v2,OK,ms=0.833,tflops=2.58,gbps=23.9,maxabs=2.856e-02,p99=1.473e-02,rel=2.601e-04
INT8,BITSHIFT,U(-1,1),64,4096,4096,128x256x32_w8_v2,SKIP,v2 path-B not implemented
INT8,LUT,U(-1,1),64,4096,4096,64x64x32_w4_v2,OK,ms=0.436,tflops=4.93,gbps=45.7,maxabs=2.856e-02,p99=1.473e-02,rel=2.601e-04
INT8,BITSHIFT,U(-1,1),64,4096,4096,64x64x32_w4_v2,SKIP,v2 path-B not implemented
INT8,LUT,U(-1,1),64,4096,4096,64x128x32_w4_v2,OK,ms=0.516,tflops=4.16,gbps=38.6,maxabs=2.856e-02,p99=1.473e-02,rel=2.601e-04
INT8,BITSHIFT,U(-1,1),64,4096,4096,64x128x32_w4_v2,SKIP,v2 path-B not implemented
INT8,LUT,U(-1,1),64,4096,4096,128x64x32_w4_v3,OK,ms=0.400,tflops=5.37,gbps=49.8,maxabs=2.856e-02,p99=1.473e-02,rel=2.601e-04
INT8,BITSHIFT,U(-1,1),64,4096,4096,128x64x32_w4_v3,SKIP,v3 path-B not implemented
INT8,LUT,U(-1,1),64,4096,4096,128x128x32_w4_v3,OK,ms=0.501,tflops=4.29,gbps=39.8,maxabs=2.856e-02,p99=1.473e-02,rel=2.601e-04
INT8,BITSHIFT,U(-1,1),64,4096,4096,128x128x32_w4_v3,SKIP,v3 path-B not implemented
INT8,LUT,U(-1,1),64,4096,4096,128x256x32_w8_v3,SKIP,smem > 48KiB
INT8,BITSHIFT,U(-1,1),64,4096,4096,128x256x32_w8_v3,SKIP,smem > 48KiB
INT8,LUT,U(-1,1),64,4096,4096,64x64x32_w4_v3,OK,ms=0.330,tflops=6.52,gbps=60.5,maxabs=2.856e-02,p99=1.473e-02,rel=2.601e-04
INT8,BITSHIFT,U(-1,1),64,4096,4096,64x64x32_w4_v3,SKIP,v3 path-B not implemented
INT8,LUT,U(-1,1),64,4096,4096,64x128x32_w4_v3,OK,ms=0.363,tflops=5.92,gbps=54.9,maxabs=2.856e-02,p99=1.473e-02,rel=2.601e-04
INT8,BITSHIFT,U(-1,1),64,4096,4096,64x128x32_w4_v3,SKIP,v3 path-B not implemented
INT8,LUT,U(-1,1),64,4096,4096,32x128x32_w4_v3_b1,OK,ms=0.332,tflops=6.47,gbps=60.0,maxabs=2.856e-02,p99=1.473e-02,rel=2.601e-04
INT8,BITSHIFT,U(-1,1),64,4096,4096,32x128x32_w4_v3_b1,SKIP,v3 path-B not implemented
INT8,LUT,U(-1,1),64,4096,4096,32x64x32_w4_v3_b1,OK,ms=0.258,tflops=8.32,gbps=77.2,maxabs=2.856e-02,p99=1.473e-02,rel=2.601e-04
INT8,BITSHIFT,U(-1,1),64,4096,4096,32x64x32_w4_v3_b1,SKIP,v3 path-B not implemented
INT8,LUT,U(-1,1),64,4096,4096,32x256x32_w8_v3_b1,OK,ms=0.383,tflops=5.60,gbps=52.0,maxabs=2.856e-02,p99=1.473e-02,rel=2.601e-04
INT8,BITSHIFT,U(-1,1),64,4096,4096,32x256x32_w8_v3_b1,SKIP,v3 path-B not implemented
INT8,LUT,U(-1,1),64,4096,4096,128x128x32_w8_v3_b1alt,OK,ms=0.586,tflops=3.66,gbps=34.0,maxabs=2.856e-02,p99=1.473e-02,rel=2.601e-04
INT8,BITSHIFT,U(-1,1),64,4096,4096,128x128x32_w8_v3_b1alt,SKIP,v3 path-B not implemented
INT8,LUT,U(-1,1),64,4096,4096,64x128x32_w8_v3_b1alt,OK,ms=0.422,tflops=5.09,gbps=47.2,maxabs=2.856e-02,p99=1.473e-02,rel=2.601e-04
INT8,BITSHIFT,U(-1,1),64,4096,4096,64x128x32_w8_v3_b1alt,SKIP,v3 path-B not implemented
INT8,LUT,U(-1,1),64,4096,4096,128x64x32_w4_v4,OK,ms=0.409,tflops=5.25,gbps=48.7,maxabs=2.856e-02,p99=1.473e-02,rel=2.601e-04
INT8,BITSHIFT,U(-1,1),64,4096,4096,128x64x32_w4_v4,SKIP,v4 path-B not implemented
INT8,LUT,U(-1,1),64,4096,4096,128x128x32_w4_v4,OK,ms=0.505,tflops=4.25,gbps=39.4,maxabs=2.856e-02,p99=1.473e-02,rel=2.601e-04
INT8,BITSHIFT,U(-1,1),64,4096,4096,128x128x32_w4_v4,SKIP,v4 path-B not implemented
INT8,LUT,U(-1,1),64,4096,4096,64x64x32_w4_v4,OK,ms=0.289,tflops=7.43,gbps=69.0,maxabs=2.856e-02,p99=1.473e-02,rel=2.601e-04
INT8,BITSHIFT,U(-1,1),64,4096,4096,64x64x32_w4_v4,SKIP,v4 path-B not implemented
INT8,LUT,U(-1,1),64,4096,4096,64x128x32_w4_v4,OK,ms=0.364,tflops=5.89,gbps=54.7,maxabs=2.856e-02,p99=1.473e-02,rel=2.601e-04
INT8,BITSHIFT,U(-1,1),64,4096,4096,64x128x32_w4_v4,SKIP,v4 path-B not implemented
INT8,LUT,U(-1,1),64,4096,4096,128x64x32_w4_v5,OK,ms=0.411,tflops=5.23,gbps=48.5,maxabs=2.856e-02,p99=1.473e-02,rel=2.601e-04
INT8,BITSHIFT,U(-1,1),64,4096,4096,128x64x32_w4_v5,SKIP,v5 path-B not implemented
INT8,LUT,U(-1,1),64,4096,4096,128x128x32_w4_v5,OK,ms=0.509,tflops=4.22,gbps=39.2,maxabs=2.856e-02,p99=1.473e-02,rel=2.601e-04
INT8,BITSHIFT,U(-1,1),64,4096,4096,128x128x32_w4_v5,SKIP,v5 path-B not implemented
INT8,LUT,U(-1,1),64,4096,4096,64x64x32_w4_v5,OK,ms=0.290,tflops=7.42,gbps=68.8,maxabs=2.856e-02,p99=1.473e-02,rel=2.601e-04
INT8,BITSHIFT,U(-1,1),64,4096,4096,64x64x32_w4_v5,SKIP,v5 path-B not implemented
INT8,LUT,U(-1,1),64,4096,4096,64x128x32_w4_v5,OK,ms=0.365,tflops=5.89,gbps=54.6,maxabs=2.856e-02,p99=1.473e-02,rel=2.601e-04
INT8,BITSHIFT,U(-1,1),64,4096,4096,64x128x32_w4_v5,SKIP,v5 path-B not implemented
INT8,LUT,U(-1,1),64,4096,4096,128x128x64_w4_v6,OK,ms=0.658,tflops=3.26,gbps=30.3,maxabs=2.856e-02,p99=1.473e-02,rel=2.601e-04
INT8,BITSHIFT,U(-1,1),64,4096,4096,128x128x64_w4_v6,SKIP,v6 path-B not implemented
INT8,LUT,U(-1,1),64,4096,4096,128x64x64_w4_v6,OK,ms=0.580,tflops=3.70,gbps=34.4,maxabs=2.856e-02,p99=1.473e-02,rel=2.601e-04
INT8,BITSHIFT,U(-1,1),64,4096,4096,128x64x64_w4_v6,SKIP,v6 path-B not implemented
INT8,LUT,U(-1,1),64,4096,4096,64x128x64_w4_v6,OK,ms=0.452,tflops=4.75,gbps=44.1,maxabs=2.856e-02,p99=1.473e-02,rel=2.601e-04
INT8,BITSHIFT,U(-1,1),64,4096,4096,64x128x64_w4_v6,SKIP,v6 path-B not implemented
INT8,LUT,U(-1,1),64,4096,4096,64x64x64_w4_v6,OK,ms=0.372,tflops=5.77,gbps=53.5,maxabs=2.856e-02,p99=1.473e-02,rel=2.601e-04
INT8,BITSHIFT,U(-1,1),64,4096,4096,64x64x64_w4_v6,SKIP,v6 path-B not implemented
INT8,LUT,U(-1,1),128,4096,4096,16x64x32_w4,OK,ms=0.923,tflops=4.66,gbps=23.9,maxabs=2.855e-02,p99=1.473e-02,rel=2.602e-04
INT8,BITSHIFT,U(-1,1),128,4096,4096,16x64x32_w4,OK,ms=1.185,tflops=3.62,gbps=18.6,maxabs=1.963e-02,p99=1.035e-02,rel=1.852e-04
INT8,LUT,U(-1,1),128,4096,4096,16x128x32_w8,OK,ms=0.960,tflops=4.47,gbps=22.9,maxabs=2.855e-02,p99=1.473e-02,rel=2.602e-04
INT8,BITSHIFT,U(-1,1),128,4096,4096,16x128x32_w8,OK,ms=1.361,tflops=3.16,gbps=16.2,maxabs=1.963e-02,p99=1.035e-02,rel=1.852e-04
INT8,LUT,U(-1,1),128,4096,4096,16x128x32_w4f2,OK,ms=1.490,tflops=2.88,gbps=14.8,maxabs=2.855e-02,p99=1.473e-02,rel=2.602e-04
INT8,BITSHIFT,U(-1,1),128,4096,4096,16x128x32_w4f2,SKIP,MF path-B not implemented
INT8,LUT,U(-1,1),128,4096,4096,16x256x32_w4f4,OK,ms=2.584,tflops=1.66,gbps=8.5,maxabs=2.855e-02,p99=1.473e-02,rel=2.602e-04
INT8,BITSHIFT,U(-1,1),128,4096,4096,16x256x32_w4f4,SKIP,MF path-B not implemented
INT8,LUT,U(-1,1),128,4096,4096,128x64x32_w4_v1,OK,ms=1.271,tflops=3.38,gbps=17.3,maxabs=2.855e-02,p99=1.473e-02,rel=2.602e-04
INT8,BITSHIFT,U(-1,1),128,4096,4096,128x64x32_w4_v1,SKIP,v1 path-B not implemented
INT8,LUT,U(-1,1),128,4096,4096,128x128x32_w4_v1,OK,ms=1.902,tflops=2.26,gbps=11.6,maxabs=2.855e-02,p99=1.473e-02,rel=2.602e-04
INT8,BITSHIFT,U(-1,1),128,4096,4096,128x128x32_w4_v1,SKIP,v1 path-B not implemented
INT8,LUT,U(-1,1),128,4096,4096,128x256x32_w4_v1,OK,ms=4.730,tflops=0.91,gbps=4.7,maxabs=2.855e-02,p99=1.473e-02,rel=2.602e-04
INT8,BITSHIFT,U(-1,1),128,4096,4096,128x256x32_w4_v1,SKIP,v1 path-B not implemented
INT8,LUT,U(-1,1),128,4096,4096,128x256x32_w8_v1,OK,ms=1.996,tflops=2.15,gbps=11.0,maxabs=2.855e-02,p99=1.473e-02,rel=2.602e-04
INT8,BITSHIFT,U(-1,1),128,4096,4096,128x256x32_w8_v1,SKIP,v1 path-B not implemented
INT8,LUT,U(-1,1),128,4096,4096,64x64x32_w4_v1,OK,ms=0.961,tflops=4.47,gbps=22.9,maxabs=2.855e-02,p99=1.473e-02,rel=2.602e-04
INT8,BITSHIFT,U(-1,1),128,4096,4096,64x64x32_w4_v1,SKIP,v1 path-B not implemented
INT8,LUT,U(-1,1),128,4096,4096,64x128x32_w4_v1,OK,ms=1.578,tflops=2.72,gbps=14.0,maxabs=2.855e-02,p99=1.473e-02,rel=2.602e-04
INT8,BITSHIFT,U(-1,1),128,4096,4096,64x128x32_w4_v1,SKIP,v1 path-B not implemented
INT8,LUT,U(-1,1),128,4096,4096,128x64x32_w4_v2,OK,ms=0.754,tflops=5.70,gbps=29.2,maxabs=2.855e-02,p99=1.473e-02,rel=2.602e-04
INT8,BITSHIFT,U(-1,1),128,4096,4096,128x64x32_w4_v2,SKIP,v2 path-B not implemented
INT8,LUT,U(-1,1),128,4096,4096,128x128x32_w4_v2,OK,ms=0.865,tflops=4.97,gbps=25.5,maxabs=2.855e-02,p99=1.473e-02,rel=2.602e-04
INT8,BITSHIFT,U(-1,1),128,4096,4096,128x128x32_w4_v2,SKIP,v2 path-B not implemented
INT8,LUT,U(-1,1),128,4096,4096,128x256x32_w4_v2,OK,ms=1.490,tflops=2.88,gbps=14.8,maxabs=2.855e-02,p99=1.473e-02,rel=2.602e-04
INT8,BITSHIFT,U(-1,1),128,4096,4096,128x256x32_w4_v2,SKIP,v2 path-B not implemented
INT8,LUT,U(-1,1),128,4096,4096,128x256x32_w8_v2,OK,ms=0.918,tflops=4.68,gbps=24.0,maxabs=2.855e-02,p99=1.473e-02,rel=2.602e-04
INT8,BITSHIFT,U(-1,1),128,4096,4096,128x256x32_w8_v2,SKIP,v2 path-B not implemented
INT8,LUT,U(-1,1),128,4096,4096,64x64x32_w4_v2,OK,ms=0.465,tflops=9.23,gbps=47.3,maxabs=2.855e-02,p99=1.473e-02,rel=2.602e-04
INT8,BITSHIFT,U(-1,1),128,4096,4096,64x64x32_w4_v2,SKIP,v2 path-B not implemented
INT8,LUT,U(-1,1),128,4096,4096,64x128x32_w4_v2,OK,ms=0.515,tflops=8.34,gbps=42.7,maxabs=2.855e-02,p99=1.473e-02,rel=2.602e-04
INT8,BITSHIFT,U(-1,1),128,4096,4096,64x128x32_w4_v2,SKIP,v2 path-B not implemented
INT8,LUT,U(-1,1),128,4096,4096,128x64x32_w4_v3,OK,ms=0.451,tflops=9.52,gbps=48.8,maxabs=2.855e-02,p99=1.473e-02,rel=2.602e-04
INT8,BITSHIFT,U(-1,1),128,4096,4096,128x64x32_w4_v3,SKIP,v3 path-B not implemented
INT8,LUT,U(-1,1),128,4096,4096,128x128x32_w4_v3,OK,ms=0.544,tflops=7.89,gbps=40.5,maxabs=2.855e-02,p99=1.473e-02,rel=2.602e-04
INT8,BITSHIFT,U(-1,1),128,4096,4096,128x128x32_w4_v3,SKIP,v3 path-B not implemented
INT8,LUT,U(-1,1),128,4096,4096,128x256x32_w8_v3,SKIP,smem > 48KiB
INT8,BITSHIFT,U(-1,1),128,4096,4096,128x256x32_w8_v3,SKIP,smem > 48KiB
INT8,LUT,U(-1,1),128,4096,4096,64x64x32_w4_v3,OK,ms=0.363,tflops=11.82,gbps=60.6,maxabs=2.855e-02,p99=1.473e-02,rel=2.602e-04
INT8,BITSHIFT,U(-1,1),128,4096,4096,64x64x32_w4_v3,SKIP,v3 path-B not implemented
INT8,LUT,U(-1,1),128,4096,4096,64x128x32_w4_v3,OK,ms=0.362,tflops=11.86,gbps=60.8,maxabs=2.855e-02,p99=1.473e-02,rel=2.602e-04
INT8,BITSHIFT,U(-1,1),128,4096,4096,64x128x32_w4_v3,SKIP,v3 path-B not implemented
INT8,LUT,U(-1,1),128,4096,4096,32x128x32_w4_v3_b1,OK,ms=0.358,tflops=12.01,gbps=61.6,maxabs=2.855e-02,p99=1.473e-02,rel=2.602e-04
INT8,BITSHIFT,U(-1,1),128,4096,4096,32x128x32_w4_v3_b1,SKIP,v3 path-B not implemented
INT8,LUT,U(-1,1),128,4096,4096,32x64x32_w4_v3_b1,OK,ms=0.374,tflops=11.48,gbps=58.9,maxabs=2.855e-02,p99=1.473e-02,rel=2.602e-04
INT8,BITSHIFT,U(-1,1),128,4096,4096,32x64x32_w4_v3_b1,SKIP,v3 path-B not implemented
INT8,LUT,U(-1,1),128,4096,4096,32x256x32_w8_v3_b1,OK,ms=0.386,tflops=11.12,gbps=57.0,maxabs=2.855e-02,p99=1.473e-02,rel=2.602e-04
INT8,BITSHIFT,U(-1,1),128,4096,4096,32x256x32_w8_v3_b1,SKIP,v3 path-B not implemented
INT8,LUT,U(-1,1),128,4096,4096,128x128x32_w8_v3_b1alt,OK,ms=0.601,tflops=7.14,gbps=36.6,maxabs=2.855e-02,p99=1.473e-02,rel=2.602e-04
INT8,BITSHIFT,U(-1,1),128,4096,4096,128x128x32_w8_v3_b1alt,SKIP,v3 path-B not implemented
INT8,LUT,U(-1,1),128,4096,4096,64x128x32_w8_v3_b1alt,OK,ms=0.419,tflops=10.24,gbps=52.5,maxabs=2.855e-02,p99=1.473e-02,rel=2.602e-04
INT8,BITSHIFT,U(-1,1),128,4096,4096,64x128x32_w8_v3_b1alt,SKIP,v3 path-B not implemented
INT8,LUT,U(-1,1),128,4096,4096,128x64x32_w4_v4,OK,ms=0.468,tflops=9.18,gbps=47.1,maxabs=2.855e-02,p99=1.473e-02,rel=2.602e-04
INT8,BITSHIFT,U(-1,1),128,4096,4096,128x64x32_w4_v4,SKIP,v4 path-B not implemented
INT8,LUT,U(-1,1),128,4096,4096,128x128x32_w4_v4,OK,ms=0.545,tflops=7.87,gbps=40.4,maxabs=2.855e-02,p99=1.473e-02,rel=2.602e-04
INT8,BITSHIFT,U(-1,1),128,4096,4096,128x128x32_w4_v4,SKIP,v4 path-B not implemented
INT8,LUT,U(-1,1),128,4096,4096,64x64x32_w4_v4,OK,ms=0.345,tflops=12.44,gbps=63.8,maxabs=2.855e-02,p99=1.473e-02,rel=2.602e-04
INT8,BITSHIFT,U(-1,1),128,4096,4096,64x64x32_w4_v4,SKIP,v4 path-B not implemented
INT8,LUT,U(-1,1),128,4096,4096,64x128x32_w4_v4,OK,ms=0.363,tflops=11.83,gbps=60.7,maxabs=2.855e-02,p99=1.473e-02,rel=2.602e-04
INT8,BITSHIFT,U(-1,1),128,4096,4096,64x128x32_w4_v4,SKIP,v4 path-B not implemented
INT8,LUT,U(-1,1),128,4096,4096,128x64x32_w4_v5,OK,ms=0.468,tflops=9.17,gbps=47.0,maxabs=2.855e-02,p99=1.473e-02,rel=2.602e-04
INT8,BITSHIFT,U(-1,1),128,4096,4096,128x64x32_w4_v5,SKIP,v5 path-B not implemented
INT8,LUT,U(-1,1),128,4096,4096,128x128x32_w4_v5,OK,ms=0.542,tflops=7.93,gbps=40.6,maxabs=2.855e-02,p99=1.473e-02,rel=2.602e-04
INT8,BITSHIFT,U(-1,1),128,4096,4096,128x128x32_w4_v5,SKIP,v5 path-B not implemented
INT8,LUT,U(-1,1),128,4096,4096,64x64x32_w4_v5,OK,ms=0.345,tflops=12.44,gbps=63.8,maxabs=2.855e-02,p99=1.473e-02,rel=2.602e-04
INT8,BITSHIFT,U(-1,1),128,4096,4096,64x64x32_w4_v5,SKIP,v5 path-B not implemented
INT8,LUT,U(-1,1),128,4096,4096,64x128x32_w4_v5,OK,ms=0.362,tflops=11.86,gbps=60.8,maxabs=2.855e-02,p99=1.473e-02,rel=2.602e-04
INT8,BITSHIFT,U(-1,1),128,4096,4096,64x128x32_w4_v5,SKIP,v5 path-B not implemented
INT8,LUT,U(-1,1),128,4096,4096,128x128x64_w4_v6,OK,ms=0.716,tflops=6.00,gbps=30.7,maxabs=2.855e-02,p99=1.473e-02,rel=2.602e-04
INT8,BITSHIFT,U(-1,1),128,4096,4096,128x128x64_w4_v6,SKIP,v6 path-B not implemented
INT8,LUT,U(-1,1),128,4096,4096,128x64x64_w4_v6,OK,ms=0.633,tflops=6.78,gbps=34.8,maxabs=2.855e-02,p99=1.473e-02,rel=2.602e-04
INT8,BITSHIFT,U(-1,1),128,4096,4096,128x64x64_w4_v6,SKIP,v6 path-B not implemented
INT8,LUT,U(-1,1),128,4096,4096,64x128x64_w4_v6,OK,ms=0.447,tflops=9.61,gbps=49.3,maxabs=2.855e-02,p99=1.473e-02,rel=2.602e-04
INT8,BITSHIFT,U(-1,1),128,4096,4096,64x128x64_w4_v6,SKIP,v6 path-B not implemented
INT8,LUT,U(-1,1),128,4096,4096,64x64x64_w4_v6,OK,ms=0.495,tflops=8.67,gbps=44.4,maxabs=2.855e-02,p99=1.473e-02,rel=2.602e-04
INT8,BITSHIFT,U(-1,1),128,4096,4096,64x64x64_w4_v6,SKIP,v6 path-B not implemented
INT8,LUT,U(-1,1),256,4096,4096,16x64x32_w4,OK,ms=1.836,tflops=4.68,gbps=14.3,maxabs=2.855e-02,p99=1.464e-02,rel=2.597e-04
INT8,BITSHIFT,U(-1,1),256,4096,4096,16x64x32_w4,OK,ms=2.537,tflops=3.39,gbps=10.3,maxabs=1.963e-02,p99=9.987e-03,rel=1.849e-04
INT8,LUT,U(-1,1),256,4096,4096,16x128x32_w8,OK,ms=1.924,tflops=4.46,gbps=13.6,maxabs=2.855e-02,p99=1.464e-02,rel=2.597e-04
INT8,BITSHIFT,U(-1,1),256,4096,4096,16x128x32_w8,OK,ms=2.637,tflops=3.26,gbps=9.9,maxabs=1.963e-02,p99=9.987e-03,rel=1.849e-04
INT8,LUT,U(-1,1),256,4096,4096,16x128x32_w4f2,OK,ms=1.684,tflops=5.10,gbps=15.6,maxabs=2.855e-02,p99=1.464e-02,rel=2.597e-04
INT8,BITSHIFT,U(-1,1),256,4096,4096,16x128x32_w4f2,SKIP,MF path-B not implemented
INT8,LUT,U(-1,1),256,4096,4096,16x256x32_w4f4,OK,ms=2.751,tflops=3.12,gbps=9.5,maxabs=2.855e-02,p99=1.464e-02,rel=2.597e-04
INT8,BITSHIFT,U(-1,1),256,4096,4096,16x256x32_w4f4,SKIP,MF path-B not implemented
INT8,LUT,U(-1,1),256,4096,4096,128x64x32_w4_v1,OK,ms=1.271,tflops=6.76,gbps=20.6,maxabs=2.855e-02,p99=1.464e-02,rel=2.597e-04
INT8,BITSHIFT,U(-1,1),256,4096,4096,128x64x32_w4_v1,SKIP,v1 path-B not implemented
INT8,LUT,U(-1,1),256,4096,4096,128x128x32_w4_v1,OK,ms=1.883,tflops=4.56,gbps=13.9,maxabs=2.855e-02,p99=1.464e-02,rel=2.597e-04
INT8,BITSHIFT,U(-1,1),256,4096,4096,128x128x32_w4_v1,SKIP,v1 path-B not implemented
INT8,LUT,U(-1,1),256,4096,4096,128x256x32_w4_v1,OK,ms=4.677,tflops=1.84,gbps=5.6,maxabs=2.855e-02,p99=1.464e-02,rel=2.597e-04
INT8,BITSHIFT,U(-1,1),256,4096,4096,128x256x32_w4_v1,SKIP,v1 path-B not implemented
INT8,LUT,U(-1,1),256,4096,4096,128x256x32_w8_v1,OK,ms=1.941,tflops=4.42,gbps=13.5,maxabs=2.855e-02,p99=1.464e-02,rel=2.597e-04
INT8,BITSHIFT,U(-1,1),256,4096,4096,128x256x32_w8_v1,SKIP,v1 path-B not implemented
INT8,LUT,U(-1,1),256,4096,4096,64x64x32_w4_v1,OK,ms=1.089,tflops=7.89,gbps=24.1,maxabs=2.855e-02,p99=1.464e-02,rel=2.597e-04
INT8,BITSHIFT,U(-1,1),256,4096,4096,64x64x32_w4_v1,SKIP,v1 path-B not implemented
INT8,LUT,U(-1,1),256,4096,4096,64x128x32_w4_v1,OK,ms=1.597,tflops=5.38,gbps=16.4,maxabs=2.855e-02,p99=1.464e-02,rel=2.597e-04
INT8,BITSHIFT,U(-1,1),256,4096,4096,64x128x32_w4_v1,SKIP,v1 path-B not implemented
INT8,LUT,U(-1,1),256,4096,4096,128x64x32_w4_v2,OK,ms=0.760,tflops=11.30,gbps=34.5,maxabs=2.855e-02,p99=1.464e-02,rel=2.597e-04
INT8,BITSHIFT,U(-1,1),256,4096,4096,128x64x32_w4_v2,SKIP,v2 path-B not implemented
INT8,LUT,U(-1,1),256,4096,4096,128x128x32_w4_v2,OK,ms=0.864,tflops=9.94,gbps=30.3,maxabs=2.855e-02,p99=1.464e-02,rel=2.597e-04
INT8,BITSHIFT,U(-1,1),256,4096,4096,128x128x32_w4_v2,SKIP,v2 path-B not implemented
INT8,LUT,U(-1,1),256,4096,4096,128x256x32_w4_v2,OK,ms=1.485,tflops=5.79,gbps=17.7,maxabs=2.855e-02,p99=1.464e-02,rel=2.597e-04
INT8,BITSHIFT,U(-1,1),256,4096,4096,128x256x32_w4_v2,SKIP,v2 path-B not implemented
INT8,LUT,U(-1,1),256,4096,4096,128x256x32_w8_v2,OK,ms=0.910,tflops=9.44,gbps=28.8,maxabs=2.855e-02,p99=1.464e-02,rel=2.597e-04
INT8,BITSHIFT,U(-1,1),256,4096,4096,128x256x32_w8_v2,SKIP,v2 path-B not implemented
INT8,LUT,U(-1,1),256,4096,4096,64x64x32_w4_v2,OK,ms=0.697,tflops=12.32,gbps=37.6,maxabs=2.855e-02,p99=1.464e-02,rel=2.597e-04
INT8,BITSHIFT,U(-1,1),256,4096,4096,64x64x32_w4_v2,SKIP,v2 path-B not implemented
INT8,LUT,U(-1,1),256,4096,4096,64x128x32_w4_v2,OK,ms=0.616,tflops=13.94,gbps=42.5,maxabs=2.855e-02,p99=1.464e-02,rel=2.597e-04
INT8,BITSHIFT,U(-1,1),256,4096,4096,64x128x32_w4_v2,SKIP,v2 path-B not implemented
INT8,LUT,U(-1,1),256,4096,4096,128x64x32_w4_v3,OK,ms=0.543,tflops=15.81,gbps=48.2,maxabs=2.855e-02,p99=1.464e-02,rel=2.597e-04
INT8,BITSHIFT,U(-1,1),256,4096,4096,128x64x32_w4_v3,SKIP,v3 path-B not implemented
INT8,LUT,U(-1,1),256,4096,4096,128x128x32_w4_v3,OK,ms=0.544,tflops=15.78,gbps=48.2,maxabs=2.855e-02,p99=1.464e-02,rel=2.597e-04
INT8,BITSHIFT,U(-1,1),256,4096,4096,128x128x32_w4_v3,SKIP,v3 path-B not implemented
INT8,LUT,U(-1,1),256,4096,4096,128x256x32_w8_v3,SKIP,smem > 48KiB
INT8,BITSHIFT,U(-1,1),256,4096,4096,128x256x32_w8_v3,SKIP,smem > 48KiB
INT8,LUT,U(-1,1),256,4096,4096,64x64x32_w4_v3,OK,ms=0.556,tflops=15.45,gbps=47.1,maxabs=2.855e-02,p99=1.464e-02,rel=2.597e-04
INT8,BITSHIFT,U(-1,1),256,4096,4096,64x64x32_w4_v3,SKIP,v3 path-B not implemented
INT8,LUT,U(-1,1),256,4096,4096,64x128x32_w4_v3,OK,ms=0.435,tflops=19.75,gbps=60.3,maxabs=2.855e-02,p99=1.464e-02,rel=2.597e-04
INT8,BITSHIFT,U(-1,1),256,4096,4096,64x128x32_w4_v3,SKIP,v3 path-B not implemented
INT8,LUT,U(-1,1),256,4096,4096,32x128x32_w4_v3_b1,OK,ms=0.539,tflops=15.95,gbps=48.7,maxabs=2.855e-02,p99=1.464e-02,rel=2.597e-04
INT8,BITSHIFT,U(-1,1),256,4096,4096,32x128x32_w4_v3_b1,SKIP,v3 path-B not implemented
INT8,LUT,U(-1,1),256,4096,4096,32x64x32_w4_v3_b1,OK,ms=0.839,tflops=10.24,gbps=31.2,maxabs=2.855e-02,p99=1.464e-02,rel=2.597e-04
INT8,BITSHIFT,U(-1,1),256,4096,4096,32x64x32_w4_v3_b1,SKIP,v3 path-B not implemented
INT8,LUT,U(-1,1),256,4096,4096,32x256x32_w8_v3_b1,OK,ms=0.543,tflops=15.80,gbps=48.2,maxabs=2.855e-02,p99=1.464e-02,rel=2.597e-04
INT8,BITSHIFT,U(-1,1),256,4096,4096,32x256x32_w8_v3_b1,SKIP,v3 path-B not implemented
INT8,LUT,U(-1,1),256,4096,4096,128x128x32_w8_v3_b1alt,OK,ms=0.602,tflops=14.27,gbps=43.6,maxabs=2.855e-02,p99=1.464e-02,rel=2.597e-04
INT8,BITSHIFT,U(-1,1),256,4096,4096,128x128x32_w8_v3_b1alt,SKIP,v3 path-B not implemented
INT8,LUT,U(-1,1),256,4096,4096,64x128x32_w8_v3_b1alt,OK,ms=0.549,tflops=15.65,gbps=47.8,maxabs=2.855e-02,p99=1.464e-02,rel=2.597e-04
INT8,BITSHIFT,U(-1,1),256,4096,4096,64x128x32_w8_v3_b1alt,SKIP,v3 path-B not implemented
INT8,LUT,U(-1,1),256,4096,4096,128x64x32_w4_v4,OK,ms=0.572,tflops=15.01,gbps=45.8,maxabs=2.855e-02,p99=1.464e-02,rel=2.597e-04
INT8,BITSHIFT,U(-1,1),256,4096,4096,128x64x32_w4_v4,SKIP,v4 path-B not implemented
INT8,LUT,U(-1,1),256,4096,4096,128x128x32_w4_v4,OK,ms=0.544,tflops=15.79,gbps=48.2,maxabs=2.855e-02,p99=1.464e-02,rel=2.597e-04
INT8,BITSHIFT,U(-1,1),256,4096,4096,128x128x32_w4_v4,SKIP,v4 path-B not implemented
INT8,LUT,U(-1,1),256,4096,4096,64x64x32_w4_v4,OK,ms=0.580,tflops=14.81,gbps=45.2,maxabs=2.855e-02,p99=1.464e-02,rel=2.597e-04
INT8,BITSHIFT,U(-1,1),256,4096,4096,64x64x32_w4_v4,SKIP,v4 path-B not implemented
INT8,LUT,U(-1,1),256,4096,4096,64x128x32_w4_v4,OK,ms=0.439,tflops=19.55,gbps=59.7,maxabs=2.855e-02,p99=1.464e-02,rel=2.597e-04
INT8,BITSHIFT,U(-1,1),256,4096,4096,64x128x32_w4_v4,SKIP,v4 path-B not implemented
INT8,LUT,U(-1,1),256,4096,4096,128x64x32_w4_v5,OK,ms=0.558,tflops=15.41,gbps=47.0,maxabs=2.855e-02,p99=1.464e-02,rel=2.597e-04
INT8,BITSHIFT,U(-1,1),256,4096,4096,128x64x32_w4_v5,SKIP,v5 path-B not implemented
INT8,LUT,U(-1,1),256,4096,4096,128x128x32_w4_v5,OK,ms=0.541,tflops=15.87,gbps=48.4,maxabs=2.855e-02,p99=1.464e-02,rel=2.597e-04
INT8,BITSHIFT,U(-1,1),256,4096,4096,128x128x32_w4_v5,SKIP,v5 path-B not implemented
INT8,LUT,U(-1,1),256,4096,4096,64x64x32_w4_v5,OK,ms=0.700,tflops=12.28,gbps=37.5,maxabs=2.855e-02,p99=1.464e-02,rel=2.597e-04
INT8,BITSHIFT,U(-1,1),256,4096,4096,64x64x32_w4_v5,SKIP,v5 path-B not implemented
INT8,LUT,U(-1,1),256,4096,4096,64x128x32_w4_v5,OK,ms=0.441,tflops=19.48,gbps=59.4,maxabs=2.855e-02,p99=1.464e-02,rel=2.597e-04
INT8,BITSHIFT,U(-1,1),256,4096,4096,64x128x32_w4_v5,SKIP,v5 path-B not implemented
INT8,LUT,U(-1,1),256,4096,4096,128x128x64_w4_v6,OK,ms=0.715,tflops=12.01,gbps=36.7,maxabs=2.855e-02,p99=1.464e-02,rel=2.597e-04
INT8,BITSHIFT,U(-1,1),256,4096,4096,128x128x64_w4_v6,SKIP,v6 path-B not implemented
INT8,LUT,U(-1,1),256,4096,4096,128x64x64_w4_v6,OK,ms=0.869,tflops=9.88,gbps=30.2,maxabs=2.855e-02,p99=1.464e-02,rel=2.597e-04
INT8,BITSHIFT,U(-1,1),256,4096,4096,128x64x64_w4_v6,SKIP,v6 path-B not implemented
INT8,LUT,U(-1,1),256,4096,4096,64x128x64_w4_v6,OK,ms=0.568,tflops=15.11,gbps=46.1,maxabs=2.855e-02,p99=1.464e-02,rel=2.597e-04
INT8,BITSHIFT,U(-1,1),256,4096,4096,64x128x64_w4_v6,SKIP,v6 path-B not implemented
INT8,LUT,U(-1,1),256,4096,4096,64x64x64_w4_v6,OK,ms=0.901,tflops=9.53,gbps=29.1,maxabs=2.855e-02,p99=1.464e-02,rel=2.597e-04
INT8,BITSHIFT,U(-1,1),256,4096,4096,64x64x64_w4_v6,SKIP,v6 path-B not implemented
INT8,LUT,U(-1,1),512,4096,4096,16x64x32_w4,OK,ms=3.678,tflops=4.67,gbps=9.4,maxabs=2.854e-02,p99=1.429e-02,rel=2.596e-04
INT8,BITSHIFT,U(-1,1),512,4096,4096,16x64x32_w4,OK,ms=4.660,tflops=3.69,gbps=7.4,maxabs=1.971e-02,p99=1.010e-02,rel=1.848e-04
INT8,LUT,U(-1,1),512,4096,4096,16x128x32_w8,OK,ms=3.881,tflops=4.43,gbps=8.9,maxabs=2.854e-02,p99=1.429e-02,rel=2.596e-04
INT8,BITSHIFT,U(-1,1),512,4096,4096,16x128x32_w8,OK,ms=4.873,tflops=3.53,gbps=7.1,maxabs=1.971e-02,p99=1.010e-02,rel=1.848e-04
INT8,LUT,U(-1,1),512,4096,4096,16x128x32_w4f2,OK,ms=3.232,tflops=5.32,gbps=10.7,maxabs=2.854e-02,p99=1.429e-02,rel=2.596e-04
INT8,BITSHIFT,U(-1,1),512,4096,4096,16x128x32_w4f2,SKIP,MF path-B not implemented
INT8,LUT,U(-1,1),512,4096,4096,16x256x32_w4f4,OK,ms=5.485,tflops=3.13,gbps=6.3,maxabs=2.854e-02,p99=1.429e-02,rel=2.596e-04
INT8,BITSHIFT,U(-1,1),512,4096,4096,16x256x32_w4f4,SKIP,MF path-B not implemented
INT8,LUT,U(-1,1),512,4096,4096,128x64x32_w4_v1,OK,ms=1.546,tflops=11.11,gbps=22.4,maxabs=2.854e-02,p99=1.429e-02,rel=2.596e-04
INT8,BITSHIFT,U(-1,1),512,4096,4096,128x64x32_w4_v1,SKIP,v1 path-B not implemented
INT8,LUT,U(-1,1),512,4096,4096,128x128x32_w4_v1,OK,ms=1.902,tflops=9.03,gbps=18.2,maxabs=2.854e-02,p99=1.429e-02,rel=2.596e-04
INT8,BITSHIFT,U(-1,1),512,4096,4096,128x128x32_w4_v1,SKIP,v1 path-B not implemented
INT8,LUT,U(-1,1),512,4096,4096,128x256x32_w4_v1,OK,ms=4.898,tflops=3.51,gbps=7.1,maxabs=2.854e-02,p99=1.429e-02,rel=2.596e-04
INT8,BITSHIFT,U(-1,1),512,4096,4096,128x256x32_w4_v1,SKIP,v1 path-B not implemented
INT8,LUT,U(-1,1),512,4096,4096,128x256x32_w8_v1,OK,ms=1.922,tflops=8.94,gbps=18.0,maxabs=2.854e-02,p99=1.429e-02,rel=2.596e-04
INT8,BITSHIFT,U(-1,1),512,4096,4096,128x256x32_w8_v1,SKIP,v1 path-B not implemented
INT8,LUT,U(-1,1),512,4096,4096,64x64x32_w4_v1,OK,ms=2.290,tflops=7.50,gbps=15.1,maxabs=2.854e-02,p99=1.429e-02,rel=2.596e-04
INT8,BITSHIFT,U(-1,1),512,4096,4096,64x64x32_w4_v1,SKIP,v1 path-B not implemented
INT8,LUT,U(-1,1),512,4096,4096,64x128x32_w4_v1,OK,ms=3.303,tflops=5.20,gbps=10.5,maxabs=2.854e-02,p99=1.429e-02,rel=2.596e-04
INT8,BITSHIFT,U(-1,1),512,4096,4096,64x128x32_w4_v1,SKIP,v1 path-B not implemented
INT8,LUT,U(-1,1),512,4096,4096,128x64x32_w4_v2,OK,ms=1.134,tflops=15.15,gbps=30.5,maxabs=2.854e-02,p99=1.429e-02,rel=2.596e-04
INT8,BITSHIFT,U(-1,1),512,4096,4096,128x64x32_w4_v2,SKIP,v2 path-B not implemented
INT8,LUT,U(-1,1),512,4096,4096,128x128x32_w4_v2,OK,ms=0.964,tflops=17.82,gbps=35.9,maxabs=2.854e-02,p99=1.429e-02,rel=2.596e-04
INT8,BITSHIFT,U(-1,1),512,4096,4096,128x128x32_w4_v2,SKIP,v2 path-B not implemented
INT8,LUT,U(-1,1),512,4096,4096,128x256x32_w4_v2,OK,ms=1.547,tflops=11.11,gbps=22.4,maxabs=2.854e-02,p99=1.429e-02,rel=2.596e-04
INT8,BITSHIFT,U(-1,1),512,4096,4096,128x256x32_w4_v2,SKIP,v2 path-B not implemented
INT8,LUT,U(-1,1),512,4096,4096,128x256x32_w8_v2,OK,ms=0.912,tflops=18.83,gbps=37.9,maxabs=2.854e-02,p99=1.429e-02,rel=2.596e-04
INT8,BITSHIFT,U(-1,1),512,4096,4096,128x256x32_w8_v2,SKIP,v2 path-B not implemented
INT8,LUT,U(-1,1),512,4096,4096,64x64x32_w4_v2,OK,ms=1.461,tflops=11.76,gbps=23.7,maxabs=2.854e-02,p99=1.429e-02,rel=2.596e-04
INT8,BITSHIFT,U(-1,1),512,4096,4096,64x64x32_w4_v2,SKIP,v2 path-B not implemented
INT8,LUT,U(-1,1),512,4096,4096,64x128x32_w4_v2,OK,ms=0.952,tflops=18.04,gbps=36.3,maxabs=2.854e-02,p99=1.429e-02,rel=2.596e-04
INT8,BITSHIFT,U(-1,1),512,4096,4096,64x128x32_w4_v2,SKIP,v2 path-B not implemented
INT8,LUT,U(-1,1),512,4096,4096,128x64x32_w4_v3,OK,ms=1.266,tflops=13.57,gbps=27.3,maxabs=2.854e-02,p99=1.429e-02,rel=2.596e-04
INT8,BITSHIFT,U(-1,1),512,4096,4096,128x64x32_w4_v3,SKIP,v3 path-B not implemented
INT8,LUT,U(-1,1),512,4096,4096,128x128x32_w4_v3,OK,ms=0.691,tflops=24.86,gbps=50.1,maxabs=2.854e-02,p99=1.429e-02,rel=2.596e-04
INT8,BITSHIFT,U(-1,1),512,4096,4096,128x128x32_w4_v3,SKIP,v3 path-B not implemented
INT8,LUT,U(-1,1),512,4096,4096,128x256x32_w8_v3,SKIP,smem > 48KiB
INT8,BITSHIFT,U(-1,1),512,4096,4096,128x256x32_w8_v3,SKIP,smem > 48KiB
INT8,LUT,U(-1,1),512,4096,4096,64x64x32_w4_v3,OK,ms=1.250,tflops=13.75,gbps=27.7,maxabs=2.854e-02,p99=1.429e-02,rel=2.596e-04
INT8,BITSHIFT,U(-1,1),512,4096,4096,64x64x32_w4_v3,SKIP,v3 path-B not implemented
INT8,LUT,U(-1,1),512,4096,4096,64x128x32_w4_v3,OK,ms=1.012,tflops=16.97,gbps=34.2,maxabs=2.854e-02,p99=1.429e-02,rel=2.596e-04
INT8,BITSHIFT,U(-1,1),512,4096,4096,64x128x32_w4_v3,SKIP,v3 path-B not implemented
INT8,LUT,U(-1,1),512,4096,4096,32x128x32_w4_v3_b1,OK,ms=1.072,tflops=16.02,gbps=32.3,maxabs=2.854e-02,p99=1.429e-02,rel=2.596e-04
INT8,BITSHIFT,U(-1,1),512,4096,4096,32x128x32_w4_v3_b1,SKIP,v3 path-B not implemented
INT8,LUT,U(-1,1),512,4096,4096,32x64x32_w4_v3_b1,OK,ms=1.378,tflops=12.47,gbps=25.1,maxabs=2.854e-02,p99=1.429e-02,rel=2.596e-04
INT8,BITSHIFT,U(-1,1),512,4096,4096,32x64x32_w4_v3_b1,SKIP,v3 path-B not implemented
INT8,LUT,U(-1,1),512,4096,4096,32x256x32_w8_v3_b1,OK,ms=1.088,tflops=15.79,gbps=31.8,maxabs=2.854e-02,p99=1.429e-02,rel=2.596e-04
INT8,BITSHIFT,U(-1,1),512,4096,4096,32x256x32_w8_v3_b1,SKIP,v3 path-B not implemented
INT8,LUT,U(-1,1),512,4096,4096,128x128x32_w8_v3_b1alt,OK,ms=0.946,tflops=18.17,gbps=36.6,maxabs=2.854e-02,p99=1.429e-02,rel=2.596e-04
INT8,BITSHIFT,U(-1,1),512,4096,4096,128x128x32_w8_v3_b1alt,SKIP,v3 path-B not implemented
INT8,LUT,U(-1,1),512,4096,4096,64x128x32_w8_v3_b1alt,OK,ms=1.100,tflops=15.62,gbps=31.5,maxabs=2.854e-02,p99=1.429e-02,rel=2.596e-04
INT8,BITSHIFT,U(-1,1),512,4096,4096,64x128x32_w8_v3_b1alt,SKIP,v3 path-B not implemented
INT8,LUT,U(-1,1),512,4096,4096,128x64x32_w4_v4,OK,ms=1.363,tflops=12.60,gbps=25.4,maxabs=2.854e-02,p99=1.429e-02,rel=2.596e-04
INT8,BITSHIFT,U(-1,1),512,4096,4096,128x64x32_w4_v4,SKIP,v4 path-B not implemented
INT8,LUT,U(-1,1),512,4096,4096,128x128x32_w4_v4,OK,ms=0.677,tflops=25.37,gbps=51.1,maxabs=2.854e-02,p99=1.429e-02,rel=2.596e-04
INT8,BITSHIFT,U(-1,1),512,4096,4096,128x128x32_w4_v4,SKIP,v4 path-B not implemented
INT8,LUT,U(-1,1),512,4096,4096,64x64x32_w4_v4,OK,ms=1.132,tflops=15.17,gbps=30.6,maxabs=2.854e-02,p99=1.429e-02,rel=2.596e-04
INT8,BITSHIFT,U(-1,1),512,4096,4096,64x64x32_w4_v4,SKIP,v4 path-B not implemented
INT8,LUT,U(-1,1),512,4096,4096,64x128x32_w4_v4,OK,ms=0.971,tflops=17.68,gbps=35.6,maxabs=2.854e-02,p99=1.429e-02,rel=2.596e-04
INT8,BITSHIFT,U(-1,1),512,4096,4096,64x128x32_w4_v4,SKIP,v4 path-B not implemented
INT8,LUT,U(-1,1),512,4096,4096,128x64x32_w4_v5,OK,ms=1.141,tflops=15.06,gbps=30.3,maxabs=2.854e-02,p99=1.429e-02,rel=2.596e-04
INT8,BITSHIFT,U(-1,1),512,4096,4096,128x64x32_w4_v5,SKIP,v5 path-B not implemented
INT8,LUT,U(-1,1),512,4096,4096,128x128x32_w4_v5,OK,ms=0.697,tflops=24.64,gbps=49.6,maxabs=2.854e-02,p99=1.429e-02,rel=2.596e-04
INT8,BITSHIFT,U(-1,1),512,4096,4096,128x128x32_w4_v5,SKIP,v5 path-B not implemented
INT8,LUT,U(-1,1),512,4096,4096,64x64x32_w4_v5,OK,ms=1.382,tflops=12.43,gbps=25.0,maxabs=2.854e-02,p99=1.429e-02,rel=2.596e-04
INT8,BITSHIFT,U(-1,1),512,4096,4096,64x64x32_w4_v5,SKIP,v5 path-B not implemented
INT8,LUT,U(-1,1),512,4096,4096,64x128x32_w4_v5,OK,ms=0.888,tflops=19.34,gbps=39.0,maxabs=2.854e-02,p99=1.429e-02,rel=2.596e-04
INT8,BITSHIFT,U(-1,1),512,4096,4096,64x128x32_w4_v5,SKIP,v5 path-B not implemented
INT8,LUT,U(-1,1),512,4096,4096,128x128x64_w4_v6,OK,ms=0.966,tflops=17.79,gbps=35.8,maxabs=2.854e-02,p99=1.429e-02,rel=2.596e-04
INT8,BITSHIFT,U(-1,1),512,4096,4096,128x128x64_w4_v6,SKIP,v6 path-B not implemented
INT8,LUT,U(-1,1),512,4096,4096,128x64x64_w4_v6,OK,ms=2.159,tflops=7.96,gbps=16.0,maxabs=2.854e-02,p99=1.429e-02,rel=2.596e-04
INT8,BITSHIFT,U(-1,1),512,4096,4096,128x64x64_w4_v6,SKIP,v6 path-B not implemented
INT8,LUT,U(-1,1),512,4096,4096,64x128x64_w4_v6,OK,ms=1.394,tflops=12.32,gbps=24.8,maxabs=2.854e-02,p99=1.429e-02,rel=2.596e-04
INT8,BITSHIFT,U(-1,1),512,4096,4096,64x128x64_w4_v6,SKIP,v6 path-B not implemented
INT8,LUT,U(-1,1),512,4096,4096,64x64x64_w4_v6,OK,ms=2.021,tflops=8.50,gbps=17.1,maxabs=2.854e-02,p99=1.429e-02,rel=2.596e-04
INT8,BITSHIFT,U(-1,1),512,4096,4096,64x64x64_w4_v6,SKIP,v6 path-B not implemented
INT8,LUT,U(-1,1),1024,4096,4096,16x64x32_w4,OK,ms=6.549,tflops=5.25,gbps=7.8,maxabs=2.854e-02,p99=1.417e-02,rel=2.594e-04
INT8,BITSHIFT,U(-1,1),1024,4096,4096,16x64x32_w4,OK,ms=9.307,tflops=3.69,gbps=5.5,maxabs=1.971e-02,p99=1.013e-02,rel=1.847e-04
INT8,LUT,U(-1,1),1024,4096,4096,16x128x32_w8,OK,ms=7.034,tflops=4.88,gbps=7.3,maxabs=2.854e-02,p99=1.417e-02,rel=2.594e-04
INT8,BITSHIFT,U(-1,1),1024,4096,4096,16x128x32_w8,OK,ms=9.237,tflops=3.72,gbps=5.6,maxabs=1.971e-02,p99=1.013e-02,rel=1.847e-04
INT8,LUT,U(-1,1),1024,4096,4096,16x128x32_w4f2,OK,ms=6.464,tflops=5.32,gbps=7.9,maxabs=2.854e-02,p99=1.417e-02,rel=2.594e-04
INT8,BITSHIFT,U(-1,1),1024,4096,4096,16x128x32_w4f2,SKIP,MF path-B not implemented
INT8,LUT,U(-1,1),1024,4096,4096,16x256x32_w4f4,OK,ms=10.876,tflops=3.16,gbps=4.7,maxabs=2.854e-02,p99=1.417e-02,rel=2.594e-04
INT8,BITSHIFT,U(-1,1),1024,4096,4096,16x256x32_w4f4,SKIP,MF path-B not implemented
INT8,LUT,U(-1,1),1024,4096,4096,128x64x32_w4_v1,OK,ms=3.166,tflops=10.85,gbps=16.2,maxabs=2.854e-02,p99=1.417e-02,rel=2.594e-04
INT8,BITSHIFT,U(-1,1),1024,4096,4096,128x64x32_w4_v1,SKIP,v1 path-B not implemented
INT8,LUT,U(-1,1),1024,4096,4096,128x128x32_w4_v1,OK,ms=4.007,tflops=8.58,gbps=12.8,maxabs=2.854e-02,p99=1.417e-02,rel=2.594e-04
INT8,BITSHIFT,U(-1,1),1024,4096,4096,128x128x32_w4_v1,SKIP,v1 path-B not implemented
INT8,LUT,U(-1,1),1024,4096,4096,128x256x32_w4_v1,OK,ms=6.049,tflops=5.68,gbps=8.5,maxabs=2.854e-02,p99=1.417e-02,rel=2.594e-04
INT8,BITSHIFT,U(-1,1),1024,4096,4096,128x256x32_w4_v1,SKIP,v1 path-B not implemented
INT8,LUT,U(-1,1),1024,4096,4096,128x256x32_w8_v1,OK,ms=3.842,tflops=8.94,gbps=13.4,maxabs=2.854e-02,p99=1.417e-02,rel=2.594e-04
INT8,BITSHIFT,U(-1,1),1024,4096,4096,128x256x32_w8_v1,SKIP,v1 path-B not implemented
INT8,LUT,U(-1,1),1024,4096,4096,64x64x32_w4_v1,OK,ms=3.492,tflops=9.84,gbps=14.7,maxabs=2.854e-02,p99=1.417e-02,rel=2.594e-04
INT8,BITSHIFT,U(-1,1),1024,4096,4096,64x64x32_w4_v1,SKIP,v1 path-B not implemented
INT8,LUT,U(-1,1),1024,4096,4096,64x128x32_w4_v1,OK,ms=5.231,tflops=6.57,gbps=9.8,maxabs=2.854e-02,p99=1.417e-02,rel=2.594e-04
INT8,BITSHIFT,U(-1,1),1024,4096,4096,64x128x32_w4_v1,SKIP,v1 path-B not implemented
INT8,LUT,U(-1,1),1024,4096,4096,128x64x32_w4_v2,OK,ms=2.312,tflops=14.86,gbps=22.2,maxabs=2.854e-02,p99=1.417e-02,rel=2.594e-04
INT8,BITSHIFT,U(-1,1),1024,4096,4096,128x64x32_w4_v2,SKIP,v2 path-B not implemented
INT8,LUT,U(-1,1),1024,4096,4096,128x128x32_w4_v2,OK,ms=2.048,tflops=16.78,gbps=25.1,maxabs=2.854e-02,p99=1.417e-02,rel=2.594e-04
INT8,BITSHIFT,U(-1,1),1024,4096,4096,128x128x32_w4_v2,SKIP,v2 path-B not implemented
INT8,LUT,U(-1,1),1024,4096,4096,128x256x32_w4_v2,OK,ms=2.895,tflops=11.87,gbps=17.7,maxabs=2.854e-02,p99=1.417e-02,rel=2.594e-04
INT8,BITSHIFT,U(-1,1),1024,4096,4096,128x256x32_w4_v2,SKIP,v2 path-B not implemented
INT8,LUT,U(-1,1),1024,4096,4096,128x256x32_w8_v2,OK,ms=1.818,tflops=18.90,gbps=28.3,maxabs=2.854e-02,p99=1.417e-02,rel=2.594e-04
INT8,BITSHIFT,U(-1,1),1024,4096,4096,128x256x32_w8_v2,SKIP,v2 path-B not implemented
INT8,LUT,U(-1,1),1024,4096,4096,64x64x32_w4_v2,OK,ms=2.540,tflops=13.53,gbps=20.2,maxabs=2.854e-02,p99=1.417e-02,rel=2.594e-04
INT8,BITSHIFT,U(-1,1),1024,4096,4096,64x64x32_w4_v2,SKIP,v2 path-B not implemented
INT8,LUT,U(-1,1),1024,4096,4096,64x128x32_w4_v2,OK,ms=1.885,tflops=18.23,gbps=27.3,maxabs=2.854e-02,p99=1.417e-02,rel=2.594e-04
INT8,BITSHIFT,U(-1,1),1024,4096,4096,64x128x32_w4_v2,SKIP,v2 path-B not implemented
INT8,LUT,U(-1,1),1024,4096,4096,128x64x32_w4_v3,OK,ms=2.120,tflops=16.21,gbps=24.2,maxabs=2.854e-02,p99=1.417e-02,rel=2.594e-04
INT8,BITSHIFT,U(-1,1),1024,4096,4096,128x64x32_w4_v3,SKIP,v3 path-B not implemented
INT8,LUT,U(-1,1),1024,4096,4096,128x128x32_w4_v3,OK,ms=1.432,tflops=24.00,gbps=35.9,maxabs=2.854e-02,p99=1.417e-02,rel=2.594e-04
INT8,BITSHIFT,U(-1,1),1024,4096,4096,128x128x32_w4_v3,SKIP,v3 path-B not implemented
INT8,LUT,U(-1,1),1024,4096,4096,128x256x32_w8_v3,SKIP,smem > 48KiB
INT8,BITSHIFT,U(-1,1),1024,4096,4096,128x256x32_w8_v3,SKIP,smem > 48KiB
INT8,LUT,U(-1,1),1024,4096,4096,64x64x32_w4_v3,OK,ms=2.039,tflops=16.85,gbps=25.2,maxabs=2.854e-02,p99=1.417e-02,rel=2.594e-04
INT8,BITSHIFT,U(-1,1),1024,4096,4096,64x64x32_w4_v3,SKIP,v3 path-B not implemented
INT8,LUT,U(-1,1),1024,4096,4096,64x128x32_w4_v3,OK,ms=1.644,tflops=20.90,gbps=31.3,maxabs=2.854e-02,p99=1.417e-02,rel=2.594e-04
INT8,BITSHIFT,U(-1,1),1024,4096,4096,64x128x32_w4_v3,SKIP,v3 path-B not implemented
INT8,LUT,U(-1,1),1024,4096,4096,32x128x32_w4_v3_b1,OK,ms=2.041,tflops=16.83,gbps=25.2,maxabs=2.854e-02,p99=1.417e-02,rel=2.594e-04
INT8,BITSHIFT,U(-1,1),1024,4096,4096,32x128x32_w4_v3_b1,SKIP,v3 path-B not implemented
INT8,LUT,U(-1,1),1024,4096,4096,32x64x32_w4_v3_b1,OK,ms=2.610,tflops=13.17,gbps=19.7,maxabs=2.854e-02,p99=1.417e-02,rel=2.594e-04
INT8,BITSHIFT,U(-1,1),1024,4096,4096,32x64x32_w4_v3_b1,SKIP,v3 path-B not implemented
INT8,LUT,U(-1,1),1024,4096,4096,32x256x32_w8_v3_b1,OK,ms=2.038,tflops=16.86,gbps=25.2,maxabs=2.854e-02,p99=1.417e-02,rel=2.594e-04
INT8,BITSHIFT,U(-1,1),1024,4096,4096,32x256x32_w8_v3_b1,SKIP,v3 path-B not implemented
INT8,LUT,U(-1,1),1024,4096,4096,128x128x32_w8_v3_b1alt,OK,ms=1.884,tflops=18.24,gbps=27.3,maxabs=2.854e-02,p99=1.417e-02,rel=2.594e-04
INT8,BITSHIFT,U(-1,1),1024,4096,4096,128x128x32_w8_v3_b1alt,SKIP,v3 path-B not implemented
INT8,LUT,U(-1,1),1024,4096,4096,64x128x32_w8_v3_b1alt,OK,ms=2.201,tflops=15.61,gbps=23.3,maxabs=2.854e-02,p99=1.417e-02,rel=2.594e-04
INT8,BITSHIFT,U(-1,1),1024,4096,4096,64x128x32_w8_v3_b1alt,SKIP,v3 path-B not implemented
INT8,LUT,U(-1,1),1024,4096,4096,128x64x32_w4_v4,OK,ms=2.214,tflops=15.52,gbps=23.2,maxabs=2.854e-02,p99=1.417e-02,rel=2.594e-04
INT8,BITSHIFT,U(-1,1),1024,4096,4096,128x64x32_w4_v4,SKIP,v4 path-B not implemented
INT8,LUT,U(-1,1),1024,4096,4096,128x128x32_w4_v4,OK,ms=1.400,tflops=24.55,gbps=36.7,maxabs=2.854e-02,p99=1.417e-02,rel=2.594e-04
INT8,BITSHIFT,U(-1,1),1024,4096,4096,128x128x32_w4_v4,SKIP,v4 path-B not implemented
INT8,LUT,U(-1,1),1024,4096,4096,64x64x32_w4_v4,OK,ms=1.973,tflops=17.41,gbps=26.0,maxabs=2.854e-02,p99=1.417e-02,rel=2.594e-04
INT8,BITSHIFT,U(-1,1),1024,4096,4096,64x64x32_w4_v4,SKIP,v4 path-B not implemented
INT8,LUT,U(-1,1),1024,4096,4096,64x128x32_w4_v4,OK,ms=1.636,tflops=21.00,gbps=31.4,maxabs=2.854e-02,p99=1.417e-02,rel=2.594e-04
INT8,BITSHIFT,U(-1,1),1024,4096,4096,64x128x32_w4_v4,SKIP,v4 path-B not implemented
INT8,LUT,U(-1,1),1024,4096,4096,128x64x32_w4_v5,OK,ms=2.276,tflops=15.10,gbps=22.6,maxabs=2.854e-02,p99=1.417e-02,rel=2.594e-04
INT8,BITSHIFT,U(-1,1),1024,4096,4096,128x64x32_w4_v5,SKIP,v5 path-B not implemented
INT8,LUT,U(-1,1),1024,4096,4096,128x128x32_w4_v5,OK,ms=1.435,tflops=23.94,gbps=35.8,maxabs=2.854e-02,p99=1.417e-02,rel=2.594e-04
INT8,BITSHIFT,U(-1,1),1024,4096,4096,128x128x32_w4_v5,SKIP,v5 path-B not implemented
INT8,LUT,U(-1,1),1024,4096,4096,64x64x32_w4_v5,OK,ms=2.466,tflops=13.94,gbps=20.8,maxabs=2.854e-02,p99=1.417e-02,rel=2.594e-04
INT8,BITSHIFT,U(-1,1),1024,4096,4096,64x64x32_w4_v5,SKIP,v5 path-B not implemented
INT8,LUT,U(-1,1),1024,4096,4096,64x128x32_w4_v5,OK,ms=1.733,tflops=19.82,gbps=29.6,maxabs=2.854e-02,p99=1.417e-02,rel=2.594e-04
INT8,BITSHIFT,U(-1,1),1024,4096,4096,64x128x32_w4_v5,SKIP,v5 path-B not implemented
INT8,LUT,U(-1,1),1024,4096,4096,128x128x64_w4_v6,OK,ms=1.932,tflops=17.78,gbps=26.6,maxabs=2.854e-02,p99=1.417e-02,rel=2.594e-04
INT8,BITSHIFT,U(-1,1),1024,4096,4096,128x128x64_w4_v6,SKIP,v6 path-B not implemented
INT8,LUT,U(-1,1),1024,4096,4096,128x64x64_w4_v6,OK,ms=3.680,tflops=9.34,gbps=14.0,maxabs=2.854e-02,p99=1.417e-02,rel=2.594e-04
INT8,BITSHIFT,U(-1,1),1024,4096,4096,128x64x64_w4_v6,SKIP,v6 path-B not implemented
INT8,LUT,U(-1,1),1024,4096,4096,64x128x64_w4_v6,OK,ms=2.379,tflops=14.44,gbps=21.6,maxabs=2.854e-02,p99=1.417e-02,rel=2.594e-04
INT8,BITSHIFT,U(-1,1),1024,4096,4096,64x128x64_w4_v6,SKIP,v6 path-B not implemented
INT8,LUT,U(-1,1),1024,4096,4096,64x64x64_w4_v6,OK,ms=3.298,tflops=10.42,gbps=15.6,maxabs=2.854e-02,p99=1.417e-02,rel=2.594e-04
INT8,BITSHIFT,U(-1,1),1024,4096,4096,64x64x64_w4_v6,SKIP,v6 path-B not implemented
INT8,LUT,U(-1,1),2048,4096,4096,16x64x32_w4,OK,ms=12.349,tflops=5.56,gbps=6.9,maxabs=2.962e-02,p99=1.442e-02,rel=2.594e-04
INT8,BITSHIFT,U(-1,1),2048,4096,4096,16x64x32_w4,OK,ms=18.237,tflops=3.77,gbps=4.7,maxabs=2.094e-02,p99=1.016e-02,rel=1.846e-04
INT8,LUT,U(-1,1),2048,4096,4096,16x128x32_w8,OK,ms=13.427,tflops=5.12,gbps=6.3,maxabs=2.962e-02,p99=1.442e-02,rel=2.594e-04
INT8,BITSHIFT,U(-1,1),2048,4096,4096,16x128x32_w8,OK,ms=17.983,tflops=3.82,gbps=4.7,maxabs=2.094e-02,p99=1.016e-02,rel=1.846e-04
INT8,LUT,U(-1,1),2048,4096,4096,16x128x32_w4f2,OK,ms=13.048,tflops=5.27,gbps=6.5,maxabs=2.962e-02,p99=1.442e-02,rel=2.594e-04
INT8,BITSHIFT,U(-1,1),2048,4096,4096,16x128x32_w4f2,SKIP,MF path-B not implemented
INT8,LUT,U(-1,1),2048,4096,4096,16x256x32_w4f4,OK,ms=19.035,tflops=3.61,gbps=4.5,maxabs=2.962e-02,p99=1.442e-02,rel=2.594e-04
INT8,BITSHIFT,U(-1,1),2048,4096,4096,16x256x32_w4f4,SKIP,MF path-B not implemented
INT8,LUT,U(-1,1),2048,4096,4096,128x64x32_w4_v1,OK,ms=6.495,tflops=10.58,gbps=13.1,maxabs=2.962e-02,p99=1.442e-02,rel=2.594e-04
INT8,BITSHIFT,U(-1,1),2048,4096,4096,128x64x32_w4_v1,SKIP,v1 path-B not implemented
INT8,LUT,U(-1,1),2048,4096,4096,128x128x32_w4_v1,OK,ms=8.200,tflops=8.38,gbps=10.4,maxabs=2.962e-02,p99=1.442e-02,rel=2.594e-04
INT8,BITSHIFT,U(-1,1),2048,4096,4096,128x128x32_w4_v1,SKIP,v1 path-B not implemented
INT8,LUT,U(-1,1),2048,4096,4096,128x256x32_w4_v1,OK,ms=12.611,tflops=5.45,gbps=6.7,maxabs=2.962e-02,p99=1.442e-02,rel=2.594e-04
INT8,BITSHIFT,U(-1,1),2048,4096,4096,128x256x32_w4_v1,SKIP,v1 path-B not implemented
INT8,LUT,U(-1,1),2048,4096,4096,128x256x32_w8_v1,OK,ms=7.748,tflops=8.87,gbps=11.0,maxabs=2.962e-02,p99=1.442e-02,rel=2.594e-04
INT8,BITSHIFT,U(-1,1),2048,4096,4096,128x256x32_w8_v1,SKIP,v1 path-B not implemented
INT8,LUT,U(-1,1),2048,4096,4096,64x64x32_w4_v1,OK,ms=6.933,tflops=9.91,gbps=12.3,maxabs=2.962e-02,p99=1.442e-02,rel=2.594e-04
INT8,BITSHIFT,U(-1,1),2048,4096,4096,64x64x32_w4_v1,SKIP,v1 path-B not implemented
INT8,LUT,U(-1,1),2048,4096,4096,64x128x32_w4_v1,OK,ms=8.639,tflops=7.95,gbps=9.8,maxabs=2.962e-02,p99=1.442e-02,rel=2.594e-04
INT8,BITSHIFT,U(-1,1),2048,4096,4096,64x128x32_w4_v1,SKIP,v1 path-B not implemented
INT8,LUT,U(-1,1),2048,4096,4096,128x64x32_w4_v2,OK,ms=4.645,tflops=14.79,gbps=18.3,maxabs=2.962e-02,p99=1.442e-02,rel=2.594e-04
INT8,BITSHIFT,U(-1,1),2048,4096,4096,128x64x32_w4_v2,SKIP,v2 path-B not implemented
INT8,LUT,U(-1,1),2048,4096,4096,128x128x32_w4_v2,OK,ms=4.197,tflops=16.37,gbps=20.2,maxabs=2.962e-02,p99=1.442e-02,rel=2.594e-04
INT8,BITSHIFT,U(-1,1),2048,4096,4096,128x128x32_w4_v2,SKIP,v2 path-B not implemented
INT8,LUT,U(-1,1),2048,4096,4096,128x256x32_w4_v2,OK,ms=6.473,tflops=10.62,gbps=13.1,maxabs=2.962e-02,p99=1.442e-02,rel=2.594e-04
INT8,BITSHIFT,U(-1,1),2048,4096,4096,128x256x32_w4_v2,SKIP,v2 path-B not implemented
INT8,LUT,U(-1,1),2048,4096,4096,128x256x32_w8_v2,OK,ms=3.643,tflops=18.87,gbps=23.3,maxabs=2.962e-02,p99=1.442e-02,rel=2.594e-04
INT8,BITSHIFT,U(-1,1),2048,4096,4096,128x256x32_w8_v2,SKIP,v2 path-B not implemented
INT8,LUT,U(-1,1),2048,4096,4096,64x64x32_w4_v2,OK,ms=4.712,tflops=14.58,gbps=18.0,maxabs=2.962e-02,p99=1.442e-02,rel=2.594e-04
INT8,BITSHIFT,U(-1,1),2048,4096,4096,64x64x32_w4_v2,SKIP,v2 path-B not implemented
INT8,LUT,U(-1,1),2048,4096,4096,64x128x32_w4_v2,OK,ms=3.551,tflops=19.35,gbps=23.9,maxabs=2.962e-02,p99=1.442e-02,rel=2.594e-04
INT8,BITSHIFT,U(-1,1),2048,4096,4096,64x128x32_w4_v2,SKIP,v2 path-B not implemented
INT8,LUT,U(-1,1),2048,4096,4096,128x64x32_w4_v3,OK,ms=3.608,tflops=19.04,gbps=23.5,maxabs=2.962e-02,p99=1.442e-02,rel=2.594e-04
INT8,BITSHIFT,U(-1,1),2048,4096,4096,128x64x32_w4_v3,SKIP,v3 path-B not implemented
INT8,LUT,U(-1,1),2048,4096,4096,128x128x32_w4_v3,OK,ms=2.898,tflops=23.71,gbps=29.3,maxabs=2.962e-02,p99=1.442e-02,rel=2.594e-04
INT8,BITSHIFT,U(-1,1),2048,4096,4096,128x128x32_w4_v3,SKIP,v3 path-B not implemented
INT8,LUT,U(-1,1),2048,4096,4096,128x256x32_w8_v3,SKIP,smem > 48KiB
INT8,BITSHIFT,U(-1,1),2048,4096,4096,128x256x32_w8_v3,SKIP,smem > 48KiB
INT8,LUT,U(-1,1),2048,4096,4096,64x64x32_w4_v3,OK,ms=3.826,tflops=17.96,gbps=22.2,maxabs=2.962e-02,p99=1.442e-02,rel=2.594e-04
INT8,BITSHIFT,U(-1,1),2048,4096,4096,64x64x32_w4_v3,SKIP,v3 path-B not implemented
INT8,LUT,U(-1,1),2048,4096,4096,64x128x32_w4_v3,OK,ms=2.796,tflops=24.57,gbps=30.4,maxabs=2.962e-02,p99=1.442e-02,rel=2.594e-04
INT8,BITSHIFT,U(-1,1),2048,4096,4096,64x128x32_w4_v3,SKIP,v3 path-B not implemented
INT8,LUT,U(-1,1),2048,4096,4096,32x128x32_w4_v3_b1,OK,ms=3.728,tflops=18.44,gbps=22.8,maxabs=2.962e-02,p99=1.442e-02,rel=2.594e-04
INT8,BITSHIFT,U(-1,1),2048,4096,4096,32x128x32_w4_v3_b1,SKIP,v3 path-B not implemented
INT8,LUT,U(-1,1),2048,4096,4096,32x64x32_w4_v3_b1,OK,ms=4.752,tflops=14.46,gbps=17.9,maxabs=2.962e-02,p99=1.442e-02,rel=2.594e-04
INT8,BITSHIFT,U(-1,1),2048,4096,4096,32x64x32_w4_v3_b1,SKIP,v3 path-B not implemented
INT8,LUT,U(-1,1),2048,4096,4096,32x256x32_w8_v3_b1,OK,ms=3.781,tflops=18.17,gbps=22.5,maxabs=2.962e-02,p99=1.442e-02,rel=2.594e-04
INT8,BITSHIFT,U(-1,1),2048,4096,4096,32x256x32_w8_v3_b1,SKIP,v3 path-B not implemented
INT8,LUT,U(-1,1),2048,4096,4096,128x128x32_w8_v3_b1alt,OK,ms=3.766,tflops=18.25,gbps=22.6,maxabs=2.962e-02,p99=1.442e-02,rel=2.594e-04
INT8,BITSHIFT,U(-1,1),2048,4096,4096,128x128x32_w8_v3_b1alt,SKIP,v3 path-B not implemented
INT8,LUT,U(-1,1),2048,4096,4096,64x128x32_w8_v3_b1alt,OK,ms=3.838,tflops=17.91,gbps=22.1,maxabs=2.962e-02,p99=1.442e-02,rel=2.594e-04
INT8,BITSHIFT,U(-1,1),2048,4096,4096,64x128x32_w8_v3_b1alt,SKIP,v3 path-B not implemented
INT8,LUT,U(-1,1),2048,4096,4096,128x64x32_w4_v4,OK,ms=3.727,tflops=18.44,gbps=22.8,maxabs=2.962e-02,p99=1.442e-02,rel=2.594e-04
INT8,BITSHIFT,U(-1,1),2048,4096,4096,128x64x32_w4_v4,SKIP,v4 path-B not implemented
INT8,LUT,U(-1,1),2048,4096,4096,128x128x32_w4_v4,OK,ms=2.837,tflops=24.22,gbps=29.9,maxabs=2.962e-02,p99=1.442e-02,rel=2.594e-04
INT8,BITSHIFT,U(-1,1),2048,4096,4096,128x128x32_w4_v4,SKIP,v4 path-B not implemented
INT8,LUT,U(-1,1),2048,4096,4096,64x64x32_w4_v4,OK,ms=3.832,tflops=17.93,gbps=22.2,maxabs=2.962e-02,p99=1.442e-02,rel=2.594e-04
INT8,BITSHIFT,U(-1,1),2048,4096,4096,64x64x32_w4_v4,SKIP,v4 path-B not implemented
INT8,LUT,U(-1,1),2048,4096,4096,64x128x32_w4_v4,OK,ms=2.844,tflops=24.16,gbps=29.9,maxabs=2.962e-02,p99=1.442e-02,rel=2.594e-04
INT8,BITSHIFT,U(-1,1),2048,4096,4096,64x128x32_w4_v4,SKIP,v4 path-B not implemented
INT8,LUT,U(-1,1),2048,4096,4096,128x64x32_w4_v5,OK,ms=4.103,tflops=16.75,gbps=20.7,maxabs=2.962e-02,p99=1.442e-02,rel=2.594e-04
INT8,BITSHIFT,U(-1,1),2048,4096,4096,128x64x32_w4_v5,SKIP,v5 path-B not implemented
INT8,LUT,U(-1,1),2048,4096,4096,128x128x32_w4_v5,OK,ms=2.758,tflops=24.92,gbps=30.8,maxabs=2.962e-02,p99=1.442e-02,rel=2.594e-04
INT8,BITSHIFT,U(-1,1),2048,4096,4096,128x128x32_w4_v5,SKIP,v5 path-B not implemented
INT8,LUT,U(-1,1),2048,4096,4096,64x64x32_w4_v5,OK,ms=4.750,tflops=14.47,gbps=17.9,maxabs=2.962e-02,p99=1.442e-02,rel=2.594e-04
INT8,BITSHIFT,U(-1,1),2048,4096,4096,64x64x32_w4_v5,SKIP,v5 path-B not implemented
INT8,LUT,U(-1,1),2048,4096,4096,64x128x32_w4_v5,OK,ms=3.117,tflops=22.04,gbps=27.2,maxabs=2.962e-02,p99=1.442e-02,rel=2.594e-04
INT8,BITSHIFT,U(-1,1),2048,4096,4096,64x128x32_w4_v5,SKIP,v5 path-B not implemented
INT8,LUT,U(-1,1),2048,4096,4096,128x128x64_w4_v6,OK,ms=3.900,tflops=17.62,gbps=21.8,maxabs=2.962e-02,p99=1.442e-02,rel=2.594e-04
INT8,BITSHIFT,U(-1,1),2048,4096,4096,128x128x64_w4_v6,SKIP,v6 path-B not implemented
INT8,LUT,U(-1,1),2048,4096,4096,128x64x64_w4_v6,OK,ms=6.205,tflops=11.07,gbps=13.7,maxabs=2.962e-02,p99=1.442e-02,rel=2.594e-04
INT8,BITSHIFT,U(-1,1),2048,4096,4096,128x64x64_w4_v6,SKIP,v6 path-B not implemented
INT8,LUT,U(-1,1),2048,4096,4096,64x128x64_w4_v6,OK,ms=3.942,tflops=17.43,gbps=21.5,maxabs=2.962e-02,p99=1.442e-02,rel=2.594e-04
INT8,BITSHIFT,U(-1,1),2048,4096,4096,64x128x64_w4_v6,SKIP,v6 path-B not implemented
INT8,LUT,U(-1,1),2048,4096,4096,64x64x64_w4_v6,OK,ms=6.360,tflops=10.81,gbps=13.4,maxabs=2.962e-02,p99=1.442e-02,rel=2.594e-04
INT8,BITSHIFT,U(-1,1),2048,4096,4096,64x64x64_w4_v6,SKIP,v6 path-B not implemented
INT8,LUT,U(-1,1),1,7168,7168,16x64x32_w4,OK,ms=1.491,tflops=0.07,gbps=36.7,maxabs=2.655e-02,p99=1.872e-02,rel=2.590e-04
INT8,BITSHIFT,U(-1,1),1,7168,7168,16x64x32_w4,OK,ms=0.797,tflops=0.13,gbps=68.5,maxabs=1.871e-02,p99=1.282e-02,rel=1.818e-04
INT8,LUT,U(-1,1),1,7168,7168,16x128x32_w8,OK,ms=1.442,tflops=0.07,gbps=37.9,maxabs=2.655e-02,p99=1.872e-02,rel=2.590e-04
INT8,BITSHIFT,U(-1,1),1,7168,7168,16x128x32_w8,OK,ms=0.834,tflops=0.12,gbps=65.5,maxabs=1.871e-02,p99=1.282e-02,rel=1.818e-04
INT8,LUT,U(-1,1),1,7168,7168,16x128x32_w4f2,OK,ms=2.569,tflops=0.04,gbps=21.3,maxabs=2.655e-02,p99=1.872e-02,rel=2.590e-04
INT8,BITSHIFT,U(-1,1),1,7168,7168,16x128x32_w4f2,SKIP,MF path-B not implemented
INT8,LUT,U(-1,1),1,7168,7168,16x256x32_w4f4,OK,ms=4.801,tflops=0.02,gbps=11.4,maxabs=2.655e-02,p99=1.872e-02,rel=2.590e-04
INT8,BITSHIFT,U(-1,1),1,7168,7168,16x256x32_w4f4,SKIP,MF path-B not implemented
INT8,LUT,U(-1,1),1,7168,7168,128x64x32_w4_v1,OK,ms=2.196,tflops=0.05,gbps=24.9,maxabs=2.655e-02,p99=1.872e-02,rel=2.590e-04
INT8,BITSHIFT,U(-1,1),1,7168,7168,128x64x32_w4_v1,SKIP,v1 path-B not implemented
INT8,LUT,U(-1,1),1,7168,7168,128x128x32_w4_v1,OK,ms=2.929,tflops=0.04,gbps=18.7,maxabs=2.655e-02,p99=1.872e-02,rel=2.590e-04
INT8,BITSHIFT,U(-1,1),1,7168,7168,128x128x32_w4_v1,SKIP,v1 path-B not implemented
INT8,LUT,U(-1,1),1,7168,7168,128x256x32_w4_v1,OK,ms=6.575,tflops=0.02,gbps=8.3,maxabs=2.655e-02,p99=1.872e-02,rel=2.590e-04
INT8,BITSHIFT,U(-1,1),1,7168,7168,128x256x32_w4_v1,SKIP,v1 path-B not implemented
INT8,LUT,U(-1,1),1,7168,7168,128x256x32_w8_v1,OK,ms=3.294,tflops=0.03,gbps=16.6,maxabs=2.655e-02,p99=1.872e-02,rel=2.590e-04
INT8,BITSHIFT,U(-1,1),1,7168,7168,128x256x32_w8_v1,SKIP,v1 path-B not implemented
INT8,LUT,U(-1,1),1,7168,7168,64x64x32_w4_v1,OK,ms=1.716,tflops=0.06,gbps=31.9,maxabs=2.655e-02,p99=1.872e-02,rel=2.590e-04
INT8,BITSHIFT,U(-1,1),1,7168,7168,64x64x32_w4_v1,SKIP,v1 path-B not implemented
INT8,LUT,U(-1,1),1,7168,7168,64x128x32_w4_v1,OK,ms=2.664,tflops=0.04,gbps=20.5,maxabs=2.655e-02,p99=1.872e-02,rel=2.590e-04
INT8,BITSHIFT,U(-1,1),1,7168,7168,64x128x32_w4_v1,SKIP,v1 path-B not implemented
INT8,LUT,U(-1,1),1,7168,7168,128x64x32_w4_v2,OK,ms=1.117,tflops=0.09,gbps=48.9,maxabs=2.655e-02,p99=1.872e-02,rel=2.590e-04
INT8,BITSHIFT,U(-1,1),1,7168,7168,128x64x32_w4_v2,SKIP,v2 path-B not implemented
INT8,LUT,U(-1,1),1,7168,7168,128x128x32_w4_v2,OK,ms=0.968,tflops=0.11,gbps=56.4,maxabs=2.655e-02,p99=1.872e-02,rel=2.590e-04
INT8,BITSHIFT,U(-1,1),1,7168,7168,128x128x32_w4_v2,SKIP,v2 path-B not implemented
INT8,LUT,U(-1,1),1,7168,7168,128x256x32_w4_v2,OK,ms=2.199,tflops=0.05,gbps=24.8,maxabs=2.655e-02,p99=1.872e-02,rel=2.590e-04
INT8,BITSHIFT,U(-1,1),1,7168,7168,128x256x32_w4_v2,SKIP,v2 path-B not implemented
INT8,LUT,U(-1,1),1,7168,7168,128x256x32_w8_v2,OK,ms=1.376,tflops=0.07,gbps=39.7,maxabs=2.655e-02,p99=1.872e-02,rel=2.590e-04
INT8,BITSHIFT,U(-1,1),1,7168,7168,128x256x32_w8_v2,SKIP,v2 path-B not implemented
INT8,LUT,U(-1,1),1,7168,7168,64x64x32_w4_v2,OK,ms=0.732,tflops=0.14,gbps=74.7,maxabs=2.655e-02,p99=1.872e-02,rel=2.590e-04
INT8,BITSHIFT,U(-1,1),1,7168,7168,64x64x32_w4_v2,SKIP,v2 path-B not implemented
INT8,LUT,U(-1,1),1,7168,7168,64x128x32_w4_v2,OK,ms=0.676,tflops=0.15,gbps=80.8,maxabs=2.655e-02,p99=1.872e-02,rel=2.590e-04
INT8,BITSHIFT,U(-1,1),1,7168,7168,64x128x32_w4_v2,SKIP,v2 path-B not implemented
INT8,LUT,U(-1,1),1,7168,7168,128x64x32_w4_v3,OK,ms=0.896,tflops=0.11,gbps=61.0,maxabs=2.655e-02,p99=1.872e-02,rel=2.590e-04
INT8,BITSHIFT,U(-1,1),1,7168,7168,128x64x32_w4_v3,SKIP,v3 path-B not implemented
INT8,LUT,U(-1,1),1,7168,7168,128x128x32_w4_v3,OK,ms=0.798,tflops=0.13,gbps=68.5,maxabs=2.655e-02,p99=1.872e-02,rel=2.590e-04
INT8,BITSHIFT,U(-1,1),1,7168,7168,128x128x32_w4_v3,SKIP,v3 path-B not implemented
INT8,LUT,U(-1,1),1,7168,7168,128x256x32_w8_v3,SKIP,smem > 48KiB
INT8,BITSHIFT,U(-1,1),1,7168,7168,128x256x32_w8_v3,SKIP,smem > 48KiB
INT8,LUT,U(-1,1),1,7168,7168,64x64x32_w4_v3,OK,ms=0.616,tflops=0.17,gbps=88.7,maxabs=2.655e-02,p99=1.872e-02,rel=2.590e-04
INT8,BITSHIFT,U(-1,1),1,7168,7168,64x64x32_w4_v3,SKIP,v3 path-B not implemented
INT8,LUT,U(-1,1),1,7168,7168,64x128x32_w4_v3,OK,ms=0.574,tflops=0.18,gbps=95.2,maxabs=2.655e-02,p99=1.872e-02,rel=2.590e-04
INT8,BITSHIFT,U(-1,1),1,7168,7168,64x128x32_w4_v3,SKIP,v3 path-B not implemented
INT8,LUT,U(-1,1),1,7168,7168,32x128x32_w4_v3_b1,OK,ms=0.474,tflops=0.22,gbps=115.4,maxabs=2.655e-02,p99=1.872e-02,rel=2.590e-04
INT8,BITSHIFT,U(-1,1),1,7168,7168,32x128x32_w4_v3_b1,SKIP,v3 path-B not implemented
INT8,LUT,U(-1,1),1,7168,7168,32x64x32_w4_v3_b1,OK,ms=0.444,tflops=0.23,gbps=123.1,maxabs=2.655e-02,p99=1.872e-02,rel=2.590e-04
INT8,BITSHIFT,U(-1,1),1,7168,7168,32x64x32_w4_v3_b1,SKIP,v3 path-B not implemented
INT8,LUT,U(-1,1),1,7168,7168,32x256x32_w8_v3_b1,OK,ms=0.641,tflops=0.16,gbps=85.2,maxabs=2.655e-02,p99=1.872e-02,rel=2.590e-04
INT8,BITSHIFT,U(-1,1),1,7168,7168,32x256x32_w8_v3_b1,SKIP,v3 path-B not implemented
INT8,LUT,U(-1,1),1,7168,7168,128x128x32_w8_v3_b1alt,OK,ms=0.950,tflops=0.11,gbps=57.5,maxabs=2.655e-02,p99=1.872e-02,rel=2.590e-04
INT8,BITSHIFT,U(-1,1),1,7168,7168,128x128x32_w8_v3_b1alt,SKIP,v3 path-B not implemented
INT8,LUT,U(-1,1),1,7168,7168,64x128x32_w8_v3_b1alt,OK,ms=0.595,tflops=0.17,gbps=91.9,maxabs=2.655e-02,p99=1.872e-02,rel=2.590e-04
INT8,BITSHIFT,U(-1,1),1,7168,7168,64x128x32_w8_v3_b1alt,SKIP,v3 path-B not implemented
INT8,LUT,U(-1,1),1,7168,7168,128x64x32_w4_v4,OK,ms=0.934,tflops=0.11,gbps=58.5,maxabs=2.655e-02,p99=1.872e-02,rel=2.590e-04
INT8,BITSHIFT,U(-1,1),1,7168,7168,128x64x32_w4_v4,SKIP,v4 path-B not implemented
INT8,LUT,U(-1,1),1,7168,7168,128x128x32_w4_v4,OK,ms=0.811,tflops=0.13,gbps=67.4,maxabs=2.655e-02,p99=1.872e-02,rel=2.590e-04
INT8,BITSHIFT,U(-1,1),1,7168,7168,128x128x32_w4_v4,SKIP,v4 path-B not implemented
INT8,LUT,U(-1,1),1,7168,7168,64x64x32_w4_v4,OK,ms=0.586,tflops=0.18,gbps=93.3,maxabs=2.655e-02,p99=1.872e-02,rel=2.590e-04
INT8,BITSHIFT,U(-1,1),1,7168,7168,64x64x32_w4_v4,SKIP,v4 path-B not implemented
INT8,LUT,U(-1,1),1,7168,7168,64x128x32_w4_v4,OK,ms=0.590,tflops=0.17,gbps=92.6,maxabs=2.655e-02,p99=1.872e-02,rel=2.590e-04
INT8,BITSHIFT,U(-1,1),1,7168,7168,64x128x32_w4_v4,SKIP,v4 path-B not implemented
INT8,LUT,U(-1,1),1,7168,7168,128x64x32_w4_v5,OK,ms=0.926,tflops=0.11,gbps=59.0,maxabs=2.655e-02,p99=1.872e-02,rel=2.590e-04
INT8,BITSHIFT,U(-1,1),1,7168,7168,128x64x32_w4_v5,SKIP,v5 path-B not implemented
INT8,LUT,U(-1,1),1,7168,7168,128x128x32_w4_v5,OK,ms=0.828,tflops=0.12,gbps=66.0,maxabs=2.655e-02,p99=1.872e-02,rel=2.590e-04
INT8,BITSHIFT,U(-1,1),1,7168,7168,128x128x32_w4_v5,SKIP,v5 path-B not implemented
INT8,LUT,U(-1,1),1,7168,7168,64x64x32_w4_v5,OK,ms=0.588,tflops=0.17,gbps=92.9,maxabs=2.655e-02,p99=1.872e-02,rel=2.590e-04
INT8,BITSHIFT,U(-1,1),1,7168,7168,64x64x32_w4_v5,SKIP,v5 path-B not implemented
INT8,LUT,U(-1,1),1,7168,7168,64x128x32_w4_v5,OK,ms=0.591,tflops=0.17,gbps=92.4,maxabs=2.655e-02,p99=1.872e-02,rel=2.590e-04
INT8,BITSHIFT,U(-1,1),1,7168,7168,64x128x32_w4_v5,SKIP,v5 path-B not implemented
INT8,LUT,U(-1,1),1,7168,7168,128x128x64_w4_v6,OK,ms=1.106,tflops=0.09,gbps=49.4,maxabs=2.655e-02,p99=1.872e-02,rel=2.590e-04
INT8,BITSHIFT,U(-1,1),1,7168,7168,128x128x64_w4_v6,SKIP,v6 path-B not implemented
INT8,LUT,U(-1,1),1,7168,7168,128x64x64_w4_v6,OK,ms=1.548,tflops=0.07,gbps=35.3,maxabs=2.655e-02,p99=1.872e-02,rel=2.590e-04
INT8,BITSHIFT,U(-1,1),1,7168,7168,128x64x64_w4_v6,SKIP,v6 path-B not implemented
INT8,LUT,U(-1,1),1,7168,7168,64x128x64_w4_v6,OK,ms=0.752,tflops=0.14,gbps=72.6,maxabs=2.655e-02,p99=1.872e-02,rel=2.590e-04
INT8,BITSHIFT,U(-1,1),1,7168,7168,64x128x64_w4_v6,SKIP,v6 path-B not implemented
INT8,LUT,U(-1,1),1,7168,7168,64x64x64_w4_v6,OK,ms=0.868,tflops=0.12,gbps=62.9,maxabs=2.655e-02,p99=1.872e-02,rel=2.590e-04
INT8,BITSHIFT,U(-1,1),1,7168,7168,64x64x64_w4_v6,SKIP,v6 path-B not implemented
INT8,LUT,U(-1,1),16,7168,7168,16x64x32_w4,OK,ms=1.444,tflops=1.14,gbps=38.4,maxabs=3.157e-02,p99=1.922e-02,rel=2.608e-04
INT8,BITSHIFT,U(-1,1),16,7168,7168,16x64x32_w4,OK,ms=1.093,tflops=1.50,gbps=50.8,maxabs=2.451e-02,p99=1.327e-02,rel=1.854e-04
INT8,LUT,U(-1,1),16,7168,7168,16x128x32_w8,OK,ms=1.530,tflops=1.07,gbps=36.3,maxabs=3.157e-02,p99=1.922e-02,rel=2.608e-04
INT8,BITSHIFT,U(-1,1),16,7168,7168,16x128x32_w8,OK,ms=1.194,tflops=1.38,gbps=46.5,maxabs=2.451e-02,p99=1.327e-02,rel=1.854e-04
INT8,LUT,U(-1,1),16,7168,7168,16x128x32_w4f2,OK,ms=2.606,tflops=0.63,gbps=21.3,maxabs=3.157e-02,p99=1.922e-02,rel=2.608e-04
INT8,BITSHIFT,U(-1,1),16,7168,7168,16x128x32_w4f2,SKIP,MF path-B not implemented
INT8,LUT,U(-1,1),16,7168,7168,16x256x32_w4f4,OK,ms=4.817,tflops=0.34,gbps=11.5,maxabs=3.157e-02,p99=1.922e-02,rel=2.608e-04
INT8,BITSHIFT,U(-1,1),16,7168,7168,16x256x32_w4f4,SKIP,MF path-B not implemented
INT8,LUT,U(-1,1),16,7168,7168,128x64x32_w4_v1,OK,ms=2.227,tflops=0.74,gbps=24.9,maxabs=3.157e-02,p99=1.922e-02,rel=2.608e-04
INT8,BITSHIFT,U(-1,1),16,7168,7168,128x64x32_w4_v1,SKIP,v1 path-B not implemented
INT8,LUT,U(-1,1),16,7168,7168,128x128x32_w4_v1,OK,ms=2.972,tflops=0.55,gbps=18.7,maxabs=3.157e-02,p99=1.922e-02,rel=2.608e-04
INT8,BITSHIFT,U(-1,1),16,7168,7168,128x128x32_w4_v1,SKIP,v1 path-B not implemented
INT8,LUT,U(-1,1),16,7168,7168,128x256x32_w4_v1,OK,ms=6.711,tflops=0.25,gbps=8.3,maxabs=3.157e-02,p99=1.922e-02,rel=2.608e-04
INT8,BITSHIFT,U(-1,1),16,7168,7168,128x256x32_w4_v1,SKIP,v1 path-B not implemented
INT8,LUT,U(-1,1),16,7168,7168,128x256x32_w8_v1,OK,ms=3.328,tflops=0.49,gbps=16.7,maxabs=3.157e-02,p99=1.922e-02,rel=2.608e-04
INT8,BITSHIFT,U(-1,1),16,7168,7168,128x256x32_w8_v1,SKIP,v1 path-B not implemented
INT8,LUT,U(-1,1),16,7168,7168,64x64x32_w4_v1,OK,ms=1.732,tflops=0.95,gbps=32.1,maxabs=3.157e-02,p99=1.922e-02,rel=2.608e-04
INT8,BITSHIFT,U(-1,1),16,7168,7168,64x64x32_w4_v1,SKIP,v1 path-B not implemented
INT8,LUT,U(-1,1),16,7168,7168,64x128x32_w4_v1,OK,ms=2.696,tflops=0.61,gbps=20.6,maxabs=3.157e-02,p99=1.922e-02,rel=2.608e-04
INT8,BITSHIFT,U(-1,1),16,7168,7168,64x128x32_w4_v1,SKIP,v1 path-B not implemented
INT8,LUT,U(-1,1),16,7168,7168,128x64x32_w4_v2,OK,ms=1.180,tflops=1.39,gbps=47.0,maxabs=3.157e-02,p99=1.922e-02,rel=2.608e-04
INT8,BITSHIFT,U(-1,1),16,7168,7168,128x64x32_w4_v2,SKIP,v2 path-B not implemented
INT8,LUT,U(-1,1),16,7168,7168,128x128x32_w4_v2,OK,ms=1.007,tflops=1.63,gbps=55.1,maxabs=3.157e-02,p99=1.922e-02,rel=2.608e-04
INT8,BITSHIFT,U(-1,1),16,7168,7168,128x128x32_w4_v2,SKIP,v2 path-B not implemented
INT8,LUT,U(-1,1),16,7168,7168,128x256x32_w4_v2,OK,ms=2.230,tflops=0.74,gbps=24.9,maxabs=3.157e-02,p99=1.922e-02,rel=2.608e-04
INT8,BITSHIFT,U(-1,1),16,7168,7168,128x256x32_w4_v2,SKIP,v2 path-B not implemented
INT8,LUT,U(-1,1),16,7168,7168,128x256x32_w8_v2,OK,ms=1.348,tflops=1.22,gbps=41.2,maxabs=3.157e-02,p99=1.922e-02,rel=2.608e-04
INT8,BITSHIFT,U(-1,1),16,7168,7168,128x256x32_w8_v2,SKIP,v2 path-B not implemented
INT8,LUT,U(-1,1),16,7168,7168,64x64x32_w4_v2,OK,ms=0.793,tflops=2.07,gbps=70.0,maxabs=3.157e-02,p99=1.922e-02,rel=2.608e-04
INT8,BITSHIFT,U(-1,1),16,7168,7168,64x64x32_w4_v2,SKIP,v2 path-B not implemented
INT8,LUT,U(-1,1),16,7168,7168,64x128x32_w4_v2,OK,ms=0.724,tflops=2.27,gbps=76.7,maxabs=3.157e-02,p99=1.922e-02,rel=2.608e-04
INT8,BITSHIFT,U(-1,1),16,7168,7168,64x128x32_w4_v2,SKIP,v2 path-B not implemented
INT8,LUT,U(-1,1),16,7168,7168,128x64x32_w4_v3,OK,ms=0.911,tflops=1.80,gbps=60.9,maxabs=3.157e-02,p99=1.922e-02,rel=2.608e-04
INT8,BITSHIFT,U(-1,1),16,7168,7168,128x64x32_w4_v3,SKIP,v3 path-B not implemented
INT8,LUT,U(-1,1),16,7168,7168,128x128x32_w4_v3,OK,ms=0.841,tflops=1.96,gbps=66.0,maxabs=3.157e-02,p99=1.922e-02,rel=2.608e-04
INT8,BITSHIFT,U(-1,1),16,7168,7168,128x128x32_w4_v3,SKIP,v3 path-B not implemented
INT8,LUT,U(-1,1),16,7168,7168,128x256x32_w8_v3,SKIP,smem > 48KiB
INT8,BITSHIFT,U(-1,1),16,7168,7168,128x256x32_w8_v3,SKIP,smem > 48KiB
INT8,LUT,U(-1,1),16,7168,7168,64x64x32_w4_v3,OK,ms=0.573,tflops=2.87,gbps=96.9,maxabs=3.157e-02,p99=1.922e-02,rel=2.608e-04
INT8,BITSHIFT,U(-1,1),16,7168,7168,64x64x32_w4_v3,SKIP,v3 path-B not implemented
INT8,LUT,U(-1,1),16,7168,7168,64x128x32_w4_v3,OK,ms=0.617,tflops=2.67,gbps=90.0,maxabs=3.157e-02,p99=1.922e-02,rel=2.608e-04
INT8,BITSHIFT,U(-1,1),16,7168,7168,64x128x32_w4_v3,SKIP,v3 path-B not implemented
INT8,LUT,U(-1,1),16,7168,7168,32x128x32_w4_v3_b1,OK,ms=0.529,tflops=3.11,gbps=105.0,maxabs=3.157e-02,p99=1.922e-02,rel=2.608e-04
INT8,BITSHIFT,U(-1,1),16,7168,7168,32x128x32_w4_v3_b1,SKIP,v3 path-B not implemented
INT8,LUT,U(-1,1),16,7168,7168,32x64x32_w4_v3_b1,OK,ms=0.458,tflops=3.59,gbps=121.3,maxabs=3.157e-02,p99=1.922e-02,rel=2.608e-04
INT8,BITSHIFT,U(-1,1),16,7168,7168,32x64x32_w4_v3_b1,SKIP,v3 path-B not implemented
INT8,LUT,U(-1,1),16,7168,7168,32x256x32_w8_v3_b1,OK,ms=0.631,tflops=2.61,gbps=88.0,maxabs=3.157e-02,p99=1.922e-02,rel=2.608e-04
INT8,BITSHIFT,U(-1,1),16,7168,7168,32x256x32_w8_v3_b1,SKIP,v3 path-B not implemented
INT8,LUT,U(-1,1),16,7168,7168,128x128x32_w8_v3_b1alt,OK,ms=0.945,tflops=1.74,gbps=58.7,maxabs=3.157e-02,p99=1.922e-02,rel=2.608e-04
INT8,BITSHIFT,U(-1,1),16,7168,7168,128x128x32_w8_v3_b1alt,SKIP,v3 path-B not implemented
INT8,LUT,U(-1,1),16,7168,7168,64x128x32_w8_v3_b1alt,OK,ms=0.600,tflops=2.74,gbps=92.5,maxabs=3.157e-02,p99=1.922e-02,rel=2.608e-04
INT8,BITSHIFT,U(-1,1),16,7168,7168,64x128x32_w8_v3_b1alt,SKIP,v3 path-B not implemented
INT8,LUT,U(-1,1),16,7168,7168,128x64x32_w4_v4,OK,ms=0.946,tflops=1.74,gbps=58.7,maxabs=3.157e-02,p99=1.922e-02,rel=2.608e-04
INT8,BITSHIFT,U(-1,1),16,7168,7168,128x64x32_w4_v4,SKIP,v4 path-B not implemented
INT8,LUT,U(-1,1),16,7168,7168,128x128x32_w4_v4,OK,ms=0.847,tflops=1.94,gbps=65.5,maxabs=3.157e-02,p99=1.922e-02,rel=2.608e-04
INT8,BITSHIFT,U(-1,1),16,7168,7168,128x128x32_w4_v4,SKIP,v4 path-B not implemented
INT8,LUT,U(-1,1),16,7168,7168,64x64x32_w4_v4,OK,ms=0.600,tflops=2.74,gbps=92.5,maxabs=3.157e-02,p99=1.922e-02,rel=2.608e-04
INT8,BITSHIFT,U(-1,1),16,7168,7168,64x64x32_w4_v4,SKIP,v4 path-B not implemented
INT8,LUT,U(-1,1),16,7168,7168,64x128x32_w4_v4,OK,ms=0.627,tflops=2.62,gbps=88.5,maxabs=3.157e-02,p99=1.922e-02,rel=2.608e-04
INT8,BITSHIFT,U(-1,1),16,7168,7168,64x128x32_w4_v4,SKIP,v4 path-B not implemented
INT8,LUT,U(-1,1),16,7168,7168,128x64x32_w4_v5,OK,ms=0.941,tflops=1.75,gbps=59.0,maxabs=3.157e-02,p99=1.922e-02,rel=2.608e-04
INT8,BITSHIFT,U(-1,1),16,7168,7168,128x64x32_w4_v5,SKIP,v5 path-B not implemented
INT8,LUT,U(-1,1),16,7168,7168,128x128x32_w4_v5,OK,ms=0.857,tflops=1.92,gbps=64.8,maxabs=3.157e-02,p99=1.922e-02,rel=2.608e-04
INT8,BITSHIFT,U(-1,1),16,7168,7168,128x128x32_w4_v5,SKIP,v5 path-B not implemented
INT8,LUT,U(-1,1),16,7168,7168,64x64x32_w4_v5,OK,ms=0.605,tflops=2.72,gbps=91.8,maxabs=3.157e-02,p99=1.922e-02,rel=2.608e-04
INT8,BITSHIFT,U(-1,1),16,7168,7168,64x64x32_w4_v5,SKIP,v5 path-B not implemented
INT8,LUT,U(-1,1),16,7168,7168,64x128x32_w4_v5,OK,ms=0.623,tflops=2.64,gbps=89.2,maxabs=3.157e-02,p99=1.922e-02,rel=2.608e-04
INT8,BITSHIFT,U(-1,1),16,7168,7168,64x128x32_w4_v5,SKIP,v5 path-B not implemented
INT8,LUT,U(-1,1),16,7168,7168,128x128x64_w4_v6,OK,ms=1.134,tflops=1.45,gbps=49.0,maxabs=3.157e-02,p99=1.922e-02,rel=2.608e-04
INT8,BITSHIFT,U(-1,1),16,7168,7168,128x128x64_w4_v6,SKIP,v6 path-B not implemented
INT8,LUT,U(-1,1),16,7168,7168,128x64x64_w4_v6,OK,ms=1.553,tflops=1.06,gbps=35.8,maxabs=3.157e-02,p99=1.922e-02,rel=2.608e-04
INT8,BITSHIFT,U(-1,1),16,7168,7168,128x64x64_w4_v6,SKIP,v6 path-B not implemented
INT8,LUT,U(-1,1),16,7168,7168,64x128x64_w4_v6,OK,ms=0.784,tflops=2.10,gbps=70.8,maxabs=3.157e-02,p99=1.922e-02,rel=2.608e-04
INT8,BITSHIFT,U(-1,1),16,7168,7168,64x128x64_w4_v6,SKIP,v6 path-B not implemented
INT8,LUT,U(-1,1),16,7168,7168,64x64x64_w4_v6,OK,ms=0.879,tflops=1.87,gbps=63.2,maxabs=3.157e-02,p99=1.922e-02,rel=2.608e-04
INT8,BITSHIFT,U(-1,1),16,7168,7168,64x64x64_w4_v6,SKIP,v6 path-B not implemented
INT8,LUT,U(-1,1),64,7168,7168,16x64x32_w4,OK,ms=1.616,tflops=4.07,gbps=36.0,maxabs=3.949e-02,p99=1.861e-02,rel=2.596e-04
INT8,BITSHIFT,U(-1,1),64,7168,7168,16x64x32_w4,OK,ms=1.809,tflops=3.64,gbps=32.2,maxabs=2.502e-02,p99=1.358e-02,rel=1.849e-04
INT8,LUT,U(-1,1),64,7168,7168,16x128x32_w8,OK,ms=1.648,tflops=3.99,gbps=35.4,maxabs=3.949e-02,p99=1.861e-02,rel=2.596e-04
INT8,BITSHIFT,U(-1,1),64,7168,7168,16x128x32_w8,OK,ms=1.863,tflops=3.53,gbps=31.3,maxabs=2.502e-02,p99=1.358e-02,rel=1.849e-04
INT8,LUT,U(-1,1),64,7168,7168,16x128x32_w4f2,OK,ms=2.621,tflops=2.51,gbps=22.2,maxabs=3.949e-02,p99=1.861e-02,rel=2.596e-04
INT8,BITSHIFT,U(-1,1),64,7168,7168,16x128x32_w4f2,SKIP,MF path-B not implemented
INT8,LUT,U(-1,1),64,7168,7168,16x256x32_w4f4,OK,ms=4.605,tflops=1.43,gbps=12.7,maxabs=3.949e-02,p99=1.861e-02,rel=2.596e-04
INT8,BITSHIFT,U(-1,1),64,7168,7168,16x256x32_w4f4,SKIP,MF path-B not implemented
INT8,LUT,U(-1,1),64,7168,7168,128x64x32_w4_v1,OK,ms=2.331,tflops=2.82,gbps=25.0,maxabs=3.949e-02,p99=1.861e-02,rel=2.596e-04
INT8,BITSHIFT,U(-1,1),64,7168,7168,128x64x32_w4_v1,SKIP,v1 path-B not implemented
INT8,LUT,U(-1,1),64,7168,7168,128x128x32_w4_v1,OK,ms=3.068,tflops=2.14,gbps=19.0,maxabs=3.949e-02,p99=1.861e-02,rel=2.596e-04
INT8,BITSHIFT,U(-1,1),64,7168,7168,128x128x32_w4_v1,SKIP,v1 path-B not implemented
INT8,LUT,U(-1,1),64,7168,7168,128x256x32_w4_v1,OK,ms=7.306,tflops=0.90,gbps=8.0,maxabs=3.949e-02,p99=1.861e-02,rel=2.596e-04
INT8,BITSHIFT,U(-1,1),64,7168,7168,128x256x32_w4_v1,SKIP,v1 path-B not implemented
INT8,LUT,U(-1,1),64,7168,7168,128x256x32_w8_v1,OK,ms=3.369,tflops=1.95,gbps=17.3,maxabs=3.949e-02,p99=1.861e-02,rel=2.596e-04
INT8,BITSHIFT,U(-1,1),64,7168,7168,128x256x32_w8_v1,SKIP,v1 path-B not implemented
INT8,LUT,U(-1,1),64,7168,7168,64x64x32_w4_v1,OK,ms=1.824,tflops=3.61,gbps=31.9,maxabs=3.949e-02,p99=1.861e-02,rel=2.596e-04
INT8,BITSHIFT,U(-1,1),64,7168,7168,64x64x32_w4_v1,SKIP,v1 path-B not implemented
INT8,LUT,U(-1,1),64,7168,7168,64x128x32_w4_v1,OK,ms=2.849,tflops=2.31,gbps=20.4,maxabs=3.949e-02,p99=1.861e-02,rel=2.596e-04
INT8,BITSHIFT,U(-1,1),64,7168,7168,64x128x32_w4_v1,SKIP,v1 path-B not implemented
INT8,LUT,U(-1,1),64,7168,7168,128x64x32_w4_v2,OK,ms=1.355,tflops=4.85,gbps=43.0,maxabs=3.949e-02,p99=1.861e-02,rel=2.596e-04
INT8,BITSHIFT,U(-1,1),64,7168,7168,128x64x32_w4_v2,SKIP,v2 path-B not implemented
INT8,LUT,U(-1,1),64,7168,7168,128x128x32_w4_v2,OK,ms=1.250,tflops=5.26,gbps=46.6,maxabs=3.949e-02,p99=1.861e-02,rel=2.596e-04
INT8,BITSHIFT,U(-1,1),64,7168,7168,128x128x32_w4_v2,SKIP,v2 path-B not implemented
INT8,LUT,U(-1,1),64,7168,7168,128x256x32_w4_v2,OK,ms=2.348,tflops=2.80,gbps=24.8,maxabs=3.949e-02,p99=1.861e-02,rel=2.596e-04
INT8,BITSHIFT,U(-1,1),64,7168,7168,128x256x32_w4_v2,SKIP,v2 path-B not implemented
INT8,LUT,U(-1,1),64,7168,7168,128x256x32_w8_v2,OK,ms=1.478,tflops=4.45,gbps=39.4,maxabs=3.949e-02,p99=1.861e-02,rel=2.596e-04
INT8,BITSHIFT,U(-1,1),64,7168,7168,128x256x32_w8_v2,SKIP,v2 path-B not implemented
INT8,LUT,U(-1,1),64,7168,7168,64x64x32_w4_v2,OK,ms=0.880,tflops=7.47,gbps=66.2,maxabs=3.949e-02,p99=1.861e-02,rel=2.596e-04
INT8,BITSHIFT,U(-1,1),64,7168,7168,64x64x32_w4_v2,SKIP,v2 path-B not implemented
INT8,LUT,U(-1,1),64,7168,7168,64x128x32_w4_v2,OK,ms=0.940,tflops=7.00,gbps=62.0,maxabs=3.949e-02,p99=1.861e-02,rel=2.596e-04
INT8,BITSHIFT,U(-1,1),64,7168,7168,64x128x32_w4_v2,SKIP,v2 path-B not implemented
INT8,LUT,U(-1,1),64,7168,7168,128x64x32_w4_v3,OK,ms=0.926,tflops=7.10,gbps=62.9,maxabs=3.949e-02,p99=1.861e-02,rel=2.596e-04
INT8,BITSHIFT,U(-1,1),64,7168,7168,128x64x32_w4_v3,SKIP,v3 path-B not implemented
INT8,LUT,U(-1,1),64,7168,7168,128x128x32_w4_v3,OK,ms=0.883,tflops=7.45,gbps=66.0,maxabs=3.949e-02,p99=1.861e-02,rel=2.596e-04
INT8,BITSHIFT,U(-1,1),64,7168,7168,128x128x32_w4_v3,SKIP,v3 path-B not implemented
INT8,LUT,U(-1,1),64,7168,7168,128x256x32_w8_v3,SKIP,smem > 48KiB
INT8,BITSHIFT,U(-1,1),64,7168,7168,128x256x32_w8_v3,SKIP,smem > 48KiB
INT8,LUT,U(-1,1),64,7168,7168,64x64x32_w4_v3,OK,ms=0.619,tflops=10.62,gbps=94.1,maxabs=3.949e-02,p99=1.861e-02,rel=2.596e-04
INT8,BITSHIFT,U(-1,1),64,7168,7168,64x64x32_w4_v3,SKIP,v3 path-B not implemented
INT8,LUT,U(-1,1),64,7168,7168,64x128x32_w4_v3,OK,ms=0.666,tflops=9.88,gbps=87.5,maxabs=3.949e-02,p99=1.861e-02,rel=2.596e-04
INT8,BITSHIFT,U(-1,1),64,7168,7168,64x128x32_w4_v3,SKIP,v3 path-B not implemented
INT8,LUT,U(-1,1),64,7168,7168,32x128x32_w4_v3_b1,OK,ms=0.632,tflops=10.41,gbps=92.2,maxabs=3.949e-02,p99=1.861e-02,rel=2.596e-04
INT8,BITSHIFT,U(-1,1),64,7168,7168,32x128x32_w4_v3_b1,SKIP,v3 path-B not implemented
INT8,LUT,U(-1,1),64,7168,7168,32x64x32_w4_v3_b1,OK,ms=0.529,tflops=12.42,gbps=110.0,maxabs=3.949e-02,p99=1.861e-02,rel=2.596e-04
INT8,BITSHIFT,U(-1,1),64,7168,7168,32x64x32_w4_v3_b1,SKIP,v3 path-B not implemented
INT8,LUT,U(-1,1),64,7168,7168,32x256x32_w8_v3_b1,OK,ms=0.702,tflops=9.37,gbps=83.0,maxabs=3.949e-02,p99=1.861e-02,rel=2.596e-04
INT8,BITSHIFT,U(-1,1),64,7168,7168,32x256x32_w8_v3_b1,SKIP,v3 path-B not implemented
INT8,LUT,U(-1,1),64,7168,7168,128x128x32_w8_v3_b1alt,OK,ms=1.029,tflops=6.39,gbps=56.6,maxabs=3.949e-02,p99=1.861e-02,rel=2.596e-04
INT8,BITSHIFT,U(-1,1),64,7168,7168,128x128x32_w8_v3_b1alt,SKIP,v3 path-B not implemented
INT8,LUT,U(-1,1),64,7168,7168,64x128x32_w8_v3_b1alt,OK,ms=0.749,tflops=8.78,gbps=77.8,maxabs=3.949e-02,p99=1.861e-02,rel=2.596e-04
INT8,BITSHIFT,U(-1,1),64,7168,7168,64x128x32_w8_v3_b1alt,SKIP,v3 path-B not implemented
INT8,LUT,U(-1,1),64,7168,7168,128x64x32_w4_v4,OK,ms=0.962,tflops=6.84,gbps=60.6,maxabs=3.949e-02,p99=1.861e-02,rel=2.596e-04
INT8,BITSHIFT,U(-1,1),64,7168,7168,128x64x32_w4_v4,SKIP,v4 path-B not implemented
INT8,LUT,U(-1,1),64,7168,7168,128x128x32_w4_v4,OK,ms=0.885,tflops=7.43,gbps=65.9,maxabs=3.949e-02,p99=1.861e-02,rel=2.596e-04
INT8,BITSHIFT,U(-1,1),64,7168,7168,128x128x32_w4_v4,SKIP,v4 path-B not implemented
INT8,LUT,U(-1,1),64,7168,7168,64x64x32_w4_v4,OK,ms=0.624,tflops=10.54,gbps=93.4,maxabs=3.949e-02,p99=1.861e-02,rel=2.596e-04
INT8,BITSHIFT,U(-1,1),64,7168,7168,64x64x32_w4_v4,SKIP,v4 path-B not implemented
INT8,LUT,U(-1,1),64,7168,7168,64x128x32_w4_v4,OK,ms=0.670,tflops=9.82,gbps=87.0,maxabs=3.949e-02,p99=1.861e-02,rel=2.596e-04
INT8,BITSHIFT,U(-1,1),64,7168,7168,64x128x32_w4_v4,SKIP,v4 path-B not implemented
INT8,LUT,U(-1,1),64,7168,7168,128x64x32_w4_v5,OK,ms=0.953,tflops=6.90,gbps=61.1,maxabs=3.949e-02,p99=1.861e-02,rel=2.596e-04
INT8,BITSHIFT,U(-1,1),64,7168,7168,128x64x32_w4_v5,SKIP,v5 path-B not implemented
INT8,LUT,U(-1,1),64,7168,7168,128x128x32_w4_v5,OK,ms=0.889,tflops=7.40,gbps=65.5,maxabs=3.949e-02,p99=1.861e-02,rel=2.596e-04
INT8,BITSHIFT,U(-1,1),64,7168,7168,128x128x32_w4_v5,SKIP,v5 path-B not implemented
INT8,LUT,U(-1,1),64,7168,7168,64x64x32_w4_v5,OK,ms=0.626,tflops=10.50,gbps=93.0,maxabs=3.949e-02,p99=1.861e-02,rel=2.596e-04
INT8,BITSHIFT,U(-1,1),64,7168,7168,64x64x32_w4_v5,SKIP,v5 path-B not implemented
INT8,LUT,U(-1,1),64,7168,7168,64x128x32_w4_v5,OK,ms=0.670,tflops=9.82,gbps=87.0,maxabs=3.949e-02,p99=1.861e-02,rel=2.596e-04
INT8,BITSHIFT,U(-1,1),64,7168,7168,64x128x32_w4_v5,SKIP,v5 path-B not implemented
INT8,LUT,U(-1,1),64,7168,7168,128x128x64_w4_v6,OK,ms=1.181,tflops=5.57,gbps=49.3,maxabs=3.949e-02,p99=1.861e-02,rel=2.596e-04
INT8,BITSHIFT,U(-1,1),64,7168,7168,128x128x64_w4_v6,SKIP,v6 path-B not implemented
INT8,LUT,U(-1,1),64,7168,7168,128x64x64_w4_v6,OK,ms=1.568,tflops=4.19,gbps=37.2,maxabs=3.949e-02,p99=1.861e-02,rel=2.596e-04
INT8,BITSHIFT,U(-1,1),64,7168,7168,128x64x64_w4_v6,SKIP,v6 path-B not implemented
INT8,LUT,U(-1,1),64,7168,7168,64x128x64_w4_v6,OK,ms=0.826,tflops=7.96,gbps=70.6,maxabs=3.949e-02,p99=1.861e-02,rel=2.596e-04
INT8,BITSHIFT,U(-1,1),64,7168,7168,64x128x64_w4_v6,SKIP,v6 path-B not implemented
INT8,LUT,U(-1,1),64,7168,7168,64x64x64_w4_v6,OK,ms=0.889,tflops=7.40,gbps=65.5,maxabs=3.949e-02,p99=1.861e-02,rel=2.596e-04
INT8,BITSHIFT,U(-1,1),64,7168,7168,64x64x64_w4_v6,SKIP,v6 path-B not implemented
INT8,LUT,U(-1,1),128,7168,7168,16x64x32_w4,OK,ms=3.382,tflops=3.89,gbps=18.3,maxabs=3.949e-02,p99=1.868e-02,rel=2.592e-04
INT8,BITSHIFT,U(-1,1),128,7168,7168,16x64x32_w4,OK,ms=4.039,tflops=3.26,gbps=15.3,maxabs=2.550e-02,p99=1.298e-02,rel=1.847e-04
INT8,LUT,U(-1,1),128,7168,7168,16x128x32_w8,OK,ms=3.668,tflops=3.59,gbps=16.9,maxabs=3.949e-02,p99=1.868e-02,rel=2.592e-04
INT8,BITSHIFT,U(-1,1),128,7168,7168,16x128x32_w8,OK,ms=4.365,tflops=3.01,gbps=14.2,maxabs=2.550e-02,p99=1.298e-02,rel=1.847e-04
INT8,LUT,U(-1,1),128,7168,7168,16x128x32_w4f2,OK,ms=2.769,tflops=4.75,gbps=22.4,maxabs=3.949e-02,p99=1.868e-02,rel=2.592e-04
INT8,BITSHIFT,U(-1,1),128,7168,7168,16x128x32_w4f2,SKIP,MF path-B not implemented
INT8,LUT,U(-1,1),128,7168,7168,16x256x32_w4f4,OK,ms=4.759,tflops=2.76,gbps=13.0,maxabs=3.949e-02,p99=1.868e-02,rel=2.592e-04
INT8,BITSHIFT,U(-1,1),128,7168,7168,16x256x32_w4f4,SKIP,MF path-B not implemented
INT8,LUT,U(-1,1),128,7168,7168,128x64x32_w4_v1,OK,ms=2.459,tflops=5.35,gbps=25.2,maxabs=3.949e-02,p99=1.868e-02,rel=2.592e-04
INT8,BITSHIFT,U(-1,1),128,7168,7168,128x64x32_w4_v1,SKIP,v1 path-B not implemented
INT8,LUT,U(-1,1),128,7168,7168,128x128x32_w4_v1,OK,ms=3.412,tflops=3.86,gbps=18.2,maxabs=3.949e-02,p99=1.868e-02,rel=2.592e-04
INT8,BITSHIFT,U(-1,1),128,7168,7168,128x128x32_w4_v1,SKIP,v1 path-B not implemented
INT8,LUT,U(-1,1),128,7168,7168,128x256x32_w4_v1,OK,ms=8.331,tflops=1.58,gbps=7.4,maxabs=3.949e-02,p99=1.868e-02,rel=2.592e-04
INT8,BITSHIFT,U(-1,1),128,7168,7168,128x256x32_w4_v1,SKIP,v1 path-B not implemented
INT8,LUT,U(-1,1),128,7168,7168,128x256x32_w8_v1,OK,ms=3.505,tflops=3.75,gbps=17.7,maxabs=3.949e-02,p99=1.868e-02,rel=2.592e-04
INT8,BITSHIFT,U(-1,1),128,7168,7168,128x256x32_w8_v1,SKIP,v1 path-B not implemented
INT8,LUT,U(-1,1),128,7168,7168,64x64x32_w4_v1,OK,ms=1.890,tflops=6.96,gbps=32.8,maxabs=3.949e-02,p99=1.868e-02,rel=2.592e-04
INT8,BITSHIFT,U(-1,1),128,7168,7168,64x64x32_w4_v1,SKIP,v1 path-B not implemented
INT8,LUT,U(-1,1),128,7168,7168,64x128x32_w4_v1,OK,ms=2.880,tflops=4.57,gbps=21.5,maxabs=3.949e-02,p99=1.868e-02,rel=2.592e-04
INT8,BITSHIFT,U(-1,1),128,7168,7168,64x128x32_w4_v1,SKIP,v1 path-B not implemented
INT8,LUT,U(-1,1),128,7168,7168,128x64x32_w4_v2,OK,ms=1.398,tflops=9.41,gbps=44.3,maxabs=3.949e-02,p99=1.868e-02,rel=2.592e-04
INT8,BITSHIFT,U(-1,1),128,7168,7168,128x64x32_w4_v2,SKIP,v2 path-B not implemented
INT8,LUT,U(-1,1),128,7168,7168,128x128x32_w4_v2,OK,ms=1.581,tflops=8.32,gbps=39.2,maxabs=3.949e-02,p99=1.868e-02,rel=2.592e-04
INT8,BITSHIFT,U(-1,1),128,7168,7168,128x128x32_w4_v2,SKIP,v2 path-B not implemented
INT8,LUT,U(-1,1),128,7168,7168,128x256x32_w4_v2,OK,ms=2.636,tflops=4.99,gbps=23.5,maxabs=3.949e-02,p99=1.868e-02,rel=2.592e-04
INT8,BITSHIFT,U(-1,1),128,7168,7168,128x256x32_w4_v2,SKIP,v2 path-B not implemented
INT8,LUT,U(-1,1),128,7168,7168,128x256x32_w8_v2,OK,ms=1.653,tflops=7.96,gbps=37.5,maxabs=3.949e-02,p99=1.868e-02,rel=2.592e-04
INT8,BITSHIFT,U(-1,1),128,7168,7168,128x256x32_w8_v2,SKIP,v2 path-B not implemented
INT8,LUT,U(-1,1),128,7168,7168,64x64x32_w4_v2,OK,ms=1.059,tflops=12.42,gbps=58.5,maxabs=3.949e-02,p99=1.868e-02,rel=2.592e-04
INT8,BITSHIFT,U(-1,1),128,7168,7168,64x64x32_w4_v2,SKIP,v2 path-B not implemented
INT8,LUT,U(-1,1),128,7168,7168,64x128x32_w4_v2,OK,ms=1.069,tflops=12.31,gbps=58.0,maxabs=3.949e-02,p99=1.868e-02,rel=2.592e-04
INT8,BITSHIFT,U(-1,1),128,7168,7168,64x128x32_w4_v2,SKIP,v2 path-B not implemented
INT8,LUT,U(-1,1),128,7168,7168,128x64x32_w4_v3,OK,ms=0.963,tflops=13.66,gbps=64.3,maxabs=3.949e-02,p99=1.868e-02,rel=2.592e-04
INT8,BITSHIFT,U(-1,1),128,7168,7168,128x64x32_w4_v3,SKIP,v3 path-B not implemented
INT8,LUT,U(-1,1),128,7168,7168,128x128x32_w4_v3,OK,ms=0.997,tflops=13.19,gbps=62.1,maxabs=3.949e-02,p99=1.868e-02,rel=2.592e-04
INT8,BITSHIFT,U(-1,1),128,7168,7168,128x128x32_w4_v3,SKIP,v3 path-B not implemented
INT8,LUT,U(-1,1),128,7168,7168,128x256x32_w8_v3,SKIP,smem > 48KiB
INT8,BITSHIFT,U(-1,1),128,7168,7168,128x256x32_w8_v3,SKIP,smem > 48KiB
INT8,LUT,U(-1,1),128,7168,7168,64x64x32_w4_v3,OK,ms=0.762,tflops=17.25,gbps=81.2,maxabs=3.949e-02,p99=1.868e-02,rel=2.592e-04
INT8,BITSHIFT,U(-1,1),128,7168,7168,64x64x32_w4_v3,SKIP,v3 path-B not implemented
INT8,LUT,U(-1,1),128,7168,7168,64x128x32_w4_v3,OK,ms=0.800,tflops=16.44,gbps=77.4,maxabs=3.949e-02,p99=1.868e-02,rel=2.592e-04
INT8,BITSHIFT,U(-1,1),128,7168,7168,64x128x32_w4_v3,SKIP,v3 path-B not implemented
INT8,LUT,U(-1,1),128,7168,7168,32x128x32_w4_v3_b1,OK,ms=0.752,tflops=17.49,gbps=82.3,maxabs=3.949e-02,p99=1.868e-02,rel=2.592e-04
INT8,BITSHIFT,U(-1,1),128,7168,7168,32x128x32_w4_v3_b1,SKIP,v3 path-B not implemented
INT8,LUT,U(-1,1),128,7168,7168,32x64x32_w4_v3_b1,OK,ms=0.939,tflops=14.00,gbps=65.9,maxabs=3.949e-02,p99=1.868e-02,rel=2.592e-04
INT8,BITSHIFT,U(-1,1),128,7168,7168,32x64x32_w4_v3_b1,SKIP,v3 path-B not implemented
INT8,LUT,U(-1,1),128,7168,7168,32x256x32_w8_v3_b1,OK,ms=0.970,tflops=13.56,gbps=63.8,maxabs=3.949e-02,p99=1.868e-02,rel=2.592e-04
INT8,BITSHIFT,U(-1,1),128,7168,7168,32x256x32_w8_v3_b1,SKIP,v3 path-B not implemented
INT8,LUT,U(-1,1),128,7168,7168,128x128x32_w8_v3_b1alt,OK,ms=1.061,tflops=12.40,gbps=58.4,maxabs=3.949e-02,p99=1.868e-02,rel=2.592e-04
INT8,BITSHIFT,U(-1,1),128,7168,7168,128x128x32_w8_v3_b1alt,SKIP,v3 path-B not implemented
INT8,LUT,U(-1,1),128,7168,7168,64x128x32_w8_v3_b1alt,OK,ms=0.980,tflops=13.42,gbps=63.2,maxabs=3.949e-02,p99=1.868e-02,rel=2.592e-04
INT8,BITSHIFT,U(-1,1),128,7168,7168,64x128x32_w8_v3_b1alt,SKIP,v3 path-B not implemented
INT8,LUT,U(-1,1),128,7168,7168,128x64x32_w4_v4,OK,ms=1.010,tflops=13.02,gbps=61.3,maxabs=3.949e-02,p99=1.868e-02,rel=2.592e-04
INT8,BITSHIFT,U(-1,1),128,7168,7168,128x64x32_w4_v4,SKIP,v4 path-B not implemented
INT8,LUT,U(-1,1),128,7168,7168,128x128x32_w4_v4,OK,ms=1.002,tflops=13.12,gbps=61.8,maxabs=3.949e-02,p99=1.868e-02,rel=2.592e-04
INT8,BITSHIFT,U(-1,1),128,7168,7168,128x128x32_w4_v4,SKIP,v4 path-B not implemented
INT8,LUT,U(-1,1),128,7168,7168,64x64x32_w4_v4,OK,ms=0.791,tflops=16.64,gbps=78.3,maxabs=3.949e-02,p99=1.868e-02,rel=2.592e-04
INT8,BITSHIFT,U(-1,1),128,7168,7168,64x64x32_w4_v4,SKIP,v4 path-B not implemented
INT8,LUT,U(-1,1),128,7168,7168,64x128x32_w4_v4,OK,ms=0.810,tflops=16.24,gbps=76.5,maxabs=3.949e-02,p99=1.868e-02,rel=2.592e-04
INT8,BITSHIFT,U(-1,1),128,7168,7168,64x128x32_w4_v4,SKIP,v4 path-B not implemented
INT8,LUT,U(-1,1),128,7168,7168,128x64x32_w4_v5,OK,ms=0.998,tflops=13.18,gbps=62.1,maxabs=3.949e-02,p99=1.868e-02,rel=2.592e-04
INT8,BITSHIFT,U(-1,1),128,7168,7168,128x64x32_w4_v5,SKIP,v5 path-B not implemented
INT8,LUT,U(-1,1),128,7168,7168,128x128x32_w4_v5,OK,ms=1.007,tflops=13.06,gbps=61.5,maxabs=3.949e-02,p99=1.868e-02,rel=2.592e-04
INT8,BITSHIFT,U(-1,1),128,7168,7168,128x128x32_w4_v5,SKIP,v5 path-B not implemented
INT8,LUT,U(-1,1),128,7168,7168,64x64x32_w4_v5,OK,ms=1.134,tflops=11.60,gbps=54.6,maxabs=3.949e-02,p99=1.868e-02,rel=2.592e-04
INT8,BITSHIFT,U(-1,1),128,7168,7168,64x64x32_w4_v5,SKIP,v5 path-B not implemented
INT8,LUT,U(-1,1),128,7168,7168,64x128x32_w4_v5,OK,ms=0.800,tflops=16.44,gbps=77.4,maxabs=3.949e-02,p99=1.868e-02,rel=2.592e-04
INT8,BITSHIFT,U(-1,1),128,7168,7168,64x128x32_w4_v5,SKIP,v5 path-B not implemented
INT8,LUT,U(-1,1),128,7168,7168,128x128x64_w4_v6,OK,ms=1.292,tflops=10.18,gbps=47.9,maxabs=3.949e-02,p99=1.868e-02,rel=2.592e-04
INT8,BITSHIFT,U(-1,1),128,7168,7168,128x128x64_w4_v6,SKIP,v6 path-B not implemented
INT8,LUT,U(-1,1),128,7168,7168,128x64x64_w4_v6,OK,ms=1.532,tflops=8.59,gbps=40.4,maxabs=3.949e-02,p99=1.868e-02,rel=2.592e-04
INT8,BITSHIFT,U(-1,1),128,7168,7168,128x64x64_w4_v6,SKIP,v6 path-B not implemented
INT8,LUT,U(-1,1),128,7168,7168,64x128x64_w4_v6,OK,ms=1.056,tflops=12.46,gbps=58.7,maxabs=3.949e-02,p99=1.868e-02,rel=2.592e-04
INT8,BITSHIFT,U(-1,1),128,7168,7168,64x128x64_w4_v6,SKIP,v6 path-B not implemented
INT8,LUT,U(-1,1),128,7168,7168,64x64x64_w4_v6,OK,ms=1.222,tflops=10.77,gbps=50.7,maxabs=3.949e-02,p99=1.868e-02,rel=2.592e-04
INT8,BITSHIFT,U(-1,1),128,7168,7168,64x64x64_w4_v6,SKIP,v6 path-B not implemented
INT8,LUT,U(-1,1),256,7168,7168,16x64x32_w4,OK,ms=5.212,tflops=5.05,gbps=13.3,maxabs=3.950e-02,p99=1.818e-02,rel=2.595e-04
INT8,BITSHIFT,U(-1,1),256,7168,7168,16x64x32_w4,OK,ms=7.052,tflops=3.73,gbps=9.8,maxabs=2.550e-02,p99=1.292e-02,rel=1.848e-04
INT8,LUT,U(-1,1),256,7168,7168,16x128x32_w8,OK,ms=5.444,tflops=4.83,gbps=12.7,maxabs=3.950e-02,p99=1.818e-02,rel=2.595e-04
INT8,BITSHIFT,U(-1,1),256,7168,7168,16x128x32_w8,OK,ms=7.206,tflops=3.65,gbps=9.6,maxabs=2.550e-02,p99=1.292e-02,rel=1.848e-04
INT8,LUT,U(-1,1),256,7168,7168,16x128x32_w4f2,OK,ms=5.834,tflops=4.51,gbps=11.9,maxabs=3.950e-02,p99=1.818e-02,rel=2.595e-04
INT8,BITSHIFT,U(-1,1),256,7168,7168,16x128x32_w4f2,SKIP,MF path-B not implemented
INT8,LUT,U(-1,1),256,7168,7168,16x256x32_w4f4,OK,ms=9.684,tflops=2.72,gbps=7.2,maxabs=3.950e-02,p99=1.818e-02,rel=2.595e-04
INT8,BITSHIFT,U(-1,1),256,7168,7168,16x256x32_w4f4,SKIP,MF path-B not implemented
INT8,LUT,U(-1,1),256,7168,7168,128x64x32_w4_v1,OK,ms=2.615,tflops=10.06,gbps=26.5,maxabs=3.950e-02,p99=1.818e-02,rel=2.595e-04
INT8,BITSHIFT,U(-1,1),256,7168,7168,128x64x32_w4_v1,SKIP,v1 path-B not implemented
INT8,LUT,U(-1,1),256,7168,7168,128x128x32_w4_v1,OK,ms=3.390,tflops=7.76,gbps=20.4,maxabs=3.950e-02,p99=1.818e-02,rel=2.595e-04
INT8,BITSHIFT,U(-1,1),256,7168,7168,128x128x32_w4_v1,SKIP,v1 path-B not implemented
INT8,LUT,U(-1,1),256,7168,7168,128x256x32_w4_v1,OK,ms=8.874,tflops=2.96,gbps=7.8,maxabs=3.950e-02,p99=1.818e-02,rel=2.595e-04
INT8,BITSHIFT,U(-1,1),256,7168,7168,128x256x32_w4_v1,SKIP,v1 path-B not implemented
INT8,LUT,U(-1,1),256,7168,7168,128x256x32_w8_v1,OK,ms=3.413,tflops=7.71,gbps=20.3,maxabs=3.950e-02,p99=1.818e-02,rel=2.595e-04
INT8,BITSHIFT,U(-1,1),256,7168,7168,128x256x32_w8_v1,SKIP,v1 path-B not implemented
INT8,LUT,U(-1,1),256,7168,7168,64x64x32_w4_v1,OK,ms=4.062,tflops=6.48,gbps=17.1,maxabs=3.950e-02,p99=1.818e-02,rel=2.595e-04
INT8,BITSHIFT,U(-1,1),256,7168,7168,64x64x32_w4_v1,SKIP,v1 path-B not implemented
INT8,LUT,U(-1,1),256,7168,7168,64x128x32_w4_v1,OK,ms=3.029,tflops=8.68,gbps=22.9,maxabs=3.950e-02,p99=1.818e-02,rel=2.595e-04
INT8,BITSHIFT,U(-1,1),256,7168,7168,64x128x32_w4_v1,SKIP,v1 path-B not implemented
INT8,LUT,U(-1,1),256,7168,7168,128x64x32_w4_v2,OK,ms=1.716,tflops=15.33,gbps=40.4,maxabs=3.950e-02,p99=1.818e-02,rel=2.595e-04
INT8,BITSHIFT,U(-1,1),256,7168,7168,128x64x32_w4_v2,SKIP,v2 path-B not implemented
INT8,LUT,U(-1,1),256,7168,7168,128x128x32_w4_v2,OK,ms=1.578,tflops=16.67,gbps=43.9,maxabs=3.950e-02,p99=1.818e-02,rel=2.595e-04
INT8,BITSHIFT,U(-1,1),256,7168,7168,128x128x32_w4_v2,SKIP,v2 path-B not implemented
INT8,LUT,U(-1,1),256,7168,7168,128x256x32_w4_v2,OK,ms=2.909,tflops=9.04,gbps=23.8,maxabs=3.950e-02,p99=1.818e-02,rel=2.595e-04
INT8,BITSHIFT,U(-1,1),256,7168,7168,128x256x32_w4_v2,SKIP,v2 path-B not implemented
INT8,LUT,U(-1,1),256,7168,7168,128x256x32_w8_v2,OK,ms=1.640,tflops=16.04,gbps=42.2,maxabs=3.950e-02,p99=1.818e-02,rel=2.595e-04
INT8,BITSHIFT,U(-1,1),256,7168,7168,128x256x32_w8_v2,SKIP,v2 path-B not implemented
INT8,LUT,U(-1,1),256,7168,7168,64x64x32_w4_v2,OK,ms=1.711,tflops=15.38,gbps=40.5,maxabs=3.950e-02,p99=1.818e-02,rel=2.595e-04
INT8,BITSHIFT,U(-1,1),256,7168,7168,64x64x32_w4_v2,SKIP,v2 path-B not implemented
INT8,LUT,U(-1,1),256,7168,7168,64x128x32_w4_v2,OK,ms=1.294,tflops=20.33,gbps=53.5,maxabs=3.950e-02,p99=1.818e-02,rel=2.595e-04
INT8,BITSHIFT,U(-1,1),256,7168,7168,64x128x32_w4_v2,SKIP,v2 path-B not implemented
INT8,LUT,U(-1,1),256,7168,7168,128x64x32_w4_v3,OK,ms=1.270,tflops=20.71,gbps=54.5,maxabs=3.950e-02,p99=1.818e-02,rel=2.595e-04
INT8,BITSHIFT,U(-1,1),256,7168,7168,128x64x32_w4_v3,SKIP,v3 path-B not implemented
INT8,LUT,U(-1,1),256,7168,7168,128x128x32_w4_v3,OK,ms=1.235,tflops=21.30,gbps=56.1,maxabs=3.950e-02,p99=1.818e-02,rel=2.595e-04
INT8,BITSHIFT,U(-1,1),256,7168,7168,128x128x32_w4_v3,SKIP,v3 path-B not implemented
INT8,LUT,U(-1,1),256,7168,7168,128x256x32_w8_v3,SKIP,smem > 48KiB
INT8,BITSHIFT,U(-1,1),256,7168,7168,128x256x32_w8_v3,SKIP,smem > 48KiB
INT8,LUT,U(-1,1),256,7168,7168,64x64x32_w4_v3,OK,ms=1.924,tflops=13.68,gbps=36.0,maxabs=3.950e-02,p99=1.818e-02,rel=2.595e-04
INT8,BITSHIFT,U(-1,1),256,7168,7168,64x64x32_w4_v3,SKIP,v3 path-B not implemented
INT8,LUT,U(-1,1),256,7168,7168,64x128x32_w4_v3,OK,ms=0.976,tflops=26.96,gbps=71.0,maxabs=3.950e-02,p99=1.818e-02,rel=2.595e-04
INT8,BITSHIFT,U(-1,1),256,7168,7168,64x128x32_w4_v3,SKIP,v3 path-B not implemented
INT8,LUT,U(-1,1),256,7168,7168,32x128x32_w4_v3_b1,OK,ms=1.840,tflops=14.29,gbps=37.6,maxabs=3.950e-02,p99=1.818e-02,rel=2.595e-04
INT8,BITSHIFT,U(-1,1),256,7168,7168,32x128x32_w4_v3_b1,SKIP,v3 path-B not implemented
INT8,LUT,U(-1,1),256,7168,7168,32x64x32_w4_v3_b1,OK,ms=1.857,tflops=14.16,gbps=37.3,maxabs=3.950e-02,p99=1.818e-02,rel=2.595e-04
INT8,BITSHIFT,U(-1,1),256,7168,7168,32x64x32_w4_v3_b1,SKIP,v3 path-B not implemented
INT8,LUT,U(-1,1),256,7168,7168,32x256x32_w8_v3_b1,OK,ms=1.930,tflops=13.63,gbps=35.9,maxabs=3.950e-02,p99=1.818e-02,rel=2.595e-04
INT8,BITSHIFT,U(-1,1),256,7168,7168,32x256x32_w8_v3_b1,SKIP,v3 path-B not implemented
INT8,LUT,U(-1,1),256,7168,7168,128x128x32_w8_v3_b1alt,OK,ms=1.666,tflops=15.79,gbps=41.6,maxabs=3.950e-02,p99=1.818e-02,rel=2.595e-04
INT8,BITSHIFT,U(-1,1),256,7168,7168,128x128x32_w8_v3_b1alt,SKIP,v3 path-B not implemented
INT8,LUT,U(-1,1),256,7168,7168,64x128x32_w8_v3_b1alt,OK,ms=1.933,tflops=13.61,gbps=35.8,maxabs=3.950e-02,p99=1.818e-02,rel=2.595e-04
INT8,BITSHIFT,U(-1,1),256,7168,7168,64x128x32_w8_v3_b1alt,SKIP,v3 path-B not implemented
INT8,LUT,U(-1,1),256,7168,7168,128x64x32_w4_v4,OK,ms=1.312,tflops=20.06,gbps=52.8,maxabs=3.950e-02,p99=1.818e-02,rel=2.595e-04
INT8,BITSHIFT,U(-1,1),256,7168,7168,128x64x32_w4_v4,SKIP,v4 path-B not implemented
INT8,LUT,U(-1,1),256,7168,7168,128x128x32_w4_v4,OK,ms=1.204,tflops=21.85,gbps=57.5,maxabs=3.950e-02,p99=1.818e-02,rel=2.595e-04
INT8,BITSHIFT,U(-1,1),256,7168,7168,128x128x32_w4_v4,SKIP,v4 path-B not implemented
INT8,LUT,U(-1,1),256,7168,7168,64x64x32_w4_v4,OK,ms=1.807,tflops=14.56,gbps=38.3,maxabs=3.950e-02,p99=1.818e-02,rel=2.595e-04
INT8,BITSHIFT,U(-1,1),256,7168,7168,64x64x32_w4_v4,SKIP,v4 path-B not implemented
INT8,LUT,U(-1,1),256,7168,7168,64x128x32_w4_v4,OK,ms=0.993,tflops=26.50,gbps=69.8,maxabs=3.950e-02,p99=1.818e-02,rel=2.595e-04
INT8,BITSHIFT,U(-1,1),256,7168,7168,64x128x32_w4_v4,SKIP,v4 path-B not implemented
INT8,LUT,U(-1,1),256,7168,7168,128x64x32_w4_v5,OK,ms=1.855,tflops=14.18,gbps=37.3,maxabs=3.950e-02,p99=1.818e-02,rel=2.595e-04
INT8,BITSHIFT,U(-1,1),256,7168,7168,128x64x32_w4_v5,SKIP,v5 path-B not implemented
INT8,LUT,U(-1,1),256,7168,7168,128x128x32_w4_v5,OK,ms=1.252,tflops=21.01,gbps=55.3,maxabs=3.950e-02,p99=1.818e-02,rel=2.595e-04
INT8,BITSHIFT,U(-1,1),256,7168,7168,128x128x32_w4_v5,SKIP,v5 path-B not implemented
INT8,LUT,U(-1,1),256,7168,7168,64x64x32_w4_v5,OK,ms=1.871,tflops=14.06,gbps=37.0,maxabs=3.950e-02,p99=1.818e-02,rel=2.595e-04
INT8,BITSHIFT,U(-1,1),256,7168,7168,64x64x32_w4_v5,SKIP,v5 path-B not implemented
INT8,LUT,U(-1,1),256,7168,7168,64x128x32_w4_v5,OK,ms=1.476,tflops=17.82,gbps=46.9,maxabs=3.950e-02,p99=1.818e-02,rel=2.595e-04
INT8,BITSHIFT,U(-1,1),256,7168,7168,64x128x32_w4_v5,SKIP,v5 path-B not implemented
INT8,LUT,U(-1,1),256,7168,7168,128x128x64_w4_v6,OK,ms=1.734,tflops=15.17,gbps=40.0,maxabs=3.950e-02,p99=1.818e-02,rel=2.595e-04
INT8,BITSHIFT,U(-1,1),256,7168,7168,128x128x64_w4_v6,SKIP,v6 path-B not implemented
INT8,LUT,U(-1,1),256,7168,7168,128x64x64_w4_v6,OK,ms=2.189,tflops=12.02,gbps=31.6,maxabs=3.950e-02,p99=1.818e-02,rel=2.595e-04
INT8,BITSHIFT,U(-1,1),256,7168,7168,128x64x64_w4_v6,SKIP,v6 path-B not implemented
INT8,LUT,U(-1,1),256,7168,7168,64x128x64_w4_v6,OK,ms=1.392,tflops=18.90,gbps=49.8,maxabs=3.950e-02,p99=1.818e-02,rel=2.595e-04
INT8,BITSHIFT,U(-1,1),256,7168,7168,64x128x64_w4_v6,SKIP,v6 path-B not implemented
INT8,LUT,U(-1,1),256,7168,7168,64x64x64_w4_v6,OK,ms=2.965,tflops=8.87,gbps=23.4,maxabs=3.950e-02,p99=1.818e-02,rel=2.595e-04
INT8,BITSHIFT,U(-1,1),256,7168,7168,64x64x64_w4_v6,SKIP,v6 path-B not implemented
INT8,LUT,U(-1,1),512,7168,7168,16x64x32_w4,OK,ms=10.427,tflops=5.05,gbps=8.1,maxabs=3.949e-02,p99=1.846e-02,rel=2.594e-04
INT8,BITSHIFT,U(-1,1),512,7168,7168,16x64x32_w4,OK,ms=14.330,tflops=3.67,gbps=5.9,maxabs=2.680e-02,p99=1.346e-02,rel=1.847e-04
INT8,LUT,U(-1,1),512,7168,7168,16x128x32_w8,OK,ms=11.120,tflops=4.73,gbps=7.5,maxabs=3.949e-02,p99=1.846e-02,rel=2.594e-04
INT8,BITSHIFT,U(-1,1),512,7168,7168,16x128x32_w8,OK,ms=14.467,tflops=3.64,gbps=5.8,maxabs=2.680e-02,p99=1.346e-02,rel=1.847e-04
INT8,LUT,U(-1,1),512,7168,7168,16x128x32_w4f2,OK,ms=11.615,tflops=4.53,gbps=7.2,maxabs=3.949e-02,p99=1.846e-02,rel=2.594e-04
INT8,BITSHIFT,U(-1,1),512,7168,7168,16x128x32_w4f2,SKIP,MF path-B not implemented
INT8,LUT,U(-1,1),512,7168,7168,16x256x32_w4f4,OK,ms=14.424,tflops=3.65,gbps=5.8,maxabs=3.949e-02,p99=1.846e-02,rel=2.594e-04
INT8,BITSHIFT,U(-1,1),512,7168,7168,16x256x32_w4f4,SKIP,MF path-B not implemented
INT8,LUT,U(-1,1),512,7168,7168,128x64x32_w4_v1,OK,ms=5.728,tflops=9.19,gbps=14.7,maxabs=3.949e-02,p99=1.846e-02,rel=2.594e-04
INT8,BITSHIFT,U(-1,1),512,7168,7168,128x64x32_w4_v1,SKIP,v1 path-B not implemented
INT8,LUT,U(-1,1),512,7168,7168,128x128x32_w4_v1,OK,ms=7.267,tflops=7.24,gbps=11.6,maxabs=3.949e-02,p99=1.846e-02,rel=2.594e-04
INT8,BITSHIFT,U(-1,1),512,7168,7168,128x128x32_w4_v1,SKIP,v1 path-B not implemented
INT8,LUT,U(-1,1),512,7168,7168,128x256x32_w4_v1,OK,ms=10.833,tflops=4.86,gbps=7.7,maxabs=3.949e-02,p99=1.846e-02,rel=2.594e-04
INT8,BITSHIFT,U(-1,1),512,7168,7168,128x256x32_w4_v1,SKIP,v1 path-B not implemented
INT8,LUT,U(-1,1),512,7168,7168,128x256x32_w8_v1,OK,ms=6.853,tflops=7.68,gbps=12.3,maxabs=3.949e-02,p99=1.846e-02,rel=2.594e-04
INT8,BITSHIFT,U(-1,1),512,7168,7168,128x256x32_w8_v1,SKIP,v1 path-B not implemented
INT8,LUT,U(-1,1),512,7168,7168,64x64x32_w4_v1,OK,ms=6.313,tflops=8.33,gbps=13.3,maxabs=3.949e-02,p99=1.846e-02,rel=2.594e-04
INT8,BITSHIFT,U(-1,1),512,7168,7168,64x64x32_w4_v1,SKIP,v1 path-B not implemented
INT8,LUT,U(-1,1),512,7168,7168,64x128x32_w4_v1,OK,ms=6.055,tflops=8.69,gbps=13.9,maxabs=3.949e-02,p99=1.846e-02,rel=2.594e-04
INT8,BITSHIFT,U(-1,1),512,7168,7168,64x128x32_w4_v1,SKIP,v1 path-B not implemented
INT8,LUT,U(-1,1),512,7168,7168,128x64x32_w4_v2,OK,ms=4.057,tflops=12.97,gbps=20.7,maxabs=3.949e-02,p99=1.846e-02,rel=2.594e-04
INT8,BITSHIFT,U(-1,1),512,7168,7168,128x64x32_w4_v2,SKIP,v2 path-B not implemented
INT8,LUT,U(-1,1),512,7168,7168,128x128x32_w4_v2,OK,ms=3.815,tflops=13.79,gbps=22.0,maxabs=3.949e-02,p99=1.846e-02,rel=2.594e-04
INT8,BITSHIFT,U(-1,1),512,7168,7168,128x128x32_w4_v2,SKIP,v2 path-B not implemented
INT8,LUT,U(-1,1),512,7168,7168,128x256x32_w4_v2,OK,ms=4.957,tflops=10.61,gbps=16.9,maxabs=3.949e-02,p99=1.846e-02,rel=2.594e-04
INT8,BITSHIFT,U(-1,1),512,7168,7168,128x256x32_w4_v2,SKIP,v2 path-B not implemented
INT8,LUT,U(-1,1),512,7168,7168,128x256x32_w8_v2,OK,ms=3.294,tflops=15.97,gbps=25.5,maxabs=3.949e-02,p99=1.846e-02,rel=2.594e-04
INT8,BITSHIFT,U(-1,1),512,7168,7168,128x256x32_w8_v2,SKIP,v2 path-B not implemented
INT8,LUT,U(-1,1),512,7168,7168,64x64x32_w4_v2,OK,ms=3.424,tflops=15.36,gbps=24.5,maxabs=3.949e-02,p99=1.846e-02,rel=2.594e-04
INT8,BITSHIFT,U(-1,1),512,7168,7168,64x64x32_w4_v2,SKIP,v2 path-B not implemented
INT8,LUT,U(-1,1),512,7168,7168,64x128x32_w4_v2,OK,ms=3.298,tflops=15.95,gbps=25.5,maxabs=3.949e-02,p99=1.846e-02,rel=2.594e-04
INT8,BITSHIFT,U(-1,1),512,7168,7168,64x128x32_w4_v2,SKIP,v2 path-B not implemented
INT8,LUT,U(-1,1),512,7168,7168,128x64x32_w4_v3,OK,ms=2.526,tflops=20.83,gbps=33.2,maxabs=3.949e-02,p99=1.846e-02,rel=2.594e-04
INT8,BITSHIFT,U(-1,1),512,7168,7168,128x64x32_w4_v3,SKIP,v3 path-B not implemented
INT8,LUT,U(-1,1),512,7168,7168,128x128x32_w4_v3,OK,ms=2.558,tflops=20.57,gbps=32.8,maxabs=3.949e-02,p99=1.846e-02,rel=2.594e-04
INT8,BITSHIFT,U(-1,1),512,7168,7168,128x128x32_w4_v3,SKIP,v3 path-B not implemented
INT8,LUT,U(-1,1),512,7168,7168,128x256x32_w8_v3,SKIP,smem > 48KiB
INT8,BITSHIFT,U(-1,1),512,7168,7168,128x256x32_w8_v3,SKIP,smem > 48KiB
INT8,LUT,U(-1,1),512,7168,7168,64x64x32_w4_v3,OK,ms=3.182,tflops=16.54,gbps=26.4,maxabs=3.949e-02,p99=1.846e-02,rel=2.594e-04
INT8,BITSHIFT,U(-1,1),512,7168,7168,64x64x32_w4_v3,SKIP,v3 path-B not implemented
INT8,LUT,U(-1,1),512,7168,7168,64x128x32_w4_v3,OK,ms=1.971,tflops=26.70,gbps=42.6,maxabs=3.949e-02,p99=1.846e-02,rel=2.594e-04
INT8,BITSHIFT,U(-1,1),512,7168,7168,64x128x32_w4_v3,SKIP,v3 path-B not implemented
INT8,LUT,U(-1,1),512,7168,7168,32x128x32_w4_v3_b1,OK,ms=2.825,tflops=18.62,gbps=29.7,maxabs=3.949e-02,p99=1.846e-02,rel=2.594e-04
INT8,BITSHIFT,U(-1,1),512,7168,7168,32x128x32_w4_v3_b1,SKIP,v3 path-B not implemented
INT8,LUT,U(-1,1),512,7168,7168,32x64x32_w4_v3_b1,OK,ms=3.684,tflops=14.28,gbps=22.8,maxabs=3.949e-02,p99=1.846e-02,rel=2.594e-04
INT8,BITSHIFT,U(-1,1),512,7168,7168,32x64x32_w4_v3_b1,SKIP,v3 path-B not implemented
INT8,LUT,U(-1,1),512,7168,7168,32x256x32_w8_v3_b1,OK,ms=2.841,tflops=18.52,gbps=29.5,maxabs=3.949e-02,p99=1.846e-02,rel=2.594e-04
INT8,BITSHIFT,U(-1,1),512,7168,7168,32x256x32_w8_v3_b1,SKIP,v3 path-B not implemented
INT8,LUT,U(-1,1),512,7168,7168,128x128x32_w8_v3_b1alt,OK,ms=3.293,tflops=15.98,gbps=25.5,maxabs=3.949e-02,p99=1.846e-02,rel=2.594e-04
INT8,BITSHIFT,U(-1,1),512,7168,7168,128x128x32_w8_v3_b1alt,SKIP,v3 path-B not implemented
INT8,LUT,U(-1,1),512,7168,7168,64x128x32_w8_v3_b1alt,OK,ms=2.882,tflops=18.25,gbps=29.1,maxabs=3.949e-02,p99=1.846e-02,rel=2.594e-04
INT8,BITSHIFT,U(-1,1),512,7168,7168,64x128x32_w8_v3_b1alt,SKIP,v3 path-B not implemented
INT8,LUT,U(-1,1),512,7168,7168,128x64x32_w4_v4,OK,ms=2.612,tflops=20.14,gbps=32.1,maxabs=3.949e-02,p99=1.846e-02,rel=2.594e-04
INT8,BITSHIFT,U(-1,1),512,7168,7168,128x64x32_w4_v4,SKIP,v4 path-B not implemented
INT8,LUT,U(-1,1),512,7168,7168,128x128x32_w4_v4,OK,ms=2.516,tflops=20.91,gbps=33.4,maxabs=3.949e-02,p99=1.846e-02,rel=2.594e-04
INT8,BITSHIFT,U(-1,1),512,7168,7168,128x128x32_w4_v4,SKIP,v4 path-B not implemented
INT8,LUT,U(-1,1),512,7168,7168,64x64x32_w4_v4,OK,ms=3.127,tflops=16.82,gbps=26.8,maxabs=3.949e-02,p99=1.846e-02,rel=2.594e-04
INT8,BITSHIFT,U(-1,1),512,7168,7168,64x64x32_w4_v4,SKIP,v4 path-B not implemented
INT8,LUT,U(-1,1),512,7168,7168,64x128x32_w4_v4,OK,ms=2.004,tflops=26.25,gbps=41.9,maxabs=3.949e-02,p99=1.846e-02,rel=2.594e-04
INT8,BITSHIFT,U(-1,1),512,7168,7168,64x128x32_w4_v4,SKIP,v4 path-B not implemented
INT8,LUT,U(-1,1),512,7168,7168,128x64x32_w4_v5,OK,ms=3.143,tflops=16.74,gbps=26.7,maxabs=3.949e-02,p99=1.846e-02,rel=2.594e-04
INT8,BITSHIFT,U(-1,1),512,7168,7168,128x64x32_w4_v5,SKIP,v5 path-B not implemented
INT8,LUT,U(-1,1),512,7168,7168,128x128x32_w4_v5,OK,ms=2.289,tflops=22.99,gbps=36.7,maxabs=3.949e-02,p99=1.846e-02,rel=2.594e-04
INT8,BITSHIFT,U(-1,1),512,7168,7168,128x128x32_w4_v5,SKIP,v5 path-B not implemented
INT8,LUT,U(-1,1),512,7168,7168,64x64x32_w4_v5,OK,ms=3.878,tflops=13.57,gbps=21.6,maxabs=3.949e-02,p99=1.846e-02,rel=2.594e-04
INT8,BITSHIFT,U(-1,1),512,7168,7168,64x64x32_w4_v5,SKIP,v5 path-B not implemented
INT8,LUT,U(-1,1),512,7168,7168,64x128x32_w4_v5,OK,ms=2.399,tflops=21.93,gbps=35.0,maxabs=3.949e-02,p99=1.846e-02,rel=2.594e-04
INT8,BITSHIFT,U(-1,1),512,7168,7168,64x128x32_w4_v5,SKIP,v5 path-B not implemented
INT8,LUT,U(-1,1),512,7168,7168,128x128x64_w4_v6,OK,ms=3.374,tflops=15.59,gbps=24.9,maxabs=3.949e-02,p99=1.846e-02,rel=2.594e-04
INT8,BITSHIFT,U(-1,1),512,7168,7168,128x128x64_w4_v6,SKIP,v6 path-B not implemented
INT8,LUT,U(-1,1),512,7168,7168,128x64x64_w4_v6,OK,ms=4.359,tflops=12.07,gbps=19.3,maxabs=3.949e-02,p99=1.846e-02,rel=2.594e-04
INT8,BITSHIFT,U(-1,1),512,7168,7168,128x64x64_w4_v6,SKIP,v6 path-B not implemented
INT8,LUT,U(-1,1),512,7168,7168,64x128x64_w4_v6,OK,ms=2.772,tflops=18.98,gbps=30.3,maxabs=3.949e-02,p99=1.846e-02,rel=2.594e-04
INT8,BITSHIFT,U(-1,1),512,7168,7168,64x128x64_w4_v6,SKIP,v6 path-B not implemented
INT8,LUT,U(-1,1),512,7168,7168,64x64x64_w4_v6,OK,ms=5.531,tflops=9.51,gbps=15.2,maxabs=3.949e-02,p99=1.846e-02,rel=2.594e-04
INT8,BITSHIFT,U(-1,1),512,7168,7168,64x64x64_w4_v6,SKIP,v6 path-B not implemented
INT8,LUT,U(-1,1),1024,7168,7168,16x64x32_w4,OK,ms=21.173,tflops=4.97,gbps=5.4,maxabs=3.979e-02,p99=1.832e-02,rel=2.594e-04
INT8,BITSHIFT,U(-1,1),1024,7168,7168,16x64x32_w4,OK,ms=28.674,tflops=3.67,gbps=4.0,maxabs=2.680e-02,p99=1.347e-02,rel=1.846e-04
INT8,LUT,U(-1,1),1024,7168,7168,16x128x32_w8,OK,ms=22.262,tflops=4.73,gbps=5.1,maxabs=3.979e-02,p99=1.832e-02,rel=2.594e-04
INT8,BITSHIFT,U(-1,1),1024,7168,7168,16x128x32_w8,OK,ms=28.281,tflops=3.72,gbps=4.0,maxabs=2.680e-02,p99=1.347e-02,rel=1.846e-04
INT8,LUT,U(-1,1),1024,7168,7168,16x128x32_w4f2,OK,ms=20.360,tflops=5.17,gbps=5.6,maxabs=3.979e-02,p99=1.832e-02,rel=2.594e-04
INT8,BITSHIFT,U(-1,1),1024,7168,7168,16x128x32_w4f2,SKIP,MF path-B not implemented
INT8,LUT,U(-1,1),1024,7168,7168,16x256x32_w4f4,OK,ms=28.814,tflops=3.65,gbps=3.9,maxabs=3.979e-02,p99=1.832e-02,rel=2.594e-04
INT8,BITSHIFT,U(-1,1),1024,7168,7168,16x256x32_w4f4,SKIP,MF path-B not implemented
INT8,LUT,U(-1,1),1024,7168,7168,128x64x32_w4_v1,OK,ms=8.463,tflops=12.43,gbps=13.4,maxabs=3.979e-02,p99=1.832e-02,rel=2.594e-04
INT8,BITSHIFT,U(-1,1),1024,7168,7168,128x64x32_w4_v1,SKIP,v1 path-B not implemented
INT8,LUT,U(-1,1),1024,7168,7168,128x128x32_w4_v1,OK,ms=10.828,tflops=9.72,gbps=10.5,maxabs=3.979e-02,p99=1.832e-02,rel=2.594e-04
INT8,BITSHIFT,U(-1,1),1024,7168,7168,128x128x32_w4_v1,SKIP,v1 path-B not implemented
INT8,LUT,U(-1,1),1024,7168,7168,128x256x32_w4_v1,OK,ms=22.491,tflops=4.68,gbps=5.0,maxabs=3.979e-02,p99=1.832e-02,rel=2.594e-04
INT8,BITSHIFT,U(-1,1),1024,7168,7168,128x256x32_w4_v1,SKIP,v1 path-B not implemented
INT8,LUT,U(-1,1),1024,7168,7168,128x256x32_w8_v1,OK,ms=10.185,tflops=10.33,gbps=11.1,maxabs=3.979e-02,p99=1.832e-02,rel=2.594e-04
INT8,BITSHIFT,U(-1,1),1024,7168,7168,128x256x32_w8_v1,SKIP,v1 path-B not implemented
INT8,LUT,U(-1,1),1024,7168,7168,64x64x32_w4_v1,OK,ms=10.720,tflops=9.82,gbps=10.6,maxabs=3.979e-02,p99=1.832e-02,rel=2.594e-04
INT8,BITSHIFT,U(-1,1),1024,7168,7168,64x64x32_w4_v1,SKIP,v1 path-B not implemented
INT8,LUT,U(-1,1),1024,7168,7168,64x128x32_w4_v1,OK,ms=12.136,tflops=8.67,gbps=9.3,maxabs=3.979e-02,p99=1.832e-02,rel=2.594e-04
INT8,BITSHIFT,U(-1,1),1024,7168,7168,64x128x32_w4_v1,SKIP,v1 path-B not implemented
INT8,LUT,U(-1,1),1024,7168,7168,128x64x32_w4_v2,OK,ms=6.199,tflops=16.98,gbps=18.3,maxabs=3.979e-02,p99=1.832e-02,rel=2.594e-04
INT8,BITSHIFT,U(-1,1),1024,7168,7168,128x64x32_w4_v2,SKIP,v2 path-B not implemented
INT8,LUT,U(-1,1),1024,7168,7168,128x128x32_w4_v2,OK,ms=5.798,tflops=18.15,gbps=19.5,maxabs=3.979e-02,p99=1.832e-02,rel=2.594e-04
INT8,BITSHIFT,U(-1,1),1024,7168,7168,128x128x32_w4_v2,SKIP,v2 path-B not implemented
INT8,LUT,U(-1,1),1024,7168,7168,128x256x32_w4_v2,OK,ms=11.402,tflops=9.23,gbps=9.9,maxabs=3.979e-02,p99=1.832e-02,rel=2.594e-04
INT8,BITSHIFT,U(-1,1),1024,7168,7168,128x256x32_w4_v2,SKIP,v2 path-B not implemented
INT8,LUT,U(-1,1),1024,7168,7168,128x256x32_w8_v2,OK,ms=4.934,tflops=21.33,gbps=23.0,maxabs=3.979e-02,p99=1.832e-02,rel=2.594e-04
INT8,BITSHIFT,U(-1,1),1024,7168,7168,128x256x32_w8_v2,SKIP,v2 path-B not implemented
INT8,LUT,U(-1,1),1024,7168,7168,64x64x32_w4_v2,OK,ms=6.835,tflops=15.39,gbps=16.6,maxabs=3.979e-02,p99=1.832e-02,rel=2.594e-04
INT8,BITSHIFT,U(-1,1),1024,7168,7168,64x64x32_w4_v2,SKIP,v2 path-B not implemented
INT8,LUT,U(-1,1),1024,7168,7168,64x128x32_w4_v2,OK,ms=4.953,tflops=21.24,gbps=22.9,maxabs=3.979e-02,p99=1.832e-02,rel=2.594e-04
INT8,BITSHIFT,U(-1,1),1024,7168,7168,64x128x32_w4_v2,SKIP,v2 path-B not implemented
INT8,LUT,U(-1,1),1024,7168,7168,128x64x32_w4_v3,OK,ms=5.036,tflops=20.89,gbps=22.5,maxabs=3.979e-02,p99=1.832e-02,rel=2.594e-04
INT8,BITSHIFT,U(-1,1),1024,7168,7168,128x64x32_w4_v3,SKIP,v3 path-B not implemented
INT8,LUT,U(-1,1),1024,7168,7168,128x128x32_w4_v3,OK,ms=3.813,tflops=27.60,gbps=29.7,maxabs=3.979e-02,p99=1.832e-02,rel=2.594e-04
INT8,BITSHIFT,U(-1,1),1024,7168,7168,128x128x32_w4_v3,SKIP,v3 path-B not implemented
INT8,LUT,U(-1,1),1024,7168,7168,128x256x32_w8_v3,SKIP,smem > 48KiB
INT8,BITSHIFT,U(-1,1),1024,7168,7168,128x256x32_w8_v3,SKIP,smem > 48KiB
INT8,LUT,U(-1,1),1024,7168,7168,64x64x32_w4_v3,OK,ms=5.762,tflops=18.26,gbps=19.7,maxabs=3.979e-02,p99=1.832e-02,rel=2.594e-04
INT8,BITSHIFT,U(-1,1),1024,7168,7168,64x64x32_w4_v3,SKIP,v3 path-B not implemented
INT8,LUT,U(-1,1),1024,7168,7168,64x128x32_w4_v3,OK,ms=3.921,tflops=26.84,gbps=28.9,maxabs=3.979e-02,p99=1.832e-02,rel=2.594e-04
INT8,BITSHIFT,U(-1,1),1024,7168,7168,64x128x32_w4_v3,SKIP,v3 path-B not implemented
INT8,LUT,U(-1,1),1024,7168,7168,32x128x32_w4_v3_b1,OK,ms=5.599,tflops=18.79,gbps=20.2,maxabs=3.979e-02,p99=1.832e-02,rel=2.594e-04
INT8,BITSHIFT,U(-1,1),1024,7168,7168,32x128x32_w4_v3_b1,SKIP,v3 path-B not implemented
INT8,LUT,U(-1,1),1024,7168,7168,32x64x32_w4_v3_b1,OK,ms=7.278,tflops=14.46,gbps=15.6,maxabs=3.979e-02,p99=1.832e-02,rel=2.594e-04
INT8,BITSHIFT,U(-1,1),1024,7168,7168,32x64x32_w4_v3_b1,SKIP,v3 path-B not implemented
INT8,LUT,U(-1,1),1024,7168,7168,32x256x32_w8_v3_b1,OK,ms=5.679,tflops=18.53,gbps=20.0,maxabs=3.979e-02,p99=1.832e-02,rel=2.594e-04
INT8,BITSHIFT,U(-1,1),1024,7168,7168,32x256x32_w8_v3_b1,SKIP,v3 path-B not implemented
INT8,LUT,U(-1,1),1024,7168,7168,128x128x32_w8_v3_b1alt,OK,ms=4.920,tflops=21.39,gbps=23.0,maxabs=3.979e-02,p99=1.832e-02,rel=2.594e-04
INT8,BITSHIFT,U(-1,1),1024,7168,7168,128x128x32_w8_v3_b1alt,SKIP,v3 path-B not implemented
INT8,LUT,U(-1,1),1024,7168,7168,64x128x32_w8_v3_b1alt,OK,ms=5.753,tflops=18.29,gbps=19.7,maxabs=3.979e-02,p99=1.832e-02,rel=2.594e-04
INT8,BITSHIFT,U(-1,1),1024,7168,7168,64x128x32_w8_v3_b1alt,SKIP,v3 path-B not implemented
INT8,LUT,U(-1,1),1024,7168,7168,128x64x32_w4_v4,OK,ms=5.206,tflops=20.21,gbps=21.8,maxabs=3.979e-02,p99=1.832e-02,rel=2.594e-04
INT8,BITSHIFT,U(-1,1),1024,7168,7168,128x64x32_w4_v4,SKIP,v4 path-B not implemented
INT8,LUT,U(-1,1),1024,7168,7168,128x128x32_w4_v4,OK,ms=3.776,tflops=27.87,gbps=30.0,maxabs=3.979e-02,p99=1.832e-02,rel=2.594e-04
INT8,BITSHIFT,U(-1,1),1024,7168,7168,128x128x32_w4_v4,SKIP,v4 path-B not implemented
INT8,LUT,U(-1,1),1024,7168,7168,64x64x32_w4_v4,OK,ms=5.878,tflops=17.90,gbps=19.3,maxabs=3.979e-02,p99=1.832e-02,rel=2.594e-04
INT8,BITSHIFT,U(-1,1),1024,7168,7168,64x64x32_w4_v4,SKIP,v4 path-B not implemented
INT8,LUT,U(-1,1),1024,7168,7168,64x128x32_w4_v4,OK,ms=3.989,tflops=26.38,gbps=28.4,maxabs=3.979e-02,p99=1.832e-02,rel=2.594e-04
INT8,BITSHIFT,U(-1,1),1024,7168,7168,64x128x32_w4_v4,SKIP,v4 path-B not implemented
INT8,LUT,U(-1,1),1024,7168,7168,128x64x32_w4_v5,OK,ms=6.535,tflops=16.10,gbps=17.3,maxabs=3.979e-02,p99=1.832e-02,rel=2.594e-04
INT8,BITSHIFT,U(-1,1),1024,7168,7168,128x64x32_w4_v5,SKIP,v5 path-B not implemented
INT8,LUT,U(-1,1),1024,7168,7168,128x128x32_w4_v5,OK,ms=3.874,tflops=27.16,gbps=29.2,maxabs=3.979e-02,p99=1.832e-02,rel=2.594e-04
INT8,BITSHIFT,U(-1,1),1024,7168,7168,128x128x32_w4_v5,SKIP,v5 path-B not implemented
INT8,LUT,U(-1,1),1024,7168,7168,64x64x32_w4_v5,OK,ms=7.760,tflops=13.56,gbps=14.6,maxabs=3.979e-02,p99=1.832e-02,rel=2.594e-04
INT8,BITSHIFT,U(-1,1),1024,7168,7168,64x64x32_w4_v5,SKIP,v5 path-B not implemented
INT8,LUT,U(-1,1),1024,7168,7168,64x128x32_w4_v5,OK,ms=4.879,tflops=21.57,gbps=23.2,maxabs=3.979e-02,p99=1.832e-02,rel=2.594e-04
INT8,BITSHIFT,U(-1,1),1024,7168,7168,64x128x32_w4_v5,SKIP,v5 path-B not implemented
INT8,LUT,U(-1,1),1024,7168,7168,128x128x64_w4_v6,OK,ms=5.030,tflops=20.92,gbps=22.5,maxabs=3.979e-02,p99=1.832e-02,rel=2.594e-04
INT8,BITSHIFT,U(-1,1),1024,7168,7168,128x128x64_w4_v6,SKIP,v6 path-B not implemented
INT8,LUT,U(-1,1),1024,7168,7168,128x64x64_w4_v6,OK,ms=8.687,tflops=12.11,gbps=13.0,maxabs=3.979e-02,p99=1.832e-02,rel=2.594e-04
INT8,BITSHIFT,U(-1,1),1024,7168,7168,128x64x64_w4_v6,SKIP,v6 path-B not implemented
INT8,LUT,U(-1,1),1024,7168,7168,64x128x64_w4_v6,OK,ms=5.534,tflops=19.01,gbps=20.5,maxabs=3.979e-02,p99=1.832e-02,rel=2.594e-04
INT8,BITSHIFT,U(-1,1),1024,7168,7168,64x128x64_w4_v6,SKIP,v6 path-B not implemented
INT8,LUT,U(-1,1),1024,7168,7168,64x64x64_w4_v6,OK,ms=9.584,tflops=10.98,gbps=11.8,maxabs=3.979e-02,p99=1.832e-02,rel=2.594e-04
INT8,BITSHIFT,U(-1,1),1024,7168,7168,64x64x64_w4_v6,SKIP,v6 path-B not implemented
INT8,LUT,U(-1,1),2048,7168,7168,16x64x32_w4,OK,ms=40.370,tflops=5.21,gbps=4.3,maxabs=3.975e-02,p99=1.811e-02,rel=2.594e-04
INT8,BITSHIFT,U(-1,1),2048,7168,7168,16x64x32_w4,OK,ms=58.625,tflops=3.59,gbps=2.9,maxabs=2.817e-02,p99=1.329e-02,rel=1.846e-04
INT8,LUT,U(-1,1),2048,7168,7168,16x128x32_w8,OK,ms=41.659,tflops=5.05,gbps=4.1,maxabs=3.975e-02,p99=1.811e-02,rel=2.594e-04
INT8,BITSHIFT,U(-1,1),2048,7168,7168,16x128x32_w8,OK,ms=55.698,tflops=3.78,gbps=3.1,maxabs=2.817e-02,p99=1.329e-02,rel=1.846e-04
INT8,LUT,U(-1,1),2048,7168,7168,16x128x32_w4f2,OK,ms=37.887,tflops=5.55,gbps=4.5,maxabs=3.975e-02,p99=1.811e-02,rel=2.594e-04
INT8,BITSHIFT,U(-1,1),2048,7168,7168,16x128x32_w4f2,SKIP,MF path-B not implemented
INT8,LUT,U(-1,1),2048,7168,7168,16x256x32_w4f4,OK,ms=57.707,tflops=3.65,gbps=3.0,maxabs=3.975e-02,p99=1.811e-02,rel=2.594e-04
INT8,BITSHIFT,U(-1,1),2048,7168,7168,16x256x32_w4f4,SKIP,MF path-B not implemented
INT8,LUT,U(-1,1),2048,7168,7168,128x64x32_w4_v1,OK,ms=17.104,tflops=12.30,gbps=10.1,maxabs=3.975e-02,p99=1.811e-02,rel=2.594e-04
INT8,BITSHIFT,U(-1,1),2048,7168,7168,128x64x32_w4_v1,SKIP,v1 path-B not implemented
INT8,LUT,U(-1,1),2048,7168,7168,128x128x32_w4_v1,OK,ms=21.872,tflops=9.62,gbps=7.9,maxabs=3.975e-02,p99=1.811e-02,rel=2.594e-04
INT8,BITSHIFT,U(-1,1),2048,7168,7168,128x128x32_w4_v1,SKIP,v1 path-B not implemented
INT8,LUT,U(-1,1),2048,7168,7168,128x256x32_w4_v1,OK,ms=37.707,tflops=5.58,gbps=4.6,maxabs=3.975e-02,p99=1.811e-02,rel=2.594e-04
INT8,BITSHIFT,U(-1,1),2048,7168,7168,128x256x32_w4_v1,SKIP,v1 path-B not implemented
INT8,LUT,U(-1,1),2048,7168,7168,128x256x32_w8_v1,OK,ms=20.350,tflops=10.34,gbps=8.5,maxabs=3.975e-02,p99=1.811e-02,rel=2.594e-04
INT8,BITSHIFT,U(-1,1),2048,7168,7168,128x256x32_w8_v1,SKIP,v1 path-B not implemented
INT8,LUT,U(-1,1),2048,7168,7168,64x64x32_w4_v1,OK,ms=19.162,tflops=10.98,gbps=9.0,maxabs=3.975e-02,p99=1.811e-02,rel=2.594e-04
INT8,BITSHIFT,U(-1,1),2048,7168,7168,64x64x32_w4_v1,SKIP,v1 path-B not implemented
INT8,LUT,U(-1,1),2048,7168,7168,64x128x32_w4_v1,OK,ms=24.525,tflops=8.58,gbps=7.0,maxabs=3.975e-02,p99=1.811e-02,rel=2.594e-04
INT8,BITSHIFT,U(-1,1),2048,7168,7168,64x128x32_w4_v1,SKIP,v1 path-B not implemented
INT8,LUT,U(-1,1),2048,7168,7168,128x64x32_w4_v2,OK,ms=12.978,tflops=16.22,gbps=13.3,maxabs=3.975e-02,p99=1.811e-02,rel=2.594e-04
INT8,BITSHIFT,U(-1,1),2048,7168,7168,128x64x32_w4_v2,SKIP,v2 path-B not implemented
INT8,LUT,U(-1,1),2048,7168,7168,128x128x32_w4_v2,OK,ms=11.662,tflops=18.05,gbps=14.8,maxabs=3.975e-02,p99=1.811e-02,rel=2.594e-04
INT8,BITSHIFT,U(-1,1),2048,7168,7168,128x128x32_w4_v2,SKIP,v2 path-B not implemented
INT8,LUT,U(-1,1),2048,7168,7168,128x256x32_w4_v2,OK,ms=19.932,tflops=10.56,gbps=8.6,maxabs=3.975e-02,p99=1.811e-02,rel=2.594e-04
INT8,BITSHIFT,U(-1,1),2048,7168,7168,128x256x32_w4_v2,SKIP,v2 path-B not implemented
INT8,LUT,U(-1,1),2048,7168,7168,128x256x32_w8_v2,OK,ms=9.860,tflops=21.34,gbps=17.4,maxabs=3.975e-02,p99=1.811e-02,rel=2.594e-04
INT8,BITSHIFT,U(-1,1),2048,7168,7168,128x256x32_w8_v2,SKIP,v2 path-B not implemented
INT8,LUT,U(-1,1),2048,7168,7168,64x64x32_w4_v2,OK,ms=13.350,tflops=15.76,gbps=12.9,maxabs=3.975e-02,p99=1.811e-02,rel=2.594e-04
INT8,BITSHIFT,U(-1,1),2048,7168,7168,64x64x32_w4_v2,SKIP,v2 path-B not implemented
INT8,LUT,U(-1,1),2048,7168,7168,64x128x32_w4_v2,OK,ms=9.880,tflops=21.30,gbps=17.4,maxabs=3.975e-02,p99=1.811e-02,rel=2.594e-04
INT8,BITSHIFT,U(-1,1),2048,7168,7168,64x128x32_w4_v2,SKIP,v2 path-B not implemented
INT8,LUT,U(-1,1),2048,7168,7168,128x64x32_w4_v3,OK,ms=10.049,tflops=20.94,gbps=17.1,maxabs=3.975e-02,p99=1.811e-02,rel=2.594e-04
INT8,BITSHIFT,U(-1,1),2048,7168,7168,128x64x32_w4_v3,SKIP,v3 path-B not implemented
INT8,LUT,U(-1,1),2048,7168,7168,128x128x32_w4_v3,OK,ms=7.697,tflops=27.34,gbps=22.4,maxabs=3.975e-02,p99=1.811e-02,rel=2.594e-04
INT8,BITSHIFT,U(-1,1),2048,7168,7168,128x128x32_w4_v3,SKIP,v3 path-B not implemented
INT8,LUT,U(-1,1),2048,7168,7168,128x256x32_w8_v3,SKIP,smem > 48KiB
INT8,BITSHIFT,U(-1,1),2048,7168,7168,128x256x32_w8_v3,SKIP,smem > 48KiB
INT8,LUT,U(-1,1),2048,7168,7168,64x64x32_w4_v3,OK,ms=10.533,tflops=19.98,gbps=16.3,maxabs=3.975e-02,p99=1.811e-02,rel=2.594e-04
INT8,BITSHIFT,U(-1,1),2048,7168,7168,64x64x32_w4_v3,SKIP,v3 path-B not implemented
INT8,LUT,U(-1,1),2048,7168,7168,64x128x32_w4_v3,OK,ms=7.798,tflops=26.99,gbps=22.1,maxabs=3.975e-02,p99=1.811e-02,rel=2.594e-04
INT8,BITSHIFT,U(-1,1),2048,7168,7168,64x128x32_w4_v3,SKIP,v3 path-B not implemented
INT8,LUT,U(-1,1),2048,7168,7168,32x128x32_w4_v3_b1,OK,ms=10.870,tflops=19.36,gbps=15.8,maxabs=3.975e-02,p99=1.811e-02,rel=2.594e-04
INT8,BITSHIFT,U(-1,1),2048,7168,7168,32x128x32_w4_v3_b1,SKIP,v3 path-B not implemented
INT8,LUT,U(-1,1),2048,7168,7168,32x64x32_w4_v3_b1,OK,ms=15.153,tflops=13.89,gbps=11.4,maxabs=3.975e-02,p99=1.811e-02,rel=2.594e-04
INT8,BITSHIFT,U(-1,1),2048,7168,7168,32x64x32_w4_v3_b1,SKIP,v3 path-B not implemented
INT8,LUT,U(-1,1),2048,7168,7168,32x256x32_w8_v3_b1,OK,ms=11.069,tflops=19.01,gbps=15.5,maxabs=3.975e-02,p99=1.811e-02,rel=2.594e-04
INT8,BITSHIFT,U(-1,1),2048,7168,7168,32x256x32_w8_v3_b1,SKIP,v3 path-B not implemented
INT8,LUT,U(-1,1),2048,7168,7168,128x128x32_w8_v3_b1alt,OK,ms=9.817,tflops=21.44,gbps=17.5,maxabs=3.975e-02,p99=1.811e-02,rel=2.594e-04
INT8,BITSHIFT,U(-1,1),2048,7168,7168,128x128x32_w8_v3_b1alt,SKIP,v3 path-B not implemented
INT8,LUT,U(-1,1),2048,7168,7168,64x128x32_w8_v3_b1alt,OK,ms=11.497,tflops=18.31,gbps=15.0,maxabs=3.975e-02,p99=1.811e-02,rel=2.594e-04
INT8,BITSHIFT,U(-1,1),2048,7168,7168,64x128x32_w8_v3_b1alt,SKIP,v3 path-B not implemented
INT8,LUT,U(-1,1),2048,7168,7168,128x64x32_w4_v4,OK,ms=10.393,tflops=20.25,gbps=16.6,maxabs=3.975e-02,p99=1.811e-02,rel=2.594e-04
INT8,BITSHIFT,U(-1,1),2048,7168,7168,128x64x32_w4_v4,SKIP,v4 path-B not implemented
INT8,LUT,U(-1,1),2048,7168,7168,128x128x32_w4_v4,OK,ms=7.601,tflops=27.69,gbps=22.6,maxabs=3.975e-02,p99=1.811e-02,rel=2.594e-04
INT8,BITSHIFT,U(-1,1),2048,7168,7168,128x128x32_w4_v4,SKIP,v4 path-B not implemented
INT8,LUT,U(-1,1),2048,7168,7168,64x64x32_w4_v4,OK,ms=11.091,tflops=18.98,gbps=15.5,maxabs=3.975e-02,p99=1.811e-02,rel=2.594e-04
INT8,BITSHIFT,U(-1,1),2048,7168,7168,64x64x32_w4_v4,SKIP,v4 path-B not implemented
INT8,LUT,U(-1,1),2048,7168,7168,64x128x32_w4_v4,OK,ms=7.927,tflops=26.55,gbps=21.7,maxabs=3.975e-02,p99=1.811e-02,rel=2.594e-04
INT8,BITSHIFT,U(-1,1),2048,7168,7168,64x128x32_w4_v4,SKIP,v4 path-B not implemented
INT8,LUT,U(-1,1),2048,7168,7168,128x64x32_w4_v5,OK,ms=12.900,tflops=16.31,gbps=13.3,maxabs=3.975e-02,p99=1.811e-02,rel=2.594e-04
INT8,BITSHIFT,U(-1,1),2048,7168,7168,128x64x32_w4_v5,SKIP,v5 path-B not implemented
INT8,LUT,U(-1,1),2048,7168,7168,128x128x32_w4_v5,OK,ms=7.908,tflops=26.61,gbps=21.8,maxabs=3.975e-02,p99=1.811e-02,rel=2.594e-04
INT8,BITSHIFT,U(-1,1),2048,7168,7168,128x128x32_w4_v5,SKIP,v5 path-B not implemented
INT8,LUT,U(-1,1),2048,7168,7168,64x64x32_w4_v5,OK,ms=15.121,tflops=13.92,gbps=11.4,maxabs=3.975e-02,p99=1.811e-02,rel=2.594e-04
INT8,BITSHIFT,U(-1,1),2048,7168,7168,64x64x32_w4_v5,SKIP,v5 path-B not implemented
INT8,LUT,U(-1,1),2048,7168,7168,64x128x32_w4_v5,OK,ms=9.709,tflops=21.68,gbps=17.7,maxabs=3.975e-02,p99=1.811e-02,rel=2.594e-04
INT8,BITSHIFT,U(-1,1),2048,7168,7168,64x128x32_w4_v5,SKIP,v5 path-B not implemented
INT8,LUT,U(-1,1),2048,7168,7168,128x128x64_w4_v6,OK,ms=10.037,tflops=20.97,gbps=17.1,maxabs=3.975e-02,p99=1.811e-02,rel=2.594e-04
INT8,BITSHIFT,U(-1,1),2048,7168,7168,128x128x64_w4_v6,SKIP,v6 path-B not implemented
INT8,LUT,U(-1,1),2048,7168,7168,128x64x64_w4_v6,OK,ms=17.333,tflops=12.14,gbps=9.9,maxabs=3.975e-02,p99=1.811e-02,rel=2.594e-04
INT8,BITSHIFT,U(-1,1),2048,7168,7168,128x64x64_w4_v6,SKIP,v6 path-B not implemented
INT8,LUT,U(-1,1),2048,7168,7168,64x128x64_w4_v6,OK,ms=11.028,tflops=19.08,gbps=15.6,maxabs=3.975e-02,p99=1.811e-02,rel=2.594e-04
INT8,BITSHIFT,U(-1,1),2048,7168,7168,64x128x64_w4_v6,SKIP,v6 path-B not implemented
INT8,LUT,U(-1,1),2048,7168,7168,64x64x64_w4_v6,OK,ms=17.247,tflops=12.20,gbps=10.0,maxabs=3.975e-02,p99=1.811e-02,rel=2.594e-04
INT8,BITSHIFT,U(-1,1),2048,7168,7168,64x64x64_w4_v6,SKIP,v6 path-B not implemented
INT4,LUT,U(-1,1),1,4096,4096,16x64x32_w4,OK,ms=0.660,tflops=0.05,gbps=14.4,maxabs=1.898e-02,p99=1.403e-02,rel=2.504e-04
INT4,BITSHIFT,U(-1,1),1,4096,4096,16x64x32_w4,OK,ms=0.359,tflops=0.09,gbps=26.3,maxabs=1.367e-02,p99=1.016e-02,rel=1.847e-04
INT4,LUT,U(-1,1),1,4096,4096,16x128x32_w8,OK,ms=0.772,tflops=0.04,gbps=12.3,maxabs=1.898e-02,p99=1.403e-02,rel=2.504e-04
INT4,BITSHIFT,U(-1,1),1,4096,4096,16x128x32_w8,OK,ms=0.410,tflops=0.08,gbps=23.1,maxabs=1.367e-02,p99=1.016e-02,rel=1.847e-04
INT4,LUT,U(-1,1),1,4096,4096,16x128x32_w4f2,SKIP,BN/WARPS != 16
INT4,BITSHIFT,U(-1,1),1,4096,4096,16x128x32_w4f2,SKIP,BN/WARPS != 16
INT4,LUT,U(-1,1),1,4096,4096,16x256x32_w4f4,SKIP,BN/WARPS != 16
INT4,BITSHIFT,U(-1,1),1,4096,4096,16x256x32_w4f4,SKIP,BN/WARPS != 16
INT4,LUT,U(-1,1),1,4096,4096,128x64x32_w4_v1,SKIP,no template instantiation for this tile
INT4,BITSHIFT,U(-1,1),1,4096,4096,128x64x32_w4_v1,SKIP,opt only LUT path
INT4,LUT,U(-1,1),1,4096,4096,128x128x32_w4_v1,SKIP,BN/WARPS != 16
INT4,BITSHIFT,U(-1,1),1,4096,4096,128x128x32_w4_v1,SKIP,BN/WARPS != 16
INT4,LUT,U(-1,1),1,4096,4096,128x256x32_w4_v1,SKIP,BN/WARPS != 16
INT4,BITSHIFT,U(-1,1),1,4096,4096,128x256x32_w4_v1,SKIP,BN/WARPS != 16
INT4,LUT,U(-1,1),1,4096,4096,128x256x32_w8_v1,SKIP,BN/WARPS != 16
INT4,BITSHIFT,U(-1,1),1,4096,4096,128x256x32_w8_v1,SKIP,BN/WARPS != 16
INT4,LUT,U(-1,1),1,4096,4096,64x64x32_w4_v1,SKIP,no template instantiation for this tile
INT4,BITSHIFT,U(-1,1),1,4096,4096,64x64x32_w4_v1,SKIP,opt only LUT path
INT4,LUT,U(-1,1),1,4096,4096,64x128x32_w4_v1,SKIP,BN/WARPS != 16
INT4,BITSHIFT,U(-1,1),1,4096,4096,64x128x32_w4_v1,SKIP,BN/WARPS != 16
INT4,LUT,U(-1,1),1,4096,4096,128x64x32_w4_v2,OK,ms=0.546,tflops=0.06,gbps=17.3,maxabs=1.898e-02,p99=1.403e-02,rel=2.504e-04
INT4,BITSHIFT,U(-1,1),1,4096,4096,128x64x32_w4_v2,SKIP,opt only LUT path
INT4,LUT,U(-1,1),1,4096,4096,128x128x32_w4_v2,SKIP,BN/WARPS != 16
INT4,BITSHIFT,U(-1,1),1,4096,4096,128x128x32_w4_v2,SKIP,BN/WARPS != 16
INT4,LUT,U(-1,1),1,4096,4096,128x256x32_w4_v2,SKIP,BN/WARPS != 16
INT4,BITSHIFT,U(-1,1),1,4096,4096,128x256x32_w4_v2,SKIP,BN/WARPS != 16
INT4,LUT,U(-1,1),1,4096,4096,128x256x32_w8_v2,SKIP,BN/WARPS != 16
INT4,BITSHIFT,U(-1,1),1,4096,4096,128x256x32_w8_v2,SKIP,BN/WARPS != 16
INT4,LUT,U(-1,1),1,4096,4096,64x64x32_w4_v2,OK,ms=0.424,tflops=0.08,gbps=22.3,maxabs=1.898e-02,p99=1.403e-02,rel=2.504e-04
INT4,BITSHIFT,U(-1,1),1,4096,4096,64x64x32_w4_v2,SKIP,opt only LUT path
INT4,LUT,U(-1,1),1,4096,4096,64x128x32_w4_v2,SKIP,BN/WARPS != 16
INT4,BITSHIFT,U(-1,1),1,4096,4096,64x128x32_w4_v2,SKIP,BN/WARPS != 16
INT4,LUT,U(-1,1),1,4096,4096,128x64x32_w4_v3,OK,ms=0.542,tflops=0.06,gbps=17.5,maxabs=1.898e-02,p99=1.403e-02,rel=2.504e-04
INT4,BITSHIFT,U(-1,1),1,4096,4096,128x64x32_w4_v3,SKIP,opt only LUT path
INT4,LUT,U(-1,1),1,4096,4096,128x128x32_w4_v3,SKIP,BN/WARPS != 16
INT4,BITSHIFT,U(-1,1),1,4096,4096,128x128x32_w4_v3,SKIP,BN/WARPS != 16
INT4,LUT,U(-1,1),1,4096,4096,128x256x32_w8_v3,SKIP,BN/WARPS != 16
INT4,BITSHIFT,U(-1,1),1,4096,4096,128x256x32_w8_v3,SKIP,BN/WARPS != 16
INT4,LUT,U(-1,1),1,4096,4096,64x64x32_w4_v3,OK,ms=0.424,tflops=0.08,gbps=22.3,maxabs=1.898e-02,p99=1.403e-02,rel=2.504e-04
INT4,BITSHIFT,U(-1,1),1,4096,4096,64x64x32_w4_v3,SKIP,opt only LUT path
INT4,LUT,U(-1,1),1,4096,4096,64x128x32_w4_v3,SKIP,BN/WARPS != 16
INT4,BITSHIFT,U(-1,1),1,4096,4096,64x128x32_w4_v3,SKIP,BN/WARPS != 16
INT4,LUT,U(-1,1),1,4096,4096,32x128x32_w4_v3_b1,SKIP,BN/WARPS != 16
INT4,BITSHIFT,U(-1,1),1,4096,4096,32x128x32_w4_v3_b1,SKIP,BN/WARPS != 16
INT4,LUT,U(-1,1),1,4096,4096,32x64x32_w4_v3_b1,OK,ms=0.382,tflops=0.09,gbps=24.8,maxabs=1.898e-02,p99=1.403e-02,rel=2.504e-04
INT4,BITSHIFT,U(-1,1),1,4096,4096,32x64x32_w4_v3_b1,SKIP,opt only LUT path
INT4,LUT,U(-1,1),1,4096,4096,32x256x32_w8_v3_b1,SKIP,BN/WARPS != 16
INT4,BITSHIFT,U(-1,1),1,4096,4096,32x256x32_w8_v3_b1,SKIP,BN/WARPS != 16
INT4,LUT,U(-1,1),1,4096,4096,128x128x32_w8_v3_b1alt,SKIP,no template instantiation for this tile
INT4,BITSHIFT,U(-1,1),1,4096,4096,128x128x32_w8_v3_b1alt,SKIP,opt only LUT path
INT4,LUT,U(-1,1),1,4096,4096,64x128x32_w8_v3_b1alt,SKIP,no template instantiation for this tile
INT4,BITSHIFT,U(-1,1),1,4096,4096,64x128x32_w8_v3_b1alt,SKIP,opt only LUT path
INT4,LUT,U(-1,1),1,4096,4096,128x64x32_w4_v4,OK,ms=0.546,tflops=0.06,gbps=17.3,maxabs=1.898e-02,p99=1.403e-02,rel=2.504e-04
INT4,BITSHIFT,U(-1,1),1,4096,4096,128x64x32_w4_v4,SKIP,opt only LUT path
INT4,LUT,U(-1,1),1,4096,4096,128x128x32_w4_v4,SKIP,BN/WARPS != 16
INT4,BITSHIFT,U(-1,1),1,4096,4096,128x128x32_w4_v4,SKIP,BN/WARPS != 16
INT4,LUT,U(-1,1),1,4096,4096,64x64x32_w4_v4,OK,ms=0.429,tflops=0.08,gbps=22.1,maxabs=1.898e-02,p99=1.403e-02,rel=2.504e-04
INT4,BITSHIFT,U(-1,1),1,4096,4096,64x64x32_w4_v4,SKIP,opt only LUT path
INT4,LUT,U(-1,1),1,4096,4096,64x128x32_w4_v4,SKIP,BN/WARPS != 16
INT4,BITSHIFT,U(-1,1),1,4096,4096,64x128x32_w4_v4,SKIP,BN/WARPS != 16
INT4,LUT,U(-1,1),1,4096,4096,128x64x32_w4_v5,OK,ms=0.548,tflops=0.06,gbps=17.3,maxabs=1.898e-02,p99=1.403e-02,rel=2.504e-04
INT4,BITSHIFT,U(-1,1),1,4096,4096,128x64x32_w4_v5,SKIP,opt only LUT path
INT4,LUT,U(-1,1),1,4096,4096,128x128x32_w4_v5,SKIP,BN/WARPS != 16
INT4,BITSHIFT,U(-1,1),1,4096,4096,128x128x32_w4_v5,SKIP,BN/WARPS != 16
INT4,LUT,U(-1,1),1,4096,4096,64x64x32_w4_v5,OK,ms=0.423,tflops=0.08,gbps=22.4,maxabs=1.898e-02,p99=1.403e-02,rel=2.504e-04
INT4,BITSHIFT,U(-1,1),1,4096,4096,64x64x32_w4_v5,SKIP,opt only LUT path
INT4,LUT,U(-1,1),1,4096,4096,64x128x32_w4_v5,SKIP,BN/WARPS != 16
INT4,BITSHIFT,U(-1,1),1,4096,4096,64x128x32_w4_v5,SKIP,BN/WARPS != 16
INT4,LUT,U(-1,1),1,4096,4096,128x128x64_w4_v6,SKIP,BN/WARPS != 16
INT4,BITSHIFT,U(-1,1),1,4096,4096,128x128x64_w4_v6,SKIP,BN/WARPS != 16
INT4,LUT,U(-1,1),1,4096,4096,128x64x64_w4_v6,SKIP,v6 only INT8 (A1 retry)
INT4,BITSHIFT,U(-1,1),1,4096,4096,128x64x64_w4_v6,SKIP,opt only LUT path
INT4,LUT,U(-1,1),1,4096,4096,64x128x64_w4_v6,SKIP,BN/WARPS != 16
INT4,BITSHIFT,U(-1,1),1,4096,4096,64x128x64_w4_v6,SKIP,BN/WARPS != 16
INT4,LUT,U(-1,1),1,4096,4096,64x64x64_w4_v6,SKIP,v6 only INT8 (A1 retry)
INT4,BITSHIFT,U(-1,1),1,4096,4096,64x64x64_w4_v6,SKIP,opt only LUT path
INT4,LUT,U(-1,1),16,4096,4096,16x64x32_w4,OK,ms=0.677,tflops=0.79,gbps=14.7,maxabs=2.508e-02,p99=1.395e-02,rel=2.557e-04
INT4,BITSHIFT,U(-1,1),16,4096,4096,16x64x32_w4,OK,ms=0.505,tflops=1.06,gbps=19.7,maxabs=1.660e-02,p99=1.025e-02,rel=1.872e-04
INT4,LUT,U(-1,1),16,4096,4096,16x128x32_w8,OK,ms=0.822,tflops=0.65,gbps=12.1,maxabs=2.508e-02,p99=1.395e-02,rel=2.557e-04
INT4,BITSHIFT,U(-1,1),16,4096,4096,16x128x32_w8,OK,ms=0.645,tflops=0.83,gbps=15.4,maxabs=1.660e-02,p99=1.025e-02,rel=1.872e-04
INT4,LUT,U(-1,1),16,4096,4096,16x128x32_w4f2,SKIP,BN/WARPS != 16
INT4,BITSHIFT,U(-1,1),16,4096,4096,16x128x32_w4f2,SKIP,BN/WARPS != 16
INT4,LUT,U(-1,1),16,4096,4096,16x256x32_w4f4,SKIP,BN/WARPS != 16
INT4,BITSHIFT,U(-1,1),16,4096,4096,16x256x32_w4f4,SKIP,BN/WARPS != 16
INT4,LUT,U(-1,1),16,4096,4096,128x64x32_w4_v1,SKIP,no template instantiation for this tile
INT4,BITSHIFT,U(-1,1),16,4096,4096,128x64x32_w4_v1,SKIP,opt only LUT path
INT4,LUT,U(-1,1),16,4096,4096,128x128x32_w4_v1,SKIP,BN/WARPS != 16
INT4,BITSHIFT,U(-1,1),16,4096,4096,128x128x32_w4_v1,SKIP,BN/WARPS != 16
INT4,LUT,U(-1,1),16,4096,4096,128x256x32_w4_v1,SKIP,BN/WARPS != 16
INT4,BITSHIFT,U(-1,1),16,4096,4096,128x256x32_w4_v1,SKIP,BN/WARPS != 16
INT4,LUT,U(-1,1),16,4096,4096,128x256x32_w8_v1,SKIP,BN/WARPS != 16
INT4,BITSHIFT,U(-1,1),16,4096,4096,128x256x32_w8_v1,SKIP,BN/WARPS != 16
INT4,LUT,U(-1,1),16,4096,4096,64x64x32_w4_v1,SKIP,no template instantiation for this tile
INT4,BITSHIFT,U(-1,1),16,4096,4096,64x64x32_w4_v1,SKIP,opt only LUT path
INT4,LUT,U(-1,1),16,4096,4096,64x128x32_w4_v1,SKIP,BN/WARPS != 16
INT4,BITSHIFT,U(-1,1),16,4096,4096,64x128x32_w4_v1,SKIP,BN/WARPS != 16
INT4,LUT,U(-1,1),16,4096,4096,128x64x32_w4_v2,OK,ms=0.578,tflops=0.93,gbps=17.2,maxabs=2.508e-02,p99=1.395e-02,rel=2.557e-04
INT4,BITSHIFT,U(-1,1),16,4096,4096,128x64x32_w4_v2,SKIP,opt only LUT path
INT4,LUT,U(-1,1),16,4096,4096,128x128x32_w4_v2,SKIP,BN/WARPS != 16
INT4,BITSHIFT,U(-1,1),16,4096,4096,128x128x32_w4_v2,SKIP,BN/WARPS != 16
INT4,LUT,U(-1,1),16,4096,4096,128x256x32_w4_v2,SKIP,BN/WARPS != 16
INT4,BITSHIFT,U(-1,1),16,4096,4096,128x256x32_w4_v2,SKIP,BN/WARPS != 16
INT4,LUT,U(-1,1),16,4096,4096,128x256x32_w8_v2,SKIP,BN/WARPS != 16
INT4,BITSHIFT,U(-1,1),16,4096,4096,128x256x32_w8_v2,SKIP,BN/WARPS != 16
INT4,LUT,U(-1,1),16,4096,4096,64x64x32_w4_v2,OK,ms=0.445,tflops=1.21,gbps=22.4,maxabs=2.508e-02,p99=1.395e-02,rel=2.557e-04
INT4,BITSHIFT,U(-1,1),16,4096,4096,64x64x32_w4_v2,SKIP,opt only LUT path
INT4,LUT,U(-1,1),16,4096,4096,64x128x32_w4_v2,SKIP,BN/WARPS != 16
INT4,BITSHIFT,U(-1,1),16,4096,4096,64x128x32_w4_v2,SKIP,BN/WARPS != 16
INT4,LUT,U(-1,1),16,4096,4096,128x64x32_w4_v3,OK,ms=0.574,tflops=0.94,gbps=17.4,maxabs=2.508e-02,p99=1.395e-02,rel=2.557e-04
INT4,BITSHIFT,U(-1,1),16,4096,4096,128x64x32_w4_v3,SKIP,opt only LUT path
INT4,LUT,U(-1,1),16,4096,4096,128x128x32_w4_v3,SKIP,BN/WARPS != 16
INT4,BITSHIFT,U(-1,1),16,4096,4096,128x128x32_w4_v3,SKIP,BN/WARPS != 16
INT4,LUT,U(-1,1),16,4096,4096,128x256x32_w8_v3,SKIP,BN/WARPS != 16
INT4,BITSHIFT,U(-1,1),16,4096,4096,128x256x32_w8_v3,SKIP,BN/WARPS != 16
INT4,LUT,U(-1,1),16,4096,4096,64x64x32_w4_v3,OK,ms=0.457,tflops=1.17,gbps=21.8,maxabs=2.508e-02,p99=1.395e-02,rel=2.557e-04
INT4,BITSHIFT,U(-1,1),16,4096,4096,64x64x32_w4_v3,SKIP,opt only LUT path
INT4,LUT,U(-1,1),16,4096,4096,64x128x32_w4_v3,SKIP,BN/WARPS != 16
INT4,BITSHIFT,U(-1,1),16,4096,4096,64x128x32_w4_v3,SKIP,BN/WARPS != 16
INT4,LUT,U(-1,1),16,4096,4096,32x128x32_w4_v3_b1,SKIP,BN/WARPS != 16
INT4,BITSHIFT,U(-1,1),16,4096,4096,32x128x32_w4_v3_b1,SKIP,BN/WARPS != 16
INT4,LUT,U(-1,1),16,4096,4096,32x64x32_w4_v3_b1,OK,ms=0.422,tflops=1.27,gbps=23.6,maxabs=2.508e-02,p99=1.395e-02,rel=2.557e-04
INT4,BITSHIFT,U(-1,1),16,4096,4096,32x64x32_w4_v3_b1,SKIP,opt only LUT path
INT4,LUT,U(-1,1),16,4096,4096,32x256x32_w8_v3_b1,SKIP,BN/WARPS != 16
INT4,BITSHIFT,U(-1,1),16,4096,4096,32x256x32_w8_v3_b1,SKIP,BN/WARPS != 16
INT4,LUT,U(-1,1),16,4096,4096,128x128x32_w8_v3_b1alt,SKIP,no template instantiation for this tile
INT4,BITSHIFT,U(-1,1),16,4096,4096,128x128x32_w8_v3_b1alt,SKIP,opt only LUT path
INT4,LUT,U(-1,1),16,4096,4096,64x128x32_w8_v3_b1alt,SKIP,no template instantiation for this tile
INT4,BITSHIFT,U(-1,1),16,4096,4096,64x128x32_w8_v3_b1alt,SKIP,opt only LUT path
INT4,LUT,U(-1,1),16,4096,4096,128x64x32_w4_v4,OK,ms=0.577,tflops=0.93,gbps=17.3,maxabs=2.508e-02,p99=1.395e-02,rel=2.557e-04
INT4,BITSHIFT,U(-1,1),16,4096,4096,128x64x32_w4_v4,SKIP,opt only LUT path
INT4,LUT,U(-1,1),16,4096,4096,128x128x32_w4_v4,SKIP,BN/WARPS != 16
INT4,BITSHIFT,U(-1,1),16,4096,4096,128x128x32_w4_v4,SKIP,BN/WARPS != 16
INT4,LUT,U(-1,1),16,4096,4096,64x64x32_w4_v4,OK,ms=0.463,tflops=1.16,gbps=21.5,maxabs=2.508e-02,p99=1.395e-02,rel=2.557e-04
INT4,BITSHIFT,U(-1,1),16,4096,4096,64x64x32_w4_v4,SKIP,opt only LUT path
INT4,LUT,U(-1,1),16,4096,4096,64x128x32_w4_v4,SKIP,BN/WARPS != 16
INT4,BITSHIFT,U(-1,1),16,4096,4096,64x128x32_w4_v4,SKIP,BN/WARPS != 16
INT4,LUT,U(-1,1),16,4096,4096,128x64x32_w4_v5,OK,ms=0.577,tflops=0.93,gbps=17.3,maxabs=2.508e-02,p99=1.395e-02,rel=2.557e-04
INT4,BITSHIFT,U(-1,1),16,4096,4096,128x64x32_w4_v5,SKIP,opt only LUT path
INT4,LUT,U(-1,1),16,4096,4096,128x128x32_w4_v5,SKIP,BN/WARPS != 16
INT4,BITSHIFT,U(-1,1),16,4096,4096,128x128x32_w4_v5,SKIP,BN/WARPS != 16
INT4,LUT,U(-1,1),16,4096,4096,64x64x32_w4_v5,OK,ms=0.455,tflops=1.18,gbps=21.9,maxabs=2.508e-02,p99=1.395e-02,rel=2.557e-04
INT4,BITSHIFT,U(-1,1),16,4096,4096,64x64x32_w4_v5,SKIP,opt only LUT path
INT4,LUT,U(-1,1),16,4096,4096,64x128x32_w4_v5,SKIP,BN/WARPS != 16
INT4,BITSHIFT,U(-1,1),16,4096,4096,64x128x32_w4_v5,SKIP,BN/WARPS != 16
INT4,LUT,U(-1,1),16,4096,4096,128x128x64_w4_v6,SKIP,BN/WARPS != 16
INT4,BITSHIFT,U(-1,1),16,4096,4096,128x128x64_w4_v6,SKIP,BN/WARPS != 16
INT4,LUT,U(-1,1),16,4096,4096,128x64x64_w4_v6,SKIP,v6 only INT8 (A1 retry)
INT4,BITSHIFT,U(-1,1),16,4096,4096,128x64x64_w4_v6,SKIP,opt only LUT path
INT4,LUT,U(-1,1),16,4096,4096,64x128x64_w4_v6,SKIP,BN/WARPS != 16
INT4,BITSHIFT,U(-1,1),16,4096,4096,64x128x64_w4_v6,SKIP,BN/WARPS != 16
INT4,LUT,U(-1,1),16,4096,4096,64x64x64_w4_v6,SKIP,v6 only INT8 (A1 retry)
INT4,BITSHIFT,U(-1,1),16,4096,4096,64x64x64_w4_v6,SKIP,opt only LUT path
INT4,LUT,U(-1,1),64,4096,4096,16x64x32_w4,OK,ms=0.812,tflops=2.64,gbps=14.2,maxabs=2.522e-02,p99=1.420e-02,rel=2.555e-04
INT4,BITSHIFT,U(-1,1),64,4096,4096,16x64x32_w4,OK,ms=0.767,tflops=2.80,gbps=15.0,maxabs=1.901e-02,p99=1.045e-02,rel=1.867e-04
INT4,LUT,U(-1,1),64,4096,4096,16x128x32_w8,OK,ms=0.825,tflops=2.60,gbps=14.0,maxabs=2.522e-02,p99=1.420e-02,rel=2.555e-04
INT4,BITSHIFT,U(-1,1),64,4096,4096,16x128x32_w8,OK,ms=0.810,tflops=2.65,gbps=14.2,maxabs=1.901e-02,p99=1.045e-02,rel=1.867e-04
INT4,LUT,U(-1,1),64,4096,4096,16x128x32_w4f2,SKIP,BN/WARPS != 16
INT4,BITSHIFT,U(-1,1),64,4096,4096,16x128x32_w4f2,SKIP,BN/WARPS != 16
INT4,LUT,U(-1,1),64,4096,4096,16x256x32_w4f4,SKIP,BN/WARPS != 16
INT4,BITSHIFT,U(-1,1),64,4096,4096,16x256x32_w4f4,SKIP,BN/WARPS != 16
INT4,LUT,U(-1,1),64,4096,4096,128x64x32_w4_v1,SKIP,no template instantiation for this tile
INT4,BITSHIFT,U(-1,1),64,4096,4096,128x64x32_w4_v1,SKIP,opt only LUT path
INT4,LUT,U(-1,1),64,4096,4096,128x128x32_w4_v1,SKIP,BN/WARPS != 16
INT4,BITSHIFT,U(-1,1),64,4096,4096,128x128x32_w4_v1,SKIP,BN/WARPS != 16
INT4,LUT,U(-1,1),64,4096,4096,128x256x32_w4_v1,SKIP,BN/WARPS != 16
INT4,BITSHIFT,U(-1,1),64,4096,4096,128x256x32_w4_v1,SKIP,BN/WARPS != 16
INT4,LUT,U(-1,1),64,4096,4096,128x256x32_w8_v1,SKIP,BN/WARPS != 16
INT4,BITSHIFT,U(-1,1),64,4096,4096,128x256x32_w8_v1,SKIP,BN/WARPS != 16
INT4,LUT,U(-1,1),64,4096,4096,64x64x32_w4_v1,SKIP,no template instantiation for this tile
INT4,BITSHIFT,U(-1,1),64,4096,4096,64x64x32_w4_v1,SKIP,opt only LUT path
INT4,LUT,U(-1,1),64,4096,4096,64x128x32_w4_v1,SKIP,BN/WARPS != 16
INT4,BITSHIFT,U(-1,1),64,4096,4096,64x128x32_w4_v1,SKIP,BN/WARPS != 16
INT4,LUT,U(-1,1),64,4096,4096,128x64x32_w4_v2,OK,ms=0.610,tflops=3.52,gbps=18.9,maxabs=2.522e-02,p99=1.420e-02,rel=2.555e-04
INT4,BITSHIFT,U(-1,1),64,4096,4096,128x64x32_w4_v2,SKIP,opt only LUT path
INT4,LUT,U(-1,1),64,4096,4096,128x128x32_w4_v2,SKIP,BN/WARPS != 16
INT4,BITSHIFT,U(-1,1),64,4096,4096,128x128x32_w4_v2,SKIP,BN/WARPS != 16
INT4,LUT,U(-1,1),64,4096,4096,128x256x32_w4_v2,SKIP,BN/WARPS != 16
INT4,BITSHIFT,U(-1,1),64,4096,4096,128x256x32_w4_v2,SKIP,BN/WARPS != 16
INT4,LUT,U(-1,1),64,4096,4096,128x256x32_w8_v2,SKIP,BN/WARPS != 16
INT4,BITSHIFT,U(-1,1),64,4096,4096,128x256x32_w8_v2,SKIP,BN/WARPS != 16
INT4,LUT,U(-1,1),64,4096,4096,64x64x32_w4_v2,OK,ms=0.496,tflops=4.33,gbps=23.2,maxabs=2.522e-02,p99=1.420e-02,rel=2.555e-04
INT4,BITSHIFT,U(-1,1),64,4096,4096,64x64x32_w4_v2,SKIP,opt only LUT path
INT4,LUT,U(-1,1),64,4096,4096,64x128x32_w4_v2,SKIP,BN/WARPS != 16
INT4,BITSHIFT,U(-1,1),64,4096,4096,64x128x32_w4_v2,SKIP,BN/WARPS != 16
INT4,LUT,U(-1,1),64,4096,4096,128x64x32_w4_v3,OK,ms=0.605,tflops=3.55,gbps=19.1,maxabs=2.522e-02,p99=1.420e-02,rel=2.555e-04
INT4,BITSHIFT,U(-1,1),64,4096,4096,128x64x32_w4_v3,SKIP,opt only LUT path
INT4,LUT,U(-1,1),64,4096,4096,128x128x32_w4_v3,SKIP,BN/WARPS != 16
INT4,BITSHIFT,U(-1,1),64,4096,4096,128x128x32_w4_v3,SKIP,BN/WARPS != 16
INT4,LUT,U(-1,1),64,4096,4096,128x256x32_w8_v3,SKIP,BN/WARPS != 16
INT4,BITSHIFT,U(-1,1),64,4096,4096,128x256x32_w8_v3,SKIP,BN/WARPS != 16
INT4,LUT,U(-1,1),64,4096,4096,64x64x32_w4_v3,OK,ms=0.506,tflops=4.24,gbps=22.8,maxabs=2.522e-02,p99=1.420e-02,rel=2.555e-04
INT4,BITSHIFT,U(-1,1),64,4096,4096,64x64x32_w4_v3,SKIP,opt only LUT path
INT4,LUT,U(-1,1),64,4096,4096,64x128x32_w4_v3,SKIP,BN/WARPS != 16
INT4,BITSHIFT,U(-1,1),64,4096,4096,64x128x32_w4_v3,SKIP,BN/WARPS != 16
INT4,LUT,U(-1,1),64,4096,4096,32x128x32_w4_v3_b1,SKIP,BN/WARPS != 16
INT4,BITSHIFT,U(-1,1),64,4096,4096,32x128x32_w4_v3_b1,SKIP,BN/WARPS != 16
INT4,LUT,U(-1,1),64,4096,4096,32x64x32_w4_v3_b1,OK,ms=0.488,tflops=4.40,gbps=23.6,maxabs=2.522e-02,p99=1.420e-02,rel=2.555e-04
INT4,BITSHIFT,U(-1,1),64,4096,4096,32x64x32_w4_v3_b1,SKIP,opt only LUT path
INT4,LUT,U(-1,1),64,4096,4096,32x256x32_w8_v3_b1,SKIP,BN/WARPS != 16
INT4,BITSHIFT,U(-1,1),64,4096,4096,32x256x32_w8_v3_b1,SKIP,BN/WARPS != 16
INT4,LUT,U(-1,1),64,4096,4096,128x128x32_w8_v3_b1alt,SKIP,no template instantiation for this tile
INT4,BITSHIFT,U(-1,1),64,4096,4096,128x128x32_w8_v3_b1alt,SKIP,opt only LUT path
INT4,LUT,U(-1,1),64,4096,4096,64x128x32_w8_v3_b1alt,SKIP,no template instantiation for this tile
INT4,BITSHIFT,U(-1,1),64,4096,4096,64x128x32_w8_v3_b1alt,SKIP,opt only LUT path
INT4,LUT,U(-1,1),64,4096,4096,128x64x32_w4_v4,OK,ms=0.606,tflops=3.54,gbps=19.0,maxabs=2.522e-02,p99=1.420e-02,rel=2.555e-04
INT4,BITSHIFT,U(-1,1),64,4096,4096,128x64x32_w4_v4,SKIP,opt only LUT path
INT4,LUT,U(-1,1),64,4096,4096,128x128x32_w4_v4,SKIP,BN/WARPS != 16
INT4,BITSHIFT,U(-1,1),64,4096,4096,128x128x32_w4_v4,SKIP,BN/WARPS != 16
INT4,LUT,U(-1,1),64,4096,4096,64x64x32_w4_v4,OK,ms=0.494,tflops=4.34,gbps=23.3,maxabs=2.522e-02,p99=1.420e-02,rel=2.555e-04
INT4,BITSHIFT,U(-1,1),64,4096,4096,64x64x32_w4_v4,SKIP,opt only LUT path
INT4,LUT,U(-1,1),64,4096,4096,64x128x32_w4_v4,SKIP,BN/WARPS != 16
INT4,BITSHIFT,U(-1,1),64,4096,4096,64x128x32_w4_v4,SKIP,BN/WARPS != 16
INT4,LUT,U(-1,1),64,4096,4096,128x64x32_w4_v5,OK,ms=0.609,tflops=3.53,gbps=18.9,maxabs=2.522e-02,p99=1.420e-02,rel=2.555e-04
INT4,BITSHIFT,U(-1,1),64,4096,4096,128x64x32_w4_v5,SKIP,opt only LUT path
INT4,LUT,U(-1,1),64,4096,4096,128x128x32_w4_v5,SKIP,BN/WARPS != 16
INT4,BITSHIFT,U(-1,1),64,4096,4096,128x128x32_w4_v5,SKIP,BN/WARPS != 16
INT4,LUT,U(-1,1),64,4096,4096,64x64x32_w4_v5,OK,ms=0.486,tflops=4.42,gbps=23.7,maxabs=2.522e-02,p99=1.420e-02,rel=2.555e-04
INT4,BITSHIFT,U(-1,1),64,4096,4096,64x64x32_w4_v5,SKIP,opt only LUT path
INT4,LUT,U(-1,1),64,4096,4096,64x128x32_w4_v5,SKIP,BN/WARPS != 16
INT4,BITSHIFT,U(-1,1),64,4096,4096,64x128x32_w4_v5,SKIP,BN/WARPS != 16
INT4,LUT,U(-1,1),64,4096,4096,128x128x64_w4_v6,SKIP,BN/WARPS != 16
INT4,BITSHIFT,U(-1,1),64,4096,4096,128x128x64_w4_v6,SKIP,BN/WARPS != 16
INT4,LUT,U(-1,1),64,4096,4096,128x64x64_w4_v6,SKIP,v6 only INT8 (A1 retry)
INT4,BITSHIFT,U(-1,1),64,4096,4096,128x64x64_w4_v6,SKIP,opt only LUT path
INT4,LUT,U(-1,1),64,4096,4096,64x128x64_w4_v6,SKIP,BN/WARPS != 16
INT4,BITSHIFT,U(-1,1),64,4096,4096,64x128x64_w4_v6,SKIP,BN/WARPS != 16
INT4,LUT,U(-1,1),64,4096,4096,64x64x64_w4_v6,SKIP,v6 only INT8 (A1 retry)
INT4,BITSHIFT,U(-1,1),64,4096,4096,64x64x64_w4_v6,SKIP,opt only LUT path
INT4,LUT,U(-1,1),128,4096,4096,16x64x32_w4,OK,ms=0.934,tflops=4.60,gbps=14.6,maxabs=2.653e-02,p99=1.412e-02,rel=2.556e-04
INT4,BITSHIFT,U(-1,1),128,4096,4096,16x64x32_w4,OK,ms=1.210,tflops=3.55,gbps=11.3,maxabs=1.902e-02,p99=1.040e-02,rel=1.866e-04
INT4,LUT,U(-1,1),128,4096,4096,16x128x32_w8,OK,ms=0.998,tflops=4.30,gbps=13.7,maxabs=2.653e-02,p99=1.412e-02,rel=2.556e-04
INT4,BITSHIFT,U(-1,1),128,4096,4096,16x128x32_w8,OK,ms=1.711,tflops=2.51,gbps=8.0,maxabs=1.902e-02,p99=1.040e-02,rel=1.866e-04
INT4,LUT,U(-1,1),128,4096,4096,16x128x32_w4f2,SKIP,BN/WARPS != 16
INT4,BITSHIFT,U(-1,1),128,4096,4096,16x128x32_w4f2,SKIP,BN/WARPS != 16
INT4,LUT,U(-1,1),128,4096,4096,16x256x32_w4f4,SKIP,BN/WARPS != 16
INT4,BITSHIFT,U(-1,1),128,4096,4096,16x256x32_w4f4,SKIP,BN/WARPS != 16
INT4,LUT,U(-1,1),128,4096,4096,128x64x32_w4_v1,SKIP,no template instantiation for this tile
INT4,BITSHIFT,U(-1,1),128,4096,4096,128x64x32_w4_v1,SKIP,opt only LUT path
INT4,LUT,U(-1,1),128,4096,4096,128x128x32_w4_v1,SKIP,BN/WARPS != 16
INT4,BITSHIFT,U(-1,1),128,4096,4096,128x128x32_w4_v1,SKIP,BN/WARPS != 16
INT4,LUT,U(-1,1),128,4096,4096,128x256x32_w4_v1,SKIP,BN/WARPS != 16
INT4,BITSHIFT,U(-1,1),128,4096,4096,128x256x32_w4_v1,SKIP,BN/WARPS != 16
INT4,LUT,U(-1,1),128,4096,4096,128x256x32_w8_v1,SKIP,BN/WARPS != 16
INT4,BITSHIFT,U(-1,1),128,4096,4096,128x256x32_w8_v1,SKIP,BN/WARPS != 16
INT4,LUT,U(-1,1),128,4096,4096,64x64x32_w4_v1,SKIP,no template instantiation for this tile
INT4,BITSHIFT,U(-1,1),128,4096,4096,64x64x32_w4_v1,SKIP,opt only LUT path
INT4,LUT,U(-1,1),128,4096,4096,64x128x32_w4_v1,SKIP,BN/WARPS != 16
INT4,BITSHIFT,U(-1,1),128,4096,4096,64x128x32_w4_v1,SKIP,BN/WARPS != 16
INT4,LUT,U(-1,1),128,4096,4096,128x64x32_w4_v2,OK,ms=0.680,tflops=6.32,gbps=20.0,maxabs=2.653e-02,p99=1.412e-02,rel=2.556e-04
INT4,BITSHIFT,U(-1,1),128,4096,4096,128x64x32_w4_v2,SKIP,opt only LUT path
INT4,LUT,U(-1,1),128,4096,4096,128x128x32_w4_v2,SKIP,BN/WARPS != 16
INT4,BITSHIFT,U(-1,1),128,4096,4096,128x128x32_w4_v2,SKIP,BN/WARPS != 16
INT4,LUT,U(-1,1),128,4096,4096,128x256x32_w4_v2,SKIP,BN/WARPS != 16
INT4,BITSHIFT,U(-1,1),128,4096,4096,128x256x32_w4_v2,SKIP,BN/WARPS != 16
INT4,LUT,U(-1,1),128,4096,4096,128x256x32_w8_v2,SKIP,BN/WARPS != 16
INT4,BITSHIFT,U(-1,1),128,4096,4096,128x256x32_w8_v2,SKIP,BN/WARPS != 16
INT4,LUT,U(-1,1),128,4096,4096,64x64x32_w4_v2,OK,ms=0.520,tflops=8.26,gbps=26.2,maxabs=2.653e-02,p99=1.412e-02,rel=2.556e-04
INT4,BITSHIFT,U(-1,1),128,4096,4096,64x64x32_w4_v2,SKIP,opt only LUT path
INT4,LUT,U(-1,1),128,4096,4096,64x128x32_w4_v2,SKIP,BN/WARPS != 16
INT4,BITSHIFT,U(-1,1),128,4096,4096,64x128x32_w4_v2,SKIP,BN/WARPS != 16
INT4,LUT,U(-1,1),128,4096,4096,128x64x32_w4_v3,OK,ms=0.673,tflops=6.38,gbps=20.2,maxabs=2.653e-02,p99=1.412e-02,rel=2.556e-04
INT4,BITSHIFT,U(-1,1),128,4096,4096,128x64x32_w4_v3,SKIP,opt only LUT path
INT4,LUT,U(-1,1),128,4096,4096,128x128x32_w4_v3,SKIP,BN/WARPS != 16
INT4,BITSHIFT,U(-1,1),128,4096,4096,128x128x32_w4_v3,SKIP,BN/WARPS != 16
INT4,LUT,U(-1,1),128,4096,4096,128x256x32_w8_v3,SKIP,BN/WARPS != 16
INT4,BITSHIFT,U(-1,1),128,4096,4096,128x256x32_w8_v3,SKIP,BN/WARPS != 16
INT4,LUT,U(-1,1),128,4096,4096,64x64x32_w4_v3,OK,ms=0.554,tflops=7.75,gbps=24.6,maxabs=2.653e-02,p99=1.412e-02,rel=2.556e-04
INT4,BITSHIFT,U(-1,1),128,4096,4096,64x64x32_w4_v3,SKIP,opt only LUT path
INT4,LUT,U(-1,1),128,4096,4096,64x128x32_w4_v3,SKIP,BN/WARPS != 16
INT4,BITSHIFT,U(-1,1),128,4096,4096,64x128x32_w4_v3,SKIP,BN/WARPS != 16
INT4,LUT,U(-1,1),128,4096,4096,32x128x32_w4_v3_b1,SKIP,BN/WARPS != 16
INT4,BITSHIFT,U(-1,1),128,4096,4096,32x128x32_w4_v3_b1,SKIP,BN/WARPS != 16
INT4,LUT,U(-1,1),128,4096,4096,32x64x32_w4_v3_b1,OK,ms=0.553,tflops=7.77,gbps=24.7,maxabs=2.653e-02,p99=1.412e-02,rel=2.556e-04
INT4,BITSHIFT,U(-1,1),128,4096,4096,32x64x32_w4_v3_b1,SKIP,opt only LUT path
INT4,LUT,U(-1,1),128,4096,4096,32x256x32_w8_v3_b1,SKIP,BN/WARPS != 16
INT4,BITSHIFT,U(-1,1),128,4096,4096,32x256x32_w8_v3_b1,SKIP,BN/WARPS != 16
INT4,LUT,U(-1,1),128,4096,4096,128x128x32_w8_v3_b1alt,SKIP,no template instantiation for this tile
INT4,BITSHIFT,U(-1,1),128,4096,4096,128x128x32_w8_v3_b1alt,SKIP,opt only LUT path
INT4,LUT,U(-1,1),128,4096,4096,64x128x32_w8_v3_b1alt,SKIP,no template instantiation for this tile
INT4,BITSHIFT,U(-1,1),128,4096,4096,64x128x32_w8_v3_b1alt,SKIP,opt only LUT path
INT4,LUT,U(-1,1),128,4096,4096,128x64x32_w4_v4,OK,ms=0.671,tflops=6.40,gbps=20.3,maxabs=2.653e-02,p99=1.412e-02,rel=2.556e-04
INT4,BITSHIFT,U(-1,1),128,4096,4096,128x64x32_w4_v4,SKIP,opt only LUT path
INT4,LUT,U(-1,1),128,4096,4096,128x128x32_w4_v4,SKIP,BN/WARPS != 16
INT4,BITSHIFT,U(-1,1),128,4096,4096,128x128x32_w4_v4,SKIP,BN/WARPS != 16
INT4,LUT,U(-1,1),128,4096,4096,64x64x32_w4_v4,OK,ms=0.572,tflops=7.51,gbps=23.8,maxabs=2.653e-02,p99=1.412e-02,rel=2.556e-04
INT4,BITSHIFT,U(-1,1),128,4096,4096,64x64x32_w4_v4,SKIP,opt only LUT path
INT4,LUT,U(-1,1),128,4096,4096,64x128x32_w4_v4,SKIP,BN/WARPS != 16
INT4,BITSHIFT,U(-1,1),128,4096,4096,64x128x32_w4_v4,SKIP,BN/WARPS != 16
INT4,LUT,U(-1,1),128,4096,4096,128x64x32_w4_v5,OK,ms=0.680,tflops=6.31,gbps=20.0,maxabs=2.653e-02,p99=1.412e-02,rel=2.556e-04
INT4,BITSHIFT,U(-1,1),128,4096,4096,128x64x32_w4_v5,SKIP,opt only LUT path
INT4,LUT,U(-1,1),128,4096,4096,128x128x32_w4_v5,SKIP,BN/WARPS != 16
INT4,BITSHIFT,U(-1,1),128,4096,4096,128x128x32_w4_v5,SKIP,BN/WARPS != 16
INT4,LUT,U(-1,1),128,4096,4096,64x64x32_w4_v5,OK,ms=0.583,tflops=7.37,gbps=23.4,maxabs=2.653e-02,p99=1.412e-02,rel=2.556e-04
INT4,BITSHIFT,U(-1,1),128,4096,4096,64x64x32_w4_v5,SKIP,opt only LUT path
INT4,LUT,U(-1,1),128,4096,4096,64x128x32_w4_v5,SKIP,BN/WARPS != 16
INT4,BITSHIFT,U(-1,1),128,4096,4096,64x128x32_w4_v5,SKIP,BN/WARPS != 16
INT4,LUT,U(-1,1),128,4096,4096,128x128x64_w4_v6,SKIP,BN/WARPS != 16
INT4,BITSHIFT,U(-1,1),128,4096,4096,128x128x64_w4_v6,SKIP,BN/WARPS != 16
INT4,LUT,U(-1,1),128,4096,4096,128x64x64_w4_v6,SKIP,v6 only INT8 (A1 retry)
INT4,BITSHIFT,U(-1,1),128,4096,4096,128x64x64_w4_v6,SKIP,opt only LUT path
INT4,LUT,U(-1,1),128,4096,4096,64x128x64_w4_v6,SKIP,BN/WARPS != 16
INT4,BITSHIFT,U(-1,1),128,4096,4096,64x128x64_w4_v6,SKIP,BN/WARPS != 16
INT4,LUT,U(-1,1),128,4096,4096,64x64x64_w4_v6,SKIP,v6 only INT8 (A1 retry)
INT4,BITSHIFT,U(-1,1),128,4096,4096,64x64x64_w4_v6,SKIP,opt only LUT path
INT4,LUT,U(-1,1),256,4096,4096,16x64x32_w4,OK,ms=1.940,tflops=4.43,gbps=9.2,maxabs=2.924e-02,p99=1.398e-02,rel=2.555e-04
INT4,BITSHIFT,U(-1,1),256,4096,4096,16x64x32_w4,OK,ms=2.402,tflops=3.58,gbps=7.4,maxabs=1.902e-02,p99=1.010e-02,rel=1.863e-04
INT4,LUT,U(-1,1),256,4096,4096,16x128x32_w8,OK,ms=1.986,tflops=4.32,gbps=9.0,maxabs=2.924e-02,p99=1.398e-02,rel=2.555e-04
INT4,BITSHIFT,U(-1,1),256,4096,4096,16x128x32_w8,OK,ms=2.834,tflops=3.03,gbps=6.3,maxabs=1.902e-02,p99=1.010e-02,rel=1.863e-04
INT4,LUT,U(-1,1),256,4096,4096,16x128x32_w4f2,SKIP,BN/WARPS != 16
INT4,BITSHIFT,U(-1,1),256,4096,4096,16x128x32_w4f2,SKIP,BN/WARPS != 16
INT4,LUT,U(-1,1),256,4096,4096,16x256x32_w4f4,SKIP,BN/WARPS != 16
INT4,BITSHIFT,U(-1,1),256,4096,4096,16x256x32_w4f4,SKIP,BN/WARPS != 16
INT4,LUT,U(-1,1),256,4096,4096,128x64x32_w4_v1,SKIP,no template instantiation for this tile
INT4,BITSHIFT,U(-1,1),256,4096,4096,128x64x32_w4_v1,SKIP,opt only LUT path
INT4,LUT,U(-1,1),256,4096,4096,128x128x32_w4_v1,SKIP,BN/WARPS != 16
INT4,BITSHIFT,U(-1,1),256,4096,4096,128x128x32_w4_v1,SKIP,BN/WARPS != 16
INT4,LUT,U(-1,1),256,4096,4096,128x256x32_w4_v1,SKIP,BN/WARPS != 16
INT4,BITSHIFT,U(-1,1),256,4096,4096,128x256x32_w4_v1,SKIP,BN/WARPS != 16
INT4,LUT,U(-1,1),256,4096,4096,128x256x32_w8_v1,SKIP,BN/WARPS != 16
INT4,BITSHIFT,U(-1,1),256,4096,4096,128x256x32_w8_v1,SKIP,BN/WARPS != 16
INT4,LUT,U(-1,1),256,4096,4096,64x64x32_w4_v1,SKIP,no template instantiation for this tile
INT4,BITSHIFT,U(-1,1),256,4096,4096,64x64x32_w4_v1,SKIP,opt only LUT path
INT4,LUT,U(-1,1),256,4096,4096,64x128x32_w4_v1,SKIP,BN/WARPS != 16
INT4,BITSHIFT,U(-1,1),256,4096,4096,64x128x32_w4_v1,SKIP,BN/WARPS != 16
INT4,LUT,U(-1,1),256,4096,4096,128x64x32_w4_v2,OK,ms=0.812,tflops=10.58,gbps=22.0,maxabs=2.924e-02,p99=1.398e-02,rel=2.555e-04
INT4,BITSHIFT,U(-1,1),256,4096,4096,128x64x32_w4_v2,SKIP,opt only LUT path
INT4,LUT,U(-1,1),256,4096,4096,128x128x32_w4_v2,SKIP,BN/WARPS != 16
INT4,BITSHIFT,U(-1,1),256,4096,4096,128x128x32_w4_v2,SKIP,BN/WARPS != 16
INT4,LUT,U(-1,1),256,4096,4096,128x256x32_w4_v2,SKIP,BN/WARPS != 16
INT4,BITSHIFT,U(-1,1),256,4096,4096,128x256x32_w4_v2,SKIP,BN/WARPS != 16
INT4,LUT,U(-1,1),256,4096,4096,128x256x32_w8_v2,SKIP,BN/WARPS != 16
INT4,BITSHIFT,U(-1,1),256,4096,4096,128x256x32_w8_v2,SKIP,BN/WARPS != 16
INT4,LUT,U(-1,1),256,4096,4096,64x64x32_w4_v2,OK,ms=0.661,tflops=13.00,gbps=27.0,maxabs=2.924e-02,p99=1.398e-02,rel=2.555e-04
INT4,BITSHIFT,U(-1,1),256,4096,4096,64x64x32_w4_v2,SKIP,opt only LUT path
INT4,LUT,U(-1,1),256,4096,4096,64x128x32_w4_v2,SKIP,BN/WARPS != 16
INT4,BITSHIFT,U(-1,1),256,4096,4096,64x128x32_w4_v2,SKIP,BN/WARPS != 16
INT4,LUT,U(-1,1),256,4096,4096,128x64x32_w4_v3,OK,ms=0.802,tflops=10.72,gbps=22.2,maxabs=2.924e-02,p99=1.398e-02,rel=2.555e-04
INT4,BITSHIFT,U(-1,1),256,4096,4096,128x64x32_w4_v3,SKIP,opt only LUT path
INT4,LUT,U(-1,1),256,4096,4096,128x128x32_w4_v3,SKIP,BN/WARPS != 16
INT4,BITSHIFT,U(-1,1),256,4096,4096,128x128x32_w4_v3,SKIP,BN/WARPS != 16
INT4,LUT,U(-1,1),256,4096,4096,128x256x32_w8_v3,SKIP,BN/WARPS != 16
INT4,BITSHIFT,U(-1,1),256,4096,4096,128x256x32_w8_v3,SKIP,BN/WARPS != 16
INT4,LUT,U(-1,1),256,4096,4096,64x64x32_w4_v3,OK,ms=0.657,tflops=13.07,gbps=27.1,maxabs=2.924e-02,p99=1.398e-02,rel=2.555e-04
INT4,BITSHIFT,U(-1,1),256,4096,4096,64x64x32_w4_v3,SKIP,opt only LUT path
INT4,LUT,U(-1,1),256,4096,4096,64x128x32_w4_v3,SKIP,BN/WARPS != 16
INT4,BITSHIFT,U(-1,1),256,4096,4096,64x128x32_w4_v3,SKIP,BN/WARPS != 16
INT4,LUT,U(-1,1),256,4096,4096,32x128x32_w4_v3_b1,SKIP,BN/WARPS != 16
INT4,BITSHIFT,U(-1,1),256,4096,4096,32x128x32_w4_v3_b1,SKIP,BN/WARPS != 16
INT4,LUT,U(-1,1),256,4096,4096,32x64x32_w4_v3_b1,OK,ms=1.143,tflops=7.51,gbps=15.6,maxabs=2.924e-02,p99=1.398e-02,rel=2.555e-04
INT4,BITSHIFT,U(-1,1),256,4096,4096,32x64x32_w4_v3_b1,SKIP,opt only LUT path
INT4,LUT,U(-1,1),256,4096,4096,32x256x32_w8_v3_b1,SKIP,BN/WARPS != 16
INT4,BITSHIFT,U(-1,1),256,4096,4096,32x256x32_w8_v3_b1,SKIP,BN/WARPS != 16
INT4,LUT,U(-1,1),256,4096,4096,128x128x32_w8_v3_b1alt,SKIP,no template instantiation for this tile
INT4,BITSHIFT,U(-1,1),256,4096,4096,128x128x32_w8_v3_b1alt,SKIP,opt only LUT path
INT4,LUT,U(-1,1),256,4096,4096,64x128x32_w8_v3_b1alt,SKIP,no template instantiation for this tile
INT4,BITSHIFT,U(-1,1),256,4096,4096,64x128x32_w8_v3_b1alt,SKIP,opt only LUT path
INT4,LUT,U(-1,1),256,4096,4096,128x64x32_w4_v4,OK,ms=0.798,tflops=10.76,gbps=22.3,maxabs=2.924e-02,p99=1.398e-02,rel=2.555e-04
INT4,BITSHIFT,U(-1,1),256,4096,4096,128x64x32_w4_v4,SKIP,opt only LUT path
INT4,LUT,U(-1,1),256,4096,4096,128x128x32_w4_v4,SKIP,BN/WARPS != 16
INT4,BITSHIFT,U(-1,1),256,4096,4096,128x128x32_w4_v4,SKIP,BN/WARPS != 16
INT4,LUT,U(-1,1),256,4096,4096,64x64x32_w4_v4,OK,ms=0.689,tflops=12.47,gbps=25.9,maxabs=2.924e-02,p99=1.398e-02,rel=2.555e-04
INT4,BITSHIFT,U(-1,1),256,4096,4096,64x64x32_w4_v4,SKIP,opt only LUT path
INT4,LUT,U(-1,1),256,4096,4096,64x128x32_w4_v4,SKIP,BN/WARPS != 16
INT4,BITSHIFT,U(-1,1),256,4096,4096,64x128x32_w4_v4,SKIP,BN/WARPS != 16
INT4,LUT,U(-1,1),256,4096,4096,128x64x32_w4_v5,OK,ms=0.820,tflops=10.48,gbps=21.8,maxabs=2.924e-02,p99=1.398e-02,rel=2.555e-04
INT4,BITSHIFT,U(-1,1),256,4096,4096,128x64x32_w4_v5,SKIP,opt only LUT path
INT4,LUT,U(-1,1),256,4096,4096,128x128x32_w4_v5,SKIP,BN/WARPS != 16
INT4,BITSHIFT,U(-1,1),256,4096,4096,128x128x32_w4_v5,SKIP,BN/WARPS != 16
INT4,LUT,U(-1,1),256,4096,4096,64x64x32_w4_v5,OK,ms=1.137,tflops=7.55,gbps=15.7,maxabs=2.924e-02,p99=1.398e-02,rel=2.555e-04
INT4,BITSHIFT,U(-1,1),256,4096,4096,64x64x32_w4_v5,SKIP,opt only LUT path
INT4,LUT,U(-1,1),256,4096,4096,64x128x32_w4_v5,SKIP,BN/WARPS != 16
INT4,BITSHIFT,U(-1,1),256,4096,4096,64x128x32_w4_v5,SKIP,BN/WARPS != 16
INT4,LUT,U(-1,1),256,4096,4096,128x128x64_w4_v6,SKIP,BN/WARPS != 16
INT4,BITSHIFT,U(-1,1),256,4096,4096,128x128x64_w4_v6,SKIP,BN/WARPS != 16
INT4,LUT,U(-1,1),256,4096,4096,128x64x64_w4_v6,SKIP,v6 only INT8 (A1 retry)
INT4,BITSHIFT,U(-1,1),256,4096,4096,128x64x64_w4_v6,SKIP,opt only LUT path
INT4,LUT,U(-1,1),256,4096,4096,64x128x64_w4_v6,SKIP,BN/WARPS != 16
INT4,BITSHIFT,U(-1,1),256,4096,4096,64x128x64_w4_v6,SKIP,BN/WARPS != 16
INT4,LUT,U(-1,1),256,4096,4096,64x64x64_w4_v6,SKIP,v6 only INT8 (A1 retry)
INT4,BITSHIFT,U(-1,1),256,4096,4096,64x64x64_w4_v6,SKIP,opt only LUT path
INT4,LUT,U(-1,1),512,4096,4096,16x64x32_w4,OK,ms=3.791,tflops=4.53,gbps=6.9,maxabs=2.925e-02,p99=1.424e-02,rel=2.555e-04
INT4,BITSHIFT,U(-1,1),512,4096,4096,16x64x32_w4,OK,ms=4.791,tflops=3.59,gbps=5.5,maxabs=1.953e-02,p99=1.035e-02,rel=1.863e-04
INT4,LUT,U(-1,1),512,4096,4096,16x128x32_w8,OK,ms=3.892,tflops=4.41,gbps=6.7,maxabs=2.925e-02,p99=1.424e-02,rel=2.555e-04
INT4,BITSHIFT,U(-1,1),512,4096,4096,16x128x32_w8,OK,ms=5.087,tflops=3.38,gbps=5.2,maxabs=1.953e-02,p99=1.035e-02,rel=1.863e-04
INT4,LUT,U(-1,1),512,4096,4096,16x128x32_w4f2,SKIP,BN/WARPS != 16
INT4,BITSHIFT,U(-1,1),512,4096,4096,16x128x32_w4f2,SKIP,BN/WARPS != 16
INT4,LUT,U(-1,1),512,4096,4096,16x256x32_w4f4,SKIP,BN/WARPS != 16
INT4,BITSHIFT,U(-1,1),512,4096,4096,16x256x32_w4f4,SKIP,BN/WARPS != 16
INT4,LUT,U(-1,1),512,4096,4096,128x64x32_w4_v1,SKIP,no template instantiation for this tile
INT4,BITSHIFT,U(-1,1),512,4096,4096,128x64x32_w4_v1,SKIP,opt only LUT path
INT4,LUT,U(-1,1),512,4096,4096,128x128x32_w4_v1,SKIP,BN/WARPS != 16
INT4,BITSHIFT,U(-1,1),512,4096,4096,128x128x32_w4_v1,SKIP,BN/WARPS != 16
INT4,LUT,U(-1,1),512,4096,4096,128x256x32_w4_v1,SKIP,BN/WARPS != 16
INT4,BITSHIFT,U(-1,1),512,4096,4096,128x256x32_w4_v1,SKIP,BN/WARPS != 16
INT4,LUT,U(-1,1),512,4096,4096,128x256x32_w8_v1,SKIP,BN/WARPS != 16
INT4,BITSHIFT,U(-1,1),512,4096,4096,128x256x32_w8_v1,SKIP,BN/WARPS != 16
INT4,LUT,U(-1,1),512,4096,4096,64x64x32_w4_v1,SKIP,no template instantiation for this tile
INT4,BITSHIFT,U(-1,1),512,4096,4096,64x64x32_w4_v1,SKIP,opt only LUT path
INT4,LUT,U(-1,1),512,4096,4096,64x128x32_w4_v1,SKIP,BN/WARPS != 16
INT4,BITSHIFT,U(-1,1),512,4096,4096,64x128x32_w4_v1,SKIP,BN/WARPS != 16
INT4,LUT,U(-1,1),512,4096,4096,128x64x32_w4_v2,OK,ms=1.050,tflops=16.36,gbps=25.0,maxabs=2.925e-02,p99=1.424e-02,rel=2.555e-04
INT4,BITSHIFT,U(-1,1),512,4096,4096,128x64x32_w4_v2,SKIP,opt only LUT path
INT4,LUT,U(-1,1),512,4096,4096,128x128x32_w4_v2,SKIP,BN/WARPS != 16
INT4,BITSHIFT,U(-1,1),512,4096,4096,128x128x32_w4_v2,SKIP,BN/WARPS != 16
INT4,LUT,U(-1,1),512,4096,4096,128x256x32_w4_v2,SKIP,BN/WARPS != 16
INT4,BITSHIFT,U(-1,1),512,4096,4096,128x256x32_w4_v2,SKIP,BN/WARPS != 16
INT4,LUT,U(-1,1),512,4096,4096,128x256x32_w8_v2,SKIP,BN/WARPS != 16
INT4,BITSHIFT,U(-1,1),512,4096,4096,128x256x32_w8_v2,SKIP,BN/WARPS != 16
INT4,LUT,U(-1,1),512,4096,4096,64x64x32_w4_v2,OK,ms=1.363,tflops=12.61,gbps=19.2,maxabs=2.925e-02,p99=1.424e-02,rel=2.555e-04
INT4,BITSHIFT,U(-1,1),512,4096,4096,64x64x32_w4_v2,SKIP,opt only LUT path
INT4,LUT,U(-1,1),512,4096,4096,64x128x32_w4_v2,SKIP,BN/WARPS != 16
INT4,BITSHIFT,U(-1,1),512,4096,4096,64x128x32_w4_v2,SKIP,BN/WARPS != 16
INT4,LUT,U(-1,1),512,4096,4096,128x64x32_w4_v3,OK,ms=1.799,tflops=9.55,gbps=14.6,maxabs=2.925e-02,p99=1.424e-02,rel=2.555e-04
INT4,BITSHIFT,U(-1,1),512,4096,4096,128x64x32_w4_v3,SKIP,opt only LUT path
INT4,LUT,U(-1,1),512,4096,4096,128x128x32_w4_v3,SKIP,BN/WARPS != 16
INT4,BITSHIFT,U(-1,1),512,4096,4096,128x128x32_w4_v3,SKIP,BN/WARPS != 16
INT4,LUT,U(-1,1),512,4096,4096,128x256x32_w8_v3,SKIP,BN/WARPS != 16
INT4,BITSHIFT,U(-1,1),512,4096,4096,128x256x32_w8_v3,SKIP,BN/WARPS != 16
INT4,LUT,U(-1,1),512,4096,4096,64x64x32_w4_v3,OK,ms=1.490,tflops=11.53,gbps=17.6,maxabs=2.925e-02,p99=1.424e-02,rel=2.555e-04
INT4,BITSHIFT,U(-1,1),512,4096,4096,64x64x32_w4_v3,SKIP,opt only LUT path
INT4,LUT,U(-1,1),512,4096,4096,64x128x32_w4_v3,SKIP,BN/WARPS != 16
INT4,BITSHIFT,U(-1,1),512,4096,4096,64x128x32_w4_v3,SKIP,BN/WARPS != 16
INT4,LUT,U(-1,1),512,4096,4096,32x128x32_w4_v3_b1,SKIP,BN/WARPS != 16
INT4,BITSHIFT,U(-1,1),512,4096,4096,32x128x32_w4_v3_b1,SKIP,BN/WARPS != 16
INT4,LUT,U(-1,1),512,4096,4096,32x64x32_w4_v3_b1,OK,ms=1.803,tflops=9.53,gbps=14.5,maxabs=2.925e-02,p99=1.424e-02,rel=2.555e-04
INT4,BITSHIFT,U(-1,1),512,4096,4096,32x64x32_w4_v3_b1,SKIP,opt only LUT path
INT4,LUT,U(-1,1),512,4096,4096,32x256x32_w8_v3_b1,SKIP,BN/WARPS != 16
INT4,BITSHIFT,U(-1,1),512,4096,4096,32x256x32_w8_v3_b1,SKIP,BN/WARPS != 16
INT4,LUT,U(-1,1),512,4096,4096,128x128x32_w8_v3_b1alt,SKIP,no template instantiation for this tile
INT4,BITSHIFT,U(-1,1),512,4096,4096,128x128x32_w8_v3_b1alt,SKIP,opt only LUT path
INT4,LUT,U(-1,1),512,4096,4096,64x128x32_w8_v3_b1alt,SKIP,no template instantiation for this tile
INT4,BITSHIFT,U(-1,1),512,4096,4096,64x128x32_w8_v3_b1alt,SKIP,opt only LUT path
INT4,LUT,U(-1,1),512,4096,4096,128x64x32_w4_v4,OK,ms=1.803,tflops=9.53,gbps=14.5,maxabs=2.925e-02,p99=1.424e-02,rel=2.555e-04
INT4,BITSHIFT,U(-1,1),512,4096,4096,128x64x32_w4_v4,SKIP,opt only LUT path
INT4,LUT,U(-1,1),512,4096,4096,128x128x32_w4_v4,SKIP,BN/WARPS != 16
INT4,BITSHIFT,U(-1,1),512,4096,4096,128x128x32_w4_v4,SKIP,BN/WARPS != 16
INT4,LUT,U(-1,1),512,4096,4096,64x64x32_w4_v4,OK,ms=1.485,tflops=11.57,gbps=17.7,maxabs=2.925e-02,p99=1.424e-02,rel=2.555e-04
INT4,BITSHIFT,U(-1,1),512,4096,4096,64x64x32_w4_v4,SKIP,opt only LUT path
INT4,LUT,U(-1,1),512,4096,4096,64x128x32_w4_v4,SKIP,BN/WARPS != 16
INT4,BITSHIFT,U(-1,1),512,4096,4096,64x128x32_w4_v4,SKIP,BN/WARPS != 16
INT4,LUT,U(-1,1),512,4096,4096,128x64x32_w4_v5,OK,ms=1.641,tflops=10.47,gbps=16.0,maxabs=2.925e-02,p99=1.424e-02,rel=2.555e-04
INT4,BITSHIFT,U(-1,1),512,4096,4096,128x64x32_w4_v5,SKIP,opt only LUT path
INT4,LUT,U(-1,1),512,4096,4096,128x128x32_w4_v5,SKIP,BN/WARPS != 16
INT4,BITSHIFT,U(-1,1),512,4096,4096,128x128x32_w4_v5,SKIP,BN/WARPS != 16
INT4,LUT,U(-1,1),512,4096,4096,64x64x32_w4_v5,OK,ms=2.187,tflops=7.85,gbps=12.0,maxabs=2.925e-02,p99=1.424e-02,rel=2.555e-04
INT4,BITSHIFT,U(-1,1),512,4096,4096,64x64x32_w4_v5,SKIP,opt only LUT path
INT4,LUT,U(-1,1),512,4096,4096,64x128x32_w4_v5,SKIP,BN/WARPS != 16
INT4,BITSHIFT,U(-1,1),512,4096,4096,64x128x32_w4_v5,SKIP,BN/WARPS != 16
INT4,LUT,U(-1,1),512,4096,4096,128x128x64_w4_v6,SKIP,BN/WARPS != 16
INT4,BITSHIFT,U(-1,1),512,4096,4096,128x128x64_w4_v6,SKIP,BN/WARPS != 16
INT4,LUT,U(-1,1),512,4096,4096,128x64x64_w4_v6,SKIP,v6 only INT8 (A1 retry)
INT4,BITSHIFT,U(-1,1),512,4096,4096,128x64x64_w4_v6,SKIP,opt only LUT path
INT4,LUT,U(-1,1),512,4096,4096,64x128x64_w4_v6,SKIP,BN/WARPS != 16
INT4,BITSHIFT,U(-1,1),512,4096,4096,64x128x64_w4_v6,SKIP,BN/WARPS != 16
INT4,LUT,U(-1,1),512,4096,4096,64x64x64_w4_v6,SKIP,v6 only INT8 (A1 retry)
INT4,BITSHIFT,U(-1,1),512,4096,4096,64x64x64_w4_v6,SKIP,opt only LUT path
INT4,LUT,U(-1,1),1024,4096,4096,16x64x32_w4,OK,ms=6.823,tflops=5.04,gbps=6.3,maxabs=2.925e-02,p99=1.432e-02,rel=2.555e-04
INT4,BITSHIFT,U(-1,1),1024,4096,4096,16x64x32_w4,OK,ms=9.462,tflops=3.63,gbps=4.5,maxabs=1.954e-02,p99=1.016e-02,rel=1.862e-04
INT4,LUT,U(-1,1),1024,4096,4096,16x128x32_w8,OK,ms=7.060,tflops=4.87,gbps=6.1,maxabs=2.925e-02,p99=1.432e-02,rel=2.555e-04
INT4,BITSHIFT,U(-1,1),1024,4096,4096,16x128x32_w8,OK,ms=9.716,tflops=3.54,gbps=4.4,maxabs=1.954e-02,p99=1.016e-02,rel=1.862e-04
INT4,LUT,U(-1,1),1024,4096,4096,16x128x32_w4f2,SKIP,BN/WARPS != 16
INT4,BITSHIFT,U(-1,1),1024,4096,4096,16x128x32_w4f2,SKIP,BN/WARPS != 16
INT4,LUT,U(-1,1),1024,4096,4096,16x256x32_w4f4,SKIP,BN/WARPS != 16
INT4,BITSHIFT,U(-1,1),1024,4096,4096,16x256x32_w4f4,SKIP,BN/WARPS != 16
INT4,LUT,U(-1,1),1024,4096,4096,128x64x32_w4_v1,SKIP,no template instantiation for this tile
INT4,BITSHIFT,U(-1,1),1024,4096,4096,128x64x32_w4_v1,SKIP,opt only LUT path
INT4,LUT,U(-1,1),1024,4096,4096,128x128x32_w4_v1,SKIP,BN/WARPS != 16
INT4,BITSHIFT,U(-1,1),1024,4096,4096,128x128x32_w4_v1,SKIP,BN/WARPS != 16
INT4,LUT,U(-1,1),1024,4096,4096,128x256x32_w4_v1,SKIP,BN/WARPS != 16
INT4,BITSHIFT,U(-1,1),1024,4096,4096,128x256x32_w4_v1,SKIP,BN/WARPS != 16
INT4,LUT,U(-1,1),1024,4096,4096,128x256x32_w8_v1,SKIP,BN/WARPS != 16
INT4,BITSHIFT,U(-1,1),1024,4096,4096,128x256x32_w8_v1,SKIP,BN/WARPS != 16
INT4,LUT,U(-1,1),1024,4096,4096,64x64x32_w4_v1,SKIP,no template instantiation for this tile
INT4,BITSHIFT,U(-1,1),1024,4096,4096,64x64x32_w4_v1,SKIP,opt only LUT path
INT4,LUT,U(-1,1),1024,4096,4096,64x128x32_w4_v1,SKIP,BN/WARPS != 16
INT4,BITSHIFT,U(-1,1),1024,4096,4096,64x128x32_w4_v1,SKIP,BN/WARPS != 16
INT4,LUT,U(-1,1),1024,4096,4096,128x64x32_w4_v2,OK,ms=2.093,tflops=16.42,gbps=20.5,maxabs=2.925e-02,p99=1.432e-02,rel=2.555e-04
INT4,BITSHIFT,U(-1,1),1024,4096,4096,128x64x32_w4_v2,SKIP,opt only LUT path
INT4,LUT,U(-1,1),1024,4096,4096,128x128x32_w4_v2,SKIP,BN/WARPS != 16
INT4,BITSHIFT,U(-1,1),1024,4096,4096,128x128x32_w4_v2,SKIP,BN/WARPS != 16
INT4,LUT,U(-1,1),1024,4096,4096,128x256x32_w4_v2,SKIP,BN/WARPS != 16
INT4,BITSHIFT,U(-1,1),1024,4096,4096,128x256x32_w4_v2,SKIP,BN/WARPS != 16
INT4,LUT,U(-1,1),1024,4096,4096,128x256x32_w8_v2,SKIP,BN/WARPS != 16
INT4,BITSHIFT,U(-1,1),1024,4096,4096,128x256x32_w8_v2,SKIP,BN/WARPS != 16
INT4,LUT,U(-1,1),1024,4096,4096,64x64x32_w4_v2,OK,ms=2.733,tflops=12.57,gbps=15.7,maxabs=2.925e-02,p99=1.432e-02,rel=2.555e-04
INT4,BITSHIFT,U(-1,1),1024,4096,4096,64x64x32_w4_v2,SKIP,opt only LUT path
INT4,LUT,U(-1,1),1024,4096,4096,64x128x32_w4_v2,SKIP,BN/WARPS != 16
INT4,BITSHIFT,U(-1,1),1024,4096,4096,64x128x32_w4_v2,SKIP,BN/WARPS != 16
INT4,LUT,U(-1,1),1024,4096,4096,128x64x32_w4_v3,OK,ms=2.737,tflops=12.55,gbps=15.7,maxabs=2.925e-02,p99=1.432e-02,rel=2.555e-04
INT4,BITSHIFT,U(-1,1),1024,4096,4096,128x64x32_w4_v3,SKIP,opt only LUT path
INT4,LUT,U(-1,1),1024,4096,4096,128x128x32_w4_v3,SKIP,BN/WARPS != 16
INT4,BITSHIFT,U(-1,1),1024,4096,4096,128x128x32_w4_v3,SKIP,BN/WARPS != 16
INT4,LUT,U(-1,1),1024,4096,4096,128x256x32_w8_v3,SKIP,BN/WARPS != 16
INT4,BITSHIFT,U(-1,1),1024,4096,4096,128x256x32_w8_v3,SKIP,BN/WARPS != 16
INT4,LUT,U(-1,1),1024,4096,4096,64x64x32_w4_v3,OK,ms=2.249,tflops=15.28,gbps=19.1,maxabs=2.925e-02,p99=1.432e-02,rel=2.555e-04
INT4,BITSHIFT,U(-1,1),1024,4096,4096,64x64x32_w4_v3,SKIP,opt only LUT path
INT4,LUT,U(-1,1),1024,4096,4096,64x128x32_w4_v3,SKIP,BN/WARPS != 16
INT4,BITSHIFT,U(-1,1),1024,4096,4096,64x128x32_w4_v3,SKIP,BN/WARPS != 16
INT4,LUT,U(-1,1),1024,4096,4096,32x128x32_w4_v3_b1,SKIP,BN/WARPS != 16
INT4,BITSHIFT,U(-1,1),1024,4096,4096,32x128x32_w4_v3_b1,SKIP,BN/WARPS != 16
INT4,LUT,U(-1,1),1024,4096,4096,32x64x32_w4_v3_b1,OK,ms=3.038,tflops=11.31,gbps=14.1,maxabs=2.925e-02,p99=1.432e-02,rel=2.555e-04
INT4,BITSHIFT,U(-1,1),1024,4096,4096,32x64x32_w4_v3_b1,SKIP,opt only LUT path
INT4,LUT,U(-1,1),1024,4096,4096,32x256x32_w8_v3_b1,SKIP,BN/WARPS != 16
INT4,BITSHIFT,U(-1,1),1024,4096,4096,32x256x32_w8_v3_b1,SKIP,BN/WARPS != 16
INT4,LUT,U(-1,1),1024,4096,4096,128x128x32_w8_v3_b1alt,SKIP,no template instantiation for this tile
INT4,BITSHIFT,U(-1,1),1024,4096,4096,128x128x32_w8_v3_b1alt,SKIP,opt only LUT path
INT4,LUT,U(-1,1),1024,4096,4096,64x128x32_w8_v3_b1alt,SKIP,no template instantiation for this tile
INT4,BITSHIFT,U(-1,1),1024,4096,4096,64x128x32_w8_v3_b1alt,SKIP,opt only LUT path
INT4,LUT,U(-1,1),1024,4096,4096,128x64x32_w4_v4,OK,ms=2.751,tflops=12.49,gbps=15.6,maxabs=2.925e-02,p99=1.432e-02,rel=2.555e-04
INT4,BITSHIFT,U(-1,1),1024,4096,4096,128x64x32_w4_v4,SKIP,opt only LUT path
INT4,LUT,U(-1,1),1024,4096,4096,128x128x32_w4_v4,SKIP,BN/WARPS != 16
INT4,BITSHIFT,U(-1,1),1024,4096,4096,128x128x32_w4_v4,SKIP,BN/WARPS != 16
INT4,LUT,U(-1,1),1024,4096,4096,64x64x32_w4_v4,OK,ms=2.354,tflops=14.60,gbps=18.3,maxabs=2.925e-02,p99=1.432e-02,rel=2.555e-04
INT4,BITSHIFT,U(-1,1),1024,4096,4096,64x64x32_w4_v4,SKIP,opt only LUT path
INT4,LUT,U(-1,1),1024,4096,4096,64x128x32_w4_v4,SKIP,BN/WARPS != 16
INT4,BITSHIFT,U(-1,1),1024,4096,4096,64x128x32_w4_v4,SKIP,BN/WARPS != 16
INT4,LUT,U(-1,1),1024,4096,4096,128x64x32_w4_v5,OK,ms=3.202,tflops=10.73,gbps=13.4,maxabs=2.925e-02,p99=1.432e-02,rel=2.555e-04
INT4,BITSHIFT,U(-1,1),1024,4096,4096,128x64x32_w4_v5,SKIP,opt only LUT path
INT4,LUT,U(-1,1),1024,4096,4096,128x128x32_w4_v5,SKIP,BN/WARPS != 16
INT4,BITSHIFT,U(-1,1),1024,4096,4096,128x128x32_w4_v5,SKIP,BN/WARPS != 16
INT4,LUT,U(-1,1),1024,4096,4096,64x64x32_w4_v5,OK,ms=3.904,tflops=8.80,gbps=11.0,maxabs=2.925e-02,p99=1.432e-02,rel=2.555e-04
INT4,BITSHIFT,U(-1,1),1024,4096,4096,64x64x32_w4_v5,SKIP,opt only LUT path
INT4,LUT,U(-1,1),1024,4096,4096,64x128x32_w4_v5,SKIP,BN/WARPS != 16
INT4,BITSHIFT,U(-1,1),1024,4096,4096,64x128x32_w4_v5,SKIP,BN/WARPS != 16
INT4,LUT,U(-1,1),1024,4096,4096,128x128x64_w4_v6,SKIP,BN/WARPS != 16
INT4,BITSHIFT,U(-1,1),1024,4096,4096,128x128x64_w4_v6,SKIP,BN/WARPS != 16
INT4,LUT,U(-1,1),1024,4096,4096,128x64x64_w4_v6,SKIP,v6 only INT8 (A1 retry)
INT4,BITSHIFT,U(-1,1),1024,4096,4096,128x64x64_w4_v6,SKIP,opt only LUT path
INT4,LUT,U(-1,1),1024,4096,4096,64x128x64_w4_v6,SKIP,BN/WARPS != 16
INT4,BITSHIFT,U(-1,1),1024,4096,4096,64x128x64_w4_v6,SKIP,BN/WARPS != 16
INT4,LUT,U(-1,1),1024,4096,4096,64x64x64_w4_v6,SKIP,v6 only INT8 (A1 retry)
INT4,BITSHIFT,U(-1,1),1024,4096,4096,64x64x64_w4_v6,SKIP,opt only LUT path
INT4,LUT,U(-1,1),2048,4096,4096,16x64x32_w4,OK,ms=12.962,tflops=5.30,gbps=5.9,maxabs=3.018e-02,p99=1.420e-02,rel=2.555e-04
INT4,BITSHIFT,U(-1,1),2048,4096,4096,16x64x32_w4,OK,ms=18.382,tflops=3.74,gbps=4.2,maxabs=2.168e-02,p99=1.021e-02,rel=1.861e-04
INT4,LUT,U(-1,1),2048,4096,4096,16x128x32_w8,OK,ms=13.300,tflops=5.17,gbps=5.8,maxabs=3.018e-02,p99=1.420e-02,rel=2.555e-04
INT4,BITSHIFT,U(-1,1),2048,4096,4096,16x128x32_w8,OK,ms=19.019,tflops=3.61,gbps=4.0,maxabs=2.168e-02,p99=1.021e-02,rel=1.861e-04
INT4,LUT,U(-1,1),2048,4096,4096,16x128x32_w4f2,SKIP,BN/WARPS != 16
INT4,BITSHIFT,U(-1,1),2048,4096,4096,16x128x32_w4f2,SKIP,BN/WARPS != 16
INT4,LUT,U(-1,1),2048,4096,4096,16x256x32_w4f4,SKIP,BN/WARPS != 16
INT4,BITSHIFT,U(-1,1),2048,4096,4096,16x256x32_w4f4,SKIP,BN/WARPS != 16
INT4,LUT,U(-1,1),2048,4096,4096,128x64x32_w4_v1,SKIP,no template instantiation for this tile
INT4,BITSHIFT,U(-1,1),2048,4096,4096,128x64x32_w4_v1,SKIP,opt only LUT path
INT4,LUT,U(-1,1),2048,4096,4096,128x128x32_w4_v1,SKIP,BN/WARPS != 16
INT4,BITSHIFT,U(-1,1),2048,4096,4096,128x128x32_w4_v1,SKIP,BN/WARPS != 16
INT4,LUT,U(-1,1),2048,4096,4096,128x256x32_w4_v1,SKIP,BN/WARPS != 16
INT4,BITSHIFT,U(-1,1),2048,4096,4096,128x256x32_w4_v1,SKIP,BN/WARPS != 16
INT4,LUT,U(-1,1),2048,4096,4096,128x256x32_w8_v1,SKIP,BN/WARPS != 16
INT4,BITSHIFT,U(-1,1),2048,4096,4096,128x256x32_w8_v1,SKIP,BN/WARPS != 16
INT4,LUT,U(-1,1),2048,4096,4096,64x64x32_w4_v1,SKIP,no template instantiation for this tile
INT4,BITSHIFT,U(-1,1),2048,4096,4096,64x64x32_w4_v1,SKIP,opt only LUT path
INT4,LUT,U(-1,1),2048,4096,4096,64x128x32_w4_v1,SKIP,BN/WARPS != 16
INT4,BITSHIFT,U(-1,1),2048,4096,4096,64x128x32_w4_v1,SKIP,BN/WARPS != 16
INT4,LUT,U(-1,1),2048,4096,4096,128x64x32_w4_v2,OK,ms=4.206,tflops=16.34,gbps=18.2,maxabs=3.018e-02,p99=1.420e-02,rel=2.555e-04
INT4,BITSHIFT,U(-1,1),2048,4096,4096,128x64x32_w4_v2,SKIP,opt only LUT path
INT4,LUT,U(-1,1),2048,4096,4096,128x128x32_w4_v2,SKIP,BN/WARPS != 16
INT4,BITSHIFT,U(-1,1),2048,4096,4096,128x128x32_w4_v2,SKIP,BN/WARPS != 16
INT4,LUT,U(-1,1),2048,4096,4096,128x256x32_w4_v2,SKIP,BN/WARPS != 16
INT4,BITSHIFT,U(-1,1),2048,4096,4096,128x256x32_w4_v2,SKIP,BN/WARPS != 16
INT4,LUT,U(-1,1),2048,4096,4096,128x256x32_w8_v2,SKIP,BN/WARPS != 16
INT4,BITSHIFT,U(-1,1),2048,4096,4096,128x256x32_w8_v2,SKIP,BN/WARPS != 16
INT4,LUT,U(-1,1),2048,4096,4096,64x64x32_w4_v2,OK,ms=4.775,tflops=14.39,gbps=16.0,maxabs=3.018e-02,p99=1.420e-02,rel=2.555e-04
INT4,BITSHIFT,U(-1,1),2048,4096,4096,64x64x32_w4_v2,SKIP,opt only LUT path
INT4,LUT,U(-1,1),2048,4096,4096,64x128x32_w4_v2,SKIP,BN/WARPS != 16
INT4,BITSHIFT,U(-1,1),2048,4096,4096,64x128x32_w4_v2,SKIP,BN/WARPS != 16
INT4,LUT,U(-1,1),2048,4096,4096,128x64x32_w4_v3,OK,ms=4.543,tflops=15.13,gbps=16.8,maxabs=3.018e-02,p99=1.420e-02,rel=2.555e-04
INT4,BITSHIFT,U(-1,1),2048,4096,4096,128x64x32_w4_v3,SKIP,opt only LUT path
INT4,LUT,U(-1,1),2048,4096,4096,128x128x32_w4_v3,SKIP,BN/WARPS != 16
INT4,BITSHIFT,U(-1,1),2048,4096,4096,128x128x32_w4_v3,SKIP,BN/WARPS != 16
INT4,LUT,U(-1,1),2048,4096,4096,128x256x32_w8_v3,SKIP,BN/WARPS != 16
INT4,BITSHIFT,U(-1,1),2048,4096,4096,128x256x32_w8_v3,SKIP,BN/WARPS != 16
INT4,LUT,U(-1,1),2048,4096,4096,64x64x32_w4_v3,OK,ms=4.350,tflops=15.80,gbps=17.6,maxabs=3.018e-02,p99=1.420e-02,rel=2.555e-04
INT4,BITSHIFT,U(-1,1),2048,4096,4096,64x64x32_w4_v3,SKIP,opt only LUT path
INT4,LUT,U(-1,1),2048,4096,4096,64x128x32_w4_v3,SKIP,BN/WARPS != 16
INT4,BITSHIFT,U(-1,1),2048,4096,4096,64x128x32_w4_v3,SKIP,BN/WARPS != 16
INT4,LUT,U(-1,1),2048,4096,4096,32x128x32_w4_v3_b1,SKIP,BN/WARPS != 16
INT4,BITSHIFT,U(-1,1),2048,4096,4096,32x128x32_w4_v3_b1,SKIP,BN/WARPS != 16
INT4,LUT,U(-1,1),2048,4096,4096,32x64x32_w4_v3_b1,OK,ms=5.581,tflops=12.31,gbps=13.7,maxabs=3.018e-02,p99=1.420e-02,rel=2.555e-04
INT4,BITSHIFT,U(-1,1),2048,4096,4096,32x64x32_w4_v3_b1,SKIP,opt only LUT path
INT4,LUT,U(-1,1),2048,4096,4096,32x256x32_w8_v3_b1,SKIP,BN/WARPS != 16
INT4,BITSHIFT,U(-1,1),2048,4096,4096,32x256x32_w8_v3_b1,SKIP,BN/WARPS != 16
INT4,LUT,U(-1,1),2048,4096,4096,128x128x32_w8_v3_b1alt,SKIP,no template instantiation for this tile
INT4,BITSHIFT,U(-1,1),2048,4096,4096,128x128x32_w8_v3_b1alt,SKIP,opt only LUT path
INT4,LUT,U(-1,1),2048,4096,4096,64x128x32_w8_v3_b1alt,SKIP,no template instantiation for this tile
INT4,BITSHIFT,U(-1,1),2048,4096,4096,64x128x32_w8_v3_b1alt,SKIP,opt only LUT path
INT4,LUT,U(-1,1),2048,4096,4096,128x64x32_w4_v4,OK,ms=4.572,tflops=15.03,gbps=16.7,maxabs=3.018e-02,p99=1.420e-02,rel=2.555e-04
INT4,BITSHIFT,U(-1,1),2048,4096,4096,128x64x32_w4_v4,SKIP,opt only LUT path
INT4,LUT,U(-1,1),2048,4096,4096,128x128x32_w4_v4,SKIP,BN/WARPS != 16
INT4,BITSHIFT,U(-1,1),2048,4096,4096,128x128x32_w4_v4,SKIP,BN/WARPS != 16
INT4,LUT,U(-1,1),2048,4096,4096,64x64x32_w4_v4,OK,ms=4.531,tflops=15.17,gbps=16.9,maxabs=3.018e-02,p99=1.420e-02,rel=2.555e-04
INT4,BITSHIFT,U(-1,1),2048,4096,4096,64x64x32_w4_v4,SKIP,opt only LUT path
INT4,LUT,U(-1,1),2048,4096,4096,64x128x32_w4_v4,SKIP,BN/WARPS != 16
INT4,BITSHIFT,U(-1,1),2048,4096,4096,64x128x32_w4_v4,SKIP,BN/WARPS != 16
INT4,LUT,U(-1,1),2048,4096,4096,128x64x32_w4_v5,OK,ms=5.746,tflops=11.96,gbps=13.3,maxabs=3.018e-02,p99=1.420e-02,rel=2.555e-04
INT4,BITSHIFT,U(-1,1),2048,4096,4096,128x64x32_w4_v5,SKIP,opt only LUT path
INT4,LUT,U(-1,1),2048,4096,4096,128x128x32_w4_v5,SKIP,BN/WARPS != 16
INT4,BITSHIFT,U(-1,1),2048,4096,4096,128x128x32_w4_v5,SKIP,BN/WARPS != 16
INT4,LUT,U(-1,1),2048,4096,4096,64x64x32_w4_v5,OK,ms=7.407,tflops=9.28,gbps=10.3,maxabs=3.018e-02,p99=1.420e-02,rel=2.555e-04
INT4,BITSHIFT,U(-1,1),2048,4096,4096,64x64x32_w4_v5,SKIP,opt only LUT path
INT4,LUT,U(-1,1),2048,4096,4096,64x128x32_w4_v5,SKIP,BN/WARPS != 16
INT4,BITSHIFT,U(-1,1),2048,4096,4096,64x128x32_w4_v5,SKIP,BN/WARPS != 16
INT4,LUT,U(-1,1),2048,4096,4096,128x128x64_w4_v6,SKIP,BN/WARPS != 16
INT4,BITSHIFT,U(-1,1),2048,4096,4096,128x128x64_w4_v6,SKIP,BN/WARPS != 16
INT4,LUT,U(-1,1),2048,4096,4096,128x64x64_w4_v6,SKIP,v6 only INT8 (A1 retry)
INT4,BITSHIFT,U(-1,1),2048,4096,4096,128x64x64_w4_v6,SKIP,opt only LUT path
INT4,LUT,U(-1,1),2048,4096,4096,64x128x64_w4_v6,SKIP,BN/WARPS != 16
INT4,BITSHIFT,U(-1,1),2048,4096,4096,64x128x64_w4_v6,SKIP,BN/WARPS != 16
INT4,LUT,U(-1,1),2048,4096,4096,64x64x64_w4_v6,SKIP,v6 only INT8 (A1 retry)
INT4,BITSHIFT,U(-1,1),2048,4096,4096,64x64x64_w4_v6,SKIP,opt only LUT path
INT4,LUT,U(-1,1),1,7168,7168,16x64x32_w4,OK,ms=1.363,tflops=0.08,gbps=21.2,maxabs=2.849e-02,p99=1.838e-02,rel=2.533e-04
INT4,BITSHIFT,U(-1,1),1,7168,7168,16x64x32_w4,OK,ms=0.721,tflops=0.14,gbps=40.2,maxabs=1.886e-02,p99=1.284e-02,rel=1.821e-04
INT4,LUT,U(-1,1),1,7168,7168,16x128x32_w8,OK,ms=1.364,tflops=0.08,gbps=21.2,maxabs=2.849e-02,p99=1.838e-02,rel=2.533e-04
INT4,BITSHIFT,U(-1,1),1,7168,7168,16x128x32_w8,OK,ms=0.723,tflops=0.14,gbps=40.0,maxabs=1.886e-02,p99=1.284e-02,rel=1.821e-04
INT4,LUT,U(-1,1),1,7168,7168,16x128x32_w4f2,SKIP,BN/WARPS != 16
INT4,BITSHIFT,U(-1,1),1,7168,7168,16x128x32_w4f2,SKIP,BN/WARPS != 16
INT4,LUT,U(-1,1),1,7168,7168,16x256x32_w4f4,SKIP,BN/WARPS != 16
INT4,BITSHIFT,U(-1,1),1,7168,7168,16x256x32_w4f4,SKIP,BN/WARPS != 16
INT4,LUT,U(-1,1),1,7168,7168,128x64x32_w4_v1,SKIP,no template instantiation for this tile
INT4,BITSHIFT,U(-1,1),1,7168,7168,128x64x32_w4_v1,SKIP,opt only LUT path
INT4,LUT,U(-1,1),1,7168,7168,128x128x32_w4_v1,SKIP,BN/WARPS != 16
INT4,BITSHIFT,U(-1,1),1,7168,7168,128x128x32_w4_v1,SKIP,BN/WARPS != 16
INT4,LUT,U(-1,1),1,7168,7168,128x256x32_w4_v1,SKIP,BN/WARPS != 16
INT4,BITSHIFT,U(-1,1),1,7168,7168,128x256x32_w4_v1,SKIP,BN/WARPS != 16
INT4,LUT,U(-1,1),1,7168,7168,128x256x32_w8_v1,SKIP,BN/WARPS != 16
INT4,BITSHIFT,U(-1,1),1,7168,7168,128x256x32_w8_v1,SKIP,BN/WARPS != 16
INT4,LUT,U(-1,1),1,7168,7168,64x64x32_w4_v1,SKIP,no template instantiation for this tile
INT4,BITSHIFT,U(-1,1),1,7168,7168,64x64x32_w4_v1,SKIP,opt only LUT path
INT4,LUT,U(-1,1),1,7168,7168,64x128x32_w4_v1,SKIP,BN/WARPS != 16
INT4,BITSHIFT,U(-1,1),1,7168,7168,64x128x32_w4_v1,SKIP,BN/WARPS != 16
INT4,LUT,U(-1,1),1,7168,7168,128x64x32_w4_v2,OK,ms=1.372,tflops=0.07,gbps=21.1,maxabs=2.849e-02,p99=1.838e-02,rel=2.533e-04
INT4,BITSHIFT,U(-1,1),1,7168,7168,128x64x32_w4_v2,SKIP,opt only LUT path
INT4,LUT,U(-1,1),1,7168,7168,128x128x32_w4_v2,SKIP,BN/WARPS != 16
INT4,BITSHIFT,U(-1,1),1,7168,7168,128x128x32_w4_v2,SKIP,BN/WARPS != 16
INT4,LUT,U(-1,1),1,7168,7168,128x256x32_w4_v2,SKIP,BN/WARPS != 16
INT4,BITSHIFT,U(-1,1),1,7168,7168,128x256x32_w4_v2,SKIP,BN/WARPS != 16
INT4,LUT,U(-1,1),1,7168,7168,128x256x32_w8_v2,SKIP,BN/WARPS != 16
INT4,BITSHIFT,U(-1,1),1,7168,7168,128x256x32_w8_v2,SKIP,BN/WARPS != 16
INT4,LUT,U(-1,1),1,7168,7168,64x64x32_w4_v2,OK,ms=0.864,tflops=0.12,gbps=33.5,maxabs=2.849e-02,p99=1.838e-02,rel=2.533e-04
INT4,BITSHIFT,U(-1,1),1,7168,7168,64x64x32_w4_v2,SKIP,opt only LUT path
INT4,LUT,U(-1,1),1,7168,7168,64x128x32_w4_v2,SKIP,BN/WARPS != 16
INT4,BITSHIFT,U(-1,1),1,7168,7168,64x128x32_w4_v2,SKIP,BN/WARPS != 16
INT4,LUT,U(-1,1),1,7168,7168,128x64x32_w4_v3,OK,ms=1.354,tflops=0.08,gbps=21.4,maxabs=2.849e-02,p99=1.838e-02,rel=2.533e-04
INT4,BITSHIFT,U(-1,1),1,7168,7168,128x64x32_w4_v3,SKIP,opt only LUT path
INT4,LUT,U(-1,1),1,7168,7168,128x128x32_w4_v3,SKIP,BN/WARPS != 16
INT4,BITSHIFT,U(-1,1),1,7168,7168,128x128x32_w4_v3,SKIP,BN/WARPS != 16
INT4,LUT,U(-1,1),1,7168,7168,128x256x32_w8_v3,SKIP,BN/WARPS != 16
INT4,BITSHIFT,U(-1,1),1,7168,7168,128x256x32_w8_v3,SKIP,BN/WARPS != 16
INT4,LUT,U(-1,1),1,7168,7168,64x64x32_w4_v3,OK,ms=0.957,tflops=0.11,gbps=30.2,maxabs=2.849e-02,p99=1.838e-02,rel=2.533e-04
INT4,BITSHIFT,U(-1,1),1,7168,7168,64x64x32_w4_v3,SKIP,opt only LUT path
INT4,LUT,U(-1,1),1,7168,7168,64x128x32_w4_v3,SKIP,BN/WARPS != 16
INT4,BITSHIFT,U(-1,1),1,7168,7168,64x128x32_w4_v3,SKIP,BN/WARPS != 16
INT4,LUT,U(-1,1),1,7168,7168,32x128x32_w4_v3_b1,SKIP,BN/WARPS != 16
INT4,BITSHIFT,U(-1,1),1,7168,7168,32x128x32_w4_v3_b1,SKIP,BN/WARPS != 16
INT4,LUT,U(-1,1),1,7168,7168,32x64x32_w4_v3_b1,OK,ms=0.865,tflops=0.12,gbps=33.5,maxabs=2.849e-02,p99=1.838e-02,rel=2.533e-04
INT4,BITSHIFT,U(-1,1),1,7168,7168,32x64x32_w4_v3_b1,SKIP,opt only LUT path
INT4,LUT,U(-1,1),1,7168,7168,32x256x32_w8_v3_b1,SKIP,BN/WARPS != 16
INT4,BITSHIFT,U(-1,1),1,7168,7168,32x256x32_w8_v3_b1,SKIP,BN/WARPS != 16
INT4,LUT,U(-1,1),1,7168,7168,128x128x32_w8_v3_b1alt,SKIP,no template instantiation for this tile
INT4,BITSHIFT,U(-1,1),1,7168,7168,128x128x32_w8_v3_b1alt,SKIP,opt only LUT path
INT4,LUT,U(-1,1),1,7168,7168,64x128x32_w8_v3_b1alt,SKIP,no template instantiation for this tile
INT4,BITSHIFT,U(-1,1),1,7168,7168,64x128x32_w8_v3_b1alt,SKIP,opt only LUT path
INT4,LUT,U(-1,1),1,7168,7168,128x64x32_w4_v4,OK,ms=1.350,tflops=0.08,gbps=21.5,maxabs=2.849e-02,p99=1.838e-02,rel=2.533e-04
INT4,BITSHIFT,U(-1,1),1,7168,7168,128x64x32_w4_v4,SKIP,opt only LUT path
INT4,LUT,U(-1,1),1,7168,7168,128x128x32_w4_v4,SKIP,BN/WARPS != 16
INT4,BITSHIFT,U(-1,1),1,7168,7168,128x128x32_w4_v4,SKIP,BN/WARPS != 16
INT4,LUT,U(-1,1),1,7168,7168,64x64x32_w4_v4,OK,ms=1.012,tflops=0.10,gbps=28.6,maxabs=2.849e-02,p99=1.838e-02,rel=2.533e-04
INT4,BITSHIFT,U(-1,1),1,7168,7168,64x64x32_w4_v4,SKIP,opt only LUT path
INT4,LUT,U(-1,1),1,7168,7168,64x128x32_w4_v4,SKIP,BN/WARPS != 16
INT4,BITSHIFT,U(-1,1),1,7168,7168,64x128x32_w4_v4,SKIP,BN/WARPS != 16
INT4,LUT,U(-1,1),1,7168,7168,128x64x32_w4_v5,OK,ms=1.363,tflops=0.08,gbps=21.3,maxabs=2.849e-02,p99=1.838e-02,rel=2.533e-04
INT4,BITSHIFT,U(-1,1),1,7168,7168,128x64x32_w4_v5,SKIP,opt only LUT path
INT4,LUT,U(-1,1),1,7168,7168,128x128x32_w4_v5,SKIP,BN/WARPS != 16
INT4,BITSHIFT,U(-1,1),1,7168,7168,128x128x32_w4_v5,SKIP,BN/WARPS != 16
INT4,LUT,U(-1,1),1,7168,7168,64x64x32_w4_v5,OK,ms=0.991,tflops=0.10,gbps=29.2,maxabs=2.849e-02,p99=1.838e-02,rel=2.533e-04
INT4,BITSHIFT,U(-1,1),1,7168,7168,64x64x32_w4_v5,SKIP,opt only LUT path
INT4,LUT,U(-1,1),1,7168,7168,64x128x32_w4_v5,SKIP,BN/WARPS != 16
INT4,BITSHIFT,U(-1,1),1,7168,7168,64x128x32_w4_v5,SKIP,BN/WARPS != 16
INT4,LUT,U(-1,1),1,7168,7168,128x128x64_w4_v6,SKIP,BN/WARPS != 16
INT4,BITSHIFT,U(-1,1),1,7168,7168,128x128x64_w4_v6,SKIP,BN/WARPS != 16
INT4,LUT,U(-1,1),1,7168,7168,128x64x64_w4_v6,SKIP,v6 only INT8 (A1 retry)
INT4,BITSHIFT,U(-1,1),1,7168,7168,128x64x64_w4_v6,SKIP,opt only LUT path
INT4,LUT,U(-1,1),1,7168,7168,64x128x64_w4_v6,SKIP,BN/WARPS != 16
INT4,BITSHIFT,U(-1,1),1,7168,7168,64x128x64_w4_v6,SKIP,BN/WARPS != 16
INT4,LUT,U(-1,1),1,7168,7168,64x64x64_w4_v6,SKIP,v6 only INT8 (A1 retry)
INT4,BITSHIFT,U(-1,1),1,7168,7168,64x64x64_w4_v6,SKIP,opt only LUT path
INT4,LUT,U(-1,1),16,7168,7168,16x64x32_w4,OK,ms=1.396,tflops=1.18,gbps=21.4,maxabs=3.330e-02,p99=1.859e-02,rel=2.565e-04
INT4,BITSHIFT,U(-1,1),16,7168,7168,16x64x32_w4,OK,ms=1.037,tflops=1.59,gbps=28.7,maxabs=2.491e-02,p99=1.344e-02,rel=1.875e-04
INT4,LUT,U(-1,1),16,7168,7168,16x128x32_w8,OK,ms=1.436,tflops=1.14,gbps=20.8,maxabs=3.330e-02,p99=1.859e-02,rel=2.565e-04
INT4,BITSHIFT,U(-1,1),16,7168,7168,16x128x32_w8,OK,ms=1.131,tflops=1.45,gbps=26.4,maxabs=2.491e-02,p99=1.344e-02,rel=1.875e-04
INT4,LUT,U(-1,1),16,7168,7168,16x128x32_w4f2,SKIP,BN/WARPS != 16
INT4,BITSHIFT,U(-1,1),16,7168,7168,16x128x32_w4f2,SKIP,BN/WARPS != 16
INT4,LUT,U(-1,1),16,7168,7168,16x256x32_w4f4,SKIP,BN/WARPS != 16
INT4,BITSHIFT,U(-1,1),16,7168,7168,16x256x32_w4f4,SKIP,BN/WARPS != 16
INT4,LUT,U(-1,1),16,7168,7168,128x64x32_w4_v1,SKIP,no template instantiation for this tile
INT4,BITSHIFT,U(-1,1),16,7168,7168,128x64x32_w4_v1,SKIP,opt only LUT path
INT4,LUT,U(-1,1),16,7168,7168,128x128x32_w4_v1,SKIP,BN/WARPS != 16
INT4,BITSHIFT,U(-1,1),16,7168,7168,128x128x32_w4_v1,SKIP,BN/WARPS != 16
INT4,LUT,U(-1,1),16,7168,7168,128x256x32_w4_v1,SKIP,BN/WARPS != 16
INT4,BITSHIFT,U(-1,1),16,7168,7168,128x256x32_w4_v1,SKIP,BN/WARPS != 16
INT4,LUT,U(-1,1),16,7168,7168,128x256x32_w8_v1,SKIP,BN/WARPS != 16
INT4,BITSHIFT,U(-1,1),16,7168,7168,128x256x32_w8_v1,SKIP,BN/WARPS != 16
INT4,LUT,U(-1,1),16,7168,7168,64x64x32_w4_v1,SKIP,no template instantiation for this tile
INT4,BITSHIFT,U(-1,1),16,7168,7168,64x64x32_w4_v1,SKIP,opt only LUT path
INT4,LUT,U(-1,1),16,7168,7168,64x128x32_w4_v1,SKIP,BN/WARPS != 16
INT4,BITSHIFT,U(-1,1),16,7168,7168,64x128x32_w4_v1,SKIP,BN/WARPS != 16
INT4,LUT,U(-1,1),16,7168,7168,128x64x32_w4_v2,OK,ms=1.387,tflops=1.19,gbps=21.5,maxabs=3.330e-02,p99=1.859e-02,rel=2.565e-04
INT4,BITSHIFT,U(-1,1),16,7168,7168,128x64x32_w4_v2,SKIP,opt only LUT path
INT4,LUT,U(-1,1),16,7168,7168,128x128x32_w4_v2,SKIP,BN/WARPS != 16
INT4,BITSHIFT,U(-1,1),16,7168,7168,128x128x32_w4_v2,SKIP,BN/WARPS != 16
INT4,LUT,U(-1,1),16,7168,7168,128x256x32_w4_v2,SKIP,BN/WARPS != 16
INT4,BITSHIFT,U(-1,1),16,7168,7168,128x256x32_w4_v2,SKIP,BN/WARPS != 16
INT4,LUT,U(-1,1),16,7168,7168,128x256x32_w8_v2,SKIP,BN/WARPS != 16
INT4,BITSHIFT,U(-1,1),16,7168,7168,128x256x32_w8_v2,SKIP,BN/WARPS != 16
INT4,LUT,U(-1,1),16,7168,7168,64x64x32_w4_v2,OK,ms=0.927,tflops=1.77,gbps=32.2,maxabs=3.330e-02,p99=1.859e-02,rel=2.565e-04
INT4,BITSHIFT,U(-1,1),16,7168,7168,64x64x32_w4_v2,SKIP,opt only LUT path
INT4,LUT,U(-1,1),16,7168,7168,64x128x32_w4_v2,SKIP,BN/WARPS != 16
INT4,BITSHIFT,U(-1,1),16,7168,7168,64x128x32_w4_v2,SKIP,BN/WARPS != 16
INT4,LUT,U(-1,1),16,7168,7168,128x64x32_w4_v3,OK,ms=1.368,tflops=1.20,gbps=21.8,maxabs=3.330e-02,p99=1.859e-02,rel=2.565e-04
INT4,BITSHIFT,U(-1,1),16,7168,7168,128x64x32_w4_v3,SKIP,opt only LUT path
INT4,LUT,U(-1,1),16,7168,7168,128x128x32_w4_v3,SKIP,BN/WARPS != 16
INT4,BITSHIFT,U(-1,1),16,7168,7168,128x128x32_w4_v3,SKIP,BN/WARPS != 16
INT4,LUT,U(-1,1),16,7168,7168,128x256x32_w8_v3,SKIP,BN/WARPS != 16
INT4,BITSHIFT,U(-1,1),16,7168,7168,128x256x32_w8_v3,SKIP,BN/WARPS != 16
INT4,LUT,U(-1,1),16,7168,7168,64x64x32_w4_v3,OK,ms=1.008,tflops=1.63,gbps=29.6,maxabs=3.330e-02,p99=1.859e-02,rel=2.565e-04
INT4,BITSHIFT,U(-1,1),16,7168,7168,64x64x32_w4_v3,SKIP,opt only LUT path
INT4,LUT,U(-1,1),16,7168,7168,64x128x32_w4_v3,SKIP,BN/WARPS != 16
INT4,BITSHIFT,U(-1,1),16,7168,7168,64x128x32_w4_v3,SKIP,BN/WARPS != 16
INT4,LUT,U(-1,1),16,7168,7168,32x128x32_w4_v3_b1,SKIP,BN/WARPS != 16
INT4,BITSHIFT,U(-1,1),16,7168,7168,32x128x32_w4_v3_b1,SKIP,BN/WARPS != 16
INT4,LUT,U(-1,1),16,7168,7168,32x64x32_w4_v3_b1,OK,ms=0.907,tflops=1.81,gbps=32.9,maxabs=3.330e-02,p99=1.859e-02,rel=2.565e-04
INT4,BITSHIFT,U(-1,1),16,7168,7168,32x64x32_w4_v3_b1,SKIP,opt only LUT path
INT4,LUT,U(-1,1),16,7168,7168,32x256x32_w8_v3_b1,SKIP,BN/WARPS != 16
INT4,BITSHIFT,U(-1,1),16,7168,7168,32x256x32_w8_v3_b1,SKIP,BN/WARPS != 16
INT4,LUT,U(-1,1),16,7168,7168,128x128x32_w8_v3_b1alt,SKIP,no template instantiation for this tile
INT4,BITSHIFT,U(-1,1),16,7168,7168,128x128x32_w8_v3_b1alt,SKIP,opt only LUT path
INT4,LUT,U(-1,1),16,7168,7168,64x128x32_w8_v3_b1alt,SKIP,no template instantiation for this tile
INT4,BITSHIFT,U(-1,1),16,7168,7168,64x128x32_w8_v3_b1alt,SKIP,opt only LUT path
INT4,LUT,U(-1,1),16,7168,7168,128x64x32_w4_v4,OK,ms=1.370,tflops=1.20,gbps=21.8,maxabs=3.330e-02,p99=1.859e-02,rel=2.565e-04
INT4,BITSHIFT,U(-1,1),16,7168,7168,128x64x32_w4_v4,SKIP,opt only LUT path
INT4,LUT,U(-1,1),16,7168,7168,128x128x32_w4_v4,SKIP,BN/WARPS != 16
INT4,BITSHIFT,U(-1,1),16,7168,7168,128x128x32_w4_v4,SKIP,BN/WARPS != 16
INT4,LUT,U(-1,1),16,7168,7168,64x64x32_w4_v4,OK,ms=1.025,tflops=1.60,gbps=29.1,maxabs=3.330e-02,p99=1.859e-02,rel=2.565e-04
INT4,BITSHIFT,U(-1,1),16,7168,7168,64x64x32_w4_v4,SKIP,opt only LUT path
INT4,LUT,U(-1,1),16,7168,7168,64x128x32_w4_v4,SKIP,BN/WARPS != 16
INT4,BITSHIFT,U(-1,1),16,7168,7168,64x128x32_w4_v4,SKIP,BN/WARPS != 16
INT4,LUT,U(-1,1),16,7168,7168,128x64x32_w4_v5,OK,ms=1.375,tflops=1.20,gbps=21.7,maxabs=3.330e-02,p99=1.859e-02,rel=2.565e-04
INT4,BITSHIFT,U(-1,1),16,7168,7168,128x64x32_w4_v5,SKIP,opt only LUT path
INT4,LUT,U(-1,1),16,7168,7168,128x128x32_w4_v5,SKIP,BN/WARPS != 16
INT4,BITSHIFT,U(-1,1),16,7168,7168,128x128x32_w4_v5,SKIP,BN/WARPS != 16
INT4,LUT,U(-1,1),16,7168,7168,64x64x32_w4_v5,OK,ms=1.006,tflops=1.63,gbps=29.6,maxabs=3.330e-02,p99=1.859e-02,rel=2.565e-04
INT4,BITSHIFT,U(-1,1),16,7168,7168,64x64x32_w4_v5,SKIP,opt only LUT path
INT4,LUT,U(-1,1),16,7168,7168,64x128x32_w4_v5,SKIP,BN/WARPS != 16
INT4,BITSHIFT,U(-1,1),16,7168,7168,64x128x32_w4_v5,SKIP,BN/WARPS != 16
INT4,LUT,U(-1,1),16,7168,7168,128x128x64_w4_v6,SKIP,BN/WARPS != 16
INT4,BITSHIFT,U(-1,1),16,7168,7168,128x128x64_w4_v6,SKIP,BN/WARPS != 16
INT4,LUT,U(-1,1),16,7168,7168,128x64x64_w4_v6,SKIP,v6 only INT8 (A1 retry)
INT4,BITSHIFT,U(-1,1),16,7168,7168,128x64x64_w4_v6,SKIP,opt only LUT path
INT4,LUT,U(-1,1),16,7168,7168,64x128x64_w4_v6,SKIP,BN/WARPS != 16
INT4,BITSHIFT,U(-1,1),16,7168,7168,64x128x64_w4_v6,SKIP,BN/WARPS != 16
INT4,LUT,U(-1,1),16,7168,7168,64x64x64_w4_v6,SKIP,v6 only INT8 (A1 retry)
INT4,BITSHIFT,U(-1,1),16,7168,7168,64x64x64_w4_v6,SKIP,opt only LUT path
INT4,LUT,U(-1,1),64,7168,7168,16x64x32_w4,OK,ms=1.571,tflops=4.19,gbps=20.7,maxabs=3.466e-02,p99=1.871e-02,rel=2.561e-04
INT4,BITSHIFT,U(-1,1),64,7168,7168,16x64x32_w4,OK,ms=1.818,tflops=3.62,gbps=17.9,maxabs=2.489e-02,p99=1.371e-02,rel=1.865e-04
INT4,LUT,U(-1,1),64,7168,7168,16x128x32_w8,OK,ms=1.616,tflops=4.07,gbps=20.2,maxabs=3.466e-02,p99=1.871e-02,rel=2.561e-04
INT4,BITSHIFT,U(-1,1),64,7168,7168,16x128x32_w8,OK,ms=1.888,tflops=3.48,gbps=17.3,maxabs=2.489e-02,p99=1.371e-02,rel=1.865e-04
INT4,LUT,U(-1,1),64,7168,7168,16x128x32_w4f2,SKIP,BN/WARPS != 16
INT4,BITSHIFT,U(-1,1),64,7168,7168,16x128x32_w4f2,SKIP,BN/WARPS != 16
INT4,LUT,U(-1,1),64,7168,7168,16x256x32_w4f4,SKIP,BN/WARPS != 16
INT4,BITSHIFT,U(-1,1),64,7168,7168,16x256x32_w4f4,SKIP,BN/WARPS != 16
INT4,LUT,U(-1,1),64,7168,7168,128x64x32_w4_v1,SKIP,no template instantiation for this tile
INT4,BITSHIFT,U(-1,1),64,7168,7168,128x64x32_w4_v1,SKIP,opt only LUT path
INT4,LUT,U(-1,1),64,7168,7168,128x128x32_w4_v1,SKIP,BN/WARPS != 16
INT4,BITSHIFT,U(-1,1),64,7168,7168,128x128x32_w4_v1,SKIP,BN/WARPS != 16
INT4,LUT,U(-1,1),64,7168,7168,128x256x32_w4_v1,SKIP,BN/WARPS != 16
INT4,BITSHIFT,U(-1,1),64,7168,7168,128x256x32_w4_v1,SKIP,BN/WARPS != 16
INT4,LUT,U(-1,1),64,7168,7168,128x256x32_w8_v1,SKIP,BN/WARPS != 16
INT4,BITSHIFT,U(-1,1),64,7168,7168,128x256x32_w8_v1,SKIP,BN/WARPS != 16
INT4,LUT,U(-1,1),64,7168,7168,64x64x32_w4_v1,SKIP,no template instantiation for this tile
INT4,BITSHIFT,U(-1,1),64,7168,7168,64x64x32_w4_v1,SKIP,opt only LUT path
INT4,LUT,U(-1,1),64,7168,7168,64x128x32_w4_v1,SKIP,BN/WARPS != 16
INT4,BITSHIFT,U(-1,1),64,7168,7168,64x128x32_w4_v1,SKIP,BN/WARPS != 16
INT4,LUT,U(-1,1),64,7168,7168,128x64x32_w4_v2,OK,ms=1.411,tflops=4.66,gbps=23.1,maxabs=3.466e-02,p99=1.871e-02,rel=2.561e-04
INT4,BITSHIFT,U(-1,1),64,7168,7168,128x64x32_w4_v2,SKIP,opt only LUT path
INT4,LUT,U(-1,1),64,7168,7168,128x128x32_w4_v2,SKIP,BN/WARPS != 16
INT4,BITSHIFT,U(-1,1),64,7168,7168,128x128x32_w4_v2,SKIP,BN/WARPS != 16
INT4,LUT,U(-1,1),64,7168,7168,128x256x32_w4_v2,SKIP,BN/WARPS != 16
INT4,BITSHIFT,U(-1,1),64,7168,7168,128x256x32_w4_v2,SKIP,BN/WARPS != 16
INT4,LUT,U(-1,1),64,7168,7168,128x256x32_w8_v2,SKIP,BN/WARPS != 16
INT4,BITSHIFT,U(-1,1),64,7168,7168,128x256x32_w8_v2,SKIP,BN/WARPS != 16
INT4,LUT,U(-1,1),64,7168,7168,64x64x32_w4_v2,OK,ms=1.012,tflops=6.50,gbps=32.2,maxabs=3.466e-02,p99=1.871e-02,rel=2.561e-04
INT4,BITSHIFT,U(-1,1),64,7168,7168,64x64x32_w4_v2,SKIP,opt only LUT path
INT4,LUT,U(-1,1),64,7168,7168,64x128x32_w4_v2,SKIP,BN/WARPS != 16
INT4,BITSHIFT,U(-1,1),64,7168,7168,64x128x32_w4_v2,SKIP,BN/WARPS != 16
INT4,LUT,U(-1,1),64,7168,7168,128x64x32_w4_v3,OK,ms=1.389,tflops=4.73,gbps=23.4,maxabs=3.466e-02,p99=1.871e-02,rel=2.561e-04
INT4,BITSHIFT,U(-1,1),64,7168,7168,128x64x32_w4_v3,SKIP,opt only LUT path
INT4,LUT,U(-1,1),64,7168,7168,128x128x32_w4_v3,SKIP,BN/WARPS != 16
INT4,BITSHIFT,U(-1,1),64,7168,7168,128x128x32_w4_v3,SKIP,BN/WARPS != 16
INT4,LUT,U(-1,1),64,7168,7168,128x256x32_w8_v3,SKIP,BN/WARPS != 16
INT4,BITSHIFT,U(-1,1),64,7168,7168,128x256x32_w8_v3,SKIP,BN/WARPS != 16
INT4,LUT,U(-1,1),64,7168,7168,64x64x32_w4_v3,OK,ms=1.063,tflops=6.19,gbps=30.6,maxabs=3.466e-02,p99=1.871e-02,rel=2.561e-04
INT4,BITSHIFT,U(-1,1),64,7168,7168,64x64x32_w4_v3,SKIP,opt only LUT path
INT4,LUT,U(-1,1),64,7168,7168,64x128x32_w4_v3,SKIP,BN/WARPS != 16
INT4,BITSHIFT,U(-1,1),64,7168,7168,64x128x32_w4_v3,SKIP,BN/WARPS != 16
INT4,LUT,U(-1,1),64,7168,7168,32x128x32_w4_v3_b1,SKIP,BN/WARPS != 16
INT4,BITSHIFT,U(-1,1),64,7168,7168,32x128x32_w4_v3_b1,SKIP,BN/WARPS != 16
INT4,LUT,U(-1,1),64,7168,7168,32x64x32_w4_v3_b1,OK,ms=0.965,tflops=6.82,gbps=33.8,maxabs=3.466e-02,p99=1.871e-02,rel=2.561e-04
INT4,BITSHIFT,U(-1,1),64,7168,7168,32x64x32_w4_v3_b1,SKIP,opt only LUT path
INT4,LUT,U(-1,1),64,7168,7168,32x256x32_w8_v3_b1,SKIP,BN/WARPS != 16
INT4,BITSHIFT,U(-1,1),64,7168,7168,32x256x32_w8_v3_b1,SKIP,BN/WARPS != 16
INT4,LUT,U(-1,1),64,7168,7168,128x128x32_w8_v3_b1alt,SKIP,no template instantiation for this tile
INT4,BITSHIFT,U(-1,1),64,7168,7168,128x128x32_w8_v3_b1alt,SKIP,opt only LUT path
INT4,LUT,U(-1,1),64,7168,7168,64x128x32_w8_v3_b1alt,SKIP,no template instantiation for this tile
INT4,BITSHIFT,U(-1,1),64,7168,7168,64x128x32_w8_v3_b1alt,SKIP,opt only LUT path
INT4,LUT,U(-1,1),64,7168,7168,128x64x32_w4_v4,OK,ms=1.385,tflops=4.75,gbps=23.5,maxabs=3.466e-02,p99=1.871e-02,rel=2.561e-04
INT4,BITSHIFT,U(-1,1),64,7168,7168,128x64x32_w4_v4,SKIP,opt only LUT path
INT4,LUT,U(-1,1),64,7168,7168,128x128x32_w4_v4,SKIP,BN/WARPS != 16
INT4,BITSHIFT,U(-1,1),64,7168,7168,128x128x32_w4_v4,SKIP,BN/WARPS != 16
INT4,LUT,U(-1,1),64,7168,7168,64x64x32_w4_v4,OK,ms=1.051,tflops=6.26,gbps=31.0,maxabs=3.466e-02,p99=1.871e-02,rel=2.561e-04
INT4,BITSHIFT,U(-1,1),64,7168,7168,64x64x32_w4_v4,SKIP,opt only LUT path
INT4,LUT,U(-1,1),64,7168,7168,64x128x32_w4_v4,SKIP,BN/WARPS != 16
INT4,BITSHIFT,U(-1,1),64,7168,7168,64x128x32_w4_v4,SKIP,BN/WARPS != 16
INT4,LUT,U(-1,1),64,7168,7168,128x64x32_w4_v5,OK,ms=1.393,tflops=4.72,gbps=23.4,maxabs=3.466e-02,p99=1.871e-02,rel=2.561e-04
INT4,BITSHIFT,U(-1,1),64,7168,7168,128x64x32_w4_v5,SKIP,opt only LUT path
INT4,LUT,U(-1,1),64,7168,7168,128x128x32_w4_v5,SKIP,BN/WARPS != 16
INT4,BITSHIFT,U(-1,1),64,7168,7168,128x128x32_w4_v5,SKIP,BN/WARPS != 16
INT4,LUT,U(-1,1),64,7168,7168,64x64x32_w4_v5,OK,ms=1.035,tflops=6.35,gbps=31.5,maxabs=3.466e-02,p99=1.871e-02,rel=2.561e-04
INT4,BITSHIFT,U(-1,1),64,7168,7168,64x64x32_w4_v5,SKIP,opt only LUT path
INT4,LUT,U(-1,1),64,7168,7168,64x128x32_w4_v5,SKIP,BN/WARPS != 16
INT4,BITSHIFT,U(-1,1),64,7168,7168,64x128x32_w4_v5,SKIP,BN/WARPS != 16
INT4,LUT,U(-1,1),64,7168,7168,128x128x64_w4_v6,SKIP,BN/WARPS != 16
INT4,BITSHIFT,U(-1,1),64,7168,7168,128x128x64_w4_v6,SKIP,BN/WARPS != 16
INT4,LUT,U(-1,1),64,7168,7168,128x64x64_w4_v6,SKIP,v6 only INT8 (A1 retry)
INT4,BITSHIFT,U(-1,1),64,7168,7168,128x64x64_w4_v6,SKIP,opt only LUT path
INT4,LUT,U(-1,1),64,7168,7168,64x128x64_w4_v6,SKIP,BN/WARPS != 16
INT4,BITSHIFT,U(-1,1),64,7168,7168,64x128x64_w4_v6,SKIP,BN/WARPS != 16
INT4,LUT,U(-1,1),64,7168,7168,64x64x64_w4_v6,SKIP,v6 only INT8 (A1 retry)
INT4,BITSHIFT,U(-1,1),64,7168,7168,64x64x64_w4_v6,SKIP,opt only LUT path
INT4,LUT,U(-1,1),128,7168,7168,16x64x32_w4,OK,ms=3.294,tflops=3.99,gbps=11.0,maxabs=3.510e-02,p99=1.887e-02,rel=2.556e-04
INT4,BITSHIFT,U(-1,1),128,7168,7168,16x64x32_w4,OK,ms=3.934,tflops=3.34,gbps=9.2,maxabs=2.605e-02,p99=1.335e-02,rel=1.863e-04
INT4,LUT,U(-1,1),128,7168,7168,16x128x32_w8,OK,ms=3.413,tflops=3.85,gbps=10.6,maxabs=3.510e-02,p99=1.887e-02,rel=2.556e-04
INT4,BITSHIFT,U(-1,1),128,7168,7168,16x128x32_w8,OK,ms=3.772,tflops=3.49,gbps=9.6,maxabs=2.605e-02,p99=1.335e-02,rel=1.863e-04
INT4,LUT,U(-1,1),128,7168,7168,16x128x32_w4f2,SKIP,BN/WARPS != 16
INT4,BITSHIFT,U(-1,1),128,7168,7168,16x128x32_w4f2,SKIP,BN/WARPS != 16
INT4,LUT,U(-1,1),128,7168,7168,16x256x32_w4f4,SKIP,BN/WARPS != 16
INT4,BITSHIFT,U(-1,1),128,7168,7168,16x256x32_w4f4,SKIP,BN/WARPS != 16
INT4,LUT,U(-1,1),128,7168,7168,128x64x32_w4_v1,SKIP,no template instantiation for this tile
INT4,BITSHIFT,U(-1,1),128,7168,7168,128x64x32_w4_v1,SKIP,opt only LUT path
INT4,LUT,U(-1,1),128,7168,7168,128x128x32_w4_v1,SKIP,BN/WARPS != 16
INT4,BITSHIFT,U(-1,1),128,7168,7168,128x128x32_w4_v1,SKIP,BN/WARPS != 16
INT4,LUT,U(-1,1),128,7168,7168,128x256x32_w4_v1,SKIP,BN/WARPS != 16
INT4,BITSHIFT,U(-1,1),128,7168,7168,128x256x32_w4_v1,SKIP,BN/WARPS != 16
INT4,LUT,U(-1,1),128,7168,7168,128x256x32_w8_v1,SKIP,BN/WARPS != 16
INT4,BITSHIFT,U(-1,1),128,7168,7168,128x256x32_w8_v1,SKIP,BN/WARPS != 16
INT4,LUT,U(-1,1),128,7168,7168,64x64x32_w4_v1,SKIP,no template instantiation for this tile
INT4,BITSHIFT,U(-1,1),128,7168,7168,64x64x32_w4_v1,SKIP,opt only LUT path
INT4,LUT,U(-1,1),128,7168,7168,64x128x32_w4_v1,SKIP,BN/WARPS != 16
INT4,BITSHIFT,U(-1,1),128,7168,7168,64x128x32_w4_v1,SKIP,BN/WARPS != 16
INT4,LUT,U(-1,1),128,7168,7168,128x64x32_w4_v2,OK,ms=1.477,tflops=8.91,gbps=24.5,maxabs=3.510e-02,p99=1.887e-02,rel=2.556e-04
INT4,BITSHIFT,U(-1,1),128,7168,7168,128x64x32_w4_v2,SKIP,opt only LUT path
INT4,LUT,U(-1,1),128,7168,7168,128x128x32_w4_v2,SKIP,BN/WARPS != 16
INT4,BITSHIFT,U(-1,1),128,7168,7168,128x128x32_w4_v2,SKIP,BN/WARPS != 16
INT4,LUT,U(-1,1),128,7168,7168,128x256x32_w4_v2,SKIP,BN/WARPS != 16
INT4,BITSHIFT,U(-1,1),128,7168,7168,128x256x32_w4_v2,SKIP,BN/WARPS != 16
INT4,LUT,U(-1,1),128,7168,7168,128x256x32_w8_v2,SKIP,BN/WARPS != 16
INT4,BITSHIFT,U(-1,1),128,7168,7168,128x256x32_w8_v2,SKIP,BN/WARPS != 16
INT4,LUT,U(-1,1),128,7168,7168,64x64x32_w4_v2,OK,ms=1.105,tflops=11.91,gbps=32.8,maxabs=3.510e-02,p99=1.887e-02,rel=2.556e-04
INT4,BITSHIFT,U(-1,1),128,7168,7168,64x64x32_w4_v2,SKIP,opt only LUT path
INT4,LUT,U(-1,1),128,7168,7168,64x128x32_w4_v2,SKIP,BN/WARPS != 16
INT4,BITSHIFT,U(-1,1),128,7168,7168,64x128x32_w4_v2,SKIP,BN/WARPS != 16
INT4,LUT,U(-1,1),128,7168,7168,128x64x32_w4_v3,OK,ms=1.456,tflops=9.03,gbps=24.9,maxabs=3.510e-02,p99=1.887e-02,rel=2.556e-04
INT4,BITSHIFT,U(-1,1),128,7168,7168,128x64x32_w4_v3,SKIP,opt only LUT path
INT4,LUT,U(-1,1),128,7168,7168,128x128x32_w4_v3,SKIP,BN/WARPS != 16
INT4,BITSHIFT,U(-1,1),128,7168,7168,128x128x32_w4_v3,SKIP,BN/WARPS != 16
INT4,LUT,U(-1,1),128,7168,7168,128x256x32_w8_v3,SKIP,BN/WARPS != 16
INT4,BITSHIFT,U(-1,1),128,7168,7168,128x256x32_w8_v3,SKIP,BN/WARPS != 16
INT4,LUT,U(-1,1),128,7168,7168,64x64x32_w4_v3,OK,ms=1.088,tflops=12.09,gbps=33.3,maxabs=3.510e-02,p99=1.887e-02,rel=2.556e-04
INT4,BITSHIFT,U(-1,1),128,7168,7168,64x64x32_w4_v3,SKIP,opt only LUT path
INT4,LUT,U(-1,1),128,7168,7168,64x128x32_w4_v3,SKIP,BN/WARPS != 16
INT4,BITSHIFT,U(-1,1),128,7168,7168,64x128x32_w4_v3,SKIP,BN/WARPS != 16
INT4,LUT,U(-1,1),128,7168,7168,32x128x32_w4_v3_b1,SKIP,BN/WARPS != 16
INT4,BITSHIFT,U(-1,1),128,7168,7168,32x128x32_w4_v3_b1,SKIP,BN/WARPS != 16
INT4,LUT,U(-1,1),128,7168,7168,32x64x32_w4_v3_b1,OK,ms=1.097,tflops=11.99,gbps=33.0,maxabs=3.510e-02,p99=1.887e-02,rel=2.556e-04
INT4,BITSHIFT,U(-1,1),128,7168,7168,32x64x32_w4_v3_b1,SKIP,opt only LUT path
INT4,LUT,U(-1,1),128,7168,7168,32x256x32_w8_v3_b1,SKIP,BN/WARPS != 16
INT4,BITSHIFT,U(-1,1),128,7168,7168,32x256x32_w8_v3_b1,SKIP,BN/WARPS != 16
INT4,LUT,U(-1,1),128,7168,7168,128x128x32_w8_v3_b1alt,SKIP,no template instantiation for this tile
INT4,BITSHIFT,U(-1,1),128,7168,7168,128x128x32_w8_v3_b1alt,SKIP,opt only LUT path
INT4,LUT,U(-1,1),128,7168,7168,64x128x32_w8_v3_b1alt,SKIP,no template instantiation for this tile
INT4,BITSHIFT,U(-1,1),128,7168,7168,64x128x32_w8_v3_b1alt,SKIP,opt only LUT path
INT4,LUT,U(-1,1),128,7168,7168,128x64x32_w4_v4,OK,ms=1.450,tflops=9.07,gbps=25.0,maxabs=3.510e-02,p99=1.887e-02,rel=2.556e-04
INT4,BITSHIFT,U(-1,1),128,7168,7168,128x64x32_w4_v4,SKIP,opt only LUT path
INT4,LUT,U(-1,1),128,7168,7168,128x128x32_w4_v4,SKIP,BN/WARPS != 16
INT4,BITSHIFT,U(-1,1),128,7168,7168,128x128x32_w4_v4,SKIP,BN/WARPS != 16
INT4,LUT,U(-1,1),128,7168,7168,64x64x32_w4_v4,OK,ms=1.134,tflops=11.60,gbps=31.9,maxabs=3.510e-02,p99=1.887e-02,rel=2.556e-04
INT4,BITSHIFT,U(-1,1),128,7168,7168,64x64x32_w4_v4,SKIP,opt only LUT path
INT4,LUT,U(-1,1),128,7168,7168,64x128x32_w4_v4,SKIP,BN/WARPS != 16
INT4,BITSHIFT,U(-1,1),128,7168,7168,64x128x32_w4_v4,SKIP,BN/WARPS != 16
INT4,LUT,U(-1,1),128,7168,7168,128x64x32_w4_v5,OK,ms=1.461,tflops=9.01,gbps=24.8,maxabs=3.510e-02,p99=1.887e-02,rel=2.556e-04
INT4,BITSHIFT,U(-1,1),128,7168,7168,128x64x32_w4_v5,SKIP,opt only LUT path
INT4,LUT,U(-1,1),128,7168,7168,128x128x32_w4_v5,SKIP,BN/WARPS != 16
INT4,BITSHIFT,U(-1,1),128,7168,7168,128x128x32_w4_v5,SKIP,BN/WARPS != 16
INT4,LUT,U(-1,1),128,7168,7168,64x64x32_w4_v5,OK,ms=1.895,tflops=6.94,gbps=19.1,maxabs=3.510e-02,p99=1.887e-02,rel=2.556e-04
INT4,BITSHIFT,U(-1,1),128,7168,7168,64x64x32_w4_v5,SKIP,opt only LUT path
INT4,LUT,U(-1,1),128,7168,7168,64x128x32_w4_v5,SKIP,BN/WARPS != 16
INT4,BITSHIFT,U(-1,1),128,7168,7168,64x128x32_w4_v5,SKIP,BN/WARPS != 16
INT4,LUT,U(-1,1),128,7168,7168,128x128x64_w4_v6,SKIP,BN/WARPS != 16
INT4,BITSHIFT,U(-1,1),128,7168,7168,128x128x64_w4_v6,SKIP,BN/WARPS != 16
INT4,LUT,U(-1,1),128,7168,7168,128x64x64_w4_v6,SKIP,v6 only INT8 (A1 retry)
INT4,BITSHIFT,U(-1,1),128,7168,7168,128x64x64_w4_v6,SKIP,opt only LUT path
INT4,LUT,U(-1,1),128,7168,7168,64x128x64_w4_v6,SKIP,BN/WARPS != 16
INT4,BITSHIFT,U(-1,1),128,7168,7168,64x128x64_w4_v6,SKIP,BN/WARPS != 16
INT4,LUT,U(-1,1),128,7168,7168,64x64x64_w4_v6,SKIP,v6 only INT8 (A1 retry)
INT4,BITSHIFT,U(-1,1),128,7168,7168,64x64x64_w4_v6,SKIP,opt only LUT path
INT4,LUT,U(-1,1),256,7168,7168,16x64x32_w4,OK,ms=5.293,tflops=4.97,gbps=8.2,maxabs=3.903e-02,p99=1.841e-02,rel=2.557e-04
INT4,BITSHIFT,U(-1,1),256,7168,7168,16x64x32_w4,OK,ms=7.449,tflops=3.53,gbps=5.9,maxabs=2.604e-02,p99=1.333e-02,rel=1.863e-04
INT4,LUT,U(-1,1),256,7168,7168,16x128x32_w8,OK,ms=5.386,tflops=4.88,gbps=8.1,maxabs=3.903e-02,p99=1.841e-02,rel=2.557e-04
INT4,BITSHIFT,U(-1,1),256,7168,7168,16x128x32_w8,OK,ms=7.529,tflops=3.49,gbps=5.8,maxabs=2.604e-02,p99=1.333e-02,rel=1.863e-04
INT4,LUT,U(-1,1),256,7168,7168,16x128x32_w4f2,SKIP,BN/WARPS != 16
INT4,BITSHIFT,U(-1,1),256,7168,7168,16x128x32_w4f2,SKIP,BN/WARPS != 16
INT4,LUT,U(-1,1),256,7168,7168,16x256x32_w4f4,SKIP,BN/WARPS != 16
INT4,BITSHIFT,U(-1,1),256,7168,7168,16x256x32_w4f4,SKIP,BN/WARPS != 16
INT4,LUT,U(-1,1),256,7168,7168,128x64x32_w4_v1,SKIP,no template instantiation for this tile
INT4,BITSHIFT,U(-1,1),256,7168,7168,128x64x32_w4_v1,SKIP,opt only LUT path
INT4,LUT,U(-1,1),256,7168,7168,128x128x32_w4_v1,SKIP,BN/WARPS != 16
INT4,BITSHIFT,U(-1,1),256,7168,7168,128x128x32_w4_v1,SKIP,BN/WARPS != 16
INT4,LUT,U(-1,1),256,7168,7168,128x256x32_w4_v1,SKIP,BN/WARPS != 16
INT4,BITSHIFT,U(-1,1),256,7168,7168,128x256x32_w4_v1,SKIP,BN/WARPS != 16
INT4,LUT,U(-1,1),256,7168,7168,128x256x32_w8_v1,SKIP,BN/WARPS != 16
INT4,BITSHIFT,U(-1,1),256,7168,7168,128x256x32_w8_v1,SKIP,BN/WARPS != 16
INT4,LUT,U(-1,1),256,7168,7168,64x64x32_w4_v1,SKIP,no template instantiation for this tile
INT4,BITSHIFT,U(-1,1),256,7168,7168,64x64x32_w4_v1,SKIP,opt only LUT path
INT4,LUT,U(-1,1),256,7168,7168,64x128x32_w4_v1,SKIP,BN/WARPS != 16
INT4,BITSHIFT,U(-1,1),256,7168,7168,64x128x32_w4_v1,SKIP,BN/WARPS != 16
INT4,LUT,U(-1,1),256,7168,7168,128x64x32_w4_v2,OK,ms=1.609,tflops=16.35,gbps=27.1,maxabs=3.903e-02,p99=1.841e-02,rel=2.557e-04
INT4,BITSHIFT,U(-1,1),256,7168,7168,128x64x32_w4_v2,SKIP,opt only LUT path
INT4,LUT,U(-1,1),256,7168,7168,128x128x32_w4_v2,SKIP,BN/WARPS != 16
INT4,BITSHIFT,U(-1,1),256,7168,7168,128x128x32_w4_v2,SKIP,BN/WARPS != 16
INT4,LUT,U(-1,1),256,7168,7168,128x256x32_w4_v2,SKIP,BN/WARPS != 16
INT4,BITSHIFT,U(-1,1),256,7168,7168,128x256x32_w4_v2,SKIP,BN/WARPS != 16
INT4,LUT,U(-1,1),256,7168,7168,128x256x32_w8_v2,SKIP,BN/WARPS != 16
INT4,BITSHIFT,U(-1,1),256,7168,7168,128x256x32_w8_v2,SKIP,BN/WARPS != 16
INT4,LUT,U(-1,1),256,7168,7168,64x64x32_w4_v2,OK,ms=2.429,tflops=10.83,gbps=17.9,maxabs=3.903e-02,p99=1.841e-02,rel=2.557e-04
INT4,BITSHIFT,U(-1,1),256,7168,7168,64x64x32_w4_v2,SKIP,opt only LUT path
INT4,LUT,U(-1,1),256,7168,7168,64x128x32_w4_v2,SKIP,BN/WARPS != 16
INT4,BITSHIFT,U(-1,1),256,7168,7168,64x128x32_w4_v2,SKIP,BN/WARPS != 16
INT4,LUT,U(-1,1),256,7168,7168,128x64x32_w4_v3,OK,ms=1.601,tflops=16.43,gbps=27.2,maxabs=3.903e-02,p99=1.841e-02,rel=2.557e-04
INT4,BITSHIFT,U(-1,1),256,7168,7168,128x64x32_w4_v3,SKIP,opt only LUT path
INT4,LUT,U(-1,1),256,7168,7168,128x128x32_w4_v3,SKIP,BN/WARPS != 16
INT4,BITSHIFT,U(-1,1),256,7168,7168,128x128x32_w4_v3,SKIP,BN/WARPS != 16
INT4,LUT,U(-1,1),256,7168,7168,128x256x32_w8_v3,SKIP,BN/WARPS != 16
INT4,BITSHIFT,U(-1,1),256,7168,7168,128x256x32_w8_v3,SKIP,BN/WARPS != 16
INT4,LUT,U(-1,1),256,7168,7168,64x64x32_w4_v3,OK,ms=2.377,tflops=11.07,gbps=18.3,maxabs=3.903e-02,p99=1.841e-02,rel=2.557e-04
INT4,BITSHIFT,U(-1,1),256,7168,7168,64x64x32_w4_v3,SKIP,opt only LUT path
INT4,LUT,U(-1,1),256,7168,7168,64x128x32_w4_v3,SKIP,BN/WARPS != 16
INT4,BITSHIFT,U(-1,1),256,7168,7168,64x128x32_w4_v3,SKIP,BN/WARPS != 16
INT4,LUT,U(-1,1),256,7168,7168,32x128x32_w4_v3_b1,SKIP,BN/WARPS != 16
INT4,BITSHIFT,U(-1,1),256,7168,7168,32x128x32_w4_v3_b1,SKIP,BN/WARPS != 16
INT4,LUT,U(-1,1),256,7168,7168,32x64x32_w4_v3_b1,OK,ms=2.201,tflops=11.95,gbps=19.8,maxabs=3.903e-02,p99=1.841e-02,rel=2.557e-04
INT4,BITSHIFT,U(-1,1),256,7168,7168,32x64x32_w4_v3_b1,SKIP,opt only LUT path
INT4,LUT,U(-1,1),256,7168,7168,32x256x32_w8_v3_b1,SKIP,BN/WARPS != 16
INT4,BITSHIFT,U(-1,1),256,7168,7168,32x256x32_w8_v3_b1,SKIP,BN/WARPS != 16
INT4,LUT,U(-1,1),256,7168,7168,128x128x32_w8_v3_b1alt,SKIP,no template instantiation for this tile
INT4,BITSHIFT,U(-1,1),256,7168,7168,128x128x32_w8_v3_b1alt,SKIP,opt only LUT path
INT4,LUT,U(-1,1),256,7168,7168,64x128x32_w8_v3_b1alt,SKIP,no template instantiation for this tile
INT4,BITSHIFT,U(-1,1),256,7168,7168,64x128x32_w8_v3_b1alt,SKIP,opt only LUT path
INT4,LUT,U(-1,1),256,7168,7168,128x64x32_w4_v4,OK,ms=1.610,tflops=16.34,gbps=27.1,maxabs=3.903e-02,p99=1.841e-02,rel=2.557e-04
INT4,BITSHIFT,U(-1,1),256,7168,7168,128x64x32_w4_v4,SKIP,opt only LUT path
INT4,LUT,U(-1,1),256,7168,7168,128x128x32_w4_v4,SKIP,BN/WARPS != 16
INT4,BITSHIFT,U(-1,1),256,7168,7168,128x128x32_w4_v4,SKIP,BN/WARPS != 16
INT4,LUT,U(-1,1),256,7168,7168,64x64x32_w4_v4,OK,ms=2.435,tflops=10.81,gbps=17.9,maxabs=3.903e-02,p99=1.841e-02,rel=2.557e-04
INT4,BITSHIFT,U(-1,1),256,7168,7168,64x64x32_w4_v4,SKIP,opt only LUT path
INT4,LUT,U(-1,1),256,7168,7168,64x128x32_w4_v4,SKIP,BN/WARPS != 16
INT4,BITSHIFT,U(-1,1),256,7168,7168,64x128x32_w4_v4,SKIP,BN/WARPS != 16
INT4,LUT,U(-1,1),256,7168,7168,128x64x32_w4_v5,OK,ms=2.718,tflops=9.68,gbps=16.0,maxabs=3.903e-02,p99=1.841e-02,rel=2.557e-04
INT4,BITSHIFT,U(-1,1),256,7168,7168,128x64x32_w4_v5,SKIP,opt only LUT path
INT4,LUT,U(-1,1),256,7168,7168,128x128x32_w4_v5,SKIP,BN/WARPS != 16
INT4,BITSHIFT,U(-1,1),256,7168,7168,128x128x32_w4_v5,SKIP,BN/WARPS != 16
INT4,LUT,U(-1,1),256,7168,7168,64x64x32_w4_v5,OK,ms=3.030,tflops=8.68,gbps=14.4,maxabs=3.903e-02,p99=1.841e-02,rel=2.557e-04
INT4,BITSHIFT,U(-1,1),256,7168,7168,64x64x32_w4_v5,SKIP,opt only LUT path
INT4,LUT,U(-1,1),256,7168,7168,64x128x32_w4_v5,SKIP,BN/WARPS != 16
INT4,BITSHIFT,U(-1,1),256,7168,7168,64x128x32_w4_v5,SKIP,BN/WARPS != 16
INT4,LUT,U(-1,1),256,7168,7168,128x128x64_w4_v6,SKIP,BN/WARPS != 16
INT4,BITSHIFT,U(-1,1),256,7168,7168,128x128x64_w4_v6,SKIP,BN/WARPS != 16
INT4,LUT,U(-1,1),256,7168,7168,128x64x64_w4_v6,SKIP,v6 only INT8 (A1 retry)
INT4,BITSHIFT,U(-1,1),256,7168,7168,128x64x64_w4_v6,SKIP,opt only LUT path
INT4,LUT,U(-1,1),256,7168,7168,64x128x64_w4_v6,SKIP,BN/WARPS != 16
INT4,BITSHIFT,U(-1,1),256,7168,7168,64x128x64_w4_v6,SKIP,BN/WARPS != 16
INT4,LUT,U(-1,1),256,7168,7168,64x64x64_w4_v6,SKIP,v6 only INT8 (A1 retry)
INT4,BITSHIFT,U(-1,1),256,7168,7168,64x64x64_w4_v6,SKIP,opt only LUT path
INT4,LUT,U(-1,1),512,7168,7168,16x64x32_w4,OK,ms=10.601,tflops=4.96,gbps=5.5,maxabs=3.902e-02,p99=1.870e-02,rel=2.556e-04
INT4,BITSHIFT,U(-1,1),512,7168,7168,16x64x32_w4,OK,ms=14.370,tflops=3.66,gbps=4.1,maxabs=2.781e-02,p99=1.369e-02,rel=1.862e-04
INT4,LUT,U(-1,1),512,7168,7168,16x128x32_w8,OK,ms=10.976,tflops=4.79,gbps=5.3,maxabs=3.902e-02,p99=1.870e-02,rel=2.556e-04
INT4,BITSHIFT,U(-1,1),512,7168,7168,16x128x32_w8,OK,ms=15.049,tflops=3.50,gbps=3.9,maxabs=2.781e-02,p99=1.369e-02,rel=1.862e-04
INT4,LUT,U(-1,1),512,7168,7168,16x128x32_w4f2,SKIP,BN/WARPS != 16
INT4,BITSHIFT,U(-1,1),512,7168,7168,16x128x32_w4f2,SKIP,BN/WARPS != 16
INT4,LUT,U(-1,1),512,7168,7168,16x256x32_w4f4,SKIP,BN/WARPS != 16
INT4,BITSHIFT,U(-1,1),512,7168,7168,16x256x32_w4f4,SKIP,BN/WARPS != 16
INT4,LUT,U(-1,1),512,7168,7168,128x64x32_w4_v1,SKIP,no template instantiation for this tile
INT4,BITSHIFT,U(-1,1),512,7168,7168,128x64x32_w4_v1,SKIP,opt only LUT path
INT4,LUT,U(-1,1),512,7168,7168,128x128x32_w4_v1,SKIP,BN/WARPS != 16
INT4,BITSHIFT,U(-1,1),512,7168,7168,128x128x32_w4_v1,SKIP,BN/WARPS != 16
INT4,LUT,U(-1,1),512,7168,7168,128x256x32_w4_v1,SKIP,BN/WARPS != 16
INT4,BITSHIFT,U(-1,1),512,7168,7168,128x256x32_w4_v1,SKIP,BN/WARPS != 16
INT4,LUT,U(-1,1),512,7168,7168,128x256x32_w8_v1,SKIP,BN/WARPS != 16
INT4,BITSHIFT,U(-1,1),512,7168,7168,128x256x32_w8_v1,SKIP,BN/WARPS != 16
INT4,LUT,U(-1,1),512,7168,7168,64x64x32_w4_v1,SKIP,no template instantiation for this tile
INT4,BITSHIFT,U(-1,1),512,7168,7168,64x64x32_w4_v1,SKIP,opt only LUT path
INT4,LUT,U(-1,1),512,7168,7168,64x128x32_w4_v1,SKIP,BN/WARPS != 16
INT4,BITSHIFT,U(-1,1),512,7168,7168,64x128x32_w4_v1,SKIP,BN/WARPS != 16
INT4,LUT,U(-1,1),512,7168,7168,128x64x32_w4_v2,OK,ms=3.721,tflops=14.14,gbps=15.7,maxabs=3.902e-02,p99=1.870e-02,rel=2.556e-04
INT4,BITSHIFT,U(-1,1),512,7168,7168,128x64x32_w4_v2,SKIP,opt only LUT path
INT4,LUT,U(-1,1),512,7168,7168,128x128x32_w4_v2,SKIP,BN/WARPS != 16
INT4,BITSHIFT,U(-1,1),512,7168,7168,128x128x32_w4_v2,SKIP,BN/WARPS != 16
INT4,LUT,U(-1,1),512,7168,7168,128x256x32_w4_v2,SKIP,BN/WARPS != 16
INT4,BITSHIFT,U(-1,1),512,7168,7168,128x256x32_w4_v2,SKIP,BN/WARPS != 16
INT4,LUT,U(-1,1),512,7168,7168,128x256x32_w8_v2,SKIP,BN/WARPS != 16
INT4,BITSHIFT,U(-1,1),512,7168,7168,128x256x32_w8_v2,SKIP,BN/WARPS != 16
INT4,LUT,U(-1,1),512,7168,7168,64x64x32_w4_v2,OK,ms=3.606,tflops=14.59,gbps=16.2,maxabs=3.902e-02,p99=1.870e-02,rel=2.556e-04
INT4,BITSHIFT,U(-1,1),512,7168,7168,64x64x32_w4_v2,SKIP,opt only LUT path
INT4,LUT,U(-1,1),512,7168,7168,64x128x32_w4_v2,SKIP,BN/WARPS != 16
INT4,BITSHIFT,U(-1,1),512,7168,7168,64x128x32_w4_v2,SKIP,BN/WARPS != 16
INT4,LUT,U(-1,1),512,7168,7168,128x64x32_w4_v3,OK,ms=3.200,tflops=16.44,gbps=18.2,maxabs=3.902e-02,p99=1.870e-02,rel=2.556e-04
INT4,BITSHIFT,U(-1,1),512,7168,7168,128x64x32_w4_v3,SKIP,opt only LUT path
INT4,LUT,U(-1,1),512,7168,7168,128x128x32_w4_v3,SKIP,BN/WARPS != 16
INT4,BITSHIFT,U(-1,1),512,7168,7168,128x128x32_w4_v3,SKIP,BN/WARPS != 16
INT4,LUT,U(-1,1),512,7168,7168,128x256x32_w8_v3,SKIP,BN/WARPS != 16
INT4,BITSHIFT,U(-1,1),512,7168,7168,128x256x32_w8_v3,SKIP,BN/WARPS != 16
INT4,LUT,U(-1,1),512,7168,7168,64x64x32_w4_v3,OK,ms=3.921,tflops=13.42,gbps=14.9,maxabs=3.902e-02,p99=1.870e-02,rel=2.556e-04
INT4,BITSHIFT,U(-1,1),512,7168,7168,64x64x32_w4_v3,SKIP,opt only LUT path
INT4,LUT,U(-1,1),512,7168,7168,64x128x32_w4_v3,SKIP,BN/WARPS != 16
INT4,BITSHIFT,U(-1,1),512,7168,7168,64x128x32_w4_v3,SKIP,BN/WARPS != 16
INT4,LUT,U(-1,1),512,7168,7168,32x128x32_w4_v3_b1,SKIP,BN/WARPS != 16
INT4,BITSHIFT,U(-1,1),512,7168,7168,32x128x32_w4_v3_b1,SKIP,BN/WARPS != 16
INT4,LUT,U(-1,1),512,7168,7168,32x64x32_w4_v3_b1,OK,ms=4.395,tflops=11.97,gbps=13.3,maxabs=3.902e-02,p99=1.870e-02,rel=2.556e-04
INT4,BITSHIFT,U(-1,1),512,7168,7168,32x64x32_w4_v3_b1,SKIP,opt only LUT path
INT4,LUT,U(-1,1),512,7168,7168,32x256x32_w8_v3_b1,SKIP,BN/WARPS != 16
INT4,BITSHIFT,U(-1,1),512,7168,7168,32x256x32_w8_v3_b1,SKIP,BN/WARPS != 16
INT4,LUT,U(-1,1),512,7168,7168,128x128x32_w8_v3_b1alt,SKIP,no template instantiation for this tile
INT4,BITSHIFT,U(-1,1),512,7168,7168,128x128x32_w8_v3_b1alt,SKIP,opt only LUT path
INT4,LUT,U(-1,1),512,7168,7168,64x128x32_w8_v3_b1alt,SKIP,no template instantiation for this tile
INT4,BITSHIFT,U(-1,1),512,7168,7168,64x128x32_w8_v3_b1alt,SKIP,opt only LUT path
INT4,LUT,U(-1,1),512,7168,7168,128x64x32_w4_v4,OK,ms=3.213,tflops=16.37,gbps=18.1,maxabs=3.902e-02,p99=1.870e-02,rel=2.556e-04
INT4,BITSHIFT,U(-1,1),512,7168,7168,128x64x32_w4_v4,SKIP,opt only LUT path
INT4,LUT,U(-1,1),512,7168,7168,128x128x32_w4_v4,SKIP,BN/WARPS != 16
INT4,BITSHIFT,U(-1,1),512,7168,7168,128x128x32_w4_v4,SKIP,BN/WARPS != 16
INT4,LUT,U(-1,1),512,7168,7168,64x64x32_w4_v4,OK,ms=3.976,tflops=13.23,gbps=14.7,maxabs=3.902e-02,p99=1.870e-02,rel=2.556e-04
INT4,BITSHIFT,U(-1,1),512,7168,7168,64x64x32_w4_v4,SKIP,opt only LUT path
INT4,LUT,U(-1,1),512,7168,7168,64x128x32_w4_v4,SKIP,BN/WARPS != 16
INT4,BITSHIFT,U(-1,1),512,7168,7168,64x128x32_w4_v4,SKIP,BN/WARPS != 16
INT4,LUT,U(-1,1),512,7168,7168,128x64x32_w4_v5,OK,ms=4.390,tflops=11.98,gbps=13.3,maxabs=3.902e-02,p99=1.870e-02,rel=2.556e-04
INT4,BITSHIFT,U(-1,1),512,7168,7168,128x64x32_w4_v5,SKIP,opt only LUT path
INT4,LUT,U(-1,1),512,7168,7168,128x128x32_w4_v5,SKIP,BN/WARPS != 16
INT4,BITSHIFT,U(-1,1),512,7168,7168,128x128x32_w4_v5,SKIP,BN/WARPS != 16
INT4,LUT,U(-1,1),512,7168,7168,64x64x32_w4_v5,OK,ms=6.073,tflops=8.66,gbps=9.6,maxabs=3.902e-02,p99=1.870e-02,rel=2.556e-04
INT4,BITSHIFT,U(-1,1),512,7168,7168,64x64x32_w4_v5,SKIP,opt only LUT path
INT4,LUT,U(-1,1),512,7168,7168,64x128x32_w4_v5,SKIP,BN/WARPS != 16
INT4,BITSHIFT,U(-1,1),512,7168,7168,64x128x32_w4_v5,SKIP,BN/WARPS != 16
INT4,LUT,U(-1,1),512,7168,7168,128x128x64_w4_v6,SKIP,BN/WARPS != 16
INT4,BITSHIFT,U(-1,1),512,7168,7168,128x128x64_w4_v6,SKIP,BN/WARPS != 16
INT4,LUT,U(-1,1),512,7168,7168,128x64x64_w4_v6,SKIP,v6 only INT8 (A1 retry)
INT4,BITSHIFT,U(-1,1),512,7168,7168,128x64x64_w4_v6,SKIP,opt only LUT path
INT4,LUT,U(-1,1),512,7168,7168,64x128x64_w4_v6,SKIP,BN/WARPS != 16
INT4,BITSHIFT,U(-1,1),512,7168,7168,64x128x64_w4_v6,SKIP,BN/WARPS != 16
INT4,LUT,U(-1,1),512,7168,7168,64x64x64_w4_v6,SKIP,v6 only INT8 (A1 retry)
INT4,BITSHIFT,U(-1,1),512,7168,7168,64x64x64_w4_v6,SKIP,opt only LUT path
INT4,LUT,U(-1,1),1024,7168,7168,16x64x32_w4,OK,ms=21.330,tflops=4.93,gbps=4.1,maxabs=3.902e-02,p99=1.859e-02,rel=2.556e-04
INT4,BITSHIFT,U(-1,1),1024,7168,7168,16x64x32_w4,OK,ms=27.875,tflops=3.77,gbps=3.1,maxabs=2.781e-02,p99=1.388e-02,rel=1.860e-04
INT4,LUT,U(-1,1),1024,7168,7168,16x128x32_w8,OK,ms=21.650,tflops=4.86,gbps=4.0,maxabs=3.902e-02,p99=1.859e-02,rel=2.556e-04
INT4,BITSHIFT,U(-1,1),1024,7168,7168,16x128x32_w8,OK,ms=28.111,tflops=3.74,gbps=3.1,maxabs=2.781e-02,p99=1.388e-02,rel=1.860e-04
INT4,LUT,U(-1,1),1024,7168,7168,16x128x32_w4f2,SKIP,BN/WARPS != 16
INT4,BITSHIFT,U(-1,1),1024,7168,7168,16x128x32_w4f2,SKIP,BN/WARPS != 16
INT4,LUT,U(-1,1),1024,7168,7168,16x256x32_w4f4,SKIP,BN/WARPS != 16
INT4,BITSHIFT,U(-1,1),1024,7168,7168,16x256x32_w4f4,SKIP,BN/WARPS != 16
INT4,LUT,U(-1,1),1024,7168,7168,128x64x32_w4_v1,SKIP,no template instantiation for this tile
INT4,BITSHIFT,U(-1,1),1024,7168,7168,128x64x32_w4_v1,SKIP,opt only LUT path
INT4,LUT,U(-1,1),1024,7168,7168,128x128x32_w4_v1,SKIP,BN/WARPS != 16
INT4,BITSHIFT,U(-1,1),1024,7168,7168,128x128x32_w4_v1,SKIP,BN/WARPS != 16
INT4,LUT,U(-1,1),1024,7168,7168,128x256x32_w4_v1,SKIP,BN/WARPS != 16
INT4,BITSHIFT,U(-1,1),1024,7168,7168,128x256x32_w4_v1,SKIP,BN/WARPS != 16
INT4,LUT,U(-1,1),1024,7168,7168,128x256x32_w8_v1,SKIP,BN/WARPS != 16
INT4,BITSHIFT,U(-1,1),1024,7168,7168,128x256x32_w8_v1,SKIP,BN/WARPS != 16
INT4,LUT,U(-1,1),1024,7168,7168,64x64x32_w4_v1,SKIP,no template instantiation for this tile
INT4,BITSHIFT,U(-1,1),1024,7168,7168,64x64x32_w4_v1,SKIP,opt only LUT path
INT4,LUT,U(-1,1),1024,7168,7168,64x128x32_w4_v1,SKIP,BN/WARPS != 16
INT4,BITSHIFT,U(-1,1),1024,7168,7168,64x128x32_w4_v1,SKIP,BN/WARPS != 16
INT4,LUT,U(-1,1),1024,7168,7168,128x64x32_w4_v2,OK,ms=5.501,tflops=19.13,gbps=15.9,maxabs=3.902e-02,p99=1.859e-02,rel=2.556e-04
INT4,BITSHIFT,U(-1,1),1024,7168,7168,128x64x32_w4_v2,SKIP,opt only LUT path
INT4,LUT,U(-1,1),1024,7168,7168,128x128x32_w4_v2,SKIP,BN/WARPS != 16
INT4,BITSHIFT,U(-1,1),1024,7168,7168,128x128x32_w4_v2,SKIP,BN/WARPS != 16
INT4,LUT,U(-1,1),1024,7168,7168,128x256x32_w4_v2,SKIP,BN/WARPS != 16
INT4,BITSHIFT,U(-1,1),1024,7168,7168,128x256x32_w4_v2,SKIP,BN/WARPS != 16
INT4,LUT,U(-1,1),1024,7168,7168,128x256x32_w8_v2,SKIP,BN/WARPS != 16
INT4,BITSHIFT,U(-1,1),1024,7168,7168,128x256x32_w8_v2,SKIP,BN/WARPS != 16
INT4,LUT,U(-1,1),1024,7168,7168,64x64x32_w4_v2,OK,ms=7.224,tflops=14.57,gbps=12.1,maxabs=3.902e-02,p99=1.859e-02,rel=2.556e-04
INT4,BITSHIFT,U(-1,1),1024,7168,7168,64x64x32_w4_v2,SKIP,opt only LUT path
INT4,LUT,U(-1,1),1024,7168,7168,64x128x32_w4_v2,SKIP,BN/WARPS != 16
INT4,BITSHIFT,U(-1,1),1024,7168,7168,64x128x32_w4_v2,SKIP,BN/WARPS != 16
INT4,LUT,U(-1,1),1024,7168,7168,128x64x32_w4_v3,OK,ms=6.361,tflops=16.54,gbps=13.8,maxabs=3.902e-02,p99=1.859e-02,rel=2.556e-04
INT4,BITSHIFT,U(-1,1),1024,7168,7168,128x64x32_w4_v3,SKIP,opt only LUT path
INT4,LUT,U(-1,1),1024,7168,7168,128x128x32_w4_v3,SKIP,BN/WARPS != 16
INT4,BITSHIFT,U(-1,1),1024,7168,7168,128x128x32_w4_v3,SKIP,BN/WARPS != 16
INT4,LUT,U(-1,1),1024,7168,7168,128x256x32_w8_v3,SKIP,BN/WARPS != 16
INT4,BITSHIFT,U(-1,1),1024,7168,7168,128x256x32_w8_v3,SKIP,BN/WARPS != 16
INT4,LUT,U(-1,1),1024,7168,7168,64x64x32_w4_v3,OK,ms=6.648,tflops=15.83,gbps=13.2,maxabs=3.902e-02,p99=1.859e-02,rel=2.556e-04
INT4,BITSHIFT,U(-1,1),1024,7168,7168,64x64x32_w4_v3,SKIP,opt only LUT path
INT4,LUT,U(-1,1),1024,7168,7168,64x128x32_w4_v3,SKIP,BN/WARPS != 16
INT4,BITSHIFT,U(-1,1),1024,7168,7168,64x128x32_w4_v3,SKIP,BN/WARPS != 16
INT4,LUT,U(-1,1),1024,7168,7168,32x128x32_w4_v3_b1,SKIP,BN/WARPS != 16
INT4,BITSHIFT,U(-1,1),1024,7168,7168,32x128x32_w4_v3_b1,SKIP,BN/WARPS != 16
INT4,LUT,U(-1,1),1024,7168,7168,32x64x32_w4_v3_b1,OK,ms=8.799,tflops=11.96,gbps=10.0,maxabs=3.902e-02,p99=1.859e-02,rel=2.556e-04
INT4,BITSHIFT,U(-1,1),1024,7168,7168,32x64x32_w4_v3_b1,SKIP,opt only LUT path
INT4,LUT,U(-1,1),1024,7168,7168,32x256x32_w8_v3_b1,SKIP,BN/WARPS != 16
INT4,BITSHIFT,U(-1,1),1024,7168,7168,32x256x32_w8_v3_b1,SKIP,BN/WARPS != 16
INT4,LUT,U(-1,1),1024,7168,7168,128x128x32_w8_v3_b1alt,SKIP,no template instantiation for this tile
INT4,BITSHIFT,U(-1,1),1024,7168,7168,128x128x32_w8_v3_b1alt,SKIP,opt only LUT path
INT4,LUT,U(-1,1),1024,7168,7168,64x128x32_w8_v3_b1alt,SKIP,no template instantiation for this tile
INT4,BITSHIFT,U(-1,1),1024,7168,7168,64x128x32_w8_v3_b1alt,SKIP,opt only LUT path
INT4,LUT,U(-1,1),1024,7168,7168,128x64x32_w4_v4,OK,ms=6.392,tflops=16.46,gbps=13.7,maxabs=3.902e-02,p99=1.859e-02,rel=2.556e-04
INT4,BITSHIFT,U(-1,1),1024,7168,7168,128x64x32_w4_v4,SKIP,opt only LUT path
INT4,LUT,U(-1,1),1024,7168,7168,128x128x32_w4_v4,SKIP,BN/WARPS != 16
INT4,BITSHIFT,U(-1,1),1024,7168,7168,128x128x32_w4_v4,SKIP,BN/WARPS != 16
INT4,LUT,U(-1,1),1024,7168,7168,64x64x32_w4_v4,OK,ms=6.902,tflops=15.25,gbps=12.7,maxabs=3.902e-02,p99=1.859e-02,rel=2.556e-04
INT4,BITSHIFT,U(-1,1),1024,7168,7168,64x64x32_w4_v4,SKIP,opt only LUT path
INT4,LUT,U(-1,1),1024,7168,7168,64x128x32_w4_v4,SKIP,BN/WARPS != 16
INT4,BITSHIFT,U(-1,1),1024,7168,7168,64x128x32_w4_v4,SKIP,BN/WARPS != 16
INT4,LUT,U(-1,1),1024,7168,7168,128x64x32_w4_v5,OK,ms=8.915,tflops=11.80,gbps=9.8,maxabs=3.902e-02,p99=1.859e-02,rel=2.556e-04
INT4,BITSHIFT,U(-1,1),1024,7168,7168,128x64x32_w4_v5,SKIP,opt only LUT path
INT4,LUT,U(-1,1),1024,7168,7168,128x128x32_w4_v5,SKIP,BN/WARPS != 16
INT4,BITSHIFT,U(-1,1),1024,7168,7168,128x128x32_w4_v5,SKIP,BN/WARPS != 16
INT4,LUT,U(-1,1),1024,7168,7168,64x64x32_w4_v5,OK,ms=12.114,tflops=8.69,gbps=7.2,maxabs=3.902e-02,p99=1.859e-02,rel=2.556e-04
INT4,BITSHIFT,U(-1,1),1024,7168,7168,64x64x32_w4_v5,SKIP,opt only LUT path
INT4,LUT,U(-1,1),1024,7168,7168,64x128x32_w4_v5,SKIP,BN/WARPS != 16
INT4,BITSHIFT,U(-1,1),1024,7168,7168,64x128x32_w4_v5,SKIP,BN/WARPS != 16
INT4,LUT,U(-1,1),1024,7168,7168,128x128x64_w4_v6,SKIP,BN/WARPS != 16
INT4,BITSHIFT,U(-1,1),1024,7168,7168,128x128x64_w4_v6,SKIP,BN/WARPS != 16
INT4,LUT,U(-1,1),1024,7168,7168,128x64x64_w4_v6,SKIP,v6 only INT8 (A1 retry)
INT4,BITSHIFT,U(-1,1),1024,7168,7168,128x64x64_w4_v6,SKIP,opt only LUT path
INT4,LUT,U(-1,1),1024,7168,7168,64x128x64_w4_v6,SKIP,BN/WARPS != 16
INT4,BITSHIFT,U(-1,1),1024,7168,7168,64x128x64_w4_v6,SKIP,BN/WARPS != 16
INT4,LUT,U(-1,1),1024,7168,7168,64x64x64_w4_v6,SKIP,v6 only INT8 (A1 retry)
INT4,BITSHIFT,U(-1,1),1024,7168,7168,64x64x64_w4_v6,SKIP,opt only LUT path
INT4,LUT,U(-1,1),2048,7168,7168,16x64x32_w4,OK,ms=40.901,tflops=5.15,gbps=3.6,maxabs=3.901e-02,p99=1.858e-02,rel=2.555e-04
INT4,BITSHIFT,U(-1,1),2048,7168,7168,16x64x32_w4,OK,ms=55.416,tflops=3.80,gbps=2.6,maxabs=2.781e-02,p99=1.348e-02,rel=1.860e-04
INT4,LUT,U(-1,1),2048,7168,7168,16x128x32_w8,OK,ms=41.485,tflops=5.07,gbps=3.5,maxabs=3.901e-02,p99=1.858e-02,rel=2.555e-04
INT4,BITSHIFT,U(-1,1),2048,7168,7168,16x128x32_w8,OK,ms=56.212,tflops=3.74,gbps=2.6,maxabs=2.781e-02,p99=1.348e-02,rel=1.860e-04
INT4,LUT,U(-1,1),2048,7168,7168,16x128x32_w4f2,SKIP,BN/WARPS != 16
INT4,BITSHIFT,U(-1,1),2048,7168,7168,16x128x32_w4f2,SKIP,BN/WARPS != 16
INT4,LUT,U(-1,1),2048,7168,7168,16x256x32_w4f4,SKIP,BN/WARPS != 16
INT4,BITSHIFT,U(-1,1),2048,7168,7168,16x256x32_w4f4,SKIP,BN/WARPS != 16
INT4,LUT,U(-1,1),2048,7168,7168,128x64x32_w4_v1,SKIP,no template instantiation for this tile
INT4,BITSHIFT,U(-1,1),2048,7168,7168,128x64x32_w4_v1,SKIP,opt only LUT path
INT4,LUT,U(-1,1),2048,7168,7168,128x128x32_w4_v1,SKIP,BN/WARPS != 16
INT4,BITSHIFT,U(-1,1),2048,7168,7168,128x128x32_w4_v1,SKIP,BN/WARPS != 16
INT4,LUT,U(-1,1),2048,7168,7168,128x256x32_w4_v1,SKIP,BN/WARPS != 16
INT4,BITSHIFT,U(-1,1),2048,7168,7168,128x256x32_w4_v1,SKIP,BN/WARPS != 16
INT4,LUT,U(-1,1),2048,7168,7168,128x256x32_w8_v1,SKIP,BN/WARPS != 16
INT4,BITSHIFT,U(-1,1),2048,7168,7168,128x256x32_w8_v1,SKIP,BN/WARPS != 16
INT4,LUT,U(-1,1),2048,7168,7168,64x64x32_w4_v1,SKIP,no template instantiation for this tile
INT4,BITSHIFT,U(-1,1),2048,7168,7168,64x64x32_w4_v1,SKIP,opt only LUT path
INT4,LUT,U(-1,1),2048,7168,7168,64x128x32_w4_v1,SKIP,BN/WARPS != 16
INT4,BITSHIFT,U(-1,1),2048,7168,7168,64x128x32_w4_v1,SKIP,BN/WARPS != 16
INT4,LUT,U(-1,1),2048,7168,7168,128x64x32_w4_v2,OK,ms=10.985,tflops=19.16,gbps=13.3,maxabs=3.901e-02,p99=1.858e-02,rel=2.555e-04
INT4,BITSHIFT,U(-1,1),2048,7168,7168,128x64x32_w4_v2,SKIP,opt only LUT path
INT4,LUT,U(-1,1),2048,7168,7168,128x128x32_w4_v2,SKIP,BN/WARPS != 16
INT4,BITSHIFT,U(-1,1),2048,7168,7168,128x128x32_w4_v2,SKIP,BN/WARPS != 16
INT4,LUT,U(-1,1),2048,7168,7168,128x256x32_w4_v2,SKIP,BN/WARPS != 16
INT4,BITSHIFT,U(-1,1),2048,7168,7168,128x256x32_w4_v2,SKIP,BN/WARPS != 16
INT4,LUT,U(-1,1),2048,7168,7168,128x256x32_w8_v2,SKIP,BN/WARPS != 16
INT4,BITSHIFT,U(-1,1),2048,7168,7168,128x256x32_w8_v2,SKIP,BN/WARPS != 16
INT4,LUT,U(-1,1),2048,7168,7168,64x64x32_w4_v2,OK,ms=14.329,tflops=14.69,gbps=10.2,maxabs=3.901e-02,p99=1.858e-02,rel=2.555e-04
INT4,BITSHIFT,U(-1,1),2048,7168,7168,64x64x32_w4_v2,SKIP,opt only LUT path
INT4,LUT,U(-1,1),2048,7168,7168,64x128x32_w4_v2,SKIP,BN/WARPS != 16
INT4,BITSHIFT,U(-1,1),2048,7168,7168,64x128x32_w4_v2,SKIP,BN/WARPS != 16
INT4,LUT,U(-1,1),2048,7168,7168,128x64x32_w4_v3,OK,ms=12.670,tflops=16.61,gbps=11.5,maxabs=3.901e-02,p99=1.858e-02,rel=2.555e-04
INT4,BITSHIFT,U(-1,1),2048,7168,7168,128x64x32_w4_v3,SKIP,opt only LUT path
INT4,LUT,U(-1,1),2048,7168,7168,128x128x32_w4_v3,SKIP,BN/WARPS != 16
INT4,BITSHIFT,U(-1,1),2048,7168,7168,128x128x32_w4_v3,SKIP,BN/WARPS != 16
INT4,LUT,U(-1,1),2048,7168,7168,128x256x32_w8_v3,SKIP,BN/WARPS != 16
INT4,BITSHIFT,U(-1,1),2048,7168,7168,128x256x32_w8_v3,SKIP,BN/WARPS != 16
INT4,LUT,U(-1,1),2048,7168,7168,64x64x32_w4_v3,OK,ms=11.834,tflops=17.78,gbps=12.4,maxabs=3.901e-02,p99=1.858e-02,rel=2.555e-04
INT4,BITSHIFT,U(-1,1),2048,7168,7168,64x64x32_w4_v3,SKIP,opt only LUT path
INT4,LUT,U(-1,1),2048,7168,7168,64x128x32_w4_v3,SKIP,BN/WARPS != 16
INT4,BITSHIFT,U(-1,1),2048,7168,7168,64x128x32_w4_v3,SKIP,BN/WARPS != 16
INT4,LUT,U(-1,1),2048,7168,7168,32x128x32_w4_v3_b1,SKIP,BN/WARPS != 16
INT4,BITSHIFT,U(-1,1),2048,7168,7168,32x128x32_w4_v3_b1,SKIP,BN/WARPS != 16
INT4,LUT,U(-1,1),2048,7168,7168,32x64x32_w4_v3_b1,OK,ms=16.676,tflops=12.62,gbps=8.8,maxabs=3.901e-02,p99=1.858e-02,rel=2.555e-04
INT4,BITSHIFT,U(-1,1),2048,7168,7168,32x64x32_w4_v3_b1,SKIP,opt only LUT path
INT4,LUT,U(-1,1),2048,7168,7168,32x256x32_w8_v3_b1,SKIP,BN/WARPS != 16
INT4,BITSHIFT,U(-1,1),2048,7168,7168,32x256x32_w8_v3_b1,SKIP,BN/WARPS != 16
INT4,LUT,U(-1,1),2048,7168,7168,128x128x32_w8_v3_b1alt,SKIP,no template instantiation for this tile
INT4,BITSHIFT,U(-1,1),2048,7168,7168,128x128x32_w8_v3_b1alt,SKIP,opt only LUT path
INT4,LUT,U(-1,1),2048,7168,7168,64x128x32_w8_v3_b1alt,SKIP,no template instantiation for this tile
INT4,BITSHIFT,U(-1,1),2048,7168,7168,64x128x32_w8_v3_b1alt,SKIP,opt only LUT path
INT4,LUT,U(-1,1),2048,7168,7168,128x64x32_w4_v4,OK,ms=12.728,tflops=16.53,gbps=11.5,maxabs=3.901e-02,p99=1.858e-02,rel=2.555e-04
INT4,BITSHIFT,U(-1,1),2048,7168,7168,128x64x32_w4_v4,SKIP,opt only LUT path
INT4,LUT,U(-1,1),2048,7168,7168,128x128x32_w4_v4,SKIP,BN/WARPS != 16
INT4,BITSHIFT,U(-1,1),2048,7168,7168,128x128x32_w4_v4,SKIP,BN/WARPS != 16
INT4,LUT,U(-1,1),2048,7168,7168,64x64x32_w4_v4,OK,ms=12.448,tflops=16.91,gbps=11.8,maxabs=3.901e-02,p99=1.858e-02,rel=2.555e-04
INT4,BITSHIFT,U(-1,1),2048,7168,7168,64x64x32_w4_v4,SKIP,opt only LUT path
INT4,LUT,U(-1,1),2048,7168,7168,64x128x32_w4_v4,SKIP,BN/WARPS != 16
INT4,BITSHIFT,U(-1,1),2048,7168,7168,64x128x32_w4_v4,SKIP,BN/WARPS != 16
INT4,LUT,U(-1,1),2048,7168,7168,128x64x32_w4_v5,OK,ms=17.701,tflops=11.89,gbps=8.3,maxabs=3.901e-02,p99=1.858e-02,rel=2.555e-04
INT4,BITSHIFT,U(-1,1),2048,7168,7168,128x64x32_w4_v5,SKIP,opt only LUT path
INT4,LUT,U(-1,1),2048,7168,7168,128x128x32_w4_v5,SKIP,BN/WARPS != 16
INT4,BITSHIFT,U(-1,1),2048,7168,7168,128x128x32_w4_v5,SKIP,BN/WARPS != 16
INT4,LUT,U(-1,1),2048,7168,7168,64x64x32_w4_v5,OK,ms=23.621,tflops=8.91,gbps=6.2,maxabs=3.901e-02,p99=1.858e-02,rel=2.555e-04
INT4,BITSHIFT,U(-1,1),2048,7168,7168,64x64x32_w4_v5,SKIP,opt only LUT path
INT4,LUT,U(-1,1),2048,7168,7168,64x128x32_w4_v5,SKIP,BN/WARPS != 16
INT4,BITSHIFT,U(-1,1),2048,7168,7168,64x128x32_w4_v5,SKIP,BN/WARPS != 16
INT4,LUT,U(-1,1),2048,7168,7168,128x128x64_w4_v6,SKIP,BN/WARPS != 16
INT4,BITSHIFT,U(-1,1),2048,7168,7168,128x128x64_w4_v6,SKIP,BN/WARPS != 16
INT4,LUT,U(-1,1),2048,7168,7168,128x64x64_w4_v6,SKIP,v6 only INT8 (A1 retry)
INT4,BITSHIFT,U(-1,1),2048,7168,7168,128x64x64_w4_v6,SKIP,opt only LUT path
INT4,LUT,U(-1,1),2048,7168,7168,64x128x64_w4_v6,SKIP,BN/WARPS != 16
INT4,BITSHIFT,U(-1,1),2048,7168,7168,64x128x64_w4_v6,SKIP,BN/WARPS != 16
INT4,LUT,U(-1,1),2048,7168,7168,64x64x64_w4_v6,SKIP,v6 only INT8 (A1 retry)
INT4,BITSHIFT,U(-1,1),2048,7168,7168,64x64x64_w4_v6,SKIP,opt only LUT path
MXFP4,LUT,U(-1,1),1,4096,4096,16x64x32_w4,OK,ms=0.682,tflops=0.05,gbps=13.1,maxabs=1.194e-02,p99=9.323e-03,rel=1.840e-04
MXFP4,BITSHIFT,U(-1,1),1,4096,4096,16x64x32_w4,OK,ms=0.737,tflops=0.05,gbps=12.1,maxabs=1.194e-02,p99=9.315e-03,rel=1.840e-04
MXFP4,LUT,U(-1,1),1,4096,4096,16x128x32_w8,OK,ms=0.734,tflops=0.05,gbps=12.2,maxabs=1.194e-02,p99=9.323e-03,rel=1.840e-04
MXFP4,BITSHIFT,U(-1,1),1,4096,4096,16x128x32_w8,OK,ms=0.875,tflops=0.04,gbps=10.2,maxabs=1.194e-02,p99=9.315e-03,rel=1.840e-04
MXFP4,LUT,U(-1,1),1,4096,4096,16x128x32_w4f2,SKIP,BN/WARPS != 16
MXFP4,BITSHIFT,U(-1,1),1,4096,4096,16x128x32_w4f2,SKIP,BN/WARPS != 16
MXFP4,LUT,U(-1,1),1,4096,4096,16x256x32_w4f4,SKIP,BN/WARPS != 16
MXFP4,BITSHIFT,U(-1,1),1,4096,4096,16x256x32_w4f4,SKIP,BN/WARPS != 16
MXFP4,LUT,U(-1,1),1,4096,4096,128x64x32_w4_v1,SKIP,no template
MXFP4,BITSHIFT,U(-1,1),1,4096,4096,128x64x32_w4_v1,SKIP,opt only LUT path
MXFP4,LUT,U(-1,1),1,4096,4096,128x128x32_w4_v1,SKIP,BN/WARPS != 16
MXFP4,BITSHIFT,U(-1,1),1,4096,4096,128x128x32_w4_v1,SKIP,BN/WARPS != 16
MXFP4,LUT,U(-1,1),1,4096,4096,128x256x32_w4_v1,SKIP,BN/WARPS != 16
MXFP4,BITSHIFT,U(-1,1),1,4096,4096,128x256x32_w4_v1,SKIP,BN/WARPS != 16
MXFP4,LUT,U(-1,1),1,4096,4096,128x256x32_w8_v1,SKIP,BN/WARPS != 16
MXFP4,BITSHIFT,U(-1,1),1,4096,4096,128x256x32_w8_v1,SKIP,BN/WARPS != 16
MXFP4,LUT,U(-1,1),1,4096,4096,64x64x32_w4_v1,SKIP,no template
MXFP4,BITSHIFT,U(-1,1),1,4096,4096,64x64x32_w4_v1,SKIP,opt only LUT path
MXFP4,LUT,U(-1,1),1,4096,4096,64x128x32_w4_v1,SKIP,BN/WARPS != 16
MXFP4,BITSHIFT,U(-1,1),1,4096,4096,64x128x32_w4_v1,SKIP,BN/WARPS != 16
MXFP4,LUT,U(-1,1),1,4096,4096,128x64x32_w4_v2,OK,ms=0.594,tflops=0.06,gbps=15.1,maxabs=1.194e-02,p99=9.323e-03,rel=1.840e-04
MXFP4,BITSHIFT,U(-1,1),1,4096,4096,128x64x32_w4_v2,SKIP,opt only LUT path
MXFP4,LUT,U(-1,1),1,4096,4096,128x128x32_w4_v2,SKIP,BN/WARPS != 16
MXFP4,BITSHIFT,U(-1,1),1,4096,4096,128x128x32_w4_v2,SKIP,BN/WARPS != 16
MXFP4,LUT,U(-1,1),1,4096,4096,128x256x32_w4_v2,SKIP,BN/WARPS != 16
MXFP4,BITSHIFT,U(-1,1),1,4096,4096,128x256x32_w4_v2,SKIP,BN/WARPS != 16
MXFP4,LUT,U(-1,1),1,4096,4096,128x256x32_w8_v2,SKIP,BN/WARPS != 16
MXFP4,BITSHIFT,U(-1,1),1,4096,4096,128x256x32_w8_v2,SKIP,BN/WARPS != 16
MXFP4,LUT,U(-1,1),1,4096,4096,64x64x32_w4_v2,OK,ms=0.476,tflops=0.07,gbps=18.8,maxabs=1.194e-02,p99=9.323e-03,rel=1.840e-04
MXFP4,BITSHIFT,U(-1,1),1,4096,4096,64x64x32_w4_v2,SKIP,opt only LUT path
MXFP4,LUT,U(-1,1),1,4096,4096,64x128x32_w4_v2,SKIP,BN/WARPS != 16
MXFP4,BITSHIFT,U(-1,1),1,4096,4096,64x128x32_w4_v2,SKIP,BN/WARPS != 16
MXFP4,LUT,U(-1,1),1,4096,4096,128x64x32_w4_v3,OK,ms=0.382,tflops=0.09,gbps=23.4,maxabs=1.194e-02,p99=9.323e-03,rel=1.840e-04
MXFP4,BITSHIFT,U(-1,1),1,4096,4096,128x64x32_w4_v3,SKIP,opt only LUT path
MXFP4,LUT,U(-1,1),1,4096,4096,128x128x32_w4_v3,SKIP,BN/WARPS != 16
MXFP4,BITSHIFT,U(-1,1),1,4096,4096,128x128x32_w4_v3,SKIP,BN/WARPS != 16
MXFP4,LUT,U(-1,1),1,4096,4096,128x256x32_w8_v3,SKIP,BN/WARPS != 16
MXFP4,BITSHIFT,U(-1,1),1,4096,4096,128x256x32_w8_v3,SKIP,BN/WARPS != 16
MXFP4,LUT,U(-1,1),1,4096,4096,64x64x32_w4_v3,OK,ms=0.262,tflops=0.13,gbps=34.2,maxabs=1.194e-02,p99=9.323e-03,rel=1.840e-04
MXFP4,BITSHIFT,U(-1,1),1,4096,4096,64x64x32_w4_v3,SKIP,opt only LUT path
MXFP4,LUT,U(-1,1),1,4096,4096,64x128x32_w4_v3,SKIP,BN/WARPS != 16
MXFP4,BITSHIFT,U(-1,1),1,4096,4096,64x128x32_w4_v3,SKIP,BN/WARPS != 16
MXFP4,LUT,U(-1,1),1,4096,4096,32x128x32_w4_v3_b1,SKIP,BN/WARPS != 16
MXFP4,BITSHIFT,U(-1,1),1,4096,4096,32x128x32_w4_v3_b1,SKIP,BN/WARPS != 16
MXFP4,LUT,U(-1,1),1,4096,4096,32x64x32_w4_v3_b1,OK,ms=0.214,tflops=0.16,gbps=41.8,maxabs=1.194e-02,p99=9.323e-03,rel=1.840e-04
MXFP4,BITSHIFT,U(-1,1),1,4096,4096,32x64x32_w4_v3_b1,SKIP,opt only LUT path
MXFP4,LUT,U(-1,1),1,4096,4096,32x256x32_w8_v3_b1,SKIP,BN/WARPS != 16
MXFP4,BITSHIFT,U(-1,1),1,4096,4096,32x256x32_w8_v3_b1,SKIP,BN/WARPS != 16
MXFP4,LUT,U(-1,1),1,4096,4096,128x128x32_w8_v3_b1alt,SKIP,no template
MXFP4,BITSHIFT,U(-1,1),1,4096,4096,128x128x32_w8_v3_b1alt,SKIP,opt only LUT path
MXFP4,LUT,U(-1,1),1,4096,4096,64x128x32_w8_v3_b1alt,SKIP,no template
MXFP4,BITSHIFT,U(-1,1),1,4096,4096,64x128x32_w8_v3_b1alt,SKIP,opt only LUT path
MXFP4,LUT,U(-1,1),1,4096,4096,128x64x32_w4_v4,OK,ms=0.389,tflops=0.09,gbps=23.0,maxabs=1.194e-02,p99=9.323e-03,rel=1.840e-04
MXFP4,BITSHIFT,U(-1,1),1,4096,4096,128x64x32_w4_v4,SKIP,opt only LUT path
MXFP4,LUT,U(-1,1),1,4096,4096,128x128x32_w4_v4,SKIP,BN/WARPS != 16
MXFP4,BITSHIFT,U(-1,1),1,4096,4096,128x128x32_w4_v4,SKIP,BN/WARPS != 16
MXFP4,LUT,U(-1,1),1,4096,4096,64x64x32_w4_v4,OK,ms=0.275,tflops=0.12,gbps=32.5,maxabs=1.194e-02,p99=9.323e-03,rel=1.840e-04
MXFP4,BITSHIFT,U(-1,1),1,4096,4096,64x64x32_w4_v4,SKIP,opt only LUT path
MXFP4,LUT,U(-1,1),1,4096,4096,64x128x32_w4_v4,SKIP,BN/WARPS != 16
MXFP4,BITSHIFT,U(-1,1),1,4096,4096,64x128x32_w4_v4,SKIP,BN/WARPS != 16
MXFP4,LUT,U(-1,1),1,4096,4096,128x64x32_w4_v5,OK,ms=0.391,tflops=0.09,gbps=22.9,maxabs=1.194e-02,p99=9.323e-03,rel=1.840e-04
MXFP4,BITSHIFT,U(-1,1),1,4096,4096,128x64x32_w4_v5,SKIP,opt only LUT path
MXFP4,LUT,U(-1,1),1,4096,4096,128x128x32_w4_v5,SKIP,BN/WARPS != 16
MXFP4,BITSHIFT,U(-1,1),1,4096,4096,128x128x32_w4_v5,SKIP,BN/WARPS != 16
MXFP4,LUT,U(-1,1),1,4096,4096,64x64x32_w4_v5,OK,ms=0.276,tflops=0.12,gbps=32.4,maxabs=1.194e-02,p99=9.323e-03,rel=1.840e-04
MXFP4,BITSHIFT,U(-1,1),1,4096,4096,64x64x32_w4_v5,SKIP,opt only LUT path
MXFP4,LUT,U(-1,1),1,4096,4096,64x128x32_w4_v5,SKIP,BN/WARPS != 16
MXFP4,BITSHIFT,U(-1,1),1,4096,4096,64x128x32_w4_v5,SKIP,BN/WARPS != 16
MXFP4,LUT,U(-1,1),1,4096,4096,128x128x64_w4_v6,SKIP,BN/WARPS != 16
MXFP4,BITSHIFT,U(-1,1),1,4096,4096,128x128x64_w4_v6,SKIP,BN/WARPS != 16
MXFP4,LUT,U(-1,1),1,4096,4096,128x64x64_w4_v6,SKIP,v6 only INT8 (A1 retry)
MXFP4,BITSHIFT,U(-1,1),1,4096,4096,128x64x64_w4_v6,SKIP,opt only LUT path
MXFP4,LUT,U(-1,1),1,4096,4096,64x128x64_w4_v6,SKIP,BN/WARPS != 16
MXFP4,BITSHIFT,U(-1,1),1,4096,4096,64x128x64_w4_v6,SKIP,BN/WARPS != 16
MXFP4,LUT,U(-1,1),1,4096,4096,64x64x64_w4_v6,SKIP,v6 only INT8 (A1 retry)
MXFP4,BITSHIFT,U(-1,1),1,4096,4096,64x64x64_w4_v6,SKIP,opt only LUT path
MXFP4,LUT,U(-1,1),16,4096,4096,16x64x32_w4,OK,ms=0.673,tflops=0.80,gbps=14.0,maxabs=1.548e-02,p99=9.417e-03,rel=1.858e-04
MXFP4,BITSHIFT,U(-1,1),16,4096,4096,16x64x32_w4,OK,ms=0.817,tflops=0.66,gbps=11.6,maxabs=1.549e-02,p99=9.416e-03,rel=1.858e-04
MXFP4,LUT,U(-1,1),16,4096,4096,16x128x32_w8,OK,ms=0.789,tflops=0.68,gbps=12.0,maxabs=1.548e-02,p99=9.417e-03,rel=1.858e-04
MXFP4,BITSHIFT,U(-1,1),16,4096,4096,16x128x32_w8,OK,ms=1.065,tflops=0.50,gbps=8.9,maxabs=1.549e-02,p99=9.416e-03,rel=1.858e-04
MXFP4,LUT,U(-1,1),16,4096,4096,16x128x32_w4f2,SKIP,BN/WARPS != 16
MXFP4,BITSHIFT,U(-1,1),16,4096,4096,16x128x32_w4f2,SKIP,BN/WARPS != 16
MXFP4,LUT,U(-1,1),16,4096,4096,16x256x32_w4f4,SKIP,BN/WARPS != 16
MXFP4,BITSHIFT,U(-1,1),16,4096,4096,16x256x32_w4f4,SKIP,BN/WARPS != 16
MXFP4,LUT,U(-1,1),16,4096,4096,128x64x32_w4_v1,SKIP,no template
MXFP4,BITSHIFT,U(-1,1),16,4096,4096,128x64x32_w4_v1,SKIP,opt only LUT path
MXFP4,LUT,U(-1,1),16,4096,4096,128x128x32_w4_v1,SKIP,BN/WARPS != 16
MXFP4,BITSHIFT,U(-1,1),16,4096,4096,128x128x32_w4_v1,SKIP,BN/WARPS != 16
MXFP4,LUT,U(-1,1),16,4096,4096,128x256x32_w4_v1,SKIP,BN/WARPS != 16
MXFP4,BITSHIFT,U(-1,1),16,4096,4096,128x256x32_w4_v1,SKIP,BN/WARPS != 16
MXFP4,LUT,U(-1,1),16,4096,4096,128x256x32_w8_v1,SKIP,BN/WARPS != 16
MXFP4,BITSHIFT,U(-1,1),16,4096,4096,128x256x32_w8_v1,SKIP,BN/WARPS != 16
MXFP4,LUT,U(-1,1),16,4096,4096,64x64x32_w4_v1,SKIP,no template
MXFP4,BITSHIFT,U(-1,1),16,4096,4096,64x64x32_w4_v1,SKIP,opt only LUT path
MXFP4,LUT,U(-1,1),16,4096,4096,64x128x32_w4_v1,SKIP,BN/WARPS != 16
MXFP4,BITSHIFT,U(-1,1),16,4096,4096,64x128x32_w4_v1,SKIP,BN/WARPS != 16
MXFP4,LUT,U(-1,1),16,4096,4096,128x64x32_w4_v2,OK,ms=0.615,tflops=0.87,gbps=15.3,maxabs=1.548e-02,p99=9.417e-03,rel=1.858e-04
MXFP4,BITSHIFT,U(-1,1),16,4096,4096,128x64x32_w4_v2,SKIP,opt only LUT path
MXFP4,LUT,U(-1,1),16,4096,4096,128x128x32_w4_v2,SKIP,BN/WARPS != 16
MXFP4,BITSHIFT,U(-1,1),16,4096,4096,128x128x32_w4_v2,SKIP,BN/WARPS != 16
MXFP4,LUT,U(-1,1),16,4096,4096,128x256x32_w4_v2,SKIP,BN/WARPS != 16
MXFP4,BITSHIFT,U(-1,1),16,4096,4096,128x256x32_w4_v2,SKIP,BN/WARPS != 16
MXFP4,LUT,U(-1,1),16,4096,4096,128x256x32_w8_v2,SKIP,BN/WARPS != 16
MXFP4,BITSHIFT,U(-1,1),16,4096,4096,128x256x32_w8_v2,SKIP,BN/WARPS != 16
MXFP4,LUT,U(-1,1),16,4096,4096,64x64x32_w4_v2,OK,ms=0.491,tflops=1.09,gbps=19.2,maxabs=1.548e-02,p99=9.417e-03,rel=1.858e-04
MXFP4,BITSHIFT,U(-1,1),16,4096,4096,64x64x32_w4_v2,SKIP,opt only LUT path
MXFP4,LUT,U(-1,1),16,4096,4096,64x128x32_w4_v2,SKIP,BN/WARPS != 16
MXFP4,BITSHIFT,U(-1,1),16,4096,4096,64x128x32_w4_v2,SKIP,BN/WARPS != 16
MXFP4,LUT,U(-1,1),16,4096,4096,128x64x32_w4_v3,OK,ms=0.410,tflops=1.31,gbps=23.0,maxabs=1.548e-02,p99=9.417e-03,rel=1.858e-04
MXFP4,BITSHIFT,U(-1,1),16,4096,4096,128x64x32_w4_v3,SKIP,opt only LUT path
MXFP4,LUT,U(-1,1),16,4096,4096,128x128x32_w4_v3,SKIP,BN/WARPS != 16
MXFP4,BITSHIFT,U(-1,1),16,4096,4096,128x128x32_w4_v3,SKIP,BN/WARPS != 16
MXFP4,LUT,U(-1,1),16,4096,4096,128x256x32_w8_v3,SKIP,BN/WARPS != 16
MXFP4,BITSHIFT,U(-1,1),16,4096,4096,128x256x32_w8_v3,SKIP,BN/WARPS != 16
MXFP4,LUT,U(-1,1),16,4096,4096,64x64x32_w4_v3,OK,ms=0.289,tflops=1.86,gbps=32.7,maxabs=1.548e-02,p99=9.417e-03,rel=1.858e-04
MXFP4,BITSHIFT,U(-1,1),16,4096,4096,64x64x32_w4_v3,SKIP,opt only LUT path
MXFP4,LUT,U(-1,1),16,4096,4096,64x128x32_w4_v3,SKIP,BN/WARPS != 16
MXFP4,BITSHIFT,U(-1,1),16,4096,4096,64x128x32_w4_v3,SKIP,BN/WARPS != 16
MXFP4,LUT,U(-1,1),16,4096,4096,32x128x32_w4_v3_b1,SKIP,BN/WARPS != 16
MXFP4,BITSHIFT,U(-1,1),16,4096,4096,32x128x32_w4_v3_b1,SKIP,BN/WARPS != 16
MXFP4,LUT,U(-1,1),16,4096,4096,32x64x32_w4_v3_b1,OK,ms=0.243,tflops=2.21,gbps=38.8,maxabs=1.548e-02,p99=9.417e-03,rel=1.858e-04
MXFP4,BITSHIFT,U(-1,1),16,4096,4096,32x64x32_w4_v3_b1,SKIP,opt only LUT path
MXFP4,LUT,U(-1,1),16,4096,4096,32x256x32_w8_v3_b1,SKIP,BN/WARPS != 16
MXFP4,BITSHIFT,U(-1,1),16,4096,4096,32x256x32_w8_v3_b1,SKIP,BN/WARPS != 16
MXFP4,LUT,U(-1,1),16,4096,4096,128x128x32_w8_v3_b1alt,SKIP,no template
MXFP4,BITSHIFT,U(-1,1),16,4096,4096,128x128x32_w8_v3_b1alt,SKIP,opt only LUT path
MXFP4,LUT,U(-1,1),16,4096,4096,64x128x32_w8_v3_b1alt,SKIP,no template
MXFP4,BITSHIFT,U(-1,1),16,4096,4096,64x128x32_w8_v3_b1alt,SKIP,opt only LUT path
MXFP4,LUT,U(-1,1),16,4096,4096,128x64x32_w4_v4,OK,ms=0.416,tflops=1.29,gbps=22.7,maxabs=1.548e-02,p99=9.417e-03,rel=1.858e-04
MXFP4,BITSHIFT,U(-1,1),16,4096,4096,128x64x32_w4_v4,SKIP,opt only LUT path
MXFP4,LUT,U(-1,1),16,4096,4096,128x128x32_w4_v4,SKIP,BN/WARPS != 16
MXFP4,BITSHIFT,U(-1,1),16,4096,4096,128x128x32_w4_v4,SKIP,BN/WARPS != 16
MXFP4,LUT,U(-1,1),16,4096,4096,64x64x32_w4_v4,OK,ms=0.301,tflops=1.78,gbps=31.3,maxabs=1.548e-02,p99=9.417e-03,rel=1.858e-04
MXFP4,BITSHIFT,U(-1,1),16,4096,4096,64x64x32_w4_v4,SKIP,opt only LUT path
MXFP4,LUT,U(-1,1),16,4096,4096,64x128x32_w4_v4,SKIP,BN/WARPS != 16
MXFP4,BITSHIFT,U(-1,1),16,4096,4096,64x128x32_w4_v4,SKIP,BN/WARPS != 16
MXFP4,LUT,U(-1,1),16,4096,4096,128x64x32_w4_v5,OK,ms=0.417,tflops=1.29,gbps=22.6,maxabs=1.548e-02,p99=9.417e-03,rel=1.858e-04
MXFP4,BITSHIFT,U(-1,1),16,4096,4096,128x64x32_w4_v5,SKIP,opt only LUT path
MXFP4,LUT,U(-1,1),16,4096,4096,128x128x32_w4_v5,SKIP,BN/WARPS != 16
MXFP4,BITSHIFT,U(-1,1),16,4096,4096,128x128x32_w4_v5,SKIP,BN/WARPS != 16
MXFP4,LUT,U(-1,1),16,4096,4096,64x64x32_w4_v5,OK,ms=0.301,tflops=1.78,gbps=31.3,maxabs=1.548e-02,p99=9.417e-03,rel=1.858e-04
MXFP4,BITSHIFT,U(-1,1),16,4096,4096,64x64x32_w4_v5,SKIP,opt only LUT path
MXFP4,LUT,U(-1,1),16,4096,4096,64x128x32_w4_v5,SKIP,BN/WARPS != 16
MXFP4,BITSHIFT,U(-1,1),16,4096,4096,64x128x32_w4_v5,SKIP,BN/WARPS != 16
MXFP4,LUT,U(-1,1),16,4096,4096,128x128x64_w4_v6,SKIP,BN/WARPS != 16
MXFP4,BITSHIFT,U(-1,1),16,4096,4096,128x128x64_w4_v6,SKIP,BN/WARPS != 16
MXFP4,LUT,U(-1,1),16,4096,4096,128x64x64_w4_v6,SKIP,v6 only INT8 (A1 retry)
MXFP4,BITSHIFT,U(-1,1),16,4096,4096,128x64x64_w4_v6,SKIP,opt only LUT path
MXFP4,LUT,U(-1,1),16,4096,4096,64x128x64_w4_v6,SKIP,BN/WARPS != 16
MXFP4,BITSHIFT,U(-1,1),16,4096,4096,64x128x64_w4_v6,SKIP,BN/WARPS != 16
MXFP4,LUT,U(-1,1),16,4096,4096,64x64x64_w4_v6,SKIP,v6 only INT8 (A1 retry)
MXFP4,BITSHIFT,U(-1,1),16,4096,4096,64x64x64_w4_v6,SKIP,opt only LUT path
MXFP4,LUT,U(-1,1),64,4096,4096,16x64x32_w4,OK,ms=0.803,tflops=2.67,gbps=13.7,maxabs=1.873e-02,p99=9.468e-03,rel=1.852e-04
MXFP4,BITSHIFT,U(-1,1),64,4096,4096,16x64x32_w4,OK,ms=1.132,tflops=1.90,gbps=9.7,maxabs=1.873e-02,p99=9.464e-03,rel=1.852e-04
MXFP4,LUT,U(-1,1),64,4096,4096,16x128x32_w8,OK,ms=0.829,tflops=2.59,gbps=13.3,maxabs=1.873e-02,p99=9.468e-03,rel=1.852e-04
MXFP4,BITSHIFT,U(-1,1),64,4096,4096,16x128x32_w8,OK,ms=1.262,tflops=1.70,gbps=8.7,maxabs=1.873e-02,p99=9.464e-03,rel=1.852e-04
MXFP4,LUT,U(-1,1),64,4096,4096,16x128x32_w4f2,SKIP,BN/WARPS != 16
MXFP4,BITSHIFT,U(-1,1),64,4096,4096,16x128x32_w4f2,SKIP,BN/WARPS != 16
MXFP4,LUT,U(-1,1),64,4096,4096,16x256x32_w4f4,SKIP,BN/WARPS != 16
MXFP4,BITSHIFT,U(-1,1),64,4096,4096,16x256x32_w4f4,SKIP,BN/WARPS != 16
MXFP4,LUT,U(-1,1),64,4096,4096,128x64x32_w4_v1,SKIP,no template
MXFP4,BITSHIFT,U(-1,1),64,4096,4096,128x64x32_w4_v1,SKIP,opt only LUT path
MXFP4,LUT,U(-1,1),64,4096,4096,128x128x32_w4_v1,SKIP,BN/WARPS != 16
MXFP4,BITSHIFT,U(-1,1),64,4096,4096,128x128x32_w4_v1,SKIP,BN/WARPS != 16
MXFP4,LUT,U(-1,1),64,4096,4096,128x256x32_w4_v1,SKIP,BN/WARPS != 16
MXFP4,BITSHIFT,U(-1,1),64,4096,4096,128x256x32_w4_v1,SKIP,BN/WARPS != 16
MXFP4,LUT,U(-1,1),64,4096,4096,128x256x32_w8_v1,SKIP,BN/WARPS != 16
MXFP4,BITSHIFT,U(-1,1),64,4096,4096,128x256x32_w8_v1,SKIP,BN/WARPS != 16
MXFP4,LUT,U(-1,1),64,4096,4096,64x64x32_w4_v1,SKIP,no template
MXFP4,BITSHIFT,U(-1,1),64,4096,4096,64x64x32_w4_v1,SKIP,opt only LUT path
MXFP4,LUT,U(-1,1),64,4096,4096,64x128x32_w4_v1,SKIP,BN/WARPS != 16
MXFP4,BITSHIFT,U(-1,1),64,4096,4096,64x128x32_w4_v1,SKIP,BN/WARPS != 16
MXFP4,LUT,U(-1,1),64,4096,4096,128x64x32_w4_v2,OK,ms=0.638,tflops=3.37,gbps=17.3,maxabs=1.873e-02,p99=9.468e-03,rel=1.852e-04
MXFP4,BITSHIFT,U(-1,1),64,4096,4096,128x64x32_w4_v2,SKIP,opt only LUT path
MXFP4,LUT,U(-1,1),64,4096,4096,128x128x32_w4_v2,SKIP,BN/WARPS != 16
MXFP4,BITSHIFT,U(-1,1),64,4096,4096,128x128x32_w4_v2,SKIP,BN/WARPS != 16
MXFP4,LUT,U(-1,1),64,4096,4096,128x256x32_w4_v2,SKIP,BN/WARPS != 16
MXFP4,BITSHIFT,U(-1,1),64,4096,4096,128x256x32_w4_v2,SKIP,BN/WARPS != 16
MXFP4,LUT,U(-1,1),64,4096,4096,128x256x32_w8_v2,SKIP,BN/WARPS != 16
MXFP4,BITSHIFT,U(-1,1),64,4096,4096,128x256x32_w8_v2,SKIP,BN/WARPS != 16
MXFP4,LUT,U(-1,1),64,4096,4096,64x64x32_w4_v2,OK,ms=0.514,tflops=4.18,gbps=21.4,maxabs=1.873e-02,p99=9.468e-03,rel=1.852e-04
MXFP4,BITSHIFT,U(-1,1),64,4096,4096,64x64x32_w4_v2,SKIP,opt only LUT path
MXFP4,LUT,U(-1,1),64,4096,4096,64x128x32_w4_v2,SKIP,BN/WARPS != 16
MXFP4,BITSHIFT,U(-1,1),64,4096,4096,64x128x32_w4_v2,SKIP,BN/WARPS != 16
MXFP4,LUT,U(-1,1),64,4096,4096,128x64x32_w4_v3,OK,ms=0.431,tflops=4.98,gbps=25.5,maxabs=1.873e-02,p99=9.468e-03,rel=1.852e-04
MXFP4,BITSHIFT,U(-1,1),64,4096,4096,128x64x32_w4_v3,SKIP,opt only LUT path
MXFP4,LUT,U(-1,1),64,4096,4096,128x128x32_w4_v3,SKIP,BN/WARPS != 16
MXFP4,BITSHIFT,U(-1,1),64,4096,4096,128x128x32_w4_v3,SKIP,BN/WARPS != 16
MXFP4,LUT,U(-1,1),64,4096,4096,128x256x32_w8_v3,SKIP,BN/WARPS != 16
MXFP4,BITSHIFT,U(-1,1),64,4096,4096,128x256x32_w8_v3,SKIP,BN/WARPS != 16
MXFP4,LUT,U(-1,1),64,4096,4096,64x64x32_w4_v3,OK,ms=0.313,tflops=6.87,gbps=35.2,maxabs=1.873e-02,p99=9.468e-03,rel=1.852e-04
MXFP4,BITSHIFT,U(-1,1),64,4096,4096,64x64x32_w4_v3,SKIP,opt only LUT path
MXFP4,LUT,U(-1,1),64,4096,4096,64x128x32_w4_v3,SKIP,BN/WARPS != 16
MXFP4,BITSHIFT,U(-1,1),64,4096,4096,64x128x32_w4_v3,SKIP,BN/WARPS != 16
MXFP4,LUT,U(-1,1),64,4096,4096,32x128x32_w4_v3_b1,SKIP,BN/WARPS != 16
MXFP4,BITSHIFT,U(-1,1),64,4096,4096,32x128x32_w4_v3_b1,SKIP,BN/WARPS != 16
MXFP4,LUT,U(-1,1),64,4096,4096,32x64x32_w4_v3_b1,OK,ms=0.298,tflops=7.21,gbps=37.0,maxabs=1.873e-02,p99=9.468e-03,rel=1.852e-04
MXFP4,BITSHIFT,U(-1,1),64,4096,4096,32x64x32_w4_v3_b1,SKIP,opt only LUT path
MXFP4,LUT,U(-1,1),64,4096,4096,32x256x32_w8_v3_b1,SKIP,BN/WARPS != 16
MXFP4,BITSHIFT,U(-1,1),64,4096,4096,32x256x32_w8_v3_b1,SKIP,BN/WARPS != 16
MXFP4,LUT,U(-1,1),64,4096,4096,128x128x32_w8_v3_b1alt,SKIP,no template
MXFP4,BITSHIFT,U(-1,1),64,4096,4096,128x128x32_w8_v3_b1alt,SKIP,opt only LUT path
MXFP4,LUT,U(-1,1),64,4096,4096,64x128x32_w8_v3_b1alt,SKIP,no template
MXFP4,BITSHIFT,U(-1,1),64,4096,4096,64x128x32_w8_v3_b1alt,SKIP,opt only LUT path
MXFP4,LUT,U(-1,1),64,4096,4096,128x64x32_w4_v4,OK,ms=0.434,tflops=4.95,gbps=25.4,maxabs=1.873e-02,p99=9.468e-03,rel=1.852e-04
MXFP4,BITSHIFT,U(-1,1),64,4096,4096,128x64x32_w4_v4,SKIP,opt only LUT path
MXFP4,LUT,U(-1,1),64,4096,4096,128x128x32_w4_v4,SKIP,BN/WARPS != 16
MXFP4,BITSHIFT,U(-1,1),64,4096,4096,128x128x32_w4_v4,SKIP,BN/WARPS != 16
MXFP4,LUT,U(-1,1),64,4096,4096,64x64x32_w4_v4,OK,ms=0.321,tflops=6.69,gbps=34.3,maxabs=1.873e-02,p99=9.468e-03,rel=1.852e-04
MXFP4,BITSHIFT,U(-1,1),64,4096,4096,64x64x32_w4_v4,SKIP,opt only LUT path
MXFP4,LUT,U(-1,1),64,4096,4096,64x128x32_w4_v4,SKIP,BN/WARPS != 16
MXFP4,BITSHIFT,U(-1,1),64,4096,4096,64x128x32_w4_v4,SKIP,BN/WARPS != 16
MXFP4,LUT,U(-1,1),64,4096,4096,128x64x32_w4_v5,OK,ms=0.438,tflops=4.91,gbps=25.1,maxabs=1.873e-02,p99=9.468e-03,rel=1.852e-04
MXFP4,BITSHIFT,U(-1,1),64,4096,4096,128x64x32_w4_v5,SKIP,opt only LUT path
MXFP4,LUT,U(-1,1),64,4096,4096,128x128x32_w4_v5,SKIP,BN/WARPS != 16
MXFP4,BITSHIFT,U(-1,1),64,4096,4096,128x128x32_w4_v5,SKIP,BN/WARPS != 16
MXFP4,LUT,U(-1,1),64,4096,4096,64x64x32_w4_v5,OK,ms=0.322,tflops=6.68,gbps=34.2,maxabs=1.873e-02,p99=9.468e-03,rel=1.852e-04
MXFP4,BITSHIFT,U(-1,1),64,4096,4096,64x64x32_w4_v5,SKIP,opt only LUT path
MXFP4,LUT,U(-1,1),64,4096,4096,64x128x32_w4_v5,SKIP,BN/WARPS != 16
MXFP4,BITSHIFT,U(-1,1),64,4096,4096,64x128x32_w4_v5,SKIP,BN/WARPS != 16
MXFP4,LUT,U(-1,1),64,4096,4096,128x128x64_w4_v6,SKIP,BN/WARPS != 16
MXFP4,BITSHIFT,U(-1,1),64,4096,4096,128x128x64_w4_v6,SKIP,BN/WARPS != 16
MXFP4,LUT,U(-1,1),64,4096,4096,128x64x64_w4_v6,SKIP,v6 only INT8 (A1 retry)
MXFP4,BITSHIFT,U(-1,1),64,4096,4096,128x64x64_w4_v6,SKIP,opt only LUT path
MXFP4,LUT,U(-1,1),64,4096,4096,64x128x64_w4_v6,SKIP,BN/WARPS != 16
MXFP4,BITSHIFT,U(-1,1),64,4096,4096,64x128x64_w4_v6,SKIP,BN/WARPS != 16
MXFP4,LUT,U(-1,1),64,4096,4096,64x64x64_w4_v6,SKIP,v6 only INT8 (A1 retry)
MXFP4,BITSHIFT,U(-1,1),64,4096,4096,64x64x64_w4_v6,SKIP,opt only LUT path
MXFP4,LUT,U(-1,1),128,4096,4096,16x64x32_w4,OK,ms=1.010,tflops=4.25,gbps=13.0,maxabs=1.872e-02,p99=9.602e-03,rel=1.852e-04
MXFP4,BITSHIFT,U(-1,1),128,4096,4096,16x64x32_w4,OK,ms=1.538,tflops=2.79,gbps=8.5,maxabs=1.872e-02,p99=9.604e-03,rel=1.852e-04
MXFP4,LUT,U(-1,1),128,4096,4096,16x128x32_w8,OK,ms=1.118,tflops=3.84,gbps=11.7,maxabs=1.872e-02,p99=9.602e-03,rel=1.852e-04
MXFP4,BITSHIFT,U(-1,1),128,4096,4096,16x128x32_w8,OK,ms=1.821,tflops=2.36,gbps=7.2,maxabs=1.872e-02,p99=9.604e-03,rel=1.852e-04
MXFP4,LUT,U(-1,1),128,4096,4096,16x128x32_w4f2,SKIP,BN/WARPS != 16
MXFP4,BITSHIFT,U(-1,1),128,4096,4096,16x128x32_w4f2,SKIP,BN/WARPS != 16
MXFP4,LUT,U(-1,1),128,4096,4096,16x256x32_w4f4,SKIP,BN/WARPS != 16
MXFP4,BITSHIFT,U(-1,1),128,4096,4096,16x256x32_w4f4,SKIP,BN/WARPS != 16
MXFP4,LUT,U(-1,1),128,4096,4096,128x64x32_w4_v1,SKIP,no template
MXFP4,BITSHIFT,U(-1,1),128,4096,4096,128x64x32_w4_v1,SKIP,opt only LUT path
MXFP4,LUT,U(-1,1),128,4096,4096,128x128x32_w4_v1,SKIP,BN/WARPS != 16
MXFP4,BITSHIFT,U(-1,1),128,4096,4096,128x128x32_w4_v1,SKIP,BN/WARPS != 16
MXFP4,LUT,U(-1,1),128,4096,4096,128x256x32_w4_v1,SKIP,BN/WARPS != 16
MXFP4,BITSHIFT,U(-1,1),128,4096,4096,128x256x32_w4_v1,SKIP,BN/WARPS != 16
MXFP4,LUT,U(-1,1),128,4096,4096,128x256x32_w8_v1,SKIP,BN/WARPS != 16
MXFP4,BITSHIFT,U(-1,1),128,4096,4096,128x256x32_w8_v1,SKIP,BN/WARPS != 16
MXFP4,LUT,U(-1,1),128,4096,4096,64x64x32_w4_v1,SKIP,no template
MXFP4,BITSHIFT,U(-1,1),128,4096,4096,64x64x32_w4_v1,SKIP,opt only LUT path
MXFP4,LUT,U(-1,1),128,4096,4096,64x128x32_w4_v1,SKIP,BN/WARPS != 16
MXFP4,BITSHIFT,U(-1,1),128,4096,4096,64x128x32_w4_v1,SKIP,BN/WARPS != 16
MXFP4,LUT,U(-1,1),128,4096,4096,128x64x32_w4_v2,OK,ms=0.694,tflops=6.19,gbps=18.9,maxabs=1.872e-02,p99=9.602e-03,rel=1.852e-04
MXFP4,BITSHIFT,U(-1,1),128,4096,4096,128x64x32_w4_v2,SKIP,opt only LUT path
MXFP4,LUT,U(-1,1),128,4096,4096,128x128x32_w4_v2,SKIP,BN/WARPS != 16
MXFP4,BITSHIFT,U(-1,1),128,4096,4096,128x128x32_w4_v2,SKIP,BN/WARPS != 16
MXFP4,LUT,U(-1,1),128,4096,4096,128x256x32_w4_v2,SKIP,BN/WARPS != 16
MXFP4,BITSHIFT,U(-1,1),128,4096,4096,128x256x32_w4_v2,SKIP,BN/WARPS != 16
MXFP4,LUT,U(-1,1),128,4096,4096,128x256x32_w8_v2,SKIP,BN/WARPS != 16
MXFP4,BITSHIFT,U(-1,1),128,4096,4096,128x256x32_w8_v2,SKIP,BN/WARPS != 16
MXFP4,LUT,U(-1,1),128,4096,4096,64x64x32_w4_v2,OK,ms=0.582,tflops=7.38,gbps=22.5,maxabs=1.872e-02,p99=9.602e-03,rel=1.852e-04
MXFP4,BITSHIFT,U(-1,1),128,4096,4096,64x64x32_w4_v2,SKIP,opt only LUT path
MXFP4,LUT,U(-1,1),128,4096,4096,64x128x32_w4_v2,SKIP,BN/WARPS != 16
MXFP4,BITSHIFT,U(-1,1),128,4096,4096,64x128x32_w4_v2,SKIP,BN/WARPS != 16
MXFP4,LUT,U(-1,1),128,4096,4096,128x64x32_w4_v3,OK,ms=0.490,tflops=8.76,gbps=26.7,maxabs=1.872e-02,p99=9.602e-03,rel=1.852e-04
MXFP4,BITSHIFT,U(-1,1),128,4096,4096,128x64x32_w4_v3,SKIP,opt only LUT path
MXFP4,LUT,U(-1,1),128,4096,4096,128x128x32_w4_v3,SKIP,BN/WARPS != 16
MXFP4,BITSHIFT,U(-1,1),128,4096,4096,128x128x32_w4_v3,SKIP,BN/WARPS != 16
MXFP4,LUT,U(-1,1),128,4096,4096,128x256x32_w8_v3,SKIP,BN/WARPS != 16
MXFP4,BITSHIFT,U(-1,1),128,4096,4096,128x256x32_w8_v3,SKIP,BN/WARPS != 16
MXFP4,LUT,U(-1,1),128,4096,4096,64x64x32_w4_v3,OK,ms=0.373,tflops=11.52,gbps=35.1,maxabs=1.872e-02,p99=9.602e-03,rel=1.852e-04
MXFP4,BITSHIFT,U(-1,1),128,4096,4096,64x64x32_w4_v3,SKIP,opt only LUT path
MXFP4,LUT,U(-1,1),128,4096,4096,64x128x32_w4_v3,SKIP,BN/WARPS != 16
MXFP4,BITSHIFT,U(-1,1),128,4096,4096,64x128x32_w4_v3,SKIP,BN/WARPS != 16
MXFP4,LUT,U(-1,1),128,4096,4096,32x128x32_w4_v3_b1,SKIP,BN/WARPS != 16
MXFP4,BITSHIFT,U(-1,1),128,4096,4096,32x128x32_w4_v3_b1,SKIP,BN/WARPS != 16
MXFP4,LUT,U(-1,1),128,4096,4096,32x64x32_w4_v3_b1,OK,ms=0.417,tflops=10.31,gbps=31.5,maxabs=1.872e-02,p99=9.602e-03,rel=1.852e-04
MXFP4,BITSHIFT,U(-1,1),128,4096,4096,32x64x32_w4_v3_b1,SKIP,opt only LUT path
MXFP4,LUT,U(-1,1),128,4096,4096,32x256x32_w8_v3_b1,SKIP,BN/WARPS != 16
MXFP4,BITSHIFT,U(-1,1),128,4096,4096,32x256x32_w8_v3_b1,SKIP,BN/WARPS != 16
MXFP4,LUT,U(-1,1),128,4096,4096,128x128x32_w8_v3_b1alt,SKIP,no template
MXFP4,BITSHIFT,U(-1,1),128,4096,4096,128x128x32_w8_v3_b1alt,SKIP,opt only LUT path
MXFP4,LUT,U(-1,1),128,4096,4096,64x128x32_w8_v3_b1alt,SKIP,no template
MXFP4,BITSHIFT,U(-1,1),128,4096,4096,64x128x32_w8_v3_b1alt,SKIP,opt only LUT path
MXFP4,LUT,U(-1,1),128,4096,4096,128x64x32_w4_v4,OK,ms=0.494,tflops=8.70,gbps=26.5,maxabs=1.872e-02,p99=9.602e-03,rel=1.852e-04
MXFP4,BITSHIFT,U(-1,1),128,4096,4096,128x64x32_w4_v4,SKIP,opt only LUT path
MXFP4,LUT,U(-1,1),128,4096,4096,128x128x32_w4_v4,SKIP,BN/WARPS != 16
MXFP4,BITSHIFT,U(-1,1),128,4096,4096,128x128x32_w4_v4,SKIP,BN/WARPS != 16
MXFP4,LUT,U(-1,1),128,4096,4096,64x64x32_w4_v4,OK,ms=0.390,tflops=11.00,gbps=33.6,maxabs=1.872e-02,p99=9.602e-03,rel=1.852e-04
MXFP4,BITSHIFT,U(-1,1),128,4096,4096,64x64x32_w4_v4,SKIP,opt only LUT path
MXFP4,LUT,U(-1,1),128,4096,4096,64x128x32_w4_v4,SKIP,BN/WARPS != 16
MXFP4,BITSHIFT,U(-1,1),128,4096,4096,64x128x32_w4_v4,SKIP,BN/WARPS != 16
MXFP4,LUT,U(-1,1),128,4096,4096,128x64x32_w4_v5,OK,ms=0.505,tflops=8.50,gbps=26.0,maxabs=1.872e-02,p99=9.602e-03,rel=1.852e-04
MXFP4,BITSHIFT,U(-1,1),128,4096,4096,128x64x32_w4_v5,SKIP,opt only LUT path
MXFP4,LUT,U(-1,1),128,4096,4096,128x128x32_w4_v5,SKIP,BN/WARPS != 16
MXFP4,BITSHIFT,U(-1,1),128,4096,4096,128x128x32_w4_v5,SKIP,BN/WARPS != 16
MXFP4,LUT,U(-1,1),128,4096,4096,64x64x32_w4_v5,OK,ms=0.400,tflops=10.75,gbps=32.8,maxabs=1.872e-02,p99=9.602e-03,rel=1.852e-04
MXFP4,BITSHIFT,U(-1,1),128,4096,4096,64x64x32_w4_v5,SKIP,opt only LUT path
MXFP4,LUT,U(-1,1),128,4096,4096,64x128x32_w4_v5,SKIP,BN/WARPS != 16
MXFP4,BITSHIFT,U(-1,1),128,4096,4096,64x128x32_w4_v5,SKIP,BN/WARPS != 16
MXFP4,LUT,U(-1,1),128,4096,4096,128x128x64_w4_v6,SKIP,BN/WARPS != 16
MXFP4,BITSHIFT,U(-1,1),128,4096,4096,128x128x64_w4_v6,SKIP,BN/WARPS != 16
MXFP4,LUT,U(-1,1),128,4096,4096,128x64x64_w4_v6,SKIP,v6 only INT8 (A1 retry)
MXFP4,BITSHIFT,U(-1,1),128,4096,4096,128x64x64_w4_v6,SKIP,opt only LUT path
MXFP4,LUT,U(-1,1),128,4096,4096,64x128x64_w4_v6,SKIP,BN/WARPS != 16
MXFP4,BITSHIFT,U(-1,1),128,4096,4096,64x128x64_w4_v6,SKIP,BN/WARPS != 16
MXFP4,LUT,U(-1,1),128,4096,4096,64x64x64_w4_v6,SKIP,v6 only INT8 (A1 retry)
MXFP4,BITSHIFT,U(-1,1),128,4096,4096,64x64x64_w4_v6,SKIP,opt only LUT path
MXFP4,LUT,U(-1,1),256,4096,4096,16x64x32_w4,OK,ms=2.154,tflops=3.99,gbps=8.0,maxabs=1.872e-02,p99=9.347e-03,rel=1.849e-04
MXFP4,BITSHIFT,U(-1,1),256,4096,4096,16x64x32_w4,OK,ms=3.386,tflops=2.54,gbps=5.1,maxabs=1.872e-02,p99=9.344e-03,rel=1.849e-04
MXFP4,LUT,U(-1,1),256,4096,4096,16x128x32_w8,OK,ms=2.252,tflops=3.81,gbps=7.7,maxabs=1.872e-02,p99=9.347e-03,rel=1.849e-04
MXFP4,BITSHIFT,U(-1,1),256,4096,4096,16x128x32_w8,OK,ms=3.669,tflops=2.34,gbps=4.7,maxabs=1.872e-02,p99=9.344e-03,rel=1.849e-04
MXFP4,LUT,U(-1,1),256,4096,4096,16x128x32_w4f2,SKIP,BN/WARPS != 16
MXFP4,BITSHIFT,U(-1,1),256,4096,4096,16x128x32_w4f2,SKIP,BN/WARPS != 16
MXFP4,LUT,U(-1,1),256,4096,4096,16x256x32_w4f4,SKIP,BN/WARPS != 16
MXFP4,BITSHIFT,U(-1,1),256,4096,4096,16x256x32_w4f4,SKIP,BN/WARPS != 16
MXFP4,LUT,U(-1,1),256,4096,4096,128x64x32_w4_v1,SKIP,no template
MXFP4,BITSHIFT,U(-1,1),256,4096,4096,128x64x32_w4_v1,SKIP,opt only LUT path
MXFP4,LUT,U(-1,1),256,4096,4096,128x128x32_w4_v1,SKIP,BN/WARPS != 16
MXFP4,BITSHIFT,U(-1,1),256,4096,4096,128x128x32_w4_v1,SKIP,BN/WARPS != 16
MXFP4,LUT,U(-1,1),256,4096,4096,128x256x32_w4_v1,SKIP,BN/WARPS != 16
MXFP4,BITSHIFT,U(-1,1),256,4096,4096,128x256x32_w4_v1,SKIP,BN/WARPS != 16
MXFP4,LUT,U(-1,1),256,4096,4096,128x256x32_w8_v1,SKIP,BN/WARPS != 16
MXFP4,BITSHIFT,U(-1,1),256,4096,4096,128x256x32_w8_v1,SKIP,BN/WARPS != 16
MXFP4,LUT,U(-1,1),256,4096,4096,64x64x32_w4_v1,SKIP,no template
MXFP4,BITSHIFT,U(-1,1),256,4096,4096,64x64x32_w4_v1,SKIP,opt only LUT path
MXFP4,LUT,U(-1,1),256,4096,4096,64x128x32_w4_v1,SKIP,BN/WARPS != 16
MXFP4,BITSHIFT,U(-1,1),256,4096,4096,64x128x32_w4_v1,SKIP,BN/WARPS != 16
MXFP4,LUT,U(-1,1),256,4096,4096,128x64x32_w4_v2,OK,ms=0.837,tflops=10.26,gbps=20.7,maxabs=1.872e-02,p99=9.347e-03,rel=1.849e-04
MXFP4,BITSHIFT,U(-1,1),256,4096,4096,128x64x32_w4_v2,SKIP,opt only LUT path
MXFP4,LUT,U(-1,1),256,4096,4096,128x128x32_w4_v2,SKIP,BN/WARPS != 16
MXFP4,BITSHIFT,U(-1,1),256,4096,4096,128x128x32_w4_v2,SKIP,BN/WARPS != 16
MXFP4,LUT,U(-1,1),256,4096,4096,128x256x32_w4_v2,SKIP,BN/WARPS != 16
MXFP4,BITSHIFT,U(-1,1),256,4096,4096,128x256x32_w4_v2,SKIP,BN/WARPS != 16
MXFP4,LUT,U(-1,1),256,4096,4096,128x256x32_w8_v2,SKIP,BN/WARPS != 16
MXFP4,BITSHIFT,U(-1,1),256,4096,4096,128x256x32_w8_v2,SKIP,BN/WARPS != 16
MXFP4,LUT,U(-1,1),256,4096,4096,64x64x32_w4_v2,OK,ms=0.717,tflops=11.98,gbps=24.1,maxabs=1.872e-02,p99=9.347e-03,rel=1.849e-04
MXFP4,BITSHIFT,U(-1,1),256,4096,4096,64x64x32_w4_v2,SKIP,opt only LUT path
MXFP4,LUT,U(-1,1),256,4096,4096,64x128x32_w4_v2,SKIP,BN/WARPS != 16
MXFP4,BITSHIFT,U(-1,1),256,4096,4096,64x128x32_w4_v2,SKIP,BN/WARPS != 16
MXFP4,LUT,U(-1,1),256,4096,4096,128x64x32_w4_v3,OK,ms=0.621,tflops=13.84,gbps=27.9,maxabs=1.872e-02,p99=9.347e-03,rel=1.849e-04
MXFP4,BITSHIFT,U(-1,1),256,4096,4096,128x64x32_w4_v3,SKIP,opt only LUT path
MXFP4,LUT,U(-1,1),256,4096,4096,128x128x32_w4_v3,SKIP,BN/WARPS != 16
MXFP4,BITSHIFT,U(-1,1),256,4096,4096,128x128x32_w4_v3,SKIP,BN/WARPS != 16
MXFP4,LUT,U(-1,1),256,4096,4096,128x256x32_w8_v3,SKIP,BN/WARPS != 16
MXFP4,BITSHIFT,U(-1,1),256,4096,4096,128x256x32_w8_v3,SKIP,BN/WARPS != 16
MXFP4,LUT,U(-1,1),256,4096,4096,64x64x32_w4_v3,OK,ms=0.609,tflops=14.12,gbps=28.4,maxabs=1.872e-02,p99=9.347e-03,rel=1.849e-04
MXFP4,BITSHIFT,U(-1,1),256,4096,4096,64x64x32_w4_v3,SKIP,opt only LUT path
MXFP4,LUT,U(-1,1),256,4096,4096,64x128x32_w4_v3,SKIP,BN/WARPS != 16
MXFP4,BITSHIFT,U(-1,1),256,4096,4096,64x128x32_w4_v3,SKIP,BN/WARPS != 16
MXFP4,LUT,U(-1,1),256,4096,4096,32x128x32_w4_v3_b1,SKIP,BN/WARPS != 16
MXFP4,BITSHIFT,U(-1,1),256,4096,4096,32x128x32_w4_v3_b1,SKIP,BN/WARPS != 16
MXFP4,LUT,U(-1,1),256,4096,4096,32x64x32_w4_v3_b1,OK,ms=0.895,tflops=9.60,gbps=19.3,maxabs=1.872e-02,p99=9.347e-03,rel=1.849e-04
MXFP4,BITSHIFT,U(-1,1),256,4096,4096,32x64x32_w4_v3_b1,SKIP,opt only LUT path
MXFP4,LUT,U(-1,1),256,4096,4096,32x256x32_w8_v3_b1,SKIP,BN/WARPS != 16
MXFP4,BITSHIFT,U(-1,1),256,4096,4096,32x256x32_w8_v3_b1,SKIP,BN/WARPS != 16
MXFP4,LUT,U(-1,1),256,4096,4096,128x128x32_w8_v3_b1alt,SKIP,no template
MXFP4,BITSHIFT,U(-1,1),256,4096,4096,128x128x32_w8_v3_b1alt,SKIP,opt only LUT path
MXFP4,LUT,U(-1,1),256,4096,4096,64x128x32_w8_v3_b1alt,SKIP,no template
MXFP4,BITSHIFT,U(-1,1),256,4096,4096,64x128x32_w8_v3_b1alt,SKIP,opt only LUT path
MXFP4,LUT,U(-1,1),256,4096,4096,128x64x32_w4_v4,OK,ms=0.618,tflops=13.89,gbps=28.0,maxabs=1.872e-02,p99=9.347e-03,rel=1.849e-04
MXFP4,BITSHIFT,U(-1,1),256,4096,4096,128x64x32_w4_v4,SKIP,opt only LUT path
MXFP4,LUT,U(-1,1),256,4096,4096,128x128x32_w4_v4,SKIP,BN/WARPS != 16
MXFP4,BITSHIFT,U(-1,1),256,4096,4096,128x128x32_w4_v4,SKIP,BN/WARPS != 16
MXFP4,LUT,U(-1,1),256,4096,4096,64x64x32_w4_v4,OK,ms=0.620,tflops=13.86,gbps=27.9,maxabs=1.872e-02,p99=9.347e-03,rel=1.849e-04
MXFP4,BITSHIFT,U(-1,1),256,4096,4096,64x64x32_w4_v4,SKIP,opt only LUT path
MXFP4,LUT,U(-1,1),256,4096,4096,64x128x32_w4_v4,SKIP,BN/WARPS != 16
MXFP4,BITSHIFT,U(-1,1),256,4096,4096,64x128x32_w4_v4,SKIP,BN/WARPS != 16
MXFP4,LUT,U(-1,1),256,4096,4096,128x64x32_w4_v5,OK,ms=0.627,tflops=13.71,gbps=27.6,maxabs=1.872e-02,p99=9.347e-03,rel=1.849e-04
MXFP4,BITSHIFT,U(-1,1),256,4096,4096,128x64x32_w4_v5,SKIP,opt only LUT path
MXFP4,LUT,U(-1,1),256,4096,4096,128x128x32_w4_v5,SKIP,BN/WARPS != 16
MXFP4,BITSHIFT,U(-1,1),256,4096,4096,128x128x32_w4_v5,SKIP,BN/WARPS != 16
MXFP4,LUT,U(-1,1),256,4096,4096,64x64x32_w4_v5,OK,ms=0.799,tflops=10.75,gbps=21.7,maxabs=1.872e-02,p99=9.347e-03,rel=1.849e-04
MXFP4,BITSHIFT,U(-1,1),256,4096,4096,64x64x32_w4_v5,SKIP,opt only LUT path
MXFP4,LUT,U(-1,1),256,4096,4096,64x128x32_w4_v5,SKIP,BN/WARPS != 16
MXFP4,BITSHIFT,U(-1,1),256,4096,4096,64x128x32_w4_v5,SKIP,BN/WARPS != 16
MXFP4,LUT,U(-1,1),256,4096,4096,128x128x64_w4_v6,SKIP,BN/WARPS != 16
MXFP4,BITSHIFT,U(-1,1),256,4096,4096,128x128x64_w4_v6,SKIP,BN/WARPS != 16
MXFP4,LUT,U(-1,1),256,4096,4096,128x64x64_w4_v6,SKIP,v6 only INT8 (A1 retry)
MXFP4,BITSHIFT,U(-1,1),256,4096,4096,128x64x64_w4_v6,SKIP,opt only LUT path
MXFP4,LUT,U(-1,1),256,4096,4096,64x128x64_w4_v6,SKIP,BN/WARPS != 16
MXFP4,BITSHIFT,U(-1,1),256,4096,4096,64x128x64_w4_v6,SKIP,BN/WARPS != 16
MXFP4,LUT,U(-1,1),256,4096,4096,64x64x64_w4_v6,SKIP,v6 only INT8 (A1 retry)
MXFP4,BITSHIFT,U(-1,1),256,4096,4096,64x64x64_w4_v6,SKIP,opt only LUT path
MXFP4,LUT,U(-1,1),512,4096,4096,16x64x32_w4,OK,ms=3.599,tflops=4.77,gbps=7.1,maxabs=1.873e-02,p99=9.374e-03,rel=1.848e-04
MXFP4,BITSHIFT,U(-1,1),512,4096,4096,16x64x32_w4,OK,ms=6.285,tflops=2.73,gbps=4.1,maxabs=1.873e-02,p99=9.375e-03,rel=1.848e-04
MXFP4,LUT,U(-1,1),512,4096,4096,16x128x32_w8,OK,ms=4.308,tflops=3.99,gbps=6.0,maxabs=1.873e-02,p99=9.374e-03,rel=1.848e-04
MXFP4,BITSHIFT,U(-1,1),512,4096,4096,16x128x32_w8,OK,ms=6.986,tflops=2.46,gbps=3.7,maxabs=1.873e-02,p99=9.375e-03,rel=1.848e-04
MXFP4,LUT,U(-1,1),512,4096,4096,16x128x32_w4f2,SKIP,BN/WARPS != 16
MXFP4,BITSHIFT,U(-1,1),512,4096,4096,16x128x32_w4f2,SKIP,BN/WARPS != 16
MXFP4,LUT,U(-1,1),512,4096,4096,16x256x32_w4f4,SKIP,BN/WARPS != 16
MXFP4,BITSHIFT,U(-1,1),512,4096,4096,16x256x32_w4f4,SKIP,BN/WARPS != 16
MXFP4,LUT,U(-1,1),512,4096,4096,128x64x32_w4_v1,SKIP,no template
MXFP4,BITSHIFT,U(-1,1),512,4096,4096,128x64x32_w4_v1,SKIP,opt only LUT path
MXFP4,LUT,U(-1,1),512,4096,4096,128x128x32_w4_v1,SKIP,BN/WARPS != 16
MXFP4,BITSHIFT,U(-1,1),512,4096,4096,128x128x32_w4_v1,SKIP,BN/WARPS != 16
MXFP4,LUT,U(-1,1),512,4096,4096,128x256x32_w4_v1,SKIP,BN/WARPS != 16
MXFP4,BITSHIFT,U(-1,1),512,4096,4096,128x256x32_w4_v1,SKIP,BN/WARPS != 16
MXFP4,LUT,U(-1,1),512,4096,4096,128x256x32_w8_v1,SKIP,BN/WARPS != 16
MXFP4,BITSHIFT,U(-1,1),512,4096,4096,128x256x32_w8_v1,SKIP,BN/WARPS != 16
MXFP4,LUT,U(-1,1),512,4096,4096,64x64x32_w4_v1,SKIP,no template
MXFP4,BITSHIFT,U(-1,1),512,4096,4096,64x64x32_w4_v1,SKIP,opt only LUT path
MXFP4,LUT,U(-1,1),512,4096,4096,64x128x32_w4_v1,SKIP,BN/WARPS != 16
MXFP4,BITSHIFT,U(-1,1),512,4096,4096,64x128x32_w4_v1,SKIP,BN/WARPS != 16
MXFP4,LUT,U(-1,1),512,4096,4096,128x64x32_w4_v2,OK,ms=1.084,tflops=15.85,gbps=23.7,maxabs=1.873e-02,p99=9.374e-03,rel=1.848e-04
MXFP4,BITSHIFT,U(-1,1),512,4096,4096,128x64x32_w4_v2,SKIP,opt only LUT path
MXFP4,LUT,U(-1,1),512,4096,4096,128x128x32_w4_v2,SKIP,BN/WARPS != 16
MXFP4,BITSHIFT,U(-1,1),512,4096,4096,128x128x32_w4_v2,SKIP,BN/WARPS != 16
MXFP4,LUT,U(-1,1),512,4096,4096,128x256x32_w4_v2,SKIP,BN/WARPS != 16
MXFP4,BITSHIFT,U(-1,1),512,4096,4096,128x256x32_w4_v2,SKIP,BN/WARPS != 16
MXFP4,LUT,U(-1,1),512,4096,4096,128x256x32_w8_v2,SKIP,BN/WARPS != 16
MXFP4,BITSHIFT,U(-1,1),512,4096,4096,128x256x32_w8_v2,SKIP,BN/WARPS != 16
MXFP4,LUT,U(-1,1),512,4096,4096,64x64x32_w4_v2,OK,ms=1.441,tflops=11.92,gbps=17.8,maxabs=1.873e-02,p99=9.374e-03,rel=1.848e-04
MXFP4,BITSHIFT,U(-1,1),512,4096,4096,64x64x32_w4_v2,SKIP,opt only LUT path
MXFP4,LUT,U(-1,1),512,4096,4096,64x128x32_w4_v2,SKIP,BN/WARPS != 16
MXFP4,BITSHIFT,U(-1,1),512,4096,4096,64x128x32_w4_v2,SKIP,BN/WARPS != 16
MXFP4,LUT,U(-1,1),512,4096,4096,128x64x32_w4_v3,OK,ms=1.543,tflops=11.13,gbps=16.6,maxabs=1.873e-02,p99=9.374e-03,rel=1.848e-04
MXFP4,BITSHIFT,U(-1,1),512,4096,4096,128x64x32_w4_v3,SKIP,opt only LUT path
MXFP4,LUT,U(-1,1),512,4096,4096,128x128x32_w4_v3,SKIP,BN/WARPS != 16
MXFP4,BITSHIFT,U(-1,1),512,4096,4096,128x128x32_w4_v3,SKIP,BN/WARPS != 16
MXFP4,LUT,U(-1,1),512,4096,4096,128x256x32_w8_v3,SKIP,BN/WARPS != 16
MXFP4,BITSHIFT,U(-1,1),512,4096,4096,128x256x32_w8_v3,SKIP,BN/WARPS != 16
MXFP4,LUT,U(-1,1),512,4096,4096,64x64x32_w4_v3,OK,ms=1.205,tflops=14.25,gbps=21.3,maxabs=1.873e-02,p99=9.374e-03,rel=1.848e-04
MXFP4,BITSHIFT,U(-1,1),512,4096,4096,64x64x32_w4_v3,SKIP,opt only LUT path
MXFP4,LUT,U(-1,1),512,4096,4096,64x128x32_w4_v3,SKIP,BN/WARPS != 16
MXFP4,BITSHIFT,U(-1,1),512,4096,4096,64x128x32_w4_v3,SKIP,BN/WARPS != 16
MXFP4,LUT,U(-1,1),512,4096,4096,32x128x32_w4_v3_b1,SKIP,BN/WARPS != 16
MXFP4,BITSHIFT,U(-1,1),512,4096,4096,32x128x32_w4_v3_b1,SKIP,BN/WARPS != 16
MXFP4,LUT,U(-1,1),512,4096,4096,32x64x32_w4_v3_b1,OK,ms=1.484,tflops=11.58,gbps=17.3,maxabs=1.873e-02,p99=9.374e-03,rel=1.848e-04
MXFP4,BITSHIFT,U(-1,1),512,4096,4096,32x64x32_w4_v3_b1,SKIP,opt only LUT path
MXFP4,LUT,U(-1,1),512,4096,4096,32x256x32_w8_v3_b1,SKIP,BN/WARPS != 16
MXFP4,BITSHIFT,U(-1,1),512,4096,4096,32x256x32_w8_v3_b1,SKIP,BN/WARPS != 16
MXFP4,LUT,U(-1,1),512,4096,4096,128x128x32_w8_v3_b1alt,SKIP,no template
MXFP4,BITSHIFT,U(-1,1),512,4096,4096,128x128x32_w8_v3_b1alt,SKIP,opt only LUT path
MXFP4,LUT,U(-1,1),512,4096,4096,64x128x32_w8_v3_b1alt,SKIP,no template
MXFP4,BITSHIFT,U(-1,1),512,4096,4096,64x128x32_w8_v3_b1alt,SKIP,opt only LUT path
MXFP4,LUT,U(-1,1),512,4096,4096,128x64x32_w4_v4,OK,ms=1.574,tflops=10.91,gbps=16.3,maxabs=1.873e-02,p99=9.374e-03,rel=1.848e-04
MXFP4,BITSHIFT,U(-1,1),512,4096,4096,128x64x32_w4_v4,SKIP,opt only LUT path
MXFP4,LUT,U(-1,1),512,4096,4096,128x128x32_w4_v4,SKIP,BN/WARPS != 16
MXFP4,BITSHIFT,U(-1,1),512,4096,4096,128x128x32_w4_v4,SKIP,BN/WARPS != 16
MXFP4,LUT,U(-1,1),512,4096,4096,64x64x32_w4_v4,OK,ms=1.219,tflops=14.09,gbps=21.1,maxabs=1.873e-02,p99=9.374e-03,rel=1.848e-04
MXFP4,BITSHIFT,U(-1,1),512,4096,4096,64x64x32_w4_v4,SKIP,opt only LUT path
MXFP4,LUT,U(-1,1),512,4096,4096,64x128x32_w4_v4,SKIP,BN/WARPS != 16
MXFP4,BITSHIFT,U(-1,1),512,4096,4096,64x128x32_w4_v4,SKIP,BN/WARPS != 16
MXFP4,LUT,U(-1,1),512,4096,4096,128x64x32_w4_v5,OK,ms=1.277,tflops=13.46,gbps=20.1,maxabs=1.873e-02,p99=9.374e-03,rel=1.848e-04
MXFP4,BITSHIFT,U(-1,1),512,4096,4096,128x64x32_w4_v5,SKIP,opt only LUT path
MXFP4,LUT,U(-1,1),512,4096,4096,128x128x32_w4_v5,SKIP,BN/WARPS != 16
MXFP4,BITSHIFT,U(-1,1),512,4096,4096,128x128x32_w4_v5,SKIP,BN/WARPS != 16
MXFP4,LUT,U(-1,1),512,4096,4096,64x64x32_w4_v5,OK,ms=1.535,tflops=11.19,gbps=16.7,maxabs=1.873e-02,p99=9.374e-03,rel=1.848e-04
MXFP4,BITSHIFT,U(-1,1),512,4096,4096,64x64x32_w4_v5,SKIP,opt only LUT path
MXFP4,LUT,U(-1,1),512,4096,4096,64x128x32_w4_v5,SKIP,BN/WARPS != 16
MXFP4,BITSHIFT,U(-1,1),512,4096,4096,64x128x32_w4_v5,SKIP,BN/WARPS != 16
MXFP4,LUT,U(-1,1),512,4096,4096,128x128x64_w4_v6,SKIP,BN/WARPS != 16
MXFP4,BITSHIFT,U(-1,1),512,4096,4096,128x128x64_w4_v6,SKIP,BN/WARPS != 16
MXFP4,LUT,U(-1,1),512,4096,4096,128x64x64_w4_v6,SKIP,v6 only INT8 (A1 retry)
MXFP4,BITSHIFT,U(-1,1),512,4096,4096,128x64x64_w4_v6,SKIP,opt only LUT path
MXFP4,LUT,U(-1,1),512,4096,4096,64x128x64_w4_v6,SKIP,BN/WARPS != 16
MXFP4,BITSHIFT,U(-1,1),512,4096,4096,64x128x64_w4_v6,SKIP,BN/WARPS != 16
MXFP4,LUT,U(-1,1),512,4096,4096,64x64x64_w4_v6,SKIP,v6 only INT8 (A1 retry)
MXFP4,BITSHIFT,U(-1,1),512,4096,4096,64x64x64_w4_v6,SKIP,opt only LUT path
MXFP4,LUT,U(-1,1),1024,4096,4096,16x64x32_w4,OK,ms=7.204,tflops=4.77,gbps=5.9,maxabs=1.874e-02,p99=9.239e-03,rel=1.847e-04
MXFP4,BITSHIFT,U(-1,1),1024,4096,4096,16x64x32_w4,OK,ms=11.770,tflops=2.92,gbps=3.6,maxabs=1.874e-02,p99=9.237e-03,rel=1.847e-04
MXFP4,LUT,U(-1,1),1024,4096,4096,16x128x32_w8,OK,ms=7.909,tflops=4.34,gbps=5.4,maxabs=1.874e-02,p99=9.239e-03,rel=1.847e-04
MXFP4,BITSHIFT,U(-1,1),1024,4096,4096,16x128x32_w8,OK,ms=12.778,tflops=2.69,gbps=3.3,maxabs=1.874e-02,p99=9.237e-03,rel=1.847e-04
MXFP4,LUT,U(-1,1),1024,4096,4096,16x128x32_w4f2,SKIP,BN/WARPS != 16
MXFP4,BITSHIFT,U(-1,1),1024,4096,4096,16x128x32_w4f2,SKIP,BN/WARPS != 16
MXFP4,LUT,U(-1,1),1024,4096,4096,16x256x32_w4f4,SKIP,BN/WARPS != 16
MXFP4,BITSHIFT,U(-1,1),1024,4096,4096,16x256x32_w4f4,SKIP,BN/WARPS != 16
MXFP4,LUT,U(-1,1),1024,4096,4096,128x64x32_w4_v1,SKIP,no template
MXFP4,BITSHIFT,U(-1,1),1024,4096,4096,128x64x32_w4_v1,SKIP,opt only LUT path
MXFP4,LUT,U(-1,1),1024,4096,4096,128x128x32_w4_v1,SKIP,BN/WARPS != 16
MXFP4,BITSHIFT,U(-1,1),1024,4096,4096,128x128x32_w4_v1,SKIP,BN/WARPS != 16
MXFP4,LUT,U(-1,1),1024,4096,4096,128x256x32_w4_v1,SKIP,BN/WARPS != 16
MXFP4,BITSHIFT,U(-1,1),1024,4096,4096,128x256x32_w4_v1,SKIP,BN/WARPS != 16
MXFP4,LUT,U(-1,1),1024,4096,4096,128x256x32_w8_v1,SKIP,BN/WARPS != 16
MXFP4,BITSHIFT,U(-1,1),1024,4096,4096,128x256x32_w8_v1,SKIP,BN/WARPS != 16
MXFP4,LUT,U(-1,1),1024,4096,4096,64x64x32_w4_v1,SKIP,no template
MXFP4,BITSHIFT,U(-1,1),1024,4096,4096,64x64x32_w4_v1,SKIP,opt only LUT path
MXFP4,LUT,U(-1,1),1024,4096,4096,64x128x32_w4_v1,SKIP,BN/WARPS != 16
MXFP4,BITSHIFT,U(-1,1),1024,4096,4096,64x128x32_w4_v1,SKIP,BN/WARPS != 16
MXFP4,LUT,U(-1,1),1024,4096,4096,128x64x32_w4_v2,OK,ms=2.163,tflops=15.88,gbps=19.6,maxabs=1.874e-02,p99=9.239e-03,rel=1.847e-04
MXFP4,BITSHIFT,U(-1,1),1024,4096,4096,128x64x32_w4_v2,SKIP,opt only LUT path
MXFP4,LUT,U(-1,1),1024,4096,4096,128x128x32_w4_v2,SKIP,BN/WARPS != 16
MXFP4,BITSHIFT,U(-1,1),1024,4096,4096,128x128x32_w4_v2,SKIP,BN/WARPS != 16
MXFP4,LUT,U(-1,1),1024,4096,4096,128x256x32_w4_v2,SKIP,BN/WARPS != 16
MXFP4,BITSHIFT,U(-1,1),1024,4096,4096,128x256x32_w4_v2,SKIP,BN/WARPS != 16
MXFP4,LUT,U(-1,1),1024,4096,4096,128x256x32_w8_v2,SKIP,BN/WARPS != 16
MXFP4,BITSHIFT,U(-1,1),1024,4096,4096,128x256x32_w8_v2,SKIP,BN/WARPS != 16
MXFP4,LUT,U(-1,1),1024,4096,4096,64x64x32_w4_v2,OK,ms=2.475,tflops=13.88,gbps=17.2,maxabs=1.874e-02,p99=9.239e-03,rel=1.847e-04
MXFP4,BITSHIFT,U(-1,1),1024,4096,4096,64x64x32_w4_v2,SKIP,opt only LUT path
MXFP4,LUT,U(-1,1),1024,4096,4096,64x128x32_w4_v2,SKIP,BN/WARPS != 16
MXFP4,BITSHIFT,U(-1,1),1024,4096,4096,64x128x32_w4_v2,SKIP,BN/WARPS != 16
MXFP4,LUT,U(-1,1),1024,4096,4096,128x64x32_w4_v3,OK,ms=2.344,tflops=14.66,gbps=18.1,maxabs=1.874e-02,p99=9.239e-03,rel=1.847e-04
MXFP4,BITSHIFT,U(-1,1),1024,4096,4096,128x64x32_w4_v3,SKIP,opt only LUT path
MXFP4,LUT,U(-1,1),1024,4096,4096,128x128x32_w4_v3,SKIP,BN/WARPS != 16
MXFP4,BITSHIFT,U(-1,1),1024,4096,4096,128x128x32_w4_v3,SKIP,BN/WARPS != 16
MXFP4,LUT,U(-1,1),1024,4096,4096,128x256x32_w8_v3,SKIP,BN/WARPS != 16
MXFP4,BITSHIFT,U(-1,1),1024,4096,4096,128x256x32_w8_v3,SKIP,BN/WARPS != 16
MXFP4,LUT,U(-1,1),1024,4096,4096,64x64x32_w4_v3,OK,ms=2.214,tflops=15.52,gbps=19.2,maxabs=1.874e-02,p99=9.239e-03,rel=1.847e-04
MXFP4,BITSHIFT,U(-1,1),1024,4096,4096,64x64x32_w4_v3,SKIP,opt only LUT path
MXFP4,LUT,U(-1,1),1024,4096,4096,64x128x32_w4_v3,SKIP,BN/WARPS != 16
MXFP4,BITSHIFT,U(-1,1),1024,4096,4096,64x128x32_w4_v3,SKIP,BN/WARPS != 16
MXFP4,LUT,U(-1,1),1024,4096,4096,32x128x32_w4_v3_b1,SKIP,BN/WARPS != 16
MXFP4,BITSHIFT,U(-1,1),1024,4096,4096,32x128x32_w4_v3_b1,SKIP,BN/WARPS != 16
MXFP4,LUT,U(-1,1),1024,4096,4096,32x64x32_w4_v3_b1,OK,ms=2.681,tflops=12.82,gbps=15.8,maxabs=1.874e-02,p99=9.239e-03,rel=1.847e-04
MXFP4,BITSHIFT,U(-1,1),1024,4096,4096,32x64x32_w4_v3_b1,SKIP,opt only LUT path
MXFP4,LUT,U(-1,1),1024,4096,4096,32x256x32_w8_v3_b1,SKIP,BN/WARPS != 16
MXFP4,BITSHIFT,U(-1,1),1024,4096,4096,32x256x32_w8_v3_b1,SKIP,BN/WARPS != 16
MXFP4,LUT,U(-1,1),1024,4096,4096,128x128x32_w8_v3_b1alt,SKIP,no template
MXFP4,BITSHIFT,U(-1,1),1024,4096,4096,128x128x32_w8_v3_b1alt,SKIP,opt only LUT path
MXFP4,LUT,U(-1,1),1024,4096,4096,64x128x32_w8_v3_b1alt,SKIP,no template
MXFP4,BITSHIFT,U(-1,1),1024,4096,4096,64x128x32_w8_v3_b1alt,SKIP,opt only LUT path
MXFP4,LUT,U(-1,1),1024,4096,4096,128x64x32_w4_v4,OK,ms=2.356,tflops=14.58,gbps=18.0,maxabs=1.874e-02,p99=9.239e-03,rel=1.847e-04
MXFP4,BITSHIFT,U(-1,1),1024,4096,4096,128x64x32_w4_v4,SKIP,opt only LUT path
MXFP4,LUT,U(-1,1),1024,4096,4096,128x128x32_w4_v4,SKIP,BN/WARPS != 16
MXFP4,BITSHIFT,U(-1,1),1024,4096,4096,128x128x32_w4_v4,SKIP,BN/WARPS != 16
MXFP4,LUT,U(-1,1),1024,4096,4096,64x64x32_w4_v4,OK,ms=2.107,tflops=16.31,gbps=20.2,maxabs=1.874e-02,p99=9.239e-03,rel=1.847e-04
MXFP4,BITSHIFT,U(-1,1),1024,4096,4096,64x64x32_w4_v4,SKIP,opt only LUT path
MXFP4,LUT,U(-1,1),1024,4096,4096,64x128x32_w4_v4,SKIP,BN/WARPS != 16
MXFP4,BITSHIFT,U(-1,1),1024,4096,4096,64x128x32_w4_v4,SKIP,BN/WARPS != 16
MXFP4,LUT,U(-1,1),1024,4096,4096,128x64x32_w4_v5,OK,ms=2.478,tflops=13.87,gbps=17.1,maxabs=1.874e-02,p99=9.239e-03,rel=1.847e-04
MXFP4,BITSHIFT,U(-1,1),1024,4096,4096,128x64x32_w4_v5,SKIP,opt only LUT path
MXFP4,LUT,U(-1,1),1024,4096,4096,128x128x32_w4_v5,SKIP,BN/WARPS != 16
MXFP4,BITSHIFT,U(-1,1),1024,4096,4096,128x128x32_w4_v5,SKIP,BN/WARPS != 16
MXFP4,LUT,U(-1,1),1024,4096,4096,64x64x32_w4_v5,OK,ms=2.765,tflops=12.43,gbps=15.4,maxabs=1.874e-02,p99=9.239e-03,rel=1.847e-04
MXFP4,BITSHIFT,U(-1,1),1024,4096,4096,64x64x32_w4_v5,SKIP,opt only LUT path
MXFP4,LUT,U(-1,1),1024,4096,4096,64x128x32_w4_v5,SKIP,BN/WARPS != 16
MXFP4,BITSHIFT,U(-1,1),1024,4096,4096,64x128x32_w4_v5,SKIP,BN/WARPS != 16
MXFP4,LUT,U(-1,1),1024,4096,4096,128x128x64_w4_v6,SKIP,BN/WARPS != 16
MXFP4,BITSHIFT,U(-1,1),1024,4096,4096,128x128x64_w4_v6,SKIP,BN/WARPS != 16
MXFP4,LUT,U(-1,1),1024,4096,4096,128x64x64_w4_v6,SKIP,v6 only INT8 (A1 retry)
MXFP4,BITSHIFT,U(-1,1),1024,4096,4096,128x64x64_w4_v6,SKIP,opt only LUT path
MXFP4,LUT,U(-1,1),1024,4096,4096,64x128x64_w4_v6,SKIP,BN/WARPS != 16
MXFP4,BITSHIFT,U(-1,1),1024,4096,4096,64x128x64_w4_v6,SKIP,BN/WARPS != 16
MXFP4,LUT,U(-1,1),1024,4096,4096,64x64x64_w4_v6,SKIP,v6 only INT8 (A1 retry)
MXFP4,BITSHIFT,U(-1,1),1024,4096,4096,64x64x64_w4_v6,SKIP,opt only LUT path
MXFP4,LUT,U(-1,1),2048,4096,4096,16x64x32_w4,OK,ms=14.146,tflops=4.86,gbps=5.4,maxabs=1.948e-02,p99=9.494e-03,rel=1.847e-04
MXFP4,BITSHIFT,U(-1,1),2048,4096,4096,16x64x32_w4,OK,ms=22.133,tflops=3.10,gbps=3.4,maxabs=1.947e-02,p99=9.489e-03,rel=1.847e-04
MXFP4,LUT,U(-1,1),2048,4096,4096,16x128x32_w8,OK,ms=14.871,tflops=4.62,gbps=5.1,maxabs=1.948e-02,p99=9.494e-03,rel=1.847e-04
MXFP4,BITSHIFT,U(-1,1),2048,4096,4096,16x128x32_w8,OK,ms=23.994,tflops=2.86,gbps=3.2,maxabs=1.947e-02,p99=9.489e-03,rel=1.847e-04
MXFP4,LUT,U(-1,1),2048,4096,4096,16x128x32_w4f2,SKIP,BN/WARPS != 16
MXFP4,BITSHIFT,U(-1,1),2048,4096,4096,16x128x32_w4f2,SKIP,BN/WARPS != 16
MXFP4,LUT,U(-1,1),2048,4096,4096,16x256x32_w4f4,SKIP,BN/WARPS != 16
MXFP4,BITSHIFT,U(-1,1),2048,4096,4096,16x256x32_w4f4,SKIP,BN/WARPS != 16
MXFP4,LUT,U(-1,1),2048,4096,4096,128x64x32_w4_v1,SKIP,no template
MXFP4,BITSHIFT,U(-1,1),2048,4096,4096,128x64x32_w4_v1,SKIP,opt only LUT path
MXFP4,LUT,U(-1,1),2048,4096,4096,128x128x32_w4_v1,SKIP,BN/WARPS != 16
MXFP4,BITSHIFT,U(-1,1),2048,4096,4096,128x128x32_w4_v1,SKIP,BN/WARPS != 16
MXFP4,LUT,U(-1,1),2048,4096,4096,128x256x32_w4_v1,SKIP,BN/WARPS != 16
MXFP4,BITSHIFT,U(-1,1),2048,4096,4096,128x256x32_w4_v1,SKIP,BN/WARPS != 16
MXFP4,LUT,U(-1,1),2048,4096,4096,128x256x32_w8_v1,SKIP,BN/WARPS != 16
MXFP4,BITSHIFT,U(-1,1),2048,4096,4096,128x256x32_w8_v1,SKIP,BN/WARPS != 16
MXFP4,LUT,U(-1,1),2048,4096,4096,64x64x32_w4_v1,SKIP,no template
MXFP4,BITSHIFT,U(-1,1),2048,4096,4096,64x64x32_w4_v1,SKIP,opt only LUT path
MXFP4,LUT,U(-1,1),2048,4096,4096,64x128x32_w4_v1,SKIP,BN/WARPS != 16
MXFP4,BITSHIFT,U(-1,1),2048,4096,4096,64x128x32_w4_v1,SKIP,BN/WARPS != 16
MXFP4,LUT,U(-1,1),2048,4096,4096,128x64x32_w4_v2,OK,ms=4.341,tflops=15.83,gbps=17.5,maxabs=1.948e-02,p99=9.494e-03,rel=1.847e-04
MXFP4,BITSHIFT,U(-1,1),2048,4096,4096,128x64x32_w4_v2,SKIP,opt only LUT path
MXFP4,LUT,U(-1,1),2048,4096,4096,128x128x32_w4_v2,SKIP,BN/WARPS != 16
MXFP4,BITSHIFT,U(-1,1),2048,4096,4096,128x128x32_w4_v2,SKIP,BN/WARPS != 16
MXFP4,LUT,U(-1,1),2048,4096,4096,128x256x32_w4_v2,SKIP,BN/WARPS != 16
MXFP4,BITSHIFT,U(-1,1),2048,4096,4096,128x256x32_w4_v2,SKIP,BN/WARPS != 16
MXFP4,LUT,U(-1,1),2048,4096,4096,128x256x32_w8_v2,SKIP,BN/WARPS != 16
MXFP4,BITSHIFT,U(-1,1),2048,4096,4096,128x256x32_w8_v2,SKIP,BN/WARPS != 16
MXFP4,LUT,U(-1,1),2048,4096,4096,64x64x32_w4_v2,OK,ms=4.757,tflops=14.45,gbps=16.0,maxabs=1.948e-02,p99=9.494e-03,rel=1.847e-04
MXFP4,BITSHIFT,U(-1,1),2048,4096,4096,64x64x32_w4_v2,SKIP,opt only LUT path
MXFP4,LUT,U(-1,1),2048,4096,4096,64x128x32_w4_v2,SKIP,BN/WARPS != 16
MXFP4,BITSHIFT,U(-1,1),2048,4096,4096,64x128x32_w4_v2,SKIP,BN/WARPS != 16
MXFP4,LUT,U(-1,1),2048,4096,4096,128x64x32_w4_v3,OK,ms=3.897,tflops=17.63,gbps=19.5,maxabs=1.948e-02,p99=9.494e-03,rel=1.847e-04
MXFP4,BITSHIFT,U(-1,1),2048,4096,4096,128x64x32_w4_v3,SKIP,opt only LUT path
MXFP4,LUT,U(-1,1),2048,4096,4096,128x128x32_w4_v3,SKIP,BN/WARPS != 16
MXFP4,BITSHIFT,U(-1,1),2048,4096,4096,128x128x32_w4_v3,SKIP,BN/WARPS != 16
MXFP4,LUT,U(-1,1),2048,4096,4096,128x256x32_w8_v3,SKIP,BN/WARPS != 16
MXFP4,BITSHIFT,U(-1,1),2048,4096,4096,128x256x32_w8_v3,SKIP,BN/WARPS != 16
MXFP4,LUT,U(-1,1),2048,4096,4096,64x64x32_w4_v3,OK,ms=4.085,tflops=16.82,gbps=18.6,maxabs=1.948e-02,p99=9.494e-03,rel=1.847e-04
MXFP4,BITSHIFT,U(-1,1),2048,4096,4096,64x64x32_w4_v3,SKIP,opt only LUT path
MXFP4,LUT,U(-1,1),2048,4096,4096,64x128x32_w4_v3,SKIP,BN/WARPS != 16
MXFP4,BITSHIFT,U(-1,1),2048,4096,4096,64x128x32_w4_v3,SKIP,BN/WARPS != 16
MXFP4,LUT,U(-1,1),2048,4096,4096,32x128x32_w4_v3_b1,SKIP,BN/WARPS != 16
MXFP4,BITSHIFT,U(-1,1),2048,4096,4096,32x128x32_w4_v3_b1,SKIP,BN/WARPS != 16
MXFP4,LUT,U(-1,1),2048,4096,4096,32x64x32_w4_v3_b1,OK,ms=5.119,tflops=13.43,gbps=14.9,maxabs=1.948e-02,p99=9.494e-03,rel=1.847e-04
MXFP4,BITSHIFT,U(-1,1),2048,4096,4096,32x64x32_w4_v3_b1,SKIP,opt only LUT path
MXFP4,LUT,U(-1,1),2048,4096,4096,32x256x32_w8_v3_b1,SKIP,BN/WARPS != 16
MXFP4,BITSHIFT,U(-1,1),2048,4096,4096,32x256x32_w8_v3_b1,SKIP,BN/WARPS != 16
MXFP4,LUT,U(-1,1),2048,4096,4096,128x128x32_w8_v3_b1alt,SKIP,no template
MXFP4,BITSHIFT,U(-1,1),2048,4096,4096,128x128x32_w8_v3_b1alt,SKIP,opt only LUT path
MXFP4,LUT,U(-1,1),2048,4096,4096,64x128x32_w8_v3_b1alt,SKIP,no template
MXFP4,BITSHIFT,U(-1,1),2048,4096,4096,64x128x32_w8_v3_b1alt,SKIP,opt only LUT path
MXFP4,LUT,U(-1,1),2048,4096,4096,128x64x32_w4_v4,OK,ms=3.922,tflops=17.52,gbps=19.4,maxabs=1.948e-02,p99=9.494e-03,rel=1.847e-04
MXFP4,BITSHIFT,U(-1,1),2048,4096,4096,128x64x32_w4_v4,SKIP,opt only LUT path
MXFP4,LUT,U(-1,1),2048,4096,4096,128x128x32_w4_v4,SKIP,BN/WARPS != 16
MXFP4,BITSHIFT,U(-1,1),2048,4096,4096,128x128x32_w4_v4,SKIP,BN/WARPS != 16
MXFP4,LUT,U(-1,1),2048,4096,4096,64x64x32_w4_v4,OK,ms=4.114,tflops=16.70,gbps=18.5,maxabs=1.948e-02,p99=9.494e-03,rel=1.847e-04
MXFP4,BITSHIFT,U(-1,1),2048,4096,4096,64x64x32_w4_v4,SKIP,opt only LUT path
MXFP4,LUT,U(-1,1),2048,4096,4096,64x128x32_w4_v4,SKIP,BN/WARPS != 16
MXFP4,BITSHIFT,U(-1,1),2048,4096,4096,64x128x32_w4_v4,SKIP,BN/WARPS != 16
MXFP4,LUT,U(-1,1),2048,4096,4096,128x64x32_w4_v5,OK,ms=4.473,tflops=15.36,gbps=17.0,maxabs=1.948e-02,p99=9.494e-03,rel=1.847e-04
MXFP4,BITSHIFT,U(-1,1),2048,4096,4096,128x64x32_w4_v5,SKIP,opt only LUT path
MXFP4,LUT,U(-1,1),2048,4096,4096,128x128x32_w4_v5,SKIP,BN/WARPS != 16
MXFP4,BITSHIFT,U(-1,1),2048,4096,4096,128x128x32_w4_v5,SKIP,BN/WARPS != 16
MXFP4,LUT,U(-1,1),2048,4096,4096,64x64x32_w4_v5,OK,ms=5.370,tflops=12.80,gbps=14.2,maxabs=1.948e-02,p99=9.494e-03,rel=1.847e-04
MXFP4,BITSHIFT,U(-1,1),2048,4096,4096,64x64x32_w4_v5,SKIP,opt only LUT path
MXFP4,LUT,U(-1,1),2048,4096,4096,64x128x32_w4_v5,SKIP,BN/WARPS != 16
MXFP4,BITSHIFT,U(-1,1),2048,4096,4096,64x128x32_w4_v5,SKIP,BN/WARPS != 16
MXFP4,LUT,U(-1,1),2048,4096,4096,128x128x64_w4_v6,SKIP,BN/WARPS != 16
MXFP4,BITSHIFT,U(-1,1),2048,4096,4096,128x128x64_w4_v6,SKIP,BN/WARPS != 16
MXFP4,LUT,U(-1,1),2048,4096,4096,128x64x64_w4_v6,SKIP,v6 only INT8 (A1 retry)
MXFP4,BITSHIFT,U(-1,1),2048,4096,4096,128x64x64_w4_v6,SKIP,opt only LUT path
MXFP4,LUT,U(-1,1),2048,4096,4096,64x128x64_w4_v6,SKIP,BN/WARPS != 16
MXFP4,BITSHIFT,U(-1,1),2048,4096,4096,64x128x64_w4_v6,SKIP,BN/WARPS != 16
MXFP4,LUT,U(-1,1),2048,4096,4096,64x64x64_w4_v6,SKIP,v6 only INT8 (A1 retry)
MXFP4,BITSHIFT,U(-1,1),2048,4096,4096,64x64x64_w4_v6,SKIP,opt only LUT path
MXFP4,LUT,U(-1,1),1,7168,7168,16x64x32_w4,OK,ms=1.392,tflops=0.07,gbps=19.7,maxabs=1.681e-02,p99=1.181e-02,rel=1.828e-04
MXFP4,BITSHIFT,U(-1,1),1,7168,7168,16x64x32_w4,OK,ms=1.596,tflops=0.06,gbps=17.1,maxabs=1.681e-02,p99=1.181e-02,rel=1.828e-04
MXFP4,LUT,U(-1,1),1,7168,7168,16x128x32_w8,OK,ms=1.405,tflops=0.07,gbps=19.5,maxabs=1.681e-02,p99=1.181e-02,rel=1.828e-04
MXFP4,BITSHIFT,U(-1,1),1,7168,7168,16x128x32_w8,OK,ms=1.633,tflops=0.06,gbps=16.7,maxabs=1.681e-02,p99=1.181e-02,rel=1.828e-04
MXFP4,LUT,U(-1,1),1,7168,7168,16x128x32_w4f2,SKIP,BN/WARPS != 16
MXFP4,BITSHIFT,U(-1,1),1,7168,7168,16x128x32_w4f2,SKIP,BN/WARPS != 16
MXFP4,LUT,U(-1,1),1,7168,7168,16x256x32_w4f4,SKIP,BN/WARPS != 16
MXFP4,BITSHIFT,U(-1,1),1,7168,7168,16x256x32_w4f4,SKIP,BN/WARPS != 16
MXFP4,LUT,U(-1,1),1,7168,7168,128x64x32_w4_v1,SKIP,no template
MXFP4,BITSHIFT,U(-1,1),1,7168,7168,128x64x32_w4_v1,SKIP,opt only LUT path
MXFP4,LUT,U(-1,1),1,7168,7168,128x128x32_w4_v1,SKIP,BN/WARPS != 16
MXFP4,BITSHIFT,U(-1,1),1,7168,7168,128x128x32_w4_v1,SKIP,BN/WARPS != 16
MXFP4,LUT,U(-1,1),1,7168,7168,128x256x32_w4_v1,SKIP,BN/WARPS != 16
MXFP4,BITSHIFT,U(-1,1),1,7168,7168,128x256x32_w4_v1,SKIP,BN/WARPS != 16
MXFP4,LUT,U(-1,1),1,7168,7168,128x256x32_w8_v1,SKIP,BN/WARPS != 16
MXFP4,BITSHIFT,U(-1,1),1,7168,7168,128x256x32_w8_v1,SKIP,BN/WARPS != 16
MXFP4,LUT,U(-1,1),1,7168,7168,64x64x32_w4_v1,SKIP,no template
MXFP4,BITSHIFT,U(-1,1),1,7168,7168,64x64x32_w4_v1,SKIP,opt only LUT path
MXFP4,LUT,U(-1,1),1,7168,7168,64x128x32_w4_v1,SKIP,BN/WARPS != 16
MXFP4,BITSHIFT,U(-1,1),1,7168,7168,64x128x32_w4_v1,SKIP,BN/WARPS != 16
MXFP4,LUT,U(-1,1),1,7168,7168,128x64x32_w4_v2,OK,ms=1.442,tflops=0.07,gbps=19.0,maxabs=1.681e-02,p99=1.181e-02,rel=1.828e-04
MXFP4,BITSHIFT,U(-1,1),1,7168,7168,128x64x32_w4_v2,SKIP,opt only LUT path
MXFP4,LUT,U(-1,1),1,7168,7168,128x128x32_w4_v2,SKIP,BN/WARPS != 16
MXFP4,BITSHIFT,U(-1,1),1,7168,7168,128x128x32_w4_v2,SKIP,BN/WARPS != 16
MXFP4,LUT,U(-1,1),1,7168,7168,128x256x32_w4_v2,SKIP,BN/WARPS != 16
MXFP4,BITSHIFT,U(-1,1),1,7168,7168,128x256x32_w4_v2,SKIP,BN/WARPS != 16
MXFP4,LUT,U(-1,1),1,7168,7168,128x256x32_w8_v2,SKIP,BN/WARPS != 16
MXFP4,BITSHIFT,U(-1,1),1,7168,7168,128x256x32_w8_v2,SKIP,BN/WARPS != 16
MXFP4,LUT,U(-1,1),1,7168,7168,64x64x32_w4_v2,OK,ms=1.032,tflops=0.10,gbps=26.5,maxabs=1.681e-02,p99=1.181e-02,rel=1.828e-04
MXFP4,BITSHIFT,U(-1,1),1,7168,7168,64x64x32_w4_v2,SKIP,opt only LUT path
MXFP4,LUT,U(-1,1),1,7168,7168,64x128x32_w4_v2,SKIP,BN/WARPS != 16
MXFP4,BITSHIFT,U(-1,1),1,7168,7168,64x128x32_w4_v2,SKIP,BN/WARPS != 16
MXFP4,LUT,U(-1,1),1,7168,7168,128x64x32_w4_v3,OK,ms=0.997,tflops=0.10,gbps=27.4,maxabs=1.681e-02,p99=1.181e-02,rel=1.828e-04
MXFP4,BITSHIFT,U(-1,1),1,7168,7168,128x64x32_w4_v3,SKIP,opt only LUT path
MXFP4,LUT,U(-1,1),1,7168,7168,128x128x32_w4_v3,SKIP,BN/WARPS != 16
MXFP4,BITSHIFT,U(-1,1),1,7168,7168,128x128x32_w4_v3,SKIP,BN/WARPS != 16
MXFP4,LUT,U(-1,1),1,7168,7168,128x256x32_w8_v3,SKIP,BN/WARPS != 16
MXFP4,BITSHIFT,U(-1,1),1,7168,7168,128x256x32_w8_v3,SKIP,BN/WARPS != 16
MXFP4,LUT,U(-1,1),1,7168,7168,64x64x32_w4_v3,OK,ms=0.614,tflops=0.17,gbps=44.5,maxabs=1.681e-02,p99=1.181e-02,rel=1.828e-04
MXFP4,BITSHIFT,U(-1,1),1,7168,7168,64x64x32_w4_v3,SKIP,opt only LUT path
MXFP4,LUT,U(-1,1),1,7168,7168,64x128x32_w4_v3,SKIP,BN/WARPS != 16
MXFP4,BITSHIFT,U(-1,1),1,7168,7168,64x128x32_w4_v3,SKIP,BN/WARPS != 16
MXFP4,LUT,U(-1,1),1,7168,7168,32x128x32_w4_v3_b1,SKIP,BN/WARPS != 16
MXFP4,BITSHIFT,U(-1,1),1,7168,7168,32x128x32_w4_v3_b1,SKIP,BN/WARPS != 16
MXFP4,LUT,U(-1,1),1,7168,7168,32x64x32_w4_v3_b1,OK,ms=0.479,tflops=0.21,gbps=57.1,maxabs=1.681e-02,p99=1.181e-02,rel=1.828e-04
MXFP4,BITSHIFT,U(-1,1),1,7168,7168,32x64x32_w4_v3_b1,SKIP,opt only LUT path
MXFP4,LUT,U(-1,1),1,7168,7168,32x256x32_w8_v3_b1,SKIP,BN/WARPS != 16
MXFP4,BITSHIFT,U(-1,1),1,7168,7168,32x256x32_w8_v3_b1,SKIP,BN/WARPS != 16
MXFP4,LUT,U(-1,1),1,7168,7168,128x128x32_w8_v3_b1alt,SKIP,no template
MXFP4,BITSHIFT,U(-1,1),1,7168,7168,128x128x32_w8_v3_b1alt,SKIP,opt only LUT path
MXFP4,LUT,U(-1,1),1,7168,7168,64x128x32_w8_v3_b1alt,SKIP,no template
MXFP4,BITSHIFT,U(-1,1),1,7168,7168,64x128x32_w8_v3_b1alt,SKIP,opt only LUT path
MXFP4,LUT,U(-1,1),1,7168,7168,128x64x32_w4_v4,OK,ms=1.007,tflops=0.10,gbps=27.2,maxabs=1.681e-02,p99=1.181e-02,rel=1.828e-04
MXFP4,BITSHIFT,U(-1,1),1,7168,7168,128x64x32_w4_v4,SKIP,opt only LUT path
MXFP4,LUT,U(-1,1),1,7168,7168,128x128x32_w4_v4,SKIP,BN/WARPS != 16
MXFP4,BITSHIFT,U(-1,1),1,7168,7168,128x128x32_w4_v4,SKIP,BN/WARPS != 16
MXFP4,LUT,U(-1,1),1,7168,7168,64x64x32_w4_v4,OK,ms=0.657,tflops=0.16,gbps=41.6,maxabs=1.681e-02,p99=1.181e-02,rel=1.828e-04
MXFP4,BITSHIFT,U(-1,1),1,7168,7168,64x64x32_w4_v4,SKIP,opt only LUT path
MXFP4,LUT,U(-1,1),1,7168,7168,64x128x32_w4_v4,SKIP,BN/WARPS != 16
MXFP4,BITSHIFT,U(-1,1),1,7168,7168,64x128x32_w4_v4,SKIP,BN/WARPS != 16
MXFP4,LUT,U(-1,1),1,7168,7168,128x64x32_w4_v5,OK,ms=1.006,tflops=0.10,gbps=27.2,maxabs=1.681e-02,p99=1.181e-02,rel=1.828e-04
MXFP4,BITSHIFT,U(-1,1),1,7168,7168,128x64x32_w4_v5,SKIP,opt only LUT path
MXFP4,LUT,U(-1,1),1,7168,7168,128x128x32_w4_v5,SKIP,BN/WARPS != 16
MXFP4,BITSHIFT,U(-1,1),1,7168,7168,128x128x32_w4_v5,SKIP,BN/WARPS != 16
MXFP4,LUT,U(-1,1),1,7168,7168,64x64x32_w4_v5,OK,ms=0.657,tflops=0.16,gbps=41.6,maxabs=1.681e-02,p99=1.181e-02,rel=1.828e-04
MXFP4,BITSHIFT,U(-1,1),1,7168,7168,64x64x32_w4_v5,SKIP,opt only LUT path
MXFP4,LUT,U(-1,1),1,7168,7168,64x128x32_w4_v5,SKIP,BN/WARPS != 16
MXFP4,BITSHIFT,U(-1,1),1,7168,7168,64x128x32_w4_v5,SKIP,BN/WARPS != 16
MXFP4,LUT,U(-1,1),1,7168,7168,128x128x64_w4_v6,SKIP,BN/WARPS != 16
MXFP4,BITSHIFT,U(-1,1),1,7168,7168,128x128x64_w4_v6,SKIP,BN/WARPS != 16
MXFP4,LUT,U(-1,1),1,7168,7168,128x64x64_w4_v6,SKIP,v6 only INT8 (A1 retry)
MXFP4,BITSHIFT,U(-1,1),1,7168,7168,128x64x64_w4_v6,SKIP,opt only LUT path
MXFP4,LUT,U(-1,1),1,7168,7168,64x128x64_w4_v6,SKIP,BN/WARPS != 16
MXFP4,BITSHIFT,U(-1,1),1,7168,7168,64x128x64_w4_v6,SKIP,BN/WARPS != 16
MXFP4,LUT,U(-1,1),1,7168,7168,64x64x64_w4_v6,SKIP,v6 only INT8 (A1 retry)
MXFP4,BITSHIFT,U(-1,1),1,7168,7168,64x64x64_w4_v6,SKIP,opt only LUT path
MXFP4,LUT,U(-1,1),16,7168,7168,16x64x32_w4,OK,ms=1.440,tflops=1.14,gbps=19.6,maxabs=2.346e-02,p99=1.226e-02,rel=1.855e-04
MXFP4,BITSHIFT,U(-1,1),16,7168,7168,16x64x32_w4,OK,ms=1.754,tflops=0.94,gbps=16.1,maxabs=2.346e-02,p99=1.226e-02,rel=1.855e-04
MXFP4,LUT,U(-1,1),16,7168,7168,16x128x32_w8,OK,ms=1.499,tflops=1.10,gbps=18.8,maxabs=2.346e-02,p99=1.226e-02,rel=1.855e-04
MXFP4,BITSHIFT,U(-1,1),16,7168,7168,16x128x32_w8,OK,ms=1.830,tflops=0.90,gbps=15.4,maxabs=2.346e-02,p99=1.226e-02,rel=1.855e-04
MXFP4,LUT,U(-1,1),16,7168,7168,16x128x32_w4f2,SKIP,BN/WARPS != 16
MXFP4,BITSHIFT,U(-1,1),16,7168,7168,16x128x32_w4f2,SKIP,BN/WARPS != 16
MXFP4,LUT,U(-1,1),16,7168,7168,16x256x32_w4f4,SKIP,BN/WARPS != 16
MXFP4,BITSHIFT,U(-1,1),16,7168,7168,16x256x32_w4f4,SKIP,BN/WARPS != 16
MXFP4,LUT,U(-1,1),16,7168,7168,128x64x32_w4_v1,SKIP,no template
MXFP4,BITSHIFT,U(-1,1),16,7168,7168,128x64x32_w4_v1,SKIP,opt only LUT path
MXFP4,LUT,U(-1,1),16,7168,7168,128x128x32_w4_v1,SKIP,BN/WARPS != 16
MXFP4,BITSHIFT,U(-1,1),16,7168,7168,128x128x32_w4_v1,SKIP,BN/WARPS != 16
MXFP4,LUT,U(-1,1),16,7168,7168,128x256x32_w4_v1,SKIP,BN/WARPS != 16
MXFP4,BITSHIFT,U(-1,1),16,7168,7168,128x256x32_w4_v1,SKIP,BN/WARPS != 16
MXFP4,LUT,U(-1,1),16,7168,7168,128x256x32_w8_v1,SKIP,BN/WARPS != 16
MXFP4,BITSHIFT,U(-1,1),16,7168,7168,128x256x32_w8_v1,SKIP,BN/WARPS != 16
MXFP4,LUT,U(-1,1),16,7168,7168,64x64x32_w4_v1,SKIP,no template
MXFP4,BITSHIFT,U(-1,1),16,7168,7168,64x64x32_w4_v1,SKIP,opt only LUT path
MXFP4,LUT,U(-1,1),16,7168,7168,64x128x32_w4_v1,SKIP,BN/WARPS != 16
MXFP4,BITSHIFT,U(-1,1),16,7168,7168,64x128x32_w4_v1,SKIP,BN/WARPS != 16
MXFP4,LUT,U(-1,1),16,7168,7168,128x64x32_w4_v2,OK,ms=1.482,tflops=1.11,gbps=19.0,maxabs=2.346e-02,p99=1.226e-02,rel=1.855e-04
MXFP4,BITSHIFT,U(-1,1),16,7168,7168,128x64x32_w4_v2,SKIP,opt only LUT path
MXFP4,LUT,U(-1,1),16,7168,7168,128x128x32_w4_v2,SKIP,BN/WARPS != 16
MXFP4,BITSHIFT,U(-1,1),16,7168,7168,128x128x32_w4_v2,SKIP,BN/WARPS != 16
MXFP4,LUT,U(-1,1),16,7168,7168,128x256x32_w4_v2,SKIP,BN/WARPS != 16
MXFP4,BITSHIFT,U(-1,1),16,7168,7168,128x256x32_w4_v2,SKIP,BN/WARPS != 16
MXFP4,LUT,U(-1,1),16,7168,7168,128x256x32_w8_v2,SKIP,BN/WARPS != 16
MXFP4,BITSHIFT,U(-1,1),16,7168,7168,128x256x32_w8_v2,SKIP,BN/WARPS != 16
MXFP4,LUT,U(-1,1),16,7168,7168,64x64x32_w4_v2,OK,ms=1.070,tflops=1.54,gbps=26.4,maxabs=2.346e-02,p99=1.226e-02,rel=1.855e-04
MXFP4,BITSHIFT,U(-1,1),16,7168,7168,64x64x32_w4_v2,SKIP,opt only LUT path
MXFP4,LUT,U(-1,1),16,7168,7168,64x128x32_w4_v2,SKIP,BN/WARPS != 16
MXFP4,BITSHIFT,U(-1,1),16,7168,7168,64x128x32_w4_v2,SKIP,BN/WARPS != 16
MXFP4,LUT,U(-1,1),16,7168,7168,128x64x32_w4_v3,OK,ms=1.029,tflops=1.60,gbps=27.4,maxabs=2.346e-02,p99=1.226e-02,rel=1.855e-04
MXFP4,BITSHIFT,U(-1,1),16,7168,7168,128x64x32_w4_v3,SKIP,opt only LUT path
MXFP4,LUT,U(-1,1),16,7168,7168,128x128x32_w4_v3,SKIP,BN/WARPS != 16
MXFP4,BITSHIFT,U(-1,1),16,7168,7168,128x128x32_w4_v3,SKIP,BN/WARPS != 16
MXFP4,LUT,U(-1,1),16,7168,7168,128x256x32_w8_v3,SKIP,BN/WARPS != 16
MXFP4,BITSHIFT,U(-1,1),16,7168,7168,128x256x32_w8_v3,SKIP,BN/WARPS != 16
MXFP4,LUT,U(-1,1),16,7168,7168,64x64x32_w4_v3,OK,ms=0.643,tflops=2.56,gbps=43.9,maxabs=2.346e-02,p99=1.226e-02,rel=1.855e-04
MXFP4,BITSHIFT,U(-1,1),16,7168,7168,64x64x32_w4_v3,SKIP,opt only LUT path
MXFP4,LUT,U(-1,1),16,7168,7168,64x128x32_w4_v3,SKIP,BN/WARPS != 16
MXFP4,BITSHIFT,U(-1,1),16,7168,7168,64x128x32_w4_v3,SKIP,BN/WARPS != 16
MXFP4,LUT,U(-1,1),16,7168,7168,32x128x32_w4_v3_b1,SKIP,BN/WARPS != 16
MXFP4,BITSHIFT,U(-1,1),16,7168,7168,32x128x32_w4_v3_b1,SKIP,BN/WARPS != 16
MXFP4,LUT,U(-1,1),16,7168,7168,32x64x32_w4_v3_b1,OK,ms=0.526,tflops=3.12,gbps=53.6,maxabs=2.346e-02,p99=1.226e-02,rel=1.855e-04
MXFP4,BITSHIFT,U(-1,1),16,7168,7168,32x64x32_w4_v3_b1,SKIP,opt only LUT path
MXFP4,LUT,U(-1,1),16,7168,7168,32x256x32_w8_v3_b1,SKIP,BN/WARPS != 16
MXFP4,BITSHIFT,U(-1,1),16,7168,7168,32x256x32_w8_v3_b1,SKIP,BN/WARPS != 16
MXFP4,LUT,U(-1,1),16,7168,7168,128x128x32_w8_v3_b1alt,SKIP,no template
MXFP4,BITSHIFT,U(-1,1),16,7168,7168,128x128x32_w8_v3_b1alt,SKIP,opt only LUT path
MXFP4,LUT,U(-1,1),16,7168,7168,64x128x32_w8_v3_b1alt,SKIP,no template
MXFP4,BITSHIFT,U(-1,1),16,7168,7168,64x128x32_w8_v3_b1alt,SKIP,opt only LUT path
MXFP4,LUT,U(-1,1),16,7168,7168,128x64x32_w4_v4,OK,ms=1.030,tflops=1.60,gbps=27.4,maxabs=2.346e-02,p99=1.226e-02,rel=1.855e-04
MXFP4,BITSHIFT,U(-1,1),16,7168,7168,128x64x32_w4_v4,SKIP,opt only LUT path
MXFP4,LUT,U(-1,1),16,7168,7168,128x128x32_w4_v4,SKIP,BN/WARPS != 16
MXFP4,BITSHIFT,U(-1,1),16,7168,7168,128x128x32_w4_v4,SKIP,BN/WARPS != 16
MXFP4,LUT,U(-1,1),16,7168,7168,64x64x32_w4_v4,OK,ms=0.683,tflops=2.41,gbps=41.3,maxabs=2.346e-02,p99=1.226e-02,rel=1.855e-04
MXFP4,BITSHIFT,U(-1,1),16,7168,7168,64x64x32_w4_v4,SKIP,opt only LUT path
MXFP4,LUT,U(-1,1),16,7168,7168,64x128x32_w4_v4,SKIP,BN/WARPS != 16
MXFP4,BITSHIFT,U(-1,1),16,7168,7168,64x128x32_w4_v4,SKIP,BN/WARPS != 16
MXFP4,LUT,U(-1,1),16,7168,7168,128x64x32_w4_v5,OK,ms=1.040,tflops=1.58,gbps=27.1,maxabs=2.346e-02,p99=1.226e-02,rel=1.855e-04
MXFP4,BITSHIFT,U(-1,1),16,7168,7168,128x64x32_w4_v5,SKIP,opt only LUT path
MXFP4,LUT,U(-1,1),16,7168,7168,128x128x32_w4_v5,SKIP,BN/WARPS != 16
MXFP4,BITSHIFT,U(-1,1),16,7168,7168,128x128x32_w4_v5,SKIP,BN/WARPS != 16
MXFP4,LUT,U(-1,1),16,7168,7168,64x64x32_w4_v5,OK,ms=0.686,tflops=2.40,gbps=41.1,maxabs=2.346e-02,p99=1.226e-02,rel=1.855e-04
MXFP4,BITSHIFT,U(-1,1),16,7168,7168,64x64x32_w4_v5,SKIP,opt only LUT path
MXFP4,LUT,U(-1,1),16,7168,7168,64x128x32_w4_v5,SKIP,BN/WARPS != 16
MXFP4,BITSHIFT,U(-1,1),16,7168,7168,64x128x32_w4_v5,SKIP,BN/WARPS != 16
MXFP4,LUT,U(-1,1),16,7168,7168,128x128x64_w4_v6,SKIP,BN/WARPS != 16
MXFP4,BITSHIFT,U(-1,1),16,7168,7168,128x128x64_w4_v6,SKIP,BN/WARPS != 16
MXFP4,LUT,U(-1,1),16,7168,7168,128x64x64_w4_v6,SKIP,v6 only INT8 (A1 retry)
MXFP4,BITSHIFT,U(-1,1),16,7168,7168,128x64x64_w4_v6,SKIP,opt only LUT path
MXFP4,LUT,U(-1,1),16,7168,7168,64x128x64_w4_v6,SKIP,BN/WARPS != 16
MXFP4,BITSHIFT,U(-1,1),16,7168,7168,64x128x64_w4_v6,SKIP,BN/WARPS != 16
MXFP4,LUT,U(-1,1),16,7168,7168,64x64x64_w4_v6,SKIP,v6 only INT8 (A1 retry)
MXFP4,BITSHIFT,U(-1,1),16,7168,7168,64x64x64_w4_v6,SKIP,opt only LUT path
MXFP4,LUT,U(-1,1),64,7168,7168,16x64x32_w4,OK,ms=1.814,tflops=3.63,gbps=17.1,maxabs=2.391e-02,p99=1.255e-02,rel=1.850e-04
MXFP4,BITSHIFT,U(-1,1),64,7168,7168,16x64x32_w4,OK,ms=2.267,tflops=2.90,gbps=13.7,maxabs=2.390e-02,p99=1.256e-02,rel=1.850e-04
MXFP4,LUT,U(-1,1),64,7168,7168,16x128x32_w8,OK,ms=1.867,tflops=3.52,gbps=16.6,maxabs=2.391e-02,p99=1.255e-02,rel=1.850e-04
MXFP4,BITSHIFT,U(-1,1),64,7168,7168,16x128x32_w8,OK,ms=2.455,tflops=2.68,gbps=12.6,maxabs=2.390e-02,p99=1.256e-02,rel=1.850e-04
MXFP4,LUT,U(-1,1),64,7168,7168,16x128x32_w4f2,SKIP,BN/WARPS != 16
MXFP4,BITSHIFT,U(-1,1),64,7168,7168,16x128x32_w4f2,SKIP,BN/WARPS != 16
MXFP4,LUT,U(-1,1),64,7168,7168,16x256x32_w4f4,SKIP,BN/WARPS != 16
MXFP4,BITSHIFT,U(-1,1),64,7168,7168,16x256x32_w4f4,SKIP,BN/WARPS != 16
MXFP4,LUT,U(-1,1),64,7168,7168,128x64x32_w4_v1,SKIP,no template
MXFP4,BITSHIFT,U(-1,1),64,7168,7168,128x64x32_w4_v1,SKIP,opt only LUT path
MXFP4,LUT,U(-1,1),64,7168,7168,128x128x32_w4_v1,SKIP,BN/WARPS != 16
MXFP4,BITSHIFT,U(-1,1),64,7168,7168,128x128x32_w4_v1,SKIP,BN/WARPS != 16
MXFP4,LUT,U(-1,1),64,7168,7168,128x256x32_w4_v1,SKIP,BN/WARPS != 16
MXFP4,BITSHIFT,U(-1,1),64,7168,7168,128x256x32_w4_v1,SKIP,BN/WARPS != 16
MXFP4,LUT,U(-1,1),64,7168,7168,128x256x32_w8_v1,SKIP,BN/WARPS != 16
MXFP4,BITSHIFT,U(-1,1),64,7168,7168,128x256x32_w8_v1,SKIP,BN/WARPS != 16
MXFP4,LUT,U(-1,1),64,7168,7168,64x64x32_w4_v1,SKIP,no template
MXFP4,BITSHIFT,U(-1,1),64,7168,7168,64x64x32_w4_v1,SKIP,opt only LUT path
MXFP4,LUT,U(-1,1),64,7168,7168,64x128x32_w4_v1,SKIP,BN/WARPS != 16
MXFP4,BITSHIFT,U(-1,1),64,7168,7168,64x128x32_w4_v1,SKIP,BN/WARPS != 16
MXFP4,LUT,U(-1,1),64,7168,7168,128x64x32_w4_v2,OK,ms=1.542,tflops=4.26,gbps=20.1,maxabs=2.391e-02,p99=1.255e-02,rel=1.850e-04
MXFP4,BITSHIFT,U(-1,1),64,7168,7168,128x64x32_w4_v2,SKIP,opt only LUT path
MXFP4,LUT,U(-1,1),64,7168,7168,128x128x32_w4_v2,SKIP,BN/WARPS != 16
MXFP4,BITSHIFT,U(-1,1),64,7168,7168,128x128x32_w4_v2,SKIP,BN/WARPS != 16
MXFP4,LUT,U(-1,1),64,7168,7168,128x256x32_w4_v2,SKIP,BN/WARPS != 16
MXFP4,BITSHIFT,U(-1,1),64,7168,7168,128x256x32_w4_v2,SKIP,BN/WARPS != 16
MXFP4,LUT,U(-1,1),64,7168,7168,128x256x32_w8_v2,SKIP,BN/WARPS != 16
MXFP4,BITSHIFT,U(-1,1),64,7168,7168,128x256x32_w8_v2,SKIP,BN/WARPS != 16
MXFP4,LUT,U(-1,1),64,7168,7168,64x64x32_w4_v2,OK,ms=1.146,tflops=5.74,gbps=27.0,maxabs=2.391e-02,p99=1.255e-02,rel=1.850e-04
MXFP4,BITSHIFT,U(-1,1),64,7168,7168,64x64x32_w4_v2,SKIP,opt only LUT path
MXFP4,LUT,U(-1,1),64,7168,7168,64x128x32_w4_v2,SKIP,BN/WARPS != 16
MXFP4,BITSHIFT,U(-1,1),64,7168,7168,64x128x32_w4_v2,SKIP,BN/WARPS != 16
MXFP4,LUT,U(-1,1),64,7168,7168,128x64x32_w4_v3,OK,ms=1.061,tflops=6.20,gbps=29.2,maxabs=2.391e-02,p99=1.255e-02,rel=1.850e-04
MXFP4,BITSHIFT,U(-1,1),64,7168,7168,128x64x32_w4_v3,SKIP,opt only LUT path
MXFP4,LUT,U(-1,1),64,7168,7168,128x128x32_w4_v3,SKIP,BN/WARPS != 16
MXFP4,BITSHIFT,U(-1,1),64,7168,7168,128x128x32_w4_v3,SKIP,BN/WARPS != 16
MXFP4,LUT,U(-1,1),64,7168,7168,128x256x32_w8_v3,SKIP,BN/WARPS != 16
MXFP4,BITSHIFT,U(-1,1),64,7168,7168,128x256x32_w8_v3,SKIP,BN/WARPS != 16
MXFP4,LUT,U(-1,1),64,7168,7168,64x64x32_w4_v3,OK,ms=0.671,tflops=9.80,gbps=46.1,maxabs=2.391e-02,p99=1.255e-02,rel=1.850e-04
MXFP4,BITSHIFT,U(-1,1),64,7168,7168,64x64x32_w4_v3,SKIP,opt only LUT path
MXFP4,LUT,U(-1,1),64,7168,7168,64x128x32_w4_v3,SKIP,BN/WARPS != 16
MXFP4,BITSHIFT,U(-1,1),64,7168,7168,64x128x32_w4_v3,SKIP,BN/WARPS != 16
MXFP4,LUT,U(-1,1),64,7168,7168,32x128x32_w4_v3_b1,SKIP,BN/WARPS != 16
MXFP4,BITSHIFT,U(-1,1),64,7168,7168,32x128x32_w4_v3_b1,SKIP,BN/WARPS != 16
MXFP4,LUT,U(-1,1),64,7168,7168,32x64x32_w4_v3_b1,OK,ms=0.627,tflops=10.49,gbps=49.4,maxabs=2.391e-02,p99=1.255e-02,rel=1.850e-04
MXFP4,BITSHIFT,U(-1,1),64,7168,7168,32x64x32_w4_v3_b1,SKIP,opt only LUT path
MXFP4,LUT,U(-1,1),64,7168,7168,32x256x32_w8_v3_b1,SKIP,BN/WARPS != 16
MXFP4,BITSHIFT,U(-1,1),64,7168,7168,32x256x32_w8_v3_b1,SKIP,BN/WARPS != 16
MXFP4,LUT,U(-1,1),64,7168,7168,128x128x32_w8_v3_b1alt,SKIP,no template
MXFP4,BITSHIFT,U(-1,1),64,7168,7168,128x128x32_w8_v3_b1alt,SKIP,opt only LUT path
MXFP4,LUT,U(-1,1),64,7168,7168,64x128x32_w8_v3_b1alt,SKIP,no template
MXFP4,BITSHIFT,U(-1,1),64,7168,7168,64x128x32_w8_v3_b1alt,SKIP,opt only LUT path
MXFP4,LUT,U(-1,1),64,7168,7168,128x64x32_w4_v4,OK,ms=1.060,tflops=6.20,gbps=29.2,maxabs=2.391e-02,p99=1.255e-02,rel=1.850e-04
MXFP4,BITSHIFT,U(-1,1),64,7168,7168,128x64x32_w4_v4,SKIP,opt only LUT path
MXFP4,LUT,U(-1,1),64,7168,7168,128x128x32_w4_v4,SKIP,BN/WARPS != 16
MXFP4,BITSHIFT,U(-1,1),64,7168,7168,128x128x32_w4_v4,SKIP,BN/WARPS != 16
MXFP4,LUT,U(-1,1),64,7168,7168,64x64x32_w4_v4,OK,ms=0.717,tflops=9.18,gbps=43.2,maxabs=2.391e-02,p99=1.255e-02,rel=1.850e-04
MXFP4,BITSHIFT,U(-1,1),64,7168,7168,64x64x32_w4_v4,SKIP,opt only LUT path
MXFP4,LUT,U(-1,1),64,7168,7168,64x128x32_w4_v4,SKIP,BN/WARPS != 16
MXFP4,BITSHIFT,U(-1,1),64,7168,7168,64x128x32_w4_v4,SKIP,BN/WARPS != 16
MXFP4,LUT,U(-1,1),64,7168,7168,128x64x32_w4_v5,OK,ms=1.080,tflops=6.09,gbps=28.7,maxabs=2.391e-02,p99=1.255e-02,rel=1.850e-04
MXFP4,BITSHIFT,U(-1,1),64,7168,7168,128x64x32_w4_v5,SKIP,opt only LUT path
MXFP4,LUT,U(-1,1),64,7168,7168,128x128x32_w4_v5,SKIP,BN/WARPS != 16
MXFP4,BITSHIFT,U(-1,1),64,7168,7168,128x128x32_w4_v5,SKIP,BN/WARPS != 16
MXFP4,LUT,U(-1,1),64,7168,7168,64x64x32_w4_v5,OK,ms=0.726,tflops=9.06,gbps=42.7,maxabs=2.391e-02,p99=1.255e-02,rel=1.850e-04
MXFP4,BITSHIFT,U(-1,1),64,7168,7168,64x64x32_w4_v5,SKIP,opt only LUT path
MXFP4,LUT,U(-1,1),64,7168,7168,64x128x32_w4_v5,SKIP,BN/WARPS != 16
MXFP4,BITSHIFT,U(-1,1),64,7168,7168,64x128x32_w4_v5,SKIP,BN/WARPS != 16
MXFP4,LUT,U(-1,1),64,7168,7168,128x128x64_w4_v6,SKIP,BN/WARPS != 16
MXFP4,BITSHIFT,U(-1,1),64,7168,7168,128x128x64_w4_v6,SKIP,BN/WARPS != 16
MXFP4,LUT,U(-1,1),64,7168,7168,128x64x64_w4_v6,SKIP,v6 only INT8 (A1 retry)
MXFP4,BITSHIFT,U(-1,1),64,7168,7168,128x64x64_w4_v6,SKIP,opt only LUT path
MXFP4,LUT,U(-1,1),64,7168,7168,64x128x64_w4_v6,SKIP,BN/WARPS != 16
MXFP4,BITSHIFT,U(-1,1),64,7168,7168,64x128x64_w4_v6,SKIP,BN/WARPS != 16
MXFP4,LUT,U(-1,1),64,7168,7168,64x64x64_w4_v6,SKIP,v6 only INT8 (A1 retry)
MXFP4,BITSHIFT,U(-1,1),64,7168,7168,64x64x64_w4_v6,SKIP,opt only LUT path
MXFP4,LUT,U(-1,1),128,7168,7168,16x64x32_w4,OK,ms=4.141,tflops=3.18,gbps=8.4,maxabs=2.391e-02,p99=1.223e-02,rel=1.846e-04
MXFP4,BITSHIFT,U(-1,1),128,7168,7168,16x64x32_w4,OK,ms=4.840,tflops=2.72,gbps=7.2,maxabs=2.390e-02,p99=1.223e-02,rel=1.846e-04
MXFP4,LUT,U(-1,1),128,7168,7168,16x128x32_w8,OK,ms=4.250,tflops=3.10,gbps=8.2,maxabs=2.391e-02,p99=1.223e-02,rel=1.846e-04
MXFP4,BITSHIFT,U(-1,1),128,7168,7168,16x128x32_w8,OK,ms=5.824,tflops=2.26,gbps=5.9,maxabs=2.390e-02,p99=1.223e-02,rel=1.846e-04
MXFP4,LUT,U(-1,1),128,7168,7168,16x128x32_w4f2,SKIP,BN/WARPS != 16
MXFP4,BITSHIFT,U(-1,1),128,7168,7168,16x128x32_w4f2,SKIP,BN/WARPS != 16
MXFP4,LUT,U(-1,1),128,7168,7168,16x256x32_w4f4,SKIP,BN/WARPS != 16
MXFP4,BITSHIFT,U(-1,1),128,7168,7168,16x256x32_w4f4,SKIP,BN/WARPS != 16
MXFP4,LUT,U(-1,1),128,7168,7168,128x64x32_w4_v1,SKIP,no template
MXFP4,BITSHIFT,U(-1,1),128,7168,7168,128x64x32_w4_v1,SKIP,opt only LUT path
MXFP4,LUT,U(-1,1),128,7168,7168,128x128x32_w4_v1,SKIP,BN/WARPS != 16
MXFP4,BITSHIFT,U(-1,1),128,7168,7168,128x128x32_w4_v1,SKIP,BN/WARPS != 16
MXFP4,LUT,U(-1,1),128,7168,7168,128x256x32_w4_v1,SKIP,BN/WARPS != 16
MXFP4,BITSHIFT,U(-1,1),128,7168,7168,128x256x32_w4_v1,SKIP,BN/WARPS != 16
MXFP4,LUT,U(-1,1),128,7168,7168,128x256x32_w8_v1,SKIP,BN/WARPS != 16
MXFP4,BITSHIFT,U(-1,1),128,7168,7168,128x256x32_w8_v1,SKIP,BN/WARPS != 16
MXFP4,LUT,U(-1,1),128,7168,7168,64x64x32_w4_v1,SKIP,no template
MXFP4,BITSHIFT,U(-1,1),128,7168,7168,64x64x32_w4_v1,SKIP,opt only LUT path
MXFP4,LUT,U(-1,1),128,7168,7168,64x128x32_w4_v1,SKIP,BN/WARPS != 16
MXFP4,BITSHIFT,U(-1,1),128,7168,7168,64x128x32_w4_v1,SKIP,BN/WARPS != 16
MXFP4,LUT,U(-1,1),128,7168,7168,128x64x32_w4_v2,OK,ms=1.615,tflops=8.15,gbps=21.5,maxabs=2.391e-02,p99=1.223e-02,rel=1.846e-04
MXFP4,BITSHIFT,U(-1,1),128,7168,7168,128x64x32_w4_v2,SKIP,opt only LUT path
MXFP4,LUT,U(-1,1),128,7168,7168,128x128x32_w4_v2,SKIP,BN/WARPS != 16
MXFP4,BITSHIFT,U(-1,1),128,7168,7168,128x128x32_w4_v2,SKIP,BN/WARPS != 16
MXFP4,LUT,U(-1,1),128,7168,7168,128x256x32_w4_v2,SKIP,BN/WARPS != 16
MXFP4,BITSHIFT,U(-1,1),128,7168,7168,128x256x32_w4_v2,SKIP,BN/WARPS != 16
MXFP4,LUT,U(-1,1),128,7168,7168,128x256x32_w8_v2,SKIP,BN/WARPS != 16
MXFP4,BITSHIFT,U(-1,1),128,7168,7168,128x256x32_w8_v2,SKIP,BN/WARPS != 16
MXFP4,LUT,U(-1,1),128,7168,7168,64x64x32_w4_v2,OK,ms=1.219,tflops=10.79,gbps=28.4,maxabs=2.391e-02,p99=1.223e-02,rel=1.846e-04
MXFP4,BITSHIFT,U(-1,1),128,7168,7168,64x64x32_w4_v2,SKIP,opt only LUT path
MXFP4,LUT,U(-1,1),128,7168,7168,64x128x32_w4_v2,SKIP,BN/WARPS != 16
MXFP4,BITSHIFT,U(-1,1),128,7168,7168,64x128x32_w4_v2,SKIP,BN/WARPS != 16
MXFP4,LUT,U(-1,1),128,7168,7168,128x64x32_w4_v3,OK,ms=1.132,tflops=11.62,gbps=30.6,maxabs=2.391e-02,p99=1.223e-02,rel=1.846e-04
MXFP4,BITSHIFT,U(-1,1),128,7168,7168,128x64x32_w4_v3,SKIP,opt only LUT path
MXFP4,LUT,U(-1,1),128,7168,7168,128x128x32_w4_v3,SKIP,BN/WARPS != 16
MXFP4,BITSHIFT,U(-1,1),128,7168,7168,128x128x32_w4_v3,SKIP,BN/WARPS != 16
MXFP4,LUT,U(-1,1),128,7168,7168,128x256x32_w8_v3,SKIP,BN/WARPS != 16
MXFP4,BITSHIFT,U(-1,1),128,7168,7168,128x256x32_w8_v3,SKIP,BN/WARPS != 16
MXFP4,LUT,U(-1,1),128,7168,7168,64x64x32_w4_v3,OK,ms=0.820,tflops=16.03,gbps=42.2,maxabs=2.391e-02,p99=1.223e-02,rel=1.846e-04
MXFP4,BITSHIFT,U(-1,1),128,7168,7168,64x64x32_w4_v3,SKIP,opt only LUT path
MXFP4,LUT,U(-1,1),128,7168,7168,64x128x32_w4_v3,SKIP,BN/WARPS != 16
MXFP4,BITSHIFT,U(-1,1),128,7168,7168,64x128x32_w4_v3,SKIP,BN/WARPS != 16
MXFP4,LUT,U(-1,1),128,7168,7168,32x128x32_w4_v3_b1,SKIP,BN/WARPS != 16
MXFP4,BITSHIFT,U(-1,1),128,7168,7168,32x128x32_w4_v3_b1,SKIP,BN/WARPS != 16
MXFP4,LUT,U(-1,1),128,7168,7168,32x64x32_w4_v3_b1,OK,ms=0.935,tflops=14.07,gbps=37.1,maxabs=2.391e-02,p99=1.223e-02,rel=1.846e-04
MXFP4,BITSHIFT,U(-1,1),128,7168,7168,32x64x32_w4_v3_b1,SKIP,opt only LUT path
MXFP4,LUT,U(-1,1),128,7168,7168,32x256x32_w8_v3_b1,SKIP,BN/WARPS != 16
MXFP4,BITSHIFT,U(-1,1),128,7168,7168,32x256x32_w8_v3_b1,SKIP,BN/WARPS != 16
MXFP4,LUT,U(-1,1),128,7168,7168,128x128x32_w8_v3_b1alt,SKIP,no template
MXFP4,BITSHIFT,U(-1,1),128,7168,7168,128x128x32_w8_v3_b1alt,SKIP,opt only LUT path
MXFP4,LUT,U(-1,1),128,7168,7168,64x128x32_w8_v3_b1alt,SKIP,no template
MXFP4,BITSHIFT,U(-1,1),128,7168,7168,64x128x32_w8_v3_b1alt,SKIP,opt only LUT path
MXFP4,LUT,U(-1,1),128,7168,7168,128x64x32_w4_v4,OK,ms=1.123,tflops=11.71,gbps=30.8,maxabs=2.391e-02,p99=1.223e-02,rel=1.846e-04
MXFP4,BITSHIFT,U(-1,1),128,7168,7168,128x64x32_w4_v4,SKIP,opt only LUT path
MXFP4,LUT,U(-1,1),128,7168,7168,128x128x32_w4_v4,SKIP,BN/WARPS != 16
MXFP4,BITSHIFT,U(-1,1),128,7168,7168,128x128x32_w4_v4,SKIP,BN/WARPS != 16
MXFP4,LUT,U(-1,1),128,7168,7168,64x64x32_w4_v4,OK,ms=0.847,tflops=15.52,gbps=40.9,maxabs=2.391e-02,p99=1.223e-02,rel=1.846e-04
MXFP4,BITSHIFT,U(-1,1),128,7168,7168,64x64x32_w4_v4,SKIP,opt only LUT path
MXFP4,LUT,U(-1,1),128,7168,7168,64x128x32_w4_v4,SKIP,BN/WARPS != 16
MXFP4,BITSHIFT,U(-1,1),128,7168,7168,64x128x32_w4_v4,SKIP,BN/WARPS != 16
MXFP4,LUT,U(-1,1),128,7168,7168,128x64x32_w4_v5,OK,ms=1.127,tflops=11.67,gbps=30.7,maxabs=2.391e-02,p99=1.223e-02,rel=1.846e-04
MXFP4,BITSHIFT,U(-1,1),128,7168,7168,128x64x32_w4_v5,SKIP,opt only LUT path
MXFP4,LUT,U(-1,1),128,7168,7168,128x128x32_w4_v5,SKIP,BN/WARPS != 16
MXFP4,BITSHIFT,U(-1,1),128,7168,7168,128x128x32_w4_v5,SKIP,BN/WARPS != 16
MXFP4,LUT,U(-1,1),128,7168,7168,64x64x32_w4_v5,OK,ms=1.306,tflops=10.07,gbps=26.5,maxabs=2.391e-02,p99=1.223e-02,rel=1.846e-04
MXFP4,BITSHIFT,U(-1,1),128,7168,7168,64x64x32_w4_v5,SKIP,opt only LUT path
MXFP4,LUT,U(-1,1),128,7168,7168,64x128x32_w4_v5,SKIP,BN/WARPS != 16
MXFP4,BITSHIFT,U(-1,1),128,7168,7168,64x128x32_w4_v5,SKIP,BN/WARPS != 16
MXFP4,LUT,U(-1,1),128,7168,7168,128x128x64_w4_v6,SKIP,BN/WARPS != 16
MXFP4,BITSHIFT,U(-1,1),128,7168,7168,128x128x64_w4_v6,SKIP,BN/WARPS != 16
MXFP4,LUT,U(-1,1),128,7168,7168,128x64x64_w4_v6,SKIP,v6 only INT8 (A1 retry)
MXFP4,BITSHIFT,U(-1,1),128,7168,7168,128x64x64_w4_v6,SKIP,opt only LUT path
MXFP4,LUT,U(-1,1),128,7168,7168,64x128x64_w4_v6,SKIP,BN/WARPS != 16
MXFP4,BITSHIFT,U(-1,1),128,7168,7168,64x128x64_w4_v6,SKIP,BN/WARPS != 16
MXFP4,LUT,U(-1,1),128,7168,7168,64x64x64_w4_v6,SKIP,v6 only INT8 (A1 retry)
MXFP4,BITSHIFT,U(-1,1),128,7168,7168,64x64x64_w4_v6,SKIP,opt only LUT path
MXFP4,LUT,U(-1,1),256,7168,7168,16x64x32_w4,OK,ms=6.207,tflops=4.24,gbps=6.8,maxabs=2.392e-02,p99=1.214e-02,rel=1.847e-04
MXFP4,BITSHIFT,U(-1,1),256,7168,7168,16x64x32_w4,OK,ms=8.056,tflops=3.27,gbps=5.2,maxabs=2.391e-02,p99=1.215e-02,rel=1.847e-04
MXFP4,LUT,U(-1,1),256,7168,7168,16x128x32_w8,OK,ms=6.278,tflops=4.19,gbps=6.7,maxabs=2.392e-02,p99=1.214e-02,rel=1.847e-04
MXFP4,BITSHIFT,U(-1,1),256,7168,7168,16x128x32_w8,OK,ms=8.648,tflops=3.04,gbps=4.9,maxabs=2.391e-02,p99=1.215e-02,rel=1.847e-04
MXFP4,LUT,U(-1,1),256,7168,7168,16x128x32_w4f2,SKIP,BN/WARPS != 16
MXFP4,BITSHIFT,U(-1,1),256,7168,7168,16x128x32_w4f2,SKIP,BN/WARPS != 16
MXFP4,LUT,U(-1,1),256,7168,7168,16x256x32_w4f4,SKIP,BN/WARPS != 16
MXFP4,BITSHIFT,U(-1,1),256,7168,7168,16x256x32_w4f4,SKIP,BN/WARPS != 16
MXFP4,LUT,U(-1,1),256,7168,7168,128x64x32_w4_v1,SKIP,no template
MXFP4,BITSHIFT,U(-1,1),256,7168,7168,128x64x32_w4_v1,SKIP,opt only LUT path
MXFP4,LUT,U(-1,1),256,7168,7168,128x128x32_w4_v1,SKIP,BN/WARPS != 16
MXFP4,BITSHIFT,U(-1,1),256,7168,7168,128x128x32_w4_v1,SKIP,BN/WARPS != 16
MXFP4,LUT,U(-1,1),256,7168,7168,128x256x32_w4_v1,SKIP,BN/WARPS != 16
MXFP4,BITSHIFT,U(-1,1),256,7168,7168,128x256x32_w4_v1,SKIP,BN/WARPS != 16
MXFP4,LUT,U(-1,1),256,7168,7168,128x256x32_w8_v1,SKIP,BN/WARPS != 16
MXFP4,BITSHIFT,U(-1,1),256,7168,7168,128x256x32_w8_v1,SKIP,BN/WARPS != 16
MXFP4,LUT,U(-1,1),256,7168,7168,64x64x32_w4_v1,SKIP,no template
MXFP4,BITSHIFT,U(-1,1),256,7168,7168,64x64x32_w4_v1,SKIP,opt only LUT path
MXFP4,LUT,U(-1,1),256,7168,7168,64x128x32_w4_v1,SKIP,BN/WARPS != 16
MXFP4,BITSHIFT,U(-1,1),256,7168,7168,64x128x32_w4_v1,SKIP,BN/WARPS != 16
MXFP4,LUT,U(-1,1),256,7168,7168,128x64x32_w4_v2,OK,ms=1.699,tflops=15.49,gbps=24.7,maxabs=2.392e-02,p99=1.214e-02,rel=1.847e-04
MXFP4,BITSHIFT,U(-1,1),256,7168,7168,128x64x32_w4_v2,SKIP,opt only LUT path
MXFP4,LUT,U(-1,1),256,7168,7168,128x128x32_w4_v2,SKIP,BN/WARPS != 16
MXFP4,BITSHIFT,U(-1,1),256,7168,7168,128x128x32_w4_v2,SKIP,BN/WARPS != 16
MXFP4,LUT,U(-1,1),256,7168,7168,128x256x32_w4_v2,SKIP,BN/WARPS != 16
MXFP4,BITSHIFT,U(-1,1),256,7168,7168,128x256x32_w4_v2,SKIP,BN/WARPS != 16
MXFP4,LUT,U(-1,1),256,7168,7168,128x256x32_w8_v2,SKIP,BN/WARPS != 16
MXFP4,BITSHIFT,U(-1,1),256,7168,7168,128x256x32_w8_v2,SKIP,BN/WARPS != 16
MXFP4,LUT,U(-1,1),256,7168,7168,64x64x32_w4_v2,OK,ms=2.620,tflops=10.04,gbps=16.0,maxabs=2.392e-02,p99=1.214e-02,rel=1.847e-04
MXFP4,BITSHIFT,U(-1,1),256,7168,7168,64x64x32_w4_v2,SKIP,opt only LUT path
MXFP4,LUT,U(-1,1),256,7168,7168,64x128x32_w4_v2,SKIP,BN/WARPS != 16
MXFP4,BITSHIFT,U(-1,1),256,7168,7168,64x128x32_w4_v2,SKIP,BN/WARPS != 16
MXFP4,LUT,U(-1,1),256,7168,7168,128x64x32_w4_v3,OK,ms=1.347,tflops=19.52,gbps=31.2,maxabs=2.392e-02,p99=1.214e-02,rel=1.847e-04
MXFP4,BITSHIFT,U(-1,1),256,7168,7168,128x64x32_w4_v3,SKIP,opt only LUT path
MXFP4,LUT,U(-1,1),256,7168,7168,128x128x32_w4_v3,SKIP,BN/WARPS != 16
MXFP4,BITSHIFT,U(-1,1),256,7168,7168,128x128x32_w4_v3,SKIP,BN/WARPS != 16
MXFP4,LUT,U(-1,1),256,7168,7168,128x256x32_w8_v3,SKIP,BN/WARPS != 16
MXFP4,BITSHIFT,U(-1,1),256,7168,7168,128x256x32_w8_v3,SKIP,BN/WARPS != 16
MXFP4,LUT,U(-1,1),256,7168,7168,64x64x32_w4_v3,OK,ms=2.020,tflops=13.02,gbps=20.8,maxabs=2.392e-02,p99=1.214e-02,rel=1.847e-04
MXFP4,BITSHIFT,U(-1,1),256,7168,7168,64x64x32_w4_v3,SKIP,opt only LUT path
MXFP4,LUT,U(-1,1),256,7168,7168,64x128x32_w4_v3,SKIP,BN/WARPS != 16
MXFP4,BITSHIFT,U(-1,1),256,7168,7168,64x128x32_w4_v3,SKIP,BN/WARPS != 16
MXFP4,LUT,U(-1,1),256,7168,7168,32x128x32_w4_v3_b1,SKIP,BN/WARPS != 16
MXFP4,BITSHIFT,U(-1,1),256,7168,7168,32x128x32_w4_v3_b1,SKIP,BN/WARPS != 16
MXFP4,LUT,U(-1,1),256,7168,7168,32x64x32_w4_v3_b1,OK,ms=1.879,tflops=14.00,gbps=22.3,maxabs=2.392e-02,p99=1.214e-02,rel=1.847e-04
MXFP4,BITSHIFT,U(-1,1),256,7168,7168,32x64x32_w4_v3_b1,SKIP,opt only LUT path
MXFP4,LUT,U(-1,1),256,7168,7168,32x256x32_w8_v3_b1,SKIP,BN/WARPS != 16
MXFP4,BITSHIFT,U(-1,1),256,7168,7168,32x256x32_w8_v3_b1,SKIP,BN/WARPS != 16
MXFP4,LUT,U(-1,1),256,7168,7168,128x128x32_w8_v3_b1alt,SKIP,no template
MXFP4,BITSHIFT,U(-1,1),256,7168,7168,128x128x32_w8_v3_b1alt,SKIP,opt only LUT path
MXFP4,LUT,U(-1,1),256,7168,7168,64x128x32_w8_v3_b1alt,SKIP,no template
MXFP4,BITSHIFT,U(-1,1),256,7168,7168,64x128x32_w8_v3_b1alt,SKIP,opt only LUT path
MXFP4,LUT,U(-1,1),256,7168,7168,128x64x32_w4_v4,OK,ms=1.355,tflops=19.41,gbps=31.0,maxabs=2.392e-02,p99=1.214e-02,rel=1.847e-04
MXFP4,BITSHIFT,U(-1,1),256,7168,7168,128x64x32_w4_v4,SKIP,opt only LUT path
MXFP4,LUT,U(-1,1),256,7168,7168,128x128x32_w4_v4,SKIP,BN/WARPS != 16
MXFP4,BITSHIFT,U(-1,1),256,7168,7168,128x128x32_w4_v4,SKIP,BN/WARPS != 16
MXFP4,LUT,U(-1,1),256,7168,7168,64x64x32_w4_v4,OK,ms=1.909,tflops=13.78,gbps=22.0,maxabs=2.392e-02,p99=1.214e-02,rel=1.847e-04
MXFP4,BITSHIFT,U(-1,1),256,7168,7168,64x64x32_w4_v4,SKIP,opt only LUT path
MXFP4,LUT,U(-1,1),256,7168,7168,64x128x32_w4_v4,SKIP,BN/WARPS != 16
MXFP4,BITSHIFT,U(-1,1),256,7168,7168,64x128x32_w4_v4,SKIP,BN/WARPS != 16
MXFP4,LUT,U(-1,1),256,7168,7168,128x64x32_w4_v5,OK,ms=2.050,tflops=12.83,gbps=20.5,maxabs=2.392e-02,p99=1.214e-02,rel=1.847e-04
MXFP4,BITSHIFT,U(-1,1),256,7168,7168,128x64x32_w4_v5,SKIP,opt only LUT path
MXFP4,LUT,U(-1,1),256,7168,7168,128x128x32_w4_v5,SKIP,BN/WARPS != 16
MXFP4,BITSHIFT,U(-1,1),256,7168,7168,128x128x32_w4_v5,SKIP,BN/WARPS != 16
MXFP4,LUT,U(-1,1),256,7168,7168,64x64x32_w4_v5,OK,ms=2.144,tflops=12.27,gbps=19.6,maxabs=2.392e-02,p99=1.214e-02,rel=1.847e-04
MXFP4,BITSHIFT,U(-1,1),256,7168,7168,64x64x32_w4_v5,SKIP,opt only LUT path
MXFP4,LUT,U(-1,1),256,7168,7168,64x128x32_w4_v5,SKIP,BN/WARPS != 16
MXFP4,BITSHIFT,U(-1,1),256,7168,7168,64x128x32_w4_v5,SKIP,BN/WARPS != 16
MXFP4,LUT,U(-1,1),256,7168,7168,128x128x64_w4_v6,SKIP,BN/WARPS != 16
MXFP4,BITSHIFT,U(-1,1),256,7168,7168,128x128x64_w4_v6,SKIP,BN/WARPS != 16
MXFP4,LUT,U(-1,1),256,7168,7168,128x64x64_w4_v6,SKIP,v6 only INT8 (A1 retry)
MXFP4,BITSHIFT,U(-1,1),256,7168,7168,128x64x64_w4_v6,SKIP,opt only LUT path
MXFP4,LUT,U(-1,1),256,7168,7168,64x128x64_w4_v6,SKIP,BN/WARPS != 16
MXFP4,BITSHIFT,U(-1,1),256,7168,7168,64x128x64_w4_v6,SKIP,BN/WARPS != 16
MXFP4,LUT,U(-1,1),256,7168,7168,64x64x64_w4_v6,SKIP,v6 only INT8 (A1 retry)
MXFP4,BITSHIFT,U(-1,1),256,7168,7168,64x64x64_w4_v6,SKIP,opt only LUT path
MXFP4,LUT,U(-1,1),512,7168,7168,16x64x32_w4,OK,ms=10.931,tflops=4.81,gbps=5.2,maxabs=2.579e-02,p99=1.241e-02,rel=1.847e-04
MXFP4,BITSHIFT,U(-1,1),512,7168,7168,16x64x32_w4,OK,ms=16.128,tflops=3.26,gbps=3.5,maxabs=2.580e-02,p99=1.242e-02,rel=1.847e-04
MXFP4,LUT,U(-1,1),512,7168,7168,16x128x32_w8,OK,ms=12.529,tflops=4.20,gbps=4.5,maxabs=2.579e-02,p99=1.241e-02,rel=1.847e-04
MXFP4,BITSHIFT,U(-1,1),512,7168,7168,16x128x32_w8,OK,ms=17.343,tflops=3.03,gbps=3.3,maxabs=2.580e-02,p99=1.242e-02,rel=1.847e-04
MXFP4,LUT,U(-1,1),512,7168,7168,16x128x32_w4f2,SKIP,BN/WARPS != 16
MXFP4,BITSHIFT,U(-1,1),512,7168,7168,16x128x32_w4f2,SKIP,BN/WARPS != 16
MXFP4,LUT,U(-1,1),512,7168,7168,16x256x32_w4f4,SKIP,BN/WARPS != 16
MXFP4,BITSHIFT,U(-1,1),512,7168,7168,16x256x32_w4f4,SKIP,BN/WARPS != 16
MXFP4,LUT,U(-1,1),512,7168,7168,128x64x32_w4_v1,SKIP,no template
MXFP4,BITSHIFT,U(-1,1),512,7168,7168,128x64x32_w4_v1,SKIP,opt only LUT path
MXFP4,LUT,U(-1,1),512,7168,7168,128x128x32_w4_v1,SKIP,BN/WARPS != 16
MXFP4,BITSHIFT,U(-1,1),512,7168,7168,128x128x32_w4_v1,SKIP,BN/WARPS != 16
MXFP4,LUT,U(-1,1),512,7168,7168,128x256x32_w4_v1,SKIP,BN/WARPS != 16
MXFP4,BITSHIFT,U(-1,1),512,7168,7168,128x256x32_w4_v1,SKIP,BN/WARPS != 16
MXFP4,LUT,U(-1,1),512,7168,7168,128x256x32_w8_v1,SKIP,BN/WARPS != 16
MXFP4,BITSHIFT,U(-1,1),512,7168,7168,128x256x32_w8_v1,SKIP,BN/WARPS != 16
MXFP4,LUT,U(-1,1),512,7168,7168,64x64x32_w4_v1,SKIP,no template
MXFP4,BITSHIFT,U(-1,1),512,7168,7168,64x64x32_w4_v1,SKIP,opt only LUT path
MXFP4,LUT,U(-1,1),512,7168,7168,64x128x32_w4_v1,SKIP,BN/WARPS != 16
MXFP4,BITSHIFT,U(-1,1),512,7168,7168,64x128x32_w4_v1,SKIP,BN/WARPS != 16
MXFP4,LUT,U(-1,1),512,7168,7168,128x64x32_w4_v2,OK,ms=3.899,tflops=13.49,gbps=14.5,maxabs=2.579e-02,p99=1.241e-02,rel=1.847e-04
MXFP4,BITSHIFT,U(-1,1),512,7168,7168,128x64x32_w4_v2,SKIP,opt only LUT path
MXFP4,LUT,U(-1,1),512,7168,7168,128x128x32_w4_v2,SKIP,BN/WARPS != 16
MXFP4,BITSHIFT,U(-1,1),512,7168,7168,128x128x32_w4_v2,SKIP,BN/WARPS != 16
MXFP4,LUT,U(-1,1),512,7168,7168,128x256x32_w4_v2,SKIP,BN/WARPS != 16
MXFP4,BITSHIFT,U(-1,1),512,7168,7168,128x256x32_w4_v2,SKIP,BN/WARPS != 16
MXFP4,LUT,U(-1,1),512,7168,7168,128x256x32_w8_v2,SKIP,BN/WARPS != 16
MXFP4,BITSHIFT,U(-1,1),512,7168,7168,128x256x32_w8_v2,SKIP,BN/WARPS != 16
MXFP4,LUT,U(-1,1),512,7168,7168,64x64x32_w4_v2,OK,ms=4.376,tflops=12.02,gbps=12.9,maxabs=2.579e-02,p99=1.241e-02,rel=1.847e-04
MXFP4,BITSHIFT,U(-1,1),512,7168,7168,64x64x32_w4_v2,SKIP,opt only LUT path
MXFP4,LUT,U(-1,1),512,7168,7168,64x128x32_w4_v2,SKIP,BN/WARPS != 16
MXFP4,BITSHIFT,U(-1,1),512,7168,7168,64x128x32_w4_v2,SKIP,BN/WARPS != 16
MXFP4,LUT,U(-1,1),512,7168,7168,128x64x32_w4_v3,OK,ms=2.690,tflops=19.56,gbps=21.1,maxabs=2.579e-02,p99=1.241e-02,rel=1.847e-04
MXFP4,BITSHIFT,U(-1,1),512,7168,7168,128x64x32_w4_v3,SKIP,opt only LUT path
MXFP4,LUT,U(-1,1),512,7168,7168,128x128x32_w4_v3,SKIP,BN/WARPS != 16
MXFP4,BITSHIFT,U(-1,1),512,7168,7168,128x128x32_w4_v3,SKIP,BN/WARPS != 16
MXFP4,LUT,U(-1,1),512,7168,7168,128x256x32_w8_v3,SKIP,BN/WARPS != 16
MXFP4,BITSHIFT,U(-1,1),512,7168,7168,128x256x32_w8_v3,SKIP,BN/WARPS != 16
MXFP4,LUT,U(-1,1),512,7168,7168,64x64x32_w4_v3,OK,ms=3.005,tflops=17.51,gbps=18.9,maxabs=2.579e-02,p99=1.241e-02,rel=1.847e-04
MXFP4,BITSHIFT,U(-1,1),512,7168,7168,64x64x32_w4_v3,SKIP,opt only LUT path
MXFP4,LUT,U(-1,1),512,7168,7168,64x128x32_w4_v3,SKIP,BN/WARPS != 16
MXFP4,BITSHIFT,U(-1,1),512,7168,7168,64x128x32_w4_v3,SKIP,BN/WARPS != 16
MXFP4,LUT,U(-1,1),512,7168,7168,32x128x32_w4_v3_b1,SKIP,BN/WARPS != 16
MXFP4,BITSHIFT,U(-1,1),512,7168,7168,32x128x32_w4_v3_b1,SKIP,BN/WARPS != 16
MXFP4,LUT,U(-1,1),512,7168,7168,32x64x32_w4_v3_b1,OK,ms=3.746,tflops=14.04,gbps=15.1,maxabs=2.579e-02,p99=1.241e-02,rel=1.847e-04
MXFP4,BITSHIFT,U(-1,1),512,7168,7168,32x64x32_w4_v3_b1,SKIP,opt only LUT path
MXFP4,LUT,U(-1,1),512,7168,7168,32x256x32_w8_v3_b1,SKIP,BN/WARPS != 16
MXFP4,BITSHIFT,U(-1,1),512,7168,7168,32x256x32_w8_v3_b1,SKIP,BN/WARPS != 16
MXFP4,LUT,U(-1,1),512,7168,7168,128x128x32_w8_v3_b1alt,SKIP,no template
MXFP4,BITSHIFT,U(-1,1),512,7168,7168,128x128x32_w8_v3_b1alt,SKIP,opt only LUT path
MXFP4,LUT,U(-1,1),512,7168,7168,64x128x32_w8_v3_b1alt,SKIP,no template
MXFP4,BITSHIFT,U(-1,1),512,7168,7168,64x128x32_w8_v3_b1alt,SKIP,opt only LUT path
MXFP4,LUT,U(-1,1),512,7168,7168,128x64x32_w4_v4,OK,ms=2.706,tflops=19.44,gbps=20.9,maxabs=2.579e-02,p99=1.241e-02,rel=1.847e-04
MXFP4,BITSHIFT,U(-1,1),512,7168,7168,128x64x32_w4_v4,SKIP,opt only LUT path
MXFP4,LUT,U(-1,1),512,7168,7168,128x128x32_w4_v4,SKIP,BN/WARPS != 16
MXFP4,BITSHIFT,U(-1,1),512,7168,7168,128x128x32_w4_v4,SKIP,BN/WARPS != 16
MXFP4,LUT,U(-1,1),512,7168,7168,64x64x32_w4_v4,OK,ms=3.277,tflops=16.06,gbps=17.3,maxabs=2.579e-02,p99=1.241e-02,rel=1.847e-04
MXFP4,BITSHIFT,U(-1,1),512,7168,7168,64x64x32_w4_v4,SKIP,opt only LUT path
MXFP4,LUT,U(-1,1),512,7168,7168,64x128x32_w4_v4,SKIP,BN/WARPS != 16
MXFP4,BITSHIFT,U(-1,1),512,7168,7168,64x128x32_w4_v4,SKIP,BN/WARPS != 16
MXFP4,LUT,U(-1,1),512,7168,7168,128x64x32_w4_v5,OK,ms=3.442,tflops=15.28,gbps=16.5,maxabs=2.579e-02,p99=1.241e-02,rel=1.847e-04
MXFP4,BITSHIFT,U(-1,1),512,7168,7168,128x64x32_w4_v5,SKIP,opt only LUT path
MXFP4,LUT,U(-1,1),512,7168,7168,128x128x32_w4_v5,SKIP,BN/WARPS != 16
MXFP4,BITSHIFT,U(-1,1),512,7168,7168,128x128x32_w4_v5,SKIP,BN/WARPS != 16
MXFP4,LUT,U(-1,1),512,7168,7168,64x64x32_w4_v5,OK,ms=4.313,tflops=12.20,gbps=13.1,maxabs=2.579e-02,p99=1.241e-02,rel=1.847e-04
MXFP4,BITSHIFT,U(-1,1),512,7168,7168,64x64x32_w4_v5,SKIP,opt only LUT path
MXFP4,LUT,U(-1,1),512,7168,7168,64x128x32_w4_v5,SKIP,BN/WARPS != 16
MXFP4,BITSHIFT,U(-1,1),512,7168,7168,64x128x32_w4_v5,SKIP,BN/WARPS != 16
MXFP4,LUT,U(-1,1),512,7168,7168,128x128x64_w4_v6,SKIP,BN/WARPS != 16
MXFP4,BITSHIFT,U(-1,1),512,7168,7168,128x128x64_w4_v6,SKIP,BN/WARPS != 16
MXFP4,LUT,U(-1,1),512,7168,7168,128x64x64_w4_v6,SKIP,v6 only INT8 (A1 retry)
MXFP4,BITSHIFT,U(-1,1),512,7168,7168,128x64x64_w4_v6,SKIP,opt only LUT path
MXFP4,LUT,U(-1,1),512,7168,7168,64x128x64_w4_v6,SKIP,BN/WARPS != 16
MXFP4,BITSHIFT,U(-1,1),512,7168,7168,64x128x64_w4_v6,SKIP,BN/WARPS != 16
MXFP4,LUT,U(-1,1),512,7168,7168,64x64x64_w4_v6,SKIP,v6 only INT8 (A1 retry)
MXFP4,BITSHIFT,U(-1,1),512,7168,7168,64x64x64_w4_v6,SKIP,opt only LUT path
MXFP4,LUT,U(-1,1),1024,7168,7168,16x64x32_w4,OK,ms=21.851,tflops=4.82,gbps=3.9,maxabs=2.579e-02,p99=1.245e-02,rel=1.846e-04
MXFP4,BITSHIFT,U(-1,1),1024,7168,7168,16x64x32_w4,OK,ms=31.974,tflops=3.29,gbps=2.7,maxabs=2.580e-02,p99=1.245e-02,rel=1.846e-04
MXFP4,LUT,U(-1,1),1024,7168,7168,16x128x32_w8,OK,ms=25.119,tflops=4.19,gbps=3.4,maxabs=2.579e-02,p99=1.245e-02,rel=1.846e-04
MXFP4,BITSHIFT,U(-1,1),1024,7168,7168,16x128x32_w8,OK,ms=34.301,tflops=3.07,gbps=2.5,maxabs=2.580e-02,p99=1.245e-02,rel=1.846e-04
MXFP4,LUT,U(-1,1),1024,7168,7168,16x128x32_w4f2,SKIP,BN/WARPS != 16
MXFP4,BITSHIFT,U(-1,1),1024,7168,7168,16x128x32_w4f2,SKIP,BN/WARPS != 16
MXFP4,LUT,U(-1,1),1024,7168,7168,16x256x32_w4f4,SKIP,BN/WARPS != 16
MXFP4,BITSHIFT,U(-1,1),1024,7168,7168,16x256x32_w4f4,SKIP,BN/WARPS != 16
MXFP4,LUT,U(-1,1),1024,7168,7168,128x64x32_w4_v1,SKIP,no template
MXFP4,BITSHIFT,U(-1,1),1024,7168,7168,128x64x32_w4_v1,SKIP,opt only LUT path
MXFP4,LUT,U(-1,1),1024,7168,7168,128x128x32_w4_v1,SKIP,BN/WARPS != 16
MXFP4,BITSHIFT,U(-1,1),1024,7168,7168,128x128x32_w4_v1,SKIP,BN/WARPS != 16
MXFP4,LUT,U(-1,1),1024,7168,7168,128x256x32_w4_v1,SKIP,BN/WARPS != 16
MXFP4,BITSHIFT,U(-1,1),1024,7168,7168,128x256x32_w4_v1,SKIP,BN/WARPS != 16
MXFP4,LUT,U(-1,1),1024,7168,7168,128x256x32_w8_v1,SKIP,BN/WARPS != 16
MXFP4,BITSHIFT,U(-1,1),1024,7168,7168,128x256x32_w8_v1,SKIP,BN/WARPS != 16
MXFP4,LUT,U(-1,1),1024,7168,7168,64x64x32_w4_v1,SKIP,no template
MXFP4,BITSHIFT,U(-1,1),1024,7168,7168,64x64x32_w4_v1,SKIP,opt only LUT path
MXFP4,LUT,U(-1,1),1024,7168,7168,64x128x32_w4_v1,SKIP,BN/WARPS != 16
MXFP4,BITSHIFT,U(-1,1),1024,7168,7168,64x128x32_w4_v1,SKIP,BN/WARPS != 16
MXFP4,LUT,U(-1,1),1024,7168,7168,128x64x32_w4_v2,OK,ms=5.743,tflops=18.32,gbps=15.0,maxabs=2.579e-02,p99=1.245e-02,rel=1.846e-04
MXFP4,BITSHIFT,U(-1,1),1024,7168,7168,128x64x32_w4_v2,SKIP,opt only LUT path
MXFP4,LUT,U(-1,1),1024,7168,7168,128x128x32_w4_v2,SKIP,BN/WARPS != 16
MXFP4,BITSHIFT,U(-1,1),1024,7168,7168,128x128x32_w4_v2,SKIP,BN/WARPS != 16
MXFP4,LUT,U(-1,1),1024,7168,7168,128x256x32_w4_v2,SKIP,BN/WARPS != 16
MXFP4,BITSHIFT,U(-1,1),1024,7168,7168,128x256x32_w4_v2,SKIP,BN/WARPS != 16
MXFP4,LUT,U(-1,1),1024,7168,7168,128x256x32_w8_v2,SKIP,BN/WARPS != 16
MXFP4,BITSHIFT,U(-1,1),1024,7168,7168,128x256x32_w8_v2,SKIP,BN/WARPS != 16
MXFP4,LUT,U(-1,1),1024,7168,7168,64x64x32_w4_v2,OK,ms=7.389,tflops=14.24,gbps=11.6,maxabs=2.579e-02,p99=1.245e-02,rel=1.846e-04
MXFP4,BITSHIFT,U(-1,1),1024,7168,7168,64x64x32_w4_v2,SKIP,opt only LUT path
MXFP4,LUT,U(-1,1),1024,7168,7168,64x128x32_w4_v2,SKIP,BN/WARPS != 16
MXFP4,BITSHIFT,U(-1,1),1024,7168,7168,64x128x32_w4_v2,SKIP,BN/WARPS != 16
MXFP4,LUT,U(-1,1),1024,7168,7168,128x64x32_w4_v3,OK,ms=5.354,tflops=19.65,gbps=16.1,maxabs=2.579e-02,p99=1.245e-02,rel=1.846e-04
MXFP4,BITSHIFT,U(-1,1),1024,7168,7168,128x64x32_w4_v3,SKIP,opt only LUT path
MXFP4,LUT,U(-1,1),1024,7168,7168,128x128x32_w4_v3,SKIP,BN/WARPS != 16
MXFP4,BITSHIFT,U(-1,1),1024,7168,7168,128x128x32_w4_v3,SKIP,BN/WARPS != 16
MXFP4,LUT,U(-1,1),1024,7168,7168,128x256x32_w8_v3,SKIP,BN/WARPS != 16
MXFP4,BITSHIFT,U(-1,1),1024,7168,7168,128x256x32_w8_v3,SKIP,BN/WARPS != 16
MXFP4,LUT,U(-1,1),1024,7168,7168,64x64x32_w4_v3,OK,ms=5.998,tflops=17.54,gbps=14.3,maxabs=2.579e-02,p99=1.245e-02,rel=1.846e-04
MXFP4,BITSHIFT,U(-1,1),1024,7168,7168,64x64x32_w4_v3,SKIP,opt only LUT path
MXFP4,LUT,U(-1,1),1024,7168,7168,64x128x32_w4_v3,SKIP,BN/WARPS != 16
MXFP4,BITSHIFT,U(-1,1),1024,7168,7168,64x128x32_w4_v3,SKIP,BN/WARPS != 16
MXFP4,LUT,U(-1,1),1024,7168,7168,32x128x32_w4_v3_b1,SKIP,BN/WARPS != 16
MXFP4,BITSHIFT,U(-1,1),1024,7168,7168,32x128x32_w4_v3_b1,SKIP,BN/WARPS != 16
MXFP4,LUT,U(-1,1),1024,7168,7168,32x64x32_w4_v3_b1,OK,ms=7.268,tflops=14.48,gbps=11.8,maxabs=2.579e-02,p99=1.245e-02,rel=1.846e-04
MXFP4,BITSHIFT,U(-1,1),1024,7168,7168,32x64x32_w4_v3_b1,SKIP,opt only LUT path
MXFP4,LUT,U(-1,1),1024,7168,7168,32x256x32_w8_v3_b1,SKIP,BN/WARPS != 16
MXFP4,BITSHIFT,U(-1,1),1024,7168,7168,32x256x32_w8_v3_b1,SKIP,BN/WARPS != 16
MXFP4,LUT,U(-1,1),1024,7168,7168,128x128x32_w8_v3_b1alt,SKIP,no template
MXFP4,BITSHIFT,U(-1,1),1024,7168,7168,128x128x32_w8_v3_b1alt,SKIP,opt only LUT path
MXFP4,LUT,U(-1,1),1024,7168,7168,64x128x32_w8_v3_b1alt,SKIP,no template
MXFP4,BITSHIFT,U(-1,1),1024,7168,7168,64x128x32_w8_v3_b1alt,SKIP,opt only LUT path
MXFP4,LUT,U(-1,1),1024,7168,7168,128x64x32_w4_v4,OK,ms=5.389,tflops=19.53,gbps=16.0,maxabs=2.579e-02,p99=1.245e-02,rel=1.846e-04
MXFP4,BITSHIFT,U(-1,1),1024,7168,7168,128x64x32_w4_v4,SKIP,opt only LUT path
MXFP4,LUT,U(-1,1),1024,7168,7168,128x128x32_w4_v4,SKIP,BN/WARPS != 16
MXFP4,BITSHIFT,U(-1,1),1024,7168,7168,128x128x32_w4_v4,SKIP,BN/WARPS != 16
MXFP4,LUT,U(-1,1),1024,7168,7168,64x64x32_w4_v4,OK,ms=6.151,tflops=17.11,gbps=14.0,maxabs=2.579e-02,p99=1.245e-02,rel=1.846e-04
MXFP4,BITSHIFT,U(-1,1),1024,7168,7168,64x64x32_w4_v4,SKIP,opt only LUT path
MXFP4,LUT,U(-1,1),1024,7168,7168,64x128x32_w4_v4,SKIP,BN/WARPS != 16
MXFP4,BITSHIFT,U(-1,1),1024,7168,7168,64x128x32_w4_v4,SKIP,BN/WARPS != 16
MXFP4,LUT,U(-1,1),1024,7168,7168,128x64x32_w4_v5,OK,ms=7.044,tflops=14.94,gbps=12.2,maxabs=2.579e-02,p99=1.245e-02,rel=1.846e-04
MXFP4,BITSHIFT,U(-1,1),1024,7168,7168,128x64x32_w4_v5,SKIP,opt only LUT path
MXFP4,LUT,U(-1,1),1024,7168,7168,128x128x32_w4_v5,SKIP,BN/WARPS != 16
MXFP4,BITSHIFT,U(-1,1),1024,7168,7168,128x128x32_w4_v5,SKIP,BN/WARPS != 16
MXFP4,LUT,U(-1,1),1024,7168,7168,64x64x32_w4_v5,OK,ms=8.621,tflops=12.21,gbps=10.0,maxabs=2.579e-02,p99=1.245e-02,rel=1.846e-04
MXFP4,BITSHIFT,U(-1,1),1024,7168,7168,64x64x32_w4_v5,SKIP,opt only LUT path
MXFP4,LUT,U(-1,1),1024,7168,7168,64x128x32_w4_v5,SKIP,BN/WARPS != 16
MXFP4,BITSHIFT,U(-1,1),1024,7168,7168,64x128x32_w4_v5,SKIP,BN/WARPS != 16
MXFP4,LUT,U(-1,1),1024,7168,7168,128x128x64_w4_v6,SKIP,BN/WARPS != 16
MXFP4,BITSHIFT,U(-1,1),1024,7168,7168,128x128x64_w4_v6,SKIP,BN/WARPS != 16
MXFP4,LUT,U(-1,1),1024,7168,7168,128x64x64_w4_v6,SKIP,v6 only INT8 (A1 retry)
MXFP4,BITSHIFT,U(-1,1),1024,7168,7168,128x64x64_w4_v6,SKIP,opt only LUT path
MXFP4,LUT,U(-1,1),1024,7168,7168,64x128x64_w4_v6,SKIP,BN/WARPS != 16
MXFP4,BITSHIFT,U(-1,1),1024,7168,7168,64x128x64_w4_v6,SKIP,BN/WARPS != 16
MXFP4,LUT,U(-1,1),1024,7168,7168,64x64x64_w4_v6,SKIP,v6 only INT8 (A1 retry)
MXFP4,BITSHIFT,U(-1,1),1024,7168,7168,64x64x64_w4_v6,SKIP,opt only LUT path
MXFP4,LUT,U(-1,1),2048,7168,7168,16x64x32_w4,OK,ms=43.684,tflops=4.82,gbps=3.3,maxabs=2.631e-02,p99=1.225e-02,rel=1.846e-04
MXFP4,BITSHIFT,U(-1,1),2048,7168,7168,16x64x32_w4,OK,ms=61.717,tflops=3.41,gbps=2.3,maxabs=2.630e-02,p99=1.226e-02,rel=1.846e-04
MXFP4,LUT,U(-1,1),2048,7168,7168,16x128x32_w8,OK,ms=48.108,tflops=4.37,gbps=3.0,maxabs=2.631e-02,p99=1.225e-02,rel=1.846e-04
MXFP4,BITSHIFT,U(-1,1),2048,7168,7168,16x128x32_w8,OK,ms=66.132,tflops=3.18,gbps=2.2,maxabs=2.630e-02,p99=1.226e-02,rel=1.846e-04
MXFP4,LUT,U(-1,1),2048,7168,7168,16x128x32_w4f2,SKIP,BN/WARPS != 16
MXFP4,BITSHIFT,U(-1,1),2048,7168,7168,16x128x32_w4f2,SKIP,BN/WARPS != 16
MXFP4,LUT,U(-1,1),2048,7168,7168,16x256x32_w4f4,SKIP,BN/WARPS != 16
MXFP4,BITSHIFT,U(-1,1),2048,7168,7168,16x256x32_w4f4,SKIP,BN/WARPS != 16
MXFP4,LUT,U(-1,1),2048,7168,7168,128x64x32_w4_v1,SKIP,no template
MXFP4,BITSHIFT,U(-1,1),2048,7168,7168,128x64x32_w4_v1,SKIP,opt only LUT path
MXFP4,LUT,U(-1,1),2048,7168,7168,128x128x32_w4_v1,SKIP,BN/WARPS != 16
MXFP4,BITSHIFT,U(-1,1),2048,7168,7168,128x128x32_w4_v1,SKIP,BN/WARPS != 16
MXFP4,LUT,U(-1,1),2048,7168,7168,128x256x32_w4_v1,SKIP,BN/WARPS != 16
MXFP4,BITSHIFT,U(-1,1),2048,7168,7168,128x256x32_w4_v1,SKIP,BN/WARPS != 16
MXFP4,LUT,U(-1,1),2048,7168,7168,128x256x32_w8_v1,SKIP,BN/WARPS != 16
MXFP4,BITSHIFT,U(-1,1),2048,7168,7168,128x256x32_w8_v1,SKIP,BN/WARPS != 16
MXFP4,LUT,U(-1,1),2048,7168,7168,64x64x32_w4_v1,SKIP,no template
MXFP4,BITSHIFT,U(-1,1),2048,7168,7168,64x64x32_w4_v1,SKIP,opt only LUT path
MXFP4,LUT,U(-1,1),2048,7168,7168,64x128x32_w4_v1,SKIP,BN/WARPS != 16
MXFP4,BITSHIFT,U(-1,1),2048,7168,7168,64x128x32_w4_v1,SKIP,BN/WARPS != 16
MXFP4,LUT,U(-1,1),2048,7168,7168,128x64x32_w4_v2,OK,ms=11.501,tflops=18.30,gbps=12.6,maxabs=2.631e-02,p99=1.225e-02,rel=1.846e-04
MXFP4,BITSHIFT,U(-1,1),2048,7168,7168,128x64x32_w4_v2,SKIP,opt only LUT path
MXFP4,LUT,U(-1,1),2048,7168,7168,128x128x32_w4_v2,SKIP,BN/WARPS != 16
MXFP4,BITSHIFT,U(-1,1),2048,7168,7168,128x128x32_w4_v2,SKIP,BN/WARPS != 16
MXFP4,LUT,U(-1,1),2048,7168,7168,128x256x32_w4_v2,SKIP,BN/WARPS != 16
MXFP4,BITSHIFT,U(-1,1),2048,7168,7168,128x256x32_w4_v2,SKIP,BN/WARPS != 16
MXFP4,LUT,U(-1,1),2048,7168,7168,128x256x32_w8_v2,SKIP,BN/WARPS != 16
MXFP4,BITSHIFT,U(-1,1),2048,7168,7168,128x256x32_w8_v2,SKIP,BN/WARPS != 16
MXFP4,LUT,U(-1,1),2048,7168,7168,64x64x32_w4_v2,OK,ms=13.188,tflops=15.96,gbps=11.0,maxabs=2.631e-02,p99=1.225e-02,rel=1.846e-04
MXFP4,BITSHIFT,U(-1,1),2048,7168,7168,64x64x32_w4_v2,SKIP,opt only LUT path
MXFP4,LUT,U(-1,1),2048,7168,7168,64x128x32_w4_v2,SKIP,BN/WARPS != 16
MXFP4,BITSHIFT,U(-1,1),2048,7168,7168,64x128x32_w4_v2,SKIP,BN/WARPS != 16
MXFP4,LUT,U(-1,1),2048,7168,7168,128x64x32_w4_v3,OK,ms=10.674,tflops=19.72,gbps=13.6,maxabs=2.631e-02,p99=1.225e-02,rel=1.846e-04
MXFP4,BITSHIFT,U(-1,1),2048,7168,7168,128x64x32_w4_v3,SKIP,opt only LUT path
MXFP4,LUT,U(-1,1),2048,7168,7168,128x128x32_w4_v3,SKIP,BN/WARPS != 16
MXFP4,BITSHIFT,U(-1,1),2048,7168,7168,128x128x32_w4_v3,SKIP,BN/WARPS != 16
MXFP4,LUT,U(-1,1),2048,7168,7168,128x256x32_w8_v3,SKIP,BN/WARPS != 16
MXFP4,BITSHIFT,U(-1,1),2048,7168,7168,128x256x32_w8_v3,SKIP,BN/WARPS != 16
MXFP4,LUT,U(-1,1),2048,7168,7168,64x64x32_w4_v3,OK,ms=11.851,tflops=17.76,gbps=12.2,maxabs=2.631e-02,p99=1.225e-02,rel=1.846e-04
MXFP4,BITSHIFT,U(-1,1),2048,7168,7168,64x64x32_w4_v3,SKIP,opt only LUT path
MXFP4,LUT,U(-1,1),2048,7168,7168,64x128x32_w4_v3,SKIP,BN/WARPS != 16
MXFP4,BITSHIFT,U(-1,1),2048,7168,7168,64x128x32_w4_v3,SKIP,BN/WARPS != 16
MXFP4,LUT,U(-1,1),2048,7168,7168,32x128x32_w4_v3_b1,SKIP,BN/WARPS != 16
MXFP4,BITSHIFT,U(-1,1),2048,7168,7168,32x128x32_w4_v3_b1,SKIP,BN/WARPS != 16
MXFP4,LUT,U(-1,1),2048,7168,7168,32x64x32_w4_v3_b1,OK,ms=14.000,tflops=15.03,gbps=10.3,maxabs=2.631e-02,p99=1.225e-02,rel=1.846e-04
MXFP4,BITSHIFT,U(-1,1),2048,7168,7168,32x64x32_w4_v3_b1,SKIP,opt only LUT path
MXFP4,LUT,U(-1,1),2048,7168,7168,32x256x32_w8_v3_b1,SKIP,BN/WARPS != 16
MXFP4,BITSHIFT,U(-1,1),2048,7168,7168,32x256x32_w8_v3_b1,SKIP,BN/WARPS != 16
MXFP4,LUT,U(-1,1),2048,7168,7168,128x128x32_w8_v3_b1alt,SKIP,no template
MXFP4,BITSHIFT,U(-1,1),2048,7168,7168,128x128x32_w8_v3_b1alt,SKIP,opt only LUT path
MXFP4,LUT,U(-1,1),2048,7168,7168,64x128x32_w8_v3_b1alt,SKIP,no template
MXFP4,BITSHIFT,U(-1,1),2048,7168,7168,64x128x32_w8_v3_b1alt,SKIP,opt only LUT path
MXFP4,LUT,U(-1,1),2048,7168,7168,128x64x32_w4_v4,OK,ms=10.741,tflops=19.59,gbps=13.5,maxabs=2.631e-02,p99=1.225e-02,rel=1.846e-04
MXFP4,BITSHIFT,U(-1,1),2048,7168,7168,128x64x32_w4_v4,SKIP,opt only LUT path
MXFP4,LUT,U(-1,1),2048,7168,7168,128x128x32_w4_v4,SKIP,BN/WARPS != 16
MXFP4,BITSHIFT,U(-1,1),2048,7168,7168,128x128x32_w4_v4,SKIP,BN/WARPS != 16
MXFP4,LUT,U(-1,1),2048,7168,7168,64x64x32_w4_v4,OK,ms=11.045,tflops=19.05,gbps=13.1,maxabs=2.631e-02,p99=1.225e-02,rel=1.846e-04
MXFP4,BITSHIFT,U(-1,1),2048,7168,7168,64x64x32_w4_v4,SKIP,opt only LUT path
MXFP4,LUT,U(-1,1),2048,7168,7168,64x128x32_w4_v4,SKIP,BN/WARPS != 16
MXFP4,BITSHIFT,U(-1,1),2048,7168,7168,64x128x32_w4_v4,SKIP,BN/WARPS != 16
MXFP4,LUT,U(-1,1),2048,7168,7168,128x64x32_w4_v5,OK,ms=13.937,tflops=15.10,gbps=10.4,maxabs=2.631e-02,p99=1.225e-02,rel=1.846e-04
MXFP4,BITSHIFT,U(-1,1),2048,7168,7168,128x64x32_w4_v5,SKIP,opt only LUT path
MXFP4,LUT,U(-1,1),2048,7168,7168,128x128x32_w4_v5,SKIP,BN/WARPS != 16
MXFP4,BITSHIFT,U(-1,1),2048,7168,7168,128x128x32_w4_v5,SKIP,BN/WARPS != 16
MXFP4,LUT,U(-1,1),2048,7168,7168,64x64x32_w4_v5,OK,ms=16.834,tflops=12.50,gbps=8.6,maxabs=2.631e-02,p99=1.225e-02,rel=1.846e-04
MXFP4,BITSHIFT,U(-1,1),2048,7168,7168,64x64x32_w4_v5,SKIP,opt only LUT path
MXFP4,LUT,U(-1,1),2048,7168,7168,64x128x32_w4_v5,SKIP,BN/WARPS != 16
MXFP4,BITSHIFT,U(-1,1),2048,7168,7168,64x128x32_w4_v5,SKIP,BN/WARPS != 16
MXFP4,LUT,U(-1,1),2048,7168,7168,128x128x64_w4_v6,SKIP,BN/WARPS != 16
MXFP4,BITSHIFT,U(-1,1),2048,7168,7168,128x128x64_w4_v6,SKIP,BN/WARPS != 16
MXFP4,LUT,U(-1,1),2048,7168,7168,128x64x64_w4_v6,SKIP,v6 only INT8 (A1 retry)
MXFP4,BITSHIFT,U(-1,1),2048,7168,7168,128x64x64_w4_v6,SKIP,opt only LUT path
MXFP4,LUT,U(-1,1),2048,7168,7168,64x128x64_w4_v6,SKIP,BN/WARPS != 16
MXFP4,BITSHIFT,U(-1,1),2048,7168,7168,64x128x64_w4_v6,SKIP,BN/WARPS != 16
MXFP4,LUT,U(-1,1),2048,7168,7168,64x64x64_w4_v6,SKIP,v6 only INT8 (A1 retry)
MXFP4,BITSHIFT,U(-1,1),2048,7168,7168,64x64x64_w4_v6,SKIP,opt only LUT path
F8_E4M3_B128,LUT,U(-1,1),1,4096,4096,16x64x32_w4,OK,ms=1.229,tflops=0.03,gbps=13.8,maxabs=1.289e-02,p99=9.838e-03,rel=1.839e-04
F8_E4M3_B128,BITSHIFT,U(-1,1),1,4096,4096,16x64x32_w4,OK,ms=1.262,tflops=0.03,gbps=13.4,maxabs=1.288e-02,p99=9.842e-03,rel=1.839e-04
F8_E4M3_B128,LUT,U(-1,1),1,4096,4096,16x128x32_w8,OK,ms=1.251,tflops=0.03,gbps=13.5,maxabs=1.289e-02,p99=9.838e-03,rel=1.839e-04
F8_E4M3_B128,BITSHIFT,U(-1,1),1,4096,4096,16x128x32_w8,OK,ms=1.365,tflops=0.02,gbps=12.4,maxabs=1.288e-02,p99=9.842e-03,rel=1.839e-04
F8_E4M3_B128,LUT,U(-1,1),1,4096,4096,16x128x32_w4f2,SKIP,BN/WARPS != 16
F8_E4M3_B128,BITSHIFT,U(-1,1),1,4096,4096,16x128x32_w4f2,SKIP,BN/WARPS != 16
F8_E4M3_B128,LUT,U(-1,1),1,4096,4096,16x256x32_w4f4,SKIP,BN/WARPS != 16
F8_E4M3_B128,BITSHIFT,U(-1,1),1,4096,4096,16x256x32_w4f4,SKIP,BN/WARPS != 16
F8_E4M3_B128,LUT,U(-1,1),1,4096,4096,128x64x32_w4_v1,SKIP,no template
F8_E4M3_B128,BITSHIFT,U(-1,1),1,4096,4096,128x64x32_w4_v1,SKIP,opt only LUT path
F8_E4M3_B128,LUT,U(-1,1),1,4096,4096,128x128x32_w4_v1,SKIP,BN/WARPS != 16
F8_E4M3_B128,BITSHIFT,U(-1,1),1,4096,4096,128x128x32_w4_v1,SKIP,BN/WARPS != 16
F8_E4M3_B128,LUT,U(-1,1),1,4096,4096,128x256x32_w4_v1,SKIP,BN/WARPS != 16
F8_E4M3_B128,BITSHIFT,U(-1,1),1,4096,4096,128x256x32_w4_v1,SKIP,BN/WARPS != 16
F8_E4M3_B128,LUT,U(-1,1),1,4096,4096,128x256x32_w8_v1,SKIP,BN/WARPS != 16
F8_E4M3_B128,BITSHIFT,U(-1,1),1,4096,4096,128x256x32_w8_v1,SKIP,BN/WARPS != 16
F8_E4M3_B128,LUT,U(-1,1),1,4096,4096,64x64x32_w4_v1,SKIP,no template
F8_E4M3_B128,BITSHIFT,U(-1,1),1,4096,4096,64x64x32_w4_v1,SKIP,opt only LUT path
F8_E4M3_B128,LUT,U(-1,1),1,4096,4096,64x128x32_w4_v1,SKIP,BN/WARPS != 16
F8_E4M3_B128,BITSHIFT,U(-1,1),1,4096,4096,64x128x32_w4_v1,SKIP,BN/WARPS != 16
F8_E4M3_B128,LUT,U(-1,1),1,4096,4096,128x64x32_w4_v2,OK,ms=1.362,tflops=0.02,gbps=12.4,maxabs=1.289e-02,p99=9.838e-03,rel=1.839e-04
F8_E4M3_B128,BITSHIFT,U(-1,1),1,4096,4096,128x64x32_w4_v2,SKIP,opt only LUT path
F8_E4M3_B128,LUT,U(-1,1),1,4096,4096,128x128x32_w4_v2,SKIP,BN/WARPS != 16
F8_E4M3_B128,BITSHIFT,U(-1,1),1,4096,4096,128x128x32_w4_v2,SKIP,BN/WARPS != 16
F8_E4M3_B128,LUT,U(-1,1),1,4096,4096,128x256x32_w4_v2,SKIP,BN/WARPS != 16
F8_E4M3_B128,BITSHIFT,U(-1,1),1,4096,4096,128x256x32_w4_v2,SKIP,BN/WARPS != 16
F8_E4M3_B128,LUT,U(-1,1),1,4096,4096,128x256x32_w8_v2,SKIP,BN/WARPS != 16
F8_E4M3_B128,BITSHIFT,U(-1,1),1,4096,4096,128x256x32_w8_v2,SKIP,BN/WARPS != 16
F8_E4M3_B128,LUT,U(-1,1),1,4096,4096,64x64x32_w4_v2,OK,ms=1.261,tflops=0.03,gbps=13.4,maxabs=1.289e-02,p99=9.838e-03,rel=1.839e-04
F8_E4M3_B128,BITSHIFT,U(-1,1),1,4096,4096,64x64x32_w4_v2,SKIP,opt only LUT path
F8_E4M3_B128,LUT,U(-1,1),1,4096,4096,64x128x32_w4_v2,SKIP,BN/WARPS != 16
F8_E4M3_B128,BITSHIFT,U(-1,1),1,4096,4096,64x128x32_w4_v2,SKIP,BN/WARPS != 16
F8_E4M3_B128,LUT,U(-1,1),1,4096,4096,128x64x32_w4_v3,OK,ms=0.814,tflops=0.04,gbps=20.8,maxabs=1.289e-02,p99=9.838e-03,rel=1.839e-04
F8_E4M3_B128,BITSHIFT,U(-1,1),1,4096,4096,128x64x32_w4_v3,SKIP,opt only LUT path
F8_E4M3_B128,LUT,U(-1,1),1,4096,4096,128x128x32_w4_v3,SKIP,BN/WARPS != 16
F8_E4M3_B128,BITSHIFT,U(-1,1),1,4096,4096,128x128x32_w4_v3,SKIP,BN/WARPS != 16
F8_E4M3_B128,LUT,U(-1,1),1,4096,4096,128x256x32_w8_v3,SKIP,BN/WARPS != 16
F8_E4M3_B128,BITSHIFT,U(-1,1),1,4096,4096,128x256x32_w8_v3,SKIP,BN/WARPS != 16
F8_E4M3_B128,LUT,U(-1,1),1,4096,4096,64x64x32_w4_v3,OK,ms=0.679,tflops=0.05,gbps=25.0,maxabs=1.289e-02,p99=9.838e-03,rel=1.839e-04
F8_E4M3_B128,BITSHIFT,U(-1,1),1,4096,4096,64x64x32_w4_v3,SKIP,opt only LUT path
F8_E4M3_B128,LUT,U(-1,1),1,4096,4096,64x128x32_w4_v3,SKIP,BN/WARPS != 16
F8_E4M3_B128,BITSHIFT,U(-1,1),1,4096,4096,64x128x32_w4_v3,SKIP,BN/WARPS != 16
F8_E4M3_B128,LUT,U(-1,1),1,4096,4096,32x128x32_w4_v3_b1,SKIP,BN/WARPS != 16
F8_E4M3_B128,BITSHIFT,U(-1,1),1,4096,4096,32x128x32_w4_v3_b1,SKIP,BN/WARPS != 16
F8_E4M3_B128,LUT,U(-1,1),1,4096,4096,32x64x32_w4_v3_b1,OK,ms=0.616,tflops=0.05,gbps=27.5,maxabs=1.289e-02,p99=9.838e-03,rel=1.839e-04
F8_E4M3_B128,BITSHIFT,U(-1,1),1,4096,4096,32x64x32_w4_v3_b1,SKIP,opt only LUT path
F8_E4M3_B128,LUT,U(-1,1),1,4096,4096,32x256x32_w8_v3_b1,SKIP,BN/WARPS != 16
F8_E4M3_B128,BITSHIFT,U(-1,1),1,4096,4096,32x256x32_w8_v3_b1,SKIP,BN/WARPS != 16
F8_E4M3_B128,LUT,U(-1,1),1,4096,4096,128x128x32_w8_v3_b1alt,SKIP,no template
F8_E4M3_B128,BITSHIFT,U(-1,1),1,4096,4096,128x128x32_w8_v3_b1alt,SKIP,opt only LUT path
F8_E4M3_B128,LUT,U(-1,1),1,4096,4096,64x128x32_w8_v3_b1alt,SKIP,no template
F8_E4M3_B128,BITSHIFT,U(-1,1),1,4096,4096,64x128x32_w8_v3_b1alt,SKIP,opt only LUT path
F8_E4M3_B128,LUT,U(-1,1),1,4096,4096,128x64x32_w4_v4,OK,ms=0.825,tflops=0.04,gbps=20.5,maxabs=1.289e-02,p99=9.838e-03,rel=1.839e-04
F8_E4M3_B128,BITSHIFT,U(-1,1),1,4096,4096,128x64x32_w4_v4,SKIP,opt only LUT path
F8_E4M3_B128,LUT,U(-1,1),1,4096,4096,128x128x32_w4_v4,SKIP,BN/WARPS != 16
F8_E4M3_B128,BITSHIFT,U(-1,1),1,4096,4096,128x128x32_w4_v4,SKIP,BN/WARPS != 16
F8_E4M3_B128,LUT,U(-1,1),1,4096,4096,64x64x32_w4_v4,OK,ms=0.677,tflops=0.05,gbps=25.0,maxabs=1.289e-02,p99=9.838e-03,rel=1.839e-04
F8_E4M3_B128,BITSHIFT,U(-1,1),1,4096,4096,64x64x32_w4_v4,SKIP,opt only LUT path
F8_E4M3_B128,LUT,U(-1,1),1,4096,4096,64x128x32_w4_v4,SKIP,BN/WARPS != 16
F8_E4M3_B128,BITSHIFT,U(-1,1),1,4096,4096,64x128x32_w4_v4,SKIP,BN/WARPS != 16
F8_E4M3_B128,LUT,U(-1,1),1,4096,4096,128x64x32_w4_v5,OK,ms=0.829,tflops=0.04,gbps=20.4,maxabs=1.289e-02,p99=9.838e-03,rel=1.839e-04
F8_E4M3_B128,BITSHIFT,U(-1,1),1,4096,4096,128x64x32_w4_v5,SKIP,opt only LUT path
F8_E4M3_B128,LUT,U(-1,1),1,4096,4096,128x128x32_w4_v5,SKIP,BN/WARPS != 16
F8_E4M3_B128,BITSHIFT,U(-1,1),1,4096,4096,128x128x32_w4_v5,SKIP,BN/WARPS != 16
F8_E4M3_B128,LUT,U(-1,1),1,4096,4096,64x64x32_w4_v5,OK,ms=0.677,tflops=0.05,gbps=25.0,maxabs=1.289e-02,p99=9.838e-03,rel=1.839e-04
F8_E4M3_B128,BITSHIFT,U(-1,1),1,4096,4096,64x64x32_w4_v5,SKIP,opt only LUT path
F8_E4M3_B128,LUT,U(-1,1),1,4096,4096,64x128x32_w4_v5,SKIP,BN/WARPS != 16
F8_E4M3_B128,BITSHIFT,U(-1,1),1,4096,4096,64x128x32_w4_v5,SKIP,BN/WARPS != 16
F8_E4M3_B128,LUT,U(-1,1),1,4096,4096,128x128x64_w4_v6,SKIP,BN/WARPS != 16
F8_E4M3_B128,BITSHIFT,U(-1,1),1,4096,4096,128x128x64_w4_v6,SKIP,BN/WARPS != 16
F8_E4M3_B128,LUT,U(-1,1),1,4096,4096,128x64x64_w4_v6,SKIP,v6 only INT8 (A1 retry)
F8_E4M3_B128,BITSHIFT,U(-1,1),1,4096,4096,128x64x64_w4_v6,SKIP,opt only LUT path
F8_E4M3_B128,LUT,U(-1,1),1,4096,4096,64x128x64_w4_v6,SKIP,BN/WARPS != 16
F8_E4M3_B128,BITSHIFT,U(-1,1),1,4096,4096,64x128x64_w4_v6,SKIP,BN/WARPS != 16
F8_E4M3_B128,LUT,U(-1,1),1,4096,4096,64x64x64_w4_v6,SKIP,v6 only INT8 (A1 retry)
F8_E4M3_B128,BITSHIFT,U(-1,1),1,4096,4096,64x64x64_w4_v6,SKIP,opt only LUT path
F8_E4M3_B128,LUT,U(-1,1),16,4096,4096,16x64x32_w4,OK,ms=1.205,tflops=0.45,gbps=14.5,maxabs=1.610e-02,p99=1.000e-02,rel=1.857e-04
F8_E4M3_B128,BITSHIFT,U(-1,1),16,4096,4096,16x64x32_w4,OK,ms=1.298,tflops=0.41,gbps=13.4,maxabs=1.610e-02,p99=1.001e-02,rel=1.857e-04
F8_E4M3_B128,LUT,U(-1,1),16,4096,4096,16x128x32_w8,OK,ms=1.290,tflops=0.42,gbps=13.5,maxabs=1.610e-02,p99=1.000e-02,rel=1.857e-04
F8_E4M3_B128,BITSHIFT,U(-1,1),16,4096,4096,16x128x32_w8,OK,ms=1.472,tflops=0.36,gbps=11.8,maxabs=1.610e-02,p99=1.001e-02,rel=1.857e-04
F8_E4M3_B128,LUT,U(-1,1),16,4096,4096,16x128x32_w4f2,SKIP,BN/WARPS != 16
F8_E4M3_B128,BITSHIFT,U(-1,1),16,4096,4096,16x128x32_w4f2,SKIP,BN/WARPS != 16
F8_E4M3_B128,LUT,U(-1,1),16,4096,4096,16x256x32_w4f4,SKIP,BN/WARPS != 16
F8_E4M3_B128,BITSHIFT,U(-1,1),16,4096,4096,16x256x32_w4f4,SKIP,BN/WARPS != 16
F8_E4M3_B128,LUT,U(-1,1),16,4096,4096,128x64x32_w4_v1,SKIP,no template
F8_E4M3_B128,BITSHIFT,U(-1,1),16,4096,4096,128x64x32_w4_v1,SKIP,opt only LUT path
F8_E4M3_B128,LUT,U(-1,1),16,4096,4096,128x128x32_w4_v1,SKIP,BN/WARPS != 16
F8_E4M3_B128,BITSHIFT,U(-1,1),16,4096,4096,128x128x32_w4_v1,SKIP,BN/WARPS != 16
F8_E4M3_B128,LUT,U(-1,1),16,4096,4096,128x256x32_w4_v1,SKIP,BN/WARPS != 16
F8_E4M3_B128,BITSHIFT,U(-1,1),16,4096,4096,128x256x32_w4_v1,SKIP,BN/WARPS != 16
F8_E4M3_B128,LUT,U(-1,1),16,4096,4096,128x256x32_w8_v1,SKIP,BN/WARPS != 16
F8_E4M3_B128,BITSHIFT,U(-1,1),16,4096,4096,128x256x32_w8_v1,SKIP,BN/WARPS != 16
F8_E4M3_B128,LUT,U(-1,1),16,4096,4096,64x64x32_w4_v1,SKIP,no template
F8_E4M3_B128,BITSHIFT,U(-1,1),16,4096,4096,64x64x32_w4_v1,SKIP,opt only LUT path
F8_E4M3_B128,LUT,U(-1,1),16,4096,4096,64x128x32_w4_v1,SKIP,BN/WARPS != 16
F8_E4M3_B128,BITSHIFT,U(-1,1),16,4096,4096,64x128x32_w4_v1,SKIP,BN/WARPS != 16
F8_E4M3_B128,LUT,U(-1,1),16,4096,4096,128x64x32_w4_v2,OK,ms=1.378,tflops=0.39,gbps=12.6,maxabs=1.610e-02,p99=1.000e-02,rel=1.857e-04
F8_E4M3_B128,BITSHIFT,U(-1,1),16,4096,4096,128x64x32_w4_v2,SKIP,opt only LUT path
F8_E4M3_B128,LUT,U(-1,1),16,4096,4096,128x128x32_w4_v2,SKIP,BN/WARPS != 16
F8_E4M3_B128,BITSHIFT,U(-1,1),16,4096,4096,128x128x32_w4_v2,SKIP,BN/WARPS != 16
F8_E4M3_B128,LUT,U(-1,1),16,4096,4096,128x256x32_w4_v2,SKIP,BN/WARPS != 16
F8_E4M3_B128,BITSHIFT,U(-1,1),16,4096,4096,128x256x32_w4_v2,SKIP,BN/WARPS != 16
F8_E4M3_B128,LUT,U(-1,1),16,4096,4096,128x256x32_w8_v2,SKIP,BN/WARPS != 16
F8_E4M3_B128,BITSHIFT,U(-1,1),16,4096,4096,128x256x32_w8_v2,SKIP,BN/WARPS != 16
F8_E4M3_B128,LUT,U(-1,1),16,4096,4096,64x64x32_w4_v2,OK,ms=1.277,tflops=0.42,gbps=13.7,maxabs=1.610e-02,p99=1.000e-02,rel=1.857e-04
F8_E4M3_B128,BITSHIFT,U(-1,1),16,4096,4096,64x64x32_w4_v2,SKIP,opt only LUT path
F8_E4M3_B128,LUT,U(-1,1),16,4096,4096,64x128x32_w4_v2,SKIP,BN/WARPS != 16
F8_E4M3_B128,BITSHIFT,U(-1,1),16,4096,4096,64x128x32_w4_v2,SKIP,BN/WARPS != 16
F8_E4M3_B128,LUT,U(-1,1),16,4096,4096,128x64x32_w4_v3,OK,ms=0.827,tflops=0.65,gbps=21.1,maxabs=1.610e-02,p99=1.000e-02,rel=1.857e-04
F8_E4M3_B128,BITSHIFT,U(-1,1),16,4096,4096,128x64x32_w4_v3,SKIP,opt only LUT path
F8_E4M3_B128,LUT,U(-1,1),16,4096,4096,128x128x32_w4_v3,SKIP,BN/WARPS != 16
F8_E4M3_B128,BITSHIFT,U(-1,1),16,4096,4096,128x128x32_w4_v3,SKIP,BN/WARPS != 16
F8_E4M3_B128,LUT,U(-1,1),16,4096,4096,128x256x32_w8_v3,SKIP,BN/WARPS != 16
F8_E4M3_B128,BITSHIFT,U(-1,1),16,4096,4096,128x256x32_w8_v3,SKIP,BN/WARPS != 16
F8_E4M3_B128,LUT,U(-1,1),16,4096,4096,64x64x32_w4_v3,OK,ms=0.695,tflops=0.77,gbps=25.1,maxabs=1.610e-02,p99=1.000e-02,rel=1.857e-04
F8_E4M3_B128,BITSHIFT,U(-1,1),16,4096,4096,64x64x32_w4_v3,SKIP,opt only LUT path
F8_E4M3_B128,LUT,U(-1,1),16,4096,4096,64x128x32_w4_v3,SKIP,BN/WARPS != 16
F8_E4M3_B128,BITSHIFT,U(-1,1),16,4096,4096,64x128x32_w4_v3,SKIP,BN/WARPS != 16
F8_E4M3_B128,LUT,U(-1,1),16,4096,4096,32x128x32_w4_v3_b1,SKIP,BN/WARPS != 16
F8_E4M3_B128,BITSHIFT,U(-1,1),16,4096,4096,32x128x32_w4_v3_b1,SKIP,BN/WARPS != 16
F8_E4M3_B128,LUT,U(-1,1),16,4096,4096,32x64x32_w4_v3_b1,OK,ms=0.637,tflops=0.84,gbps=27.4,maxabs=1.610e-02,p99=1.000e-02,rel=1.857e-04
F8_E4M3_B128,BITSHIFT,U(-1,1),16,4096,4096,32x64x32_w4_v3_b1,SKIP,opt only LUT path
F8_E4M3_B128,LUT,U(-1,1),16,4096,4096,32x256x32_w8_v3_b1,SKIP,BN/WARPS != 16
F8_E4M3_B128,BITSHIFT,U(-1,1),16,4096,4096,32x256x32_w8_v3_b1,SKIP,BN/WARPS != 16
F8_E4M3_B128,LUT,U(-1,1),16,4096,4096,128x128x32_w8_v3_b1alt,SKIP,no template
F8_E4M3_B128,BITSHIFT,U(-1,1),16,4096,4096,128x128x32_w8_v3_b1alt,SKIP,opt only LUT path
F8_E4M3_B128,LUT,U(-1,1),16,4096,4096,64x128x32_w8_v3_b1alt,SKIP,no template
F8_E4M3_B128,BITSHIFT,U(-1,1),16,4096,4096,64x128x32_w8_v3_b1alt,SKIP,opt only LUT path
F8_E4M3_B128,LUT,U(-1,1),16,4096,4096,128x64x32_w4_v4,OK,ms=0.837,tflops=0.64,gbps=20.8,maxabs=1.610e-02,p99=1.000e-02,rel=1.857e-04
F8_E4M3_B128,BITSHIFT,U(-1,1),16,4096,4096,128x64x32_w4_v4,SKIP,opt only LUT path
F8_E4M3_B128,LUT,U(-1,1),16,4096,4096,128x128x32_w4_v4,SKIP,BN/WARPS != 16
F8_E4M3_B128,BITSHIFT,U(-1,1),16,4096,4096,128x128x32_w4_v4,SKIP,BN/WARPS != 16
F8_E4M3_B128,LUT,U(-1,1),16,4096,4096,64x64x32_w4_v4,OK,ms=0.704,tflops=0.76,gbps=24.8,maxabs=1.610e-02,p99=1.000e-02,rel=1.857e-04
F8_E4M3_B128,BITSHIFT,U(-1,1),16,4096,4096,64x64x32_w4_v4,SKIP,opt only LUT path
F8_E4M3_B128,LUT,U(-1,1),16,4096,4096,64x128x32_w4_v4,SKIP,BN/WARPS != 16
F8_E4M3_B128,BITSHIFT,U(-1,1),16,4096,4096,64x128x32_w4_v4,SKIP,BN/WARPS != 16
F8_E4M3_B128,LUT,U(-1,1),16,4096,4096,128x64x32_w4_v5,OK,ms=0.835,tflops=0.64,gbps=20.9,maxabs=1.610e-02,p99=1.000e-02,rel=1.857e-04
F8_E4M3_B128,BITSHIFT,U(-1,1),16,4096,4096,128x64x32_w4_v5,SKIP,opt only LUT path
F8_E4M3_B128,LUT,U(-1,1),16,4096,4096,128x128x32_w4_v5,SKIP,BN/WARPS != 16
F8_E4M3_B128,BITSHIFT,U(-1,1),16,4096,4096,128x128x32_w4_v5,SKIP,BN/WARPS != 16
F8_E4M3_B128,LUT,U(-1,1),16,4096,4096,64x64x32_w4_v5,OK,ms=0.700,tflops=0.77,gbps=24.9,maxabs=1.610e-02,p99=1.000e-02,rel=1.857e-04
F8_E4M3_B128,BITSHIFT,U(-1,1),16,4096,4096,64x64x32_w4_v5,SKIP,opt only LUT path
F8_E4M3_B128,LUT,U(-1,1),16,4096,4096,64x128x32_w4_v5,SKIP,BN/WARPS != 16
F8_E4M3_B128,BITSHIFT,U(-1,1),16,4096,4096,64x128x32_w4_v5,SKIP,BN/WARPS != 16
F8_E4M3_B128,LUT,U(-1,1),16,4096,4096,128x128x64_w4_v6,SKIP,BN/WARPS != 16
F8_E4M3_B128,BITSHIFT,U(-1,1),16,4096,4096,128x128x64_w4_v6,SKIP,BN/WARPS != 16
F8_E4M3_B128,LUT,U(-1,1),16,4096,4096,128x64x64_w4_v6,SKIP,v6 only INT8 (A1 retry)
F8_E4M3_B128,BITSHIFT,U(-1,1),16,4096,4096,128x64x64_w4_v6,SKIP,opt only LUT path
F8_E4M3_B128,LUT,U(-1,1),16,4096,4096,64x128x64_w4_v6,SKIP,BN/WARPS != 16
F8_E4M3_B128,BITSHIFT,U(-1,1),16,4096,4096,64x128x64_w4_v6,SKIP,BN/WARPS != 16
F8_E4M3_B128,LUT,U(-1,1),16,4096,4096,64x64x64_w4_v6,SKIP,v6 only INT8 (A1 retry)
F8_E4M3_B128,BITSHIFT,U(-1,1),16,4096,4096,64x64x64_w4_v6,SKIP,opt only LUT path
F8_E4M3_B128,LUT,U(-1,1),64,4096,4096,16x64x32_w4,OK,ms=1.225,tflops=1.75,gbps=15.5,maxabs=1.946e-02,p99=1.015e-02,rel=1.852e-04
F8_E4M3_B128,BITSHIFT,U(-1,1),64,4096,4096,16x64x32_w4,OK,ms=1.380,tflops=1.56,gbps=13.8,maxabs=1.945e-02,p99=1.016e-02,rel=1.852e-04
F8_E4M3_B128,LUT,U(-1,1),64,4096,4096,16x128x32_w8,OK,ms=1.265,tflops=1.70,gbps=15.0,maxabs=1.946e-02,p99=1.015e-02,rel=1.852e-04
F8_E4M3_B128,BITSHIFT,U(-1,1),64,4096,4096,16x128x32_w8,OK,ms=1.461,tflops=1.47,gbps=13.0,maxabs=1.945e-02,p99=1.016e-02,rel=1.852e-04
F8_E4M3_B128,LUT,U(-1,1),64,4096,4096,16x128x32_w4f2,SKIP,BN/WARPS != 16
F8_E4M3_B128,BITSHIFT,U(-1,1),64,4096,4096,16x128x32_w4f2,SKIP,BN/WARPS != 16
F8_E4M3_B128,LUT,U(-1,1),64,4096,4096,16x256x32_w4f4,SKIP,BN/WARPS != 16
F8_E4M3_B128,BITSHIFT,U(-1,1),64,4096,4096,16x256x32_w4f4,SKIP,BN/WARPS != 16
F8_E4M3_B128,LUT,U(-1,1),64,4096,4096,128x64x32_w4_v1,SKIP,no template
F8_E4M3_B128,BITSHIFT,U(-1,1),64,4096,4096,128x64x32_w4_v1,SKIP,opt only LUT path
F8_E4M3_B128,LUT,U(-1,1),64,4096,4096,128x128x32_w4_v1,SKIP,BN/WARPS != 16
F8_E4M3_B128,BITSHIFT,U(-1,1),64,4096,4096,128x128x32_w4_v1,SKIP,BN/WARPS != 16
F8_E4M3_B128,LUT,U(-1,1),64,4096,4096,128x256x32_w4_v1,SKIP,BN/WARPS != 16
F8_E4M3_B128,BITSHIFT,U(-1,1),64,4096,4096,128x256x32_w4_v1,SKIP,BN/WARPS != 16
F8_E4M3_B128,LUT,U(-1,1),64,4096,4096,128x256x32_w8_v1,SKIP,BN/WARPS != 16
F8_E4M3_B128,BITSHIFT,U(-1,1),64,4096,4096,128x256x32_w8_v1,SKIP,BN/WARPS != 16
F8_E4M3_B128,LUT,U(-1,1),64,4096,4096,64x64x32_w4_v1,SKIP,no template
F8_E4M3_B128,BITSHIFT,U(-1,1),64,4096,4096,64x64x32_w4_v1,SKIP,opt only LUT path
F8_E4M3_B128,LUT,U(-1,1),64,4096,4096,64x128x32_w4_v1,SKIP,BN/WARPS != 16
F8_E4M3_B128,BITSHIFT,U(-1,1),64,4096,4096,64x128x32_w4_v1,SKIP,BN/WARPS != 16
F8_E4M3_B128,LUT,U(-1,1),64,4096,4096,128x64x32_w4_v2,OK,ms=1.390,tflops=1.55,gbps=13.7,maxabs=1.946e-02,p99=1.015e-02,rel=1.852e-04
F8_E4M3_B128,BITSHIFT,U(-1,1),64,4096,4096,128x64x32_w4_v2,SKIP,opt only LUT path
F8_E4M3_B128,LUT,U(-1,1),64,4096,4096,128x128x32_w4_v2,SKIP,BN/WARPS != 16
F8_E4M3_B128,BITSHIFT,U(-1,1),64,4096,4096,128x128x32_w4_v2,SKIP,BN/WARPS != 16
F8_E4M3_B128,LUT,U(-1,1),64,4096,4096,128x256x32_w4_v2,SKIP,BN/WARPS != 16
F8_E4M3_B128,BITSHIFT,U(-1,1),64,4096,4096,128x256x32_w4_v2,SKIP,BN/WARPS != 16
F8_E4M3_B128,LUT,U(-1,1),64,4096,4096,128x256x32_w8_v2,SKIP,BN/WARPS != 16
F8_E4M3_B128,BITSHIFT,U(-1,1),64,4096,4096,128x256x32_w8_v2,SKIP,BN/WARPS != 16
F8_E4M3_B128,LUT,U(-1,1),64,4096,4096,64x64x32_w4_v2,OK,ms=1.301,tflops=1.65,gbps=14.6,maxabs=1.946e-02,p99=1.015e-02,rel=1.852e-04
F8_E4M3_B128,BITSHIFT,U(-1,1),64,4096,4096,64x64x32_w4_v2,SKIP,opt only LUT path
F8_E4M3_B128,LUT,U(-1,1),64,4096,4096,64x128x32_w4_v2,SKIP,BN/WARPS != 16
F8_E4M3_B128,BITSHIFT,U(-1,1),64,4096,4096,64x128x32_w4_v2,SKIP,BN/WARPS != 16
F8_E4M3_B128,LUT,U(-1,1),64,4096,4096,128x64x32_w4_v3,OK,ms=0.836,tflops=2.57,gbps=22.7,maxabs=1.946e-02,p99=1.015e-02,rel=1.852e-04
F8_E4M3_B128,BITSHIFT,U(-1,1),64,4096,4096,128x64x32_w4_v3,SKIP,opt only LUT path
F8_E4M3_B128,LUT,U(-1,1),64,4096,4096,128x128x32_w4_v3,SKIP,BN/WARPS != 16
F8_E4M3_B128,BITSHIFT,U(-1,1),64,4096,4096,128x128x32_w4_v3,SKIP,BN/WARPS != 16
F8_E4M3_B128,LUT,U(-1,1),64,4096,4096,128x256x32_w8_v3,SKIP,BN/WARPS != 16
F8_E4M3_B128,BITSHIFT,U(-1,1),64,4096,4096,128x256x32_w8_v3,SKIP,BN/WARPS != 16
F8_E4M3_B128,LUT,U(-1,1),64,4096,4096,64x64x32_w4_v3,OK,ms=0.742,tflops=2.89,gbps=25.6,maxabs=1.946e-02,p99=1.015e-02,rel=1.852e-04
F8_E4M3_B128,BITSHIFT,U(-1,1),64,4096,4096,64x64x32_w4_v3,SKIP,opt only LUT path
F8_E4M3_B128,LUT,U(-1,1),64,4096,4096,64x128x32_w4_v3,SKIP,BN/WARPS != 16
F8_E4M3_B128,BITSHIFT,U(-1,1),64,4096,4096,64x128x32_w4_v3,SKIP,BN/WARPS != 16
F8_E4M3_B128,LUT,U(-1,1),64,4096,4096,32x128x32_w4_v3_b1,SKIP,BN/WARPS != 16
F8_E4M3_B128,BITSHIFT,U(-1,1),64,4096,4096,32x128x32_w4_v3_b1,SKIP,BN/WARPS != 16
F8_E4M3_B128,LUT,U(-1,1),64,4096,4096,32x64x32_w4_v3_b1,OK,ms=0.670,tflops=3.21,gbps=28.4,maxabs=1.946e-02,p99=1.015e-02,rel=1.852e-04
F8_E4M3_B128,BITSHIFT,U(-1,1),64,4096,4096,32x64x32_w4_v3_b1,SKIP,opt only LUT path
F8_E4M3_B128,LUT,U(-1,1),64,4096,4096,32x256x32_w8_v3_b1,SKIP,BN/WARPS != 16
F8_E4M3_B128,BITSHIFT,U(-1,1),64,4096,4096,32x256x32_w8_v3_b1,SKIP,BN/WARPS != 16
F8_E4M3_B128,LUT,U(-1,1),64,4096,4096,128x128x32_w8_v3_b1alt,SKIP,no template
F8_E4M3_B128,BITSHIFT,U(-1,1),64,4096,4096,128x128x32_w8_v3_b1alt,SKIP,opt only LUT path
F8_E4M3_B128,LUT,U(-1,1),64,4096,4096,64x128x32_w8_v3_b1alt,SKIP,no template
F8_E4M3_B128,BITSHIFT,U(-1,1),64,4096,4096,64x128x32_w8_v3_b1alt,SKIP,opt only LUT path
F8_E4M3_B128,LUT,U(-1,1),64,4096,4096,128x64x32_w4_v4,OK,ms=0.843,tflops=2.55,gbps=22.5,maxabs=1.946e-02,p99=1.015e-02,rel=1.852e-04
F8_E4M3_B128,BITSHIFT,U(-1,1),64,4096,4096,128x64x32_w4_v4,SKIP,opt only LUT path
F8_E4M3_B128,LUT,U(-1,1),64,4096,4096,128x128x32_w4_v4,SKIP,BN/WARPS != 16
F8_E4M3_B128,BITSHIFT,U(-1,1),64,4096,4096,128x128x32_w4_v4,SKIP,BN/WARPS != 16
F8_E4M3_B128,LUT,U(-1,1),64,4096,4096,64x64x32_w4_v4,OK,ms=0.705,tflops=3.05,gbps=27.0,maxabs=1.946e-02,p99=1.015e-02,rel=1.852e-04
F8_E4M3_B128,BITSHIFT,U(-1,1),64,4096,4096,64x64x32_w4_v4,SKIP,opt only LUT path
F8_E4M3_B128,LUT,U(-1,1),64,4096,4096,64x128x32_w4_v4,SKIP,BN/WARPS != 16
F8_E4M3_B128,BITSHIFT,U(-1,1),64,4096,4096,64x128x32_w4_v4,SKIP,BN/WARPS != 16
F8_E4M3_B128,LUT,U(-1,1),64,4096,4096,128x64x32_w4_v5,OK,ms=0.842,tflops=2.55,gbps=22.6,maxabs=1.946e-02,p99=1.015e-02,rel=1.852e-04
F8_E4M3_B128,BITSHIFT,U(-1,1),64,4096,4096,128x64x32_w4_v5,SKIP,opt only LUT path
F8_E4M3_B128,LUT,U(-1,1),64,4096,4096,128x128x32_w4_v5,SKIP,BN/WARPS != 16
F8_E4M3_B128,BITSHIFT,U(-1,1),64,4096,4096,128x128x32_w4_v5,SKIP,BN/WARPS != 16
F8_E4M3_B128,LUT,U(-1,1),64,4096,4096,64x64x32_w4_v5,OK,ms=0.709,tflops=3.03,gbps=26.8,maxabs=1.946e-02,p99=1.015e-02,rel=1.852e-04
F8_E4M3_B128,BITSHIFT,U(-1,1),64,4096,4096,64x64x32_w4_v5,SKIP,opt only LUT path
F8_E4M3_B128,LUT,U(-1,1),64,4096,4096,64x128x32_w4_v5,SKIP,BN/WARPS != 16
F8_E4M3_B128,BITSHIFT,U(-1,1),64,4096,4096,64x128x32_w4_v5,SKIP,BN/WARPS != 16
F8_E4M3_B128,LUT,U(-1,1),64,4096,4096,128x128x64_w4_v6,SKIP,BN/WARPS != 16
F8_E4M3_B128,BITSHIFT,U(-1,1),64,4096,4096,128x128x64_w4_v6,SKIP,BN/WARPS != 16
F8_E4M3_B128,LUT,U(-1,1),64,4096,4096,128x64x64_w4_v6,SKIP,v6 only INT8 (A1 retry)
F8_E4M3_B128,BITSHIFT,U(-1,1),64,4096,4096,128x64x64_w4_v6,SKIP,opt only LUT path
F8_E4M3_B128,LUT,U(-1,1),64,4096,4096,64x128x64_w4_v6,SKIP,BN/WARPS != 16
F8_E4M3_B128,BITSHIFT,U(-1,1),64,4096,4096,64x128x64_w4_v6,SKIP,BN/WARPS != 16
F8_E4M3_B128,LUT,U(-1,1),64,4096,4096,64x64x64_w4_v6,SKIP,v6 only INT8 (A1 retry)
F8_E4M3_B128,BITSHIFT,U(-1,1),64,4096,4096,64x64x64_w4_v6,SKIP,opt only LUT path
F8_E4M3_B128,LUT,U(-1,1),128,4096,4096,16x64x32_w4,OK,ms=1.338,tflops=3.21,gbps=15.8,maxabs=1.946e-02,p99=1.020e-02,rel=1.852e-04
F8_E4M3_B128,BITSHIFT,U(-1,1),128,4096,4096,16x64x32_w4,OK,ms=1.554,tflops=2.76,gbps=13.6,maxabs=1.945e-02,p99=1.020e-02,rel=1.852e-04
F8_E4M3_B128,LUT,U(-1,1),128,4096,4096,16x128x32_w8,OK,ms=1.391,tflops=3.09,gbps=15.2,maxabs=1.946e-02,p99=1.020e-02,rel=1.852e-04
F8_E4M3_B128,BITSHIFT,U(-1,1),128,4096,4096,16x128x32_w8,OK,ms=1.697,tflops=2.53,gbps=12.4,maxabs=1.945e-02,p99=1.020e-02,rel=1.852e-04
F8_E4M3_B128,LUT,U(-1,1),128,4096,4096,16x128x32_w4f2,SKIP,BN/WARPS != 16
F8_E4M3_B128,BITSHIFT,U(-1,1),128,4096,4096,16x128x32_w4f2,SKIP,BN/WARPS != 16
F8_E4M3_B128,LUT,U(-1,1),128,4096,4096,16x256x32_w4f4,SKIP,BN/WARPS != 16
F8_E4M3_B128,BITSHIFT,U(-1,1),128,4096,4096,16x256x32_w4f4,SKIP,BN/WARPS != 16
F8_E4M3_B128,LUT,U(-1,1),128,4096,4096,128x64x32_w4_v1,SKIP,no template
F8_E4M3_B128,BITSHIFT,U(-1,1),128,4096,4096,128x64x32_w4_v1,SKIP,opt only LUT path
F8_E4M3_B128,LUT,U(-1,1),128,4096,4096,128x128x32_w4_v1,SKIP,BN/WARPS != 16
F8_E4M3_B128,BITSHIFT,U(-1,1),128,4096,4096,128x128x32_w4_v1,SKIP,BN/WARPS != 16
F8_E4M3_B128,LUT,U(-1,1),128,4096,4096,128x256x32_w4_v1,SKIP,BN/WARPS != 16
F8_E4M3_B128,BITSHIFT,U(-1,1),128,4096,4096,128x256x32_w4_v1,SKIP,BN/WARPS != 16
F8_E4M3_B128,LUT,U(-1,1),128,4096,4096,128x256x32_w8_v1,SKIP,BN/WARPS != 16
F8_E4M3_B128,BITSHIFT,U(-1,1),128,4096,4096,128x256x32_w8_v1,SKIP,BN/WARPS != 16
F8_E4M3_B128,LUT,U(-1,1),128,4096,4096,64x64x32_w4_v1,SKIP,no template
F8_E4M3_B128,BITSHIFT,U(-1,1),128,4096,4096,64x64x32_w4_v1,SKIP,opt only LUT path
F8_E4M3_B128,LUT,U(-1,1),128,4096,4096,64x128x32_w4_v1,SKIP,BN/WARPS != 16
F8_E4M3_B128,BITSHIFT,U(-1,1),128,4096,4096,64x128x32_w4_v1,SKIP,BN/WARPS != 16
F8_E4M3_B128,LUT,U(-1,1),128,4096,4096,128x64x32_w4_v2,OK,ms=1.415,tflops=3.03,gbps=14.9,maxabs=1.946e-02,p99=1.020e-02,rel=1.852e-04
F8_E4M3_B128,BITSHIFT,U(-1,1),128,4096,4096,128x64x32_w4_v2,SKIP,opt only LUT path
F8_E4M3_B128,LUT,U(-1,1),128,4096,4096,128x128x32_w4_v2,SKIP,BN/WARPS != 16
F8_E4M3_B128,BITSHIFT,U(-1,1),128,4096,4096,128x128x32_w4_v2,SKIP,BN/WARPS != 16
F8_E4M3_B128,LUT,U(-1,1),128,4096,4096,128x256x32_w4_v2,SKIP,BN/WARPS != 16
F8_E4M3_B128,BITSHIFT,U(-1,1),128,4096,4096,128x256x32_w4_v2,SKIP,BN/WARPS != 16
F8_E4M3_B128,LUT,U(-1,1),128,4096,4096,128x256x32_w8_v2,SKIP,BN/WARPS != 16
F8_E4M3_B128,BITSHIFT,U(-1,1),128,4096,4096,128x256x32_w8_v2,SKIP,BN/WARPS != 16
F8_E4M3_B128,LUT,U(-1,1),128,4096,4096,64x64x32_w4_v2,OK,ms=1.309,tflops=3.28,gbps=16.1,maxabs=1.946e-02,p99=1.020e-02,rel=1.852e-04
F8_E4M3_B128,BITSHIFT,U(-1,1),128,4096,4096,64x64x32_w4_v2,SKIP,opt only LUT path
F8_E4M3_B128,LUT,U(-1,1),128,4096,4096,64x128x32_w4_v2,SKIP,BN/WARPS != 16
F8_E4M3_B128,BITSHIFT,U(-1,1),128,4096,4096,64x128x32_w4_v2,SKIP,BN/WARPS != 16
F8_E4M3_B128,LUT,U(-1,1),128,4096,4096,128x64x32_w4_v3,OK,ms=0.878,tflops=4.89,gbps=24.0,maxabs=1.946e-02,p99=1.020e-02,rel=1.852e-04
F8_E4M3_B128,BITSHIFT,U(-1,1),128,4096,4096,128x64x32_w4_v3,SKIP,opt only LUT path
F8_E4M3_B128,LUT,U(-1,1),128,4096,4096,128x128x32_w4_v3,SKIP,BN/WARPS != 16
F8_E4M3_B128,BITSHIFT,U(-1,1),128,4096,4096,128x128x32_w4_v3,SKIP,BN/WARPS != 16
F8_E4M3_B128,LUT,U(-1,1),128,4096,4096,128x256x32_w8_v3,SKIP,BN/WARPS != 16
F8_E4M3_B128,BITSHIFT,U(-1,1),128,4096,4096,128x256x32_w8_v3,SKIP,BN/WARPS != 16
F8_E4M3_B128,LUT,U(-1,1),128,4096,4096,64x64x32_w4_v3,OK,ms=0.753,tflops=5.70,gbps=28.0,maxabs=1.946e-02,p99=1.020e-02,rel=1.852e-04
F8_E4M3_B128,BITSHIFT,U(-1,1),128,4096,4096,64x64x32_w4_v3,SKIP,opt only LUT path
F8_E4M3_B128,LUT,U(-1,1),128,4096,4096,64x128x32_w4_v3,SKIP,BN/WARPS != 16
F8_E4M3_B128,BITSHIFT,U(-1,1),128,4096,4096,64x128x32_w4_v3,SKIP,BN/WARPS != 16
F8_E4M3_B128,LUT,U(-1,1),128,4096,4096,32x128x32_w4_v3_b1,SKIP,BN/WARPS != 16
F8_E4M3_B128,BITSHIFT,U(-1,1),128,4096,4096,32x128x32_w4_v3_b1,SKIP,BN/WARPS != 16
F8_E4M3_B128,LUT,U(-1,1),128,4096,4096,32x64x32_w4_v3_b1,OK,ms=0.705,tflops=6.09,gbps=29.9,maxabs=1.946e-02,p99=1.020e-02,rel=1.852e-04
F8_E4M3_B128,BITSHIFT,U(-1,1),128,4096,4096,32x64x32_w4_v3_b1,SKIP,opt only LUT path
F8_E4M3_B128,LUT,U(-1,1),128,4096,4096,32x256x32_w8_v3_b1,SKIP,BN/WARPS != 16
F8_E4M3_B128,BITSHIFT,U(-1,1),128,4096,4096,32x256x32_w8_v3_b1,SKIP,BN/WARPS != 16
F8_E4M3_B128,LUT,U(-1,1),128,4096,4096,128x128x32_w8_v3_b1alt,SKIP,no template
F8_E4M3_B128,BITSHIFT,U(-1,1),128,4096,4096,128x128x32_w8_v3_b1alt,SKIP,opt only LUT path
F8_E4M3_B128,LUT,U(-1,1),128,4096,4096,64x128x32_w8_v3_b1alt,SKIP,no template
F8_E4M3_B128,BITSHIFT,U(-1,1),128,4096,4096,64x128x32_w8_v3_b1alt,SKIP,opt only LUT path
F8_E4M3_B128,LUT,U(-1,1),128,4096,4096,128x64x32_w4_v4,OK,ms=0.882,tflops=4.87,gbps=23.9,maxabs=1.946e-02,p99=1.020e-02,rel=1.852e-04
F8_E4M3_B128,BITSHIFT,U(-1,1),128,4096,4096,128x64x32_w4_v4,SKIP,opt only LUT path
F8_E4M3_B128,LUT,U(-1,1),128,4096,4096,128x128x32_w4_v4,SKIP,BN/WARPS != 16
F8_E4M3_B128,BITSHIFT,U(-1,1),128,4096,4096,128x128x32_w4_v4,SKIP,BN/WARPS != 16
F8_E4M3_B128,LUT,U(-1,1),128,4096,4096,64x64x32_w4_v4,OK,ms=0.754,tflops=5.70,gbps=28.0,maxabs=1.946e-02,p99=1.020e-02,rel=1.852e-04
F8_E4M3_B128,BITSHIFT,U(-1,1),128,4096,4096,64x64x32_w4_v4,SKIP,opt only LUT path
F8_E4M3_B128,LUT,U(-1,1),128,4096,4096,64x128x32_w4_v4,SKIP,BN/WARPS != 16
F8_E4M3_B128,BITSHIFT,U(-1,1),128,4096,4096,64x128x32_w4_v4,SKIP,BN/WARPS != 16
F8_E4M3_B128,LUT,U(-1,1),128,4096,4096,128x64x32_w4_v5,OK,ms=0.881,tflops=4.88,gbps=24.0,maxabs=1.946e-02,p99=1.020e-02,rel=1.852e-04
F8_E4M3_B128,BITSHIFT,U(-1,1),128,4096,4096,128x64x32_w4_v5,SKIP,opt only LUT path
F8_E4M3_B128,LUT,U(-1,1),128,4096,4096,128x128x32_w4_v5,SKIP,BN/WARPS != 16
F8_E4M3_B128,BITSHIFT,U(-1,1),128,4096,4096,128x128x32_w4_v5,SKIP,BN/WARPS != 16
F8_E4M3_B128,LUT,U(-1,1),128,4096,4096,64x64x32_w4_v5,OK,ms=0.797,tflops=5.39,gbps=26.5,maxabs=1.946e-02,p99=1.020e-02,rel=1.852e-04
F8_E4M3_B128,BITSHIFT,U(-1,1),128,4096,4096,64x64x32_w4_v5,SKIP,opt only LUT path
F8_E4M3_B128,LUT,U(-1,1),128,4096,4096,64x128x32_w4_v5,SKIP,BN/WARPS != 16
F8_E4M3_B128,BITSHIFT,U(-1,1),128,4096,4096,64x128x32_w4_v5,SKIP,BN/WARPS != 16
F8_E4M3_B128,LUT,U(-1,1),128,4096,4096,128x128x64_w4_v6,SKIP,BN/WARPS != 16
F8_E4M3_B128,BITSHIFT,U(-1,1),128,4096,4096,128x128x64_w4_v6,SKIP,BN/WARPS != 16
F8_E4M3_B128,LUT,U(-1,1),128,4096,4096,128x64x64_w4_v6,SKIP,v6 only INT8 (A1 retry)
F8_E4M3_B128,BITSHIFT,U(-1,1),128,4096,4096,128x64x64_w4_v6,SKIP,opt only LUT path
F8_E4M3_B128,LUT,U(-1,1),128,4096,4096,64x128x64_w4_v6,SKIP,BN/WARPS != 16
F8_E4M3_B128,BITSHIFT,U(-1,1),128,4096,4096,64x128x64_w4_v6,SKIP,BN/WARPS != 16
F8_E4M3_B128,LUT,U(-1,1),128,4096,4096,64x64x64_w4_v6,SKIP,v6 only INT8 (A1 retry)
F8_E4M3_B128,BITSHIFT,U(-1,1),128,4096,4096,64x64x64_w4_v6,SKIP,opt only LUT path
F8_E4M3_B128,LUT,U(-1,1),256,4096,4096,16x64x32_w4,OK,ms=2.735,tflops=3.14,gbps=9.2,maxabs=1.946e-02,p99=9.815e-03,rel=1.849e-04
F8_E4M3_B128,BITSHIFT,U(-1,1),256,4096,4096,16x64x32_w4,OK,ms=3.254,tflops=2.64,gbps=7.8,maxabs=1.945e-02,p99=9.814e-03,rel=1.849e-04
F8_E4M3_B128,LUT,U(-1,1),256,4096,4096,16x128x32_w8,OK,ms=2.786,tflops=3.08,gbps=9.1,maxabs=1.946e-02,p99=9.815e-03,rel=1.849e-04
F8_E4M3_B128,BITSHIFT,U(-1,1),256,4096,4096,16x128x32_w8,OK,ms=3.432,tflops=2.50,gbps=7.4,maxabs=1.945e-02,p99=9.814e-03,rel=1.849e-04
F8_E4M3_B128,LUT,U(-1,1),256,4096,4096,16x128x32_w4f2,SKIP,BN/WARPS != 16
F8_E4M3_B128,BITSHIFT,U(-1,1),256,4096,4096,16x128x32_w4f2,SKIP,BN/WARPS != 16
F8_E4M3_B128,LUT,U(-1,1),256,4096,4096,16x256x32_w4f4,SKIP,BN/WARPS != 16
F8_E4M3_B128,BITSHIFT,U(-1,1),256,4096,4096,16x256x32_w4f4,SKIP,BN/WARPS != 16
F8_E4M3_B128,LUT,U(-1,1),256,4096,4096,128x64x32_w4_v1,SKIP,no template
F8_E4M3_B128,BITSHIFT,U(-1,1),256,4096,4096,128x64x32_w4_v1,SKIP,opt only LUT path
F8_E4M3_B128,LUT,U(-1,1),256,4096,4096,128x128x32_w4_v1,SKIP,BN/WARPS != 16
F8_E4M3_B128,BITSHIFT,U(-1,1),256,4096,4096,128x128x32_w4_v1,SKIP,BN/WARPS != 16
F8_E4M3_B128,LUT,U(-1,1),256,4096,4096,128x256x32_w4_v1,SKIP,BN/WARPS != 16
F8_E4M3_B128,BITSHIFT,U(-1,1),256,4096,4096,128x256x32_w4_v1,SKIP,BN/WARPS != 16
F8_E4M3_B128,LUT,U(-1,1),256,4096,4096,128x256x32_w8_v1,SKIP,BN/WARPS != 16
F8_E4M3_B128,BITSHIFT,U(-1,1),256,4096,4096,128x256x32_w8_v1,SKIP,BN/WARPS != 16
F8_E4M3_B128,LUT,U(-1,1),256,4096,4096,64x64x32_w4_v1,SKIP,no template
F8_E4M3_B128,BITSHIFT,U(-1,1),256,4096,4096,64x64x32_w4_v1,SKIP,opt only LUT path
F8_E4M3_B128,LUT,U(-1,1),256,4096,4096,64x128x32_w4_v1,SKIP,BN/WARPS != 16
F8_E4M3_B128,BITSHIFT,U(-1,1),256,4096,4096,64x128x32_w4_v1,SKIP,BN/WARPS != 16
F8_E4M3_B128,LUT,U(-1,1),256,4096,4096,128x64x32_w4_v2,OK,ms=1.449,tflops=5.93,gbps=17.5,maxabs=1.946e-02,p99=9.815e-03,rel=1.849e-04
F8_E4M3_B128,BITSHIFT,U(-1,1),256,4096,4096,128x64x32_w4_v2,SKIP,opt only LUT path
F8_E4M3_B128,LUT,U(-1,1),256,4096,4096,128x128x32_w4_v2,SKIP,BN/WARPS != 16
F8_E4M3_B128,BITSHIFT,U(-1,1),256,4096,4096,128x128x32_w4_v2,SKIP,BN/WARPS != 16
F8_E4M3_B128,LUT,U(-1,1),256,4096,4096,128x256x32_w4_v2,SKIP,BN/WARPS != 16
F8_E4M3_B128,BITSHIFT,U(-1,1),256,4096,4096,128x256x32_w4_v2,SKIP,BN/WARPS != 16
F8_E4M3_B128,LUT,U(-1,1),256,4096,4096,128x256x32_w8_v2,SKIP,BN/WARPS != 16
F8_E4M3_B128,BITSHIFT,U(-1,1),256,4096,4096,128x256x32_w8_v2,SKIP,BN/WARPS != 16
F8_E4M3_B128,LUT,U(-1,1),256,4096,4096,64x64x32_w4_v2,OK,ms=1.351,tflops=6.36,gbps=18.7,maxabs=1.946e-02,p99=9.815e-03,rel=1.849e-04
F8_E4M3_B128,BITSHIFT,U(-1,1),256,4096,4096,64x64x32_w4_v2,SKIP,opt only LUT path
F8_E4M3_B128,LUT,U(-1,1),256,4096,4096,64x128x32_w4_v2,SKIP,BN/WARPS != 16
F8_E4M3_B128,BITSHIFT,U(-1,1),256,4096,4096,64x128x32_w4_v2,SKIP,BN/WARPS != 16
F8_E4M3_B128,LUT,U(-1,1),256,4096,4096,128x64x32_w4_v3,OK,ms=0.935,tflops=9.19,gbps=27.1,maxabs=1.946e-02,p99=9.815e-03,rel=1.849e-04
F8_E4M3_B128,BITSHIFT,U(-1,1),256,4096,4096,128x64x32_w4_v3,SKIP,opt only LUT path
F8_E4M3_B128,LUT,U(-1,1),256,4096,4096,128x128x32_w4_v3,SKIP,BN/WARPS != 16
F8_E4M3_B128,BITSHIFT,U(-1,1),256,4096,4096,128x128x32_w4_v3,SKIP,BN/WARPS != 16
F8_E4M3_B128,LUT,U(-1,1),256,4096,4096,128x256x32_w8_v3,SKIP,BN/WARPS != 16
F8_E4M3_B128,BITSHIFT,U(-1,1),256,4096,4096,128x256x32_w8_v3,SKIP,BN/WARPS != 16
F8_E4M3_B128,LUT,U(-1,1),256,4096,4096,64x64x32_w4_v3,OK,ms=0.812,tflops=10.58,gbps=31.1,maxabs=1.946e-02,p99=9.815e-03,rel=1.849e-04
F8_E4M3_B128,BITSHIFT,U(-1,1),256,4096,4096,64x64x32_w4_v3,SKIP,opt only LUT path
F8_E4M3_B128,LUT,U(-1,1),256,4096,4096,64x128x32_w4_v3,SKIP,BN/WARPS != 16
F8_E4M3_B128,BITSHIFT,U(-1,1),256,4096,4096,64x128x32_w4_v3,SKIP,BN/WARPS != 16
F8_E4M3_B128,LUT,U(-1,1),256,4096,4096,32x128x32_w4_v3_b1,SKIP,BN/WARPS != 16
F8_E4M3_B128,BITSHIFT,U(-1,1),256,4096,4096,32x128x32_w4_v3_b1,SKIP,BN/WARPS != 16
F8_E4M3_B128,LUT,U(-1,1),256,4096,4096,32x64x32_w4_v3_b1,OK,ms=1.492,tflops=5.76,gbps=16.9,maxabs=1.946e-02,p99=9.815e-03,rel=1.849e-04
F8_E4M3_B128,BITSHIFT,U(-1,1),256,4096,4096,32x64x32_w4_v3_b1,SKIP,opt only LUT path
F8_E4M3_B128,LUT,U(-1,1),256,4096,4096,32x256x32_w8_v3_b1,SKIP,BN/WARPS != 16
F8_E4M3_B128,BITSHIFT,U(-1,1),256,4096,4096,32x256x32_w8_v3_b1,SKIP,BN/WARPS != 16
F8_E4M3_B128,LUT,U(-1,1),256,4096,4096,128x128x32_w8_v3_b1alt,SKIP,no template
F8_E4M3_B128,BITSHIFT,U(-1,1),256,4096,4096,128x128x32_w8_v3_b1alt,SKIP,opt only LUT path
F8_E4M3_B128,LUT,U(-1,1),256,4096,4096,64x128x32_w8_v3_b1alt,SKIP,no template
F8_E4M3_B128,BITSHIFT,U(-1,1),256,4096,4096,64x128x32_w8_v3_b1alt,SKIP,opt only LUT path
F8_E4M3_B128,LUT,U(-1,1),256,4096,4096,128x64x32_w4_v4,OK,ms=0.944,tflops=9.10,gbps=26.8,maxabs=1.946e-02,p99=9.815e-03,rel=1.849e-04
F8_E4M3_B128,BITSHIFT,U(-1,1),256,4096,4096,128x64x32_w4_v4,SKIP,opt only LUT path
F8_E4M3_B128,LUT,U(-1,1),256,4096,4096,128x128x32_w4_v4,SKIP,BN/WARPS != 16
F8_E4M3_B128,BITSHIFT,U(-1,1),256,4096,4096,128x128x32_w4_v4,SKIP,BN/WARPS != 16
F8_E4M3_B128,LUT,U(-1,1),256,4096,4096,64x64x32_w4_v4,OK,ms=0.833,tflops=10.32,gbps=30.4,maxabs=1.946e-02,p99=9.815e-03,rel=1.849e-04
F8_E4M3_B128,BITSHIFT,U(-1,1),256,4096,4096,64x64x32_w4_v4,SKIP,opt only LUT path
F8_E4M3_B128,LUT,U(-1,1),256,4096,4096,64x128x32_w4_v4,SKIP,BN/WARPS != 16
F8_E4M3_B128,BITSHIFT,U(-1,1),256,4096,4096,64x128x32_w4_v4,SKIP,BN/WARPS != 16
F8_E4M3_B128,LUT,U(-1,1),256,4096,4096,128x64x32_w4_v5,OK,ms=1.020,tflops=8.42,gbps=24.8,maxabs=1.946e-02,p99=9.815e-03,rel=1.849e-04
F8_E4M3_B128,BITSHIFT,U(-1,1),256,4096,4096,128x64x32_w4_v5,SKIP,opt only LUT path
F8_E4M3_B128,LUT,U(-1,1),256,4096,4096,128x128x32_w4_v5,SKIP,BN/WARPS != 16
F8_E4M3_B128,BITSHIFT,U(-1,1),256,4096,4096,128x128x32_w4_v5,SKIP,BN/WARPS != 16
F8_E4M3_B128,LUT,U(-1,1),256,4096,4096,64x64x32_w4_v5,OK,ms=1.559,tflops=5.51,gbps=16.2,maxabs=1.946e-02,p99=9.815e-03,rel=1.849e-04
F8_E4M3_B128,BITSHIFT,U(-1,1),256,4096,4096,64x64x32_w4_v5,SKIP,opt only LUT path
F8_E4M3_B128,LUT,U(-1,1),256,4096,4096,64x128x32_w4_v5,SKIP,BN/WARPS != 16
F8_E4M3_B128,BITSHIFT,U(-1,1),256,4096,4096,64x128x32_w4_v5,SKIP,BN/WARPS != 16
F8_E4M3_B128,LUT,U(-1,1),256,4096,4096,128x128x64_w4_v6,SKIP,BN/WARPS != 16
F8_E4M3_B128,BITSHIFT,U(-1,1),256,4096,4096,128x128x64_w4_v6,SKIP,BN/WARPS != 16
F8_E4M3_B128,LUT,U(-1,1),256,4096,4096,128x64x64_w4_v6,SKIP,v6 only INT8 (A1 retry)
F8_E4M3_B128,BITSHIFT,U(-1,1),256,4096,4096,128x64x64_w4_v6,SKIP,opt only LUT path
F8_E4M3_B128,LUT,U(-1,1),256,4096,4096,64x128x64_w4_v6,SKIP,BN/WARPS != 16
F8_E4M3_B128,BITSHIFT,U(-1,1),256,4096,4096,64x128x64_w4_v6,SKIP,BN/WARPS != 16
F8_E4M3_B128,LUT,U(-1,1),256,4096,4096,64x64x64_w4_v6,SKIP,v6 only INT8 (A1 retry)
F8_E4M3_B128,BITSHIFT,U(-1,1),256,4096,4096,64x64x64_w4_v6,SKIP,opt only LUT path
F8_E4M3_B128,LUT,U(-1,1),512,4096,4096,16x64x32_w4,OK,ms=4.435,tflops=3.87,gbps=7.6,maxabs=1.951e-02,p99=9.951e-03,rel=1.848e-04
F8_E4M3_B128,BITSHIFT,U(-1,1),512,4096,4096,16x64x32_w4,OK,ms=6.340,tflops=2.71,gbps=5.3,maxabs=1.950e-02,p99=9.949e-03,rel=1.848e-04
F8_E4M3_B128,LUT,U(-1,1),512,4096,4096,16x128x32_w8,OK,ms=5.613,tflops=3.06,gbps=6.0,maxabs=1.951e-02,p99=9.951e-03,rel=1.848e-04
F8_E4M3_B128,BITSHIFT,U(-1,1),512,4096,4096,16x128x32_w8,OK,ms=6.734,tflops=2.55,gbps=5.0,maxabs=1.950e-02,p99=9.949e-03,rel=1.848e-04
F8_E4M3_B128,LUT,U(-1,1),512,4096,4096,16x128x32_w4f2,SKIP,BN/WARPS != 16
F8_E4M3_B128,BITSHIFT,U(-1,1),512,4096,4096,16x128x32_w4f2,SKIP,BN/WARPS != 16
F8_E4M3_B128,LUT,U(-1,1),512,4096,4096,16x256x32_w4f4,SKIP,BN/WARPS != 16
F8_E4M3_B128,BITSHIFT,U(-1,1),512,4096,4096,16x256x32_w4f4,SKIP,BN/WARPS != 16
F8_E4M3_B128,LUT,U(-1,1),512,4096,4096,128x64x32_w4_v1,SKIP,no template
F8_E4M3_B128,BITSHIFT,U(-1,1),512,4096,4096,128x64x32_w4_v1,SKIP,opt only LUT path
F8_E4M3_B128,LUT,U(-1,1),512,4096,4096,128x128x32_w4_v1,SKIP,BN/WARPS != 16
F8_E4M3_B128,BITSHIFT,U(-1,1),512,4096,4096,128x128x32_w4_v1,SKIP,BN/WARPS != 16
F8_E4M3_B128,LUT,U(-1,1),512,4096,4096,128x256x32_w4_v1,SKIP,BN/WARPS != 16
F8_E4M3_B128,BITSHIFT,U(-1,1),512,4096,4096,128x256x32_w4_v1,SKIP,BN/WARPS != 16
F8_E4M3_B128,LUT,U(-1,1),512,4096,4096,128x256x32_w8_v1,SKIP,BN/WARPS != 16
F8_E4M3_B128,BITSHIFT,U(-1,1),512,4096,4096,128x256x32_w8_v1,SKIP,BN/WARPS != 16
F8_E4M3_B128,LUT,U(-1,1),512,4096,4096,64x64x32_w4_v1,SKIP,no template
F8_E4M3_B128,BITSHIFT,U(-1,1),512,4096,4096,64x64x32_w4_v1,SKIP,opt only LUT path
F8_E4M3_B128,LUT,U(-1,1),512,4096,4096,64x128x32_w4_v1,SKIP,BN/WARPS != 16
F8_E4M3_B128,BITSHIFT,U(-1,1),512,4096,4096,64x128x32_w4_v1,SKIP,BN/WARPS != 16
F8_E4M3_B128,LUT,U(-1,1),512,4096,4096,128x64x32_w4_v2,OK,ms=1.601,tflops=10.73,gbps=21.0,maxabs=1.951e-02,p99=9.951e-03,rel=1.848e-04
F8_E4M3_B128,BITSHIFT,U(-1,1),512,4096,4096,128x64x32_w4_v2,SKIP,opt only LUT path
F8_E4M3_B128,LUT,U(-1,1),512,4096,4096,128x128x32_w4_v2,SKIP,BN/WARPS != 16
F8_E4M3_B128,BITSHIFT,U(-1,1),512,4096,4096,128x128x32_w4_v2,SKIP,BN/WARPS != 16
F8_E4M3_B128,LUT,U(-1,1),512,4096,4096,128x256x32_w4_v2,SKIP,BN/WARPS != 16
F8_E4M3_B128,BITSHIFT,U(-1,1),512,4096,4096,128x256x32_w4_v2,SKIP,BN/WARPS != 16
F8_E4M3_B128,LUT,U(-1,1),512,4096,4096,128x256x32_w8_v2,SKIP,BN/WARPS != 16
F8_E4M3_B128,BITSHIFT,U(-1,1),512,4096,4096,128x256x32_w8_v2,SKIP,BN/WARPS != 16
F8_E4M3_B128,LUT,U(-1,1),512,4096,4096,64x64x32_w4_v2,OK,ms=2.840,tflops=6.05,gbps=11.9,maxabs=1.951e-02,p99=9.951e-03,rel=1.848e-04
F8_E4M3_B128,BITSHIFT,U(-1,1),512,4096,4096,64x64x32_w4_v2,SKIP,opt only LUT path
F8_E4M3_B128,LUT,U(-1,1),512,4096,4096,64x128x32_w4_v2,SKIP,BN/WARPS != 16
F8_E4M3_B128,BITSHIFT,U(-1,1),512,4096,4096,64x128x32_w4_v2,SKIP,BN/WARPS != 16
F8_E4M3_B128,LUT,U(-1,1),512,4096,4096,128x64x32_w4_v3,OK,ms=2.135,tflops=8.05,gbps=15.8,maxabs=1.951e-02,p99=9.951e-03,rel=1.848e-04
F8_E4M3_B128,BITSHIFT,U(-1,1),512,4096,4096,128x64x32_w4_v3,SKIP,opt only LUT path
F8_E4M3_B128,LUT,U(-1,1),512,4096,4096,128x128x32_w4_v3,SKIP,BN/WARPS != 16
F8_E4M3_B128,BITSHIFT,U(-1,1),512,4096,4096,128x128x32_w4_v3,SKIP,BN/WARPS != 16
F8_E4M3_B128,LUT,U(-1,1),512,4096,4096,128x256x32_w8_v3,SKIP,BN/WARPS != 16
F8_E4M3_B128,BITSHIFT,U(-1,1),512,4096,4096,128x256x32_w8_v3,SKIP,BN/WARPS != 16
F8_E4M3_B128,LUT,U(-1,1),512,4096,4096,64x64x32_w4_v3,OK,ms=1.750,tflops=9.82,gbps=19.3,maxabs=1.951e-02,p99=9.951e-03,rel=1.848e-04
F8_E4M3_B128,BITSHIFT,U(-1,1),512,4096,4096,64x64x32_w4_v3,SKIP,opt only LUT path
F8_E4M3_B128,LUT,U(-1,1),512,4096,4096,64x128x32_w4_v3,SKIP,BN/WARPS != 16
F8_E4M3_B128,BITSHIFT,U(-1,1),512,4096,4096,64x128x32_w4_v3,SKIP,BN/WARPS != 16
F8_E4M3_B128,LUT,U(-1,1),512,4096,4096,32x128x32_w4_v3_b1,SKIP,BN/WARPS != 16
F8_E4M3_B128,BITSHIFT,U(-1,1),512,4096,4096,32x128x32_w4_v3_b1,SKIP,BN/WARPS != 16
F8_E4M3_B128,LUT,U(-1,1),512,4096,4096,32x64x32_w4_v3_b1,OK,ms=2.300,tflops=7.47,gbps=14.6,maxabs=1.951e-02,p99=9.951e-03,rel=1.848e-04
F8_E4M3_B128,BITSHIFT,U(-1,1),512,4096,4096,32x64x32_w4_v3_b1,SKIP,opt only LUT path
F8_E4M3_B128,LUT,U(-1,1),512,4096,4096,32x256x32_w8_v3_b1,SKIP,BN/WARPS != 16
F8_E4M3_B128,BITSHIFT,U(-1,1),512,4096,4096,32x256x32_w8_v3_b1,SKIP,BN/WARPS != 16
F8_E4M3_B128,LUT,U(-1,1),512,4096,4096,128x128x32_w8_v3_b1alt,SKIP,no template
F8_E4M3_B128,BITSHIFT,U(-1,1),512,4096,4096,128x128x32_w8_v3_b1alt,SKIP,opt only LUT path
F8_E4M3_B128,LUT,U(-1,1),512,4096,4096,64x128x32_w8_v3_b1alt,SKIP,no template
F8_E4M3_B128,BITSHIFT,U(-1,1),512,4096,4096,64x128x32_w8_v3_b1alt,SKIP,opt only LUT path
F8_E4M3_B128,LUT,U(-1,1),512,4096,4096,128x64x32_w4_v4,OK,ms=2.284,tflops=7.52,gbps=14.8,maxabs=1.951e-02,p99=9.951e-03,rel=1.848e-04
F8_E4M3_B128,BITSHIFT,U(-1,1),512,4096,4096,128x64x32_w4_v4,SKIP,opt only LUT path
F8_E4M3_B128,LUT,U(-1,1),512,4096,4096,128x128x32_w4_v4,SKIP,BN/WARPS != 16
F8_E4M3_B128,BITSHIFT,U(-1,1),512,4096,4096,128x128x32_w4_v4,SKIP,BN/WARPS != 16
F8_E4M3_B128,LUT,U(-1,1),512,4096,4096,64x64x32_w4_v4,OK,ms=1.894,tflops=9.07,gbps=17.8,maxabs=1.951e-02,p99=9.951e-03,rel=1.848e-04
F8_E4M3_B128,BITSHIFT,U(-1,1),512,4096,4096,64x64x32_w4_v4,SKIP,opt only LUT path
F8_E4M3_B128,LUT,U(-1,1),512,4096,4096,64x128x32_w4_v4,SKIP,BN/WARPS != 16
F8_E4M3_B128,BITSHIFT,U(-1,1),512,4096,4096,64x128x32_w4_v4,SKIP,BN/WARPS != 16
F8_E4M3_B128,LUT,U(-1,1),512,4096,4096,128x64x32_w4_v5,OK,ms=2.019,tflops=8.51,gbps=16.7,maxabs=1.951e-02,p99=9.951e-03,rel=1.848e-04
F8_E4M3_B128,BITSHIFT,U(-1,1),512,4096,4096,128x64x32_w4_v5,SKIP,opt only LUT path
F8_E4M3_B128,LUT,U(-1,1),512,4096,4096,128x128x32_w4_v5,SKIP,BN/WARPS != 16
F8_E4M3_B128,BITSHIFT,U(-1,1),512,4096,4096,128x128x32_w4_v5,SKIP,BN/WARPS != 16
F8_E4M3_B128,LUT,U(-1,1),512,4096,4096,64x64x32_w4_v5,OK,ms=3.026,tflops=5.68,gbps=11.1,maxabs=1.951e-02,p99=9.951e-03,rel=1.848e-04
F8_E4M3_B128,BITSHIFT,U(-1,1),512,4096,4096,64x64x32_w4_v5,SKIP,opt only LUT path
F8_E4M3_B128,LUT,U(-1,1),512,4096,4096,64x128x32_w4_v5,SKIP,BN/WARPS != 16
F8_E4M3_B128,BITSHIFT,U(-1,1),512,4096,4096,64x128x32_w4_v5,SKIP,BN/WARPS != 16
F8_E4M3_B128,LUT,U(-1,1),512,4096,4096,128x128x64_w4_v6,SKIP,BN/WARPS != 16
F8_E4M3_B128,BITSHIFT,U(-1,1),512,4096,4096,128x128x64_w4_v6,SKIP,BN/WARPS != 16
F8_E4M3_B128,LUT,U(-1,1),512,4096,4096,128x64x64_w4_v6,SKIP,v6 only INT8 (A1 retry)
F8_E4M3_B128,BITSHIFT,U(-1,1),512,4096,4096,128x64x64_w4_v6,SKIP,opt only LUT path
F8_E4M3_B128,LUT,U(-1,1),512,4096,4096,64x128x64_w4_v6,SKIP,BN/WARPS != 16
F8_E4M3_B128,BITSHIFT,U(-1,1),512,4096,4096,64x128x64_w4_v6,SKIP,BN/WARPS != 16
F8_E4M3_B128,LUT,U(-1,1),512,4096,4096,64x64x64_w4_v6,SKIP,v6 only INT8 (A1 retry)
F8_E4M3_B128,BITSHIFT,U(-1,1),512,4096,4096,64x64x64_w4_v6,SKIP,opt only LUT path
F8_E4M3_B128,LUT,U(-1,1),1024,4096,4096,16x64x32_w4,OK,ms=8.868,tflops=3.87,gbps=5.7,maxabs=1.949e-02,p99=9.953e-03,rel=1.847e-04
F8_E4M3_B128,BITSHIFT,U(-1,1),1024,4096,4096,16x64x32_w4,OK,ms=11.237,tflops=3.06,gbps=4.5,maxabs=1.949e-02,p99=9.953e-03,rel=1.847e-04
F8_E4M3_B128,LUT,U(-1,1),1024,4096,4096,16x128x32_w8,OK,ms=9.879,tflops=3.48,gbps=5.1,maxabs=1.949e-02,p99=9.953e-03,rel=1.847e-04
F8_E4M3_B128,BITSHIFT,U(-1,1),1024,4096,4096,16x128x32_w8,OK,ms=12.005,tflops=2.86,gbps=4.2,maxabs=1.949e-02,p99=9.953e-03,rel=1.847e-04
F8_E4M3_B128,LUT,U(-1,1),1024,4096,4096,16x128x32_w4f2,SKIP,BN/WARPS != 16
F8_E4M3_B128,BITSHIFT,U(-1,1),1024,4096,4096,16x128x32_w4f2,SKIP,BN/WARPS != 16
F8_E4M3_B128,LUT,U(-1,1),1024,4096,4096,16x256x32_w4f4,SKIP,BN/WARPS != 16
F8_E4M3_B128,BITSHIFT,U(-1,1),1024,4096,4096,16x256x32_w4f4,SKIP,BN/WARPS != 16
F8_E4M3_B128,LUT,U(-1,1),1024,4096,4096,128x64x32_w4_v1,SKIP,no template
F8_E4M3_B128,BITSHIFT,U(-1,1),1024,4096,4096,128x64x32_w4_v1,SKIP,opt only LUT path
F8_E4M3_B128,LUT,U(-1,1),1024,4096,4096,128x128x32_w4_v1,SKIP,BN/WARPS != 16
F8_E4M3_B128,BITSHIFT,U(-1,1),1024,4096,4096,128x128x32_w4_v1,SKIP,BN/WARPS != 16
F8_E4M3_B128,LUT,U(-1,1),1024,4096,4096,128x256x32_w4_v1,SKIP,BN/WARPS != 16
F8_E4M3_B128,BITSHIFT,U(-1,1),1024,4096,4096,128x256x32_w4_v1,SKIP,BN/WARPS != 16
F8_E4M3_B128,LUT,U(-1,1),1024,4096,4096,128x256x32_w8_v1,SKIP,BN/WARPS != 16
F8_E4M3_B128,BITSHIFT,U(-1,1),1024,4096,4096,128x256x32_w8_v1,SKIP,BN/WARPS != 16
F8_E4M3_B128,LUT,U(-1,1),1024,4096,4096,64x64x32_w4_v1,SKIP,no template
F8_E4M3_B128,BITSHIFT,U(-1,1),1024,4096,4096,64x64x32_w4_v1,SKIP,opt only LUT path
F8_E4M3_B128,LUT,U(-1,1),1024,4096,4096,64x128x32_w4_v1,SKIP,BN/WARPS != 16
F8_E4M3_B128,BITSHIFT,U(-1,1),1024,4096,4096,64x128x32_w4_v1,SKIP,BN/WARPS != 16
F8_E4M3_B128,LUT,U(-1,1),1024,4096,4096,128x64x32_w4_v2,OK,ms=3.260,tflops=10.54,gbps=15.5,maxabs=1.949e-02,p99=9.953e-03,rel=1.847e-04
F8_E4M3_B128,BITSHIFT,U(-1,1),1024,4096,4096,128x64x32_w4_v2,SKIP,opt only LUT path
F8_E4M3_B128,LUT,U(-1,1),1024,4096,4096,128x128x32_w4_v2,SKIP,BN/WARPS != 16
F8_E4M3_B128,BITSHIFT,U(-1,1),1024,4096,4096,128x128x32_w4_v2,SKIP,BN/WARPS != 16
F8_E4M3_B128,LUT,U(-1,1),1024,4096,4096,128x256x32_w4_v2,SKIP,BN/WARPS != 16
F8_E4M3_B128,BITSHIFT,U(-1,1),1024,4096,4096,128x256x32_w4_v2,SKIP,BN/WARPS != 16
F8_E4M3_B128,LUT,U(-1,1),1024,4096,4096,128x256x32_w8_v2,SKIP,BN/WARPS != 16
F8_E4M3_B128,BITSHIFT,U(-1,1),1024,4096,4096,128x256x32_w8_v2,SKIP,BN/WARPS != 16
F8_E4M3_B128,LUT,U(-1,1),1024,4096,4096,64x64x32_w4_v2,OK,ms=4.248,tflops=8.09,gbps=11.9,maxabs=1.949e-02,p99=9.953e-03,rel=1.847e-04
F8_E4M3_B128,BITSHIFT,U(-1,1),1024,4096,4096,64x64x32_w4_v2,SKIP,opt only LUT path
F8_E4M3_B128,LUT,U(-1,1),1024,4096,4096,64x128x32_w4_v2,SKIP,BN/WARPS != 16
F8_E4M3_B128,BITSHIFT,U(-1,1),1024,4096,4096,64x128x32_w4_v2,SKIP,BN/WARPS != 16
F8_E4M3_B128,LUT,U(-1,1),1024,4096,4096,128x64x32_w4_v3,OK,ms=3.269,tflops=10.51,gbps=15.4,maxabs=1.949e-02,p99=9.953e-03,rel=1.847e-04
F8_E4M3_B128,BITSHIFT,U(-1,1),1024,4096,4096,128x64x32_w4_v3,SKIP,opt only LUT path
F8_E4M3_B128,LUT,U(-1,1),1024,4096,4096,128x128x32_w4_v3,SKIP,BN/WARPS != 16
F8_E4M3_B128,BITSHIFT,U(-1,1),1024,4096,4096,128x128x32_w4_v3,SKIP,BN/WARPS != 16
F8_E4M3_B128,LUT,U(-1,1),1024,4096,4096,128x256x32_w8_v3,SKIP,BN/WARPS != 16
F8_E4M3_B128,BITSHIFT,U(-1,1),1024,4096,4096,128x256x32_w8_v3,SKIP,BN/WARPS != 16
F8_E4M3_B128,LUT,U(-1,1),1024,4096,4096,64x64x32_w4_v3,OK,ms=2.702,tflops=12.72,gbps=18.7,maxabs=1.949e-02,p99=9.953e-03,rel=1.847e-04
F8_E4M3_B128,BITSHIFT,U(-1,1),1024,4096,4096,64x64x32_w4_v3,SKIP,opt only LUT path
F8_E4M3_B128,LUT,U(-1,1),1024,4096,4096,64x128x32_w4_v3,SKIP,BN/WARPS != 16
F8_E4M3_B128,BITSHIFT,U(-1,1),1024,4096,4096,64x128x32_w4_v3,SKIP,BN/WARPS != 16
F8_E4M3_B128,LUT,U(-1,1),1024,4096,4096,32x128x32_w4_v3_b1,SKIP,BN/WARPS != 16
F8_E4M3_B128,BITSHIFT,U(-1,1),1024,4096,4096,32x128x32_w4_v3_b1,SKIP,BN/WARPS != 16
F8_E4M3_B128,LUT,U(-1,1),1024,4096,4096,32x64x32_w4_v3_b1,OK,ms=3.877,tflops=8.86,gbps=13.0,maxabs=1.949e-02,p99=9.953e-03,rel=1.847e-04
F8_E4M3_B128,BITSHIFT,U(-1,1),1024,4096,4096,32x64x32_w4_v3_b1,SKIP,opt only LUT path
F8_E4M3_B128,LUT,U(-1,1),1024,4096,4096,32x256x32_w8_v3_b1,SKIP,BN/WARPS != 16
F8_E4M3_B128,BITSHIFT,U(-1,1),1024,4096,4096,32x256x32_w8_v3_b1,SKIP,BN/WARPS != 16
F8_E4M3_B128,LUT,U(-1,1),1024,4096,4096,128x128x32_w8_v3_b1alt,SKIP,no template
F8_E4M3_B128,BITSHIFT,U(-1,1),1024,4096,4096,128x128x32_w8_v3_b1alt,SKIP,opt only LUT path
F8_E4M3_B128,LUT,U(-1,1),1024,4096,4096,64x128x32_w8_v3_b1alt,SKIP,no template
F8_E4M3_B128,BITSHIFT,U(-1,1),1024,4096,4096,64x128x32_w8_v3_b1alt,SKIP,opt only LUT path
F8_E4M3_B128,LUT,U(-1,1),1024,4096,4096,128x64x32_w4_v4,OK,ms=3.343,tflops=10.28,gbps=15.1,maxabs=1.949e-02,p99=9.953e-03,rel=1.847e-04
F8_E4M3_B128,BITSHIFT,U(-1,1),1024,4096,4096,128x64x32_w4_v4,SKIP,opt only LUT path
F8_E4M3_B128,LUT,U(-1,1),1024,4096,4096,128x128x32_w4_v4,SKIP,BN/WARPS != 16
F8_E4M3_B128,BITSHIFT,U(-1,1),1024,4096,4096,128x128x32_w4_v4,SKIP,BN/WARPS != 16
F8_E4M3_B128,LUT,U(-1,1),1024,4096,4096,64x64x32_w4_v4,OK,ms=2.775,tflops=12.38,gbps=18.2,maxabs=1.949e-02,p99=9.953e-03,rel=1.847e-04
F8_E4M3_B128,BITSHIFT,U(-1,1),1024,4096,4096,64x64x32_w4_v4,SKIP,opt only LUT path
F8_E4M3_B128,LUT,U(-1,1),1024,4096,4096,64x128x32_w4_v4,SKIP,BN/WARPS != 16
F8_E4M3_B128,BITSHIFT,U(-1,1),1024,4096,4096,64x128x32_w4_v4,SKIP,BN/WARPS != 16
F8_E4M3_B128,LUT,U(-1,1),1024,4096,4096,128x64x32_w4_v5,OK,ms=3.947,tflops=8.70,gbps=12.8,maxabs=1.949e-02,p99=9.953e-03,rel=1.847e-04
F8_E4M3_B128,BITSHIFT,U(-1,1),1024,4096,4096,128x64x32_w4_v5,SKIP,opt only LUT path
F8_E4M3_B128,LUT,U(-1,1),1024,4096,4096,128x128x32_w4_v5,SKIP,BN/WARPS != 16
F8_E4M3_B128,BITSHIFT,U(-1,1),1024,4096,4096,128x128x32_w4_v5,SKIP,BN/WARPS != 16
F8_E4M3_B128,LUT,U(-1,1),1024,4096,4096,64x64x32_w4_v5,OK,ms=5.360,tflops=6.41,gbps=9.4,maxabs=1.949e-02,p99=9.953e-03,rel=1.847e-04
F8_E4M3_B128,BITSHIFT,U(-1,1),1024,4096,4096,64x64x32_w4_v5,SKIP,opt only LUT path
F8_E4M3_B128,LUT,U(-1,1),1024,4096,4096,64x128x32_w4_v5,SKIP,BN/WARPS != 16
F8_E4M3_B128,BITSHIFT,U(-1,1),1024,4096,4096,64x128x32_w4_v5,SKIP,BN/WARPS != 16
F8_E4M3_B128,LUT,U(-1,1),1024,4096,4096,128x128x64_w4_v6,SKIP,BN/WARPS != 16
F8_E4M3_B128,BITSHIFT,U(-1,1),1024,4096,4096,128x128x64_w4_v6,SKIP,BN/WARPS != 16
F8_E4M3_B128,LUT,U(-1,1),1024,4096,4096,128x64x64_w4_v6,SKIP,v6 only INT8 (A1 retry)
F8_E4M3_B128,BITSHIFT,U(-1,1),1024,4096,4096,128x64x64_w4_v6,SKIP,opt only LUT path
F8_E4M3_B128,LUT,U(-1,1),1024,4096,4096,64x128x64_w4_v6,SKIP,BN/WARPS != 16
F8_E4M3_B128,BITSHIFT,U(-1,1),1024,4096,4096,64x128x64_w4_v6,SKIP,BN/WARPS != 16
F8_E4M3_B128,LUT,U(-1,1),1024,4096,4096,64x64x64_w4_v6,SKIP,v6 only INT8 (A1 retry)
F8_E4M3_B128,BITSHIFT,U(-1,1),1024,4096,4096,64x64x64_w4_v6,SKIP,opt only LUT path
F8_E4M3_B128,LUT,U(-1,1),2048,4096,4096,16x64x32_w4,OK,ms=17.667,tflops=3.89,gbps=4.8,maxabs=2.047e-02,p99=1.002e-02,rel=1.846e-04
F8_E4M3_B128,BITSHIFT,U(-1,1),2048,4096,4096,16x64x32_w4,OK,ms=21.192,tflops=3.24,gbps=4.0,maxabs=2.050e-02,p99=1.002e-02,rel=1.846e-04
F8_E4M3_B128,LUT,U(-1,1),2048,4096,4096,16x128x32_w8,OK,ms=18.516,tflops=3.71,gbps=4.5,maxabs=2.047e-02,p99=1.002e-02,rel=1.846e-04
F8_E4M3_B128,BITSHIFT,U(-1,1),2048,4096,4096,16x128x32_w8,OK,ms=22.440,tflops=3.06,gbps=3.7,maxabs=2.050e-02,p99=1.002e-02,rel=1.846e-04
F8_E4M3_B128,LUT,U(-1,1),2048,4096,4096,16x128x32_w4f2,SKIP,BN/WARPS != 16
F8_E4M3_B128,BITSHIFT,U(-1,1),2048,4096,4096,16x128x32_w4f2,SKIP,BN/WARPS != 16
F8_E4M3_B128,LUT,U(-1,1),2048,4096,4096,16x256x32_w4f4,SKIP,BN/WARPS != 16
F8_E4M3_B128,BITSHIFT,U(-1,1),2048,4096,4096,16x256x32_w4f4,SKIP,BN/WARPS != 16
F8_E4M3_B128,LUT,U(-1,1),2048,4096,4096,128x64x32_w4_v1,SKIP,no template
F8_E4M3_B128,BITSHIFT,U(-1,1),2048,4096,4096,128x64x32_w4_v1,SKIP,opt only LUT path
F8_E4M3_B128,LUT,U(-1,1),2048,4096,4096,128x128x32_w4_v1,SKIP,BN/WARPS != 16
F8_E4M3_B128,BITSHIFT,U(-1,1),2048,4096,4096,128x128x32_w4_v1,SKIP,BN/WARPS != 16
F8_E4M3_B128,LUT,U(-1,1),2048,4096,4096,128x256x32_w4_v1,SKIP,BN/WARPS != 16
F8_E4M3_B128,BITSHIFT,U(-1,1),2048,4096,4096,128x256x32_w4_v1,SKIP,BN/WARPS != 16
F8_E4M3_B128,LUT,U(-1,1),2048,4096,4096,128x256x32_w8_v1,SKIP,BN/WARPS != 16
F8_E4M3_B128,BITSHIFT,U(-1,1),2048,4096,4096,128x256x32_w8_v1,SKIP,BN/WARPS != 16
F8_E4M3_B128,LUT,U(-1,1),2048,4096,4096,64x64x32_w4_v1,SKIP,no template
F8_E4M3_B128,BITSHIFT,U(-1,1),2048,4096,4096,64x64x32_w4_v1,SKIP,opt only LUT path
F8_E4M3_B128,LUT,U(-1,1),2048,4096,4096,64x128x32_w4_v1,SKIP,BN/WARPS != 16
F8_E4M3_B128,BITSHIFT,U(-1,1),2048,4096,4096,64x128x32_w4_v1,SKIP,BN/WARPS != 16
F8_E4M3_B128,LUT,U(-1,1),2048,4096,4096,128x64x32_w4_v2,OK,ms=6.473,tflops=10.62,gbps=13.0,maxabs=2.047e-02,p99=1.002e-02,rel=1.846e-04
F8_E4M3_B128,BITSHIFT,U(-1,1),2048,4096,4096,128x64x32_w4_v2,SKIP,opt only LUT path
F8_E4M3_B128,LUT,U(-1,1),2048,4096,4096,128x128x32_w4_v2,SKIP,BN/WARPS != 16
F8_E4M3_B128,BITSHIFT,U(-1,1),2048,4096,4096,128x128x32_w4_v2,SKIP,BN/WARPS != 16
F8_E4M3_B128,LUT,U(-1,1),2048,4096,4096,128x256x32_w4_v2,SKIP,BN/WARPS != 16
F8_E4M3_B128,BITSHIFT,U(-1,1),2048,4096,4096,128x256x32_w4_v2,SKIP,BN/WARPS != 16
F8_E4M3_B128,LUT,U(-1,1),2048,4096,4096,128x256x32_w8_v2,SKIP,BN/WARPS != 16
F8_E4M3_B128,BITSHIFT,U(-1,1),2048,4096,4096,128x256x32_w8_v2,SKIP,BN/WARPS != 16
F8_E4M3_B128,LUT,U(-1,1),2048,4096,4096,64x64x32_w4_v2,OK,ms=8.454,tflops=8.13,gbps=9.9,maxabs=2.047e-02,p99=1.002e-02,rel=1.846e-04
F8_E4M3_B128,BITSHIFT,U(-1,1),2048,4096,4096,64x64x32_w4_v2,SKIP,opt only LUT path
F8_E4M3_B128,LUT,U(-1,1),2048,4096,4096,64x128x32_w4_v2,SKIP,BN/WARPS != 16
F8_E4M3_B128,BITSHIFT,U(-1,1),2048,4096,4096,64x128x32_w4_v2,SKIP,BN/WARPS != 16
F8_E4M3_B128,LUT,U(-1,1),2048,4096,4096,128x64x32_w4_v3,OK,ms=5.543,tflops=12.40,gbps=15.2,maxabs=2.047e-02,p99=1.002e-02,rel=1.846e-04
F8_E4M3_B128,BITSHIFT,U(-1,1),2048,4096,4096,128x64x32_w4_v3,SKIP,opt only LUT path
F8_E4M3_B128,LUT,U(-1,1),2048,4096,4096,128x128x32_w4_v3,SKIP,BN/WARPS != 16
F8_E4M3_B128,BITSHIFT,U(-1,1),2048,4096,4096,128x128x32_w4_v3,SKIP,BN/WARPS != 16
F8_E4M3_B128,LUT,U(-1,1),2048,4096,4096,128x256x32_w8_v3,SKIP,BN/WARPS != 16
F8_E4M3_B128,BITSHIFT,U(-1,1),2048,4096,4096,128x256x32_w8_v3,SKIP,BN/WARPS != 16
F8_E4M3_B128,LUT,U(-1,1),2048,4096,4096,64x64x32_w4_v3,OK,ms=5.291,tflops=12.99,gbps=15.9,maxabs=2.047e-02,p99=1.002e-02,rel=1.846e-04
F8_E4M3_B128,BITSHIFT,U(-1,1),2048,4096,4096,64x64x32_w4_v3,SKIP,opt only LUT path
F8_E4M3_B128,LUT,U(-1,1),2048,4096,4096,64x128x32_w4_v3,SKIP,BN/WARPS != 16
F8_E4M3_B128,BITSHIFT,U(-1,1),2048,4096,4096,64x128x32_w4_v3,SKIP,BN/WARPS != 16
F8_E4M3_B128,LUT,U(-1,1),2048,4096,4096,32x128x32_w4_v3_b1,SKIP,BN/WARPS != 16
F8_E4M3_B128,BITSHIFT,U(-1,1),2048,4096,4096,32x128x32_w4_v3_b1,SKIP,BN/WARPS != 16
F8_E4M3_B128,LUT,U(-1,1),2048,4096,4096,32x64x32_w4_v3_b1,OK,ms=7.100,tflops=9.68,gbps=11.8,maxabs=2.047e-02,p99=1.002e-02,rel=1.846e-04
F8_E4M3_B128,BITSHIFT,U(-1,1),2048,4096,4096,32x64x32_w4_v3_b1,SKIP,opt only LUT path
F8_E4M3_B128,LUT,U(-1,1),2048,4096,4096,32x256x32_w8_v3_b1,SKIP,BN/WARPS != 16
F8_E4M3_B128,BITSHIFT,U(-1,1),2048,4096,4096,32x256x32_w8_v3_b1,SKIP,BN/WARPS != 16
F8_E4M3_B128,LUT,U(-1,1),2048,4096,4096,128x128x32_w8_v3_b1alt,SKIP,no template
F8_E4M3_B128,BITSHIFT,U(-1,1),2048,4096,4096,128x128x32_w8_v3_b1alt,SKIP,opt only LUT path
F8_E4M3_B128,LUT,U(-1,1),2048,4096,4096,64x128x32_w8_v3_b1alt,SKIP,no template
F8_E4M3_B128,BITSHIFT,U(-1,1),2048,4096,4096,64x128x32_w8_v3_b1alt,SKIP,opt only LUT path
F8_E4M3_B128,LUT,U(-1,1),2048,4096,4096,128x64x32_w4_v4,OK,ms=5.645,tflops=12.17,gbps=14.9,maxabs=2.047e-02,p99=1.002e-02,rel=1.846e-04
F8_E4M3_B128,BITSHIFT,U(-1,1),2048,4096,4096,128x64x32_w4_v4,SKIP,opt only LUT path
F8_E4M3_B128,LUT,U(-1,1),2048,4096,4096,128x128x32_w4_v4,SKIP,BN/WARPS != 16
F8_E4M3_B128,BITSHIFT,U(-1,1),2048,4096,4096,128x128x32_w4_v4,SKIP,BN/WARPS != 16
F8_E4M3_B128,LUT,U(-1,1),2048,4096,4096,64x64x32_w4_v4,OK,ms=5.479,tflops=12.54,gbps=15.3,maxabs=2.047e-02,p99=1.002e-02,rel=1.846e-04
F8_E4M3_B128,BITSHIFT,U(-1,1),2048,4096,4096,64x64x32_w4_v4,SKIP,opt only LUT path
F8_E4M3_B128,LUT,U(-1,1),2048,4096,4096,64x128x32_w4_v4,SKIP,BN/WARPS != 16
F8_E4M3_B128,BITSHIFT,U(-1,1),2048,4096,4096,64x128x32_w4_v4,SKIP,BN/WARPS != 16
F8_E4M3_B128,LUT,U(-1,1),2048,4096,4096,128x64x32_w4_v5,OK,ms=7.017,tflops=9.79,gbps=12.0,maxabs=2.047e-02,p99=1.002e-02,rel=1.846e-04
F8_E4M3_B128,BITSHIFT,U(-1,1),2048,4096,4096,128x64x32_w4_v5,SKIP,opt only LUT path
F8_E4M3_B128,LUT,U(-1,1),2048,4096,4096,128x128x32_w4_v5,SKIP,BN/WARPS != 16
F8_E4M3_B128,BITSHIFT,U(-1,1),2048,4096,4096,128x128x32_w4_v5,SKIP,BN/WARPS != 16
F8_E4M3_B128,LUT,U(-1,1),2048,4096,4096,64x64x32_w4_v5,OK,ms=9.956,tflops=6.90,gbps=8.4,maxabs=2.047e-02,p99=1.002e-02,rel=1.846e-04
F8_E4M3_B128,BITSHIFT,U(-1,1),2048,4096,4096,64x64x32_w4_v5,SKIP,opt only LUT path
F8_E4M3_B128,LUT,U(-1,1),2048,4096,4096,64x128x32_w4_v5,SKIP,BN/WARPS != 16
F8_E4M3_B128,BITSHIFT,U(-1,1),2048,4096,4096,64x128x32_w4_v5,SKIP,BN/WARPS != 16
F8_E4M3_B128,LUT,U(-1,1),2048,4096,4096,128x128x64_w4_v6,SKIP,BN/WARPS != 16
F8_E4M3_B128,BITSHIFT,U(-1,1),2048,4096,4096,128x128x64_w4_v6,SKIP,BN/WARPS != 16
F8_E4M3_B128,LUT,U(-1,1),2048,4096,4096,128x64x64_w4_v6,SKIP,v6 only INT8 (A1 retry)
F8_E4M3_B128,BITSHIFT,U(-1,1),2048,4096,4096,128x64x64_w4_v6,SKIP,opt only LUT path
F8_E4M3_B128,LUT,U(-1,1),2048,4096,4096,64x128x64_w4_v6,SKIP,BN/WARPS != 16
F8_E4M3_B128,BITSHIFT,U(-1,1),2048,4096,4096,64x128x64_w4_v6,SKIP,BN/WARPS != 16
F8_E4M3_B128,LUT,U(-1,1),2048,4096,4096,64x64x64_w4_v6,SKIP,v6 only INT8 (A1 retry)
F8_E4M3_B128,BITSHIFT,U(-1,1),2048,4096,4096,64x64x64_w4_v6,SKIP,opt only LUT path
F8_E4M3_B128,LUT,U(-1,1),1,7168,7168,16x64x32_w4,OK,ms=2.029,tflops=0.05,gbps=25.6,maxabs=1.831e-02,p99=1.252e-02,rel=1.819e-04
F8_E4M3_B128,BITSHIFT,U(-1,1),1,7168,7168,16x64x32_w4,OK,ms=2.233,tflops=0.05,gbps=23.2,maxabs=1.832e-02,p99=1.255e-02,rel=1.819e-04
F8_E4M3_B128,LUT,U(-1,1),1,7168,7168,16x128x32_w8,OK,ms=2.217,tflops=0.05,gbps=23.4,maxabs=1.831e-02,p99=1.252e-02,rel=1.819e-04
F8_E4M3_B128,BITSHIFT,U(-1,1),1,7168,7168,16x128x32_w8,OK,ms=2.429,tflops=0.04,gbps=21.3,maxabs=1.832e-02,p99=1.255e-02,rel=1.819e-04
F8_E4M3_B128,LUT,U(-1,1),1,7168,7168,16x128x32_w4f2,SKIP,BN/WARPS != 16
F8_E4M3_B128,BITSHIFT,U(-1,1),1,7168,7168,16x128x32_w4f2,SKIP,BN/WARPS != 16
F8_E4M3_B128,LUT,U(-1,1),1,7168,7168,16x256x32_w4f4,SKIP,BN/WARPS != 16
F8_E4M3_B128,BITSHIFT,U(-1,1),1,7168,7168,16x256x32_w4f4,SKIP,BN/WARPS != 16
F8_E4M3_B128,LUT,U(-1,1),1,7168,7168,128x64x32_w4_v1,SKIP,no template
F8_E4M3_B128,BITSHIFT,U(-1,1),1,7168,7168,128x64x32_w4_v1,SKIP,opt only LUT path
F8_E4M3_B128,LUT,U(-1,1),1,7168,7168,128x128x32_w4_v1,SKIP,BN/WARPS != 16
F8_E4M3_B128,BITSHIFT,U(-1,1),1,7168,7168,128x128x32_w4_v1,SKIP,BN/WARPS != 16
F8_E4M3_B128,LUT,U(-1,1),1,7168,7168,128x256x32_w4_v1,SKIP,BN/WARPS != 16
F8_E4M3_B128,BITSHIFT,U(-1,1),1,7168,7168,128x256x32_w4_v1,SKIP,BN/WARPS != 16
F8_E4M3_B128,LUT,U(-1,1),1,7168,7168,128x256x32_w8_v1,SKIP,BN/WARPS != 16
F8_E4M3_B128,BITSHIFT,U(-1,1),1,7168,7168,128x256x32_w8_v1,SKIP,BN/WARPS != 16
F8_E4M3_B128,LUT,U(-1,1),1,7168,7168,64x64x32_w4_v1,SKIP,no template
F8_E4M3_B128,BITSHIFT,U(-1,1),1,7168,7168,64x64x32_w4_v1,SKIP,opt only LUT path
F8_E4M3_B128,LUT,U(-1,1),1,7168,7168,64x128x32_w4_v1,SKIP,BN/WARPS != 16
F8_E4M3_B128,BITSHIFT,U(-1,1),1,7168,7168,64x128x32_w4_v1,SKIP,BN/WARPS != 16
F8_E4M3_B128,LUT,U(-1,1),1,7168,7168,128x64x32_w4_v2,OK,ms=2.616,tflops=0.04,gbps=19.8,maxabs=1.831e-02,p99=1.252e-02,rel=1.819e-04
F8_E4M3_B128,BITSHIFT,U(-1,1),1,7168,7168,128x64x32_w4_v2,SKIP,opt only LUT path
F8_E4M3_B128,LUT,U(-1,1),1,7168,7168,128x128x32_w4_v2,SKIP,BN/WARPS != 16
F8_E4M3_B128,BITSHIFT,U(-1,1),1,7168,7168,128x128x32_w4_v2,SKIP,BN/WARPS != 16
F8_E4M3_B128,LUT,U(-1,1),1,7168,7168,128x256x32_w4_v2,SKIP,BN/WARPS != 16
F8_E4M3_B128,BITSHIFT,U(-1,1),1,7168,7168,128x256x32_w4_v2,SKIP,BN/WARPS != 16
F8_E4M3_B128,LUT,U(-1,1),1,7168,7168,128x256x32_w8_v2,SKIP,BN/WARPS != 16
F8_E4M3_B128,BITSHIFT,U(-1,1),1,7168,7168,128x256x32_w8_v2,SKIP,BN/WARPS != 16
F8_E4M3_B128,LUT,U(-1,1),1,7168,7168,64x64x32_w4_v2,OK,ms=2.229,tflops=0.05,gbps=23.3,maxabs=1.831e-02,p99=1.252e-02,rel=1.819e-04
F8_E4M3_B128,BITSHIFT,U(-1,1),1,7168,7168,64x64x32_w4_v2,SKIP,opt only LUT path
F8_E4M3_B128,LUT,U(-1,1),1,7168,7168,64x128x32_w4_v2,SKIP,BN/WARPS != 16
F8_E4M3_B128,BITSHIFT,U(-1,1),1,7168,7168,64x128x32_w4_v2,SKIP,BN/WARPS != 16
F8_E4M3_B128,LUT,U(-1,1),1,7168,7168,128x64x32_w4_v3,OK,ms=1.739,tflops=0.06,gbps=29.8,maxabs=1.831e-02,p99=1.252e-02,rel=1.819e-04
F8_E4M3_B128,BITSHIFT,U(-1,1),1,7168,7168,128x64x32_w4_v3,SKIP,opt only LUT path
F8_E4M3_B128,LUT,U(-1,1),1,7168,7168,128x128x32_w4_v3,SKIP,BN/WARPS != 16
F8_E4M3_B128,BITSHIFT,U(-1,1),1,7168,7168,128x128x32_w4_v3,SKIP,BN/WARPS != 16
F8_E4M3_B128,LUT,U(-1,1),1,7168,7168,128x256x32_w8_v3,SKIP,BN/WARPS != 16
F8_E4M3_B128,BITSHIFT,U(-1,1),1,7168,7168,128x256x32_w8_v3,SKIP,BN/WARPS != 16
F8_E4M3_B128,LUT,U(-1,1),1,7168,7168,64x64x32_w4_v3,OK,ms=1.378,tflops=0.07,gbps=37.6,maxabs=1.831e-02,p99=1.252e-02,rel=1.819e-04
F8_E4M3_B128,BITSHIFT,U(-1,1),1,7168,7168,64x64x32_w4_v3,SKIP,opt only LUT path
F8_E4M3_B128,LUT,U(-1,1),1,7168,7168,64x128x32_w4_v3,SKIP,BN/WARPS != 16
F8_E4M3_B128,BITSHIFT,U(-1,1),1,7168,7168,64x128x32_w4_v3,SKIP,BN/WARPS != 16
F8_E4M3_B128,LUT,U(-1,1),1,7168,7168,32x128x32_w4_v3_b1,SKIP,BN/WARPS != 16
F8_E4M3_B128,BITSHIFT,U(-1,1),1,7168,7168,32x128x32_w4_v3_b1,SKIP,BN/WARPS != 16
F8_E4M3_B128,LUT,U(-1,1),1,7168,7168,32x64x32_w4_v3_b1,OK,ms=1.180,tflops=0.09,gbps=43.9,maxabs=1.831e-02,p99=1.252e-02,rel=1.819e-04
F8_E4M3_B128,BITSHIFT,U(-1,1),1,7168,7168,32x64x32_w4_v3_b1,SKIP,opt only LUT path
F8_E4M3_B128,LUT,U(-1,1),1,7168,7168,32x256x32_w8_v3_b1,SKIP,BN/WARPS != 16
F8_E4M3_B128,BITSHIFT,U(-1,1),1,7168,7168,32x256x32_w8_v3_b1,SKIP,BN/WARPS != 16
F8_E4M3_B128,LUT,U(-1,1),1,7168,7168,128x128x32_w8_v3_b1alt,SKIP,no template
F8_E4M3_B128,BITSHIFT,U(-1,1),1,7168,7168,128x128x32_w8_v3_b1alt,SKIP,opt only LUT path
F8_E4M3_B128,LUT,U(-1,1),1,7168,7168,64x128x32_w8_v3_b1alt,SKIP,no template
F8_E4M3_B128,BITSHIFT,U(-1,1),1,7168,7168,64x128x32_w8_v3_b1alt,SKIP,opt only LUT path
F8_E4M3_B128,LUT,U(-1,1),1,7168,7168,128x64x32_w4_v4,OK,ms=1.757,tflops=0.06,gbps=29.5,maxabs=1.831e-02,p99=1.252e-02,rel=1.819e-04
F8_E4M3_B128,BITSHIFT,U(-1,1),1,7168,7168,128x64x32_w4_v4,SKIP,opt only LUT path
F8_E4M3_B128,LUT,U(-1,1),1,7168,7168,128x128x32_w4_v4,SKIP,BN/WARPS != 16
F8_E4M3_B128,BITSHIFT,U(-1,1),1,7168,7168,128x128x32_w4_v4,SKIP,BN/WARPS != 16
F8_E4M3_B128,LUT,U(-1,1),1,7168,7168,64x64x32_w4_v4,OK,ms=1.383,tflops=0.07,gbps=37.5,maxabs=1.831e-02,p99=1.252e-02,rel=1.819e-04
F8_E4M3_B128,BITSHIFT,U(-1,1),1,7168,7168,64x64x32_w4_v4,SKIP,opt only LUT path
F8_E4M3_B128,LUT,U(-1,1),1,7168,7168,64x128x32_w4_v4,SKIP,BN/WARPS != 16
F8_E4M3_B128,BITSHIFT,U(-1,1),1,7168,7168,64x128x32_w4_v4,SKIP,BN/WARPS != 16
F8_E4M3_B128,LUT,U(-1,1),1,7168,7168,128x64x32_w4_v5,OK,ms=1.747,tflops=0.06,gbps=29.7,maxabs=1.831e-02,p99=1.252e-02,rel=1.819e-04
F8_E4M3_B128,BITSHIFT,U(-1,1),1,7168,7168,128x64x32_w4_v5,SKIP,opt only LUT path
F8_E4M3_B128,LUT,U(-1,1),1,7168,7168,128x128x32_w4_v5,SKIP,BN/WARPS != 16
F8_E4M3_B128,BITSHIFT,U(-1,1),1,7168,7168,128x128x32_w4_v5,SKIP,BN/WARPS != 16
F8_E4M3_B128,LUT,U(-1,1),1,7168,7168,64x64x32_w4_v5,OK,ms=1.381,tflops=0.07,gbps=37.5,maxabs=1.831e-02,p99=1.252e-02,rel=1.819e-04
F8_E4M3_B128,BITSHIFT,U(-1,1),1,7168,7168,64x64x32_w4_v5,SKIP,opt only LUT path
F8_E4M3_B128,LUT,U(-1,1),1,7168,7168,64x128x32_w4_v5,SKIP,BN/WARPS != 16
F8_E4M3_B128,BITSHIFT,U(-1,1),1,7168,7168,64x128x32_w4_v5,SKIP,BN/WARPS != 16
F8_E4M3_B128,LUT,U(-1,1),1,7168,7168,128x128x64_w4_v6,SKIP,BN/WARPS != 16
F8_E4M3_B128,BITSHIFT,U(-1,1),1,7168,7168,128x128x64_w4_v6,SKIP,BN/WARPS != 16
F8_E4M3_B128,LUT,U(-1,1),1,7168,7168,128x64x64_w4_v6,SKIP,v6 only INT8 (A1 retry)
F8_E4M3_B128,BITSHIFT,U(-1,1),1,7168,7168,128x64x64_w4_v6,SKIP,opt only LUT path
F8_E4M3_B128,LUT,U(-1,1),1,7168,7168,64x128x64_w4_v6,SKIP,BN/WARPS != 16
F8_E4M3_B128,BITSHIFT,U(-1,1),1,7168,7168,64x128x64_w4_v6,SKIP,BN/WARPS != 16
F8_E4M3_B128,LUT,U(-1,1),1,7168,7168,64x64x64_w4_v6,SKIP,v6 only INT8 (A1 retry)
F8_E4M3_B128,BITSHIFT,U(-1,1),1,7168,7168,64x64x64_w4_v6,SKIP,opt only LUT path
F8_E4M3_B128,LUT,U(-1,1),16,7168,7168,16x64x32_w4,OK,ms=2.062,tflops=0.80,gbps=25.6,maxabs=2.450e-02,p99=1.297e-02,rel=1.854e-04
F8_E4M3_B128,BITSHIFT,U(-1,1),16,7168,7168,16x64x32_w4,OK,ms=2.336,tflops=0.70,gbps=22.6,maxabs=2.448e-02,p99=1.296e-02,rel=1.854e-04
F8_E4M3_B128,LUT,U(-1,1),16,7168,7168,16x128x32_w8,OK,ms=2.300,tflops=0.71,gbps=22.9,maxabs=2.450e-02,p99=1.297e-02,rel=1.854e-04
F8_E4M3_B128,BITSHIFT,U(-1,1),16,7168,7168,16x128x32_w8,OK,ms=2.581,tflops=0.64,gbps=20.4,maxabs=2.448e-02,p99=1.296e-02,rel=1.854e-04
F8_E4M3_B128,LUT,U(-1,1),16,7168,7168,16x128x32_w4f2,SKIP,BN/WARPS != 16
F8_E4M3_B128,BITSHIFT,U(-1,1),16,7168,7168,16x128x32_w4f2,SKIP,BN/WARPS != 16
F8_E4M3_B128,LUT,U(-1,1),16,7168,7168,16x256x32_w4f4,SKIP,BN/WARPS != 16
F8_E4M3_B128,BITSHIFT,U(-1,1),16,7168,7168,16x256x32_w4f4,SKIP,BN/WARPS != 16
F8_E4M3_B128,LUT,U(-1,1),16,7168,7168,128x64x32_w4_v1,SKIP,no template
F8_E4M3_B128,BITSHIFT,U(-1,1),16,7168,7168,128x64x32_w4_v1,SKIP,opt only LUT path
F8_E4M3_B128,LUT,U(-1,1),16,7168,7168,128x128x32_w4_v1,SKIP,BN/WARPS != 16
F8_E4M3_B128,BITSHIFT,U(-1,1),16,7168,7168,128x128x32_w4_v1,SKIP,BN/WARPS != 16
F8_E4M3_B128,LUT,U(-1,1),16,7168,7168,128x256x32_w4_v1,SKIP,BN/WARPS != 16
F8_E4M3_B128,BITSHIFT,U(-1,1),16,7168,7168,128x256x32_w4_v1,SKIP,BN/WARPS != 16
F8_E4M3_B128,LUT,U(-1,1),16,7168,7168,128x256x32_w8_v1,SKIP,BN/WARPS != 16
F8_E4M3_B128,BITSHIFT,U(-1,1),16,7168,7168,128x256x32_w8_v1,SKIP,BN/WARPS != 16
F8_E4M3_B128,LUT,U(-1,1),16,7168,7168,64x64x32_w4_v1,SKIP,no template
F8_E4M3_B128,BITSHIFT,U(-1,1),16,7168,7168,64x64x32_w4_v1,SKIP,opt only LUT path
F8_E4M3_B128,LUT,U(-1,1),16,7168,7168,64x128x32_w4_v1,SKIP,BN/WARPS != 16
F8_E4M3_B128,BITSHIFT,U(-1,1),16,7168,7168,64x128x32_w4_v1,SKIP,BN/WARPS != 16
F8_E4M3_B128,LUT,U(-1,1),16,7168,7168,128x64x32_w4_v2,OK,ms=2.623,tflops=0.63,gbps=20.1,maxabs=2.450e-02,p99=1.297e-02,rel=1.854e-04
F8_E4M3_B128,BITSHIFT,U(-1,1),16,7168,7168,128x64x32_w4_v2,SKIP,opt only LUT path
F8_E4M3_B128,LUT,U(-1,1),16,7168,7168,128x128x32_w4_v2,SKIP,BN/WARPS != 16
F8_E4M3_B128,BITSHIFT,U(-1,1),16,7168,7168,128x128x32_w4_v2,SKIP,BN/WARPS != 16
F8_E4M3_B128,LUT,U(-1,1),16,7168,7168,128x256x32_w4_v2,SKIP,BN/WARPS != 16
F8_E4M3_B128,BITSHIFT,U(-1,1),16,7168,7168,128x256x32_w4_v2,SKIP,BN/WARPS != 16
F8_E4M3_B128,LUT,U(-1,1),16,7168,7168,128x256x32_w8_v2,SKIP,BN/WARPS != 16
F8_E4M3_B128,BITSHIFT,U(-1,1),16,7168,7168,128x256x32_w8_v2,SKIP,BN/WARPS != 16
F8_E4M3_B128,LUT,U(-1,1),16,7168,7168,64x64x32_w4_v2,OK,ms=2.259,tflops=0.73,gbps=23.3,maxabs=2.450e-02,p99=1.297e-02,rel=1.854e-04
F8_E4M3_B128,BITSHIFT,U(-1,1),16,7168,7168,64x64x32_w4_v2,SKIP,opt only LUT path
F8_E4M3_B128,LUT,U(-1,1),16,7168,7168,64x128x32_w4_v2,SKIP,BN/WARPS != 16
F8_E4M3_B128,BITSHIFT,U(-1,1),16,7168,7168,64x128x32_w4_v2,SKIP,BN/WARPS != 16
F8_E4M3_B128,LUT,U(-1,1),16,7168,7168,128x64x32_w4_v3,OK,ms=1.750,tflops=0.94,gbps=30.1,maxabs=2.450e-02,p99=1.297e-02,rel=1.854e-04
F8_E4M3_B128,BITSHIFT,U(-1,1),16,7168,7168,128x64x32_w4_v3,SKIP,opt only LUT path
F8_E4M3_B128,LUT,U(-1,1),16,7168,7168,128x128x32_w4_v3,SKIP,BN/WARPS != 16
F8_E4M3_B128,BITSHIFT,U(-1,1),16,7168,7168,128x128x32_w4_v3,SKIP,BN/WARPS != 16
F8_E4M3_B128,LUT,U(-1,1),16,7168,7168,128x256x32_w8_v3,SKIP,BN/WARPS != 16
F8_E4M3_B128,BITSHIFT,U(-1,1),16,7168,7168,128x256x32_w8_v3,SKIP,BN/WARPS != 16
F8_E4M3_B128,LUT,U(-1,1),16,7168,7168,64x64x32_w4_v3,OK,ms=1.392,tflops=1.18,gbps=37.9,maxabs=2.450e-02,p99=1.297e-02,rel=1.854e-04
F8_E4M3_B128,BITSHIFT,U(-1,1),16,7168,7168,64x64x32_w4_v3,SKIP,opt only LUT path
F8_E4M3_B128,LUT,U(-1,1),16,7168,7168,64x128x32_w4_v3,SKIP,BN/WARPS != 16
F8_E4M3_B128,BITSHIFT,U(-1,1),16,7168,7168,64x128x32_w4_v3,SKIP,BN/WARPS != 16
F8_E4M3_B128,LUT,U(-1,1),16,7168,7168,32x128x32_w4_v3_b1,SKIP,BN/WARPS != 16
F8_E4M3_B128,BITSHIFT,U(-1,1),16,7168,7168,32x128x32_w4_v3_b1,SKIP,BN/WARPS != 16
F8_E4M3_B128,LUT,U(-1,1),16,7168,7168,32x64x32_w4_v3_b1,OK,ms=1.237,tflops=1.33,gbps=42.6,maxabs=2.450e-02,p99=1.297e-02,rel=1.854e-04
F8_E4M3_B128,BITSHIFT,U(-1,1),16,7168,7168,32x64x32_w4_v3_b1,SKIP,opt only LUT path
F8_E4M3_B128,LUT,U(-1,1),16,7168,7168,32x256x32_w8_v3_b1,SKIP,BN/WARPS != 16
F8_E4M3_B128,BITSHIFT,U(-1,1),16,7168,7168,32x256x32_w8_v3_b1,SKIP,BN/WARPS != 16
F8_E4M3_B128,LUT,U(-1,1),16,7168,7168,128x128x32_w8_v3_b1alt,SKIP,no template
F8_E4M3_B128,BITSHIFT,U(-1,1),16,7168,7168,128x128x32_w8_v3_b1alt,SKIP,opt only LUT path
F8_E4M3_B128,LUT,U(-1,1),16,7168,7168,64x128x32_w8_v3_b1alt,SKIP,no template
F8_E4M3_B128,BITSHIFT,U(-1,1),16,7168,7168,64x128x32_w8_v3_b1alt,SKIP,opt only LUT path
F8_E4M3_B128,LUT,U(-1,1),16,7168,7168,128x64x32_w4_v4,OK,ms=1.781,tflops=0.92,gbps=29.6,maxabs=2.450e-02,p99=1.297e-02,rel=1.854e-04
F8_E4M3_B128,BITSHIFT,U(-1,1),16,7168,7168,128x64x32_w4_v4,SKIP,opt only LUT path
F8_E4M3_B128,LUT,U(-1,1),16,7168,7168,128x128x32_w4_v4,SKIP,BN/WARPS != 16
F8_E4M3_B128,BITSHIFT,U(-1,1),16,7168,7168,128x128x32_w4_v4,SKIP,BN/WARPS != 16
F8_E4M3_B128,LUT,U(-1,1),16,7168,7168,64x64x32_w4_v4,OK,ms=1.419,tflops=1.16,gbps=37.1,maxabs=2.450e-02,p99=1.297e-02,rel=1.854e-04
F8_E4M3_B128,BITSHIFT,U(-1,1),16,7168,7168,64x64x32_w4_v4,SKIP,opt only LUT path
F8_E4M3_B128,LUT,U(-1,1),16,7168,7168,64x128x32_w4_v4,SKIP,BN/WARPS != 16
F8_E4M3_B128,BITSHIFT,U(-1,1),16,7168,7168,64x128x32_w4_v4,SKIP,BN/WARPS != 16
F8_E4M3_B128,LUT,U(-1,1),16,7168,7168,128x64x32_w4_v5,OK,ms=1.761,tflops=0.93,gbps=29.9,maxabs=2.450e-02,p99=1.297e-02,rel=1.854e-04
F8_E4M3_B128,BITSHIFT,U(-1,1),16,7168,7168,128x64x32_w4_v5,SKIP,opt only LUT path
F8_E4M3_B128,LUT,U(-1,1),16,7168,7168,128x128x32_w4_v5,SKIP,BN/WARPS != 16
F8_E4M3_B128,BITSHIFT,U(-1,1),16,7168,7168,128x128x32_w4_v5,SKIP,BN/WARPS != 16
F8_E4M3_B128,LUT,U(-1,1),16,7168,7168,64x64x32_w4_v5,OK,ms=1.412,tflops=1.16,gbps=37.3,maxabs=2.450e-02,p99=1.297e-02,rel=1.854e-04
F8_E4M3_B128,BITSHIFT,U(-1,1),16,7168,7168,64x64x32_w4_v5,SKIP,opt only LUT path
F8_E4M3_B128,LUT,U(-1,1),16,7168,7168,64x128x32_w4_v5,SKIP,BN/WARPS != 16
F8_E4M3_B128,BITSHIFT,U(-1,1),16,7168,7168,64x128x32_w4_v5,SKIP,BN/WARPS != 16
F8_E4M3_B128,LUT,U(-1,1),16,7168,7168,128x128x64_w4_v6,SKIP,BN/WARPS != 16
F8_E4M3_B128,BITSHIFT,U(-1,1),16,7168,7168,128x128x64_w4_v6,SKIP,BN/WARPS != 16
F8_E4M3_B128,LUT,U(-1,1),16,7168,7168,128x64x64_w4_v6,SKIP,v6 only INT8 (A1 retry)
F8_E4M3_B128,BITSHIFT,U(-1,1),16,7168,7168,128x64x64_w4_v6,SKIP,opt only LUT path
F8_E4M3_B128,LUT,U(-1,1),16,7168,7168,64x128x64_w4_v6,SKIP,BN/WARPS != 16
F8_E4M3_B128,BITSHIFT,U(-1,1),16,7168,7168,64x128x64_w4_v6,SKIP,BN/WARPS != 16
F8_E4M3_B128,LUT,U(-1,1),16,7168,7168,64x64x64_w4_v6,SKIP,v6 only INT8 (A1 retry)
F8_E4M3_B128,BITSHIFT,U(-1,1),16,7168,7168,64x64x64_w4_v6,SKIP,opt only LUT path
F8_E4M3_B128,LUT,U(-1,1),64,7168,7168,16x64x32_w4,OK,ms=2.189,tflops=3.00,gbps=25.3,maxabs=2.472e-02,p99=1.323e-02,rel=1.849e-04
F8_E4M3_B128,BITSHIFT,U(-1,1),64,7168,7168,16x64x32_w4,OK,ms=2.542,tflops=2.59,gbps=21.8,maxabs=2.474e-02,p99=1.324e-02,rel=1.849e-04
F8_E4M3_B128,LUT,U(-1,1),64,7168,7168,16x128x32_w8,OK,ms=2.424,tflops=2.71,gbps=22.9,maxabs=2.472e-02,p99=1.323e-02,rel=1.849e-04
F8_E4M3_B128,BITSHIFT,U(-1,1),64,7168,7168,16x128x32_w8,OK,ms=2.861,tflops=2.30,gbps=19.4,maxabs=2.474e-02,p99=1.324e-02,rel=1.849e-04
F8_E4M3_B128,LUT,U(-1,1),64,7168,7168,16x128x32_w4f2,SKIP,BN/WARPS != 16
F8_E4M3_B128,BITSHIFT,U(-1,1),64,7168,7168,16x128x32_w4f2,SKIP,BN/WARPS != 16
F8_E4M3_B128,LUT,U(-1,1),64,7168,7168,16x256x32_w4f4,SKIP,BN/WARPS != 16
F8_E4M3_B128,BITSHIFT,U(-1,1),64,7168,7168,16x256x32_w4f4,SKIP,BN/WARPS != 16
F8_E4M3_B128,LUT,U(-1,1),64,7168,7168,128x64x32_w4_v1,SKIP,no template
F8_E4M3_B128,BITSHIFT,U(-1,1),64,7168,7168,128x64x32_w4_v1,SKIP,opt only LUT path
F8_E4M3_B128,LUT,U(-1,1),64,7168,7168,128x128x32_w4_v1,SKIP,BN/WARPS != 16
F8_E4M3_B128,BITSHIFT,U(-1,1),64,7168,7168,128x128x32_w4_v1,SKIP,BN/WARPS != 16
F8_E4M3_B128,LUT,U(-1,1),64,7168,7168,128x256x32_w4_v1,SKIP,BN/WARPS != 16
F8_E4M3_B128,BITSHIFT,U(-1,1),64,7168,7168,128x256x32_w4_v1,SKIP,BN/WARPS != 16
F8_E4M3_B128,LUT,U(-1,1),64,7168,7168,128x256x32_w8_v1,SKIP,BN/WARPS != 16
F8_E4M3_B128,BITSHIFT,U(-1,1),64,7168,7168,128x256x32_w8_v1,SKIP,BN/WARPS != 16
F8_E4M3_B128,LUT,U(-1,1),64,7168,7168,64x64x32_w4_v1,SKIP,no template
F8_E4M3_B128,BITSHIFT,U(-1,1),64,7168,7168,64x64x32_w4_v1,SKIP,opt only LUT path
F8_E4M3_B128,LUT,U(-1,1),64,7168,7168,64x128x32_w4_v1,SKIP,BN/WARPS != 16
F8_E4M3_B128,BITSHIFT,U(-1,1),64,7168,7168,64x128x32_w4_v1,SKIP,BN/WARPS != 16
F8_E4M3_B128,LUT,U(-1,1),64,7168,7168,128x64x32_w4_v2,OK,ms=2.626,tflops=2.50,gbps=21.1,maxabs=2.472e-02,p99=1.323e-02,rel=1.849e-04
F8_E4M3_B128,BITSHIFT,U(-1,1),64,7168,7168,128x64x32_w4_v2,SKIP,opt only LUT path
F8_E4M3_B128,LUT,U(-1,1),64,7168,7168,128x128x32_w4_v2,SKIP,BN/WARPS != 16
F8_E4M3_B128,BITSHIFT,U(-1,1),64,7168,7168,128x128x32_w4_v2,SKIP,BN/WARPS != 16
F8_E4M3_B128,LUT,U(-1,1),64,7168,7168,128x256x32_w4_v2,SKIP,BN/WARPS != 16
F8_E4M3_B128,BITSHIFT,U(-1,1),64,7168,7168,128x256x32_w4_v2,SKIP,BN/WARPS != 16
F8_E4M3_B128,LUT,U(-1,1),64,7168,7168,128x256x32_w8_v2,SKIP,BN/WARPS != 16
F8_E4M3_B128,BITSHIFT,U(-1,1),64,7168,7168,128x256x32_w8_v2,SKIP,BN/WARPS != 16
F8_E4M3_B128,LUT,U(-1,1),64,7168,7168,64x64x32_w4_v2,OK,ms=2.294,tflops=2.87,gbps=24.2,maxabs=2.472e-02,p99=1.323e-02,rel=1.849e-04
F8_E4M3_B128,BITSHIFT,U(-1,1),64,7168,7168,64x64x32_w4_v2,SKIP,opt only LUT path
F8_E4M3_B128,LUT,U(-1,1),64,7168,7168,64x128x32_w4_v2,SKIP,BN/WARPS != 16
F8_E4M3_B128,BITSHIFT,U(-1,1),64,7168,7168,64x128x32_w4_v2,SKIP,BN/WARPS != 16
F8_E4M3_B128,LUT,U(-1,1),64,7168,7168,128x64x32_w4_v3,OK,ms=1.763,tflops=3.73,gbps=31.5,maxabs=2.472e-02,p99=1.323e-02,rel=1.849e-04
F8_E4M3_B128,BITSHIFT,U(-1,1),64,7168,7168,128x64x32_w4_v3,SKIP,opt only LUT path
F8_E4M3_B128,LUT,U(-1,1),64,7168,7168,128x128x32_w4_v3,SKIP,BN/WARPS != 16
F8_E4M3_B128,BITSHIFT,U(-1,1),64,7168,7168,128x128x32_w4_v3,SKIP,BN/WARPS != 16
F8_E4M3_B128,LUT,U(-1,1),64,7168,7168,128x256x32_w8_v3,SKIP,BN/WARPS != 16
F8_E4M3_B128,BITSHIFT,U(-1,1),64,7168,7168,128x256x32_w8_v3,SKIP,BN/WARPS != 16
F8_E4M3_B128,LUT,U(-1,1),64,7168,7168,64x64x32_w4_v3,OK,ms=1.435,tflops=4.58,gbps=38.6,maxabs=2.472e-02,p99=1.323e-02,rel=1.849e-04
F8_E4M3_B128,BITSHIFT,U(-1,1),64,7168,7168,64x64x32_w4_v3,SKIP,opt only LUT path
F8_E4M3_B128,LUT,U(-1,1),64,7168,7168,64x128x32_w4_v3,SKIP,BN/WARPS != 16
F8_E4M3_B128,BITSHIFT,U(-1,1),64,7168,7168,64x128x32_w4_v3,SKIP,BN/WARPS != 16
F8_E4M3_B128,LUT,U(-1,1),64,7168,7168,32x128x32_w4_v3_b1,SKIP,BN/WARPS != 16
F8_E4M3_B128,BITSHIFT,U(-1,1),64,7168,7168,32x128x32_w4_v3_b1,SKIP,BN/WARPS != 16
F8_E4M3_B128,LUT,U(-1,1),64,7168,7168,32x64x32_w4_v3_b1,OK,ms=1.281,tflops=5.13,gbps=43.3,maxabs=2.472e-02,p99=1.323e-02,rel=1.849e-04
F8_E4M3_B128,BITSHIFT,U(-1,1),64,7168,7168,32x64x32_w4_v3_b1,SKIP,opt only LUT path
F8_E4M3_B128,LUT,U(-1,1),64,7168,7168,32x256x32_w8_v3_b1,SKIP,BN/WARPS != 16
F8_E4M3_B128,BITSHIFT,U(-1,1),64,7168,7168,32x256x32_w8_v3_b1,SKIP,BN/WARPS != 16
F8_E4M3_B128,LUT,U(-1,1),64,7168,7168,128x128x32_w8_v3_b1alt,SKIP,no template
F8_E4M3_B128,BITSHIFT,U(-1,1),64,7168,7168,128x128x32_w8_v3_b1alt,SKIP,opt only LUT path
F8_E4M3_B128,LUT,U(-1,1),64,7168,7168,64x128x32_w8_v3_b1alt,SKIP,no template
F8_E4M3_B128,BITSHIFT,U(-1,1),64,7168,7168,64x128x32_w8_v3_b1alt,SKIP,opt only LUT path
F8_E4M3_B128,LUT,U(-1,1),64,7168,7168,128x64x32_w4_v4,OK,ms=1.797,tflops=3.66,gbps=30.9,maxabs=2.472e-02,p99=1.323e-02,rel=1.849e-04
F8_E4M3_B128,BITSHIFT,U(-1,1),64,7168,7168,128x64x32_w4_v4,SKIP,opt only LUT path
F8_E4M3_B128,LUT,U(-1,1),64,7168,7168,128x128x32_w4_v4,SKIP,BN/WARPS != 16
F8_E4M3_B128,BITSHIFT,U(-1,1),64,7168,7168,128x128x32_w4_v4,SKIP,BN/WARPS != 16
F8_E4M3_B128,LUT,U(-1,1),64,7168,7168,64x64x32_w4_v4,OK,ms=1.428,tflops=4.60,gbps=38.8,maxabs=2.472e-02,p99=1.323e-02,rel=1.849e-04
F8_E4M3_B128,BITSHIFT,U(-1,1),64,7168,7168,64x64x32_w4_v4,SKIP,opt only LUT path
F8_E4M3_B128,LUT,U(-1,1),64,7168,7168,64x128x32_w4_v4,SKIP,BN/WARPS != 16
F8_E4M3_B128,BITSHIFT,U(-1,1),64,7168,7168,64x128x32_w4_v4,SKIP,BN/WARPS != 16
F8_E4M3_B128,LUT,U(-1,1),64,7168,7168,128x64x32_w4_v5,OK,ms=1.787,tflops=3.68,gbps=31.0,maxabs=2.472e-02,p99=1.323e-02,rel=1.849e-04
F8_E4M3_B128,BITSHIFT,U(-1,1),64,7168,7168,128x64x32_w4_v5,SKIP,opt only LUT path
F8_E4M3_B128,LUT,U(-1,1),64,7168,7168,128x128x32_w4_v5,SKIP,BN/WARPS != 16
F8_E4M3_B128,BITSHIFT,U(-1,1),64,7168,7168,128x128x32_w4_v5,SKIP,BN/WARPS != 16
F8_E4M3_B128,LUT,U(-1,1),64,7168,7168,64x64x32_w4_v5,OK,ms=1.430,tflops=4.60,gbps=38.8,maxabs=2.472e-02,p99=1.323e-02,rel=1.849e-04
F8_E4M3_B128,BITSHIFT,U(-1,1),64,7168,7168,64x64x32_w4_v5,SKIP,opt only LUT path
F8_E4M3_B128,LUT,U(-1,1),64,7168,7168,64x128x32_w4_v5,SKIP,BN/WARPS != 16
F8_E4M3_B128,BITSHIFT,U(-1,1),64,7168,7168,64x128x32_w4_v5,SKIP,BN/WARPS != 16
F8_E4M3_B128,LUT,U(-1,1),64,7168,7168,128x128x64_w4_v6,SKIP,BN/WARPS != 16
F8_E4M3_B128,BITSHIFT,U(-1,1),64,7168,7168,128x128x64_w4_v6,SKIP,BN/WARPS != 16
F8_E4M3_B128,LUT,U(-1,1),64,7168,7168,128x64x64_w4_v6,SKIP,v6 only INT8 (A1 retry)
F8_E4M3_B128,BITSHIFT,U(-1,1),64,7168,7168,128x64x64_w4_v6,SKIP,opt only LUT path
F8_E4M3_B128,LUT,U(-1,1),64,7168,7168,64x128x64_w4_v6,SKIP,BN/WARPS != 16
F8_E4M3_B128,BITSHIFT,U(-1,1),64,7168,7168,64x128x64_w4_v6,SKIP,BN/WARPS != 16
F8_E4M3_B128,LUT,U(-1,1),64,7168,7168,64x64x64_w4_v6,SKIP,v6 only INT8 (A1 retry)
F8_E4M3_B128,BITSHIFT,U(-1,1),64,7168,7168,64x64x64_w4_v6,SKIP,opt only LUT path
F8_E4M3_B128,LUT,U(-1,1),128,7168,7168,16x64x32_w4,OK,ms=4.905,tflops=2.68,gbps=12.1,maxabs=2.500e-02,p99=1.274e-02,rel=1.846e-04
F8_E4M3_B128,BITSHIFT,U(-1,1),128,7168,7168,16x64x32_w4,OK,ms=5.670,tflops=2.32,gbps=10.4,maxabs=2.499e-02,p99=1.274e-02,rel=1.846e-04
F8_E4M3_B128,LUT,U(-1,1),128,7168,7168,16x128x32_w8,OK,ms=5.224,tflops=2.52,gbps=11.3,maxabs=2.500e-02,p99=1.274e-02,rel=1.846e-04
F8_E4M3_B128,BITSHIFT,U(-1,1),128,7168,7168,16x128x32_w8,OK,ms=6.380,tflops=2.06,gbps=9.3,maxabs=2.499e-02,p99=1.274e-02,rel=1.846e-04
F8_E4M3_B128,LUT,U(-1,1),128,7168,7168,16x128x32_w4f2,SKIP,BN/WARPS != 16
F8_E4M3_B128,BITSHIFT,U(-1,1),128,7168,7168,16x128x32_w4f2,SKIP,BN/WARPS != 16
F8_E4M3_B128,LUT,U(-1,1),128,7168,7168,16x256x32_w4f4,SKIP,BN/WARPS != 16
F8_E4M3_B128,BITSHIFT,U(-1,1),128,7168,7168,16x256x32_w4f4,SKIP,BN/WARPS != 16
F8_E4M3_B128,LUT,U(-1,1),128,7168,7168,128x64x32_w4_v1,SKIP,no template
F8_E4M3_B128,BITSHIFT,U(-1,1),128,7168,7168,128x64x32_w4_v1,SKIP,opt only LUT path
F8_E4M3_B128,LUT,U(-1,1),128,7168,7168,128x128x32_w4_v1,SKIP,BN/WARPS != 16
F8_E4M3_B128,BITSHIFT,U(-1,1),128,7168,7168,128x128x32_w4_v1,SKIP,BN/WARPS != 16
F8_E4M3_B128,LUT,U(-1,1),128,7168,7168,128x256x32_w4_v1,SKIP,BN/WARPS != 16
F8_E4M3_B128,BITSHIFT,U(-1,1),128,7168,7168,128x256x32_w4_v1,SKIP,BN/WARPS != 16
F8_E4M3_B128,LUT,U(-1,1),128,7168,7168,128x256x32_w8_v1,SKIP,BN/WARPS != 16
F8_E4M3_B128,BITSHIFT,U(-1,1),128,7168,7168,128x256x32_w8_v1,SKIP,BN/WARPS != 16
F8_E4M3_B128,LUT,U(-1,1),128,7168,7168,64x64x32_w4_v1,SKIP,no template
F8_E4M3_B128,BITSHIFT,U(-1,1),128,7168,7168,64x64x32_w4_v1,SKIP,opt only LUT path
F8_E4M3_B128,LUT,U(-1,1),128,7168,7168,64x128x32_w4_v1,SKIP,BN/WARPS != 16
F8_E4M3_B128,BITSHIFT,U(-1,1),128,7168,7168,64x128x32_w4_v1,SKIP,BN/WARPS != 16
F8_E4M3_B128,LUT,U(-1,1),128,7168,7168,128x64x32_w4_v2,OK,ms=2.662,tflops=4.94,gbps=22.2,maxabs=2.500e-02,p99=1.274e-02,rel=1.846e-04
F8_E4M3_B128,BITSHIFT,U(-1,1),128,7168,7168,128x64x32_w4_v2,SKIP,opt only LUT path
F8_E4M3_B128,LUT,U(-1,1),128,7168,7168,128x128x32_w4_v2,SKIP,BN/WARPS != 16
F8_E4M3_B128,BITSHIFT,U(-1,1),128,7168,7168,128x128x32_w4_v2,SKIP,BN/WARPS != 16
F8_E4M3_B128,LUT,U(-1,1),128,7168,7168,128x256x32_w4_v2,SKIP,BN/WARPS != 16
F8_E4M3_B128,BITSHIFT,U(-1,1),128,7168,7168,128x256x32_w4_v2,SKIP,BN/WARPS != 16
F8_E4M3_B128,LUT,U(-1,1),128,7168,7168,128x256x32_w8_v2,SKIP,BN/WARPS != 16
F8_E4M3_B128,BITSHIFT,U(-1,1),128,7168,7168,128x256x32_w8_v2,SKIP,BN/WARPS != 16
F8_E4M3_B128,LUT,U(-1,1),128,7168,7168,64x64x32_w4_v2,OK,ms=2.303,tflops=5.71,gbps=25.7,maxabs=2.500e-02,p99=1.274e-02,rel=1.846e-04
F8_E4M3_B128,BITSHIFT,U(-1,1),128,7168,7168,64x64x32_w4_v2,SKIP,opt only LUT path
F8_E4M3_B128,LUT,U(-1,1),128,7168,7168,64x128x32_w4_v2,SKIP,BN/WARPS != 16
F8_E4M3_B128,BITSHIFT,U(-1,1),128,7168,7168,64x128x32_w4_v2,SKIP,BN/WARPS != 16
F8_E4M3_B128,LUT,U(-1,1),128,7168,7168,128x64x32_w4_v3,OK,ms=1.791,tflops=7.34,gbps=33.0,maxabs=2.500e-02,p99=1.274e-02,rel=1.846e-04
F8_E4M3_B128,BITSHIFT,U(-1,1),128,7168,7168,128x64x32_w4_v3,SKIP,opt only LUT path
F8_E4M3_B128,LUT,U(-1,1),128,7168,7168,128x128x32_w4_v3,SKIP,BN/WARPS != 16
F8_E4M3_B128,BITSHIFT,U(-1,1),128,7168,7168,128x128x32_w4_v3,SKIP,BN/WARPS != 16
F8_E4M3_B128,LUT,U(-1,1),128,7168,7168,128x256x32_w8_v3,SKIP,BN/WARPS != 16
F8_E4M3_B128,BITSHIFT,U(-1,1),128,7168,7168,128x256x32_w8_v3,SKIP,BN/WARPS != 16
F8_E4M3_B128,LUT,U(-1,1),128,7168,7168,64x64x32_w4_v3,OK,ms=1.455,tflops=9.04,gbps=40.6,maxabs=2.500e-02,p99=1.274e-02,rel=1.846e-04
F8_E4M3_B128,BITSHIFT,U(-1,1),128,7168,7168,64x64x32_w4_v3,SKIP,opt only LUT path
F8_E4M3_B128,LUT,U(-1,1),128,7168,7168,64x128x32_w4_v3,SKIP,BN/WARPS != 16
F8_E4M3_B128,BITSHIFT,U(-1,1),128,7168,7168,64x128x32_w4_v3,SKIP,BN/WARPS != 16
F8_E4M3_B128,LUT,U(-1,1),128,7168,7168,32x128x32_w4_v3_b1,SKIP,BN/WARPS != 16
F8_E4M3_B128,BITSHIFT,U(-1,1),128,7168,7168,32x128x32_w4_v3_b1,SKIP,BN/WARPS != 16
F8_E4M3_B128,LUT,U(-1,1),128,7168,7168,32x64x32_w4_v3_b1,OK,ms=1.404,tflops=9.37,gbps=42.1,maxabs=2.500e-02,p99=1.274e-02,rel=1.846e-04
F8_E4M3_B128,BITSHIFT,U(-1,1),128,7168,7168,32x64x32_w4_v3_b1,SKIP,opt only LUT path
F8_E4M3_B128,LUT,U(-1,1),128,7168,7168,32x256x32_w8_v3_b1,SKIP,BN/WARPS != 16
F8_E4M3_B128,BITSHIFT,U(-1,1),128,7168,7168,32x256x32_w8_v3_b1,SKIP,BN/WARPS != 16
F8_E4M3_B128,LUT,U(-1,1),128,7168,7168,128x128x32_w8_v3_b1alt,SKIP,no template
F8_E4M3_B128,BITSHIFT,U(-1,1),128,7168,7168,128x128x32_w8_v3_b1alt,SKIP,opt only LUT path
F8_E4M3_B128,LUT,U(-1,1),128,7168,7168,64x128x32_w8_v3_b1alt,SKIP,no template
F8_E4M3_B128,BITSHIFT,U(-1,1),128,7168,7168,64x128x32_w8_v3_b1alt,SKIP,opt only LUT path
F8_E4M3_B128,LUT,U(-1,1),128,7168,7168,128x64x32_w4_v4,OK,ms=1.823,tflops=7.22,gbps=32.4,maxabs=2.500e-02,p99=1.274e-02,rel=1.846e-04
F8_E4M3_B128,BITSHIFT,U(-1,1),128,7168,7168,128x64x32_w4_v4,SKIP,opt only LUT path
F8_E4M3_B128,LUT,U(-1,1),128,7168,7168,128x128x32_w4_v4,SKIP,BN/WARPS != 16
F8_E4M3_B128,BITSHIFT,U(-1,1),128,7168,7168,128x128x32_w4_v4,SKIP,BN/WARPS != 16
F8_E4M3_B128,LUT,U(-1,1),128,7168,7168,64x64x32_w4_v4,OK,ms=1.483,tflops=8.87,gbps=39.9,maxabs=2.500e-02,p99=1.274e-02,rel=1.846e-04
F8_E4M3_B128,BITSHIFT,U(-1,1),128,7168,7168,64x64x32_w4_v4,SKIP,opt only LUT path
F8_E4M3_B128,LUT,U(-1,1),128,7168,7168,64x128x32_w4_v4,SKIP,BN/WARPS != 16
F8_E4M3_B128,BITSHIFT,U(-1,1),128,7168,7168,64x128x32_w4_v4,SKIP,BN/WARPS != 16
F8_E4M3_B128,LUT,U(-1,1),128,7168,7168,128x64x32_w4_v5,OK,ms=1.808,tflops=7.28,gbps=32.7,maxabs=2.500e-02,p99=1.274e-02,rel=1.846e-04
F8_E4M3_B128,BITSHIFT,U(-1,1),128,7168,7168,128x64x32_w4_v5,SKIP,opt only LUT path
F8_E4M3_B128,LUT,U(-1,1),128,7168,7168,128x128x32_w4_v5,SKIP,BN/WARPS != 16
F8_E4M3_B128,BITSHIFT,U(-1,1),128,7168,7168,128x128x32_w4_v5,SKIP,BN/WARPS != 16
F8_E4M3_B128,LUT,U(-1,1),128,7168,7168,64x64x32_w4_v5,OK,ms=2.619,tflops=5.02,gbps=22.6,maxabs=2.500e-02,p99=1.274e-02,rel=1.846e-04
F8_E4M3_B128,BITSHIFT,U(-1,1),128,7168,7168,64x64x32_w4_v5,SKIP,opt only LUT path
F8_E4M3_B128,LUT,U(-1,1),128,7168,7168,64x128x32_w4_v5,SKIP,BN/WARPS != 16
F8_E4M3_B128,BITSHIFT,U(-1,1),128,7168,7168,64x128x32_w4_v5,SKIP,BN/WARPS != 16
F8_E4M3_B128,LUT,U(-1,1),128,7168,7168,128x128x64_w4_v6,SKIP,BN/WARPS != 16
F8_E4M3_B128,BITSHIFT,U(-1,1),128,7168,7168,128x128x64_w4_v6,SKIP,BN/WARPS != 16
F8_E4M3_B128,LUT,U(-1,1),128,7168,7168,128x64x64_w4_v6,SKIP,v6 only INT8 (A1 retry)
F8_E4M3_B128,BITSHIFT,U(-1,1),128,7168,7168,128x64x64_w4_v6,SKIP,opt only LUT path
F8_E4M3_B128,LUT,U(-1,1),128,7168,7168,64x128x64_w4_v6,SKIP,BN/WARPS != 16
F8_E4M3_B128,BITSHIFT,U(-1,1),128,7168,7168,64x128x64_w4_v6,SKIP,BN/WARPS != 16
F8_E4M3_B128,LUT,U(-1,1),128,7168,7168,64x64x64_w4_v6,SKIP,v6 only INT8 (A1 retry)
F8_E4M3_B128,BITSHIFT,U(-1,1),128,7168,7168,64x64x64_w4_v6,SKIP,opt only LUT path
F8_E4M3_B128,LUT,U(-1,1),256,7168,7168,16x64x32_w4,OK,ms=7.494,tflops=3.51,gbps=8.9,maxabs=2.503e-02,p99=1.270e-02,rel=1.848e-04
F8_E4M3_B128,BITSHIFT,U(-1,1),256,7168,7168,16x64x32_w4,OK,ms=8.569,tflops=3.07,gbps=7.8,maxabs=2.501e-02,p99=1.271e-02,rel=1.848e-04
F8_E4M3_B128,LUT,U(-1,1),256,7168,7168,16x128x32_w8,OK,ms=7.711,tflops=3.41,gbps=8.6,maxabs=2.503e-02,p99=1.270e-02,rel=1.848e-04
F8_E4M3_B128,BITSHIFT,U(-1,1),256,7168,7168,16x128x32_w8,OK,ms=9.308,tflops=2.83,gbps=7.1,maxabs=2.501e-02,p99=1.271e-02,rel=1.848e-04
F8_E4M3_B128,LUT,U(-1,1),256,7168,7168,16x128x32_w4f2,SKIP,BN/WARPS != 16
F8_E4M3_B128,BITSHIFT,U(-1,1),256,7168,7168,16x128x32_w4f2,SKIP,BN/WARPS != 16
F8_E4M3_B128,LUT,U(-1,1),256,7168,7168,16x256x32_w4f4,SKIP,BN/WARPS != 16
F8_E4M3_B128,BITSHIFT,U(-1,1),256,7168,7168,16x256x32_w4f4,SKIP,BN/WARPS != 16
F8_E4M3_B128,LUT,U(-1,1),256,7168,7168,128x64x32_w4_v1,SKIP,no template
F8_E4M3_B128,BITSHIFT,U(-1,1),256,7168,7168,128x64x32_w4_v1,SKIP,opt only LUT path
F8_E4M3_B128,LUT,U(-1,1),256,7168,7168,128x128x32_w4_v1,SKIP,BN/WARPS != 16
F8_E4M3_B128,BITSHIFT,U(-1,1),256,7168,7168,128x128x32_w4_v1,SKIP,BN/WARPS != 16
F8_E4M3_B128,LUT,U(-1,1),256,7168,7168,128x256x32_w4_v1,SKIP,BN/WARPS != 16
F8_E4M3_B128,BITSHIFT,U(-1,1),256,7168,7168,128x256x32_w4_v1,SKIP,BN/WARPS != 16
F8_E4M3_B128,LUT,U(-1,1),256,7168,7168,128x256x32_w8_v1,SKIP,BN/WARPS != 16
F8_E4M3_B128,BITSHIFT,U(-1,1),256,7168,7168,128x256x32_w8_v1,SKIP,BN/WARPS != 16
F8_E4M3_B128,LUT,U(-1,1),256,7168,7168,64x64x32_w4_v1,SKIP,no template
F8_E4M3_B128,BITSHIFT,U(-1,1),256,7168,7168,64x64x32_w4_v1,SKIP,opt only LUT path
F8_E4M3_B128,LUT,U(-1,1),256,7168,7168,64x128x32_w4_v1,SKIP,BN/WARPS != 16
F8_E4M3_B128,BITSHIFT,U(-1,1),256,7168,7168,64x128x32_w4_v1,SKIP,BN/WARPS != 16
F8_E4M3_B128,LUT,U(-1,1),256,7168,7168,128x64x32_w4_v2,OK,ms=2.747,tflops=9.58,gbps=24.2,maxabs=2.503e-02,p99=1.270e-02,rel=1.848e-04
F8_E4M3_B128,BITSHIFT,U(-1,1),256,7168,7168,128x64x32_w4_v2,SKIP,opt only LUT path
F8_E4M3_B128,LUT,U(-1,1),256,7168,7168,128x128x32_w4_v2,SKIP,BN/WARPS != 16
F8_E4M3_B128,BITSHIFT,U(-1,1),256,7168,7168,128x128x32_w4_v2,SKIP,BN/WARPS != 16
F8_E4M3_B128,LUT,U(-1,1),256,7168,7168,128x256x32_w4_v2,SKIP,BN/WARPS != 16
F8_E4M3_B128,BITSHIFT,U(-1,1),256,7168,7168,128x256x32_w4_v2,SKIP,BN/WARPS != 16
F8_E4M3_B128,LUT,U(-1,1),256,7168,7168,128x256x32_w8_v2,SKIP,BN/WARPS != 16
F8_E4M3_B128,BITSHIFT,U(-1,1),256,7168,7168,128x256x32_w8_v2,SKIP,BN/WARPS != 16
F8_E4M3_B128,LUT,U(-1,1),256,7168,7168,64x64x32_w4_v2,OK,ms=4.674,tflops=5.63,gbps=14.2,maxabs=2.503e-02,p99=1.270e-02,rel=1.848e-04
F8_E4M3_B128,BITSHIFT,U(-1,1),256,7168,7168,64x64x32_w4_v2,SKIP,opt only LUT path
F8_E4M3_B128,LUT,U(-1,1),256,7168,7168,64x128x32_w4_v2,SKIP,BN/WARPS != 16
F8_E4M3_B128,BITSHIFT,U(-1,1),256,7168,7168,64x128x32_w4_v2,SKIP,BN/WARPS != 16
F8_E4M3_B128,LUT,U(-1,1),256,7168,7168,128x64x32_w4_v3,OK,ms=1.946,tflops=13.52,gbps=34.2,maxabs=2.503e-02,p99=1.270e-02,rel=1.848e-04
F8_E4M3_B128,BITSHIFT,U(-1,1),256,7168,7168,128x64x32_w4_v3,SKIP,opt only LUT path
F8_E4M3_B128,LUT,U(-1,1),256,7168,7168,128x128x32_w4_v3,SKIP,BN/WARPS != 16
F8_E4M3_B128,BITSHIFT,U(-1,1),256,7168,7168,128x128x32_w4_v3,SKIP,BN/WARPS != 16
F8_E4M3_B128,LUT,U(-1,1),256,7168,7168,128x256x32_w8_v3,SKIP,BN/WARPS != 16
F8_E4M3_B128,BITSHIFT,U(-1,1),256,7168,7168,128x256x32_w8_v3,SKIP,BN/WARPS != 16
F8_E4M3_B128,LUT,U(-1,1),256,7168,7168,64x64x32_w4_v3,OK,ms=3.032,tflops=8.68,gbps=21.9,maxabs=2.503e-02,p99=1.270e-02,rel=1.848e-04
F8_E4M3_B128,BITSHIFT,U(-1,1),256,7168,7168,64x64x32_w4_v3,SKIP,opt only LUT path
F8_E4M3_B128,LUT,U(-1,1),256,7168,7168,64x128x32_w4_v3,SKIP,BN/WARPS != 16
F8_E4M3_B128,BITSHIFT,U(-1,1),256,7168,7168,64x128x32_w4_v3,SKIP,BN/WARPS != 16
F8_E4M3_B128,LUT,U(-1,1),256,7168,7168,32x128x32_w4_v3_b1,SKIP,BN/WARPS != 16
F8_E4M3_B128,BITSHIFT,U(-1,1),256,7168,7168,32x128x32_w4_v3_b1,SKIP,BN/WARPS != 16
F8_E4M3_B128,LUT,U(-1,1),256,7168,7168,32x64x32_w4_v3_b1,OK,ms=2.858,tflops=9.20,gbps=23.3,maxabs=2.503e-02,p99=1.270e-02,rel=1.848e-04
F8_E4M3_B128,BITSHIFT,U(-1,1),256,7168,7168,32x64x32_w4_v3_b1,SKIP,opt only LUT path
F8_E4M3_B128,LUT,U(-1,1),256,7168,7168,32x256x32_w8_v3_b1,SKIP,BN/WARPS != 16
F8_E4M3_B128,BITSHIFT,U(-1,1),256,7168,7168,32x256x32_w8_v3_b1,SKIP,BN/WARPS != 16
F8_E4M3_B128,LUT,U(-1,1),256,7168,7168,128x128x32_w8_v3_b1alt,SKIP,no template
F8_E4M3_B128,BITSHIFT,U(-1,1),256,7168,7168,128x128x32_w8_v3_b1alt,SKIP,opt only LUT path
F8_E4M3_B128,LUT,U(-1,1),256,7168,7168,64x128x32_w8_v3_b1alt,SKIP,no template
F8_E4M3_B128,BITSHIFT,U(-1,1),256,7168,7168,64x128x32_w8_v3_b1alt,SKIP,opt only LUT path
F8_E4M3_B128,LUT,U(-1,1),256,7168,7168,128x64x32_w4_v4,OK,ms=1.982,tflops=13.27,gbps=33.5,maxabs=2.503e-02,p99=1.270e-02,rel=1.848e-04
F8_E4M3_B128,BITSHIFT,U(-1,1),256,7168,7168,128x64x32_w4_v4,SKIP,opt only LUT path
F8_E4M3_B128,LUT,U(-1,1),256,7168,7168,128x128x32_w4_v4,SKIP,BN/WARPS != 16
F8_E4M3_B128,BITSHIFT,U(-1,1),256,7168,7168,128x128x32_w4_v4,SKIP,BN/WARPS != 16
F8_E4M3_B128,LUT,U(-1,1),256,7168,7168,64x64x32_w4_v4,OK,ms=3.161,tflops=8.32,gbps=21.0,maxabs=2.503e-02,p99=1.270e-02,rel=1.848e-04
F8_E4M3_B128,BITSHIFT,U(-1,1),256,7168,7168,64x64x32_w4_v4,SKIP,opt only LUT path
F8_E4M3_B128,LUT,U(-1,1),256,7168,7168,64x128x32_w4_v4,SKIP,BN/WARPS != 16
F8_E4M3_B128,BITSHIFT,U(-1,1),256,7168,7168,64x128x32_w4_v4,SKIP,BN/WARPS != 16
F8_E4M3_B128,LUT,U(-1,1),256,7168,7168,128x64x32_w4_v5,OK,ms=3.342,tflops=7.87,gbps=19.9,maxabs=2.503e-02,p99=1.270e-02,rel=1.848e-04
F8_E4M3_B128,BITSHIFT,U(-1,1),256,7168,7168,128x64x32_w4_v5,SKIP,opt only LUT path
F8_E4M3_B128,LUT,U(-1,1),256,7168,7168,128x128x32_w4_v5,SKIP,BN/WARPS != 16
F8_E4M3_B128,BITSHIFT,U(-1,1),256,7168,7168,128x128x32_w4_v5,SKIP,BN/WARPS != 16
F8_E4M3_B128,LUT,U(-1,1),256,7168,7168,64x64x32_w4_v5,OK,ms=4.077,tflops=6.45,gbps=16.3,maxabs=2.503e-02,p99=1.270e-02,rel=1.848e-04
F8_E4M3_B128,BITSHIFT,U(-1,1),256,7168,7168,64x64x32_w4_v5,SKIP,opt only LUT path
F8_E4M3_B128,LUT,U(-1,1),256,7168,7168,64x128x32_w4_v5,SKIP,BN/WARPS != 16
F8_E4M3_B128,BITSHIFT,U(-1,1),256,7168,7168,64x128x32_w4_v5,SKIP,BN/WARPS != 16
F8_E4M3_B128,LUT,U(-1,1),256,7168,7168,128x128x64_w4_v6,SKIP,BN/WARPS != 16
F8_E4M3_B128,BITSHIFT,U(-1,1),256,7168,7168,128x128x64_w4_v6,SKIP,BN/WARPS != 16
F8_E4M3_B128,LUT,U(-1,1),256,7168,7168,128x64x64_w4_v6,SKIP,v6 only INT8 (A1 retry)
F8_E4M3_B128,BITSHIFT,U(-1,1),256,7168,7168,128x64x64_w4_v6,SKIP,opt only LUT path
F8_E4M3_B128,LUT,U(-1,1),256,7168,7168,64x128x64_w4_v6,SKIP,BN/WARPS != 16
F8_E4M3_B128,BITSHIFT,U(-1,1),256,7168,7168,64x128x64_w4_v6,SKIP,BN/WARPS != 16
F8_E4M3_B128,LUT,U(-1,1),256,7168,7168,64x64x64_w4_v6,SKIP,v6 only INT8 (A1 retry)
F8_E4M3_B128,BITSHIFT,U(-1,1),256,7168,7168,64x64x64_w4_v6,SKIP,opt only LUT path
F8_E4M3_B128,LUT,U(-1,1),512,7168,7168,16x64x32_w4,OK,ms=13.061,tflops=4.03,gbps=6.2,maxabs=2.631e-02,p99=1.314e-02,rel=1.847e-04
F8_E4M3_B128,BITSHIFT,U(-1,1),512,7168,7168,16x64x32_w4,OK,ms=17.272,tflops=3.05,gbps=4.7,maxabs=2.631e-02,p99=1.319e-02,rel=1.847e-04
F8_E4M3_B128,LUT,U(-1,1),512,7168,7168,16x128x32_w8,OK,ms=15.380,tflops=3.42,gbps=5.3,maxabs=2.631e-02,p99=1.314e-02,rel=1.847e-04
F8_E4M3_B128,BITSHIFT,U(-1,1),512,7168,7168,16x128x32_w8,OK,ms=18.714,tflops=2.81,gbps=4.3,maxabs=2.631e-02,p99=1.319e-02,rel=1.847e-04
F8_E4M3_B128,LUT,U(-1,1),512,7168,7168,16x128x32_w4f2,SKIP,BN/WARPS != 16
F8_E4M3_B128,BITSHIFT,U(-1,1),512,7168,7168,16x128x32_w4f2,SKIP,BN/WARPS != 16
F8_E4M3_B128,LUT,U(-1,1),512,7168,7168,16x256x32_w4f4,SKIP,BN/WARPS != 16
F8_E4M3_B128,BITSHIFT,U(-1,1),512,7168,7168,16x256x32_w4f4,SKIP,BN/WARPS != 16
F8_E4M3_B128,LUT,U(-1,1),512,7168,7168,128x64x32_w4_v1,SKIP,no template
F8_E4M3_B128,BITSHIFT,U(-1,1),512,7168,7168,128x64x32_w4_v1,SKIP,opt only LUT path
F8_E4M3_B128,LUT,U(-1,1),512,7168,7168,128x128x32_w4_v1,SKIP,BN/WARPS != 16
F8_E4M3_B128,BITSHIFT,U(-1,1),512,7168,7168,128x128x32_w4_v1,SKIP,BN/WARPS != 16
F8_E4M3_B128,LUT,U(-1,1),512,7168,7168,128x256x32_w4_v1,SKIP,BN/WARPS != 16
F8_E4M3_B128,BITSHIFT,U(-1,1),512,7168,7168,128x256x32_w4_v1,SKIP,BN/WARPS != 16
F8_E4M3_B128,LUT,U(-1,1),512,7168,7168,128x256x32_w8_v1,SKIP,BN/WARPS != 16
F8_E4M3_B128,BITSHIFT,U(-1,1),512,7168,7168,128x256x32_w8_v1,SKIP,BN/WARPS != 16
F8_E4M3_B128,LUT,U(-1,1),512,7168,7168,64x64x32_w4_v1,SKIP,no template
F8_E4M3_B128,BITSHIFT,U(-1,1),512,7168,7168,64x64x32_w4_v1,SKIP,opt only LUT path
F8_E4M3_B128,LUT,U(-1,1),512,7168,7168,64x128x32_w4_v1,SKIP,BN/WARPS != 16
F8_E4M3_B128,BITSHIFT,U(-1,1),512,7168,7168,64x128x32_w4_v1,SKIP,BN/WARPS != 16
F8_E4M3_B128,LUT,U(-1,1),512,7168,7168,128x64x32_w4_v2,OK,ms=5.904,tflops=8.91,gbps=13.7,maxabs=2.631e-02,p99=1.314e-02,rel=1.847e-04
F8_E4M3_B128,BITSHIFT,U(-1,1),512,7168,7168,128x64x32_w4_v2,SKIP,opt only LUT path
F8_E4M3_B128,LUT,U(-1,1),512,7168,7168,128x128x32_w4_v2,SKIP,BN/WARPS != 16
F8_E4M3_B128,BITSHIFT,U(-1,1),512,7168,7168,128x128x32_w4_v2,SKIP,BN/WARPS != 16
F8_E4M3_B128,LUT,U(-1,1),512,7168,7168,128x256x32_w4_v2,SKIP,BN/WARPS != 16
F8_E4M3_B128,BITSHIFT,U(-1,1),512,7168,7168,128x256x32_w4_v2,SKIP,BN/WARPS != 16
F8_E4M3_B128,LUT,U(-1,1),512,7168,7168,128x256x32_w8_v2,SKIP,BN/WARPS != 16
F8_E4M3_B128,BITSHIFT,U(-1,1),512,7168,7168,128x256x32_w8_v2,SKIP,BN/WARPS != 16
F8_E4M3_B128,LUT,U(-1,1),512,7168,7168,64x64x32_w4_v2,OK,ms=7.257,tflops=7.25,gbps=11.2,maxabs=2.631e-02,p99=1.314e-02,rel=1.847e-04
F8_E4M3_B128,BITSHIFT,U(-1,1),512,7168,7168,64x64x32_w4_v2,SKIP,opt only LUT path
F8_E4M3_B128,LUT,U(-1,1),512,7168,7168,64x128x32_w4_v2,SKIP,BN/WARPS != 16
F8_E4M3_B128,BITSHIFT,U(-1,1),512,7168,7168,64x128x32_w4_v2,SKIP,BN/WARPS != 16
F8_E4M3_B128,LUT,U(-1,1),512,7168,7168,128x64x32_w4_v3,OK,ms=3.851,tflops=13.66,gbps=21.1,maxabs=2.631e-02,p99=1.314e-02,rel=1.847e-04
F8_E4M3_B128,BITSHIFT,U(-1,1),512,7168,7168,128x64x32_w4_v3,SKIP,opt only LUT path
F8_E4M3_B128,LUT,U(-1,1),512,7168,7168,128x128x32_w4_v3,SKIP,BN/WARPS != 16
F8_E4M3_B128,BITSHIFT,U(-1,1),512,7168,7168,128x128x32_w4_v3,SKIP,BN/WARPS != 16
F8_E4M3_B128,LUT,U(-1,1),512,7168,7168,128x256x32_w8_v3,SKIP,BN/WARPS != 16
F8_E4M3_B128,BITSHIFT,U(-1,1),512,7168,7168,128x256x32_w8_v3,SKIP,BN/WARPS != 16
F8_E4M3_B128,LUT,U(-1,1),512,7168,7168,64x64x32_w4_v3,OK,ms=4.721,tflops=11.14,gbps=17.2,maxabs=2.631e-02,p99=1.314e-02,rel=1.847e-04
F8_E4M3_B128,BITSHIFT,U(-1,1),512,7168,7168,64x64x32_w4_v3,SKIP,opt only LUT path
F8_E4M3_B128,LUT,U(-1,1),512,7168,7168,64x128x32_w4_v3,SKIP,BN/WARPS != 16
F8_E4M3_B128,BITSHIFT,U(-1,1),512,7168,7168,64x128x32_w4_v3,SKIP,BN/WARPS != 16
F8_E4M3_B128,LUT,U(-1,1),512,7168,7168,32x128x32_w4_v3_b1,SKIP,BN/WARPS != 16
F8_E4M3_B128,BITSHIFT,U(-1,1),512,7168,7168,32x128x32_w4_v3_b1,SKIP,BN/WARPS != 16
F8_E4M3_B128,LUT,U(-1,1),512,7168,7168,32x64x32_w4_v3_b1,OK,ms=5.672,tflops=9.28,gbps=14.3,maxabs=2.631e-02,p99=1.314e-02,rel=1.847e-04
F8_E4M3_B128,BITSHIFT,U(-1,1),512,7168,7168,32x64x32_w4_v3_b1,SKIP,opt only LUT path
F8_E4M3_B128,LUT,U(-1,1),512,7168,7168,32x256x32_w8_v3_b1,SKIP,BN/WARPS != 16
F8_E4M3_B128,BITSHIFT,U(-1,1),512,7168,7168,32x256x32_w8_v3_b1,SKIP,BN/WARPS != 16
F8_E4M3_B128,LUT,U(-1,1),512,7168,7168,128x128x32_w8_v3_b1alt,SKIP,no template
F8_E4M3_B128,BITSHIFT,U(-1,1),512,7168,7168,128x128x32_w8_v3_b1alt,SKIP,opt only LUT path
F8_E4M3_B128,LUT,U(-1,1),512,7168,7168,64x128x32_w8_v3_b1alt,SKIP,no template
F8_E4M3_B128,BITSHIFT,U(-1,1),512,7168,7168,64x128x32_w8_v3_b1alt,SKIP,opt only LUT path
F8_E4M3_B128,LUT,U(-1,1),512,7168,7168,128x64x32_w4_v4,OK,ms=3.931,tflops=13.39,gbps=20.6,maxabs=2.631e-02,p99=1.314e-02,rel=1.847e-04
F8_E4M3_B128,BITSHIFT,U(-1,1),512,7168,7168,128x64x32_w4_v4,SKIP,opt only LUT path
F8_E4M3_B128,LUT,U(-1,1),512,7168,7168,128x128x32_w4_v4,SKIP,BN/WARPS != 16
F8_E4M3_B128,BITSHIFT,U(-1,1),512,7168,7168,128x128x32_w4_v4,SKIP,BN/WARPS != 16
F8_E4M3_B128,LUT,U(-1,1),512,7168,7168,64x64x32_w4_v4,OK,ms=4.932,tflops=10.67,gbps=16.5,maxabs=2.631e-02,p99=1.314e-02,rel=1.847e-04
F8_E4M3_B128,BITSHIFT,U(-1,1),512,7168,7168,64x64x32_w4_v4,SKIP,opt only LUT path
F8_E4M3_B128,LUT,U(-1,1),512,7168,7168,64x128x32_w4_v4,SKIP,BN/WARPS != 16
F8_E4M3_B128,BITSHIFT,U(-1,1),512,7168,7168,64x128x32_w4_v4,SKIP,BN/WARPS != 16
F8_E4M3_B128,LUT,U(-1,1),512,7168,7168,128x64x32_w4_v5,OK,ms=5.331,tflops=9.87,gbps=15.2,maxabs=2.631e-02,p99=1.314e-02,rel=1.847e-04
F8_E4M3_B128,BITSHIFT,U(-1,1),512,7168,7168,128x64x32_w4_v5,SKIP,opt only LUT path
F8_E4M3_B128,LUT,U(-1,1),512,7168,7168,128x128x32_w4_v5,SKIP,BN/WARPS != 16
F8_E4M3_B128,BITSHIFT,U(-1,1),512,7168,7168,128x128x32_w4_v5,SKIP,BN/WARPS != 16
F8_E4M3_B128,LUT,U(-1,1),512,7168,7168,64x64x32_w4_v5,OK,ms=8.150,tflops=6.46,gbps=10.0,maxabs=2.631e-02,p99=1.314e-02,rel=1.847e-04
F8_E4M3_B128,BITSHIFT,U(-1,1),512,7168,7168,64x64x32_w4_v5,SKIP,opt only LUT path
F8_E4M3_B128,LUT,U(-1,1),512,7168,7168,64x128x32_w4_v5,SKIP,BN/WARPS != 16
F8_E4M3_B128,BITSHIFT,U(-1,1),512,7168,7168,64x128x32_w4_v5,SKIP,BN/WARPS != 16
F8_E4M3_B128,LUT,U(-1,1),512,7168,7168,128x128x64_w4_v6,SKIP,BN/WARPS != 16
F8_E4M3_B128,BITSHIFT,U(-1,1),512,7168,7168,128x128x64_w4_v6,SKIP,BN/WARPS != 16
F8_E4M3_B128,LUT,U(-1,1),512,7168,7168,128x64x64_w4_v6,SKIP,v6 only INT8 (A1 retry)
F8_E4M3_B128,BITSHIFT,U(-1,1),512,7168,7168,128x64x64_w4_v6,SKIP,opt only LUT path
F8_E4M3_B128,LUT,U(-1,1),512,7168,7168,64x128x64_w4_v6,SKIP,BN/WARPS != 16
F8_E4M3_B128,BITSHIFT,U(-1,1),512,7168,7168,64x128x64_w4_v6,SKIP,BN/WARPS != 16
F8_E4M3_B128,LUT,U(-1,1),512,7168,7168,64x64x64_w4_v6,SKIP,v6 only INT8 (A1 retry)
F8_E4M3_B128,BITSHIFT,U(-1,1),512,7168,7168,64x64x64_w4_v6,SKIP,opt only LUT path
F8_E4M3_B128,LUT,U(-1,1),1024,7168,7168,16x64x32_w4,OK,ms=26.107,tflops=4.03,gbps=4.2,maxabs=2.631e-02,p99=1.321e-02,rel=1.846e-04
F8_E4M3_B128,BITSHIFT,U(-1,1),1024,7168,7168,16x64x32_w4,OK,ms=34.459,tflops=3.05,gbps=3.2,maxabs=2.631e-02,p99=1.327e-02,rel=1.846e-04
F8_E4M3_B128,LUT,U(-1,1),1024,7168,7168,16x128x32_w8,OK,ms=30.861,tflops=3.41,gbps=3.6,maxabs=2.631e-02,p99=1.321e-02,rel=1.846e-04
F8_E4M3_B128,BITSHIFT,U(-1,1),1024,7168,7168,16x128x32_w8,OK,ms=37.467,tflops=2.81,gbps=2.9,maxabs=2.631e-02,p99=1.327e-02,rel=1.846e-04
F8_E4M3_B128,LUT,U(-1,1),1024,7168,7168,16x128x32_w4f2,SKIP,BN/WARPS != 16
F8_E4M3_B128,BITSHIFT,U(-1,1),1024,7168,7168,16x128x32_w4f2,SKIP,BN/WARPS != 16
F8_E4M3_B128,LUT,U(-1,1),1024,7168,7168,16x256x32_w4f4,SKIP,BN/WARPS != 16
F8_E4M3_B128,BITSHIFT,U(-1,1),1024,7168,7168,16x256x32_w4f4,SKIP,BN/WARPS != 16
F8_E4M3_B128,LUT,U(-1,1),1024,7168,7168,128x64x32_w4_v1,SKIP,no template
F8_E4M3_B128,BITSHIFT,U(-1,1),1024,7168,7168,128x64x32_w4_v1,SKIP,opt only LUT path
F8_E4M3_B128,LUT,U(-1,1),1024,7168,7168,128x128x32_w4_v1,SKIP,BN/WARPS != 16
F8_E4M3_B128,BITSHIFT,U(-1,1),1024,7168,7168,128x128x32_w4_v1,SKIP,BN/WARPS != 16
F8_E4M3_B128,LUT,U(-1,1),1024,7168,7168,128x256x32_w4_v1,SKIP,BN/WARPS != 16
F8_E4M3_B128,BITSHIFT,U(-1,1),1024,7168,7168,128x256x32_w4_v1,SKIP,BN/WARPS != 16
F8_E4M3_B128,LUT,U(-1,1),1024,7168,7168,128x256x32_w8_v1,SKIP,BN/WARPS != 16
F8_E4M3_B128,BITSHIFT,U(-1,1),1024,7168,7168,128x256x32_w8_v1,SKIP,BN/WARPS != 16
F8_E4M3_B128,LUT,U(-1,1),1024,7168,7168,64x64x32_w4_v1,SKIP,no template
F8_E4M3_B128,BITSHIFT,U(-1,1),1024,7168,7168,64x64x32_w4_v1,SKIP,opt only LUT path
F8_E4M3_B128,LUT,U(-1,1),1024,7168,7168,64x128x32_w4_v1,SKIP,BN/WARPS != 16
F8_E4M3_B128,BITSHIFT,U(-1,1),1024,7168,7168,64x128x32_w4_v1,SKIP,BN/WARPS != 16
F8_E4M3_B128,LUT,U(-1,1),1024,7168,7168,128x64x32_w4_v2,OK,ms=8.533,tflops=12.33,gbps=13.0,maxabs=2.631e-02,p99=1.321e-02,rel=1.846e-04
F8_E4M3_B128,BITSHIFT,U(-1,1),1024,7168,7168,128x64x32_w4_v2,SKIP,opt only LUT path
F8_E4M3_B128,LUT,U(-1,1),1024,7168,7168,128x128x32_w4_v2,SKIP,BN/WARPS != 16
F8_E4M3_B128,BITSHIFT,U(-1,1),1024,7168,7168,128x128x32_w4_v2,SKIP,BN/WARPS != 16
F8_E4M3_B128,LUT,U(-1,1),1024,7168,7168,128x256x32_w4_v2,SKIP,BN/WARPS != 16
F8_E4M3_B128,BITSHIFT,U(-1,1),1024,7168,7168,128x256x32_w4_v2,SKIP,BN/WARPS != 16
F8_E4M3_B128,LUT,U(-1,1),1024,7168,7168,128x256x32_w8_v2,SKIP,BN/WARPS != 16
F8_E4M3_B128,BITSHIFT,U(-1,1),1024,7168,7168,128x256x32_w8_v2,SKIP,BN/WARPS != 16
F8_E4M3_B128,LUT,U(-1,1),1024,7168,7168,64x64x32_w4_v2,OK,ms=12.240,tflops=8.60,gbps=9.0,maxabs=2.631e-02,p99=1.321e-02,rel=1.846e-04
F8_E4M3_B128,BITSHIFT,U(-1,1),1024,7168,7168,64x64x32_w4_v2,SKIP,opt only LUT path
F8_E4M3_B128,LUT,U(-1,1),1024,7168,7168,64x128x32_w4_v2,SKIP,BN/WARPS != 16
F8_E4M3_B128,BITSHIFT,U(-1,1),1024,7168,7168,64x128x32_w4_v2,SKIP,BN/WARPS != 16
F8_E4M3_B128,LUT,U(-1,1),1024,7168,7168,128x64x32_w4_v3,OK,ms=7.617,tflops=13.82,gbps=14.5,maxabs=2.631e-02,p99=1.321e-02,rel=1.846e-04
F8_E4M3_B128,BITSHIFT,U(-1,1),1024,7168,7168,128x64x32_w4_v3,SKIP,opt only LUT path
F8_E4M3_B128,LUT,U(-1,1),1024,7168,7168,128x128x32_w4_v3,SKIP,BN/WARPS != 16
F8_E4M3_B128,BITSHIFT,U(-1,1),1024,7168,7168,128x128x32_w4_v3,SKIP,BN/WARPS != 16
F8_E4M3_B128,LUT,U(-1,1),1024,7168,7168,128x256x32_w8_v3,SKIP,BN/WARPS != 16
F8_E4M3_B128,BITSHIFT,U(-1,1),1024,7168,7168,128x256x32_w8_v3,SKIP,BN/WARPS != 16
F8_E4M3_B128,LUT,U(-1,1),1024,7168,7168,64x64x32_w4_v3,OK,ms=8.131,tflops=12.94,gbps=13.6,maxabs=2.631e-02,p99=1.321e-02,rel=1.846e-04
F8_E4M3_B128,BITSHIFT,U(-1,1),1024,7168,7168,64x64x32_w4_v3,SKIP,opt only LUT path
F8_E4M3_B128,LUT,U(-1,1),1024,7168,7168,64x128x32_w4_v3,SKIP,BN/WARPS != 16
F8_E4M3_B128,BITSHIFT,U(-1,1),1024,7168,7168,64x128x32_w4_v3,SKIP,BN/WARPS != 16
F8_E4M3_B128,LUT,U(-1,1),1024,7168,7168,32x128x32_w4_v3_b1,SKIP,BN/WARPS != 16
F8_E4M3_B128,BITSHIFT,U(-1,1),1024,7168,7168,32x128x32_w4_v3_b1,SKIP,BN/WARPS != 16
F8_E4M3_B128,LUT,U(-1,1),1024,7168,7168,32x64x32_w4_v3_b1,OK,ms=11.368,tflops=9.26,gbps=9.7,maxabs=2.631e-02,p99=1.321e-02,rel=1.846e-04
F8_E4M3_B128,BITSHIFT,U(-1,1),1024,7168,7168,32x64x32_w4_v3_b1,SKIP,opt only LUT path
F8_E4M3_B128,LUT,U(-1,1),1024,7168,7168,32x256x32_w8_v3_b1,SKIP,BN/WARPS != 16
F8_E4M3_B128,BITSHIFT,U(-1,1),1024,7168,7168,32x256x32_w8_v3_b1,SKIP,BN/WARPS != 16
F8_E4M3_B128,LUT,U(-1,1),1024,7168,7168,128x128x32_w8_v3_b1alt,SKIP,no template
F8_E4M3_B128,BITSHIFT,U(-1,1),1024,7168,7168,128x128x32_w8_v3_b1alt,SKIP,opt only LUT path
F8_E4M3_B128,LUT,U(-1,1),1024,7168,7168,64x128x32_w8_v3_b1alt,SKIP,no template
F8_E4M3_B128,BITSHIFT,U(-1,1),1024,7168,7168,64x128x32_w8_v3_b1alt,SKIP,opt only LUT path
F8_E4M3_B128,LUT,U(-1,1),1024,7168,7168,128x64x32_w4_v4,OK,ms=7.779,tflops=13.53,gbps=14.2,maxabs=2.631e-02,p99=1.321e-02,rel=1.846e-04
F8_E4M3_B128,BITSHIFT,U(-1,1),1024,7168,7168,128x64x32_w4_v4,SKIP,opt only LUT path
F8_E4M3_B128,LUT,U(-1,1),1024,7168,7168,128x128x32_w4_v4,SKIP,BN/WARPS != 16
F8_E4M3_B128,BITSHIFT,U(-1,1),1024,7168,7168,128x128x32_w4_v4,SKIP,BN/WARPS != 16
F8_E4M3_B128,LUT,U(-1,1),1024,7168,7168,64x64x32_w4_v4,OK,ms=8.366,tflops=12.58,gbps=13.2,maxabs=2.631e-02,p99=1.321e-02,rel=1.846e-04
F8_E4M3_B128,BITSHIFT,U(-1,1),1024,7168,7168,64x64x32_w4_v4,SKIP,opt only LUT path
F8_E4M3_B128,LUT,U(-1,1),1024,7168,7168,64x128x32_w4_v4,SKIP,BN/WARPS != 16
F8_E4M3_B128,BITSHIFT,U(-1,1),1024,7168,7168,64x128x32_w4_v4,SKIP,BN/WARPS != 16
F8_E4M3_B128,LUT,U(-1,1),1024,7168,7168,128x64x32_w4_v5,OK,ms=10.772,tflops=9.77,gbps=10.3,maxabs=2.631e-02,p99=1.321e-02,rel=1.846e-04
F8_E4M3_B128,BITSHIFT,U(-1,1),1024,7168,7168,128x64x32_w4_v5,SKIP,opt only LUT path
F8_E4M3_B128,LUT,U(-1,1),1024,7168,7168,128x128x32_w4_v5,SKIP,BN/WARPS != 16
F8_E4M3_B128,BITSHIFT,U(-1,1),1024,7168,7168,128x128x32_w4_v5,SKIP,BN/WARPS != 16
F8_E4M3_B128,LUT,U(-1,1),1024,7168,7168,64x64x32_w4_v5,OK,ms=16.207,tflops=6.49,gbps=6.8,maxabs=2.631e-02,p99=1.321e-02,rel=1.846e-04
F8_E4M3_B128,BITSHIFT,U(-1,1),1024,7168,7168,64x64x32_w4_v5,SKIP,opt only LUT path
F8_E4M3_B128,LUT,U(-1,1),1024,7168,7168,64x128x32_w4_v5,SKIP,BN/WARPS != 16
F8_E4M3_B128,BITSHIFT,U(-1,1),1024,7168,7168,64x128x32_w4_v5,SKIP,BN/WARPS != 16
F8_E4M3_B128,LUT,U(-1,1),1024,7168,7168,128x128x64_w4_v6,SKIP,BN/WARPS != 16
F8_E4M3_B128,BITSHIFT,U(-1,1),1024,7168,7168,128x128x64_w4_v6,SKIP,BN/WARPS != 16
F8_E4M3_B128,LUT,U(-1,1),1024,7168,7168,128x64x64_w4_v6,SKIP,v6 only INT8 (A1 retry)
F8_E4M3_B128,BITSHIFT,U(-1,1),1024,7168,7168,128x64x64_w4_v6,SKIP,opt only LUT path
F8_E4M3_B128,LUT,U(-1,1),1024,7168,7168,64x128x64_w4_v6,SKIP,BN/WARPS != 16
F8_E4M3_B128,BITSHIFT,U(-1,1),1024,7168,7168,64x128x64_w4_v6,SKIP,BN/WARPS != 16
F8_E4M3_B128,LUT,U(-1,1),1024,7168,7168,64x64x64_w4_v6,SKIP,v6 only INT8 (A1 retry)
F8_E4M3_B128,BITSHIFT,U(-1,1),1024,7168,7168,64x64x64_w4_v6,SKIP,opt only LUT path
F8_E4M3_B128,LUT,U(-1,1),2048,7168,7168,16x64x32_w4,OK,ms=52.185,tflops=4.03,gbps=3.2,maxabs=2.790e-02,p99=1.309e-02,rel=1.846e-04
F8_E4M3_B128,BITSHIFT,U(-1,1),2048,7168,7168,16x64x32_w4,OK,ms=66.154,tflops=3.18,gbps=2.6,maxabs=2.789e-02,p99=1.309e-02,rel=1.846e-04
F8_E4M3_B128,LUT,U(-1,1),2048,7168,7168,16x128x32_w8,OK,ms=59.113,tflops=3.56,gbps=2.9,maxabs=2.790e-02,p99=1.309e-02,rel=1.846e-04
F8_E4M3_B128,BITSHIFT,U(-1,1),2048,7168,7168,16x128x32_w8,OK,ms=71.685,tflops=2.94,gbps=2.4,maxabs=2.789e-02,p99=1.309e-02,rel=1.846e-04
F8_E4M3_B128,LUT,U(-1,1),2048,7168,7168,16x128x32_w4f2,SKIP,BN/WARPS != 16
F8_E4M3_B128,BITSHIFT,U(-1,1),2048,7168,7168,16x128x32_w4f2,SKIP,BN/WARPS != 16
F8_E4M3_B128,LUT,U(-1,1),2048,7168,7168,16x256x32_w4f4,SKIP,BN/WARPS != 16
F8_E4M3_B128,BITSHIFT,U(-1,1),2048,7168,7168,16x256x32_w4f4,SKIP,BN/WARPS != 16
F8_E4M3_B128,LUT,U(-1,1),2048,7168,7168,128x64x32_w4_v1,SKIP,no template
F8_E4M3_B128,BITSHIFT,U(-1,1),2048,7168,7168,128x64x32_w4_v1,SKIP,opt only LUT path
F8_E4M3_B128,LUT,U(-1,1),2048,7168,7168,128x128x32_w4_v1,SKIP,BN/WARPS != 16
F8_E4M3_B128,BITSHIFT,U(-1,1),2048,7168,7168,128x128x32_w4_v1,SKIP,BN/WARPS != 16
F8_E4M3_B128,LUT,U(-1,1),2048,7168,7168,128x256x32_w4_v1,SKIP,BN/WARPS != 16
F8_E4M3_B128,BITSHIFT,U(-1,1),2048,7168,7168,128x256x32_w4_v1,SKIP,BN/WARPS != 16
F8_E4M3_B128,LUT,U(-1,1),2048,7168,7168,128x256x32_w8_v1,SKIP,BN/WARPS != 16
F8_E4M3_B128,BITSHIFT,U(-1,1),2048,7168,7168,128x256x32_w8_v1,SKIP,BN/WARPS != 16
F8_E4M3_B128,LUT,U(-1,1),2048,7168,7168,64x64x32_w4_v1,SKIP,no template
F8_E4M3_B128,BITSHIFT,U(-1,1),2048,7168,7168,64x64x32_w4_v1,SKIP,opt only LUT path
F8_E4M3_B128,LUT,U(-1,1),2048,7168,7168,64x128x32_w4_v1,SKIP,BN/WARPS != 16
F8_E4M3_B128,BITSHIFT,U(-1,1),2048,7168,7168,64x128x32_w4_v1,SKIP,BN/WARPS != 16
F8_E4M3_B128,LUT,U(-1,1),2048,7168,7168,128x64x32_w4_v2,OK,ms=17.070,tflops=12.33,gbps=9.9,maxabs=2.790e-02,p99=1.309e-02,rel=1.846e-04
F8_E4M3_B128,BITSHIFT,U(-1,1),2048,7168,7168,128x64x32_w4_v2,SKIP,opt only LUT path
F8_E4M3_B128,LUT,U(-1,1),2048,7168,7168,128x128x32_w4_v2,SKIP,BN/WARPS != 16
F8_E4M3_B128,BITSHIFT,U(-1,1),2048,7168,7168,128x128x32_w4_v2,SKIP,BN/WARPS != 16
F8_E4M3_B128,LUT,U(-1,1),2048,7168,7168,128x256x32_w4_v2,SKIP,BN/WARPS != 16
F8_E4M3_B128,BITSHIFT,U(-1,1),2048,7168,7168,128x256x32_w4_v2,SKIP,BN/WARPS != 16
F8_E4M3_B128,LUT,U(-1,1),2048,7168,7168,128x256x32_w8_v2,SKIP,BN/WARPS != 16
F8_E4M3_B128,BITSHIFT,U(-1,1),2048,7168,7168,128x256x32_w8_v2,SKIP,BN/WARPS != 16
F8_E4M3_B128,LUT,U(-1,1),2048,7168,7168,64x64x32_w4_v2,OK,ms=21.819,tflops=9.65,gbps=7.8,maxabs=2.790e-02,p99=1.309e-02,rel=1.846e-04
F8_E4M3_B128,BITSHIFT,U(-1,1),2048,7168,7168,64x64x32_w4_v2,SKIP,opt only LUT path
F8_E4M3_B128,LUT,U(-1,1),2048,7168,7168,64x128x32_w4_v2,SKIP,BN/WARPS != 16
F8_E4M3_B128,BITSHIFT,U(-1,1),2048,7168,7168,64x128x32_w4_v2,SKIP,BN/WARPS != 16
F8_E4M3_B128,LUT,U(-1,1),2048,7168,7168,128x64x32_w4_v3,OK,ms=15.124,tflops=13.92,gbps=11.2,maxabs=2.790e-02,p99=1.309e-02,rel=1.846e-04
F8_E4M3_B128,BITSHIFT,U(-1,1),2048,7168,7168,128x64x32_w4_v3,SKIP,opt only LUT path
F8_E4M3_B128,LUT,U(-1,1),2048,7168,7168,128x128x32_w4_v3,SKIP,BN/WARPS != 16
F8_E4M3_B128,BITSHIFT,U(-1,1),2048,7168,7168,128x128x32_w4_v3,SKIP,BN/WARPS != 16
F8_E4M3_B128,LUT,U(-1,1),2048,7168,7168,128x256x32_w8_v3,SKIP,BN/WARPS != 16
F8_E4M3_B128,BITSHIFT,U(-1,1),2048,7168,7168,128x256x32_w8_v3,SKIP,BN/WARPS != 16
F8_E4M3_B128,LUT,U(-1,1),2048,7168,7168,64x64x32_w4_v3,OK,ms=14.495,tflops=14.52,gbps=11.7,maxabs=2.790e-02,p99=1.309e-02,rel=1.846e-04
F8_E4M3_B128,BITSHIFT,U(-1,1),2048,7168,7168,64x64x32_w4_v3,SKIP,opt only LUT path
F8_E4M3_B128,LUT,U(-1,1),2048,7168,7168,64x128x32_w4_v3,SKIP,BN/WARPS != 16
F8_E4M3_B128,BITSHIFT,U(-1,1),2048,7168,7168,64x128x32_w4_v3,SKIP,BN/WARPS != 16
F8_E4M3_B128,LUT,U(-1,1),2048,7168,7168,32x128x32_w4_v3_b1,SKIP,BN/WARPS != 16
F8_E4M3_B128,BITSHIFT,U(-1,1),2048,7168,7168,32x128x32_w4_v3_b1,SKIP,BN/WARPS != 16
F8_E4M3_B128,LUT,U(-1,1),2048,7168,7168,32x64x32_w4_v3_b1,OK,ms=21.353,tflops=9.86,gbps=7.9,maxabs=2.790e-02,p99=1.309e-02,rel=1.846e-04
F8_E4M3_B128,BITSHIFT,U(-1,1),2048,7168,7168,32x64x32_w4_v3_b1,SKIP,opt only LUT path
F8_E4M3_B128,LUT,U(-1,1),2048,7168,7168,32x256x32_w8_v3_b1,SKIP,BN/WARPS != 16
F8_E4M3_B128,BITSHIFT,U(-1,1),2048,7168,7168,32x256x32_w8_v3_b1,SKIP,BN/WARPS != 16
F8_E4M3_B128,LUT,U(-1,1),2048,7168,7168,128x128x32_w8_v3_b1alt,SKIP,no template
F8_E4M3_B128,BITSHIFT,U(-1,1),2048,7168,7168,128x128x32_w8_v3_b1alt,SKIP,opt only LUT path
F8_E4M3_B128,LUT,U(-1,1),2048,7168,7168,64x128x32_w8_v3_b1alt,SKIP,no template
F8_E4M3_B128,BITSHIFT,U(-1,1),2048,7168,7168,64x128x32_w8_v3_b1alt,SKIP,opt only LUT path
F8_E4M3_B128,LUT,U(-1,1),2048,7168,7168,128x64x32_w4_v4,OK,ms=15.436,tflops=13.63,gbps=11.0,maxabs=2.790e-02,p99=1.309e-02,rel=1.846e-04
F8_E4M3_B128,BITSHIFT,U(-1,1),2048,7168,7168,128x64x32_w4_v4,SKIP,opt only LUT path
F8_E4M3_B128,LUT,U(-1,1),2048,7168,7168,128x128x32_w4_v4,SKIP,BN/WARPS != 16
F8_E4M3_B128,BITSHIFT,U(-1,1),2048,7168,7168,128x128x32_w4_v4,SKIP,BN/WARPS != 16
F8_E4M3_B128,LUT,U(-1,1),2048,7168,7168,64x64x32_w4_v4,OK,ms=14.971,tflops=14.06,gbps=11.3,maxabs=2.790e-02,p99=1.309e-02,rel=1.846e-04
F8_E4M3_B128,BITSHIFT,U(-1,1),2048,7168,7168,64x64x32_w4_v4,SKIP,opt only LUT path
F8_E4M3_B128,LUT,U(-1,1),2048,7168,7168,64x128x32_w4_v4,SKIP,BN/WARPS != 16
F8_E4M3_B128,BITSHIFT,U(-1,1),2048,7168,7168,64x128x32_w4_v4,SKIP,BN/WARPS != 16
F8_E4M3_B128,LUT,U(-1,1),2048,7168,7168,128x64x32_w4_v5,OK,ms=21.635,tflops=9.73,gbps=7.8,maxabs=2.790e-02,p99=1.309e-02,rel=1.846e-04
F8_E4M3_B128,BITSHIFT,U(-1,1),2048,7168,7168,128x64x32_w4_v5,SKIP,opt only LUT path
F8_E4M3_B128,LUT,U(-1,1),2048,7168,7168,128x128x32_w4_v5,SKIP,BN/WARPS != 16
F8_E4M3_B128,BITSHIFT,U(-1,1),2048,7168,7168,128x128x32_w4_v5,SKIP,BN/WARPS != 16
F8_E4M3_B128,LUT,U(-1,1),2048,7168,7168,64x64x32_w4_v5,OK,ms=31.573,tflops=6.67,gbps=5.4,maxabs=2.790e-02,p99=1.309e-02,rel=1.846e-04
F8_E4M3_B128,BITSHIFT,U(-1,1),2048,7168,7168,64x64x32_w4_v5,SKIP,opt only LUT path
F8_E4M3_B128,LUT,U(-1,1),2048,7168,7168,64x128x32_w4_v5,SKIP,BN/WARPS != 16
F8_E4M3_B128,BITSHIFT,U(-1,1),2048,7168,7168,64x128x32_w4_v5,SKIP,BN/WARPS != 16
F8_E4M3_B128,LUT,U(-1,1),2048,7168,7168,128x128x64_w4_v6,SKIP,BN/WARPS != 16
F8_E4M3_B128,BITSHIFT,U(-1,1),2048,7168,7168,128x128x64_w4_v6,SKIP,BN/WARPS != 16
F8_E4M3_B128,LUT,U(-1,1),2048,7168,7168,128x64x64_w4_v6,SKIP,v6 only INT8 (A1 retry)
F8_E4M3_B128,BITSHIFT,U(-1,1),2048,7168,7168,128x64x64_w4_v6,SKIP,opt only LUT path
F8_E4M3_B128,LUT,U(-1,1),2048,7168,7168,64x128x64_w4_v6,SKIP,BN/WARPS != 16
F8_E4M3_B128,BITSHIFT,U(-1,1),2048,7168,7168,64x128x64_w4_v6,SKIP,BN/WARPS != 16
F8_E4M3_B128,LUT,U(-1,1),2048,7168,7168,64x64x64_w4_v6,SKIP,v6 only INT8 (A1 retry)
F8_E4M3_B128,BITSHIFT,U(-1,1),2048,7168,7168,64x64x64_w4_v6,SKIP,opt only LUT path
