device: Tesla V100-SXM2-32GB, cc=7.0, smem=48KiB/cta

=== cuBLAS FP16 GEMM ceiling (V100 TC peak target 125 TFLOPS) ===
format,path,dist,M,N,K,tile,status,detail
CUBLAS_FP16,REF,U(-1,1),1,4096,4096,cublas,OK,ms=0.076,tflops=0.44,gbps=442.0,maxabs=0.0e+0,p99=0.0e+0,rel=0.0e+0
CUBLAS_FP16,REF,U(-1,1),16,4096,4096,cublas,OK,ms=0.068,tflops=7.94,gbps=499.9,maxabs=0.0e+0,p99=0.0e+0,rel=0.0e+0
CUBLAS_FP16,REF,U(-1,1),64,4096,4096,cublas,OK,ms=0.122,tflops=17.61,gbps=283.7,maxabs=0.0e+0,p99=0.0e+0,rel=0.0e+0
CUBLAS_FP16,REF,U(-1,1),128,4096,4096,cublas,OK,ms=0.104,tflops=41.26,gbps=342.5,maxabs=0.0e+0,p99=0.0e+0,rel=0.0e+0
CUBLAS_FP16,REF,U(-1,1),256,4096,4096,cublas,OK,ms=0.148,tflops=58.11,gbps=255.4,maxabs=0.0e+0,p99=0.0e+0,rel=0.0e+0
CUBLAS_FP16,REF,U(-1,1),512,4096,4096,cublas,OK,ms=0.249,tflops=69.03,gbps=168.5,maxabs=0.0e+0,p99=0.0e+0,rel=0.0e+0
CUBLAS_FP16,REF,U(-1,1),1024,4096,4096,cublas,OK,ms=0.524,tflops=65.61,gbps=96.1,maxabs=0.0e+0,p99=0.0e+0,rel=0.0e+0
CUBLAS_FP16,REF,U(-1,1),2048,4096,4096,cublas,OK,ms=0.834,tflops=82.39,gbps=80.5,maxabs=0.0e+0,p99=0.0e+0,rel=0.0e+0
CUBLAS_FP16,REF,U(-1,1),1,7168,7168,cublas,OK,ms=0.187,tflops=0.55,gbps=548.8,maxabs=0.0e+0,p99=0.0e+0,rel=0.0e+0
CUBLAS_FP16,REF,U(-1,1),16,7168,7168,cublas,OK,ms=0.230,tflops=7.15,gbps=449.0,maxabs=0.0e+0,p99=0.0e+0,rel=0.0e+0
CUBLAS_FP16,REF,U(-1,1),64,7168,7168,cublas,OK,ms=0.350,tflops=18.78,gbps=298.7,maxabs=0.0e+0,p99=0.0e+0,rel=0.0e+0
CUBLAS_FP16,REF,U(-1,1),128,7168,7168,cublas,OK,ms=0.390,tflops=33.75,gbps=273.1,maxabs=0.0e+0,p99=0.0e+0,rel=0.0e+0
CUBLAS_FP16,REF,U(-1,1),256,7168,7168,cublas,OK,ms=0.481,tflops=54.71,gbps=229.0,maxabs=0.0e+0,p99=0.0e+0,rel=0.0e+0
CUBLAS_FP16,REF,U(-1,1),512,7168,7168,cublas,OK,ms=0.674,tflops=78.10,gbps=174.3,maxabs=0.0e+0,p99=0.0e+0,rel=0.0e+0
CUBLAS_FP16,REF,U(-1,1),1024,7168,7168,cublas,OK,ms=1.234,tflops=85.29,gbps=107.1,maxabs=0.0e+0,p99=0.0e+0,rel=0.0e+0
CUBLAS_FP16,REF,U(-1,1),2048,7168,7168,cublas,OK,ms=2.431,tflops=86.55,gbps=66.4,maxabs=0.0e+0,p99=0.0e+0,rel=0.0e+0
INT8,LUT,U(-1,1),1,4096,4096,16x64x32_w4,OK,ms=0.845,tflops=0.04,gbps=21.1,maxabs=1.897e-02,p99=1.446e-02,rel=2.592e-04
INT8,BITSHIFT,U(-1,1),1,4096,4096,16x64x32_w4,OK,ms=0.430,tflops=0.08,gbps=41.6,maxabs=1.311e-02,p99=9.978e-03,rel=1.834e-04
INT8,LUT,U(-1,1),1,4096,4096,16x128x32_w8,OK,ms=0.910,tflops=0.04,gbps=19.6,maxabs=1.897e-02,p99=1.446e-02,rel=2.592e-04
INT8,BITSHIFT,U(-1,1),1,4096,4096,16x128x32_w8,OK,ms=0.508,tflops=0.07,gbps=35.2,maxabs=1.311e-02,p99=9.978e-03,rel=1.834e-04
INT8,LUT,U(-1,1),1,4096,4096,16x128x32_w4f2,OK,ms=1.582,tflops=0.02,gbps=11.3,maxabs=1.897e-02,p99=1.446e-02,rel=2.592e-04
INT8,BITSHIFT,U(-1,1),1,4096,4096,16x128x32_w4f2,SKIP,MF path-B not implemented
INT8,LUT,U(-1,1),1,4096,4096,16x256x32_w4f4,OK,ms=2.997,tflops=0.01,gbps=6.0,maxabs=1.897e-02,p99=1.446e-02,rel=2.592e-04
INT8,BITSHIFT,U(-1,1),1,4096,4096,16x256x32_w4f4,SKIP,MF path-B not implemented
INT8,LUT,U(-1,1),1,4096,4096,128x64x32_w4_v1,OK,ms=1.157,tflops=0.03,gbps=15.4,maxabs=1.897e-02,p99=1.446e-02,rel=2.592e-04
INT8,BITSHIFT,U(-1,1),1,4096,4096,128x64x32_w4_v1,SKIP,v1 path-B not implemented
INT8,LUT,U(-1,1),1,4096,4096,128x128x32_w4_v1,OK,ms=1.873,tflops=0.02,gbps=9.5,maxabs=1.897e-02,p99=1.446e-02,rel=2.592e-04
INT8,BITSHIFT,U(-1,1),1,4096,4096,128x128x32_w4_v1,SKIP,v1 path-B not implemented
INT8,LUT,U(-1,1),1,4096,4096,128x256x32_w4_v1,OK,ms=4.209,tflops=0.01,gbps=4.2,maxabs=1.897e-02,p99=1.446e-02,rel=2.592e-04
INT8,BITSHIFT,U(-1,1),1,4096,4096,128x256x32_w4_v1,SKIP,v1 path-B not implemented
INT8,LUT,U(-1,1),1,4096,4096,128x256x32_w8_v1,OK,ms=2.080,tflops=0.02,gbps=8.6,maxabs=1.897e-02,p99=1.446e-02,rel=2.592e-04
INT8,BITSHIFT,U(-1,1),1,4096,4096,128x256x32_w8_v1,SKIP,v1 path-B not implemented
INT8,LUT,U(-1,1),1,4096,4096,64x64x32_w4_v1,OK,ms=0.884,tflops=0.04,gbps=20.2,maxabs=1.897e-02,p99=1.446e-02,rel=2.592e-04
INT8,BITSHIFT,U(-1,1),1,4096,4096,64x64x32_w4_v1,SKIP,v1 path-B not implemented
INT8,LUT,U(-1,1),1,4096,4096,64x128x32_w4_v1,OK,ms=1.579,tflops=0.02,gbps=11.3,maxabs=1.897e-02,p99=1.446e-02,rel=2.592e-04
INT8,BITSHIFT,U(-1,1),1,4096,4096,64x128x32_w4_v1,SKIP,v1 path-B not implemented
INT8,LUT,U(-1,1),1,4096,4096,128x64x32_w4_v2,OK,ms=0.445,tflops=0.08,gbps=40.1,maxabs=1.897e-02,p99=1.446e-02,rel=2.592e-04
INT8,BITSHIFT,U(-1,1),1,4096,4096,128x64x32_w4_v2,SKIP,v2 path-B not implemented
INT8,LUT,U(-1,1),1,4096,4096,128x128x32_w4_v2,OK,ms=0.591,tflops=0.06,gbps=30.2,maxabs=1.897e-02,p99=1.446e-02,rel=2.592e-04
INT8,BITSHIFT,U(-1,1),1,4096,4096,128x128x32_w4_v2,SKIP,v2 path-B not implemented
INT8,LUT,U(-1,1),1,4096,4096,128x256x32_w4_v2,OK,ms=1.308,tflops=0.03,gbps=13.7,maxabs=1.897e-02,p99=1.446e-02,rel=2.592e-04
INT8,BITSHIFT,U(-1,1),1,4096,4096,128x256x32_w4_v2,SKIP,v2 path-B not implemented
INT8,LUT,U(-1,1),1,4096,4096,128x256x32_w8_v2,OK,ms=0.835,tflops=0.04,gbps=21.4,maxabs=1.897e-02,p99=1.446e-02,rel=2.592e-04
INT8,BITSHIFT,U(-1,1),1,4096,4096,128x256x32_w8_v2,SKIP,v2 path-B not implemented
INT8,LUT,U(-1,1),1,4096,4096,64x64x32_w4_v2,OK,ms=0.293,tflops=0.11,gbps=60.9,maxabs=1.897e-02,p99=1.446e-02,rel=2.592e-04
INT8,BITSHIFT,U(-1,1),1,4096,4096,64x64x32_w4_v2,SKIP,v2 path-B not implemented
INT8,LUT,U(-1,1),1,4096,4096,64x128x32_w4_v2,OK,ms=0.402,tflops=0.08,gbps=44.4,maxabs=1.897e-02,p99=1.446e-02,rel=2.592e-04
INT8,BITSHIFT,U(-1,1),1,4096,4096,64x128x32_w4_v2,SKIP,v2 path-B not implemented
INT8,LUT,U(-1,1),1,4096,4096,128x64x32_w4_v3,OK,ms=0.390,tflops=0.09,gbps=45.7,maxabs=1.897e-02,p99=1.446e-02,rel=2.592e-04
INT8,BITSHIFT,U(-1,1),1,4096,4096,128x64x32_w4_v3,SKIP,v3 path-B not implemented
INT8,LUT,U(-1,1),1,4096,4096,128x128x32_w4_v3,OK,ms=0.493,tflops=0.07,gbps=36.2,maxabs=1.897e-02,p99=1.446e-02,rel=2.592e-04
INT8,BITSHIFT,U(-1,1),1,4096,4096,128x128x32_w4_v3,SKIP,v3 path-B not implemented
INT8,LUT,U(-1,1),1,4096,4096,128x256x32_w8_v3,SKIP,smem > 48KiB
INT8,BITSHIFT,U(-1,1),1,4096,4096,128x256x32_w8_v3,SKIP,smem > 48KiB
INT8,LUT,U(-1,1),1,4096,4096,64x64x32_w4_v3,OK,ms=0.267,tflops=0.13,gbps=66.8,maxabs=1.897e-02,p99=1.446e-02,rel=2.592e-04
INT8,BITSHIFT,U(-1,1),1,4096,4096,64x64x32_w4_v3,SKIP,v3 path-B not implemented
INT8,LUT,U(-1,1),1,4096,4096,64x128x32_w4_v3,OK,ms=0.334,tflops=0.10,gbps=53.5,maxabs=1.897e-02,p99=1.446e-02,rel=2.592e-04
INT8,BITSHIFT,U(-1,1),1,4096,4096,64x128x32_w4_v3,SKIP,v3 path-B not implemented
INT8,LUT,U(-1,1),16,4096,4096,16x64x32_w4,OK,ms=0.754,tflops=0.71,gbps=24.3,maxabs=5.875e-04,p99=1.507e-04,rel=1.537e-06
INT8,BITSHIFT,U(-1,1),16,4096,4096,16x64x32_w4,OK,ms=0.533,tflops=1.01,gbps=34.4,maxabs=1.649e-02,p99=1.010e-02,rel=1.827e-04
INT8,LUT,U(-1,1),16,4096,4096,16x128x32_w8,OK,ms=0.834,tflops=0.64,gbps=22.0,maxabs=5.875e-04,p99=1.507e-04,rel=1.537e-06
INT8,BITSHIFT,U(-1,1),16,4096,4096,16x128x32_w8,OK,ms=0.672,tflops=0.80,gbps=27.3,maxabs=1.649e-02,p99=1.010e-02,rel=1.827e-04
INT8,LUT,U(-1,1),16,4096,4096,16x128x32_w4f2,OK,ms=1.396,tflops=0.38,gbps=13.1,maxabs=5.875e-04,p99=1.507e-04,rel=1.537e-06
INT8,BITSHIFT,U(-1,1),16,4096,4096,16x128x32_w4f2,SKIP,MF path-B not implemented
INT8,LUT,U(-1,1),16,4096,4096,16x256x32_w4f4,OK,ms=2.630,tflops=0.20,gbps=7.0,maxabs=5.875e-04,p99=1.507e-04,rel=1.537e-06
INT8,BITSHIFT,U(-1,1),16,4096,4096,16x256x32_w4f4,SKIP,MF path-B not implemented
INT8,LUT,U(-1,1),16,4096,4096,128x64x32_w4_v1,OK,ms=1.008,tflops=0.53,gbps=18.2,maxabs=5.875e-04,p99=1.507e-04,rel=1.537e-06
INT8,BITSHIFT,U(-1,1),16,4096,4096,128x64x32_w4_v1,SKIP,v1 path-B not implemented
INT8,LUT,U(-1,1),16,4096,4096,128x128x32_w4_v1,OK,ms=1.641,tflops=0.33,gbps=11.2,maxabs=5.875e-04,p99=1.507e-04,rel=1.537e-06
INT8,BITSHIFT,U(-1,1),16,4096,4096,128x128x32_w4_v1,SKIP,v1 path-B not implemented
INT8,LUT,U(-1,1),16,4096,4096,128x256x32_w4_v1,OK,ms=3.710,tflops=0.14,gbps=4.9,maxabs=5.875e-04,p99=1.507e-04,rel=1.537e-06
INT8,BITSHIFT,U(-1,1),16,4096,4096,128x256x32_w4_v1,SKIP,v1 path-B not implemented
INT8,LUT,U(-1,1),16,4096,4096,128x256x32_w8_v1,OK,ms=1.863,tflops=0.29,gbps=9.8,maxabs=5.875e-04,p99=1.507e-04,rel=1.537e-06
INT8,BITSHIFT,U(-1,1),16,4096,4096,128x256x32_w8_v1,SKIP,v1 path-B not implemented
INT8,LUT,U(-1,1),16,4096,4096,64x64x32_w4_v1,OK,ms=0.838,tflops=0.64,gbps=21.9,maxabs=5.875e-04,p99=1.507e-04,rel=1.537e-06
INT8,BITSHIFT,U(-1,1),16,4096,4096,64x64x32_w4_v1,SKIP,v1 path-B not implemented
INT8,LUT,U(-1,1),16,4096,4096,64x128x32_w4_v1,OK,ms=1.506,tflops=0.36,gbps=12.2,maxabs=5.875e-04,p99=1.507e-04,rel=1.537e-06
INT8,BITSHIFT,U(-1,1),16,4096,4096,64x128x32_w4_v1,SKIP,v1 path-B not implemented
INT8,LUT,U(-1,1),16,4096,4096,128x64x32_w4_v2,OK,ms=0.444,tflops=1.21,gbps=41.3,maxabs=5.875e-04,p99=1.507e-04,rel=1.537e-06
INT8,BITSHIFT,U(-1,1),16,4096,4096,128x64x32_w4_v2,SKIP,v2 path-B not implemented
INT8,LUT,U(-1,1),16,4096,4096,128x128x32_w4_v2,OK,ms=0.570,tflops=0.94,gbps=32.2,maxabs=5.875e-04,p99=1.507e-04,rel=1.537e-06
INT8,BITSHIFT,U(-1,1),16,4096,4096,128x128x32_w4_v2,SKIP,v2 path-B not implemented
INT8,LUT,U(-1,1),16,4096,4096,128x256x32_w4_v2,OK,ms=1.243,tflops=0.43,gbps=14.8,maxabs=5.875e-04,p99=1.507e-04,rel=1.537e-06
INT8,BITSHIFT,U(-1,1),16,4096,4096,128x256x32_w4_v2,SKIP,v2 path-B not implemented
INT8,LUT,U(-1,1),16,4096,4096,128x256x32_w8_v2,OK,ms=0.762,tflops=0.70,gbps=24.1,maxabs=5.875e-04,p99=1.507e-04,rel=1.537e-06
INT8,BITSHIFT,U(-1,1),16,4096,4096,128x256x32_w8_v2,SKIP,v2 path-B not implemented
INT8,LUT,U(-1,1),16,4096,4096,64x64x32_w4_v2,OK,ms=0.302,tflops=1.78,gbps=60.8,maxabs=5.875e-04,p99=1.507e-04,rel=1.537e-06
INT8,BITSHIFT,U(-1,1),16,4096,4096,64x64x32_w4_v2,SKIP,v2 path-B not implemented
INT8,LUT,U(-1,1),16,4096,4096,64x128x32_w4_v2,OK,ms=0.402,tflops=1.33,gbps=45.6,maxabs=5.875e-04,p99=1.507e-04,rel=1.537e-06
INT8,BITSHIFT,U(-1,1),16,4096,4096,64x128x32_w4_v2,SKIP,v2 path-B not implemented
INT8,LUT,U(-1,1),16,4096,4096,128x64x32_w4_v3,OK,ms=0.380,tflops=1.41,gbps=48.2,maxabs=5.875e-04,p99=1.507e-04,rel=1.537e-06
INT8,BITSHIFT,U(-1,1),16,4096,4096,128x64x32_w4_v3,SKIP,v3 path-B not implemented
INT8,LUT,U(-1,1),16,4096,4096,128x128x32_w4_v3,OK,ms=0.470,tflops=1.14,gbps=39.1,maxabs=5.875e-04,p99=1.507e-04,rel=1.537e-06
INT8,BITSHIFT,U(-1,1),16,4096,4096,128x128x32_w4_v3,SKIP,v3 path-B not implemented
INT8,LUT,U(-1,1),16,4096,4096,128x256x32_w8_v3,SKIP,smem > 48KiB
INT8,BITSHIFT,U(-1,1),16,4096,4096,128x256x32_w8_v3,SKIP,smem > 48KiB
INT8,LUT,U(-1,1),16,4096,4096,64x64x32_w4_v3,OK,ms=0.271,tflops=1.98,gbps=67.8,maxabs=5.875e-04,p99=1.507e-04,rel=1.537e-06
INT8,BITSHIFT,U(-1,1),16,4096,4096,64x64x32_w4_v3,SKIP,v3 path-B not implemented
INT8,LUT,U(-1,1),16,4096,4096,64x128x32_w4_v3,OK,ms=0.341,tflops=1.58,gbps=53.9,maxabs=5.875e-04,p99=1.507e-04,rel=1.537e-06
INT8,BITSHIFT,U(-1,1),16,4096,4096,64x128x32_w4_v3,SKIP,v3 path-B not implemented
INT8,LUT,U(-1,1),64,4096,4096,16x64x32_w4,OK,ms=0.797,tflops=2.69,gbps=25.0,maxabs=5.951e-04,p99=1.526e-04,rel=1.547e-06
INT8,BITSHIFT,U(-1,1),64,4096,4096,16x64x32_w4,OK,ms=0.746,tflops=2.88,gbps=26.7,maxabs=1.859e-02,p99=1.003e-02,rel=1.826e-04
INT8,LUT,U(-1,1),64,4096,4096,16x128x32_w8,OK,ms=0.823,tflops=2.61,gbps=24.2,maxabs=5.951e-04,p99=1.526e-04,rel=1.547e-06
INT8,BITSHIFT,U(-1,1),64,4096,4096,16x128x32_w8,OK,ms=0.788,tflops=2.73,gbps=25.3,maxabs=1.859e-02,p99=1.003e-02,rel=1.826e-04
INT8,LUT,U(-1,1),64,4096,4096,16x128x32_w4f2,OK,ms=1.379,tflops=1.56,gbps=14.5,maxabs=5.951e-04,p99=1.526e-04,rel=1.547e-06
INT8,BITSHIFT,U(-1,1),64,4096,4096,16x128x32_w4f2,SKIP,MF path-B not implemented
INT8,LUT,U(-1,1),64,4096,4096,16x256x32_w4f4,OK,ms=2.516,tflops=0.85,gbps=7.9,maxabs=5.951e-04,p99=1.526e-04,rel=1.547e-06
INT8,BITSHIFT,U(-1,1),64,4096,4096,16x256x32_w4f4,SKIP,MF path-B not implemented
INT8,LUT,U(-1,1),64,4096,4096,128x64x32_w4_v1,OK,ms=1.127,tflops=1.91,gbps=17.7,maxabs=5.951e-04,p99=1.526e-04,rel=1.547e-06
INT8,BITSHIFT,U(-1,1),64,4096,4096,128x64x32_w4_v1,SKIP,v1 path-B not implemented
INT8,LUT,U(-1,1),64,4096,4096,128x128x32_w4_v1,OK,ms=1.729,tflops=1.24,gbps=11.5,maxabs=5.951e-04,p99=1.526e-04,rel=1.547e-06
INT8,BITSHIFT,U(-1,1),64,4096,4096,128x128x32_w4_v1,SKIP,v1 path-B not implemented
INT8,LUT,U(-1,1),64,4096,4096,128x256x32_w4_v1,OK,ms=4.098,tflops=0.52,gbps=4.9,maxabs=5.951e-04,p99=1.526e-04,rel=1.547e-06
INT8,BITSHIFT,U(-1,1),64,4096,4096,128x256x32_w4_v1,SKIP,v1 path-B not implemented
INT8,LUT,U(-1,1),64,4096,4096,128x256x32_w8_v1,OK,ms=1.895,tflops=1.13,gbps=10.5,maxabs=5.951e-04,p99=1.526e-04,rel=1.547e-06
INT8,BITSHIFT,U(-1,1),64,4096,4096,128x256x32_w8_v1,SKIP,v1 path-B not implemented
INT8,LUT,U(-1,1),64,4096,4096,64x64x32_w4_v1,OK,ms=0.956,tflops=2.25,gbps=20.8,maxabs=5.951e-04,p99=1.526e-04,rel=1.547e-06
INT8,BITSHIFT,U(-1,1),64,4096,4096,64x64x32_w4_v1,SKIP,v1 path-B not implemented
INT8,LUT,U(-1,1),64,4096,4096,64x128x32_w4_v1,OK,ms=1.590,tflops=1.35,gbps=12.5,maxabs=5.951e-04,p99=1.526e-04,rel=1.547e-06
INT8,BITSHIFT,U(-1,1),64,4096,4096,64x128x32_w4_v1,SKIP,v1 path-B not implemented
INT8,LUT,U(-1,1),64,4096,4096,128x64x32_w4_v2,OK,ms=0.571,tflops=3.76,gbps=34.9,maxabs=5.951e-04,p99=1.526e-04,rel=1.547e-06
INT8,BITSHIFT,U(-1,1),64,4096,4096,128x64x32_w4_v2,SKIP,v2 path-B not implemented
INT8,LUT,U(-1,1),64,4096,4096,128x128x32_w4_v2,OK,ms=0.680,tflops=3.16,gbps=29.3,maxabs=5.951e-04,p99=1.526e-04,rel=1.547e-06
INT8,BITSHIFT,U(-1,1),64,4096,4096,128x128x32_w4_v2,SKIP,v2 path-B not implemented
INT8,LUT,U(-1,1),64,4096,4096,128x256x32_w4_v2,OK,ms=1.311,tflops=1.64,gbps=15.2,maxabs=5.951e-04,p99=1.526e-04,rel=1.547e-06
INT8,BITSHIFT,U(-1,1),64,4096,4096,128x256x32_w4_v2,SKIP,v2 path-B not implemented
INT8,LUT,U(-1,1),64,4096,4096,128x256x32_w8_v2,OK,ms=0.831,tflops=2.58,gbps=24.0,maxabs=5.951e-04,p99=1.526e-04,rel=1.547e-06
INT8,BITSHIFT,U(-1,1),64,4096,4096,128x256x32_w8_v2,SKIP,v2 path-B not implemented
INT8,LUT,U(-1,1),64,4096,4096,64x64x32_w4_v2,OK,ms=0.431,tflops=4.98,gbps=46.2,maxabs=5.951e-04,p99=1.526e-04,rel=1.547e-06
INT8,BITSHIFT,U(-1,1),64,4096,4096,64x64x32_w4_v2,SKIP,v2 path-B not implemented
INT8,LUT,U(-1,1),64,4096,4096,64x128x32_w4_v2,OK,ms=0.510,tflops=4.21,gbps=39.1,maxabs=5.951e-04,p99=1.526e-04,rel=1.547e-06
INT8,BITSHIFT,U(-1,1),64,4096,4096,64x128x32_w4_v2,SKIP,v2 path-B not implemented
INT8,LUT,U(-1,1),64,4096,4096,128x64x32_w4_v3,OK,ms=0.398,tflops=5.39,gbps=50.0,maxabs=5.951e-04,p99=1.526e-04,rel=1.547e-06
INT8,BITSHIFT,U(-1,1),64,4096,4096,128x64x32_w4_v3,SKIP,v3 path-B not implemented
INT8,LUT,U(-1,1),64,4096,4096,128x128x32_w4_v3,OK,ms=0.498,tflops=4.32,gbps=40.0,maxabs=5.951e-04,p99=1.526e-04,rel=1.547e-06
INT8,BITSHIFT,U(-1,1),64,4096,4096,128x128x32_w4_v3,SKIP,v3 path-B not implemented
INT8,LUT,U(-1,1),64,4096,4096,128x256x32_w8_v3,SKIP,smem > 48KiB
INT8,BITSHIFT,U(-1,1),64,4096,4096,128x256x32_w8_v3,SKIP,smem > 48KiB
INT8,LUT,U(-1,1),64,4096,4096,64x64x32_w4_v3,OK,ms=0.328,tflops=6.55,gbps=60.8,maxabs=5.951e-04,p99=1.526e-04,rel=1.547e-06
INT8,BITSHIFT,U(-1,1),64,4096,4096,64x64x32_w4_v3,SKIP,v3 path-B not implemented
INT8,LUT,U(-1,1),64,4096,4096,64x128x32_w4_v3,OK,ms=0.361,tflops=5.94,gbps=55.1,maxabs=5.951e-04,p99=1.526e-04,rel=1.547e-06
INT8,BITSHIFT,U(-1,1),64,4096,4096,64x128x32_w4_v3,SKIP,v3 path-B not implemented
INT8,LUT,U(-1,1),128,4096,4096,16x64x32_w4,OK,ms=0.914,tflops=4.70,gbps=24.1,maxabs=5.417e-04,p99=1.278e-04,rel=1.328e-06
INT8,BITSHIFT,U(-1,1),128,4096,4096,16x64x32_w4,OK,ms=1.185,tflops=3.62,gbps=18.6,maxabs=1.858e-02,p99=1.003e-02,rel=1.827e-04
INT8,LUT,U(-1,1),128,4096,4096,16x128x32_w8,OK,ms=0.953,tflops=4.51,gbps=23.1,maxabs=5.417e-04,p99=1.278e-04,rel=1.328e-06
INT8,BITSHIFT,U(-1,1),128,4096,4096,16x128x32_w8,OK,ms=1.358,tflops=3.16,gbps=16.2,maxabs=1.858e-02,p99=1.003e-02,rel=1.827e-04
INT8,LUT,U(-1,1),128,4096,4096,16x128x32_w4f2,OK,ms=1.461,tflops=2.94,gbps=15.1,maxabs=5.417e-04,p99=1.278e-04,rel=1.328e-06
INT8,BITSHIFT,U(-1,1),128,4096,4096,16x128x32_w4f2,SKIP,MF path-B not implemented
INT8,LUT,U(-1,1),128,4096,4096,16x256x32_w4f4,OK,ms=2.549,tflops=1.69,gbps=8.6,maxabs=5.417e-04,p99=1.278e-04,rel=1.328e-06
INT8,BITSHIFT,U(-1,1),128,4096,4096,16x256x32_w4f4,SKIP,MF path-B not implemented
INT8,LUT,U(-1,1),128,4096,4096,128x64x32_w4_v1,OK,ms=1.258,tflops=3.42,gbps=17.5,maxabs=5.417e-04,p99=1.278e-04,rel=1.328e-06
INT8,BITSHIFT,U(-1,1),128,4096,4096,128x64x32_w4_v1,SKIP,v1 path-B not implemented
INT8,LUT,U(-1,1),128,4096,4096,128x128x32_w4_v1,OK,ms=1.865,tflops=2.30,gbps=11.8,maxabs=5.417e-04,p99=1.278e-04,rel=1.328e-06
INT8,BITSHIFT,U(-1,1),128,4096,4096,128x128x32_w4_v1,SKIP,v1 path-B not implemented
INT8,LUT,U(-1,1),128,4096,4096,128x256x32_w4_v1,OK,ms=4.658,tflops=0.92,gbps=4.7,maxabs=5.417e-04,p99=1.278e-04,rel=1.328e-06
INT8,BITSHIFT,U(-1,1),128,4096,4096,128x256x32_w4_v1,SKIP,v1 path-B not implemented
INT8,LUT,U(-1,1),128,4096,4096,128x256x32_w8_v1,OK,ms=1.979,tflops=2.17,gbps=11.1,maxabs=5.417e-04,p99=1.278e-04,rel=1.328e-06
INT8,BITSHIFT,U(-1,1),128,4096,4096,128x256x32_w8_v1,SKIP,v1 path-B not implemented
INT8,LUT,U(-1,1),128,4096,4096,64x64x32_w4_v1,OK,ms=0.949,tflops=4.52,gbps=23.2,maxabs=5.417e-04,p99=1.278e-04,rel=1.328e-06
INT8,BITSHIFT,U(-1,1),128,4096,4096,64x64x32_w4_v1,SKIP,v1 path-B not implemented
INT8,LUT,U(-1,1),128,4096,4096,64x128x32_w4_v1,OK,ms=1.555,tflops=2.76,gbps=14.2,maxabs=5.417e-04,p99=1.278e-04,rel=1.328e-06
INT8,BITSHIFT,U(-1,1),128,4096,4096,64x128x32_w4_v1,SKIP,v1 path-B not implemented
INT8,LUT,U(-1,1),128,4096,4096,128x64x32_w4_v2,OK,ms=0.750,tflops=5.73,gbps=29.4,maxabs=5.417e-04,p99=1.278e-04,rel=1.328e-06
INT8,BITSHIFT,U(-1,1),128,4096,4096,128x64x32_w4_v2,SKIP,v2 path-B not implemented
INT8,LUT,U(-1,1),128,4096,4096,128x128x32_w4_v2,OK,ms=0.867,tflops=4.95,gbps=25.4,maxabs=5.417e-04,p99=1.278e-04,rel=1.328e-06
INT8,BITSHIFT,U(-1,1),128,4096,4096,128x128x32_w4_v2,SKIP,v2 path-B not implemented
INT8,LUT,U(-1,1),128,4096,4096,128x256x32_w4_v2,OK,ms=1.487,tflops=2.89,gbps=14.8,maxabs=5.417e-04,p99=1.278e-04,rel=1.328e-06
INT8,BITSHIFT,U(-1,1),128,4096,4096,128x256x32_w4_v2,SKIP,v2 path-B not implemented
INT8,LUT,U(-1,1),128,4096,4096,128x256x32_w8_v2,OK,ms=0.907,tflops=4.73,gbps=24.3,maxabs=5.417e-04,p99=1.278e-04,rel=1.328e-06
INT8,BITSHIFT,U(-1,1),128,4096,4096,128x256x32_w8_v2,SKIP,v2 path-B not implemented
INT8,LUT,U(-1,1),128,4096,4096,64x64x32_w4_v2,OK,ms=0.466,tflops=9.21,gbps=47.2,maxabs=5.417e-04,p99=1.278e-04,rel=1.328e-06
INT8,BITSHIFT,U(-1,1),128,4096,4096,64x64x32_w4_v2,SKIP,v2 path-B not implemented
INT8,LUT,U(-1,1),128,4096,4096,64x128x32_w4_v2,OK,ms=0.509,tflops=8.43,gbps=43.2,maxabs=5.417e-04,p99=1.278e-04,rel=1.328e-06
INT8,BITSHIFT,U(-1,1),128,4096,4096,64x128x32_w4_v2,SKIP,v2 path-B not implemented
INT8,LUT,U(-1,1),128,4096,4096,128x64x32_w4_v3,OK,ms=0.448,tflops=9.59,gbps=49.2,maxabs=5.417e-04,p99=1.278e-04,rel=1.328e-06
INT8,BITSHIFT,U(-1,1),128,4096,4096,128x64x32_w4_v3,SKIP,v3 path-B not implemented
INT8,LUT,U(-1,1),128,4096,4096,128x128x32_w4_v3,OK,ms=0.539,tflops=7.97,gbps=40.9,maxabs=5.417e-04,p99=1.278e-04,rel=1.328e-06
INT8,BITSHIFT,U(-1,1),128,4096,4096,128x128x32_w4_v3,SKIP,v3 path-B not implemented
INT8,LUT,U(-1,1),128,4096,4096,128x256x32_w8_v3,SKIP,smem > 48KiB
INT8,BITSHIFT,U(-1,1),128,4096,4096,128x256x32_w8_v3,SKIP,smem > 48KiB
INT8,LUT,U(-1,1),128,4096,4096,64x64x32_w4_v3,OK,ms=0.364,tflops=11.79,gbps=60.5,maxabs=5.417e-04,p99=1.278e-04,rel=1.328e-06
INT8,BITSHIFT,U(-1,1),128,4096,4096,64x64x32_w4_v3,SKIP,v3 path-B not implemented
INT8,LUT,U(-1,1),128,4096,4096,64x128x32_w4_v3,OK,ms=0.360,tflops=11.92,gbps=61.1,maxabs=5.417e-04,p99=1.278e-04,rel=1.328e-06
INT8,BITSHIFT,U(-1,1),128,4096,4096,64x128x32_w4_v3,SKIP,v3 path-B not implemented
INT8,LUT,U(-1,1),256,4096,4096,16x64x32_w4,OK,ms=1.829,tflops=4.70,gbps=14.3,maxabs=6.104e-04,p99=1.450e-04,rel=1.504e-06
INT8,BITSHIFT,U(-1,1),256,4096,4096,16x64x32_w4,OK,ms=2.656,tflops=3.23,gbps=9.9,maxabs=1.859e-02,p99=1.001e-02,rel=1.824e-04
INT8,LUT,U(-1,1),256,4096,4096,16x128x32_w8,OK,ms=1.910,tflops=4.50,gbps=13.7,maxabs=6.104e-04,p99=1.450e-04,rel=1.504e-06
INT8,BITSHIFT,U(-1,1),256,4096,4096,16x128x32_w8,OK,ms=2.639,tflops=3.26,gbps=9.9,maxabs=1.859e-02,p99=1.001e-02,rel=1.824e-04
INT8,LUT,U(-1,1),256,4096,4096,16x128x32_w4f2,OK,ms=1.671,tflops=5.14,gbps=15.7,maxabs=6.104e-04,p99=1.450e-04,rel=1.504e-06
INT8,BITSHIFT,U(-1,1),256,4096,4096,16x128x32_w4f2,SKIP,MF path-B not implemented
INT8,LUT,U(-1,1),256,4096,4096,16x256x32_w4f4,OK,ms=2.743,tflops=3.13,gbps=9.6,maxabs=6.104e-04,p99=1.450e-04,rel=1.504e-06
INT8,BITSHIFT,U(-1,1),256,4096,4096,16x256x32_w4f4,SKIP,MF path-B not implemented
INT8,LUT,U(-1,1),256,4096,4096,128x64x32_w4_v1,OK,ms=1.268,tflops=6.77,gbps=20.7,maxabs=6.104e-04,p99=1.450e-04,rel=1.504e-06
INT8,BITSHIFT,U(-1,1),256,4096,4096,128x64x32_w4_v1,SKIP,v1 path-B not implemented
INT8,LUT,U(-1,1),256,4096,4096,128x128x32_w4_v1,OK,ms=1.861,tflops=4.62,gbps=14.1,maxabs=6.104e-04,p99=1.450e-04,rel=1.504e-06
INT8,BITSHIFT,U(-1,1),256,4096,4096,128x128x32_w4_v1,SKIP,v1 path-B not implemented
INT8,LUT,U(-1,1),256,4096,4096,128x256x32_w4_v1,OK,ms=4.637,tflops=1.85,gbps=5.7,maxabs=6.104e-04,p99=1.450e-04,rel=1.504e-06
INT8,BITSHIFT,U(-1,1),256,4096,4096,128x256x32_w4_v1,SKIP,v1 path-B not implemented
INT8,LUT,U(-1,1),256,4096,4096,128x256x32_w8_v1,OK,ms=1.927,tflops=4.46,gbps=13.6,maxabs=6.104e-04,p99=1.450e-04,rel=1.504e-06
INT8,BITSHIFT,U(-1,1),256,4096,4096,128x256x32_w8_v1,SKIP,v1 path-B not implemented
INT8,LUT,U(-1,1),256,4096,4096,64x64x32_w4_v1,OK,ms=1.079,tflops=7.96,gbps=24.3,maxabs=6.104e-04,p99=1.450e-04,rel=1.504e-06
INT8,BITSHIFT,U(-1,1),256,4096,4096,64x64x32_w4_v1,SKIP,v1 path-B not implemented
INT8,LUT,U(-1,1),256,4096,4096,64x128x32_w4_v1,OK,ms=1.586,tflops=5.42,gbps=16.5,maxabs=6.104e-04,p99=1.450e-04,rel=1.504e-06
INT8,BITSHIFT,U(-1,1),256,4096,4096,64x128x32_w4_v1,SKIP,v1 path-B not implemented
INT8,LUT,U(-1,1),256,4096,4096,128x64x32_w4_v2,OK,ms=0.760,tflops=11.30,gbps=34.5,maxabs=6.104e-04,p99=1.450e-04,rel=1.504e-06
INT8,BITSHIFT,U(-1,1),256,4096,4096,128x64x32_w4_v2,SKIP,v2 path-B not implemented
INT8,LUT,U(-1,1),256,4096,4096,128x128x32_w4_v2,OK,ms=0.860,tflops=9.98,gbps=30.5,maxabs=6.104e-04,p99=1.450e-04,rel=1.504e-06
INT8,BITSHIFT,U(-1,1),256,4096,4096,128x128x32_w4_v2,SKIP,v2 path-B not implemented
INT8,LUT,U(-1,1),256,4096,4096,128x256x32_w4_v2,OK,ms=1.484,tflops=5.79,gbps=17.7,maxabs=6.104e-04,p99=1.450e-04,rel=1.504e-06
INT8,BITSHIFT,U(-1,1),256,4096,4096,128x256x32_w4_v2,SKIP,v2 path-B not implemented
INT8,LUT,U(-1,1),256,4096,4096,128x256x32_w8_v2,OK,ms=0.906,tflops=9.48,gbps=28.9,maxabs=6.104e-04,p99=1.450e-04,rel=1.504e-06
INT8,BITSHIFT,U(-1,1),256,4096,4096,128x256x32_w8_v2,SKIP,v2 path-B not implemented
INT8,LUT,U(-1,1),256,4096,4096,64x64x32_w4_v2,OK,ms=0.694,tflops=12.37,gbps=37.8,maxabs=6.104e-04,p99=1.450e-04,rel=1.504e-06
INT8,BITSHIFT,U(-1,1),256,4096,4096,64x64x32_w4_v2,SKIP,v2 path-B not implemented
INT8,LUT,U(-1,1),256,4096,4096,64x128x32_w4_v2,OK,ms=0.617,tflops=13.93,gbps=42.5,maxabs=6.104e-04,p99=1.450e-04,rel=1.504e-06
INT8,BITSHIFT,U(-1,1),256,4096,4096,64x128x32_w4_v2,SKIP,v2 path-B not implemented
INT8,LUT,U(-1,1),256,4096,4096,128x64x32_w4_v3,OK,ms=0.545,tflops=15.77,gbps=48.1,maxabs=6.104e-04,p99=1.450e-04,rel=1.504e-06
INT8,BITSHIFT,U(-1,1),256,4096,4096,128x64x32_w4_v3,SKIP,v3 path-B not implemented
INT8,LUT,U(-1,1),256,4096,4096,128x128x32_w4_v3,OK,ms=0.542,tflops=15.84,gbps=48.3,maxabs=6.104e-04,p99=1.450e-04,rel=1.504e-06
INT8,BITSHIFT,U(-1,1),256,4096,4096,128x128x32_w4_v3,SKIP,v3 path-B not implemented
INT8,LUT,U(-1,1),256,4096,4096,128x256x32_w8_v3,SKIP,smem > 48KiB
INT8,BITSHIFT,U(-1,1),256,4096,4096,128x256x32_w8_v3,SKIP,smem > 48KiB
INT8,LUT,U(-1,1),256,4096,4096,64x64x32_w4_v3,OK,ms=0.556,tflops=15.45,gbps=47.1,maxabs=6.104e-04,p99=1.450e-04,rel=1.504e-06
INT8,BITSHIFT,U(-1,1),256,4096,4096,64x64x32_w4_v3,SKIP,v3 path-B not implemented
INT8,LUT,U(-1,1),256,4096,4096,64x128x32_w4_v3,OK,ms=0.434,tflops=19.78,gbps=60.4,maxabs=6.104e-04,p99=1.450e-04,rel=1.504e-06
INT8,BITSHIFT,U(-1,1),256,4096,4096,64x128x32_w4_v3,SKIP,v3 path-B not implemented
INT8,LUT,U(-1,1),512,4096,4096,16x64x32_w4,OK,ms=3.640,tflops=4.72,gbps=9.5,maxabs=5.569e-04,p99=1.297e-04,rel=1.329e-06
INT8,BITSHIFT,U(-1,1),512,4096,4096,16x64x32_w4,OK,ms=4.723,tflops=3.64,gbps=7.3,maxabs=1.984e-02,p99=1.001e-02,rel=1.824e-04
INT8,LUT,U(-1,1),512,4096,4096,16x128x32_w8,OK,ms=3.953,tflops=4.35,gbps=8.8,maxabs=5.569e-04,p99=1.297e-04,rel=1.329e-06
INT8,BITSHIFT,U(-1,1),512,4096,4096,16x128x32_w8,OK,ms=4.954,tflops=3.47,gbps=7.0,maxabs=1.984e-02,p99=1.001e-02,rel=1.824e-04
INT8,LUT,U(-1,1),512,4096,4096,16x128x32_w4f2,OK,ms=3.217,tflops=5.34,gbps=10.8,maxabs=5.569e-04,p99=1.297e-04,rel=1.329e-06
INT8,BITSHIFT,U(-1,1),512,4096,4096,16x128x32_w4f2,SKIP,MF path-B not implemented
INT8,LUT,U(-1,1),512,4096,4096,16x256x32_w4f4,OK,ms=5.478,tflops=3.14,gbps=6.3,maxabs=5.569e-04,p99=1.297e-04,rel=1.329e-06
INT8,BITSHIFT,U(-1,1),512,4096,4096,16x256x32_w4f4,SKIP,MF path-B not implemented
INT8,LUT,U(-1,1),512,4096,4096,128x64x32_w4_v1,OK,ms=1.544,tflops=11.13,gbps=22.4,maxabs=5.569e-04,p99=1.297e-04,rel=1.329e-06
INT8,BITSHIFT,U(-1,1),512,4096,4096,128x64x32_w4_v1,SKIP,v1 path-B not implemented
INT8,LUT,U(-1,1),512,4096,4096,128x128x32_w4_v1,OK,ms=1.880,tflops=9.14,gbps=18.4,maxabs=5.569e-04,p99=1.297e-04,rel=1.329e-06
INT8,BITSHIFT,U(-1,1),512,4096,4096,128x128x32_w4_v1,SKIP,v1 path-B not implemented
INT8,LUT,U(-1,1),512,4096,4096,128x256x32_w4_v1,OK,ms=4.818,tflops=3.57,gbps=7.2,maxabs=5.569e-04,p99=1.297e-04,rel=1.329e-06
INT8,BITSHIFT,U(-1,1),512,4096,4096,128x256x32_w4_v1,SKIP,v1 path-B not implemented
INT8,LUT,U(-1,1),512,4096,4096,128x256x32_w8_v1,OK,ms=1.908,tflops=9.00,gbps=18.1,maxabs=5.569e-04,p99=1.297e-04,rel=1.329e-06
INT8,BITSHIFT,U(-1,1),512,4096,4096,128x256x32_w8_v1,SKIP,v1 path-B not implemented
INT8,LUT,U(-1,1),512,4096,4096,64x64x32_w4_v1,OK,ms=2.268,tflops=7.57,gbps=15.3,maxabs=5.569e-04,p99=1.297e-04,rel=1.329e-06
INT8,BITSHIFT,U(-1,1),512,4096,4096,64x64x32_w4_v1,SKIP,v1 path-B not implemented
INT8,LUT,U(-1,1),512,4096,4096,64x128x32_w4_v1,OK,ms=3.275,tflops=5.25,gbps=10.6,maxabs=5.569e-04,p99=1.297e-04,rel=1.329e-06
INT8,BITSHIFT,U(-1,1),512,4096,4096,64x128x32_w4_v1,SKIP,v1 path-B not implemented
INT8,LUT,U(-1,1),512,4096,4096,128x64x32_w4_v2,OK,ms=1.132,tflops=15.18,gbps=30.6,maxabs=5.569e-04,p99=1.297e-04,rel=1.329e-06
INT8,BITSHIFT,U(-1,1),512,4096,4096,128x64x32_w4_v2,SKIP,v2 path-B not implemented
INT8,LUT,U(-1,1),512,4096,4096,128x128x32_w4_v2,OK,ms=0.964,tflops=17.83,gbps=35.9,maxabs=5.569e-04,p99=1.297e-04,rel=1.329e-06
INT8,BITSHIFT,U(-1,1),512,4096,4096,128x128x32_w4_v2,SKIP,v2 path-B not implemented
INT8,LUT,U(-1,1),512,4096,4096,128x256x32_w4_v2,OK,ms=1.531,tflops=11.22,gbps=22.6,maxabs=5.569e-04,p99=1.297e-04,rel=1.329e-06
INT8,BITSHIFT,U(-1,1),512,4096,4096,128x256x32_w4_v2,SKIP,v2 path-B not implemented
INT8,LUT,U(-1,1),512,4096,4096,128x256x32_w8_v2,OK,ms=0.908,tflops=18.92,gbps=38.1,maxabs=5.569e-04,p99=1.297e-04,rel=1.329e-06
INT8,BITSHIFT,U(-1,1),512,4096,4096,128x256x32_w8_v2,SKIP,v2 path-B not implemented
INT8,LUT,U(-1,1),512,4096,4096,64x64x32_w4_v2,OK,ms=1.454,tflops=11.82,gbps=23.8,maxabs=5.569e-04,p99=1.297e-04,rel=1.329e-06
INT8,BITSHIFT,U(-1,1),512,4096,4096,64x64x32_w4_v2,SKIP,v2 path-B not implemented
INT8,LUT,U(-1,1),512,4096,4096,64x128x32_w4_v2,OK,ms=0.948,tflops=18.12,gbps=36.5,maxabs=5.569e-04,p99=1.297e-04,rel=1.329e-06
INT8,BITSHIFT,U(-1,1),512,4096,4096,64x128x32_w4_v2,SKIP,v2 path-B not implemented
INT8,LUT,U(-1,1),512,4096,4096,128x64x32_w4_v3,OK,ms=1.324,tflops=12.97,gbps=26.1,maxabs=5.569e-04,p99=1.297e-04,rel=1.329e-06
INT8,BITSHIFT,U(-1,1),512,4096,4096,128x64x32_w4_v3,SKIP,v3 path-B not implemented
INT8,LUT,U(-1,1),512,4096,4096,128x128x32_w4_v3,OK,ms=0.692,tflops=24.81,gbps=50.0,maxabs=5.569e-04,p99=1.297e-04,rel=1.329e-06
INT8,BITSHIFT,U(-1,1),512,4096,4096,128x128x32_w4_v3,SKIP,v3 path-B not implemented
INT8,LUT,U(-1,1),512,4096,4096,128x256x32_w8_v3,SKIP,smem > 48KiB
INT8,BITSHIFT,U(-1,1),512,4096,4096,128x256x32_w8_v3,SKIP,smem > 48KiB
INT8,LUT,U(-1,1),512,4096,4096,64x64x32_w4_v3,OK,ms=1.263,tflops=13.60,gbps=27.4,maxabs=5.569e-04,p99=1.297e-04,rel=1.329e-06
INT8,BITSHIFT,U(-1,1),512,4096,4096,64x64x32_w4_v3,SKIP,v3 path-B not implemented
INT8,LUT,U(-1,1),512,4096,4096,64x128x32_w4_v3,OK,ms=0.975,tflops=17.62,gbps=35.5,maxabs=5.569e-04,p99=1.297e-04,rel=1.329e-06
INT8,BITSHIFT,U(-1,1),512,4096,4096,64x128x32_w4_v3,SKIP,v3 path-B not implemented
INT8,LUT,U(-1,1),1024,4096,4096,16x64x32_w4,OK,ms=6.515,tflops=5.27,gbps=7.9,maxabs=0.000e+00,p99=0.000e+00,rel=0.000e+00
INT8,BITSHIFT,U(-1,1),1024,4096,4096,16x64x32_w4,OK,ms=9.561,tflops=3.59,gbps=5.4,maxabs=2.077e-02,p99=1.001e-02,rel=1.823e-04
INT8,LUT,U(-1,1),1024,4096,4096,16x128x32_w8,OK,ms=7.200,tflops=4.77,gbps=7.1,maxabs=0.000e+00,p99=0.000e+00,rel=0.000e+00
INT8,BITSHIFT,U(-1,1),1024,4096,4096,16x128x32_w8,OK,ms=9.746,tflops=3.53,gbps=5.3,maxabs=2.077e-02,p99=1.001e-02,rel=1.823e-04
INT8,LUT,U(-1,1),1024,4096,4096,16x128x32_w4f2,OK,ms=6.540,tflops=5.25,gbps=7.9,maxabs=0.000e+00,p99=0.000e+00,rel=0.000e+00
INT8,BITSHIFT,U(-1,1),1024,4096,4096,16x128x32_w4f2,SKIP,MF path-B not implemented
INT8,LUT,U(-1,1),1024,4096,4096,16x256x32_w4f4,OK,ms=11.033,tflops=3.11,gbps=4.7,maxabs=0.000e+00,p99=0.000e+00,rel=0.000e+00
INT8,BITSHIFT,U(-1,1),1024,4096,4096,16x256x32_w4f4,SKIP,MF path-B not implemented
INT8,LUT,U(-1,1),1024,4096,4096,128x64x32_w4_v1,OK,ms=3.134,tflops=10.96,gbps=16.4,maxabs=0.000e+00,p99=0.000e+00,rel=0.000e+00
INT8,BITSHIFT,U(-1,1),1024,4096,4096,128x64x32_w4_v1,SKIP,v1 path-B not implemented
INT8,LUT,U(-1,1),1024,4096,4096,128x128x32_w4_v1,OK,ms=3.968,tflops=8.66,gbps=12.9,maxabs=0.000e+00,p99=0.000e+00,rel=0.000e+00
INT8,BITSHIFT,U(-1,1),1024,4096,4096,128x128x32_w4_v1,SKIP,v1 path-B not implemented
INT8,LUT,U(-1,1),1024,4096,4096,128x256x32_w4_v1,OK,ms=5.953,tflops=5.77,gbps=8.6,maxabs=0.000e+00,p99=0.000e+00,rel=0.000e+00
INT8,BITSHIFT,U(-1,1),1024,4096,4096,128x256x32_w4_v1,SKIP,v1 path-B not implemented
INT8,LUT,U(-1,1),1024,4096,4096,128x256x32_w8_v1,OK,ms=3.800,tflops=9.04,gbps=13.5,maxabs=0.000e+00,p99=0.000e+00,rel=0.000e+00
INT8,BITSHIFT,U(-1,1),1024,4096,4096,128x256x32_w8_v1,SKIP,v1 path-B not implemented
INT8,LUT,U(-1,1),1024,4096,4096,64x64x32_w4_v1,OK,ms=3.451,tflops=9.96,gbps=14.9,maxabs=0.000e+00,p99=0.000e+00,rel=0.000e+00
INT8,BITSHIFT,U(-1,1),1024,4096,4096,64x64x32_w4_v1,SKIP,v1 path-B not implemented
INT8,LUT,U(-1,1),1024,4096,4096,64x128x32_w4_v1,OK,ms=5.192,tflops=6.62,gbps=9.9,maxabs=0.000e+00,p99=0.000e+00,rel=0.000e+00
INT8,BITSHIFT,U(-1,1),1024,4096,4096,64x128x32_w4_v1,SKIP,v1 path-B not implemented
INT8,LUT,U(-1,1),1024,4096,4096,128x64x32_w4_v2,OK,ms=2.306,tflops=14.90,gbps=22.3,maxabs=0.000e+00,p99=0.000e+00,rel=0.000e+00
INT8,BITSHIFT,U(-1,1),1024,4096,4096,128x64x32_w4_v2,SKIP,v2 path-B not implemented
INT8,LUT,U(-1,1),1024,4096,4096,128x128x32_w4_v2,OK,ms=2.029,tflops=16.93,gbps=25.3,maxabs=0.000e+00,p99=0.000e+00,rel=0.000e+00
INT8,BITSHIFT,U(-1,1),1024,4096,4096,128x128x32_w4_v2,SKIP,v2 path-B not implemented
INT8,LUT,U(-1,1),1024,4096,4096,128x256x32_w4_v2,OK,ms=2.863,tflops=12.00,gbps=17.9,maxabs=0.000e+00,p99=0.000e+00,rel=0.000e+00
INT8,BITSHIFT,U(-1,1),1024,4096,4096,128x256x32_w4_v2,SKIP,v2 path-B not implemented
INT8,LUT,U(-1,1),1024,4096,4096,128x256x32_w8_v2,OK,ms=1.810,tflops=18.98,gbps=28.4,maxabs=0.000e+00,p99=0.000e+00,rel=0.000e+00
INT8,BITSHIFT,U(-1,1),1024,4096,4096,128x256x32_w8_v2,SKIP,v2 path-B not implemented
INT8,LUT,U(-1,1),1024,4096,4096,64x64x32_w4_v2,OK,ms=2.500,tflops=13.74,gbps=20.6,maxabs=0.000e+00,p99=0.000e+00,rel=0.000e+00
INT8,BITSHIFT,U(-1,1),1024,4096,4096,64x64x32_w4_v2,SKIP,v2 path-B not implemented
INT8,LUT,U(-1,1),1024,4096,4096,64x128x32_w4_v2,OK,ms=1.914,tflops=17.95,gbps=26.8,maxabs=0.000e+00,p99=0.000e+00,rel=0.000e+00
INT8,BITSHIFT,U(-1,1),1024,4096,4096,64x128x32_w4_v2,SKIP,v2 path-B not implemented
INT8,LUT,U(-1,1),1024,4096,4096,128x64x32_w4_v3,OK,ms=2.119,tflops=16.22,gbps=24.2,maxabs=0.000e+00,p99=0.000e+00,rel=0.000e+00
INT8,BITSHIFT,U(-1,1),1024,4096,4096,128x64x32_w4_v3,SKIP,v3 path-B not implemented
INT8,LUT,U(-1,1),1024,4096,4096,128x128x32_w4_v3,OK,ms=1.422,tflops=24.16,gbps=36.1,maxabs=0.000e+00,p99=0.000e+00,rel=0.000e+00
INT8,BITSHIFT,U(-1,1),1024,4096,4096,128x128x32_w4_v3,SKIP,v3 path-B not implemented
INT8,LUT,U(-1,1),1024,4096,4096,128x256x32_w8_v3,SKIP,smem > 48KiB
INT8,BITSHIFT,U(-1,1),1024,4096,4096,128x256x32_w8_v3,SKIP,smem > 48KiB
INT8,LUT,U(-1,1),1024,4096,4096,64x64x32_w4_v3,OK,ms=2.038,tflops=16.86,gbps=25.2,maxabs=0.000e+00,p99=0.000e+00,rel=0.000e+00
INT8,BITSHIFT,U(-1,1),1024,4096,4096,64x64x32_w4_v3,SKIP,v3 path-B not implemented
INT8,LUT,U(-1,1),1024,4096,4096,64x128x32_w4_v3,OK,ms=1.600,tflops=21.48,gbps=32.1,maxabs=0.000e+00,p99=0.000e+00,rel=0.000e+00
INT8,BITSHIFT,U(-1,1),1024,4096,4096,64x128x32_w4_v3,SKIP,v3 path-B not implemented
INT8,LUT,U(-1,1),2048,4096,4096,16x64x32_w4,OK,ms=12.307,tflops=5.58,gbps=6.9,maxabs=0.000e+00,p99=0.000e+00,rel=0.000e+00
INT8,BITSHIFT,U(-1,1),2048,4096,4096,16x64x32_w4,OK,ms=18.824,tflops=3.65,gbps=4.5,maxabs=2.077e-02,p99=1.001e-02,rel=1.822e-04
INT8,LUT,U(-1,1),2048,4096,4096,16x128x32_w8,OK,ms=12.923,tflops=5.32,gbps=6.6,maxabs=0.000e+00,p99=0.000e+00,rel=0.000e+00
INT8,BITSHIFT,U(-1,1),2048,4096,4096,16x128x32_w8,OK,ms=18.512,tflops=3.71,gbps=4.6,maxabs=2.077e-02,p99=1.001e-02,rel=1.822e-04
INT8,LUT,U(-1,1),2048,4096,4096,16x128x32_w4f2,OK,ms=13.180,tflops=5.21,gbps=6.4,maxabs=0.000e+00,p99=0.000e+00,rel=0.000e+00
INT8,BITSHIFT,U(-1,1),2048,4096,4096,16x128x32_w4f2,SKIP,MF path-B not implemented
INT8,LUT,U(-1,1),2048,4096,4096,16x256x32_w4f4,OK,ms=18.802,tflops=3.65,gbps=4.5,maxabs=0.000e+00,p99=0.000e+00,rel=0.000e+00
INT8,BITSHIFT,U(-1,1),2048,4096,4096,16x256x32_w4f4,SKIP,MF path-B not implemented
INT8,LUT,U(-1,1),2048,4096,4096,128x64x32_w4_v1,OK,ms=6.449,tflops=10.66,gbps=13.2,maxabs=0.000e+00,p99=0.000e+00,rel=0.000e+00
INT8,BITSHIFT,U(-1,1),2048,4096,4096,128x64x32_w4_v1,SKIP,v1 path-B not implemented
INT8,LUT,U(-1,1),2048,4096,4096,128x128x32_w4_v1,OK,ms=8.147,tflops=8.44,gbps=10.4,maxabs=0.000e+00,p99=0.000e+00,rel=0.000e+00
INT8,BITSHIFT,U(-1,1),2048,4096,4096,128x128x32_w4_v1,SKIP,v1 path-B not implemented
INT8,LUT,U(-1,1),2048,4096,4096,128x256x32_w4_v1,OK,ms=12.450,tflops=5.52,gbps=6.8,maxabs=0.000e+00,p99=0.000e+00,rel=0.000e+00
INT8,BITSHIFT,U(-1,1),2048,4096,4096,128x256x32_w4_v1,SKIP,v1 path-B not implemented
INT8,LUT,U(-1,1),2048,4096,4096,128x256x32_w8_v1,OK,ms=7.651,tflops=8.98,gbps=11.1,maxabs=0.000e+00,p99=0.000e+00,rel=0.000e+00
INT8,BITSHIFT,U(-1,1),2048,4096,4096,128x256x32_w8_v1,SKIP,v1 path-B not implemented
INT8,LUT,U(-1,1),2048,4096,4096,64x64x32_w4_v1,OK,ms=6.880,tflops=9.99,gbps=12.3,maxabs=0.000e+00,p99=0.000e+00,rel=0.000e+00
INT8,BITSHIFT,U(-1,1),2048,4096,4096,64x64x32_w4_v1,SKIP,v1 path-B not implemented
INT8,LUT,U(-1,1),2048,4096,4096,64x128x32_w4_v1,OK,ms=8.574,tflops=8.02,gbps=9.9,maxabs=0.000e+00,p99=0.000e+00,rel=0.000e+00
INT8,BITSHIFT,U(-1,1),2048,4096,4096,64x128x32_w4_v1,SKIP,v1 path-B not implemented
INT8,LUT,U(-1,1),2048,4096,4096,128x64x32_w4_v2,OK,ms=4.619,tflops=14.88,gbps=18.4,maxabs=0.000e+00,p99=0.000e+00,rel=0.000e+00
INT8,BITSHIFT,U(-1,1),2048,4096,4096,128x64x32_w4_v2,SKIP,v2 path-B not implemented
INT8,LUT,U(-1,1),2048,4096,4096,128x128x32_w4_v2,OK,ms=4.186,tflops=16.42,gbps=20.3,maxabs=0.000e+00,p99=0.000e+00,rel=0.000e+00
INT8,BITSHIFT,U(-1,1),2048,4096,4096,128x128x32_w4_v2,SKIP,v2 path-B not implemented
INT8,LUT,U(-1,1),2048,4096,4096,128x256x32_w4_v2,OK,ms=6.406,tflops=10.73,gbps=13.3,maxabs=0.000e+00,p99=0.000e+00,rel=0.000e+00
INT8,BITSHIFT,U(-1,1),2048,4096,4096,128x256x32_w4_v2,SKIP,v2 path-B not implemented
INT8,LUT,U(-1,1),2048,4096,4096,128x256x32_w8_v2,OK,ms=3.627,tflops=18.94,gbps=23.4,maxabs=0.000e+00,p99=0.000e+00,rel=0.000e+00
INT8,BITSHIFT,U(-1,1),2048,4096,4096,128x256x32_w8_v2,SKIP,v2 path-B not implemented
INT8,LUT,U(-1,1),2048,4096,4096,64x64x32_w4_v2,OK,ms=4.790,tflops=14.35,gbps=17.7,maxabs=0.000e+00,p99=0.000e+00,rel=0.000e+00
INT8,BITSHIFT,U(-1,1),2048,4096,4096,64x64x32_w4_v2,SKIP,v2 path-B not implemented
INT8,LUT,U(-1,1),2048,4096,4096,64x128x32_w4_v2,OK,ms=3.573,tflops=19.23,gbps=23.8,maxabs=0.000e+00,p99=0.000e+00,rel=0.000e+00
INT8,BITSHIFT,U(-1,1),2048,4096,4096,64x128x32_w4_v2,SKIP,v2 path-B not implemented
INT8,LUT,U(-1,1),2048,4096,4096,128x64x32_w4_v3,OK,ms=3.608,tflops=19.04,gbps=23.5,maxabs=0.000e+00,p99=0.000e+00,rel=0.000e+00
INT8,BITSHIFT,U(-1,1),2048,4096,4096,128x64x32_w4_v3,SKIP,v3 path-B not implemented
INT8,LUT,U(-1,1),2048,4096,4096,128x128x32_w4_v3,OK,ms=2.893,tflops=23.76,gbps=29.4,maxabs=0.000e+00,p99=0.000e+00,rel=0.000e+00
INT8,BITSHIFT,U(-1,1),2048,4096,4096,128x128x32_w4_v3,SKIP,v3 path-B not implemented
INT8,LUT,U(-1,1),2048,4096,4096,128x256x32_w8_v3,SKIP,smem > 48KiB
INT8,BITSHIFT,U(-1,1),2048,4096,4096,128x256x32_w8_v3,SKIP,smem > 48KiB
INT8,LUT,U(-1,1),2048,4096,4096,64x64x32_w4_v3,OK,ms=3.813,tflops=18.02,gbps=22.3,maxabs=0.000e+00,p99=0.000e+00,rel=0.000e+00
INT8,BITSHIFT,U(-1,1),2048,4096,4096,64x64x32_w4_v3,SKIP,v3 path-B not implemented
INT8,LUT,U(-1,1),2048,4096,4096,64x128x32_w4_v3,OK,ms=2.783,tflops=24.69,gbps=30.5,maxabs=0.000e+00,p99=0.000e+00,rel=0.000e+00
INT8,BITSHIFT,U(-1,1),2048,4096,4096,64x128x32_w4_v3,SKIP,v3 path-B not implemented
INT8,LUT,U(-1,1),1,7168,7168,16x64x32_w4,OK,ms=1.466,tflops=0.07,gbps=37.3,maxabs=2.655e-02,p99=1.900e-02,rel=2.590e-04
INT8,BITSHIFT,U(-1,1),1,7168,7168,16x64x32_w4,OK,ms=0.793,tflops=0.13,gbps=68.9,maxabs=1.871e-02,p99=1.344e-02,rel=1.818e-04
INT8,LUT,U(-1,1),1,7168,7168,16x128x32_w8,OK,ms=1.431,tflops=0.07,gbps=38.2,maxabs=2.655e-02,p99=1.900e-02,rel=2.590e-04
INT8,BITSHIFT,U(-1,1),1,7168,7168,16x128x32_w8,OK,ms=0.824,tflops=0.12,gbps=66.3,maxabs=1.871e-02,p99=1.344e-02,rel=1.818e-04
INT8,LUT,U(-1,1),1,7168,7168,16x128x32_w4f2,OK,ms=2.529,tflops=0.04,gbps=21.6,maxabs=2.655e-02,p99=1.900e-02,rel=2.590e-04
INT8,BITSHIFT,U(-1,1),1,7168,7168,16x128x32_w4f2,SKIP,MF path-B not implemented
INT8,LUT,U(-1,1),1,7168,7168,16x256x32_w4f4,OK,ms=4.775,tflops=0.02,gbps=11.4,maxabs=2.655e-02,p99=1.900e-02,rel=2.590e-04
INT8,BITSHIFT,U(-1,1),1,7168,7168,16x256x32_w4f4,SKIP,MF path-B not implemented
INT8,LUT,U(-1,1),1,7168,7168,128x64x32_w4_v1,OK,ms=2.189,tflops=0.05,gbps=25.0,maxabs=2.655e-02,p99=1.900e-02,rel=2.590e-04
INT8,BITSHIFT,U(-1,1),1,7168,7168,128x64x32_w4_v1,SKIP,v1 path-B not implemented
INT8,LUT,U(-1,1),1,7168,7168,128x128x32_w4_v1,OK,ms=2.906,tflops=0.04,gbps=18.8,maxabs=2.655e-02,p99=1.900e-02,rel=2.590e-04
INT8,BITSHIFT,U(-1,1),1,7168,7168,128x128x32_w4_v1,SKIP,v1 path-B not implemented
INT8,LUT,U(-1,1),1,7168,7168,128x256x32_w4_v1,OK,ms=6.547,tflops=0.02,gbps=8.3,maxabs=2.655e-02,p99=1.900e-02,rel=2.590e-04
INT8,BITSHIFT,U(-1,1),1,7168,7168,128x256x32_w4_v1,SKIP,v1 path-B not implemented
INT8,LUT,U(-1,1),1,7168,7168,128x256x32_w8_v1,OK,ms=3.283,tflops=0.03,gbps=16.6,maxabs=2.655e-02,p99=1.900e-02,rel=2.590e-04
INT8,BITSHIFT,U(-1,1),1,7168,7168,128x256x32_w8_v1,SKIP,v1 path-B not implemented
INT8,LUT,U(-1,1),1,7168,7168,64x64x32_w4_v1,OK,ms=1.709,tflops=0.06,gbps=32.0,maxabs=2.655e-02,p99=1.900e-02,rel=2.590e-04
INT8,BITSHIFT,U(-1,1),1,7168,7168,64x64x32_w4_v1,SKIP,v1 path-B not implemented
INT8,LUT,U(-1,1),1,7168,7168,64x128x32_w4_v1,OK,ms=2.651,tflops=0.04,gbps=20.6,maxabs=2.655e-02,p99=1.900e-02,rel=2.590e-04
INT8,BITSHIFT,U(-1,1),1,7168,7168,64x128x32_w4_v1,SKIP,v1 path-B not implemented
INT8,LUT,U(-1,1),1,7168,7168,128x64x32_w4_v2,OK,ms=1.116,tflops=0.09,gbps=49.0,maxabs=2.655e-02,p99=1.900e-02,rel=2.590e-04
INT8,BITSHIFT,U(-1,1),1,7168,7168,128x64x32_w4_v2,SKIP,v2 path-B not implemented
INT8,LUT,U(-1,1),1,7168,7168,128x128x32_w4_v2,OK,ms=0.967,tflops=0.11,gbps=56.5,maxabs=2.655e-02,p99=1.900e-02,rel=2.590e-04
INT8,BITSHIFT,U(-1,1),1,7168,7168,128x128x32_w4_v2,SKIP,v2 path-B not implemented
INT8,LUT,U(-1,1),1,7168,7168,128x256x32_w4_v2,OK,ms=2.196,tflops=0.05,gbps=24.9,maxabs=2.655e-02,p99=1.900e-02,rel=2.590e-04
INT8,BITSHIFT,U(-1,1),1,7168,7168,128x256x32_w4_v2,SKIP,v2 path-B not implemented
INT8,LUT,U(-1,1),1,7168,7168,128x256x32_w8_v2,OK,ms=1.376,tflops=0.07,gbps=39.7,maxabs=2.655e-02,p99=1.900e-02,rel=2.590e-04
INT8,BITSHIFT,U(-1,1),1,7168,7168,128x256x32_w8_v2,SKIP,v2 path-B not implemented
INT8,LUT,U(-1,1),1,7168,7168,64x64x32_w4_v2,OK,ms=0.730,tflops=0.14,gbps=74.8,maxabs=2.655e-02,p99=1.900e-02,rel=2.590e-04
INT8,BITSHIFT,U(-1,1),1,7168,7168,64x64x32_w4_v2,SKIP,v2 path-B not implemented
INT8,LUT,U(-1,1),1,7168,7168,64x128x32_w4_v2,OK,ms=0.674,tflops=0.15,gbps=81.0,maxabs=2.655e-02,p99=1.900e-02,rel=2.590e-04
INT8,BITSHIFT,U(-1,1),1,7168,7168,64x128x32_w4_v2,SKIP,v2 path-B not implemented
INT8,LUT,U(-1,1),1,7168,7168,128x64x32_w4_v3,OK,ms=0.895,tflops=0.11,gbps=61.0,maxabs=2.655e-02,p99=1.900e-02,rel=2.590e-04
INT8,BITSHIFT,U(-1,1),1,7168,7168,128x64x32_w4_v3,SKIP,v3 path-B not implemented
INT8,LUT,U(-1,1),1,7168,7168,128x128x32_w4_v3,OK,ms=0.797,tflops=0.13,gbps=68.6,maxabs=2.655e-02,p99=1.900e-02,rel=2.590e-04
INT8,BITSHIFT,U(-1,1),1,7168,7168,128x128x32_w4_v3,SKIP,v3 path-B not implemented
INT8,LUT,U(-1,1),1,7168,7168,128x256x32_w8_v3,SKIP,smem > 48KiB
INT8,BITSHIFT,U(-1,1),1,7168,7168,128x256x32_w8_v3,SKIP,smem > 48KiB
INT8,LUT,U(-1,1),1,7168,7168,64x64x32_w4_v3,OK,ms=0.615,tflops=0.17,gbps=88.8,maxabs=2.655e-02,p99=1.900e-02,rel=2.590e-04
INT8,BITSHIFT,U(-1,1),1,7168,7168,64x64x32_w4_v3,SKIP,v3 path-B not implemented
INT8,LUT,U(-1,1),1,7168,7168,64x128x32_w4_v3,OK,ms=0.572,tflops=0.18,gbps=95.6,maxabs=2.655e-02,p99=1.900e-02,rel=2.590e-04
INT8,BITSHIFT,U(-1,1),1,7168,7168,64x128x32_w4_v3,SKIP,v3 path-B not implemented
INT8,LUT,U(-1,1),16,7168,7168,16x64x32_w4,OK,ms=1.430,tflops=1.15,gbps=38.8,maxabs=9.537e-04,p99=2.594e-04,rel=2.036e-06
INT8,BITSHIFT,U(-1,1),16,7168,7168,16x64x32_w4,OK,ms=1.094,tflops=1.50,gbps=50.7,maxabs=2.361e-02,p99=1.331e-02,rel=1.824e-04
INT8,LUT,U(-1,1),16,7168,7168,16x128x32_w8,OK,ms=1.518,tflops=1.08,gbps=36.6,maxabs=9.537e-04,p99=2.594e-04,rel=2.036e-06
INT8,BITSHIFT,U(-1,1),16,7168,7168,16x128x32_w8,OK,ms=1.189,tflops=1.38,gbps=46.7,maxabs=2.361e-02,p99=1.331e-02,rel=1.824e-04
INT8,LUT,U(-1,1),16,7168,7168,16x128x32_w4f2,OK,ms=2.572,tflops=0.64,gbps=21.6,maxabs=9.537e-04,p99=2.594e-04,rel=2.036e-06
INT8,BITSHIFT,U(-1,1),16,7168,7168,16x128x32_w4f2,SKIP,MF path-B not implemented
INT8,LUT,U(-1,1),16,7168,7168,16x256x32_w4f4,OK,ms=4.793,tflops=0.34,gbps=11.6,maxabs=9.537e-04,p99=2.594e-04,rel=2.036e-06
INT8,BITSHIFT,U(-1,1),16,7168,7168,16x256x32_w4f4,SKIP,MF path-B not implemented
INT8,LUT,U(-1,1),16,7168,7168,128x64x32_w4_v1,OK,ms=2.211,tflops=0.74,gbps=25.1,maxabs=9.537e-04,p99=2.594e-04,rel=2.036e-06
INT8,BITSHIFT,U(-1,1),16,7168,7168,128x64x32_w4_v1,SKIP,v1 path-B not implemented
INT8,LUT,U(-1,1),16,7168,7168,128x128x32_w4_v1,OK,ms=2.941,tflops=0.56,gbps=18.9,maxabs=9.537e-04,p99=2.594e-04,rel=2.036e-06
INT8,BITSHIFT,U(-1,1),16,7168,7168,128x128x32_w4_v1,SKIP,v1 path-B not implemented
INT8,LUT,U(-1,1),16,7168,7168,128x256x32_w4_v1,OK,ms=6.669,tflops=0.25,gbps=8.3,maxabs=9.537e-04,p99=2.594e-04,rel=2.036e-06
INT8,BITSHIFT,U(-1,1),16,7168,7168,128x256x32_w4_v1,SKIP,v1 path-B not implemented
INT8,LUT,U(-1,1),16,7168,7168,128x256x32_w8_v1,OK,ms=3.317,tflops=0.50,gbps=16.7,maxabs=9.537e-04,p99=2.594e-04,rel=2.036e-06
INT8,BITSHIFT,U(-1,1),16,7168,7168,128x256x32_w8_v1,SKIP,v1 path-B not implemented
INT8,LUT,U(-1,1),16,7168,7168,64x64x32_w4_v1,OK,ms=1.727,tflops=0.95,gbps=32.1,maxabs=9.537e-04,p99=2.594e-04,rel=2.036e-06
INT8,BITSHIFT,U(-1,1),16,7168,7168,64x64x32_w4_v1,SKIP,v1 path-B not implemented
INT8,LUT,U(-1,1),16,7168,7168,64x128x32_w4_v1,OK,ms=2.674,tflops=0.61,gbps=20.8,maxabs=9.537e-04,p99=2.594e-04,rel=2.036e-06
INT8,BITSHIFT,U(-1,1),16,7168,7168,64x128x32_w4_v1,SKIP,v1 path-B not implemented
INT8,LUT,U(-1,1),16,7168,7168,128x64x32_w4_v2,OK,ms=1.179,tflops=1.39,gbps=47.1,maxabs=9.537e-04,p99=2.594e-04,rel=2.036e-06
INT8,BITSHIFT,U(-1,1),16,7168,7168,128x64x32_w4_v2,SKIP,v2 path-B not implemented
INT8,LUT,U(-1,1),16,7168,7168,128x128x32_w4_v2,OK,ms=1.007,tflops=1.63,gbps=55.1,maxabs=9.537e-04,p99=2.594e-04,rel=2.036e-06
INT8,BITSHIFT,U(-1,1),16,7168,7168,128x128x32_w4_v2,SKIP,v2 path-B not implemented
INT8,LUT,U(-1,1),16,7168,7168,128x256x32_w4_v2,OK,ms=2.238,tflops=0.73,gbps=24.8,maxabs=9.537e-04,p99=2.594e-04,rel=2.036e-06
INT8,BITSHIFT,U(-1,1),16,7168,7168,128x256x32_w4_v2,SKIP,v2 path-B not implemented
INT8,LUT,U(-1,1),16,7168,7168,128x256x32_w8_v2,OK,ms=1.342,tflops=1.22,gbps=41.4,maxabs=9.537e-04,p99=2.594e-04,rel=2.036e-06
INT8,BITSHIFT,U(-1,1),16,7168,7168,128x256x32_w8_v2,SKIP,v2 path-B not implemented
INT8,LUT,U(-1,1),16,7168,7168,64x64x32_w4_v2,OK,ms=0.788,tflops=2.09,gbps=70.5,maxabs=9.537e-04,p99=2.594e-04,rel=2.036e-06
INT8,BITSHIFT,U(-1,1),16,7168,7168,64x64x32_w4_v2,SKIP,v2 path-B not implemented
INT8,LUT,U(-1,1),16,7168,7168,64x128x32_w4_v2,OK,ms=0.721,tflops=2.28,gbps=77.0,maxabs=9.537e-04,p99=2.594e-04,rel=2.036e-06
INT8,BITSHIFT,U(-1,1),16,7168,7168,64x128x32_w4_v2,SKIP,v2 path-B not implemented
INT8,LUT,U(-1,1),16,7168,7168,128x64x32_w4_v3,OK,ms=0.909,tflops=1.81,gbps=61.1,maxabs=9.537e-04,p99=2.594e-04,rel=2.036e-06
INT8,BITSHIFT,U(-1,1),16,7168,7168,128x64x32_w4_v3,SKIP,v3 path-B not implemented
INT8,LUT,U(-1,1),16,7168,7168,128x128x32_w4_v3,OK,ms=0.840,tflops=1.96,gbps=66.1,maxabs=9.537e-04,p99=2.594e-04,rel=2.036e-06
INT8,BITSHIFT,U(-1,1),16,7168,7168,128x128x32_w4_v3,SKIP,v3 path-B not implemented
INT8,LUT,U(-1,1),16,7168,7168,128x256x32_w8_v3,SKIP,smem > 48KiB
INT8,BITSHIFT,U(-1,1),16,7168,7168,128x256x32_w8_v3,SKIP,smem > 48KiB
INT8,LUT,U(-1,1),16,7168,7168,64x64x32_w4_v3,OK,ms=0.593,tflops=2.77,gbps=93.7,maxabs=9.537e-04,p99=2.594e-04,rel=2.036e-06
INT8,BITSHIFT,U(-1,1),16,7168,7168,64x64x32_w4_v3,SKIP,v3 path-B not implemented
INT8,LUT,U(-1,1),16,7168,7168,64x128x32_w4_v3,OK,ms=0.616,tflops=2.67,gbps=90.1,maxabs=9.537e-04,p99=2.594e-04,rel=2.036e-06
INT8,BITSHIFT,U(-1,1),16,7168,7168,64x128x32_w4_v3,SKIP,v3 path-B not implemented
INT8,LUT,U(-1,1),64,7168,7168,16x64x32_w4,OK,ms=1.600,tflops=4.11,gbps=36.4,maxabs=9.766e-04,p99=2.441e-04,rel=1.937e-06
INT8,BITSHIFT,U(-1,1),64,7168,7168,16x64x32_w4,OK,ms=1.816,tflops=3.62,gbps=32.1,maxabs=2.784e-02,p99=1.323e-02,rel=1.823e-04
INT8,LUT,U(-1,1),64,7168,7168,16x128x32_w8,OK,ms=1.641,tflops=4.01,gbps=35.5,maxabs=9.766e-04,p99=2.441e-04,rel=1.937e-06
INT8,BITSHIFT,U(-1,1),64,7168,7168,16x128x32_w8,OK,ms=1.862,tflops=3.53,gbps=31.3,maxabs=2.784e-02,p99=1.323e-02,rel=1.823e-04
INT8,LUT,U(-1,1),64,7168,7168,16x128x32_w4f2,OK,ms=2.620,tflops=2.51,gbps=22.2,maxabs=9.766e-04,p99=2.441e-04,rel=1.937e-06
INT8,BITSHIFT,U(-1,1),64,7168,7168,16x128x32_w4f2,SKIP,MF path-B not implemented
INT8,LUT,U(-1,1),64,7168,7168,16x256x32_w4f4,OK,ms=4.582,tflops=1.44,gbps=12.7,maxabs=9.766e-04,p99=2.441e-04,rel=1.937e-06
INT8,BITSHIFT,U(-1,1),64,7168,7168,16x256x32_w4f4,SKIP,MF path-B not implemented
INT8,LUT,U(-1,1),64,7168,7168,128x64x32_w4_v1,OK,ms=2.318,tflops=2.84,gbps=25.1,maxabs=9.766e-04,p99=2.441e-04,rel=1.937e-06
INT8,BITSHIFT,U(-1,1),64,7168,7168,128x64x32_w4_v1,SKIP,v1 path-B not implemented
INT8,LUT,U(-1,1),64,7168,7168,128x128x32_w4_v1,OK,ms=3.064,tflops=2.15,gbps=19.0,maxabs=9.766e-04,p99=2.441e-04,rel=1.937e-06
INT8,BITSHIFT,U(-1,1),64,7168,7168,128x128x32_w4_v1,SKIP,v1 path-B not implemented
INT8,LUT,U(-1,1),64,7168,7168,128x256x32_w4_v1,OK,ms=7.214,tflops=0.91,gbps=8.1,maxabs=9.766e-04,p99=2.441e-04,rel=1.937e-06
INT8,BITSHIFT,U(-1,1),64,7168,7168,128x256x32_w4_v1,SKIP,v1 path-B not implemented
INT8,LUT,U(-1,1),64,7168,7168,128x256x32_w8_v1,OK,ms=3.332,tflops=1.97,gbps=17.5,maxabs=9.766e-04,p99=2.441e-04,rel=1.937e-06
INT8,BITSHIFT,U(-1,1),64,7168,7168,128x256x32_w8_v1,SKIP,v1 path-B not implemented
INT8,LUT,U(-1,1),64,7168,7168,64x64x32_w4_v1,OK,ms=1.807,tflops=3.64,gbps=32.2,maxabs=9.766e-04,p99=2.441e-04,rel=1.937e-06
INT8,BITSHIFT,U(-1,1),64,7168,7168,64x64x32_w4_v1,SKIP,v1 path-B not implemented
INT8,LUT,U(-1,1),64,7168,7168,64x128x32_w4_v1,OK,ms=2.825,tflops=2.33,gbps=20.6,maxabs=9.766e-04,p99=2.441e-04,rel=1.937e-06
INT8,BITSHIFT,U(-1,1),64,7168,7168,64x128x32_w4_v1,SKIP,v1 path-B not implemented
INT8,LUT,U(-1,1),64,7168,7168,128x64x32_w4_v2,OK,ms=1.349,tflops=4.88,gbps=43.2,maxabs=9.766e-04,p99=2.441e-04,rel=1.937e-06
INT8,BITSHIFT,U(-1,1),64,7168,7168,128x64x32_w4_v2,SKIP,v2 path-B not implemented
INT8,LUT,U(-1,1),64,7168,7168,128x128x32_w4_v2,OK,ms=1.243,tflops=5.29,gbps=46.9,maxabs=9.766e-04,p99=2.441e-04,rel=1.937e-06
INT8,BITSHIFT,U(-1,1),64,7168,7168,128x128x32_w4_v2,SKIP,v2 path-B not implemented
INT8,LUT,U(-1,1),64,7168,7168,128x256x32_w4_v2,OK,ms=2.338,tflops=2.81,gbps=24.9,maxabs=9.766e-04,p99=2.441e-04,rel=1.937e-06
INT8,BITSHIFT,U(-1,1),64,7168,7168,128x256x32_w4_v2,SKIP,v2 path-B not implemented
INT8,LUT,U(-1,1),64,7168,7168,128x256x32_w8_v2,OK,ms=1.472,tflops=4.47,gbps=39.6,maxabs=9.766e-04,p99=2.441e-04,rel=1.937e-06
INT8,BITSHIFT,U(-1,1),64,7168,7168,128x256x32_w8_v2,SKIP,v2 path-B not implemented
INT8,LUT,U(-1,1),64,7168,7168,64x64x32_w4_v2,OK,ms=0.881,tflops=7.46,gbps=66.1,maxabs=9.766e-04,p99=2.441e-04,rel=1.937e-06
INT8,BITSHIFT,U(-1,1),64,7168,7168,64x64x32_w4_v2,SKIP,v2 path-B not implemented
INT8,LUT,U(-1,1),64,7168,7168,64x128x32_w4_v2,OK,ms=0.931,tflops=7.06,gbps=62.6,maxabs=9.766e-04,p99=2.441e-04,rel=1.937e-06
INT8,BITSHIFT,U(-1,1),64,7168,7168,64x128x32_w4_v2,SKIP,v2 path-B not implemented
INT8,LUT,U(-1,1),64,7168,7168,128x64x32_w4_v3,OK,ms=0.925,tflops=7.11,gbps=63.0,maxabs=9.766e-04,p99=2.441e-04,rel=1.937e-06
INT8,BITSHIFT,U(-1,1),64,7168,7168,128x64x32_w4_v3,SKIP,v3 path-B not implemented
INT8,LUT,U(-1,1),64,7168,7168,128x128x32_w4_v3,OK,ms=0.884,tflops=7.44,gbps=65.9,maxabs=9.766e-04,p99=2.441e-04,rel=1.937e-06
INT8,BITSHIFT,U(-1,1),64,7168,7168,128x128x32_w4_v3,SKIP,v3 path-B not implemented
INT8,LUT,U(-1,1),64,7168,7168,128x256x32_w8_v3,SKIP,smem > 48KiB
INT8,BITSHIFT,U(-1,1),64,7168,7168,128x256x32_w8_v3,SKIP,smem > 48KiB
INT8,LUT,U(-1,1),64,7168,7168,64x64x32_w4_v3,OK,ms=0.618,tflops=10.64,gbps=94.3,maxabs=9.766e-04,p99=2.441e-04,rel=1.937e-06
INT8,BITSHIFT,U(-1,1),64,7168,7168,64x64x32_w4_v3,SKIP,v3 path-B not implemented
INT8,LUT,U(-1,1),64,7168,7168,64x128x32_w4_v3,OK,ms=0.664,tflops=9.90,gbps=87.7,maxabs=9.766e-04,p99=2.441e-04,rel=1.937e-06
INT8,BITSHIFT,U(-1,1),64,7168,7168,64x128x32_w4_v3,SKIP,v3 path-B not implemented
INT8,LUT,U(-1,1),128,7168,7168,16x64x32_w4,OK,ms=3.314,tflops=3.97,gbps=18.7,maxabs=1.175e-03,p99=2.441e-04,rel=1.938e-06
INT8,BITSHIFT,U(-1,1),128,7168,7168,16x64x32_w4,OK,ms=4.311,tflops=3.05,gbps=14.4,maxabs=2.784e-02,p99=1.323e-02,rel=1.822e-04
INT8,LUT,U(-1,1),128,7168,7168,16x128x32_w8,OK,ms=3.673,tflops=3.58,gbps=16.9,maxabs=1.175e-03,p99=2.441e-04,rel=1.938e-06
INT8,BITSHIFT,U(-1,1),128,7168,7168,16x128x32_w8,OK,ms=4.300,tflops=3.06,gbps=14.4,maxabs=2.784e-02,p99=1.323e-02,rel=1.822e-04
INT8,LUT,U(-1,1),128,7168,7168,16x128x32_w4f2,OK,ms=2.751,tflops=4.78,gbps=22.5,maxabs=1.175e-03,p99=2.441e-04,rel=1.938e-06
INT8,BITSHIFT,U(-1,1),128,7168,7168,16x128x32_w4f2,SKIP,MF path-B not implemented
INT8,LUT,U(-1,1),128,7168,7168,16x256x32_w4f4,OK,ms=4.734,tflops=2.78,gbps=13.1,maxabs=1.175e-03,p99=2.441e-04,rel=1.938e-06
INT8,BITSHIFT,U(-1,1),128,7168,7168,16x256x32_w4f4,SKIP,MF path-B not implemented
INT8,LUT,U(-1,1),128,7168,7168,128x64x32_w4_v1,OK,ms=2.450,tflops=5.37,gbps=25.3,maxabs=1.175e-03,p99=2.441e-04,rel=1.938e-06
INT8,BITSHIFT,U(-1,1),128,7168,7168,128x64x32_w4_v1,SKIP,v1 path-B not implemented
INT8,LUT,U(-1,1),128,7168,7168,128x128x32_w4_v1,OK,ms=3.371,tflops=3.90,gbps=18.4,maxabs=1.175e-03,p99=2.441e-04,rel=1.938e-06
INT8,BITSHIFT,U(-1,1),128,7168,7168,128x128x32_w4_v1,SKIP,v1 path-B not implemented
INT8,LUT,U(-1,1),128,7168,7168,128x256x32_w4_v1,OK,ms=8.256,tflops=1.59,gbps=7.5,maxabs=1.175e-03,p99=2.441e-04,rel=1.938e-06
INT8,BITSHIFT,U(-1,1),128,7168,7168,128x256x32_w4_v1,SKIP,v1 path-B not implemented
INT8,LUT,U(-1,1),128,7168,7168,128x256x32_w8_v1,OK,ms=3.485,tflops=3.77,gbps=17.8,maxabs=1.175e-03,p99=2.441e-04,rel=1.938e-06
INT8,BITSHIFT,U(-1,1),128,7168,7168,128x256x32_w8_v1,SKIP,v1 path-B not implemented
INT8,LUT,U(-1,1),128,7168,7168,64x64x32_w4_v1,OK,ms=1.878,tflops=7.00,gbps=33.0,maxabs=1.175e-03,p99=2.441e-04,rel=1.938e-06
INT8,BITSHIFT,U(-1,1),128,7168,7168,64x64x32_w4_v1,SKIP,v1 path-B not implemented
INT8,LUT,U(-1,1),128,7168,7168,64x128x32_w4_v1,OK,ms=2.856,tflops=4.61,gbps=21.7,maxabs=1.175e-03,p99=2.441e-04,rel=1.938e-06
INT8,BITSHIFT,U(-1,1),128,7168,7168,64x128x32_w4_v1,SKIP,v1 path-B not implemented
INT8,LUT,U(-1,1),128,7168,7168,128x64x32_w4_v2,OK,ms=1.392,tflops=9.45,gbps=44.5,maxabs=1.175e-03,p99=2.441e-04,rel=1.938e-06
INT8,BITSHIFT,U(-1,1),128,7168,7168,128x64x32_w4_v2,SKIP,v2 path-B not implemented
INT8,LUT,U(-1,1),128,7168,7168,128x128x32_w4_v2,OK,ms=1.576,tflops=8.35,gbps=39.3,maxabs=1.175e-03,p99=2.441e-04,rel=1.938e-06
INT8,BITSHIFT,U(-1,1),128,7168,7168,128x128x32_w4_v2,SKIP,v2 path-B not implemented
INT8,LUT,U(-1,1),128,7168,7168,128x256x32_w4_v2,OK,ms=2.640,tflops=4.98,gbps=23.5,maxabs=1.175e-03,p99=2.441e-04,rel=1.938e-06
INT8,BITSHIFT,U(-1,1),128,7168,7168,128x256x32_w4_v2,SKIP,v2 path-B not implemented
INT8,LUT,U(-1,1),128,7168,7168,128x256x32_w8_v2,OK,ms=1.641,tflops=8.02,gbps=37.7,maxabs=1.175e-03,p99=2.441e-04,rel=1.938e-06
INT8,BITSHIFT,U(-1,1),128,7168,7168,128x256x32_w8_v2,SKIP,v2 path-B not implemented
INT8,LUT,U(-1,1),128,7168,7168,64x64x32_w4_v2,OK,ms=1.057,tflops=12.45,gbps=58.6,maxabs=1.175e-03,p99=2.441e-04,rel=1.938e-06
INT8,BITSHIFT,U(-1,1),128,7168,7168,64x64x32_w4_v2,SKIP,v2 path-B not implemented
INT8,LUT,U(-1,1),128,7168,7168,64x128x32_w4_v2,OK,ms=1.076,tflops=12.22,gbps=57.5,maxabs=1.175e-03,p99=2.441e-04,rel=1.938e-06
INT8,BITSHIFT,U(-1,1),128,7168,7168,64x128x32_w4_v2,SKIP,v2 path-B not implemented
INT8,LUT,U(-1,1),128,7168,7168,128x64x32_w4_v3,OK,ms=0.963,tflops=13.65,gbps=64.3,maxabs=1.175e-03,p99=2.441e-04,rel=1.938e-06
INT8,BITSHIFT,U(-1,1),128,7168,7168,128x64x32_w4_v3,SKIP,v3 path-B not implemented
INT8,LUT,U(-1,1),128,7168,7168,128x128x32_w4_v3,OK,ms=1.001,tflops=13.14,gbps=61.9,maxabs=1.175e-03,p99=2.441e-04,rel=1.938e-06
INT8,BITSHIFT,U(-1,1),128,7168,7168,128x128x32_w4_v3,SKIP,v3 path-B not implemented
INT8,LUT,U(-1,1),128,7168,7168,128x256x32_w8_v3,SKIP,smem > 48KiB
INT8,BITSHIFT,U(-1,1),128,7168,7168,128x256x32_w8_v3,SKIP,smem > 48KiB
INT8,LUT,U(-1,1),128,7168,7168,64x64x32_w4_v3,OK,ms=0.764,tflops=17.23,gbps=81.1,maxabs=1.175e-03,p99=2.441e-04,rel=1.938e-06
INT8,BITSHIFT,U(-1,1),128,7168,7168,64x64x32_w4_v3,SKIP,v3 path-B not implemented
INT8,LUT,U(-1,1),128,7168,7168,64x128x32_w4_v3,OK,ms=0.797,tflops=16.50,gbps=77.7,maxabs=1.175e-03,p99=2.441e-04,rel=1.938e-06
INT8,BITSHIFT,U(-1,1),128,7168,7168,64x128x32_w4_v3,SKIP,v3 path-B not implemented
INT8,LUT,U(-1,1),256,7168,7168,16x64x32_w4,OK,ms=5.182,tflops=5.08,gbps=13.4,maxabs=0.000e+00,p99=0.000e+00,rel=0.000e+00
INT8,BITSHIFT,U(-1,1),256,7168,7168,16x64x32_w4,OK,ms=7.259,tflops=3.62,gbps=9.5,maxabs=2.791e-02,p99=1.325e-02,rel=1.823e-04
INT8,LUT,U(-1,1),256,7168,7168,16x128x32_w8,OK,ms=5.680,tflops=4.63,gbps=12.2,maxabs=0.000e+00,p99=0.000e+00,rel=0.000e+00
INT8,BITSHIFT,U(-1,1),256,7168,7168,16x128x32_w8,OK,ms=7.196,tflops=3.66,gbps=9.6,maxabs=2.791e-02,p99=1.325e-02,rel=1.823e-04
INT8,LUT,U(-1,1),256,7168,7168,16x128x32_w4f2,OK,ms=5.895,tflops=4.46,gbps=11.8,maxabs=0.000e+00,p99=0.000e+00,rel=0.000e+00
INT8,BITSHIFT,U(-1,1),256,7168,7168,16x128x32_w4f2,SKIP,MF path-B not implemented
INT8,LUT,U(-1,1),256,7168,7168,16x256x32_w4f4,OK,ms=9.735,tflops=2.70,gbps=7.1,maxabs=0.000e+00,p99=0.000e+00,rel=0.000e+00
INT8,BITSHIFT,U(-1,1),256,7168,7168,16x256x32_w4f4,SKIP,MF path-B not implemented
INT8,LUT,U(-1,1),256,7168,7168,128x64x32_w4_v1,OK,ms=2.605,tflops=10.10,gbps=26.6,maxabs=0.000e+00,p99=0.000e+00,rel=0.000e+00
INT8,BITSHIFT,U(-1,1),256,7168,7168,128x64x32_w4_v1,SKIP,v1 path-B not implemented
INT8,LUT,U(-1,1),256,7168,7168,128x128x32_w4_v1,OK,ms=3.359,tflops=7.83,gbps=20.6,maxabs=0.000e+00,p99=0.000e+00,rel=0.000e+00
INT8,BITSHIFT,U(-1,1),256,7168,7168,128x128x32_w4_v1,SKIP,v1 path-B not implemented
INT8,LUT,U(-1,1),256,7168,7168,128x256x32_w4_v1,OK,ms=8.772,tflops=3.00,gbps=7.9,maxabs=0.000e+00,p99=0.000e+00,rel=0.000e+00
INT8,BITSHIFT,U(-1,1),256,7168,7168,128x256x32_w4_v1,SKIP,v1 path-B not implemented
INT8,LUT,U(-1,1),256,7168,7168,128x256x32_w8_v1,OK,ms=3.391,tflops=7.76,gbps=20.4,maxabs=0.000e+00,p99=0.000e+00,rel=0.000e+00
INT8,BITSHIFT,U(-1,1),256,7168,7168,128x256x32_w8_v1,SKIP,v1 path-B not implemented
INT8,LUT,U(-1,1),256,7168,7168,64x64x32_w4_v1,OK,ms=3.980,tflops=6.61,gbps=17.4,maxabs=0.000e+00,p99=0.000e+00,rel=0.000e+00
INT8,BITSHIFT,U(-1,1),256,7168,7168,64x64x32_w4_v1,SKIP,v1 path-B not implemented
INT8,LUT,U(-1,1),256,7168,7168,64x128x32_w4_v1,OK,ms=3.001,tflops=8.77,gbps=23.1,maxabs=0.000e+00,p99=0.000e+00,rel=0.000e+00
INT8,BITSHIFT,U(-1,1),256,7168,7168,64x128x32_w4_v1,SKIP,v1 path-B not implemented
INT8,LUT,U(-1,1),256,7168,7168,128x64x32_w4_v2,OK,ms=1.710,tflops=15.38,gbps=40.5,maxabs=0.000e+00,p99=0.000e+00,rel=0.000e+00
INT8,BITSHIFT,U(-1,1),256,7168,7168,128x64x32_w4_v2,SKIP,v2 path-B not implemented
INT8,LUT,U(-1,1),256,7168,7168,128x128x32_w4_v2,OK,ms=1.575,tflops=16.71,gbps=44.0,maxabs=0.000e+00,p99=0.000e+00,rel=0.000e+00
INT8,BITSHIFT,U(-1,1),256,7168,7168,128x128x32_w4_v2,SKIP,v2 path-B not implemented
INT8,LUT,U(-1,1),256,7168,7168,128x256x32_w4_v2,OK,ms=2.901,tflops=9.07,gbps=23.9,maxabs=0.000e+00,p99=0.000e+00,rel=0.000e+00
INT8,BITSHIFT,U(-1,1),256,7168,7168,128x256x32_w4_v2,SKIP,v2 path-B not implemented
INT8,LUT,U(-1,1),256,7168,7168,128x256x32_w8_v2,OK,ms=1.641,tflops=16.03,gbps=42.2,maxabs=0.000e+00,p99=0.000e+00,rel=0.000e+00
INT8,BITSHIFT,U(-1,1),256,7168,7168,128x256x32_w8_v2,SKIP,v2 path-B not implemented
INT8,LUT,U(-1,1),256,7168,7168,64x64x32_w4_v2,OK,ms=1.716,tflops=15.33,gbps=40.4,maxabs=0.000e+00,p99=0.000e+00,rel=0.000e+00
INT8,BITSHIFT,U(-1,1),256,7168,7168,64x64x32_w4_v2,SKIP,v2 path-B not implemented
INT8,LUT,U(-1,1),256,7168,7168,64x128x32_w4_v2,OK,ms=1.289,tflops=20.41,gbps=53.8,maxabs=0.000e+00,p99=0.000e+00,rel=0.000e+00
INT8,BITSHIFT,U(-1,1),256,7168,7168,64x128x32_w4_v2,SKIP,v2 path-B not implemented
INT8,LUT,U(-1,1),256,7168,7168,128x64x32_w4_v3,OK,ms=1.272,tflops=20.68,gbps=54.5,maxabs=0.000e+00,p99=0.000e+00,rel=0.000e+00
INT8,BITSHIFT,U(-1,1),256,7168,7168,128x64x32_w4_v3,SKIP,v3 path-B not implemented
INT8,LUT,U(-1,1),256,7168,7168,128x128x32_w4_v3,OK,ms=1.241,tflops=21.20,gbps=55.8,maxabs=0.000e+00,p99=0.000e+00,rel=0.000e+00
INT8,BITSHIFT,U(-1,1),256,7168,7168,128x128x32_w4_v3,SKIP,v3 path-B not implemented
INT8,LUT,U(-1,1),256,7168,7168,128x256x32_w8_v3,SKIP,smem > 48KiB
INT8,BITSHIFT,U(-1,1),256,7168,7168,128x256x32_w8_v3,SKIP,smem > 48KiB
INT8,LUT,U(-1,1),256,7168,7168,64x64x32_w4_v3,OK,ms=1.955,tflops=13.46,gbps=35.4,maxabs=0.000e+00,p99=0.000e+00,rel=0.000e+00
INT8,BITSHIFT,U(-1,1),256,7168,7168,64x64x32_w4_v3,SKIP,v3 path-B not implemented
INT8,LUT,U(-1,1),256,7168,7168,64x128x32_w4_v3,OK,ms=0.978,tflops=26.90,gbps=70.8,maxabs=0.000e+00,p99=0.000e+00,rel=0.000e+00
INT8,BITSHIFT,U(-1,1),256,7168,7168,64x128x32_w4_v3,SKIP,v3 path-B not implemented
INT8,LUT,U(-1,1),512,7168,7168,16x64x32_w4,OK,ms=10.364,tflops=5.08,gbps=8.1,maxabs=8.240e-04,p99=1.907e-04,rel=1.532e-06
INT8,BITSHIFT,U(-1,1),512,7168,7168,16x64x32_w4,OK,ms=14.593,tflops=3.61,gbps=5.8,maxabs=2.797e-02,p99=1.324e-02,rel=1.822e-04
INT8,LUT,U(-1,1),512,7168,7168,16x128x32_w8,OK,ms=11.481,tflops=4.58,gbps=7.3,maxabs=8.240e-04,p99=1.907e-04,rel=1.532e-06
INT8,BITSHIFT,U(-1,1),512,7168,7168,16x128x32_w8,OK,ms=14.982,tflops=3.51,gbps=5.6,maxabs=2.797e-02,p99=1.324e-02,rel=1.822e-04
INT8,LUT,U(-1,1),512,7168,7168,16x128x32_w4f2,OK,ms=11.678,tflops=4.51,gbps=7.2,maxabs=8.240e-04,p99=1.907e-04,rel=1.532e-06
INT8,BITSHIFT,U(-1,1),512,7168,7168,16x128x32_w4f2,SKIP,MF path-B not implemented
INT8,LUT,U(-1,1),512,7168,7168,16x256x32_w4f4,OK,ms=14.365,tflops=3.66,gbps=5.8,maxabs=8.240e-04,p99=1.907e-04,rel=1.532e-06
INT8,BITSHIFT,U(-1,1),512,7168,7168,16x256x32_w4f4,SKIP,MF path-B not implemented
INT8,LUT,U(-1,1),512,7168,7168,128x64x32_w4_v1,OK,ms=5.698,tflops=9.23,gbps=14.7,maxabs=8.240e-04,p99=1.907e-04,rel=1.532e-06
INT8,BITSHIFT,U(-1,1),512,7168,7168,128x64x32_w4_v1,SKIP,v1 path-B not implemented
INT8,LUT,U(-1,1),512,7168,7168,128x128x32_w4_v1,OK,ms=7.228,tflops=7.28,gbps=11.6,maxabs=8.240e-04,p99=1.907e-04,rel=1.532e-06
INT8,BITSHIFT,U(-1,1),512,7168,7168,128x128x32_w4_v1,SKIP,v1 path-B not implemented
INT8,LUT,U(-1,1),512,7168,7168,128x256x32_w4_v1,OK,ms=10.736,tflops=4.90,gbps=7.8,maxabs=8.240e-04,p99=1.907e-04,rel=1.532e-06
INT8,BITSHIFT,U(-1,1),512,7168,7168,128x256x32_w4_v1,SKIP,v1 path-B not implemented
INT8,LUT,U(-1,1),512,7168,7168,128x256x32_w8_v1,OK,ms=6.807,tflops=7.73,gbps=12.3,maxabs=8.240e-04,p99=1.907e-04,rel=1.532e-06
INT8,BITSHIFT,U(-1,1),512,7168,7168,128x256x32_w8_v1,SKIP,v1 path-B not implemented
INT8,LUT,U(-1,1),512,7168,7168,64x64x32_w4_v1,OK,ms=6.247,tflops=8.42,gbps=13.4,maxabs=8.240e-04,p99=1.907e-04,rel=1.532e-06
INT8,BITSHIFT,U(-1,1),512,7168,7168,64x64x32_w4_v1,SKIP,v1 path-B not implemented
INT8,LUT,U(-1,1),512,7168,7168,64x128x32_w4_v1,OK,ms=5.969,tflops=8.81,gbps=14.1,maxabs=8.240e-04,p99=1.907e-04,rel=1.532e-06
INT8,BITSHIFT,U(-1,1),512,7168,7168,64x128x32_w4_v1,SKIP,v1 path-B not implemented
INT8,LUT,U(-1,1),512,7168,7168,128x64x32_w4_v2,OK,ms=4.039,tflops=13.03,gbps=20.8,maxabs=8.240e-04,p99=1.907e-04,rel=1.532e-06
INT8,BITSHIFT,U(-1,1),512,7168,7168,128x64x32_w4_v2,SKIP,v2 path-B not implemented
INT8,LUT,U(-1,1),512,7168,7168,128x128x32_w4_v2,OK,ms=3.773,tflops=13.94,gbps=22.2,maxabs=8.240e-04,p99=1.907e-04,rel=1.532e-06
INT8,BITSHIFT,U(-1,1),512,7168,7168,128x128x32_w4_v2,SKIP,v2 path-B not implemented
INT8,LUT,U(-1,1),512,7168,7168,128x256x32_w4_v2,OK,ms=4.921,tflops=10.69,gbps=17.1,maxabs=8.240e-04,p99=1.907e-04,rel=1.532e-06
INT8,BITSHIFT,U(-1,1),512,7168,7168,128x256x32_w4_v2,SKIP,v2 path-B not implemented
INT8,LUT,U(-1,1),512,7168,7168,128x256x32_w8_v2,OK,ms=3.285,tflops=16.02,gbps=25.6,maxabs=8.240e-04,p99=1.907e-04,rel=1.532e-06
INT8,BITSHIFT,U(-1,1),512,7168,7168,128x256x32_w8_v2,SKIP,v2 path-B not implemented
INT8,LUT,U(-1,1),512,7168,7168,64x64x32_w4_v2,OK,ms=3.428,tflops=15.35,gbps=24.5,maxabs=8.240e-04,p99=1.907e-04,rel=1.532e-06
INT8,BITSHIFT,U(-1,1),512,7168,7168,64x64x32_w4_v2,SKIP,v2 path-B not implemented
INT8,LUT,U(-1,1),512,7168,7168,64x128x32_w4_v2,OK,ms=3.321,tflops=15.84,gbps=25.3,maxabs=8.240e-04,p99=1.907e-04,rel=1.532e-06
INT8,BITSHIFT,U(-1,1),512,7168,7168,64x128x32_w4_v2,SKIP,v2 path-B not implemented
INT8,LUT,U(-1,1),512,7168,7168,128x64x32_w4_v3,OK,ms=2.527,tflops=20.82,gbps=33.2,maxabs=8.240e-04,p99=1.907e-04,rel=1.532e-06
INT8,BITSHIFT,U(-1,1),512,7168,7168,128x64x32_w4_v3,SKIP,v3 path-B not implemented
INT8,LUT,U(-1,1),512,7168,7168,128x128x32_w4_v3,OK,ms=2.531,tflops=20.79,gbps=33.2,maxabs=8.240e-04,p99=1.907e-04,rel=1.532e-06
INT8,BITSHIFT,U(-1,1),512,7168,7168,128x128x32_w4_v3,SKIP,v3 path-B not implemented
INT8,LUT,U(-1,1),512,7168,7168,128x256x32_w8_v3,SKIP,smem > 48KiB
INT8,BITSHIFT,U(-1,1),512,7168,7168,128x256x32_w8_v3,SKIP,smem > 48KiB
INT8,LUT,U(-1,1),512,7168,7168,64x64x32_w4_v3,OK,ms=3.261,tflops=16.13,gbps=25.7,maxabs=8.240e-04,p99=1.907e-04,rel=1.532e-06
INT8,BITSHIFT,U(-1,1),512,7168,7168,64x64x32_w4_v3,SKIP,v3 path-B not implemented
INT8,LUT,U(-1,1),512,7168,7168,64x128x32_w4_v3,OK,ms=1.966,tflops=26.76,gbps=42.7,maxabs=8.240e-04,p99=1.907e-04,rel=1.532e-06
INT8,BITSHIFT,U(-1,1),512,7168,7168,64x128x32_w4_v3,SKIP,v3 path-B not implemented
INT8,LUT,U(-1,1),1024,7168,7168,16x64x32_w4,OK,ms=21.040,tflops=5.00,gbps=5.4,maxabs=0.000e+00,p99=0.000e+00,rel=0.000e+00
INT8,BITSHIFT,U(-1,1),1024,7168,7168,16x64x32_w4,OK,ms=29.952,tflops=3.51,gbps=3.8,maxabs=2.791e-02,p99=1.324e-02,rel=1.822e-04
INT8,LUT,U(-1,1),1024,7168,7168,16x128x32_w8,OK,ms=21.754,tflops=4.84,gbps=5.2,maxabs=0.000e+00,p99=0.000e+00,rel=0.000e+00
INT8,BITSHIFT,U(-1,1),1024,7168,7168,16x128x32_w8,OK,ms=29.130,tflops=3.61,gbps=3.9,maxabs=2.791e-02,p99=1.324e-02,rel=1.822e-04
INT8,LUT,U(-1,1),1024,7168,7168,16x128x32_w4f2,OK,ms=20.157,tflops=5.22,gbps=5.6,maxabs=0.000e+00,p99=0.000e+00,rel=0.000e+00
INT8,BITSHIFT,U(-1,1),1024,7168,7168,16x128x32_w4f2,SKIP,MF path-B not implemented
INT8,LUT,U(-1,1),1024,7168,7168,16x256x32_w4f4,OK,ms=28.702,tflops=3.67,gbps=3.9,maxabs=0.000e+00,p99=0.000e+00,rel=0.000e+00
INT8,BITSHIFT,U(-1,1),1024,7168,7168,16x256x32_w4f4,SKIP,MF path-B not implemented
INT8,LUT,U(-1,1),1024,7168,7168,128x64x32_w4_v1,OK,ms=8.513,tflops=12.36,gbps=13.3,maxabs=0.000e+00,p99=0.000e+00,rel=0.000e+00
INT8,BITSHIFT,U(-1,1),1024,7168,7168,128x64x32_w4_v1,SKIP,v1 path-B not implemented
INT8,LUT,U(-1,1),1024,7168,7168,128x128x32_w4_v1,OK,ms=10.719,tflops=9.82,gbps=10.6,maxabs=0.000e+00,p99=0.000e+00,rel=0.000e+00
INT8,BITSHIFT,U(-1,1),1024,7168,7168,128x128x32_w4_v1,SKIP,v1 path-B not implemented
INT8,LUT,U(-1,1),1024,7168,7168,128x256x32_w4_v1,OK,ms=22.054,tflops=4.77,gbps=5.1,maxabs=0.000e+00,p99=0.000e+00,rel=0.000e+00
INT8,BITSHIFT,U(-1,1),1024,7168,7168,128x256x32_w4_v1,SKIP,v1 path-B not implemented
INT8,LUT,U(-1,1),1024,7168,7168,128x256x32_w8_v1,OK,ms=10.103,tflops=10.42,gbps=11.2,maxabs=0.000e+00,p99=0.000e+00,rel=0.000e+00
INT8,BITSHIFT,U(-1,1),1024,7168,7168,128x256x32_w8_v1,SKIP,v1 path-B not implemented
INT8,LUT,U(-1,1),1024,7168,7168,64x64x32_w4_v1,OK,ms=10.631,tflops=9.90,gbps=10.7,maxabs=0.000e+00,p99=0.000e+00,rel=0.000e+00
INT8,BITSHIFT,U(-1,1),1024,7168,7168,64x64x32_w4_v1,SKIP,v1 path-B not implemented
INT8,LUT,U(-1,1),1024,7168,7168,64x128x32_w4_v1,OK,ms=12.060,tflops=8.72,gbps=9.4,maxabs=0.000e+00,p99=0.000e+00,rel=0.000e+00
INT8,BITSHIFT,U(-1,1),1024,7168,7168,64x128x32_w4_v1,SKIP,v1 path-B not implemented
INT8,LUT,U(-1,1),1024,7168,7168,128x64x32_w4_v2,OK,ms=6.181,tflops=17.02,gbps=18.3,maxabs=0.000e+00,p99=0.000e+00,rel=0.000e+00
INT8,BITSHIFT,U(-1,1),1024,7168,7168,128x64x32_w4_v2,SKIP,v2 path-B not implemented
INT8,LUT,U(-1,1),1024,7168,7168,128x128x32_w4_v2,OK,ms=5.725,tflops=18.38,gbps=19.8,maxabs=0.000e+00,p99=0.000e+00,rel=0.000e+00
INT8,BITSHIFT,U(-1,1),1024,7168,7168,128x128x32_w4_v2,SKIP,v2 path-B not implemented
INT8,LUT,U(-1,1),1024,7168,7168,128x256x32_w4_v2,OK,ms=11.353,tflops=9.27,gbps=10.0,maxabs=0.000e+00,p99=0.000e+00,rel=0.000e+00
INT8,BITSHIFT,U(-1,1),1024,7168,7168,128x256x32_w4_v2,SKIP,v2 path-B not implemented
INT8,LUT,U(-1,1),1024,7168,7168,128x256x32_w8_v2,OK,ms=4.920,tflops=21.39,gbps=23.0,maxabs=0.000e+00,p99=0.000e+00,rel=0.000e+00
INT8,BITSHIFT,U(-1,1),1024,7168,7168,128x256x32_w8_v2,SKIP,v2 path-B not implemented
INT8,LUT,U(-1,1),1024,7168,7168,64x64x32_w4_v2,OK,ms=6.827,tflops=15.41,gbps=16.6,maxabs=0.000e+00,p99=0.000e+00,rel=0.000e+00
INT8,BITSHIFT,U(-1,1),1024,7168,7168,64x64x32_w4_v2,SKIP,v2 path-B not implemented
INT8,LUT,U(-1,1),1024,7168,7168,64x128x32_w4_v2,OK,ms=4.944,tflops=21.28,gbps=22.9,maxabs=0.000e+00,p99=0.000e+00,rel=0.000e+00
INT8,BITSHIFT,U(-1,1),1024,7168,7168,64x128x32_w4_v2,SKIP,v2 path-B not implemented
INT8,LUT,U(-1,1),1024,7168,7168,128x64x32_w4_v3,OK,ms=5.033,tflops=20.91,gbps=22.5,maxabs=0.000e+00,p99=0.000e+00,rel=0.000e+00
INT8,BITSHIFT,U(-1,1),1024,7168,7168,128x64x32_w4_v3,SKIP,v3 path-B not implemented
INT8,LUT,U(-1,1),1024,7168,7168,128x128x32_w4_v3,OK,ms=3.818,tflops=27.56,gbps=29.7,maxabs=0.000e+00,p99=0.000e+00,rel=0.000e+00
INT8,BITSHIFT,U(-1,1),1024,7168,7168,128x128x32_w4_v3,SKIP,v3 path-B not implemented
INT8,LUT,U(-1,1),1024,7168,7168,128x256x32_w8_v3,SKIP,smem > 48KiB
INT8,BITSHIFT,U(-1,1),1024,7168,7168,128x256x32_w8_v3,SKIP,smem > 48KiB
INT8,LUT,U(-1,1),1024,7168,7168,64x64x32_w4_v3,OK,ms=5.788,tflops=18.18,gbps=19.6,maxabs=0.000e+00,p99=0.000e+00,rel=0.000e+00
INT8,BITSHIFT,U(-1,1),1024,7168,7168,64x64x32_w4_v3,SKIP,v3 path-B not implemented
INT8,LUT,U(-1,1),1024,7168,7168,64x128x32_w4_v3,OK,ms=3.916,tflops=26.87,gbps=28.9,maxabs=0.000e+00,p99=0.000e+00,rel=0.000e+00
INT8,BITSHIFT,U(-1,1),1024,7168,7168,64x128x32_w4_v3,SKIP,v3 path-B not implemented
INT8,LUT,U(-1,1),2048,7168,7168,16x64x32_w4,OK,ms=40.097,tflops=5.25,gbps=4.3,maxabs=0.000e+00,p99=0.000e+00,rel=0.000e+00
INT8,BITSHIFT,U(-1,1),2048,7168,7168,16x64x32_w4,OK,ms=60.320,tflops=3.49,gbps=2.9,maxabs=2.801e-02,p99=1.324e-02,rel=1.822e-04
INT8,LUT,U(-1,1),2048,7168,7168,16x128x32_w8,OK,ms=41.526,tflops=5.07,gbps=4.1,maxabs=0.000e+00,p99=0.000e+00,rel=0.000e+00
INT8,BITSHIFT,U(-1,1),2048,7168,7168,16x128x32_w8,OK,ms=57.197,tflops=3.68,gbps=3.0,maxabs=2.801e-02,p99=1.324e-02,rel=1.822e-04
INT8,LUT,U(-1,1),2048,7168,7168,16x128x32_w4f2,OK,ms=37.704,tflops=5.58,gbps=4.6,maxabs=0.000e+00,p99=0.000e+00,rel=0.000e+00
INT8,BITSHIFT,U(-1,1),2048,7168,7168,16x128x32_w4f2,SKIP,MF path-B not implemented
INT8,LUT,U(-1,1),2048,7168,7168,16x256x32_w4f4,OK,ms=57.617,tflops=3.65,gbps=3.0,maxabs=0.000e+00,p99=0.000e+00,rel=0.000e+00
INT8,BITSHIFT,U(-1,1),2048,7168,7168,16x256x32_w4f4,SKIP,MF path-B not implemented
INT8,LUT,U(-1,1),2048,7168,7168,128x64x32_w4_v1,OK,ms=16.992,tflops=12.39,gbps=10.1,maxabs=0.000e+00,p99=0.000e+00,rel=0.000e+00
INT8,BITSHIFT,U(-1,1),2048,7168,7168,128x64x32_w4_v1,SKIP,v1 path-B not implemented
INT8,LUT,U(-1,1),2048,7168,7168,128x128x32_w4_v1,OK,ms=21.703,tflops=9.70,gbps=7.9,maxabs=0.000e+00,p99=0.000e+00,rel=0.000e+00
INT8,BITSHIFT,U(-1,1),2048,7168,7168,128x128x32_w4_v1,SKIP,v1 path-B not implemented
INT8,LUT,U(-1,1),2048,7168,7168,128x256x32_w4_v1,OK,ms=37.224,tflops=5.65,gbps=4.6,maxabs=0.000e+00,p99=0.000e+00,rel=0.000e+00
INT8,BITSHIFT,U(-1,1),2048,7168,7168,128x256x32_w4_v1,SKIP,v1 path-B not implemented
INT8,LUT,U(-1,1),2048,7168,7168,128x256x32_w8_v1,OK,ms=20.237,tflops=10.40,gbps=8.5,maxabs=0.000e+00,p99=0.000e+00,rel=0.000e+00
INT8,BITSHIFT,U(-1,1),2048,7168,7168,128x256x32_w8_v1,SKIP,v1 path-B not implemented
INT8,LUT,U(-1,1),2048,7168,7168,64x64x32_w4_v1,OK,ms=19.040,tflops=11.05,gbps=9.0,maxabs=0.000e+00,p99=0.000e+00,rel=0.000e+00
INT8,BITSHIFT,U(-1,1),2048,7168,7168,64x64x32_w4_v1,SKIP,v1 path-B not implemented
INT8,LUT,U(-1,1),2048,7168,7168,64x128x32_w4_v1,OK,ms=24.409,tflops=8.62,gbps=7.0,maxabs=0.000e+00,p99=0.000e+00,rel=0.000e+00
INT8,BITSHIFT,U(-1,1),2048,7168,7168,64x128x32_w4_v1,SKIP,v1 path-B not implemented
INT8,LUT,U(-1,1),2048,7168,7168,128x64x32_w4_v2,OK,ms=12.927,tflops=16.28,gbps=13.3,maxabs=0.000e+00,p99=0.000e+00,rel=0.000e+00
INT8,BITSHIFT,U(-1,1),2048,7168,7168,128x64x32_w4_v2,SKIP,v2 path-B not implemented
INT8,LUT,U(-1,1),2048,7168,7168,128x128x32_w4_v2,OK,ms=11.630,tflops=18.10,gbps=14.8,maxabs=0.000e+00,p99=0.000e+00,rel=0.000e+00
INT8,BITSHIFT,U(-1,1),2048,7168,7168,128x128x32_w4_v2,SKIP,v2 path-B not implemented
INT8,LUT,U(-1,1),2048,7168,7168,128x256x32_w4_v2,OK,ms=19.730,tflops=10.67,gbps=8.7,maxabs=0.000e+00,p99=0.000e+00,rel=0.000e+00
INT8,BITSHIFT,U(-1,1),2048,7168,7168,128x256x32_w4_v2,SKIP,v2 path-B not implemented
INT8,LUT,U(-1,1),2048,7168,7168,128x256x32_w8_v2,OK,ms=9.823,tflops=21.42,gbps=17.5,maxabs=0.000e+00,p99=0.000e+00,rel=0.000e+00
INT8,BITSHIFT,U(-1,1),2048,7168,7168,128x256x32_w8_v2,SKIP,v2 path-B not implemented
INT8,LUT,U(-1,1),2048,7168,7168,64x64x32_w4_v2,OK,ms=13.366,tflops=15.75,gbps=12.9,maxabs=0.000e+00,p99=0.000e+00,rel=0.000e+00
INT8,BITSHIFT,U(-1,1),2048,7168,7168,64x64x32_w4_v2,SKIP,v2 path-B not implemented
INT8,LUT,U(-1,1),2048,7168,7168,64x128x32_w4_v2,OK,ms=9.827,tflops=21.42,gbps=17.5,maxabs=0.000e+00,p99=0.000e+00,rel=0.000e+00
INT8,BITSHIFT,U(-1,1),2048,7168,7168,64x128x32_w4_v2,SKIP,v2 path-B not implemented
INT8,LUT,U(-1,1),2048,7168,7168,128x64x32_w4_v3,OK,ms=10.044,tflops=20.95,gbps=17.1,maxabs=0.000e+00,p99=0.000e+00,rel=0.000e+00
INT8,BITSHIFT,U(-1,1),2048,7168,7168,128x64x32_w4_v3,SKIP,v3 path-B not implemented
INT8,LUT,U(-1,1),2048,7168,7168,128x128x32_w4_v3,OK,ms=7.638,tflops=27.55,gbps=22.5,maxabs=0.000e+00,p99=0.000e+00,rel=0.000e+00
INT8,BITSHIFT,U(-1,1),2048,7168,7168,128x128x32_w4_v3,SKIP,v3 path-B not implemented
INT8,LUT,U(-1,1),2048,7168,7168,128x256x32_w8_v3,SKIP,smem > 48KiB
INT8,BITSHIFT,U(-1,1),2048,7168,7168,128x256x32_w8_v3,SKIP,smem > 48KiB
INT8,LUT,U(-1,1),2048,7168,7168,64x64x32_w4_v3,OK,ms=10.530,tflops=19.99,gbps=16.3,maxabs=0.000e+00,p99=0.000e+00,rel=0.000e+00
INT8,BITSHIFT,U(-1,1),2048,7168,7168,64x64x32_w4_v3,SKIP,v3 path-B not implemented
INT8,LUT,U(-1,1),2048,7168,7168,64x128x32_w4_v3,OK,ms=7.786,tflops=27.03,gbps=22.1,maxabs=0.000e+00,p99=0.000e+00,rel=0.000e+00
INT8,BITSHIFT,U(-1,1),2048,7168,7168,64x128x32_w4_v3,SKIP,v3 path-B not implemented
INT4,LUT,U(-1,1),1,4096,4096,16x64x32_w4,OK,ms=0.654,tflops=0.05,gbps=14.5,maxabs=1.898e-02,p99=1.403e-02,rel=2.504e-04
INT4,BITSHIFT,U(-1,1),1,4096,4096,16x64x32_w4,OK,ms=0.358,tflops=0.09,gbps=26.4,maxabs=1.367e-02,p99=1.016e-02,rel=1.847e-04
INT4,LUT,U(-1,1),1,4096,4096,16x128x32_w8,OK,ms=0.784,tflops=0.04,gbps=12.1,maxabs=1.898e-02,p99=1.403e-02,rel=2.504e-04
INT4,BITSHIFT,U(-1,1),1,4096,4096,16x128x32_w8,OK,ms=0.410,tflops=0.08,gbps=23.1,maxabs=1.367e-02,p99=1.016e-02,rel=1.847e-04
INT4,LUT,U(-1,1),1,4096,4096,16x128x32_w4f2,SKIP,BN/WARPS != 16
INT4,BITSHIFT,U(-1,1),1,4096,4096,16x128x32_w4f2,SKIP,BN/WARPS != 16
INT4,LUT,U(-1,1),1,4096,4096,16x256x32_w4f4,SKIP,BN/WARPS != 16
INT4,BITSHIFT,U(-1,1),1,4096,4096,16x256x32_w4f4,SKIP,BN/WARPS != 16
INT4,LUT,U(-1,1),1,4096,4096,128x64x32_w4_v1,SKIP,no template instantiation for this tile
INT4,BITSHIFT,U(-1,1),1,4096,4096,128x64x32_w4_v1,SKIP,opt only LUT path
INT4,LUT,U(-1,1),1,4096,4096,128x128x32_w4_v1,SKIP,BN/WARPS != 16
INT4,BITSHIFT,U(-1,1),1,4096,4096,128x128x32_w4_v1,SKIP,BN/WARPS != 16
INT4,LUT,U(-1,1),1,4096,4096,128x256x32_w4_v1,SKIP,BN/WARPS != 16
INT4,BITSHIFT,U(-1,1),1,4096,4096,128x256x32_w4_v1,SKIP,BN/WARPS != 16
INT4,LUT,U(-1,1),1,4096,4096,128x256x32_w8_v1,SKIP,BN/WARPS != 16
INT4,BITSHIFT,U(-1,1),1,4096,4096,128x256x32_w8_v1,SKIP,BN/WARPS != 16
INT4,LUT,U(-1,1),1,4096,4096,64x64x32_w4_v1,SKIP,no template instantiation for this tile
INT4,BITSHIFT,U(-1,1),1,4096,4096,64x64x32_w4_v1,SKIP,opt only LUT path
INT4,LUT,U(-1,1),1,4096,4096,64x128x32_w4_v1,SKIP,BN/WARPS != 16
INT4,BITSHIFT,U(-1,1),1,4096,4096,64x128x32_w4_v1,SKIP,BN/WARPS != 16
INT4,LUT,U(-1,1),1,4096,4096,128x64x32_w4_v2,OK,ms=0.544,tflops=0.06,gbps=17.4,maxabs=1.898e-02,p99=1.403e-02,rel=2.504e-04
INT4,BITSHIFT,U(-1,1),1,4096,4096,128x64x32_w4_v2,SKIP,opt only LUT path
INT4,LUT,U(-1,1),1,4096,4096,128x128x32_w4_v2,SKIP,BN/WARPS != 16
INT4,BITSHIFT,U(-1,1),1,4096,4096,128x128x32_w4_v2,SKIP,BN/WARPS != 16
INT4,LUT,U(-1,1),1,4096,4096,128x256x32_w4_v2,SKIP,BN/WARPS != 16
INT4,BITSHIFT,U(-1,1),1,4096,4096,128x256x32_w4_v2,SKIP,BN/WARPS != 16
INT4,LUT,U(-1,1),1,4096,4096,128x256x32_w8_v2,SKIP,BN/WARPS != 16
INT4,BITSHIFT,U(-1,1),1,4096,4096,128x256x32_w8_v2,SKIP,BN/WARPS != 16
INT4,LUT,U(-1,1),1,4096,4096,64x64x32_w4_v2,OK,ms=0.422,tflops=0.08,gbps=22.4,maxabs=1.898e-02,p99=1.403e-02,rel=2.504e-04
INT4,BITSHIFT,U(-1,1),1,4096,4096,64x64x32_w4_v2,SKIP,opt only LUT path
INT4,LUT,U(-1,1),1,4096,4096,64x128x32_w4_v2,SKIP,BN/WARPS != 16
INT4,BITSHIFT,U(-1,1),1,4096,4096,64x128x32_w4_v2,SKIP,BN/WARPS != 16
INT4,LUT,U(-1,1),1,4096,4096,128x64x32_w4_v3,OK,ms=0.540,tflops=0.06,gbps=17.5,maxabs=1.898e-02,p99=1.403e-02,rel=2.504e-04
INT4,BITSHIFT,U(-1,1),1,4096,4096,128x64x32_w4_v3,SKIP,opt only LUT path
INT4,LUT,U(-1,1),1,4096,4096,128x128x32_w4_v3,SKIP,BN/WARPS != 16
INT4,BITSHIFT,U(-1,1),1,4096,4096,128x128x32_w4_v3,SKIP,BN/WARPS != 16
INT4,LUT,U(-1,1),1,4096,4096,128x256x32_w8_v3,SKIP,BN/WARPS != 16
INT4,BITSHIFT,U(-1,1),1,4096,4096,128x256x32_w8_v3,SKIP,BN/WARPS != 16
INT4,LUT,U(-1,1),1,4096,4096,64x64x32_w4_v3,OK,ms=0.422,tflops=0.08,gbps=22.4,maxabs=1.898e-02,p99=1.403e-02,rel=2.504e-04
INT4,BITSHIFT,U(-1,1),1,4096,4096,64x64x32_w4_v3,SKIP,opt only LUT path
INT4,LUT,U(-1,1),1,4096,4096,64x128x32_w4_v3,SKIP,BN/WARPS != 16
INT4,BITSHIFT,U(-1,1),1,4096,4096,64x128x32_w4_v3,SKIP,BN/WARPS != 16
INT4,LUT,U(-1,1),16,4096,4096,16x64x32_w4,OK,ms=0.674,tflops=0.80,gbps=14.8,maxabs=4.807e-04,p99=1.450e-04,rel=1.454e-06
INT4,BITSHIFT,U(-1,1),16,4096,4096,16x64x32_w4,OK,ms=0.505,tflops=1.06,gbps=19.7,maxabs=1.693e-02,p99=9.878e-03,rel=1.786e-04
INT4,LUT,U(-1,1),16,4096,4096,16x128x32_w8,OK,ms=0.818,tflops=0.66,gbps=12.2,maxabs=4.807e-04,p99=1.450e-04,rel=1.454e-06
INT4,BITSHIFT,U(-1,1),16,4096,4096,16x128x32_w8,OK,ms=0.643,tflops=0.84,gbps=15.5,maxabs=1.693e-02,p99=9.878e-03,rel=1.786e-04
INT4,LUT,U(-1,1),16,4096,4096,16x128x32_w4f2,SKIP,BN/WARPS != 16
INT4,BITSHIFT,U(-1,1),16,4096,4096,16x128x32_w4f2,SKIP,BN/WARPS != 16
INT4,LUT,U(-1,1),16,4096,4096,16x256x32_w4f4,SKIP,BN/WARPS != 16
INT4,BITSHIFT,U(-1,1),16,4096,4096,16x256x32_w4f4,SKIP,BN/WARPS != 16
INT4,LUT,U(-1,1),16,4096,4096,128x64x32_w4_v1,SKIP,no template instantiation for this tile
INT4,BITSHIFT,U(-1,1),16,4096,4096,128x64x32_w4_v1,SKIP,opt only LUT path
INT4,LUT,U(-1,1),16,4096,4096,128x128x32_w4_v1,SKIP,BN/WARPS != 16
INT4,BITSHIFT,U(-1,1),16,4096,4096,128x128x32_w4_v1,SKIP,BN/WARPS != 16
INT4,LUT,U(-1,1),16,4096,4096,128x256x32_w4_v1,SKIP,BN/WARPS != 16
INT4,BITSHIFT,U(-1,1),16,4096,4096,128x256x32_w4_v1,SKIP,BN/WARPS != 16
INT4,LUT,U(-1,1),16,4096,4096,128x256x32_w8_v1,SKIP,BN/WARPS != 16
INT4,BITSHIFT,U(-1,1),16,4096,4096,128x256x32_w8_v1,SKIP,BN/WARPS != 16
INT4,LUT,U(-1,1),16,4096,4096,64x64x32_w4_v1,SKIP,no template instantiation for this tile
INT4,BITSHIFT,U(-1,1),16,4096,4096,64x64x32_w4_v1,SKIP,opt only LUT path
INT4,LUT,U(-1,1),16,4096,4096,64x128x32_w4_v1,SKIP,BN/WARPS != 16
INT4,BITSHIFT,U(-1,1),16,4096,4096,64x128x32_w4_v1,SKIP,BN/WARPS != 16
INT4,LUT,U(-1,1),16,4096,4096,128x64x32_w4_v2,OK,ms=0.576,tflops=0.93,gbps=17.3,maxabs=4.807e-04,p99=1.450e-04,rel=1.454e-06
INT4,BITSHIFT,U(-1,1),16,4096,4096,128x64x32_w4_v2,SKIP,opt only LUT path
INT4,LUT,U(-1,1),16,4096,4096,128x128x32_w4_v2,SKIP,BN/WARPS != 16
INT4,BITSHIFT,U(-1,1),16,4096,4096,128x128x32_w4_v2,SKIP,BN/WARPS != 16
INT4,LUT,U(-1,1),16,4096,4096,128x256x32_w4_v2,SKIP,BN/WARPS != 16
INT4,BITSHIFT,U(-1,1),16,4096,4096,128x256x32_w4_v2,SKIP,BN/WARPS != 16
INT4,LUT,U(-1,1),16,4096,4096,128x256x32_w8_v2,SKIP,BN/WARPS != 16
INT4,BITSHIFT,U(-1,1),16,4096,4096,128x256x32_w8_v2,SKIP,BN/WARPS != 16
INT4,LUT,U(-1,1),16,4096,4096,64x64x32_w4_v2,OK,ms=0.443,tflops=1.21,gbps=22.5,maxabs=4.807e-04,p99=1.450e-04,rel=1.454e-06
INT4,BITSHIFT,U(-1,1),16,4096,4096,64x64x32_w4_v2,SKIP,opt only LUT path
INT4,LUT,U(-1,1),16,4096,4096,64x128x32_w4_v2,SKIP,BN/WARPS != 16
INT4,BITSHIFT,U(-1,1),16,4096,4096,64x128x32_w4_v2,SKIP,BN/WARPS != 16
INT4,LUT,U(-1,1),16,4096,4096,128x64x32_w4_v3,OK,ms=0.571,tflops=0.94,gbps=17.4,maxabs=4.807e-04,p99=1.450e-04,rel=1.454e-06
INT4,BITSHIFT,U(-1,1),16,4096,4096,128x64x32_w4_v3,SKIP,opt only LUT path
INT4,LUT,U(-1,1),16,4096,4096,128x128x32_w4_v3,SKIP,BN/WARPS != 16
INT4,BITSHIFT,U(-1,1),16,4096,4096,128x128x32_w4_v3,SKIP,BN/WARPS != 16
INT4,LUT,U(-1,1),16,4096,4096,128x256x32_w8_v3,SKIP,BN/WARPS != 16
INT4,BITSHIFT,U(-1,1),16,4096,4096,128x256x32_w8_v3,SKIP,BN/WARPS != 16
INT4,LUT,U(-1,1),16,4096,4096,64x64x32_w4_v3,OK,ms=0.455,tflops=1.18,gbps=21.9,maxabs=4.807e-04,p99=1.450e-04,rel=1.454e-06
INT4,BITSHIFT,U(-1,1),16,4096,4096,64x64x32_w4_v3,SKIP,opt only LUT path
INT4,LUT,U(-1,1),16,4096,4096,64x128x32_w4_v3,SKIP,BN/WARPS != 16
INT4,BITSHIFT,U(-1,1),16,4096,4096,64x128x32_w4_v3,SKIP,BN/WARPS != 16
INT4,LUT,U(-1,1),64,4096,4096,16x64x32_w4,OK,ms=0.807,tflops=2.66,gbps=14.3,maxabs=4.807e-04,p99=1.450e-04,rel=1.464e-06
INT4,BITSHIFT,U(-1,1),64,4096,4096,16x64x32_w4,OK,ms=0.770,tflops=2.79,gbps=15.0,maxabs=1.838e-02,p99=9.861e-03,rel=1.780e-04
INT4,LUT,U(-1,1),64,4096,4096,16x128x32_w8,OK,ms=0.823,tflops=2.61,gbps=14.0,maxabs=4.807e-04,p99=1.450e-04,rel=1.464e-06
INT4,BITSHIFT,U(-1,1),64,4096,4096,16x128x32_w8,OK,ms=0.811,tflops=2.65,gbps=14.2,maxabs=1.838e-02,p99=9.861e-03,rel=1.780e-04
INT4,LUT,U(-1,1),64,4096,4096,16x128x32_w4f2,SKIP,BN/WARPS != 16
INT4,BITSHIFT,U(-1,1),64,4096,4096,16x128x32_w4f2,SKIP,BN/WARPS != 16
INT4,LUT,U(-1,1),64,4096,4096,16x256x32_w4f4,SKIP,BN/WARPS != 16
INT4,BITSHIFT,U(-1,1),64,4096,4096,16x256x32_w4f4,SKIP,BN/WARPS != 16
INT4,LUT,U(-1,1),64,4096,4096,128x64x32_w4_v1,SKIP,no template instantiation for this tile
INT4,BITSHIFT,U(-1,1),64,4096,4096,128x64x32_w4_v1,SKIP,opt only LUT path
INT4,LUT,U(-1,1),64,4096,4096,128x128x32_w4_v1,SKIP,BN/WARPS != 16
INT4,BITSHIFT,U(-1,1),64,4096,4096,128x128x32_w4_v1,SKIP,BN/WARPS != 16
INT4,LUT,U(-1,1),64,4096,4096,128x256x32_w4_v1,SKIP,BN/WARPS != 16
INT4,BITSHIFT,U(-1,1),64,4096,4096,128x256x32_w4_v1,SKIP,BN/WARPS != 16
INT4,LUT,U(-1,1),64,4096,4096,128x256x32_w8_v1,SKIP,BN/WARPS != 16
INT4,BITSHIFT,U(-1,1),64,4096,4096,128x256x32_w8_v1,SKIP,BN/WARPS != 16
INT4,LUT,U(-1,1),64,4096,4096,64x64x32_w4_v1,SKIP,no template instantiation for this tile
INT4,BITSHIFT,U(-1,1),64,4096,4096,64x64x32_w4_v1,SKIP,opt only LUT path
INT4,LUT,U(-1,1),64,4096,4096,64x128x32_w4_v1,SKIP,BN/WARPS != 16
INT4,BITSHIFT,U(-1,1),64,4096,4096,64x128x32_w4_v1,SKIP,BN/WARPS != 16
INT4,LUT,U(-1,1),64,4096,4096,128x64x32_w4_v2,OK,ms=0.607,tflops=3.54,gbps=19.0,maxabs=4.807e-04,p99=1.450e-04,rel=1.464e-06
INT4,BITSHIFT,U(-1,1),64,4096,4096,128x64x32_w4_v2,SKIP,opt only LUT path
INT4,LUT,U(-1,1),64,4096,4096,128x128x32_w4_v2,SKIP,BN/WARPS != 16
INT4,BITSHIFT,U(-1,1),64,4096,4096,128x128x32_w4_v2,SKIP,BN/WARPS != 16
INT4,LUT,U(-1,1),64,4096,4096,128x256x32_w4_v2,SKIP,BN/WARPS != 16
INT4,BITSHIFT,U(-1,1),64,4096,4096,128x256x32_w4_v2,SKIP,BN/WARPS != 16
INT4,LUT,U(-1,1),64,4096,4096,128x256x32_w8_v2,SKIP,BN/WARPS != 16
INT4,BITSHIFT,U(-1,1),64,4096,4096,128x256x32_w8_v2,SKIP,BN/WARPS != 16
INT4,LUT,U(-1,1),64,4096,4096,64x64x32_w4_v2,OK,ms=0.494,tflops=4.34,gbps=23.3,maxabs=4.807e-04,p99=1.450e-04,rel=1.464e-06
INT4,BITSHIFT,U(-1,1),64,4096,4096,64x64x32_w4_v2,SKIP,opt only LUT path
INT4,LUT,U(-1,1),64,4096,4096,64x128x32_w4_v2,SKIP,BN/WARPS != 16
INT4,BITSHIFT,U(-1,1),64,4096,4096,64x128x32_w4_v2,SKIP,BN/WARPS != 16
INT4,LUT,U(-1,1),64,4096,4096,128x64x32_w4_v3,OK,ms=0.604,tflops=3.56,gbps=19.1,maxabs=4.807e-04,p99=1.450e-04,rel=1.464e-06
INT4,BITSHIFT,U(-1,1),64,4096,4096,128x64x32_w4_v3,SKIP,opt only LUT path
INT4,LUT,U(-1,1),64,4096,4096,128x128x32_w4_v3,SKIP,BN/WARPS != 16
INT4,BITSHIFT,U(-1,1),64,4096,4096,128x128x32_w4_v3,SKIP,BN/WARPS != 16
INT4,LUT,U(-1,1),64,4096,4096,128x256x32_w8_v3,SKIP,BN/WARPS != 16
INT4,BITSHIFT,U(-1,1),64,4096,4096,128x256x32_w8_v3,SKIP,BN/WARPS != 16
INT4,LUT,U(-1,1),64,4096,4096,64x64x32_w4_v3,OK,ms=0.505,tflops=4.25,gbps=22.8,maxabs=4.807e-04,p99=1.450e-04,rel=1.464e-06
INT4,BITSHIFT,U(-1,1),64,4096,4096,64x64x32_w4_v3,SKIP,opt only LUT path
INT4,LUT,U(-1,1),64,4096,4096,64x128x32_w4_v3,SKIP,BN/WARPS != 16
INT4,BITSHIFT,U(-1,1),64,4096,4096,64x128x32_w4_v3,SKIP,BN/WARPS != 16
INT4,LUT,U(-1,1),128,4096,4096,16x64x32_w4,OK,ms=0.929,tflops=4.62,gbps=14.7,maxabs=4.196e-04,p99=1.221e-04,rel=1.260e-06
INT4,BITSHIFT,U(-1,1),128,4096,4096,16x64x32_w4,OK,ms=1.208,tflops=3.56,gbps=11.3,maxabs=1.837e-02,p99=9.844e-03,rel=1.780e-04
INT4,LUT,U(-1,1),128,4096,4096,16x128x32_w8,OK,ms=0.995,tflops=4.32,gbps=13.7,maxabs=4.196e-04,p99=1.221e-04,rel=1.260e-06
INT4,BITSHIFT,U(-1,1),128,4096,4096,16x128x32_w8,OK,ms=1.704,tflops=2.52,gbps=8.0,maxabs=1.837e-02,p99=9.844e-03,rel=1.780e-04
INT4,LUT,U(-1,1),128,4096,4096,16x128x32_w4f2,SKIP,BN/WARPS != 16
INT4,BITSHIFT,U(-1,1),128,4096,4096,16x128x32_w4f2,SKIP,BN/WARPS != 16
INT4,LUT,U(-1,1),128,4096,4096,16x256x32_w4f4,SKIP,BN/WARPS != 16
INT4,BITSHIFT,U(-1,1),128,4096,4096,16x256x32_w4f4,SKIP,BN/WARPS != 16
INT4,LUT,U(-1,1),128,4096,4096,128x64x32_w4_v1,SKIP,no template instantiation for this tile
INT4,BITSHIFT,U(-1,1),128,4096,4096,128x64x32_w4_v1,SKIP,opt only LUT path
INT4,LUT,U(-1,1),128,4096,4096,128x128x32_w4_v1,SKIP,BN/WARPS != 16
INT4,BITSHIFT,U(-1,1),128,4096,4096,128x128x32_w4_v1,SKIP,BN/WARPS != 16
INT4,LUT,U(-1,1),128,4096,4096,128x256x32_w4_v1,SKIP,BN/WARPS != 16
INT4,BITSHIFT,U(-1,1),128,4096,4096,128x256x32_w4_v1,SKIP,BN/WARPS != 16
INT4,LUT,U(-1,1),128,4096,4096,128x256x32_w8_v1,SKIP,BN/WARPS != 16
INT4,BITSHIFT,U(-1,1),128,4096,4096,128x256x32_w8_v1,SKIP,BN/WARPS != 16
INT4,LUT,U(-1,1),128,4096,4096,64x64x32_w4_v1,SKIP,no template instantiation for this tile
INT4,BITSHIFT,U(-1,1),128,4096,4096,64x64x32_w4_v1,SKIP,opt only LUT path
INT4,LUT,U(-1,1),128,4096,4096,64x128x32_w4_v1,SKIP,BN/WARPS != 16
INT4,BITSHIFT,U(-1,1),128,4096,4096,64x128x32_w4_v1,SKIP,BN/WARPS != 16
INT4,LUT,U(-1,1),128,4096,4096,128x64x32_w4_v2,OK,ms=0.674,tflops=6.37,gbps=20.2,maxabs=4.196e-04,p99=1.221e-04,rel=1.260e-06
INT4,BITSHIFT,U(-1,1),128,4096,4096,128x64x32_w4_v2,SKIP,opt only LUT path
INT4,LUT,U(-1,1),128,4096,4096,128x128x32_w4_v2,SKIP,BN/WARPS != 16
INT4,BITSHIFT,U(-1,1),128,4096,4096,128x128x32_w4_v2,SKIP,BN/WARPS != 16
INT4,LUT,U(-1,1),128,4096,4096,128x256x32_w4_v2,SKIP,BN/WARPS != 16
INT4,BITSHIFT,U(-1,1),128,4096,4096,128x256x32_w4_v2,SKIP,BN/WARPS != 16
INT4,LUT,U(-1,1),128,4096,4096,128x256x32_w8_v2,SKIP,BN/WARPS != 16
INT4,BITSHIFT,U(-1,1),128,4096,4096,128x256x32_w8_v2,SKIP,BN/WARPS != 16
INT4,LUT,U(-1,1),128,4096,4096,64x64x32_w4_v2,OK,ms=0.519,tflops=8.27,gbps=26.3,maxabs=4.196e-04,p99=1.221e-04,rel=1.260e-06
INT4,BITSHIFT,U(-1,1),128,4096,4096,64x64x32_w4_v2,SKIP,opt only LUT path
INT4,LUT,U(-1,1),128,4096,4096,64x128x32_w4_v2,SKIP,BN/WARPS != 16
INT4,BITSHIFT,U(-1,1),128,4096,4096,64x128x32_w4_v2,SKIP,BN/WARPS != 16
INT4,LUT,U(-1,1),128,4096,4096,128x64x32_w4_v3,OK,ms=0.668,tflops=6.43,gbps=20.4,maxabs=4.196e-04,p99=1.221e-04,rel=1.260e-06
INT4,BITSHIFT,U(-1,1),128,4096,4096,128x64x32_w4_v3,SKIP,opt only LUT path
INT4,LUT,U(-1,1),128,4096,4096,128x128x32_w4_v3,SKIP,BN/WARPS != 16
INT4,BITSHIFT,U(-1,1),128,4096,4096,128x128x32_w4_v3,SKIP,BN/WARPS != 16
INT4,LUT,U(-1,1),128,4096,4096,128x256x32_w8_v3,SKIP,BN/WARPS != 16
INT4,BITSHIFT,U(-1,1),128,4096,4096,128x256x32_w8_v3,SKIP,BN/WARPS != 16
INT4,LUT,U(-1,1),128,4096,4096,64x64x32_w4_v3,OK,ms=0.550,tflops=7.80,gbps=24.8,maxabs=4.196e-04,p99=1.221e-04,rel=1.260e-06
INT4,BITSHIFT,U(-1,1),128,4096,4096,64x64x32_w4_v3,SKIP,opt only LUT path
INT4,LUT,U(-1,1),128,4096,4096,64x128x32_w4_v3,SKIP,BN/WARPS != 16
INT4,BITSHIFT,U(-1,1),128,4096,4096,64x128x32_w4_v3,SKIP,BN/WARPS != 16
INT4,LUT,U(-1,1),256,4096,4096,16x64x32_w4,OK,ms=1.947,tflops=4.41,gbps=9.2,maxabs=5.493e-04,p99=1.411e-04,rel=1.426e-06
INT4,BITSHIFT,U(-1,1),256,4096,4096,16x64x32_w4,OK,ms=2.404,tflops=3.57,gbps=7.4,maxabs=1.930e-02,p99=9.842e-03,rel=1.778e-04
INT4,LUT,U(-1,1),256,4096,4096,16x128x32_w8,OK,ms=1.987,tflops=4.32,gbps=9.0,maxabs=5.493e-04,p99=1.411e-04,rel=1.426e-06
INT4,BITSHIFT,U(-1,1),256,4096,4096,16x128x32_w8,OK,ms=2.835,tflops=3.03,gbps=6.3,maxabs=1.930e-02,p99=9.842e-03,rel=1.778e-04
INT4,LUT,U(-1,1),256,4096,4096,16x128x32_w4f2,SKIP,BN/WARPS != 16
INT4,BITSHIFT,U(-1,1),256,4096,4096,16x128x32_w4f2,SKIP,BN/WARPS != 16
INT4,LUT,U(-1,1),256,4096,4096,16x256x32_w4f4,SKIP,BN/WARPS != 16
INT4,BITSHIFT,U(-1,1),256,4096,4096,16x256x32_w4f4,SKIP,BN/WARPS != 16
INT4,LUT,U(-1,1),256,4096,4096,128x64x32_w4_v1,SKIP,no template instantiation for this tile
INT4,BITSHIFT,U(-1,1),256,4096,4096,128x64x32_w4_v1,SKIP,opt only LUT path
INT4,LUT,U(-1,1),256,4096,4096,128x128x32_w4_v1,SKIP,BN/WARPS != 16
INT4,BITSHIFT,U(-1,1),256,4096,4096,128x128x32_w4_v1,SKIP,BN/WARPS != 16
INT4,LUT,U(-1,1),256,4096,4096,128x256x32_w4_v1,SKIP,BN/WARPS != 16
INT4,BITSHIFT,U(-1,1),256,4096,4096,128x256x32_w4_v1,SKIP,BN/WARPS != 16
INT4,LUT,U(-1,1),256,4096,4096,128x256x32_w8_v1,SKIP,BN/WARPS != 16
INT4,BITSHIFT,U(-1,1),256,4096,4096,128x256x32_w8_v1,SKIP,BN/WARPS != 16
INT4,LUT,U(-1,1),256,4096,4096,64x64x32_w4_v1,SKIP,no template instantiation for this tile
INT4,BITSHIFT,U(-1,1),256,4096,4096,64x64x32_w4_v1,SKIP,opt only LUT path
INT4,LUT,U(-1,1),256,4096,4096,64x128x32_w4_v1,SKIP,BN/WARPS != 16
INT4,BITSHIFT,U(-1,1),256,4096,4096,64x128x32_w4_v1,SKIP,BN/WARPS != 16
INT4,LUT,U(-1,1),256,4096,4096,128x64x32_w4_v2,OK,ms=0.808,tflops=10.63,gbps=22.1,maxabs=5.493e-04,p99=1.411e-04,rel=1.426e-06
INT4,BITSHIFT,U(-1,1),256,4096,4096,128x64x32_w4_v2,SKIP,opt only LUT path
INT4,LUT,U(-1,1),256,4096,4096,128x128x32_w4_v2,SKIP,BN/WARPS != 16
INT4,BITSHIFT,U(-1,1),256,4096,4096,128x128x32_w4_v2,SKIP,BN/WARPS != 16
INT4,LUT,U(-1,1),256,4096,4096,128x256x32_w4_v2,SKIP,BN/WARPS != 16
INT4,BITSHIFT,U(-1,1),256,4096,4096,128x256x32_w4_v2,SKIP,BN/WARPS != 16
INT4,LUT,U(-1,1),256,4096,4096,128x256x32_w8_v2,SKIP,BN/WARPS != 16
INT4,BITSHIFT,U(-1,1),256,4096,4096,128x256x32_w8_v2,SKIP,BN/WARPS != 16
INT4,LUT,U(-1,1),256,4096,4096,64x64x32_w4_v2,OK,ms=0.658,tflops=13.05,gbps=27.1,maxabs=5.493e-04,p99=1.411e-04,rel=1.426e-06
INT4,BITSHIFT,U(-1,1),256,4096,4096,64x64x32_w4_v2,SKIP,opt only LUT path
INT4,LUT,U(-1,1),256,4096,4096,64x128x32_w4_v2,SKIP,BN/WARPS != 16
INT4,BITSHIFT,U(-1,1),256,4096,4096,64x128x32_w4_v2,SKIP,BN/WARPS != 16
INT4,LUT,U(-1,1),256,4096,4096,128x64x32_w4_v3,OK,ms=0.801,tflops=10.73,gbps=22.3,maxabs=5.493e-04,p99=1.411e-04,rel=1.426e-06
INT4,BITSHIFT,U(-1,1),256,4096,4096,128x64x32_w4_v3,SKIP,opt only LUT path
INT4,LUT,U(-1,1),256,4096,4096,128x128x32_w4_v3,SKIP,BN/WARPS != 16
INT4,BITSHIFT,U(-1,1),256,4096,4096,128x128x32_w4_v3,SKIP,BN/WARPS != 16
INT4,LUT,U(-1,1),256,4096,4096,128x256x32_w8_v3,SKIP,BN/WARPS != 16
INT4,BITSHIFT,U(-1,1),256,4096,4096,128x256x32_w8_v3,SKIP,BN/WARPS != 16
INT4,LUT,U(-1,1),256,4096,4096,64x64x32_w4_v3,OK,ms=0.654,tflops=13.13,gbps=27.2,maxabs=5.493e-04,p99=1.411e-04,rel=1.426e-06
INT4,BITSHIFT,U(-1,1),256,4096,4096,64x64x32_w4_v3,SKIP,opt only LUT path
INT4,LUT,U(-1,1),256,4096,4096,64x128x32_w4_v3,SKIP,BN/WARPS != 16
INT4,BITSHIFT,U(-1,1),256,4096,4096,64x128x32_w4_v3,SKIP,BN/WARPS != 16
INT4,LUT,U(-1,1),512,4096,4096,16x64x32_w4,OK,ms=3.779,tflops=4.55,gbps=6.9,maxabs=5.112e-04,p99=1.221e-04,rel=1.261e-06
INT4,BITSHIFT,U(-1,1),512,4096,4096,16x64x32_w4,OK,ms=4.810,tflops=3.57,gbps=5.5,maxabs=1.952e-02,p99=9.845e-03,rel=1.780e-04
INT4,LUT,U(-1,1),512,4096,4096,16x128x32_w8,OK,ms=3.973,tflops=4.32,gbps=6.6,maxabs=5.112e-04,p99=1.221e-04,rel=1.261e-06
INT4,BITSHIFT,U(-1,1),512,4096,4096,16x128x32_w8,OK,ms=5.222,tflops=3.29,gbps=5.0,maxabs=1.952e-02,p99=9.845e-03,rel=1.780e-04
INT4,LUT,U(-1,1),512,4096,4096,16x128x32_w4f2,SKIP,BN/WARPS != 16
INT4,BITSHIFT,U(-1,1),512,4096,4096,16x128x32_w4f2,SKIP,BN/WARPS != 16
INT4,LUT,U(-1,1),512,4096,4096,16x256x32_w4f4,SKIP,BN/WARPS != 16
INT4,BITSHIFT,U(-1,1),512,4096,4096,16x256x32_w4f4,SKIP,BN/WARPS != 16
INT4,LUT,U(-1,1),512,4096,4096,128x64x32_w4_v1,SKIP,no template instantiation for this tile
INT4,BITSHIFT,U(-1,1),512,4096,4096,128x64x32_w4_v1,SKIP,opt only LUT path
INT4,LUT,U(-1,1),512,4096,4096,128x128x32_w4_v1,SKIP,BN/WARPS != 16
INT4,BITSHIFT,U(-1,1),512,4096,4096,128x128x32_w4_v1,SKIP,BN/WARPS != 16
INT4,LUT,U(-1,1),512,4096,4096,128x256x32_w4_v1,SKIP,BN/WARPS != 16
INT4,BITSHIFT,U(-1,1),512,4096,4096,128x256x32_w4_v1,SKIP,BN/WARPS != 16
INT4,LUT,U(-1,1),512,4096,4096,128x256x32_w8_v1,SKIP,BN/WARPS != 16
INT4,BITSHIFT,U(-1,1),512,4096,4096,128x256x32_w8_v1,SKIP,BN/WARPS != 16
INT4,LUT,U(-1,1),512,4096,4096,64x64x32_w4_v1,SKIP,no template instantiation for this tile
INT4,BITSHIFT,U(-1,1),512,4096,4096,64x64x32_w4_v1,SKIP,opt only LUT path
INT4,LUT,U(-1,1),512,4096,4096,64x128x32_w4_v1,SKIP,BN/WARPS != 16
INT4,BITSHIFT,U(-1,1),512,4096,4096,64x128x32_w4_v1,SKIP,BN/WARPS != 16
INT4,LUT,U(-1,1),512,4096,4096,128x64x32_w4_v2,OK,ms=1.081,tflops=15.90,gbps=24.3,maxabs=5.112e-04,p99=1.221e-04,rel=1.261e-06
INT4,BITSHIFT,U(-1,1),512,4096,4096,128x64x32_w4_v2,SKIP,opt only LUT path
INT4,LUT,U(-1,1),512,4096,4096,128x128x32_w4_v2,SKIP,BN/WARPS != 16
INT4,BITSHIFT,U(-1,1),512,4096,4096,128x128x32_w4_v2,SKIP,BN/WARPS != 16
INT4,LUT,U(-1,1),512,4096,4096,128x256x32_w4_v2,SKIP,BN/WARPS != 16
INT4,BITSHIFT,U(-1,1),512,4096,4096,128x256x32_w4_v2,SKIP,BN/WARPS != 16
INT4,LUT,U(-1,1),512,4096,4096,128x256x32_w8_v2,SKIP,BN/WARPS != 16
INT4,BITSHIFT,U(-1,1),512,4096,4096,128x256x32_w8_v2,SKIP,BN/WARPS != 16
INT4,LUT,U(-1,1),512,4096,4096,64x64x32_w4_v2,OK,ms=1.403,tflops=12.24,gbps=18.7,maxabs=5.112e-04,p99=1.221e-04,rel=1.261e-06
INT4,BITSHIFT,U(-1,1),512,4096,4096,64x64x32_w4_v2,SKIP,opt only LUT path
INT4,LUT,U(-1,1),512,4096,4096,64x128x32_w4_v2,SKIP,BN/WARPS != 16
INT4,BITSHIFT,U(-1,1),512,4096,4096,64x128x32_w4_v2,SKIP,BN/WARPS != 16
INT4,LUT,U(-1,1),512,4096,4096,128x64x32_w4_v3,OK,ms=1.811,tflops=9.48,gbps=14.5,maxabs=5.112e-04,p99=1.221e-04,rel=1.261e-06
INT4,BITSHIFT,U(-1,1),512,4096,4096,128x64x32_w4_v3,SKIP,opt only LUT path
INT4,LUT,U(-1,1),512,4096,4096,128x128x32_w4_v3,SKIP,BN/WARPS != 16
INT4,BITSHIFT,U(-1,1),512,4096,4096,128x128x32_w4_v3,SKIP,BN/WARPS != 16
INT4,LUT,U(-1,1),512,4096,4096,128x256x32_w8_v3,SKIP,BN/WARPS != 16
INT4,BITSHIFT,U(-1,1),512,4096,4096,128x256x32_w8_v3,SKIP,BN/WARPS != 16
INT4,LUT,U(-1,1),512,4096,4096,64x64x32_w4_v3,OK,ms=1.485,tflops=11.57,gbps=17.7,maxabs=5.112e-04,p99=1.221e-04,rel=1.261e-06
INT4,BITSHIFT,U(-1,1),512,4096,4096,64x64x32_w4_v3,SKIP,opt only LUT path
INT4,LUT,U(-1,1),512,4096,4096,64x128x32_w4_v3,SKIP,BN/WARPS != 16
INT4,BITSHIFT,U(-1,1),512,4096,4096,64x128x32_w4_v3,SKIP,BN/WARPS != 16
INT4,LUT,U(-1,1),1024,4096,4096,16x64x32_w4,OK,ms=6.807,tflops=5.05,gbps=6.3,maxabs=0.000e+00,p99=0.000e+00,rel=0.000e+00
INT4,BITSHIFT,U(-1,1),1024,4096,4096,16x64x32_w4,OK,ms=9.664,tflops=3.56,gbps=4.4,maxabs=2.045e-02,p99=9.850e-03,rel=1.781e-04
INT4,LUT,U(-1,1),1024,4096,4096,16x128x32_w8,OK,ms=7.105,tflops=4.84,gbps=6.1,maxabs=0.000e+00,p99=0.000e+00,rel=0.000e+00
INT4,BITSHIFT,U(-1,1),1024,4096,4096,16x128x32_w8,OK,ms=9.781,tflops=3.51,gbps=4.4,maxabs=2.045e-02,p99=9.850e-03,rel=1.781e-04
INT4,LUT,U(-1,1),1024,4096,4096,16x128x32_w4f2,SKIP,BN/WARPS != 16
INT4,BITSHIFT,U(-1,1),1024,4096,4096,16x128x32_w4f2,SKIP,BN/WARPS != 16
INT4,LUT,U(-1,1),1024,4096,4096,16x256x32_w4f4,SKIP,BN/WARPS != 16
INT4,BITSHIFT,U(-1,1),1024,4096,4096,16x256x32_w4f4,SKIP,BN/WARPS != 16
INT4,LUT,U(-1,1),1024,4096,4096,128x64x32_w4_v1,SKIP,no template instantiation for this tile
INT4,BITSHIFT,U(-1,1),1024,4096,4096,128x64x32_w4_v1,SKIP,opt only LUT path
INT4,LUT,U(-1,1),1024,4096,4096,128x128x32_w4_v1,SKIP,BN/WARPS != 16
INT4,BITSHIFT,U(-1,1),1024,4096,4096,128x128x32_w4_v1,SKIP,BN/WARPS != 16
INT4,LUT,U(-1,1),1024,4096,4096,128x256x32_w4_v1,SKIP,BN/WARPS != 16
INT4,BITSHIFT,U(-1,1),1024,4096,4096,128x256x32_w4_v1,SKIP,BN/WARPS != 16
INT4,LUT,U(-1,1),1024,4096,4096,128x256x32_w8_v1,SKIP,BN/WARPS != 16
INT4,BITSHIFT,U(-1,1),1024,4096,4096,128x256x32_w8_v1,SKIP,BN/WARPS != 16
INT4,LUT,U(-1,1),1024,4096,4096,64x64x32_w4_v1,SKIP,no template instantiation for this tile
INT4,BITSHIFT,U(-1,1),1024,4096,4096,64x64x32_w4_v1,SKIP,opt only LUT path
INT4,LUT,U(-1,1),1024,4096,4096,64x128x32_w4_v1,SKIP,BN/WARPS != 16
INT4,BITSHIFT,U(-1,1),1024,4096,4096,64x128x32_w4_v1,SKIP,BN/WARPS != 16
INT4,LUT,U(-1,1),1024,4096,4096,128x64x32_w4_v2,OK,ms=2.090,tflops=16.44,gbps=20.6,maxabs=0.000e+00,p99=0.000e+00,rel=0.000e+00
INT4,BITSHIFT,U(-1,1),1024,4096,4096,128x64x32_w4_v2,SKIP,opt only LUT path
INT4,LUT,U(-1,1),1024,4096,4096,128x128x32_w4_v2,SKIP,BN/WARPS != 16
INT4,BITSHIFT,U(-1,1),1024,4096,4096,128x128x32_w4_v2,SKIP,BN/WARPS != 16
INT4,LUT,U(-1,1),1024,4096,4096,128x256x32_w4_v2,SKIP,BN/WARPS != 16
INT4,BITSHIFT,U(-1,1),1024,4096,4096,128x256x32_w4_v2,SKIP,BN/WARPS != 16
INT4,LUT,U(-1,1),1024,4096,4096,128x256x32_w8_v2,SKIP,BN/WARPS != 16
INT4,BITSHIFT,U(-1,1),1024,4096,4096,128x256x32_w8_v2,SKIP,BN/WARPS != 16
INT4,LUT,U(-1,1),1024,4096,4096,64x64x32_w4_v2,OK,ms=2.731,tflops=12.58,gbps=15.7,maxabs=0.000e+00,p99=0.000e+00,rel=0.000e+00
INT4,BITSHIFT,U(-1,1),1024,4096,4096,64x64x32_w4_v2,SKIP,opt only LUT path
INT4,LUT,U(-1,1),1024,4096,4096,64x128x32_w4_v2,SKIP,BN/WARPS != 16
INT4,BITSHIFT,U(-1,1),1024,4096,4096,64x128x32_w4_v2,SKIP,BN/WARPS != 16
INT4,LUT,U(-1,1),1024,4096,4096,128x64x32_w4_v3,OK,ms=2.724,tflops=12.62,gbps=15.8,maxabs=0.000e+00,p99=0.000e+00,rel=0.000e+00
INT4,BITSHIFT,U(-1,1),1024,4096,4096,128x64x32_w4_v3,SKIP,opt only LUT path
INT4,LUT,U(-1,1),1024,4096,4096,128x128x32_w4_v3,SKIP,BN/WARPS != 16
INT4,BITSHIFT,U(-1,1),1024,4096,4096,128x128x32_w4_v3,SKIP,BN/WARPS != 16
INT4,LUT,U(-1,1),1024,4096,4096,128x256x32_w8_v3,SKIP,BN/WARPS != 16
INT4,BITSHIFT,U(-1,1),1024,4096,4096,128x256x32_w8_v3,SKIP,BN/WARPS != 16
INT4,LUT,U(-1,1),1024,4096,4096,64x64x32_w4_v3,OK,ms=2.241,tflops=15.33,gbps=19.2,maxabs=0.000e+00,p99=0.000e+00,rel=0.000e+00
INT4,BITSHIFT,U(-1,1),1024,4096,4096,64x64x32_w4_v3,SKIP,opt only LUT path
INT4,LUT,U(-1,1),1024,4096,4096,64x128x32_w4_v3,SKIP,BN/WARPS != 16
INT4,BITSHIFT,U(-1,1),1024,4096,4096,64x128x32_w4_v3,SKIP,BN/WARPS != 16
INT4,LUT,U(-1,1),2048,4096,4096,16x64x32_w4,OK,ms=12.916,tflops=5.32,gbps=5.9,maxabs=0.000e+00,p99=0.000e+00,rel=0.000e+00
INT4,BITSHIFT,U(-1,1),2048,4096,4096,16x64x32_w4,OK,ms=18.860,tflops=3.64,gbps=4.1,maxabs=2.045e-02,p99=9.850e-03,rel=1.781e-04
INT4,LUT,U(-1,1),2048,4096,4096,16x128x32_w8,OK,ms=13.212,tflops=5.20,gbps=5.8,maxabs=0.000e+00,p99=0.000e+00,rel=0.000e+00
INT4,BITSHIFT,U(-1,1),2048,4096,4096,16x128x32_w8,OK,ms=19.077,tflops=3.60,gbps=4.0,maxabs=2.045e-02,p99=9.850e-03,rel=1.781e-04
INT4,LUT,U(-1,1),2048,4096,4096,16x128x32_w4f2,SKIP,BN/WARPS != 16
INT4,BITSHIFT,U(-1,1),2048,4096,4096,16x128x32_w4f2,SKIP,BN/WARPS != 16
INT4,LUT,U(-1,1),2048,4096,4096,16x256x32_w4f4,SKIP,BN/WARPS != 16
INT4,BITSHIFT,U(-1,1),2048,4096,4096,16x256x32_w4f4,SKIP,BN/WARPS != 16
INT4,LUT,U(-1,1),2048,4096,4096,128x64x32_w4_v1,SKIP,no template instantiation for this tile
INT4,BITSHIFT,U(-1,1),2048,4096,4096,128x64x32_w4_v1,SKIP,opt only LUT path
INT4,LUT,U(-1,1),2048,4096,4096,128x128x32_w4_v1,SKIP,BN/WARPS != 16
INT4,BITSHIFT,U(-1,1),2048,4096,4096,128x128x32_w4_v1,SKIP,BN/WARPS != 16
INT4,LUT,U(-1,1),2048,4096,4096,128x256x32_w4_v1,SKIP,BN/WARPS != 16
INT4,BITSHIFT,U(-1,1),2048,4096,4096,128x256x32_w4_v1,SKIP,BN/WARPS != 16
INT4,LUT,U(-1,1),2048,4096,4096,128x256x32_w8_v1,SKIP,BN/WARPS != 16
INT4,BITSHIFT,U(-1,1),2048,4096,4096,128x256x32_w8_v1,SKIP,BN/WARPS != 16
INT4,LUT,U(-1,1),2048,4096,4096,64x64x32_w4_v1,SKIP,no template instantiation for this tile
INT4,BITSHIFT,U(-1,1),2048,4096,4096,64x64x32_w4_v1,SKIP,opt only LUT path
INT4,LUT,U(-1,1),2048,4096,4096,64x128x32_w4_v1,SKIP,BN/WARPS != 16
INT4,BITSHIFT,U(-1,1),2048,4096,4096,64x128x32_w4_v1,SKIP,BN/WARPS != 16
INT4,LUT,U(-1,1),2048,4096,4096,128x64x32_w4_v2,OK,ms=4.230,tflops=16.24,gbps=18.1,maxabs=0.000e+00,p99=0.000e+00,rel=0.000e+00
INT4,BITSHIFT,U(-1,1),2048,4096,4096,128x64x32_w4_v2,SKIP,opt only LUT path
INT4,LUT,U(-1,1),2048,4096,4096,128x128x32_w4_v2,SKIP,BN/WARPS != 16
INT4,BITSHIFT,U(-1,1),2048,4096,4096,128x128x32_w4_v2,SKIP,BN/WARPS != 16
INT4,LUT,U(-1,1),2048,4096,4096,128x256x32_w4_v2,SKIP,BN/WARPS != 16
INT4,BITSHIFT,U(-1,1),2048,4096,4096,128x256x32_w4_v2,SKIP,BN/WARPS != 16
INT4,LUT,U(-1,1),2048,4096,4096,128x256x32_w8_v2,SKIP,BN/WARPS != 16
INT4,BITSHIFT,U(-1,1),2048,4096,4096,128x256x32_w8_v2,SKIP,BN/WARPS != 16
INT4,LUT,U(-1,1),2048,4096,4096,64x64x32_w4_v2,OK,ms=4.787,tflops=14.35,gbps=16.0,maxabs=0.000e+00,p99=0.000e+00,rel=0.000e+00
INT4,BITSHIFT,U(-1,1),2048,4096,4096,64x64x32_w4_v2,SKIP,opt only LUT path
INT4,LUT,U(-1,1),2048,4096,4096,64x128x32_w4_v2,SKIP,BN/WARPS != 16
INT4,BITSHIFT,U(-1,1),2048,4096,4096,64x128x32_w4_v2,SKIP,BN/WARPS != 16
INT4,LUT,U(-1,1),2048,4096,4096,128x64x32_w4_v3,OK,ms=4.561,tflops=15.07,gbps=16.8,maxabs=0.000e+00,p99=0.000e+00,rel=0.000e+00
INT4,BITSHIFT,U(-1,1),2048,4096,4096,128x64x32_w4_v3,SKIP,opt only LUT path
INT4,LUT,U(-1,1),2048,4096,4096,128x128x32_w4_v3,SKIP,BN/WARPS != 16
INT4,BITSHIFT,U(-1,1),2048,4096,4096,128x128x32_w4_v3,SKIP,BN/WARPS != 16
INT4,LUT,U(-1,1),2048,4096,4096,128x256x32_w8_v3,SKIP,BN/WARPS != 16
INT4,BITSHIFT,U(-1,1),2048,4096,4096,128x256x32_w8_v3,SKIP,BN/WARPS != 16
INT4,LUT,U(-1,1),2048,4096,4096,64x64x32_w4_v3,OK,ms=4.378,tflops=15.70,gbps=17.5,maxabs=0.000e+00,p99=0.000e+00,rel=0.000e+00
INT4,BITSHIFT,U(-1,1),2048,4096,4096,64x64x32_w4_v3,SKIP,opt only LUT path
INT4,LUT,U(-1,1),2048,4096,4096,64x128x32_w4_v3,SKIP,BN/WARPS != 16
INT4,BITSHIFT,U(-1,1),2048,4096,4096,64x128x32_w4_v3,SKIP,BN/WARPS != 16
INT4,LUT,U(-1,1),1,7168,7168,16x64x32_w4,OK,ms=1.352,tflops=0.08,gbps=21.4,maxabs=2.849e-02,p99=1.838e-02,rel=2.533e-04
INT4,BITSHIFT,U(-1,1),1,7168,7168,16x64x32_w4,OK,ms=0.719,tflops=0.14,gbps=40.3,maxabs=1.886e-02,p99=1.363e-02,rel=1.821e-04
INT4,LUT,U(-1,1),1,7168,7168,16x128x32_w8,OK,ms=1.350,tflops=0.08,gbps=21.5,maxabs=2.849e-02,p99=1.838e-02,rel=2.533e-04
INT4,BITSHIFT,U(-1,1),1,7168,7168,16x128x32_w8,OK,ms=0.720,tflops=0.14,gbps=40.2,maxabs=1.886e-02,p99=1.363e-02,rel=1.821e-04
INT4,LUT,U(-1,1),1,7168,7168,16x128x32_w4f2,SKIP,BN/WARPS != 16
INT4,BITSHIFT,U(-1,1),1,7168,7168,16x128x32_w4f2,SKIP,BN/WARPS != 16
INT4,LUT,U(-1,1),1,7168,7168,16x256x32_w4f4,SKIP,BN/WARPS != 16
INT4,BITSHIFT,U(-1,1),1,7168,7168,16x256x32_w4f4,SKIP,BN/WARPS != 16
INT4,LUT,U(-1,1),1,7168,7168,128x64x32_w4_v1,SKIP,no template instantiation for this tile
INT4,BITSHIFT,U(-1,1),1,7168,7168,128x64x32_w4_v1,SKIP,opt only LUT path
INT4,LUT,U(-1,1),1,7168,7168,128x128x32_w4_v1,SKIP,BN/WARPS != 16
INT4,BITSHIFT,U(-1,1),1,7168,7168,128x128x32_w4_v1,SKIP,BN/WARPS != 16
INT4,LUT,U(-1,1),1,7168,7168,128x256x32_w4_v1,SKIP,BN/WARPS != 16
INT4,BITSHIFT,U(-1,1),1,7168,7168,128x256x32_w4_v1,SKIP,BN/WARPS != 16
INT4,LUT,U(-1,1),1,7168,7168,128x256x32_w8_v1,SKIP,BN/WARPS != 16
INT4,BITSHIFT,U(-1,1),1,7168,7168,128x256x32_w8_v1,SKIP,BN/WARPS != 16
INT4,LUT,U(-1,1),1,7168,7168,64x64x32_w4_v1,SKIP,no template instantiation for this tile
INT4,BITSHIFT,U(-1,1),1,7168,7168,64x64x32_w4_v1,SKIP,opt only LUT path
INT4,LUT,U(-1,1),1,7168,7168,64x128x32_w4_v1,SKIP,BN/WARPS != 16
INT4,BITSHIFT,U(-1,1),1,7168,7168,64x128x32_w4_v1,SKIP,BN/WARPS != 16
INT4,LUT,U(-1,1),1,7168,7168,128x64x32_w4_v2,OK,ms=1.365,tflops=0.08,gbps=21.2,maxabs=2.849e-02,p99=1.838e-02,rel=2.533e-04
INT4,BITSHIFT,U(-1,1),1,7168,7168,128x64x32_w4_v2,SKIP,opt only LUT path
INT4,LUT,U(-1,1),1,7168,7168,128x128x32_w4_v2,SKIP,BN/WARPS != 16
INT4,BITSHIFT,U(-1,1),1,7168,7168,128x128x32_w4_v2,SKIP,BN/WARPS != 16
INT4,LUT,U(-1,1),1,7168,7168,128x256x32_w4_v2,SKIP,BN/WARPS != 16
INT4,BITSHIFT,U(-1,1),1,7168,7168,128x256x32_w4_v2,SKIP,BN/WARPS != 16
INT4,LUT,U(-1,1),1,7168,7168,128x256x32_w8_v2,SKIP,BN/WARPS != 16
INT4,BITSHIFT,U(-1,1),1,7168,7168,128x256x32_w8_v2,SKIP,BN/WARPS != 16
INT4,LUT,U(-1,1),1,7168,7168,64x64x32_w4_v2,OK,ms=0.866,tflops=0.12,gbps=33.4,maxabs=2.849e-02,p99=1.838e-02,rel=2.533e-04
INT4,BITSHIFT,U(-1,1),1,7168,7168,64x64x32_w4_v2,SKIP,opt only LUT path
INT4,LUT,U(-1,1),1,7168,7168,64x128x32_w4_v2,SKIP,BN/WARPS != 16
INT4,BITSHIFT,U(-1,1),1,7168,7168,64x128x32_w4_v2,SKIP,BN/WARPS != 16
INT4,LUT,U(-1,1),1,7168,7168,128x64x32_w4_v3,OK,ms=1.346,tflops=0.08,gbps=21.5,maxabs=2.849e-02,p99=1.838e-02,rel=2.533e-04
INT4,BITSHIFT,U(-1,1),1,7168,7168,128x64x32_w4_v3,SKIP,opt only LUT path
INT4,LUT,U(-1,1),1,7168,7168,128x128x32_w4_v3,SKIP,BN/WARPS != 16
INT4,BITSHIFT,U(-1,1),1,7168,7168,128x128x32_w4_v3,SKIP,BN/WARPS != 16
INT4,LUT,U(-1,1),1,7168,7168,128x256x32_w8_v3,SKIP,BN/WARPS != 16
INT4,BITSHIFT,U(-1,1),1,7168,7168,128x256x32_w8_v3,SKIP,BN/WARPS != 16
INT4,LUT,U(-1,1),1,7168,7168,64x64x32_w4_v3,OK,ms=0.954,tflops=0.11,gbps=30.4,maxabs=2.849e-02,p99=1.838e-02,rel=2.533e-04
INT4,BITSHIFT,U(-1,1),1,7168,7168,64x64x32_w4_v3,SKIP,opt only LUT path
INT4,LUT,U(-1,1),1,7168,7168,64x128x32_w4_v3,SKIP,BN/WARPS != 16
INT4,BITSHIFT,U(-1,1),1,7168,7168,64x128x32_w4_v3,SKIP,BN/WARPS != 16
INT4,LUT,U(-1,1),16,7168,7168,16x64x32_w4,OK,ms=1.386,tflops=1.19,gbps=21.5,maxabs=8.087e-04,p99=2.480e-04,rel=1.930e-06
INT4,BITSHIFT,U(-1,1),16,7168,7168,16x64x32_w4,OK,ms=1.036,tflops=1.59,gbps=28.8,maxabs=2.389e-02,p99=1.311e-02,rel=1.789e-04
INT4,LUT,U(-1,1),16,7168,7168,16x128x32_w8,OK,ms=1.427,tflops=1.15,gbps=20.9,maxabs=8.087e-04,p99=2.480e-04,rel=1.930e-06
INT4,BITSHIFT,U(-1,1),16,7168,7168,16x128x32_w8,OK,ms=1.126,tflops=1.46,gbps=26.5,maxabs=2.389e-02,p99=1.311e-02,rel=1.789e-04
INT4,LUT,U(-1,1),16,7168,7168,16x128x32_w4f2,SKIP,BN/WARPS != 16
INT4,BITSHIFT,U(-1,1),16,7168,7168,16x128x32_w4f2,SKIP,BN/WARPS != 16
INT4,LUT,U(-1,1),16,7168,7168,16x256x32_w4f4,SKIP,BN/WARPS != 16
INT4,BITSHIFT,U(-1,1),16,7168,7168,16x256x32_w4f4,SKIP,BN/WARPS != 16
INT4,LUT,U(-1,1),16,7168,7168,128x64x32_w4_v1,SKIP,no template instantiation for this tile
INT4,BITSHIFT,U(-1,1),16,7168,7168,128x64x32_w4_v1,SKIP,opt only LUT path
INT4,LUT,U(-1,1),16,7168,7168,128x128x32_w4_v1,SKIP,BN/WARPS != 16
INT4,BITSHIFT,U(-1,1),16,7168,7168,128x128x32_w4_v1,SKIP,BN/WARPS != 16
INT4,LUT,U(-1,1),16,7168,7168,128x256x32_w4_v1,SKIP,BN/WARPS != 16
INT4,BITSHIFT,U(-1,1),16,7168,7168,128x256x32_w4_v1,SKIP,BN/WARPS != 16
INT4,LUT,U(-1,1),16,7168,7168,128x256x32_w8_v1,SKIP,BN/WARPS != 16
INT4,BITSHIFT,U(-1,1),16,7168,7168,128x256x32_w8_v1,SKIP,BN/WARPS != 16
INT4,LUT,U(-1,1),16,7168,7168,64x64x32_w4_v1,SKIP,no template instantiation for this tile
INT4,BITSHIFT,U(-1,1),16,7168,7168,64x64x32_w4_v1,SKIP,opt only LUT path
INT4,LUT,U(-1,1),16,7168,7168,64x128x32_w4_v1,SKIP,BN/WARPS != 16
INT4,BITSHIFT,U(-1,1),16,7168,7168,64x128x32_w4_v1,SKIP,BN/WARPS != 16
INT4,LUT,U(-1,1),16,7168,7168,128x64x32_w4_v2,OK,ms=1.381,tflops=1.19,gbps=21.6,maxabs=8.087e-04,p99=2.480e-04,rel=1.930e-06
INT4,BITSHIFT,U(-1,1),16,7168,7168,128x64x32_w4_v2,SKIP,opt only LUT path
INT4,LUT,U(-1,1),16,7168,7168,128x128x32_w4_v2,SKIP,BN/WARPS != 16
INT4,BITSHIFT,U(-1,1),16,7168,7168,128x128x32_w4_v2,SKIP,BN/WARPS != 16
INT4,LUT,U(-1,1),16,7168,7168,128x256x32_w4_v2,SKIP,BN/WARPS != 16
INT4,BITSHIFT,U(-1,1),16,7168,7168,128x256x32_w4_v2,SKIP,BN/WARPS != 16
INT4,LUT,U(-1,1),16,7168,7168,128x256x32_w8_v2,SKIP,BN/WARPS != 16
INT4,BITSHIFT,U(-1,1),16,7168,7168,128x256x32_w8_v2,SKIP,BN/WARPS != 16
INT4,LUT,U(-1,1),16,7168,7168,64x64x32_w4_v2,OK,ms=0.924,tflops=1.78,gbps=32.3,maxabs=8.087e-04,p99=2.480e-04,rel=1.930e-06
INT4,BITSHIFT,U(-1,1),16,7168,7168,64x64x32_w4_v2,SKIP,opt only LUT path
INT4,LUT,U(-1,1),16,7168,7168,64x128x32_w4_v2,SKIP,BN/WARPS != 16
INT4,BITSHIFT,U(-1,1),16,7168,7168,64x128x32_w4_v2,SKIP,BN/WARPS != 16
INT4,LUT,U(-1,1),16,7168,7168,128x64x32_w4_v3,OK,ms=1.362,tflops=1.21,gbps=21.9,maxabs=8.087e-04,p99=2.480e-04,rel=1.930e-06
INT4,BITSHIFT,U(-1,1),16,7168,7168,128x64x32_w4_v3,SKIP,opt only LUT path
INT4,LUT,U(-1,1),16,7168,7168,128x128x32_w4_v3,SKIP,BN/WARPS != 16
INT4,BITSHIFT,U(-1,1),16,7168,7168,128x128x32_w4_v3,SKIP,BN/WARPS != 16
INT4,LUT,U(-1,1),16,7168,7168,128x256x32_w8_v3,SKIP,BN/WARPS != 16
INT4,BITSHIFT,U(-1,1),16,7168,7168,128x256x32_w8_v3,SKIP,BN/WARPS != 16
INT4,LUT,U(-1,1),16,7168,7168,64x64x32_w4_v3,OK,ms=1.003,tflops=1.64,gbps=29.7,maxabs=8.087e-04,p99=2.480e-04,rel=1.930e-06
INT4,BITSHIFT,U(-1,1),16,7168,7168,64x64x32_w4_v3,SKIP,opt only LUT path
INT4,LUT,U(-1,1),16,7168,7168,64x128x32_w4_v3,SKIP,BN/WARPS != 16
INT4,BITSHIFT,U(-1,1),16,7168,7168,64x128x32_w4_v3,SKIP,BN/WARPS != 16
INT4,LUT,U(-1,1),64,7168,7168,16x64x32_w4,OK,ms=1.564,tflops=4.20,gbps=20.8,maxabs=9.003e-04,p99=2.346e-04,rel=1.838e-06
INT4,BITSHIFT,U(-1,1),64,7168,7168,16x64x32_w4,OK,ms=1.814,tflops=3.62,gbps=18.0,maxabs=2.455e-02,p99=1.305e-02,rel=1.784e-04
INT4,LUT,U(-1,1),64,7168,7168,16x128x32_w8,OK,ms=1.611,tflops=4.08,gbps=20.2,maxabs=9.003e-04,p99=2.346e-04,rel=1.838e-06
INT4,BITSHIFT,U(-1,1),64,7168,7168,16x128x32_w8,OK,ms=1.884,tflops=3.49,gbps=17.3,maxabs=2.455e-02,p99=1.305e-02,rel=1.784e-04
INT4,LUT,U(-1,1),64,7168,7168,16x128x32_w4f2,SKIP,BN/WARPS != 16
INT4,BITSHIFT,U(-1,1),64,7168,7168,16x128x32_w4f2,SKIP,BN/WARPS != 16
INT4,LUT,U(-1,1),64,7168,7168,16x256x32_w4f4,SKIP,BN/WARPS != 16
INT4,BITSHIFT,U(-1,1),64,7168,7168,16x256x32_w4f4,SKIP,BN/WARPS != 16
INT4,LUT,U(-1,1),64,7168,7168,128x64x32_w4_v1,SKIP,no template instantiation for this tile
INT4,BITSHIFT,U(-1,1),64,7168,7168,128x64x32_w4_v1,SKIP,opt only LUT path
INT4,LUT,U(-1,1),64,7168,7168,128x128x32_w4_v1,SKIP,BN/WARPS != 16
INT4,BITSHIFT,U(-1,1),64,7168,7168,128x128x32_w4_v1,SKIP,BN/WARPS != 16
INT4,LUT,U(-1,1),64,7168,7168,128x256x32_w4_v1,SKIP,BN/WARPS != 16
INT4,BITSHIFT,U(-1,1),64,7168,7168,128x256x32_w4_v1,SKIP,BN/WARPS != 16
INT4,LUT,U(-1,1),64,7168,7168,128x256x32_w8_v1,SKIP,BN/WARPS != 16
INT4,BITSHIFT,U(-1,1),64,7168,7168,128x256x32_w8_v1,SKIP,BN/WARPS != 16
INT4,LUT,U(-1,1),64,7168,7168,64x64x32_w4_v1,SKIP,no template instantiation for this tile
INT4,BITSHIFT,U(-1,1),64,7168,7168,64x64x32_w4_v1,SKIP,opt only LUT path
INT4,LUT,U(-1,1),64,7168,7168,64x128x32_w4_v1,SKIP,BN/WARPS != 16
INT4,BITSHIFT,U(-1,1),64,7168,7168,64x128x32_w4_v1,SKIP,BN/WARPS != 16
INT4,LUT,U(-1,1),64,7168,7168,128x64x32_w4_v2,OK,ms=1.407,tflops=4.68,gbps=23.2,maxabs=9.003e-04,p99=2.346e-04,rel=1.838e-06
INT4,BITSHIFT,U(-1,1),64,7168,7168,128x64x32_w4_v2,SKIP,opt only LUT path
INT4,LUT,U(-1,1),64,7168,7168,128x128x32_w4_v2,SKIP,BN/WARPS != 16
INT4,BITSHIFT,U(-1,1),64,7168,7168,128x128x32_w4_v2,SKIP,BN/WARPS != 16
INT4,LUT,U(-1,1),64,7168,7168,128x256x32_w4_v2,SKIP,BN/WARPS != 16
INT4,BITSHIFT,U(-1,1),64,7168,7168,128x256x32_w4_v2,SKIP,BN/WARPS != 16
INT4,LUT,U(-1,1),64,7168,7168,128x256x32_w8_v2,SKIP,BN/WARPS != 16
INT4,BITSHIFT,U(-1,1),64,7168,7168,128x256x32_w8_v2,SKIP,BN/WARPS != 16
INT4,LUT,U(-1,1),64,7168,7168,64x64x32_w4_v2,OK,ms=1.011,tflops=6.51,gbps=32.2,maxabs=9.003e-04,p99=2.346e-04,rel=1.838e-06
INT4,BITSHIFT,U(-1,1),64,7168,7168,64x64x32_w4_v2,SKIP,opt only LUT path
INT4,LUT,U(-1,1),64,7168,7168,64x128x32_w4_v2,SKIP,BN/WARPS != 16
INT4,BITSHIFT,U(-1,1),64,7168,7168,64x128x32_w4_v2,SKIP,BN/WARPS != 16
INT4,LUT,U(-1,1),64,7168,7168,128x64x32_w4_v3,OK,ms=1.387,tflops=4.74,gbps=23.5,maxabs=9.003e-04,p99=2.346e-04,rel=1.838e-06
INT4,BITSHIFT,U(-1,1),64,7168,7168,128x64x32_w4_v3,SKIP,opt only LUT path
INT4,LUT,U(-1,1),64,7168,7168,128x128x32_w4_v3,SKIP,BN/WARPS != 16
INT4,BITSHIFT,U(-1,1),64,7168,7168,128x128x32_w4_v3,SKIP,BN/WARPS != 16
INT4,LUT,U(-1,1),64,7168,7168,128x256x32_w8_v3,SKIP,BN/WARPS != 16
INT4,BITSHIFT,U(-1,1),64,7168,7168,128x256x32_w8_v3,SKIP,BN/WARPS != 16
INT4,LUT,U(-1,1),64,7168,7168,64x64x32_w4_v3,OK,ms=1.057,tflops=6.22,gbps=30.8,maxabs=9.003e-04,p99=2.346e-04,rel=1.838e-06
INT4,BITSHIFT,U(-1,1),64,7168,7168,64x64x32_w4_v3,SKIP,opt only LUT path
INT4,LUT,U(-1,1),64,7168,7168,64x128x32_w4_v3,SKIP,BN/WARPS != 16
INT4,BITSHIFT,U(-1,1),64,7168,7168,64x128x32_w4_v3,SKIP,BN/WARPS != 16
INT4,LUT,U(-1,1),128,7168,7168,16x64x32_w4,OK,ms=3.292,tflops=4.00,gbps=11.0,maxabs=9.003e-04,p99=2.365e-04,rel=1.838e-06
INT4,BITSHIFT,U(-1,1),128,7168,7168,16x64x32_w4,OK,ms=4.061,tflops=3.24,gbps=8.9,maxabs=2.643e-02,p99=1.303e-02,rel=1.783e-04
INT4,LUT,U(-1,1),128,7168,7168,16x128x32_w8,OK,ms=3.372,tflops=3.90,gbps=10.7,maxabs=9.003e-04,p99=2.365e-04,rel=1.838e-06
INT4,BITSHIFT,U(-1,1),128,7168,7168,16x128x32_w8,OK,ms=3.768,tflops=3.49,gbps=9.6,maxabs=2.643e-02,p99=1.303e-02,rel=1.783e-04
INT4,LUT,U(-1,1),128,7168,7168,16x128x32_w4f2,SKIP,BN/WARPS != 16
INT4,BITSHIFT,U(-1,1),128,7168,7168,16x128x32_w4f2,SKIP,BN/WARPS != 16
INT4,LUT,U(-1,1),128,7168,7168,16x256x32_w4f4,SKIP,BN/WARPS != 16
INT4,BITSHIFT,U(-1,1),128,7168,7168,16x256x32_w4f4,SKIP,BN/WARPS != 16
INT4,LUT,U(-1,1),128,7168,7168,128x64x32_w4_v1,SKIP,no template instantiation for this tile
INT4,BITSHIFT,U(-1,1),128,7168,7168,128x64x32_w4_v1,SKIP,opt only LUT path
INT4,LUT,U(-1,1),128,7168,7168,128x128x32_w4_v1,SKIP,BN/WARPS != 16
INT4,BITSHIFT,U(-1,1),128,7168,7168,128x128x32_w4_v1,SKIP,BN/WARPS != 16
INT4,LUT,U(-1,1),128,7168,7168,128x256x32_w4_v1,SKIP,BN/WARPS != 16
INT4,BITSHIFT,U(-1,1),128,7168,7168,128x256x32_w4_v1,SKIP,BN/WARPS != 16
INT4,LUT,U(-1,1),128,7168,7168,128x256x32_w8_v1,SKIP,BN/WARPS != 16
INT4,BITSHIFT,U(-1,1),128,7168,7168,128x256x32_w8_v1,SKIP,BN/WARPS != 16
INT4,LUT,U(-1,1),128,7168,7168,64x64x32_w4_v1,SKIP,no template instantiation for this tile
INT4,BITSHIFT,U(-1,1),128,7168,7168,64x64x32_w4_v1,SKIP,opt only LUT path
INT4,LUT,U(-1,1),128,7168,7168,64x128x32_w4_v1,SKIP,BN/WARPS != 16
INT4,BITSHIFT,U(-1,1),128,7168,7168,64x128x32_w4_v1,SKIP,BN/WARPS != 16
INT4,LUT,U(-1,1),128,7168,7168,128x64x32_w4_v2,OK,ms=1.475,tflops=8.92,gbps=24.6,maxabs=9.003e-04,p99=2.365e-04,rel=1.838e-06
INT4,BITSHIFT,U(-1,1),128,7168,7168,128x64x32_w4_v2,SKIP,opt only LUT path
INT4,LUT,U(-1,1),128,7168,7168,128x128x32_w4_v2,SKIP,BN/WARPS != 16
INT4,BITSHIFT,U(-1,1),128,7168,7168,128x128x32_w4_v2,SKIP,BN/WARPS != 16
INT4,LUT,U(-1,1),128,7168,7168,128x256x32_w4_v2,SKIP,BN/WARPS != 16
INT4,BITSHIFT,U(-1,1),128,7168,7168,128x256x32_w4_v2,SKIP,BN/WARPS != 16
INT4,LUT,U(-1,1),128,7168,7168,128x256x32_w8_v2,SKIP,BN/WARPS != 16
INT4,BITSHIFT,U(-1,1),128,7168,7168,128x256x32_w8_v2,SKIP,BN/WARPS != 16
INT4,LUT,U(-1,1),128,7168,7168,64x64x32_w4_v2,OK,ms=1.101,tflops=11.94,gbps=32.9,maxabs=9.003e-04,p99=2.365e-04,rel=1.838e-06
INT4,BITSHIFT,U(-1,1),128,7168,7168,64x64x32_w4_v2,SKIP,opt only LUT path
INT4,LUT,U(-1,1),128,7168,7168,64x128x32_w4_v2,SKIP,BN/WARPS != 16
INT4,BITSHIFT,U(-1,1),128,7168,7168,64x128x32_w4_v2,SKIP,BN/WARPS != 16
INT4,LUT,U(-1,1),128,7168,7168,128x64x32_w4_v3,OK,ms=1.452,tflops=9.06,gbps=25.0,maxabs=9.003e-04,p99=2.365e-04,rel=1.838e-06
INT4,BITSHIFT,U(-1,1),128,7168,7168,128x64x32_w4_v3,SKIP,opt only LUT path
INT4,LUT,U(-1,1),128,7168,7168,128x128x32_w4_v3,SKIP,BN/WARPS != 16
INT4,BITSHIFT,U(-1,1),128,7168,7168,128x128x32_w4_v3,SKIP,BN/WARPS != 16
INT4,LUT,U(-1,1),128,7168,7168,128x256x32_w8_v3,SKIP,BN/WARPS != 16
INT4,BITSHIFT,U(-1,1),128,7168,7168,128x256x32_w8_v3,SKIP,BN/WARPS != 16
INT4,LUT,U(-1,1),128,7168,7168,64x64x32_w4_v3,OK,ms=1.085,tflops=12.12,gbps=33.4,maxabs=9.003e-04,p99=2.365e-04,rel=1.838e-06
INT4,BITSHIFT,U(-1,1),128,7168,7168,64x64x32_w4_v3,SKIP,opt only LUT path
INT4,LUT,U(-1,1),128,7168,7168,64x128x32_w4_v3,SKIP,BN/WARPS != 16
INT4,BITSHIFT,U(-1,1),128,7168,7168,64x128x32_w4_v3,SKIP,BN/WARPS != 16
INT4,LUT,U(-1,1),256,7168,7168,16x64x32_w4,OK,ms=5.272,tflops=4.99,gbps=8.3,maxabs=0.000e+00,p99=0.000e+00,rel=0.000e+00
INT4,BITSHIFT,U(-1,1),256,7168,7168,16x64x32_w4,OK,ms=7.458,tflops=3.53,gbps=5.8,maxabs=2.642e-02,p99=1.302e-02,rel=1.783e-04
INT4,LUT,U(-1,1),256,7168,7168,16x128x32_w8,OK,ms=5.409,tflops=4.86,gbps=8.1,maxabs=0.000e+00,p99=0.000e+00,rel=0.000e+00
INT4,BITSHIFT,U(-1,1),256,7168,7168,16x128x32_w8,OK,ms=7.565,tflops=3.48,gbps=5.8,maxabs=2.642e-02,p99=1.302e-02,rel=1.783e-04
INT4,LUT,U(-1,1),256,7168,7168,16x128x32_w4f2,SKIP,BN/WARPS != 16
INT4,BITSHIFT,U(-1,1),256,7168,7168,16x128x32_w4f2,SKIP,BN/WARPS != 16
INT4,LUT,U(-1,1),256,7168,7168,16x256x32_w4f4,SKIP,BN/WARPS != 16
INT4,BITSHIFT,U(-1,1),256,7168,7168,16x256x32_w4f4,SKIP,BN/WARPS != 16
INT4,LUT,U(-1,1),256,7168,7168,128x64x32_w4_v1,SKIP,no template instantiation for this tile
INT4,BITSHIFT,U(-1,1),256,7168,7168,128x64x32_w4_v1,SKIP,opt only LUT path
INT4,LUT,U(-1,1),256,7168,7168,128x128x32_w4_v1,SKIP,BN/WARPS != 16
INT4,BITSHIFT,U(-1,1),256,7168,7168,128x128x32_w4_v1,SKIP,BN/WARPS != 16
INT4,LUT,U(-1,1),256,7168,7168,128x256x32_w4_v1,SKIP,BN/WARPS != 16
INT4,BITSHIFT,U(-1,1),256,7168,7168,128x256x32_w4_v1,SKIP,BN/WARPS != 16
INT4,LUT,U(-1,1),256,7168,7168,128x256x32_w8_v1,SKIP,BN/WARPS != 16
INT4,BITSHIFT,U(-1,1),256,7168,7168,128x256x32_w8_v1,SKIP,BN/WARPS != 16
INT4,LUT,U(-1,1),256,7168,7168,64x64x32_w4_v1,SKIP,no template instantiation for this tile
INT4,BITSHIFT,U(-1,1),256,7168,7168,64x64x32_w4_v1,SKIP,opt only LUT path
INT4,LUT,U(-1,1),256,7168,7168,64x128x32_w4_v1,SKIP,BN/WARPS != 16
INT4,BITSHIFT,U(-1,1),256,7168,7168,64x128x32_w4_v1,SKIP,BN/WARPS != 16
INT4,LUT,U(-1,1),256,7168,7168,128x64x32_w4_v2,OK,ms=1.611,tflops=16.33,gbps=27.0,maxabs=0.000e+00,p99=0.000e+00,rel=0.000e+00
INT4,BITSHIFT,U(-1,1),256,7168,7168,128x64x32_w4_v2,SKIP,opt only LUT path
INT4,LUT,U(-1,1),256,7168,7168,128x128x32_w4_v2,SKIP,BN/WARPS != 16
INT4,BITSHIFT,U(-1,1),256,7168,7168,128x128x32_w4_v2,SKIP,BN/WARPS != 16
INT4,LUT,U(-1,1),256,7168,7168,128x256x32_w4_v2,SKIP,BN/WARPS != 16
INT4,BITSHIFT,U(-1,1),256,7168,7168,128x256x32_w4_v2,SKIP,BN/WARPS != 16
INT4,LUT,U(-1,1),256,7168,7168,128x256x32_w8_v2,SKIP,BN/WARPS != 16
INT4,BITSHIFT,U(-1,1),256,7168,7168,128x256x32_w8_v2,SKIP,BN/WARPS != 16
INT4,LUT,U(-1,1),256,7168,7168,64x64x32_w4_v2,OK,ms=2.441,tflops=10.78,gbps=17.9,maxabs=0.000e+00,p99=0.000e+00,rel=0.000e+00
INT4,BITSHIFT,U(-1,1),256,7168,7168,64x64x32_w4_v2,SKIP,opt only LUT path
INT4,LUT,U(-1,1),256,7168,7168,64x128x32_w4_v2,SKIP,BN/WARPS != 16
INT4,BITSHIFT,U(-1,1),256,7168,7168,64x128x32_w4_v2,SKIP,BN/WARPS != 16
INT4,LUT,U(-1,1),256,7168,7168,128x64x32_w4_v3,OK,ms=1.596,tflops=16.48,gbps=27.3,maxabs=0.000e+00,p99=0.000e+00,rel=0.000e+00
INT4,BITSHIFT,U(-1,1),256,7168,7168,128x64x32_w4_v3,SKIP,opt only LUT path
INT4,LUT,U(-1,1),256,7168,7168,128x128x32_w4_v3,SKIP,BN/WARPS != 16
INT4,BITSHIFT,U(-1,1),256,7168,7168,128x128x32_w4_v3,SKIP,BN/WARPS != 16
INT4,LUT,U(-1,1),256,7168,7168,128x256x32_w8_v3,SKIP,BN/WARPS != 16
INT4,BITSHIFT,U(-1,1),256,7168,7168,128x256x32_w8_v3,SKIP,BN/WARPS != 16
INT4,LUT,U(-1,1),256,7168,7168,64x64x32_w4_v3,OK,ms=2.361,tflops=11.14,gbps=18.5,maxabs=0.000e+00,p99=0.000e+00,rel=0.000e+00
INT4,BITSHIFT,U(-1,1),256,7168,7168,64x64x32_w4_v3,SKIP,opt only LUT path
INT4,LUT,U(-1,1),256,7168,7168,64x128x32_w4_v3,SKIP,BN/WARPS != 16
INT4,BITSHIFT,U(-1,1),256,7168,7168,64x128x32_w4_v3,SKIP,BN/WARPS != 16
INT4,LUT,U(-1,1),512,7168,7168,16x64x32_w4,OK,ms=10.588,tflops=4.97,gbps=5.5,maxabs=9.460e-04,p99=1.831e-04,rel=1.460e-06
INT4,BITSHIFT,U(-1,1),512,7168,7168,16x64x32_w4,OK,ms=14.571,tflops=3.61,gbps=4.0,maxabs=2.641e-02,p99=1.302e-02,rel=1.781e-04
INT4,LUT,U(-1,1),512,7168,7168,16x128x32_w8,OK,ms=11.298,tflops=4.66,gbps=5.2,maxabs=9.460e-04,p99=1.831e-04,rel=1.460e-06
INT4,BITSHIFT,U(-1,1),512,7168,7168,16x128x32_w8,OK,ms=14.801,tflops=3.55,gbps=3.9,maxabs=2.641e-02,p99=1.302e-02,rel=1.781e-04
INT4,LUT,U(-1,1),512,7168,7168,16x128x32_w4f2,SKIP,BN/WARPS != 16
INT4,BITSHIFT,U(-1,1),512,7168,7168,16x128x32_w4f2,SKIP,BN/WARPS != 16
INT4,LUT,U(-1,1),512,7168,7168,16x256x32_w4f4,SKIP,BN/WARPS != 16
INT4,BITSHIFT,U(-1,1),512,7168,7168,16x256x32_w4f4,SKIP,BN/WARPS != 16
INT4,LUT,U(-1,1),512,7168,7168,128x64x32_w4_v1,SKIP,no template instantiation for this tile
INT4,BITSHIFT,U(-1,1),512,7168,7168,128x64x32_w4_v1,SKIP,opt only LUT path
INT4,LUT,U(-1,1),512,7168,7168,128x128x32_w4_v1,SKIP,BN/WARPS != 16
INT4,BITSHIFT,U(-1,1),512,7168,7168,128x128x32_w4_v1,SKIP,BN/WARPS != 16
INT4,LUT,U(-1,1),512,7168,7168,128x256x32_w4_v1,SKIP,BN/WARPS != 16
INT4,BITSHIFT,U(-1,1),512,7168,7168,128x256x32_w4_v1,SKIP,BN/WARPS != 16
INT4,LUT,U(-1,1),512,7168,7168,128x256x32_w8_v1,SKIP,BN/WARPS != 16
INT4,BITSHIFT,U(-1,1),512,7168,7168,128x256x32_w8_v1,SKIP,BN/WARPS != 16
INT4,LUT,U(-1,1),512,7168,7168,64x64x32_w4_v1,SKIP,no template instantiation for this tile
INT4,BITSHIFT,U(-1,1),512,7168,7168,64x64x32_w4_v1,SKIP,opt only LUT path
INT4,LUT,U(-1,1),512,7168,7168,64x128x32_w4_v1,SKIP,BN/WARPS != 16
INT4,BITSHIFT,U(-1,1),512,7168,7168,64x128x32_w4_v1,SKIP,BN/WARPS != 16
INT4,LUT,U(-1,1),512,7168,7168,128x64x32_w4_v2,OK,ms=3.734,tflops=14.09,gbps=15.6,maxabs=9.460e-04,p99=1.831e-04,rel=1.460e-06
INT4,BITSHIFT,U(-1,1),512,7168,7168,128x64x32_w4_v2,SKIP,opt only LUT path
INT4,LUT,U(-1,1),512,7168,7168,128x128x32_w4_v2,SKIP,BN/WARPS != 16
INT4,BITSHIFT,U(-1,1),512,7168,7168,128x128x32_w4_v2,SKIP,BN/WARPS != 16
INT4,LUT,U(-1,1),512,7168,7168,128x256x32_w4_v2,SKIP,BN/WARPS != 16
INT4,BITSHIFT,U(-1,1),512,7168,7168,128x256x32_w4_v2,SKIP,BN/WARPS != 16
INT4,LUT,U(-1,1),512,7168,7168,128x256x32_w8_v2,SKIP,BN/WARPS != 16
INT4,BITSHIFT,U(-1,1),512,7168,7168,128x256x32_w8_v2,SKIP,BN/WARPS != 16
INT4,LUT,U(-1,1),512,7168,7168,64x64x32_w4_v2,OK,ms=3.630,tflops=14.50,gbps=16.1,maxabs=9.460e-04,p99=1.831e-04,rel=1.460e-06
INT4,BITSHIFT,U(-1,1),512,7168,7168,64x64x32_w4_v2,SKIP,opt only LUT path
INT4,LUT,U(-1,1),512,7168,7168,64x128x32_w4_v2,SKIP,BN/WARPS != 16
INT4,BITSHIFT,U(-1,1),512,7168,7168,64x128x32_w4_v2,SKIP,BN/WARPS != 16
INT4,LUT,U(-1,1),512,7168,7168,128x64x32_w4_v3,OK,ms=3.226,tflops=16.31,gbps=18.1,maxabs=9.460e-04,p99=1.831e-04,rel=1.460e-06
INT4,BITSHIFT,U(-1,1),512,7168,7168,128x64x32_w4_v3,SKIP,opt only LUT path
INT4,LUT,U(-1,1),512,7168,7168,128x128x32_w4_v3,SKIP,BN/WARPS != 16
INT4,BITSHIFT,U(-1,1),512,7168,7168,128x128x32_w4_v3,SKIP,BN/WARPS != 16
INT4,LUT,U(-1,1),512,7168,7168,128x256x32_w8_v3,SKIP,BN/WARPS != 16
INT4,BITSHIFT,U(-1,1),512,7168,7168,128x256x32_w8_v3,SKIP,BN/WARPS != 16
INT4,LUT,U(-1,1),512,7168,7168,64x64x32_w4_v3,OK,ms=3.899,tflops=13.49,gbps=14.9,maxabs=9.460e-04,p99=1.831e-04,rel=1.460e-06
INT4,BITSHIFT,U(-1,1),512,7168,7168,64x64x32_w4_v3,SKIP,opt only LUT path
INT4,LUT,U(-1,1),512,7168,7168,64x128x32_w4_v3,SKIP,BN/WARPS != 16
INT4,BITSHIFT,U(-1,1),512,7168,7168,64x128x32_w4_v3,SKIP,BN/WARPS != 16
INT4,LUT,U(-1,1),1024,7168,7168,16x64x32_w4,OK,ms=21.195,tflops=4.96,gbps=4.1,maxabs=0.000e+00,p99=0.000e+00,rel=0.000e+00
INT4,BITSHIFT,U(-1,1),1024,7168,7168,16x64x32_w4,OK,ms=28.436,tflops=3.70,gbps=3.1,maxabs=2.642e-02,p99=1.302e-02,rel=1.781e-04
INT4,LUT,U(-1,1),1024,7168,7168,16x128x32_w8,OK,ms=21.406,tflops=4.92,gbps=4.1,maxabs=0.000e+00,p99=0.000e+00,rel=0.000e+00
INT4,BITSHIFT,U(-1,1),1024,7168,7168,16x128x32_w8,OK,ms=28.683,tflops=3.67,gbps=3.1,maxabs=2.642e-02,p99=1.302e-02,rel=1.781e-04
INT4,LUT,U(-1,1),1024,7168,7168,16x128x32_w4f2,SKIP,BN/WARPS != 16
INT4,BITSHIFT,U(-1,1),1024,7168,7168,16x128x32_w4f2,SKIP,BN/WARPS != 16
INT4,LUT,U(-1,1),1024,7168,7168,16x256x32_w4f4,SKIP,BN/WARPS != 16
INT4,BITSHIFT,U(-1,1),1024,7168,7168,16x256x32_w4f4,SKIP,BN/WARPS != 16
INT4,LUT,U(-1,1),1024,7168,7168,128x64x32_w4_v1,SKIP,no template instantiation for this tile
INT4,BITSHIFT,U(-1,1),1024,7168,7168,128x64x32_w4_v1,SKIP,opt only LUT path
INT4,LUT,U(-1,1),1024,7168,7168,128x128x32_w4_v1,SKIP,BN/WARPS != 16
INT4,BITSHIFT,U(-1,1),1024,7168,7168,128x128x32_w4_v1,SKIP,BN/WARPS != 16
INT4,LUT,U(-1,1),1024,7168,7168,128x256x32_w4_v1,SKIP,BN/WARPS != 16
INT4,BITSHIFT,U(-1,1),1024,7168,7168,128x256x32_w4_v1,SKIP,BN/WARPS != 16
INT4,LUT,U(-1,1),1024,7168,7168,128x256x32_w8_v1,SKIP,BN/WARPS != 16
INT4,BITSHIFT,U(-1,1),1024,7168,7168,128x256x32_w8_v1,SKIP,BN/WARPS != 16
INT4,LUT,U(-1,1),1024,7168,7168,64x64x32_w4_v1,SKIP,no template instantiation for this tile
INT4,BITSHIFT,U(-1,1),1024,7168,7168,64x64x32_w4_v1,SKIP,opt only LUT path
INT4,LUT,U(-1,1),1024,7168,7168,64x128x32_w4_v1,SKIP,BN/WARPS != 16
INT4,BITSHIFT,U(-1,1),1024,7168,7168,64x128x32_w4_v1,SKIP,BN/WARPS != 16
INT4,LUT,U(-1,1),1024,7168,7168,128x64x32_w4_v2,OK,ms=5.551,tflops=18.96,gbps=15.8,maxabs=0.000e+00,p99=0.000e+00,rel=0.000e+00
INT4,BITSHIFT,U(-1,1),1024,7168,7168,128x64x32_w4_v2,SKIP,opt only LUT path
INT4,LUT,U(-1,1),1024,7168,7168,128x128x32_w4_v2,SKIP,BN/WARPS != 16
INT4,BITSHIFT,U(-1,1),1024,7168,7168,128x128x32_w4_v2,SKIP,BN/WARPS != 16
INT4,LUT,U(-1,1),1024,7168,7168,128x256x32_w4_v2,SKIP,BN/WARPS != 16
INT4,BITSHIFT,U(-1,1),1024,7168,7168,128x256x32_w4_v2,SKIP,BN/WARPS != 16
INT4,LUT,U(-1,1),1024,7168,7168,128x256x32_w8_v2,SKIP,BN/WARPS != 16
INT4,BITSHIFT,U(-1,1),1024,7168,7168,128x256x32_w8_v2,SKIP,BN/WARPS != 16
INT4,LUT,U(-1,1),1024,7168,7168,64x64x32_w4_v2,OK,ms=7.242,tflops=14.53,gbps=12.1,maxabs=0.000e+00,p99=0.000e+00,rel=0.000e+00
INT4,BITSHIFT,U(-1,1),1024,7168,7168,64x64x32_w4_v2,SKIP,opt only LUT path
INT4,LUT,U(-1,1),1024,7168,7168,64x128x32_w4_v2,SKIP,BN/WARPS != 16
INT4,BITSHIFT,U(-1,1),1024,7168,7168,64x128x32_w4_v2,SKIP,BN/WARPS != 16
INT4,LUT,U(-1,1),1024,7168,7168,128x64x32_w4_v3,OK,ms=6.342,tflops=16.59,gbps=13.8,maxabs=0.000e+00,p99=0.000e+00,rel=0.000e+00
INT4,BITSHIFT,U(-1,1),1024,7168,7168,128x64x32_w4_v3,SKIP,opt only LUT path
INT4,LUT,U(-1,1),1024,7168,7168,128x128x32_w4_v3,SKIP,BN/WARPS != 16
INT4,BITSHIFT,U(-1,1),1024,7168,7168,128x128x32_w4_v3,SKIP,BN/WARPS != 16
INT4,LUT,U(-1,1),1024,7168,7168,128x256x32_w8_v3,SKIP,BN/WARPS != 16
INT4,BITSHIFT,U(-1,1),1024,7168,7168,128x256x32_w8_v3,SKIP,BN/WARPS != 16
INT4,LUT,U(-1,1),1024,7168,7168,64x64x32_w4_v3,OK,ms=6.619,tflops=15.90,gbps=13.2,maxabs=0.000e+00,p99=0.000e+00,rel=0.000e+00
INT4,BITSHIFT,U(-1,1),1024,7168,7168,64x64x32_w4_v3,SKIP,opt only LUT path
INT4,LUT,U(-1,1),1024,7168,7168,64x128x32_w4_v3,SKIP,BN/WARPS != 16
INT4,BITSHIFT,U(-1,1),1024,7168,7168,64x128x32_w4_v3,SKIP,BN/WARPS != 16
INT4,LUT,U(-1,1),2048,7168,7168,16x64x32_w4,OK,ms=40.736,tflops=5.17,gbps=3.6,maxabs=0.000e+00,p99=0.000e+00,rel=0.000e+00
INT4,BITSHIFT,U(-1,1),2048,7168,7168,16x64x32_w4,OK,ms=56.933,tflops=3.70,gbps=2.6,maxabs=2.658e-02,p99=1.302e-02,rel=1.780e-04
INT4,LUT,U(-1,1),2048,7168,7168,16x128x32_w8,OK,ms=41.370,tflops=5.09,gbps=3.5,maxabs=0.000e+00,p99=0.000e+00,rel=0.000e+00
INT4,BITSHIFT,U(-1,1),2048,7168,7168,16x128x32_w8,OK,ms=57.318,tflops=3.67,gbps=2.6,maxabs=2.658e-02,p99=1.302e-02,rel=1.780e-04
INT4,LUT,U(-1,1),2048,7168,7168,16x128x32_w4f2,SKIP,BN/WARPS != 16
INT4,BITSHIFT,U(-1,1),2048,7168,7168,16x128x32_w4f2,SKIP,BN/WARPS != 16
INT4,LUT,U(-1,1),2048,7168,7168,16x256x32_w4f4,SKIP,BN/WARPS != 16
INT4,BITSHIFT,U(-1,1),2048,7168,7168,16x256x32_w4f4,SKIP,BN/WARPS != 16
INT4,LUT,U(-1,1),2048,7168,7168,128x64x32_w4_v1,SKIP,no template instantiation for this tile
INT4,BITSHIFT,U(-1,1),2048,7168,7168,128x64x32_w4_v1,SKIP,opt only LUT path
INT4,LUT,U(-1,1),2048,7168,7168,128x128x32_w4_v1,SKIP,BN/WARPS != 16
INT4,BITSHIFT,U(-1,1),2048,7168,7168,128x128x32_w4_v1,SKIP,BN/WARPS != 16
INT4,LUT,U(-1,1),2048,7168,7168,128x256x32_w4_v1,SKIP,BN/WARPS != 16
INT4,BITSHIFT,U(-1,1),2048,7168,7168,128x256x32_w4_v1,SKIP,BN/WARPS != 16
INT4,LUT,U(-1,1),2048,7168,7168,128x256x32_w8_v1,SKIP,BN/WARPS != 16
INT4,BITSHIFT,U(-1,1),2048,7168,7168,128x256x32_w8_v1,SKIP,BN/WARPS != 16
INT4,LUT,U(-1,1),2048,7168,7168,64x64x32_w4_v1,SKIP,no template instantiation for this tile
INT4,BITSHIFT,U(-1,1),2048,7168,7168,64x64x32_w4_v1,SKIP,opt only LUT path
INT4,LUT,U(-1,1),2048,7168,7168,64x128x32_w4_v1,SKIP,BN/WARPS != 16
INT4,BITSHIFT,U(-1,1),2048,7168,7168,64x128x32_w4_v1,SKIP,BN/WARPS != 16
INT4,LUT,U(-1,1),2048,7168,7168,128x64x32_w4_v2,OK,ms=11.123,tflops=18.92,gbps=13.2,maxabs=0.000e+00,p99=0.000e+00,rel=0.000e+00
INT4,BITSHIFT,U(-1,1),2048,7168,7168,128x64x32_w4_v2,SKIP,opt only LUT path
INT4,LUT,U(-1,1),2048,7168,7168,128x128x32_w4_v2,SKIP,BN/WARPS != 16
INT4,BITSHIFT,U(-1,1),2048,7168,7168,128x128x32_w4_v2,SKIP,BN/WARPS != 16
INT4,LUT,U(-1,1),2048,7168,7168,128x256x32_w4_v2,SKIP,BN/WARPS != 16
INT4,BITSHIFT,U(-1,1),2048,7168,7168,128x256x32_w4_v2,SKIP,BN/WARPS != 16
INT4,LUT,U(-1,1),2048,7168,7168,128x256x32_w8_v2,SKIP,BN/WARPS != 16
INT4,BITSHIFT,U(-1,1),2048,7168,7168,128x256x32_w8_v2,SKIP,BN/WARPS != 16
INT4,LUT,U(-1,1),2048,7168,7168,64x64x32_w4_v2,OK,ms=14.371,tflops=14.64,gbps=10.2,maxabs=0.000e+00,p99=0.000e+00,rel=0.000e+00
INT4,BITSHIFT,U(-1,1),2048,7168,7168,64x64x32_w4_v2,SKIP,opt only LUT path
INT4,LUT,U(-1,1),2048,7168,7168,64x128x32_w4_v2,SKIP,BN/WARPS != 16
INT4,BITSHIFT,U(-1,1),2048,7168,7168,64x128x32_w4_v2,SKIP,BN/WARPS != 16
INT4,LUT,U(-1,1),2048,7168,7168,128x64x32_w4_v3,OK,ms=12.655,tflops=16.63,gbps=11.6,maxabs=0.000e+00,p99=0.000e+00,rel=0.000e+00
INT4,BITSHIFT,U(-1,1),2048,7168,7168,128x64x32_w4_v3,SKIP,opt only LUT path
INT4,LUT,U(-1,1),2048,7168,7168,128x128x32_w4_v3,SKIP,BN/WARPS != 16
INT4,BITSHIFT,U(-1,1),2048,7168,7168,128x128x32_w4_v3,SKIP,BN/WARPS != 16
INT4,LUT,U(-1,1),2048,7168,7168,128x256x32_w8_v3,SKIP,BN/WARPS != 16
INT4,BITSHIFT,U(-1,1),2048,7168,7168,128x256x32_w8_v3,SKIP,BN/WARPS != 16
INT4,LUT,U(-1,1),2048,7168,7168,64x64x32_w4_v3,OK,ms=11.815,tflops=17.81,gbps=12.4,maxabs=0.000e+00,p99=0.000e+00,rel=0.000e+00
INT4,BITSHIFT,U(-1,1),2048,7168,7168,64x64x32_w4_v3,SKIP,opt only LUT path
INT4,LUT,U(-1,1),2048,7168,7168,64x128x32_w4_v3,SKIP,BN/WARPS != 16
INT4,BITSHIFT,U(-1,1),2048,7168,7168,64x128x32_w4_v3,SKIP,BN/WARPS != 16
MXFP4,LUT,U(-1,1),1,4096,4096,16x64x32_w4,OK,ms=0.644,tflops=0.05,gbps=13.9,maxabs=1.194e-02,p99=9.323e-03,rel=1.840e-04
MXFP4,BITSHIFT,U(-1,1),1,4096,4096,16x64x32_w4,OK,ms=0.733,tflops=0.05,gbps=12.2,maxabs=1.194e-02,p99=9.315e-03,rel=1.840e-04
MXFP4,LUT,U(-1,1),1,4096,4096,16x128x32_w8,OK,ms=0.730,tflops=0.05,gbps=12.3,maxabs=1.194e-02,p99=9.323e-03,rel=1.840e-04
MXFP4,BITSHIFT,U(-1,1),1,4096,4096,16x128x32_w8,OK,ms=0.870,tflops=0.04,gbps=10.3,maxabs=1.194e-02,p99=9.315e-03,rel=1.840e-04
MXFP4,LUT,U(-1,1),1,4096,4096,16x128x32_w4f2,SKIP,BN/WARPS != 16
MXFP4,BITSHIFT,U(-1,1),1,4096,4096,16x128x32_w4f2,SKIP,BN/WARPS != 16
MXFP4,LUT,U(-1,1),1,4096,4096,16x256x32_w4f4,SKIP,BN/WARPS != 16
MXFP4,BITSHIFT,U(-1,1),1,4096,4096,16x256x32_w4f4,SKIP,BN/WARPS != 16
MXFP4,LUT,U(-1,1),1,4096,4096,128x64x32_w4_v1,SKIP,no template
MXFP4,BITSHIFT,U(-1,1),1,4096,4096,128x64x32_w4_v1,SKIP,opt only LUT path
MXFP4,LUT,U(-1,1),1,4096,4096,128x128x32_w4_v1,SKIP,BN/WARPS != 16
MXFP4,BITSHIFT,U(-1,1),1,4096,4096,128x128x32_w4_v1,SKIP,BN/WARPS != 16
MXFP4,LUT,U(-1,1),1,4096,4096,128x256x32_w4_v1,SKIP,BN/WARPS != 16
MXFP4,BITSHIFT,U(-1,1),1,4096,4096,128x256x32_w4_v1,SKIP,BN/WARPS != 16
MXFP4,LUT,U(-1,1),1,4096,4096,128x256x32_w8_v1,SKIP,BN/WARPS != 16
MXFP4,BITSHIFT,U(-1,1),1,4096,4096,128x256x32_w8_v1,SKIP,BN/WARPS != 16
MXFP4,LUT,U(-1,1),1,4096,4096,64x64x32_w4_v1,SKIP,no template
MXFP4,BITSHIFT,U(-1,1),1,4096,4096,64x64x32_w4_v1,SKIP,opt only LUT path
MXFP4,LUT,U(-1,1),1,4096,4096,64x128x32_w4_v1,SKIP,BN/WARPS != 16
MXFP4,BITSHIFT,U(-1,1),1,4096,4096,64x128x32_w4_v1,SKIP,BN/WARPS != 16
MXFP4,LUT,U(-1,1),1,4096,4096,128x64x32_w4_v2,OK,ms=0.592,tflops=0.06,gbps=15.1,maxabs=1.194e-02,p99=9.323e-03,rel=1.840e-04
MXFP4,BITSHIFT,U(-1,1),1,4096,4096,128x64x32_w4_v2,SKIP,opt only LUT path
MXFP4,LUT,U(-1,1),1,4096,4096,128x128x32_w4_v2,SKIP,BN/WARPS != 16
MXFP4,BITSHIFT,U(-1,1),1,4096,4096,128x128x32_w4_v2,SKIP,BN/WARPS != 16
MXFP4,LUT,U(-1,1),1,4096,4096,128x256x32_w4_v2,SKIP,BN/WARPS != 16
MXFP4,BITSHIFT,U(-1,1),1,4096,4096,128x256x32_w4_v2,SKIP,BN/WARPS != 16
MXFP4,LUT,U(-1,1),1,4096,4096,128x256x32_w8_v2,SKIP,BN/WARPS != 16
MXFP4,BITSHIFT,U(-1,1),1,4096,4096,128x256x32_w8_v2,SKIP,BN/WARPS != 16
MXFP4,LUT,U(-1,1),1,4096,4096,64x64x32_w4_v2,OK,ms=0.475,tflops=0.07,gbps=18.8,maxabs=1.194e-02,p99=9.323e-03,rel=1.840e-04
MXFP4,BITSHIFT,U(-1,1),1,4096,4096,64x64x32_w4_v2,SKIP,opt only LUT path
MXFP4,LUT,U(-1,1),1,4096,4096,64x128x32_w4_v2,SKIP,BN/WARPS != 16
MXFP4,BITSHIFT,U(-1,1),1,4096,4096,64x128x32_w4_v2,SKIP,BN/WARPS != 16
MXFP4,LUT,U(-1,1),1,4096,4096,128x64x32_w4_v3,OK,ms=0.382,tflops=0.09,gbps=23.4,maxabs=1.194e-02,p99=9.323e-03,rel=1.840e-04
MXFP4,BITSHIFT,U(-1,1),1,4096,4096,128x64x32_w4_v3,SKIP,opt only LUT path
MXFP4,LUT,U(-1,1),1,4096,4096,128x128x32_w4_v3,SKIP,BN/WARPS != 16
MXFP4,BITSHIFT,U(-1,1),1,4096,4096,128x128x32_w4_v3,SKIP,BN/WARPS != 16
MXFP4,LUT,U(-1,1),1,4096,4096,128x256x32_w8_v3,SKIP,BN/WARPS != 16
MXFP4,BITSHIFT,U(-1,1),1,4096,4096,128x256x32_w8_v3,SKIP,BN/WARPS != 16
MXFP4,LUT,U(-1,1),1,4096,4096,64x64x32_w4_v3,OK,ms=0.261,tflops=0.13,gbps=34.3,maxabs=1.194e-02,p99=9.323e-03,rel=1.840e-04
MXFP4,BITSHIFT,U(-1,1),1,4096,4096,64x64x32_w4_v3,SKIP,opt only LUT path
MXFP4,LUT,U(-1,1),1,4096,4096,64x128x32_w4_v3,SKIP,BN/WARPS != 16
MXFP4,BITSHIFT,U(-1,1),1,4096,4096,64x128x32_w4_v3,SKIP,BN/WARPS != 16
MXFP4,LUT,U(-1,1),16,4096,4096,16x64x32_w4,OK,ms=0.668,tflops=0.80,gbps=14.1,maxabs=4.578e-05,p99=1.907e-05,rel=2.004e-07
MXFP4,BITSHIFT,U(-1,1),16,4096,4096,16x64x32_w4,OK,ms=0.813,tflops=0.66,gbps=11.6,maxabs=3.815e-05,p99=1.144e-05,rel=1.425e-07
MXFP4,LUT,U(-1,1),16,4096,4096,16x128x32_w8,OK,ms=0.785,tflops=0.68,gbps=12.0,maxabs=4.578e-05,p99=1.907e-05,rel=2.004e-07
MXFP4,BITSHIFT,U(-1,1),16,4096,4096,16x128x32_w8,OK,ms=1.058,tflops=0.51,gbps=8.9,maxabs=3.815e-05,p99=1.144e-05,rel=1.425e-07
MXFP4,LUT,U(-1,1),16,4096,4096,16x128x32_w4f2,SKIP,BN/WARPS != 16
MXFP4,BITSHIFT,U(-1,1),16,4096,4096,16x128x32_w4f2,SKIP,BN/WARPS != 16
MXFP4,LUT,U(-1,1),16,4096,4096,16x256x32_w4f4,SKIP,BN/WARPS != 16
MXFP4,BITSHIFT,U(-1,1),16,4096,4096,16x256x32_w4f4,SKIP,BN/WARPS != 16
MXFP4,LUT,U(-1,1),16,4096,4096,128x64x32_w4_v1,SKIP,no template
MXFP4,BITSHIFT,U(-1,1),16,4096,4096,128x64x32_w4_v1,SKIP,opt only LUT path
MXFP4,LUT,U(-1,1),16,4096,4096,128x128x32_w4_v1,SKIP,BN/WARPS != 16
MXFP4,BITSHIFT,U(-1,1),16,4096,4096,128x128x32_w4_v1,SKIP,BN/WARPS != 16
MXFP4,LUT,U(-1,1),16,4096,4096,128x256x32_w4_v1,SKIP,BN/WARPS != 16
MXFP4,BITSHIFT,U(-1,1),16,4096,4096,128x256x32_w4_v1,SKIP,BN/WARPS != 16
MXFP4,LUT,U(-1,1),16,4096,4096,128x256x32_w8_v1,SKIP,BN/WARPS != 16
MXFP4,BITSHIFT,U(-1,1),16,4096,4096,128x256x32_w8_v1,SKIP,BN/WARPS != 16
MXFP4,LUT,U(-1,1),16,4096,4096,64x64x32_w4_v1,SKIP,no template
MXFP4,BITSHIFT,U(-1,1),16,4096,4096,64x64x32_w4_v1,SKIP,opt only LUT path
MXFP4,LUT,U(-1,1),16,4096,4096,64x128x32_w4_v1,SKIP,BN/WARPS != 16
MXFP4,BITSHIFT,U(-1,1),16,4096,4096,64x128x32_w4_v1,SKIP,BN/WARPS != 16
MXFP4,LUT,U(-1,1),16,4096,4096,128x64x32_w4_v2,OK,ms=0.614,tflops=0.87,gbps=15.4,maxabs=4.578e-05,p99=1.907e-05,rel=2.004e-07
MXFP4,BITSHIFT,U(-1,1),16,4096,4096,128x64x32_w4_v2,SKIP,opt only LUT path
MXFP4,LUT,U(-1,1),16,4096,4096,128x128x32_w4_v2,SKIP,BN/WARPS != 16
MXFP4,BITSHIFT,U(-1,1),16,4096,4096,128x128x32_w4_v2,SKIP,BN/WARPS != 16
MXFP4,LUT,U(-1,1),16,4096,4096,128x256x32_w4_v2,SKIP,BN/WARPS != 16
MXFP4,BITSHIFT,U(-1,1),16,4096,4096,128x256x32_w4_v2,SKIP,BN/WARPS != 16
MXFP4,LUT,U(-1,1),16,4096,4096,128x256x32_w8_v2,SKIP,BN/WARPS != 16
MXFP4,BITSHIFT,U(-1,1),16,4096,4096,128x256x32_w8_v2,SKIP,BN/WARPS != 16
MXFP4,LUT,U(-1,1),16,4096,4096,64x64x32_w4_v2,OK,ms=0.490,tflops=1.10,gbps=19.3,maxabs=4.578e-05,p99=1.907e-05,rel=2.004e-07
MXFP4,BITSHIFT,U(-1,1),16,4096,4096,64x64x32_w4_v2,SKIP,opt only LUT path
MXFP4,LUT,U(-1,1),16,4096,4096,64x128x32_w4_v2,SKIP,BN/WARPS != 16
MXFP4,BITSHIFT,U(-1,1),16,4096,4096,64x128x32_w4_v2,SKIP,BN/WARPS != 16
MXFP4,LUT,U(-1,1),16,4096,4096,128x64x32_w4_v3,OK,ms=0.408,tflops=1.31,gbps=23.1,maxabs=4.578e-05,p99=1.907e-05,rel=2.004e-07
MXFP4,BITSHIFT,U(-1,1),16,4096,4096,128x64x32_w4_v3,SKIP,opt only LUT path
MXFP4,LUT,U(-1,1),16,4096,4096,128x128x32_w4_v3,SKIP,BN/WARPS != 16
MXFP4,BITSHIFT,U(-1,1),16,4096,4096,128x128x32_w4_v3,SKIP,BN/WARPS != 16
MXFP4,LUT,U(-1,1),16,4096,4096,128x256x32_w8_v3,SKIP,BN/WARPS != 16
MXFP4,BITSHIFT,U(-1,1),16,4096,4096,128x256x32_w8_v3,SKIP,BN/WARPS != 16
MXFP4,LUT,U(-1,1),16,4096,4096,64x64x32_w4_v3,OK,ms=0.288,tflops=1.86,gbps=32.7,maxabs=4.578e-05,p99=1.907e-05,rel=2.004e-07
MXFP4,BITSHIFT,U(-1,1),16,4096,4096,64x64x32_w4_v3,SKIP,opt only LUT path
MXFP4,LUT,U(-1,1),16,4096,4096,64x128x32_w4_v3,SKIP,BN/WARPS != 16
MXFP4,BITSHIFT,U(-1,1),16,4096,4096,64x128x32_w4_v3,SKIP,BN/WARPS != 16
MXFP4,LUT,U(-1,1),64,4096,4096,16x64x32_w4,OK,ms=0.797,tflops=2.69,gbps=13.8,maxabs=9.155e-05,p99=1.907e-05,rel=2.030e-07
MXFP4,BITSHIFT,U(-1,1),64,4096,4096,16x64x32_w4,OK,ms=1.135,tflops=1.89,gbps=9.7,maxabs=5.341e-05,p99=1.144e-05,rel=1.456e-07
MXFP4,LUT,U(-1,1),64,4096,4096,16x128x32_w8,OK,ms=0.830,tflops=2.59,gbps=13.3,maxabs=9.155e-05,p99=1.907e-05,rel=2.030e-07
MXFP4,BITSHIFT,U(-1,1),64,4096,4096,16x128x32_w8,OK,ms=1.261,tflops=1.70,gbps=8.7,maxabs=5.341e-05,p99=1.144e-05,rel=1.456e-07
MXFP4,LUT,U(-1,1),64,4096,4096,16x128x32_w4f2,SKIP,BN/WARPS != 16
MXFP4,BITSHIFT,U(-1,1),64,4096,4096,16x128x32_w4f2,SKIP,BN/WARPS != 16
MXFP4,LUT,U(-1,1),64,4096,4096,16x256x32_w4f4,SKIP,BN/WARPS != 16
MXFP4,BITSHIFT,U(-1,1),64,4096,4096,16x256x32_w4f4,SKIP,BN/WARPS != 16
MXFP4,LUT,U(-1,1),64,4096,4096,128x64x32_w4_v1,SKIP,no template
MXFP4,BITSHIFT,U(-1,1),64,4096,4096,128x64x32_w4_v1,SKIP,opt only LUT path
MXFP4,LUT,U(-1,1),64,4096,4096,128x128x32_w4_v1,SKIP,BN/WARPS != 16
MXFP4,BITSHIFT,U(-1,1),64,4096,4096,128x128x32_w4_v1,SKIP,BN/WARPS != 16
MXFP4,LUT,U(-1,1),64,4096,4096,128x256x32_w4_v1,SKIP,BN/WARPS != 16
MXFP4,BITSHIFT,U(-1,1),64,4096,4096,128x256x32_w4_v1,SKIP,BN/WARPS != 16
MXFP4,LUT,U(-1,1),64,4096,4096,128x256x32_w8_v1,SKIP,BN/WARPS != 16
MXFP4,BITSHIFT,U(-1,1),64,4096,4096,128x256x32_w8_v1,SKIP,BN/WARPS != 16
MXFP4,LUT,U(-1,1),64,4096,4096,64x64x32_w4_v1,SKIP,no template
MXFP4,BITSHIFT,U(-1,1),64,4096,4096,64x64x32_w4_v1,SKIP,opt only LUT path
MXFP4,LUT,U(-1,1),64,4096,4096,64x128x32_w4_v1,SKIP,BN/WARPS != 16
MXFP4,BITSHIFT,U(-1,1),64,4096,4096,64x128x32_w4_v1,SKIP,BN/WARPS != 16
MXFP4,LUT,U(-1,1),64,4096,4096,128x64x32_w4_v2,OK,ms=0.637,tflops=3.37,gbps=17.3,maxabs=9.155e-05,p99=1.907e-05,rel=2.030e-07
MXFP4,BITSHIFT,U(-1,1),64,4096,4096,128x64x32_w4_v2,SKIP,opt only LUT path
MXFP4,LUT,U(-1,1),64,4096,4096,128x128x32_w4_v2,SKIP,BN/WARPS != 16
MXFP4,BITSHIFT,U(-1,1),64,4096,4096,128x128x32_w4_v2,SKIP,BN/WARPS != 16
MXFP4,LUT,U(-1,1),64,4096,4096,128x256x32_w4_v2,SKIP,BN/WARPS != 16
MXFP4,BITSHIFT,U(-1,1),64,4096,4096,128x256x32_w4_v2,SKIP,BN/WARPS != 16
MXFP4,LUT,U(-1,1),64,4096,4096,128x256x32_w8_v2,SKIP,BN/WARPS != 16
MXFP4,BITSHIFT,U(-1,1),64,4096,4096,128x256x32_w8_v2,SKIP,BN/WARPS != 16
MXFP4,LUT,U(-1,1),64,4096,4096,64x64x32_w4_v2,OK,ms=0.509,tflops=4.22,gbps=21.6,maxabs=9.155e-05,p99=1.907e-05,rel=2.030e-07
MXFP4,BITSHIFT,U(-1,1),64,4096,4096,64x64x32_w4_v2,SKIP,opt only LUT path
MXFP4,LUT,U(-1,1),64,4096,4096,64x128x32_w4_v2,SKIP,BN/WARPS != 16
MXFP4,BITSHIFT,U(-1,1),64,4096,4096,64x128x32_w4_v2,SKIP,BN/WARPS != 16
MXFP4,LUT,U(-1,1),64,4096,4096,128x64x32_w4_v3,OK,ms=0.429,tflops=5.00,gbps=25.6,maxabs=9.155e-05,p99=1.907e-05,rel=2.030e-07
MXFP4,BITSHIFT,U(-1,1),64,4096,4096,128x64x32_w4_v3,SKIP,opt only LUT path
MXFP4,LUT,U(-1,1),64,4096,4096,128x128x32_w4_v3,SKIP,BN/WARPS != 16
MXFP4,BITSHIFT,U(-1,1),64,4096,4096,128x128x32_w4_v3,SKIP,BN/WARPS != 16
MXFP4,LUT,U(-1,1),64,4096,4096,128x256x32_w8_v3,SKIP,BN/WARPS != 16
MXFP4,BITSHIFT,U(-1,1),64,4096,4096,128x256x32_w8_v3,SKIP,BN/WARPS != 16
MXFP4,LUT,U(-1,1),64,4096,4096,64x64x32_w4_v3,OK,ms=0.311,tflops=6.90,gbps=35.4,maxabs=9.155e-05,p99=1.907e-05,rel=2.030e-07
MXFP4,BITSHIFT,U(-1,1),64,4096,4096,64x64x32_w4_v3,SKIP,opt only LUT path
MXFP4,LUT,U(-1,1),64,4096,4096,64x128x32_w4_v3,SKIP,BN/WARPS != 16
MXFP4,BITSHIFT,U(-1,1),64,4096,4096,64x128x32_w4_v3,SKIP,BN/WARPS != 16
MXFP4,LUT,U(-1,1),128,4096,4096,16x64x32_w4,OK,ms=1.006,tflops=4.27,gbps=13.0,maxabs=8.392e-05,p99=1.526e-05,rel=1.796e-07
MXFP4,BITSHIFT,U(-1,1),128,4096,4096,16x64x32_w4,OK,ms=1.539,tflops=2.79,gbps=8.5,maxabs=4.578e-05,p99=1.335e-05,rel=1.733e-07
MXFP4,LUT,U(-1,1),128,4096,4096,16x128x32_w8,OK,ms=1.118,tflops=3.84,gbps=11.7,maxabs=8.392e-05,p99=1.526e-05,rel=1.796e-07
MXFP4,BITSHIFT,U(-1,1),128,4096,4096,16x128x32_w8,OK,ms=1.826,tflops=2.35,gbps=7.2,maxabs=4.578e-05,p99=1.335e-05,rel=1.733e-07
MXFP4,LUT,U(-1,1),128,4096,4096,16x128x32_w4f2,SKIP,BN/WARPS != 16
MXFP4,BITSHIFT,U(-1,1),128,4096,4096,16x128x32_w4f2,SKIP,BN/WARPS != 16
MXFP4,LUT,U(-1,1),128,4096,4096,16x256x32_w4f4,SKIP,BN/WARPS != 16
MXFP4,BITSHIFT,U(-1,1),128,4096,4096,16x256x32_w4f4,SKIP,BN/WARPS != 16
MXFP4,LUT,U(-1,1),128,4096,4096,128x64x32_w4_v1,SKIP,no template
MXFP4,BITSHIFT,U(-1,1),128,4096,4096,128x64x32_w4_v1,SKIP,opt only LUT path
MXFP4,LUT,U(-1,1),128,4096,4096,128x128x32_w4_v1,SKIP,BN/WARPS != 16
MXFP4,BITSHIFT,U(-1,1),128,4096,4096,128x128x32_w4_v1,SKIP,BN/WARPS != 16
MXFP4,LUT,U(-1,1),128,4096,4096,128x256x32_w4_v1,SKIP,BN/WARPS != 16
MXFP4,BITSHIFT,U(-1,1),128,4096,4096,128x256x32_w4_v1,SKIP,BN/WARPS != 16
MXFP4,LUT,U(-1,1),128,4096,4096,128x256x32_w8_v1,SKIP,BN/WARPS != 16
MXFP4,BITSHIFT,U(-1,1),128,4096,4096,128x256x32_w8_v1,SKIP,BN/WARPS != 16
MXFP4,LUT,U(-1,1),128,4096,4096,64x64x32_w4_v1,SKIP,no template
MXFP4,BITSHIFT,U(-1,1),128,4096,4096,64x64x32_w4_v1,SKIP,opt only LUT path
MXFP4,LUT,U(-1,1),128,4096,4096,64x128x32_w4_v1,SKIP,BN/WARPS != 16
MXFP4,BITSHIFT,U(-1,1),128,4096,4096,64x128x32_w4_v1,SKIP,BN/WARPS != 16
MXFP4,LUT,U(-1,1),128,4096,4096,128x64x32_w4_v2,OK,ms=0.690,tflops=6.22,gbps=19.0,maxabs=8.392e-05,p99=1.526e-05,rel=1.796e-07
MXFP4,BITSHIFT,U(-1,1),128,4096,4096,128x64x32_w4_v2,SKIP,opt only LUT path
MXFP4,LUT,U(-1,1),128,4096,4096,128x128x32_w4_v2,SKIP,BN/WARPS != 16
MXFP4,BITSHIFT,U(-1,1),128,4096,4096,128x128x32_w4_v2,SKIP,BN/WARPS != 16
MXFP4,LUT,U(-1,1),128,4096,4096,128x256x32_w4_v2,SKIP,BN/WARPS != 16
MXFP4,BITSHIFT,U(-1,1),128,4096,4096,128x256x32_w4_v2,SKIP,BN/WARPS != 16
MXFP4,LUT,U(-1,1),128,4096,4096,128x256x32_w8_v2,SKIP,BN/WARPS != 16
MXFP4,BITSHIFT,U(-1,1),128,4096,4096,128x256x32_w8_v2,SKIP,BN/WARPS != 16
MXFP4,LUT,U(-1,1),128,4096,4096,64x64x32_w4_v2,OK,ms=0.580,tflops=7.40,gbps=22.6,maxabs=8.392e-05,p99=1.526e-05,rel=1.796e-07
MXFP4,BITSHIFT,U(-1,1),128,4096,4096,64x64x32_w4_v2,SKIP,opt only LUT path
MXFP4,LUT,U(-1,1),128,4096,4096,64x128x32_w4_v2,SKIP,BN/WARPS != 16
MXFP4,BITSHIFT,U(-1,1),128,4096,4096,64x128x32_w4_v2,SKIP,BN/WARPS != 16
MXFP4,LUT,U(-1,1),128,4096,4096,128x64x32_w4_v3,OK,ms=0.489,tflops=8.78,gbps=26.8,maxabs=8.392e-05,p99=1.526e-05,rel=1.796e-07
MXFP4,BITSHIFT,U(-1,1),128,4096,4096,128x64x32_w4_v3,SKIP,opt only LUT path
MXFP4,LUT,U(-1,1),128,4096,4096,128x128x32_w4_v3,SKIP,BN/WARPS != 16
MXFP4,BITSHIFT,U(-1,1),128,4096,4096,128x128x32_w4_v3,SKIP,BN/WARPS != 16
MXFP4,LUT,U(-1,1),128,4096,4096,128x256x32_w8_v3,SKIP,BN/WARPS != 16
MXFP4,BITSHIFT,U(-1,1),128,4096,4096,128x256x32_w8_v3,SKIP,BN/WARPS != 16
MXFP4,LUT,U(-1,1),128,4096,4096,64x64x32_w4_v3,OK,ms=0.372,tflops=11.54,gbps=35.2,maxabs=8.392e-05,p99=1.526e-05,rel=1.796e-07
MXFP4,BITSHIFT,U(-1,1),128,4096,4096,64x64x32_w4_v3,SKIP,opt only LUT path
MXFP4,LUT,U(-1,1),128,4096,4096,64x128x32_w4_v3,SKIP,BN/WARPS != 16
MXFP4,BITSHIFT,U(-1,1),128,4096,4096,64x128x32_w4_v3,SKIP,BN/WARPS != 16
MXFP4,LUT,U(-1,1),256,4096,4096,16x64x32_w4,OK,ms=2.138,tflops=4.02,gbps=8.1,maxabs=9.155e-05,p99=1.717e-05,rel=1.988e-07
MXFP4,BITSHIFT,U(-1,1),256,4096,4096,16x64x32_w4,OK,ms=3.378,tflops=2.54,gbps=5.1,maxabs=5.341e-05,p99=1.144e-05,rel=1.500e-07
MXFP4,LUT,U(-1,1),256,4096,4096,16x128x32_w8,OK,ms=2.245,tflops=3.83,gbps=7.7,maxabs=9.155e-05,p99=1.717e-05,rel=1.988e-07
MXFP4,BITSHIFT,U(-1,1),256,4096,4096,16x128x32_w8,OK,ms=3.661,tflops=2.35,gbps=4.7,maxabs=5.341e-05,p99=1.144e-05,rel=1.500e-07
MXFP4,LUT,U(-1,1),256,4096,4096,16x128x32_w4f2,SKIP,BN/WARPS != 16
MXFP4,BITSHIFT,U(-1,1),256,4096,4096,16x128x32_w4f2,SKIP,BN/WARPS != 16
MXFP4,LUT,U(-1,1),256,4096,4096,16x256x32_w4f4,SKIP,BN/WARPS != 16
MXFP4,BITSHIFT,U(-1,1),256,4096,4096,16x256x32_w4f4,SKIP,BN/WARPS != 16
MXFP4,LUT,U(-1,1),256,4096,4096,128x64x32_w4_v1,SKIP,no template
MXFP4,BITSHIFT,U(-1,1),256,4096,4096,128x64x32_w4_v1,SKIP,opt only LUT path
MXFP4,LUT,U(-1,1),256,4096,4096,128x128x32_w4_v1,SKIP,BN/WARPS != 16
MXFP4,BITSHIFT,U(-1,1),256,4096,4096,128x128x32_w4_v1,SKIP,BN/WARPS != 16
MXFP4,LUT,U(-1,1),256,4096,4096,128x256x32_w4_v1,SKIP,BN/WARPS != 16
MXFP4,BITSHIFT,U(-1,1),256,4096,4096,128x256x32_w4_v1,SKIP,BN/WARPS != 16
MXFP4,LUT,U(-1,1),256,4096,4096,128x256x32_w8_v1,SKIP,BN/WARPS != 16
MXFP4,BITSHIFT,U(-1,1),256,4096,4096,128x256x32_w8_v1,SKIP,BN/WARPS != 16
MXFP4,LUT,U(-1,1),256,4096,4096,64x64x32_w4_v1,SKIP,no template
MXFP4,BITSHIFT,U(-1,1),256,4096,4096,64x64x32_w4_v1,SKIP,opt only LUT path
MXFP4,LUT,U(-1,1),256,4096,4096,64x128x32_w4_v1,SKIP,BN/WARPS != 16
MXFP4,BITSHIFT,U(-1,1),256,4096,4096,64x128x32_w4_v1,SKIP,BN/WARPS != 16
MXFP4,LUT,U(-1,1),256,4096,4096,128x64x32_w4_v2,OK,ms=0.835,tflops=10.29,gbps=20.7,maxabs=9.155e-05,p99=1.717e-05,rel=1.988e-07
MXFP4,BITSHIFT,U(-1,1),256,4096,4096,128x64x32_w4_v2,SKIP,opt only LUT path
MXFP4,LUT,U(-1,1),256,4096,4096,128x128x32_w4_v2,SKIP,BN/WARPS != 16
MXFP4,BITSHIFT,U(-1,1),256,4096,4096,128x128x32_w4_v2,SKIP,BN/WARPS != 16
MXFP4,LUT,U(-1,1),256,4096,4096,128x256x32_w4_v2,SKIP,BN/WARPS != 16
MXFP4,BITSHIFT,U(-1,1),256,4096,4096,128x256x32_w4_v2,SKIP,BN/WARPS != 16
MXFP4,LUT,U(-1,1),256,4096,4096,128x256x32_w8_v2,SKIP,BN/WARPS != 16
MXFP4,BITSHIFT,U(-1,1),256,4096,4096,128x256x32_w8_v2,SKIP,BN/WARPS != 16
MXFP4,LUT,U(-1,1),256,4096,4096,64x64x32_w4_v2,OK,ms=0.716,tflops=12.00,gbps=24.2,maxabs=9.155e-05,p99=1.717e-05,rel=1.988e-07
MXFP4,BITSHIFT,U(-1,1),256,4096,4096,64x64x32_w4_v2,SKIP,opt only LUT path
MXFP4,LUT,U(-1,1),256,4096,4096,64x128x32_w4_v2,SKIP,BN/WARPS != 16
MXFP4,BITSHIFT,U(-1,1),256,4096,4096,64x128x32_w4_v2,SKIP,BN/WARPS != 16
MXFP4,LUT,U(-1,1),256,4096,4096,128x64x32_w4_v3,OK,ms=0.619,tflops=13.87,gbps=27.9,maxabs=9.155e-05,p99=1.717e-05,rel=1.988e-07
MXFP4,BITSHIFT,U(-1,1),256,4096,4096,128x64x32_w4_v3,SKIP,opt only LUT path
MXFP4,LUT,U(-1,1),256,4096,4096,128x128x32_w4_v3,SKIP,BN/WARPS != 16
MXFP4,BITSHIFT,U(-1,1),256,4096,4096,128x128x32_w4_v3,SKIP,BN/WARPS != 16
MXFP4,LUT,U(-1,1),256,4096,4096,128x256x32_w8_v3,SKIP,BN/WARPS != 16
MXFP4,BITSHIFT,U(-1,1),256,4096,4096,128x256x32_w8_v3,SKIP,BN/WARPS != 16
MXFP4,LUT,U(-1,1),256,4096,4096,64x64x32_w4_v3,OK,ms=0.607,tflops=14.15,gbps=28.5,maxabs=9.155e-05,p99=1.717e-05,rel=1.988e-07
MXFP4,BITSHIFT,U(-1,1),256,4096,4096,64x64x32_w4_v3,SKIP,opt only LUT path
MXFP4,LUT,U(-1,1),256,4096,4096,64x128x32_w4_v3,SKIP,BN/WARPS != 16
MXFP4,BITSHIFT,U(-1,1),256,4096,4096,64x128x32_w4_v3,SKIP,BN/WARPS != 16
MXFP4,LUT,U(-1,1),512,4096,4096,16x64x32_w4,OK,ms=3.592,tflops=4.78,gbps=7.2,maxabs=8.392e-05,p99=1.526e-05,rel=1.786e-07
MXFP4,BITSHIFT,U(-1,1),512,4096,4096,16x64x32_w4,OK,ms=6.278,tflops=2.74,gbps=4.1,maxabs=6.104e-05,p99=1.335e-05,rel=1.722e-07
MXFP4,LUT,U(-1,1),512,4096,4096,16x128x32_w8,OK,ms=4.300,tflops=4.00,gbps=6.0,maxabs=8.392e-05,p99=1.526e-05,rel=1.786e-07
MXFP4,BITSHIFT,U(-1,1),512,4096,4096,16x128x32_w8,OK,ms=6.971,tflops=2.46,gbps=3.7,maxabs=6.104e-05,p99=1.335e-05,rel=1.722e-07
MXFP4,LUT,U(-1,1),512,4096,4096,16x128x32_w4f2,SKIP,BN/WARPS != 16
MXFP4,BITSHIFT,U(-1,1),512,4096,4096,16x128x32_w4f2,SKIP,BN/WARPS != 16
MXFP4,LUT,U(-1,1),512,4096,4096,16x256x32_w4f4,SKIP,BN/WARPS != 16
MXFP4,BITSHIFT,U(-1,1),512,4096,4096,16x256x32_w4f4,SKIP,BN/WARPS != 16
MXFP4,LUT,U(-1,1),512,4096,4096,128x64x32_w4_v1,SKIP,no template
MXFP4,BITSHIFT,U(-1,1),512,4096,4096,128x64x32_w4_v1,SKIP,opt only LUT path
MXFP4,LUT,U(-1,1),512,4096,4096,128x128x32_w4_v1,SKIP,BN/WARPS != 16
MXFP4,BITSHIFT,U(-1,1),512,4096,4096,128x128x32_w4_v1,SKIP,BN/WARPS != 16
MXFP4,LUT,U(-1,1),512,4096,4096,128x256x32_w4_v1,SKIP,BN/WARPS != 16
MXFP4,BITSHIFT,U(-1,1),512,4096,4096,128x256x32_w4_v1,SKIP,BN/WARPS != 16
MXFP4,LUT,U(-1,1),512,4096,4096,128x256x32_w8_v1,SKIP,BN/WARPS != 16
MXFP4,BITSHIFT,U(-1,1),512,4096,4096,128x256x32_w8_v1,SKIP,BN/WARPS != 16
MXFP4,LUT,U(-1,1),512,4096,4096,64x64x32_w4_v1,SKIP,no template
MXFP4,BITSHIFT,U(-1,1),512,4096,4096,64x64x32_w4_v1,SKIP,opt only LUT path
MXFP4,LUT,U(-1,1),512,4096,4096,64x128x32_w4_v1,SKIP,BN/WARPS != 16
MXFP4,BITSHIFT,U(-1,1),512,4096,4096,64x128x32_w4_v1,SKIP,BN/WARPS != 16
MXFP4,LUT,U(-1,1),512,4096,4096,128x64x32_w4_v2,OK,ms=1.081,tflops=15.90,gbps=23.8,maxabs=8.392e-05,p99=1.526e-05,rel=1.786e-07
MXFP4,BITSHIFT,U(-1,1),512,4096,4096,128x64x32_w4_v2,SKIP,opt only LUT path
MXFP4,LUT,U(-1,1),512,4096,4096,128x128x32_w4_v2,SKIP,BN/WARPS != 16
MXFP4,BITSHIFT,U(-1,1),512,4096,4096,128x128x32_w4_v2,SKIP,BN/WARPS != 16
MXFP4,LUT,U(-1,1),512,4096,4096,128x256x32_w4_v2,SKIP,BN/WARPS != 16
MXFP4,BITSHIFT,U(-1,1),512,4096,4096,128x256x32_w4_v2,SKIP,BN/WARPS != 16
MXFP4,LUT,U(-1,1),512,4096,4096,128x256x32_w8_v2,SKIP,BN/WARPS != 16
MXFP4,BITSHIFT,U(-1,1),512,4096,4096,128x256x32_w8_v2,SKIP,BN/WARPS != 16
MXFP4,LUT,U(-1,1),512,4096,4096,64x64x32_w4_v2,OK,ms=1.433,tflops=11.99,gbps=17.9,maxabs=8.392e-05,p99=1.526e-05,rel=1.786e-07
MXFP4,BITSHIFT,U(-1,1),512,4096,4096,64x64x32_w4_v2,SKIP,opt only LUT path
MXFP4,LUT,U(-1,1),512,4096,4096,64x128x32_w4_v2,SKIP,BN/WARPS != 16
MXFP4,BITSHIFT,U(-1,1),512,4096,4096,64x128x32_w4_v2,SKIP,BN/WARPS != 16
MXFP4,LUT,U(-1,1),512,4096,4096,128x64x32_w4_v3,OK,ms=1.562,tflops=11.00,gbps=16.4,maxabs=8.392e-05,p99=1.526e-05,rel=1.786e-07
MXFP4,BITSHIFT,U(-1,1),512,4096,4096,128x64x32_w4_v3,SKIP,opt only LUT path
MXFP4,LUT,U(-1,1),512,4096,4096,128x128x32_w4_v3,SKIP,BN/WARPS != 16
MXFP4,BITSHIFT,U(-1,1),512,4096,4096,128x128x32_w4_v3,SKIP,BN/WARPS != 16
MXFP4,LUT,U(-1,1),512,4096,4096,128x256x32_w8_v3,SKIP,BN/WARPS != 16
MXFP4,BITSHIFT,U(-1,1),512,4096,4096,128x256x32_w8_v3,SKIP,BN/WARPS != 16
MXFP4,LUT,U(-1,1),512,4096,4096,64x64x32_w4_v3,OK,ms=1.202,tflops=14.30,gbps=21.4,maxabs=8.392e-05,p99=1.526e-05,rel=1.786e-07
MXFP4,BITSHIFT,U(-1,1),512,4096,4096,64x64x32_w4_v3,SKIP,opt only LUT path
MXFP4,LUT,U(-1,1),512,4096,4096,64x128x32_w4_v3,SKIP,BN/WARPS != 16
MXFP4,BITSHIFT,U(-1,1),512,4096,4096,64x128x32_w4_v3,SKIP,BN/WARPS != 16
MXFP4,LUT,U(-1,1),1024,4096,4096,16x64x32_w4,OK,ms=7.191,tflops=4.78,gbps=5.9,maxabs=0.000e+00,p99=0.000e+00,rel=0.000e+00
MXFP4,BITSHIFT,U(-1,1),1024,4096,4096,16x64x32_w4,OK,ms=11.712,tflops=2.93,gbps=3.6,maxabs=1.526e-04,p99=2.289e-05,rel=2.490e-07
MXFP4,LUT,U(-1,1),1024,4096,4096,16x128x32_w8,OK,ms=7.897,tflops=4.35,gbps=5.4,maxabs=0.000e+00,p99=0.000e+00,rel=0.000e+00
MXFP4,BITSHIFT,U(-1,1),1024,4096,4096,16x128x32_w8,OK,ms=12.830,tflops=2.68,gbps=3.3,maxabs=1.526e-04,p99=2.289e-05,rel=2.490e-07
MXFP4,LUT,U(-1,1),1024,4096,4096,16x128x32_w4f2,SKIP,BN/WARPS != 16
MXFP4,BITSHIFT,U(-1,1),1024,4096,4096,16x128x32_w4f2,SKIP,BN/WARPS != 16
MXFP4,LUT,U(-1,1),1024,4096,4096,16x256x32_w4f4,SKIP,BN/WARPS != 16
MXFP4,BITSHIFT,U(-1,1),1024,4096,4096,16x256x32_w4f4,SKIP,BN/WARPS != 16
MXFP4,LUT,U(-1,1),1024,4096,4096,128x64x32_w4_v1,SKIP,no template
MXFP4,BITSHIFT,U(-1,1),1024,4096,4096,128x64x32_w4_v1,SKIP,opt only LUT path
MXFP4,LUT,U(-1,1),1024,4096,4096,128x128x32_w4_v1,SKIP,BN/WARPS != 16
MXFP4,BITSHIFT,U(-1,1),1024,4096,4096,128x128x32_w4_v1,SKIP,BN/WARPS != 16
MXFP4,LUT,U(-1,1),1024,4096,4096,128x256x32_w4_v1,SKIP,BN/WARPS != 16
MXFP4,BITSHIFT,U(-1,1),1024,4096,4096,128x256x32_w4_v1,SKIP,BN/WARPS != 16
MXFP4,LUT,U(-1,1),1024,4096,4096,128x256x32_w8_v1,SKIP,BN/WARPS != 16
MXFP4,BITSHIFT,U(-1,1),1024,4096,4096,128x256x32_w8_v1,SKIP,BN/WARPS != 16
MXFP4,LUT,U(-1,1),1024,4096,4096,64x64x32_w4_v1,SKIP,no template
MXFP4,BITSHIFT,U(-1,1),1024,4096,4096,64x64x32_w4_v1,SKIP,opt only LUT path
MXFP4,LUT,U(-1,1),1024,4096,4096,64x128x32_w4_v1,SKIP,BN/WARPS != 16
MXFP4,BITSHIFT,U(-1,1),1024,4096,4096,64x128x32_w4_v1,SKIP,BN/WARPS != 16
MXFP4,LUT,U(-1,1),1024,4096,4096,128x64x32_w4_v2,OK,ms=2.162,tflops=15.89,gbps=19.6,maxabs=0.000e+00,p99=0.000e+00,rel=0.000e+00
MXFP4,BITSHIFT,U(-1,1),1024,4096,4096,128x64x32_w4_v2,SKIP,opt only LUT path
MXFP4,LUT,U(-1,1),1024,4096,4096,128x128x32_w4_v2,SKIP,BN/WARPS != 16
MXFP4,BITSHIFT,U(-1,1),1024,4096,4096,128x128x32_w4_v2,SKIP,BN/WARPS != 16
MXFP4,LUT,U(-1,1),1024,4096,4096,128x256x32_w4_v2,SKIP,BN/WARPS != 16
MXFP4,BITSHIFT,U(-1,1),1024,4096,4096,128x256x32_w4_v2,SKIP,BN/WARPS != 16
MXFP4,LUT,U(-1,1),1024,4096,4096,128x256x32_w8_v2,SKIP,BN/WARPS != 16
MXFP4,BITSHIFT,U(-1,1),1024,4096,4096,128x256x32_w8_v2,SKIP,BN/WARPS != 16
MXFP4,LUT,U(-1,1),1024,4096,4096,64x64x32_w4_v2,OK,ms=2.468,tflops=13.92,gbps=17.2,maxabs=0.000e+00,p99=0.000e+00,rel=0.000e+00
MXFP4,BITSHIFT,U(-1,1),1024,4096,4096,64x64x32_w4_v2,SKIP,opt only LUT path
MXFP4,LUT,U(-1,1),1024,4096,4096,64x128x32_w4_v2,SKIP,BN/WARPS != 16
MXFP4,BITSHIFT,U(-1,1),1024,4096,4096,64x128x32_w4_v2,SKIP,BN/WARPS != 16
MXFP4,LUT,U(-1,1),1024,4096,4096,128x64x32_w4_v3,OK,ms=2.341,tflops=14.68,gbps=18.1,maxabs=0.000e+00,p99=0.000e+00,rel=0.000e+00
MXFP4,BITSHIFT,U(-1,1),1024,4096,4096,128x64x32_w4_v3,SKIP,opt only LUT path
MXFP4,LUT,U(-1,1),1024,4096,4096,128x128x32_w4_v3,SKIP,BN/WARPS != 16
MXFP4,BITSHIFT,U(-1,1),1024,4096,4096,128x128x32_w4_v3,SKIP,BN/WARPS != 16
MXFP4,LUT,U(-1,1),1024,4096,4096,128x256x32_w8_v3,SKIP,BN/WARPS != 16
MXFP4,BITSHIFT,U(-1,1),1024,4096,4096,128x256x32_w8_v3,SKIP,BN/WARPS != 16
MXFP4,LUT,U(-1,1),1024,4096,4096,64x64x32_w4_v3,OK,ms=2.225,tflops=15.45,gbps=19.1,maxabs=0.000e+00,p99=0.000e+00,rel=0.000e+00
MXFP4,BITSHIFT,U(-1,1),1024,4096,4096,64x64x32_w4_v3,SKIP,opt only LUT path
MXFP4,LUT,U(-1,1),1024,4096,4096,64x128x32_w4_v3,SKIP,BN/WARPS != 16
MXFP4,BITSHIFT,U(-1,1),1024,4096,4096,64x128x32_w4_v3,SKIP,BN/WARPS != 16
MXFP4,LUT,U(-1,1),2048,4096,4096,16x64x32_w4,OK,ms=14.119,tflops=4.87,gbps=5.4,maxabs=0.000e+00,p99=0.000e+00,rel=0.000e+00
MXFP4,BITSHIFT,U(-1,1),2048,4096,4096,16x64x32_w4,OK,ms=22.103,tflops=3.11,gbps=3.4,maxabs=1.526e-04,p99=2.289e-05,rel=2.498e-07
MXFP4,LUT,U(-1,1),2048,4096,4096,16x128x32_w8,OK,ms=14.839,tflops=4.63,gbps=5.1,maxabs=0.000e+00,p99=0.000e+00,rel=0.000e+00
MXFP4,BITSHIFT,U(-1,1),2048,4096,4096,16x128x32_w8,OK,ms=23.965,tflops=2.87,gbps=3.2,maxabs=1.526e-04,p99=2.289e-05,rel=2.498e-07
MXFP4,LUT,U(-1,1),2048,4096,4096,16x128x32_w4f2,SKIP,BN/WARPS != 16
MXFP4,BITSHIFT,U(-1,1),2048,4096,4096,16x128x32_w4f2,SKIP,BN/WARPS != 16
MXFP4,LUT,U(-1,1),2048,4096,4096,16x256x32_w4f4,SKIP,BN/WARPS != 16
MXFP4,BITSHIFT,U(-1,1),2048,4096,4096,16x256x32_w4f4,SKIP,BN/WARPS != 16
MXFP4,LUT,U(-1,1),2048,4096,4096,128x64x32_w4_v1,SKIP,no template
MXFP4,BITSHIFT,U(-1,1),2048,4096,4096,128x64x32_w4_v1,SKIP,opt only LUT path
MXFP4,LUT,U(-1,1),2048,4096,4096,128x128x32_w4_v1,SKIP,BN/WARPS != 16
MXFP4,BITSHIFT,U(-1,1),2048,4096,4096,128x128x32_w4_v1,SKIP,BN/WARPS != 16
MXFP4,LUT,U(-1,1),2048,4096,4096,128x256x32_w4_v1,SKIP,BN/WARPS != 16
MXFP4,BITSHIFT,U(-1,1),2048,4096,4096,128x256x32_w4_v1,SKIP,BN/WARPS != 16
MXFP4,LUT,U(-1,1),2048,4096,4096,128x256x32_w8_v1,SKIP,BN/WARPS != 16
MXFP4,BITSHIFT,U(-1,1),2048,4096,4096,128x256x32_w8_v1,SKIP,BN/WARPS != 16
MXFP4,LUT,U(-1,1),2048,4096,4096,64x64x32_w4_v1,SKIP,no template
MXFP4,BITSHIFT,U(-1,1),2048,4096,4096,64x64x32_w4_v1,SKIP,opt only LUT path
MXFP4,LUT,U(-1,1),2048,4096,4096,64x128x32_w4_v1,SKIP,BN/WARPS != 16
MXFP4,BITSHIFT,U(-1,1),2048,4096,4096,64x128x32_w4_v1,SKIP,BN/WARPS != 16
MXFP4,LUT,U(-1,1),2048,4096,4096,128x64x32_w4_v2,OK,ms=4.335,tflops=15.85,gbps=17.5,maxabs=0.000e+00,p99=0.000e+00,rel=0.000e+00
MXFP4,BITSHIFT,U(-1,1),2048,4096,4096,128x64x32_w4_v2,SKIP,opt only LUT path
MXFP4,LUT,U(-1,1),2048,4096,4096,128x128x32_w4_v2,SKIP,BN/WARPS != 16
MXFP4,BITSHIFT,U(-1,1),2048,4096,4096,128x128x32_w4_v2,SKIP,BN/WARPS != 16
MXFP4,LUT,U(-1,1),2048,4096,4096,128x256x32_w4_v2,SKIP,BN/WARPS != 16
MXFP4,BITSHIFT,U(-1,1),2048,4096,4096,128x256x32_w4_v2,SKIP,BN/WARPS != 16
MXFP4,LUT,U(-1,1),2048,4096,4096,128x256x32_w8_v2,SKIP,BN/WARPS != 16
MXFP4,BITSHIFT,U(-1,1),2048,4096,4096,128x256x32_w8_v2,SKIP,BN/WARPS != 16
MXFP4,LUT,U(-1,1),2048,4096,4096,64x64x32_w4_v2,OK,ms=4.733,tflops=14.52,gbps=16.1,maxabs=0.000e+00,p99=0.000e+00,rel=0.000e+00
MXFP4,BITSHIFT,U(-1,1),2048,4096,4096,64x64x32_w4_v2,SKIP,opt only LUT path
MXFP4,LUT,U(-1,1),2048,4096,4096,64x128x32_w4_v2,SKIP,BN/WARPS != 16
MXFP4,BITSHIFT,U(-1,1),2048,4096,4096,64x128x32_w4_v2,SKIP,BN/WARPS != 16
MXFP4,LUT,U(-1,1),2048,4096,4096,128x64x32_w4_v3,OK,ms=3.892,tflops=17.66,gbps=19.5,maxabs=0.000e+00,p99=0.000e+00,rel=0.000e+00
MXFP4,BITSHIFT,U(-1,1),2048,4096,4096,128x64x32_w4_v3,SKIP,opt only LUT path
MXFP4,LUT,U(-1,1),2048,4096,4096,128x128x32_w4_v3,SKIP,BN/WARPS != 16
MXFP4,BITSHIFT,U(-1,1),2048,4096,4096,128x128x32_w4_v3,SKIP,BN/WARPS != 16
MXFP4,LUT,U(-1,1),2048,4096,4096,128x256x32_w8_v3,SKIP,BN/WARPS != 16
MXFP4,BITSHIFT,U(-1,1),2048,4096,4096,128x256x32_w8_v3,SKIP,BN/WARPS != 16
MXFP4,LUT,U(-1,1),2048,4096,4096,64x64x32_w4_v3,OK,ms=4.066,tflops=16.90,gbps=18.7,maxabs=0.000e+00,p99=0.000e+00,rel=0.000e+00
MXFP4,BITSHIFT,U(-1,1),2048,4096,4096,64x64x32_w4_v3,SKIP,opt only LUT path
MXFP4,LUT,U(-1,1),2048,4096,4096,64x128x32_w4_v3,SKIP,BN/WARPS != 16
MXFP4,BITSHIFT,U(-1,1),2048,4096,4096,64x128x32_w4_v3,SKIP,BN/WARPS != 16
MXFP4,LUT,U(-1,1),1,7168,7168,16x64x32_w4,OK,ms=1.377,tflops=0.07,gbps=19.9,maxabs=1.681e-02,p99=1.249e-02,rel=1.828e-04
MXFP4,BITSHIFT,U(-1,1),1,7168,7168,16x64x32_w4,OK,ms=1.580,tflops=0.07,gbps=17.3,maxabs=1.681e-02,p99=1.248e-02,rel=1.828e-04
MXFP4,LUT,U(-1,1),1,7168,7168,16x128x32_w8,OK,ms=1.392,tflops=0.07,gbps=19.7,maxabs=1.681e-02,p99=1.249e-02,rel=1.828e-04
MXFP4,BITSHIFT,U(-1,1),1,7168,7168,16x128x32_w8,OK,ms=1.621,tflops=0.06,gbps=16.9,maxabs=1.681e-02,p99=1.248e-02,rel=1.828e-04
MXFP4,LUT,U(-1,1),1,7168,7168,16x128x32_w4f2,SKIP,BN/WARPS != 16
MXFP4,BITSHIFT,U(-1,1),1,7168,7168,16x128x32_w4f2,SKIP,BN/WARPS != 16
MXFP4,LUT,U(-1,1),1,7168,7168,16x256x32_w4f4,SKIP,BN/WARPS != 16
MXFP4,BITSHIFT,U(-1,1),1,7168,7168,16x256x32_w4f4,SKIP,BN/WARPS != 16
MXFP4,LUT,U(-1,1),1,7168,7168,128x64x32_w4_v1,SKIP,no template
MXFP4,BITSHIFT,U(-1,1),1,7168,7168,128x64x32_w4_v1,SKIP,opt only LUT path
MXFP4,LUT,U(-1,1),1,7168,7168,128x128x32_w4_v1,SKIP,BN/WARPS != 16
MXFP4,BITSHIFT,U(-1,1),1,7168,7168,128x128x32_w4_v1,SKIP,BN/WARPS != 16
MXFP4,LUT,U(-1,1),1,7168,7168,128x256x32_w4_v1,SKIP,BN/WARPS != 16
MXFP4,BITSHIFT,U(-1,1),1,7168,7168,128x256x32_w4_v1,SKIP,BN/WARPS != 16
MXFP4,LUT,U(-1,1),1,7168,7168,128x256x32_w8_v1,SKIP,BN/WARPS != 16
MXFP4,BITSHIFT,U(-1,1),1,7168,7168,128x256x32_w8_v1,SKIP,BN/WARPS != 16
MXFP4,LUT,U(-1,1),1,7168,7168,64x64x32_w4_v1,SKIP,no template
MXFP4,BITSHIFT,U(-1,1),1,7168,7168,64x64x32_w4_v1,SKIP,opt only LUT path
MXFP4,LUT,U(-1,1),1,7168,7168,64x128x32_w4_v1,SKIP,BN/WARPS != 16
MXFP4,BITSHIFT,U(-1,1),1,7168,7168,64x128x32_w4_v1,SKIP,BN/WARPS != 16
MXFP4,LUT,U(-1,1),1,7168,7168,128x64x32_w4_v2,OK,ms=1.435,tflops=0.07,gbps=19.1,maxabs=1.681e-02,p99=1.249e-02,rel=1.828e-04
MXFP4,BITSHIFT,U(-1,1),1,7168,7168,128x64x32_w4_v2,SKIP,opt only LUT path
MXFP4,LUT,U(-1,1),1,7168,7168,128x128x32_w4_v2,SKIP,BN/WARPS != 16
MXFP4,BITSHIFT,U(-1,1),1,7168,7168,128x128x32_w4_v2,SKIP,BN/WARPS != 16
MXFP4,LUT,U(-1,1),1,7168,7168,128x256x32_w4_v2,SKIP,BN/WARPS != 16
MXFP4,BITSHIFT,U(-1,1),1,7168,7168,128x256x32_w4_v2,SKIP,BN/WARPS != 16
MXFP4,LUT,U(-1,1),1,7168,7168,128x256x32_w8_v2,SKIP,BN/WARPS != 16
MXFP4,BITSHIFT,U(-1,1),1,7168,7168,128x256x32_w8_v2,SKIP,BN/WARPS != 16
MXFP4,LUT,U(-1,1),1,7168,7168,64x64x32_w4_v2,OK,ms=1.020,tflops=0.10,gbps=26.8,maxabs=1.681e-02,p99=1.249e-02,rel=1.828e-04
MXFP4,BITSHIFT,U(-1,1),1,7168,7168,64x64x32_w4_v2,SKIP,opt only LUT path
MXFP4,LUT,U(-1,1),1,7168,7168,64x128x32_w4_v2,SKIP,BN/WARPS != 16
MXFP4,BITSHIFT,U(-1,1),1,7168,7168,64x128x32_w4_v2,SKIP,BN/WARPS != 16
MXFP4,LUT,U(-1,1),1,7168,7168,128x64x32_w4_v3,OK,ms=0.993,tflops=0.10,gbps=27.5,maxabs=1.681e-02,p99=1.249e-02,rel=1.828e-04
MXFP4,BITSHIFT,U(-1,1),1,7168,7168,128x64x32_w4_v3,SKIP,opt only LUT path
MXFP4,LUT,U(-1,1),1,7168,7168,128x128x32_w4_v3,SKIP,BN/WARPS != 16
MXFP4,BITSHIFT,U(-1,1),1,7168,7168,128x128x32_w4_v3,SKIP,BN/WARPS != 16
MXFP4,LUT,U(-1,1),1,7168,7168,128x256x32_w8_v3,SKIP,BN/WARPS != 16
MXFP4,BITSHIFT,U(-1,1),1,7168,7168,128x256x32_w8_v3,SKIP,BN/WARPS != 16
MXFP4,LUT,U(-1,1),1,7168,7168,64x64x32_w4_v3,OK,ms=0.614,tflops=0.17,gbps=44.6,maxabs=1.681e-02,p99=1.249e-02,rel=1.828e-04
MXFP4,BITSHIFT,U(-1,1),1,7168,7168,64x64x32_w4_v3,SKIP,opt only LUT path
MXFP4,LUT,U(-1,1),1,7168,7168,64x128x32_w4_v3,SKIP,BN/WARPS != 16
MXFP4,BITSHIFT,U(-1,1),1,7168,7168,64x128x32_w4_v3,SKIP,BN/WARPS != 16
MXFP4,LUT,U(-1,1),16,7168,7168,16x64x32_w4,OK,ms=1.426,tflops=1.15,gbps=19.8,maxabs=1.144e-04,p99=3.052e-05,rel=2.870e-07
MXFP4,BITSHIFT,U(-1,1),16,7168,7168,16x64x32_w4,OK,ms=1.739,tflops=0.95,gbps=16.2,maxabs=7.629e-05,p99=2.289e-05,rel=2.063e-07
MXFP4,LUT,U(-1,1),16,7168,7168,16x128x32_w8,OK,ms=1.488,tflops=1.10,gbps=19.0,maxabs=1.144e-04,p99=3.052e-05,rel=2.870e-07
MXFP4,BITSHIFT,U(-1,1),16,7168,7168,16x128x32_w8,OK,ms=1.813,tflops=0.91,gbps=15.6,maxabs=7.629e-05,p99=2.289e-05,rel=2.063e-07
MXFP4,LUT,U(-1,1),16,7168,7168,16x128x32_w4f2,SKIP,BN/WARPS != 16
MXFP4,BITSHIFT,U(-1,1),16,7168,7168,16x128x32_w4f2,SKIP,BN/WARPS != 16
MXFP4,LUT,U(-1,1),16,7168,7168,16x256x32_w4f4,SKIP,BN/WARPS != 16
MXFP4,BITSHIFT,U(-1,1),16,7168,7168,16x256x32_w4f4,SKIP,BN/WARPS != 16
MXFP4,LUT,U(-1,1),16,7168,7168,128x64x32_w4_v1,SKIP,no template
MXFP4,BITSHIFT,U(-1,1),16,7168,7168,128x64x32_w4_v1,SKIP,opt only LUT path
MXFP4,LUT,U(-1,1),16,7168,7168,128x128x32_w4_v1,SKIP,BN/WARPS != 16
MXFP4,BITSHIFT,U(-1,1),16,7168,7168,128x128x32_w4_v1,SKIP,BN/WARPS != 16
MXFP4,LUT,U(-1,1),16,7168,7168,128x256x32_w4_v1,SKIP,BN/WARPS != 16
MXFP4,BITSHIFT,U(-1,1),16,7168,7168,128x256x32_w4_v1,SKIP,BN/WARPS != 16
MXFP4,LUT,U(-1,1),16,7168,7168,128x256x32_w8_v1,SKIP,BN/WARPS != 16
MXFP4,BITSHIFT,U(-1,1),16,7168,7168,128x256x32_w8_v1,SKIP,BN/WARPS != 16
MXFP4,LUT,U(-1,1),16,7168,7168,64x64x32_w4_v1,SKIP,no template
MXFP4,BITSHIFT,U(-1,1),16,7168,7168,64x64x32_w4_v1,SKIP,opt only LUT path
MXFP4,LUT,U(-1,1),16,7168,7168,64x128x32_w4_v1,SKIP,BN/WARPS != 16
MXFP4,BITSHIFT,U(-1,1),16,7168,7168,64x128x32_w4_v1,SKIP,BN/WARPS != 16
MXFP4,LUT,U(-1,1),16,7168,7168,128x64x32_w4_v2,OK,ms=1.473,tflops=1.12,gbps=19.2,maxabs=1.144e-04,p99=3.052e-05,rel=2.870e-07
MXFP4,BITSHIFT,U(-1,1),16,7168,7168,128x64x32_w4_v2,SKIP,opt only LUT path
MXFP4,LUT,U(-1,1),16,7168,7168,128x128x32_w4_v2,SKIP,BN/WARPS != 16
MXFP4,BITSHIFT,U(-1,1),16,7168,7168,128x128x32_w4_v2,SKIP,BN/WARPS != 16
MXFP4,LUT,U(-1,1),16,7168,7168,128x256x32_w4_v2,SKIP,BN/WARPS != 16
MXFP4,BITSHIFT,U(-1,1),16,7168,7168,128x256x32_w4_v2,SKIP,BN/WARPS != 16
MXFP4,LUT,U(-1,1),16,7168,7168,128x256x32_w8_v2,SKIP,BN/WARPS != 16
MXFP4,BITSHIFT,U(-1,1),16,7168,7168,128x256x32_w8_v2,SKIP,BN/WARPS != 16
MXFP4,LUT,U(-1,1),16,7168,7168,64x64x32_w4_v2,OK,ms=1.063,tflops=1.55,gbps=26.5,maxabs=1.144e-04,p99=3.052e-05,rel=2.870e-07
MXFP4,BITSHIFT,U(-1,1),16,7168,7168,64x64x32_w4_v2,SKIP,opt only LUT path
MXFP4,LUT,U(-1,1),16,7168,7168,64x128x32_w4_v2,SKIP,BN/WARPS != 16
MXFP4,BITSHIFT,U(-1,1),16,7168,7168,64x128x32_w4_v2,SKIP,BN/WARPS != 16
MXFP4,LUT,U(-1,1),16,7168,7168,128x64x32_w4_v3,OK,ms=1.026,tflops=1.60,gbps=27.5,maxabs=1.144e-04,p99=3.052e-05,rel=2.870e-07
MXFP4,BITSHIFT,U(-1,1),16,7168,7168,128x64x32_w4_v3,SKIP,opt only LUT path
MXFP4,LUT,U(-1,1),16,7168,7168,128x128x32_w4_v3,SKIP,BN/WARPS != 16
MXFP4,BITSHIFT,U(-1,1),16,7168,7168,128x128x32_w4_v3,SKIP,BN/WARPS != 16
MXFP4,LUT,U(-1,1),16,7168,7168,128x256x32_w8_v3,SKIP,BN/WARPS != 16
MXFP4,BITSHIFT,U(-1,1),16,7168,7168,128x256x32_w8_v3,SKIP,BN/WARPS != 16
MXFP4,LUT,U(-1,1),16,7168,7168,64x64x32_w4_v3,OK,ms=0.643,tflops=2.56,gbps=43.9,maxabs=1.144e-04,p99=3.052e-05,rel=2.870e-07
MXFP4,BITSHIFT,U(-1,1),16,7168,7168,64x64x32_w4_v3,SKIP,opt only LUT path
MXFP4,LUT,U(-1,1),16,7168,7168,64x128x32_w4_v3,SKIP,BN/WARPS != 16
MXFP4,BITSHIFT,U(-1,1),16,7168,7168,64x128x32_w4_v3,SKIP,BN/WARPS != 16
MXFP4,LUT,U(-1,1),64,7168,7168,16x64x32_w4,OK,ms=1.796,tflops=3.66,gbps=17.2,maxabs=1.297e-04,p99=3.052e-05,rel=2.799e-07
MXFP4,BITSHIFT,U(-1,1),64,7168,7168,16x64x32_w4,OK,ms=2.249,tflops=2.92,gbps=13.8,maxabs=9.155e-05,p99=2.289e-05,rel=2.216e-07
MXFP4,LUT,U(-1,1),64,7168,7168,16x128x32_w8,OK,ms=1.857,tflops=3.54,gbps=16.7,maxabs=1.297e-04,p99=3.052e-05,rel=2.799e-07
MXFP4,BITSHIFT,U(-1,1),64,7168,7168,16x128x32_w8,OK,ms=2.446,tflops=2.69,gbps=12.7,maxabs=9.155e-05,p99=2.289e-05,rel=2.216e-07
MXFP4,LUT,U(-1,1),64,7168,7168,16x128x32_w4f2,SKIP,BN/WARPS != 16
MXFP4,BITSHIFT,U(-1,1),64,7168,7168,16x128x32_w4f2,SKIP,BN/WARPS != 16
MXFP4,LUT,U(-1,1),64,7168,7168,16x256x32_w4f4,SKIP,BN/WARPS != 16
MXFP4,BITSHIFT,U(-1,1),64,7168,7168,16x256x32_w4f4,SKIP,BN/WARPS != 16
MXFP4,LUT,U(-1,1),64,7168,7168,128x64x32_w4_v1,SKIP,no template
MXFP4,BITSHIFT,U(-1,1),64,7168,7168,128x64x32_w4_v1,SKIP,opt only LUT path
MXFP4,LUT,U(-1,1),64,7168,7168,128x128x32_w4_v1,SKIP,BN/WARPS != 16
MXFP4,BITSHIFT,U(-1,1),64,7168,7168,128x128x32_w4_v1,SKIP,BN/WARPS != 16
MXFP4,LUT,U(-1,1),64,7168,7168,128x256x32_w4_v1,SKIP,BN/WARPS != 16
MXFP4,BITSHIFT,U(-1,1),64,7168,7168,128x256x32_w4_v1,SKIP,BN/WARPS != 16
MXFP4,LUT,U(-1,1),64,7168,7168,128x256x32_w8_v1,SKIP,BN/WARPS != 16
MXFP4,BITSHIFT,U(-1,1),64,7168,7168,128x256x32_w8_v1,SKIP,BN/WARPS != 16
MXFP4,LUT,U(-1,1),64,7168,7168,64x64x32_w4_v1,SKIP,no template
MXFP4,BITSHIFT,U(-1,1),64,7168,7168,64x64x32_w4_v1,SKIP,opt only LUT path
MXFP4,LUT,U(-1,1),64,7168,7168,64x128x32_w4_v1,SKIP,BN/WARPS != 16
MXFP4,BITSHIFT,U(-1,1),64,7168,7168,64x128x32_w4_v1,SKIP,BN/WARPS != 16
MXFP4,LUT,U(-1,1),64,7168,7168,128x64x32_w4_v2,OK,ms=1.533,tflops=4.29,gbps=20.2,maxabs=1.297e-04,p99=3.052e-05,rel=2.799e-07
MXFP4,BITSHIFT,U(-1,1),64,7168,7168,128x64x32_w4_v2,SKIP,opt only LUT path
MXFP4,LUT,U(-1,1),64,7168,7168,128x128x32_w4_v2,SKIP,BN/WARPS != 16
MXFP4,BITSHIFT,U(-1,1),64,7168,7168,128x128x32_w4_v2,SKIP,BN/WARPS != 16
MXFP4,LUT,U(-1,1),64,7168,7168,128x256x32_w4_v2,SKIP,BN/WARPS != 16
MXFP4,BITSHIFT,U(-1,1),64,7168,7168,128x256x32_w4_v2,SKIP,BN/WARPS != 16
MXFP4,LUT,U(-1,1),64,7168,7168,128x256x32_w8_v2,SKIP,BN/WARPS != 16
MXFP4,BITSHIFT,U(-1,1),64,7168,7168,128x256x32_w8_v2,SKIP,BN/WARPS != 16
MXFP4,LUT,U(-1,1),64,7168,7168,64x64x32_w4_v2,OK,ms=1.139,tflops=5.77,gbps=27.2,maxabs=1.297e-04,p99=3.052e-05,rel=2.799e-07
MXFP4,BITSHIFT,U(-1,1),64,7168,7168,64x64x32_w4_v2,SKIP,opt only LUT path
MXFP4,LUT,U(-1,1),64,7168,7168,64x128x32_w4_v2,SKIP,BN/WARPS != 16
MXFP4,BITSHIFT,U(-1,1),64,7168,7168,64x128x32_w4_v2,SKIP,BN/WARPS != 16
MXFP4,LUT,U(-1,1),64,7168,7168,128x64x32_w4_v3,OK,ms=1.060,tflops=6.21,gbps=29.2,maxabs=1.297e-04,p99=3.052e-05,rel=2.799e-07
MXFP4,BITSHIFT,U(-1,1),64,7168,7168,128x64x32_w4_v3,SKIP,opt only LUT path
MXFP4,LUT,U(-1,1),64,7168,7168,128x128x32_w4_v3,SKIP,BN/WARPS != 16
MXFP4,BITSHIFT,U(-1,1),64,7168,7168,128x128x32_w4_v3,SKIP,BN/WARPS != 16
MXFP4,LUT,U(-1,1),64,7168,7168,128x256x32_w8_v3,SKIP,BN/WARPS != 16
MXFP4,BITSHIFT,U(-1,1),64,7168,7168,128x256x32_w8_v3,SKIP,BN/WARPS != 16
MXFP4,LUT,U(-1,1),64,7168,7168,64x64x32_w4_v3,OK,ms=0.671,tflops=9.80,gbps=46.1,maxabs=1.297e-04,p99=3.052e-05,rel=2.799e-07
MXFP4,BITSHIFT,U(-1,1),64,7168,7168,64x64x32_w4_v3,SKIP,opt only LUT path
MXFP4,LUT,U(-1,1),64,7168,7168,64x128x32_w4_v3,SKIP,BN/WARPS != 16
MXFP4,BITSHIFT,U(-1,1),64,7168,7168,64x128x32_w4_v3,SKIP,BN/WARPS != 16
MXFP4,LUT,U(-1,1),128,7168,7168,16x64x32_w4,OK,ms=4.097,tflops=3.21,gbps=8.5,maxabs=1.297e-04,p99=3.052e-05,rel=2.800e-07
MXFP4,BITSHIFT,U(-1,1),128,7168,7168,16x64x32_w4,OK,ms=4.760,tflops=2.76,gbps=7.3,maxabs=9.155e-05,p99=2.289e-05,rel=2.218e-07
MXFP4,LUT,U(-1,1),128,7168,7168,16x128x32_w8,OK,ms=4.175,tflops=3.15,gbps=8.3,maxabs=1.297e-04,p99=3.052e-05,rel=2.800e-07
MXFP4,BITSHIFT,U(-1,1),128,7168,7168,16x128x32_w8,OK,ms=5.816,tflops=2.26,gbps=6.0,maxabs=9.155e-05,p99=2.289e-05,rel=2.218e-07
MXFP4,LUT,U(-1,1),128,7168,7168,16x128x32_w4f2,SKIP,BN/WARPS != 16
MXFP4,BITSHIFT,U(-1,1),128,7168,7168,16x128x32_w4f2,SKIP,BN/WARPS != 16
MXFP4,LUT,U(-1,1),128,7168,7168,16x256x32_w4f4,SKIP,BN/WARPS != 16
MXFP4,BITSHIFT,U(-1,1),128,7168,7168,16x256x32_w4f4,SKIP,BN/WARPS != 16
MXFP4,LUT,U(-1,1),128,7168,7168,128x64x32_w4_v1,SKIP,no template
MXFP4,BITSHIFT,U(-1,1),128,7168,7168,128x64x32_w4_v1,SKIP,opt only LUT path
MXFP4,LUT,U(-1,1),128,7168,7168,128x128x32_w4_v1,SKIP,BN/WARPS != 16
MXFP4,BITSHIFT,U(-1,1),128,7168,7168,128x128x32_w4_v1,SKIP,BN/WARPS != 16
MXFP4,LUT,U(-1,1),128,7168,7168,128x256x32_w4_v1,SKIP,BN/WARPS != 16
MXFP4,BITSHIFT,U(-1,1),128,7168,7168,128x256x32_w4_v1,SKIP,BN/WARPS != 16
MXFP4,LUT,U(-1,1),128,7168,7168,128x256x32_w8_v1,SKIP,BN/WARPS != 16
MXFP4,BITSHIFT,U(-1,1),128,7168,7168,128x256x32_w8_v1,SKIP,BN/WARPS != 16
MXFP4,LUT,U(-1,1),128,7168,7168,64x64x32_w4_v1,SKIP,no template
MXFP4,BITSHIFT,U(-1,1),128,7168,7168,64x64x32_w4_v1,SKIP,opt only LUT path
MXFP4,LUT,U(-1,1),128,7168,7168,64x128x32_w4_v1,SKIP,BN/WARPS != 16
MXFP4,BITSHIFT,U(-1,1),128,7168,7168,64x128x32_w4_v1,SKIP,BN/WARPS != 16
MXFP4,LUT,U(-1,1),128,7168,7168,128x64x32_w4_v2,OK,ms=1.607,tflops=8.18,gbps=21.6,maxabs=1.297e-04,p99=3.052e-05,rel=2.800e-07
MXFP4,BITSHIFT,U(-1,1),128,7168,7168,128x64x32_w4_v2,SKIP,opt only LUT path
MXFP4,LUT,U(-1,1),128,7168,7168,128x128x32_w4_v2,SKIP,BN/WARPS != 16
MXFP4,BITSHIFT,U(-1,1),128,7168,7168,128x128x32_w4_v2,SKIP,BN/WARPS != 16
MXFP4,LUT,U(-1,1),128,7168,7168,128x256x32_w4_v2,SKIP,BN/WARPS != 16
MXFP4,BITSHIFT,U(-1,1),128,7168,7168,128x256x32_w4_v2,SKIP,BN/WARPS != 16
MXFP4,LUT,U(-1,1),128,7168,7168,128x256x32_w8_v2,SKIP,BN/WARPS != 16
MXFP4,BITSHIFT,U(-1,1),128,7168,7168,128x256x32_w8_v2,SKIP,BN/WARPS != 16
MXFP4,LUT,U(-1,1),128,7168,7168,64x64x32_w4_v2,OK,ms=1.215,tflops=10.83,gbps=28.5,maxabs=1.297e-04,p99=3.052e-05,rel=2.800e-07
MXFP4,BITSHIFT,U(-1,1),128,7168,7168,64x64x32_w4_v2,SKIP,opt only LUT path
MXFP4,LUT,U(-1,1),128,7168,7168,64x128x32_w4_v2,SKIP,BN/WARPS != 16
MXFP4,BITSHIFT,U(-1,1),128,7168,7168,64x128x32_w4_v2,SKIP,BN/WARPS != 16
MXFP4,LUT,U(-1,1),128,7168,7168,128x64x32_w4_v3,OK,ms=1.127,tflops=11.67,gbps=30.7,maxabs=1.297e-04,p99=3.052e-05,rel=2.800e-07
MXFP4,BITSHIFT,U(-1,1),128,7168,7168,128x64x32_w4_v3,SKIP,opt only LUT path
MXFP4,LUT,U(-1,1),128,7168,7168,128x128x32_w4_v3,SKIP,BN/WARPS != 16
MXFP4,BITSHIFT,U(-1,1),128,7168,7168,128x128x32_w4_v3,SKIP,BN/WARPS != 16
MXFP4,LUT,U(-1,1),128,7168,7168,128x256x32_w8_v3,SKIP,BN/WARPS != 16
MXFP4,BITSHIFT,U(-1,1),128,7168,7168,128x256x32_w8_v3,SKIP,BN/WARPS != 16
MXFP4,LUT,U(-1,1),128,7168,7168,64x64x32_w4_v3,OK,ms=0.819,tflops=16.07,gbps=42.3,maxabs=1.297e-04,p99=3.052e-05,rel=2.800e-07
MXFP4,BITSHIFT,U(-1,1),128,7168,7168,64x64x32_w4_v3,SKIP,opt only LUT path
MXFP4,LUT,U(-1,1),128,7168,7168,64x128x32_w4_v3,SKIP,BN/WARPS != 16
MXFP4,BITSHIFT,U(-1,1),128,7168,7168,64x128x32_w4_v3,SKIP,BN/WARPS != 16
MXFP4,LUT,U(-1,1),256,7168,7168,16x64x32_w4,OK,ms=6.183,tflops=4.25,gbps=6.8,maxabs=0.000e+00,p99=0.000e+00,rel=0.000e+00
MXFP4,BITSHIFT,U(-1,1),256,7168,7168,16x64x32_w4,OK,ms=8.044,tflops=3.27,gbps=5.2,maxabs=1.831e-04,p99=4.196e-05,rel=3.665e-07
MXFP4,LUT,U(-1,1),256,7168,7168,16x128x32_w8,OK,ms=6.226,tflops=4.22,gbps=6.7,maxabs=0.000e+00,p99=0.000e+00,rel=0.000e+00
MXFP4,BITSHIFT,U(-1,1),256,7168,7168,16x128x32_w8,OK,ms=8.622,tflops=3.05,gbps=4.9,maxabs=1.831e-04,p99=4.196e-05,rel=3.665e-07
MXFP4,LUT,U(-1,1),256,7168,7168,16x128x32_w4f2,SKIP,BN/WARPS != 16
MXFP4,BITSHIFT,U(-1,1),256,7168,7168,16x128x32_w4f2,SKIP,BN/WARPS != 16
MXFP4,LUT,U(-1,1),256,7168,7168,16x256x32_w4f4,SKIP,BN/WARPS != 16
MXFP4,BITSHIFT,U(-1,1),256,7168,7168,16x256x32_w4f4,SKIP,BN/WARPS != 16
MXFP4,LUT,U(-1,1),256,7168,7168,128x64x32_w4_v1,SKIP,no template
MXFP4,BITSHIFT,U(-1,1),256,7168,7168,128x64x32_w4_v1,SKIP,opt only LUT path
MXFP4,LUT,U(-1,1),256,7168,7168,128x128x32_w4_v1,SKIP,BN/WARPS != 16
MXFP4,BITSHIFT,U(-1,1),256,7168,7168,128x128x32_w4_v1,SKIP,BN/WARPS != 16
MXFP4,LUT,U(-1,1),256,7168,7168,128x256x32_w4_v1,SKIP,BN/WARPS != 16
MXFP4,BITSHIFT,U(-1,1),256,7168,7168,128x256x32_w4_v1,SKIP,BN/WARPS != 16
MXFP4,LUT,U(-1,1),256,7168,7168,128x256x32_w8_v1,SKIP,BN/WARPS != 16
MXFP4,BITSHIFT,U(-1,1),256,7168,7168,128x256x32_w8_v1,SKIP,BN/WARPS != 16
MXFP4,LUT,U(-1,1),256,7168,7168,64x64x32_w4_v1,SKIP,no template
MXFP4,BITSHIFT,U(-1,1),256,7168,7168,64x64x32_w4_v1,SKIP,opt only LUT path
MXFP4,LUT,U(-1,1),256,7168,7168,64x128x32_w4_v1,SKIP,BN/WARPS != 16
MXFP4,BITSHIFT,U(-1,1),256,7168,7168,64x128x32_w4_v1,SKIP,BN/WARPS != 16
MXFP4,LUT,U(-1,1),256,7168,7168,128x64x32_w4_v2,OK,ms=1.692,tflops=15.55,gbps=24.8,maxabs=0.000e+00,p99=0.000e+00,rel=0.000e+00
MXFP4,BITSHIFT,U(-1,1),256,7168,7168,128x64x32_w4_v2,SKIP,opt only LUT path
MXFP4,LUT,U(-1,1),256,7168,7168,128x128x32_w4_v2,SKIP,BN/WARPS != 16
MXFP4,BITSHIFT,U(-1,1),256,7168,7168,128x128x32_w4_v2,SKIP,BN/WARPS != 16
MXFP4,LUT,U(-1,1),256,7168,7168,128x256x32_w4_v2,SKIP,BN/WARPS != 16
MXFP4,BITSHIFT,U(-1,1),256,7168,7168,128x256x32_w4_v2,SKIP,BN/WARPS != 16
MXFP4,LUT,U(-1,1),256,7168,7168,128x256x32_w8_v2,SKIP,BN/WARPS != 16
MXFP4,BITSHIFT,U(-1,1),256,7168,7168,128x256x32_w8_v2,SKIP,BN/WARPS != 16
MXFP4,LUT,U(-1,1),256,7168,7168,64x64x32_w4_v2,OK,ms=2.647,tflops=9.94,gbps=15.9,maxabs=0.000e+00,p99=0.000e+00,rel=0.000e+00
MXFP4,BITSHIFT,U(-1,1),256,7168,7168,64x64x32_w4_v2,SKIP,opt only LUT path
MXFP4,LUT,U(-1,1),256,7168,7168,64x128x32_w4_v2,SKIP,BN/WARPS != 16
MXFP4,BITSHIFT,U(-1,1),256,7168,7168,64x128x32_w4_v2,SKIP,BN/WARPS != 16
MXFP4,LUT,U(-1,1),256,7168,7168,128x64x32_w4_v3,OK,ms=1.345,tflops=19.55,gbps=31.2,maxabs=0.000e+00,p99=0.000e+00,rel=0.000e+00
MXFP4,BITSHIFT,U(-1,1),256,7168,7168,128x64x32_w4_v3,SKIP,opt only LUT path
MXFP4,LUT,U(-1,1),256,7168,7168,128x128x32_w4_v3,SKIP,BN/WARPS != 16
MXFP4,BITSHIFT,U(-1,1),256,7168,7168,128x128x32_w4_v3,SKIP,BN/WARPS != 16
MXFP4,LUT,U(-1,1),256,7168,7168,128x256x32_w8_v3,SKIP,BN/WARPS != 16
MXFP4,BITSHIFT,U(-1,1),256,7168,7168,128x256x32_w8_v3,SKIP,BN/WARPS != 16
MXFP4,LUT,U(-1,1),256,7168,7168,64x64x32_w4_v3,OK,ms=2.017,tflops=13.04,gbps=20.8,maxabs=0.000e+00,p99=0.000e+00,rel=0.000e+00
MXFP4,BITSHIFT,U(-1,1),256,7168,7168,64x64x32_w4_v3,SKIP,opt only LUT path
MXFP4,LUT,U(-1,1),256,7168,7168,64x128x32_w4_v3,SKIP,BN/WARPS != 16
MXFP4,BITSHIFT,U(-1,1),256,7168,7168,64x128x32_w4_v3,SKIP,BN/WARPS != 16
MXFP4,LUT,U(-1,1),512,7168,7168,16x64x32_w4,OK,ms=10.891,tflops=4.83,gbps=5.2,maxabs=1.526e-04,p99=2.670e-05,rel=2.328e-07
MXFP4,BITSHIFT,U(-1,1),512,7168,7168,16x64x32_w4,OK,ms=16.120,tflops=3.26,gbps=3.5,maxabs=1.221e-04,p99=3.052e-05,rel=2.806e-07
MXFP4,LUT,U(-1,1),512,7168,7168,16x128x32_w8,OK,ms=12.479,tflops=4.22,gbps=4.5,maxabs=1.526e-04,p99=2.670e-05,rel=2.328e-07
MXFP4,BITSHIFT,U(-1,1),512,7168,7168,16x128x32_w8,OK,ms=17.293,tflops=3.04,gbps=3.3,maxabs=1.221e-04,p99=3.052e-05,rel=2.806e-07
MXFP4,LUT,U(-1,1),512,7168,7168,16x128x32_w4f2,SKIP,BN/WARPS != 16
MXFP4,BITSHIFT,U(-1,1),512,7168,7168,16x128x32_w4f2,SKIP,BN/WARPS != 16
MXFP4,LUT,U(-1,1),512,7168,7168,16x256x32_w4f4,SKIP,BN/WARPS != 16
MXFP4,BITSHIFT,U(-1,1),512,7168,7168,16x256x32_w4f4,SKIP,BN/WARPS != 16
MXFP4,LUT,U(-1,1),512,7168,7168,128x64x32_w4_v1,SKIP,no template
MXFP4,BITSHIFT,U(-1,1),512,7168,7168,128x64x32_w4_v1,SKIP,opt only LUT path
MXFP4,LUT,U(-1,1),512,7168,7168,128x128x32_w4_v1,SKIP,BN/WARPS != 16
MXFP4,BITSHIFT,U(-1,1),512,7168,7168,128x128x32_w4_v1,SKIP,BN/WARPS != 16
MXFP4,LUT,U(-1,1),512,7168,7168,128x256x32_w4_v1,SKIP,BN/WARPS != 16
MXFP4,BITSHIFT,U(-1,1),512,7168,7168,128x256x32_w4_v1,SKIP,BN/WARPS != 16
MXFP4,LUT,U(-1,1),512,7168,7168,128x256x32_w8_v1,SKIP,BN/WARPS != 16
MXFP4,BITSHIFT,U(-1,1),512,7168,7168,128x256x32_w8_v1,SKIP,BN/WARPS != 16
MXFP4,LUT,U(-1,1),512,7168,7168,64x64x32_w4_v1,SKIP,no template
MXFP4,BITSHIFT,U(-1,1),512,7168,7168,64x64x32_w4_v1,SKIP,opt only LUT path
MXFP4,LUT,U(-1,1),512,7168,7168,64x128x32_w4_v1,SKIP,BN/WARPS != 16
MXFP4,BITSHIFT,U(-1,1),512,7168,7168,64x128x32_w4_v1,SKIP,BN/WARPS != 16
MXFP4,LUT,U(-1,1),512,7168,7168,128x64x32_w4_v2,OK,ms=3.883,tflops=13.55,gbps=14.6,maxabs=1.526e-04,p99=2.670e-05,rel=2.328e-07
MXFP4,BITSHIFT,U(-1,1),512,7168,7168,128x64x32_w4_v2,SKIP,opt only LUT path
MXFP4,LUT,U(-1,1),512,7168,7168,128x128x32_w4_v2,SKIP,BN/WARPS != 16
MXFP4,BITSHIFT,U(-1,1),512,7168,7168,128x128x32_w4_v2,SKIP,BN/WARPS != 16
MXFP4,LUT,U(-1,1),512,7168,7168,128x256x32_w4_v2,SKIP,BN/WARPS != 16
MXFP4,BITSHIFT,U(-1,1),512,7168,7168,128x256x32_w4_v2,SKIP,BN/WARPS != 16
MXFP4,LUT,U(-1,1),512,7168,7168,128x256x32_w8_v2,SKIP,BN/WARPS != 16
MXFP4,BITSHIFT,U(-1,1),512,7168,7168,128x256x32_w8_v2,SKIP,BN/WARPS != 16
MXFP4,LUT,U(-1,1),512,7168,7168,64x64x32_w4_v2,OK,ms=4.344,tflops=12.11,gbps=13.0,maxabs=1.526e-04,p99=2.670e-05,rel=2.328e-07
MXFP4,BITSHIFT,U(-1,1),512,7168,7168,64x64x32_w4_v2,SKIP,opt only LUT path
MXFP4,LUT,U(-1,1),512,7168,7168,64x128x32_w4_v2,SKIP,BN/WARPS != 16
MXFP4,BITSHIFT,U(-1,1),512,7168,7168,64x128x32_w4_v2,SKIP,BN/WARPS != 16
MXFP4,LUT,U(-1,1),512,7168,7168,128x64x32_w4_v3,OK,ms=2.684,tflops=19.60,gbps=21.1,maxabs=1.526e-04,p99=2.670e-05,rel=2.328e-07
MXFP4,BITSHIFT,U(-1,1),512,7168,7168,128x64x32_w4_v3,SKIP,opt only LUT path
MXFP4,LUT,U(-1,1),512,7168,7168,128x128x32_w4_v3,SKIP,BN/WARPS != 16
MXFP4,BITSHIFT,U(-1,1),512,7168,7168,128x128x32_w4_v3,SKIP,BN/WARPS != 16
MXFP4,LUT,U(-1,1),512,7168,7168,128x256x32_w8_v3,SKIP,BN/WARPS != 16
MXFP4,BITSHIFT,U(-1,1),512,7168,7168,128x256x32_w8_v3,SKIP,BN/WARPS != 16
MXFP4,LUT,U(-1,1),512,7168,7168,64x64x32_w4_v3,OK,ms=3.000,tflops=17.54,gbps=18.9,maxabs=1.526e-04,p99=2.670e-05,rel=2.328e-07
MXFP4,BITSHIFT,U(-1,1),512,7168,7168,64x64x32_w4_v3,SKIP,opt only LUT path
MXFP4,LUT,U(-1,1),512,7168,7168,64x128x32_w4_v3,SKIP,BN/WARPS != 16
MXFP4,BITSHIFT,U(-1,1),512,7168,7168,64x128x32_w4_v3,SKIP,BN/WARPS != 16
MXFP4,LUT,U(-1,1),1024,7168,7168,16x64x32_w4,OK,ms=21.762,tflops=4.84,gbps=4.0,maxabs=0.000e+00,p99=0.000e+00,rel=0.000e+00
MXFP4,BITSHIFT,U(-1,1),1024,7168,7168,16x64x32_w4,OK,ms=31.829,tflops=3.31,gbps=2.7,maxabs=2.289e-04,p99=4.196e-05,rel=3.672e-07
MXFP4,LUT,U(-1,1),1024,7168,7168,16x128x32_w8,OK,ms=25.020,tflops=4.21,gbps=3.4,maxabs=0.000e+00,p99=0.000e+00,rel=0.000e+00
MXFP4,BITSHIFT,U(-1,1),1024,7168,7168,16x128x32_w8,OK,ms=34.206,tflops=3.08,gbps=2.5,maxabs=2.289e-04,p99=4.196e-05,rel=3.672e-07
MXFP4,LUT,U(-1,1),1024,7168,7168,16x128x32_w4f2,SKIP,BN/WARPS != 16
MXFP4,BITSHIFT,U(-1,1),1024,7168,7168,16x128x32_w4f2,SKIP,BN/WARPS != 16
MXFP4,LUT,U(-1,1),1024,7168,7168,16x256x32_w4f4,SKIP,BN/WARPS != 16
MXFP4,BITSHIFT,U(-1,1),1024,7168,7168,16x256x32_w4f4,SKIP,BN/WARPS != 16
MXFP4,LUT,U(-1,1),1024,7168,7168,128x64x32_w4_v1,SKIP,no template
MXFP4,BITSHIFT,U(-1,1),1024,7168,7168,128x64x32_w4_v1,SKIP,opt only LUT path
MXFP4,LUT,U(-1,1),1024,7168,7168,128x128x32_w4_v1,SKIP,BN/WARPS != 16
MXFP4,BITSHIFT,U(-1,1),1024,7168,7168,128x128x32_w4_v1,SKIP,BN/WARPS != 16
MXFP4,LUT,U(-1,1),1024,7168,7168,128x256x32_w4_v1,SKIP,BN/WARPS != 16
MXFP4,BITSHIFT,U(-1,1),1024,7168,7168,128x256x32_w4_v1,SKIP,BN/WARPS != 16
MXFP4,LUT,U(-1,1),1024,7168,7168,128x256x32_w8_v1,SKIP,BN/WARPS != 16
MXFP4,BITSHIFT,U(-1,1),1024,7168,7168,128x256x32_w8_v1,SKIP,BN/WARPS != 16
MXFP4,LUT,U(-1,1),1024,7168,7168,64x64x32_w4_v1,SKIP,no template
MXFP4,BITSHIFT,U(-1,1),1024,7168,7168,64x64x32_w4_v1,SKIP,opt only LUT path
MXFP4,LUT,U(-1,1),1024,7168,7168,64x128x32_w4_v1,SKIP,BN/WARPS != 16
MXFP4,BITSHIFT,U(-1,1),1024,7168,7168,64x128x32_w4_v1,SKIP,BN/WARPS != 16
MXFP4,LUT,U(-1,1),1024,7168,7168,128x64x32_w4_v2,OK,ms=5.731,tflops=18.36,gbps=15.0,maxabs=0.000e+00,p99=0.000e+00,rel=0.000e+00
MXFP4,BITSHIFT,U(-1,1),1024,7168,7168,128x64x32_w4_v2,SKIP,opt only LUT path
MXFP4,LUT,U(-1,1),1024,7168,7168,128x128x32_w4_v2,SKIP,BN/WARPS != 16
MXFP4,BITSHIFT,U(-1,1),1024,7168,7168,128x128x32_w4_v2,SKIP,BN/WARPS != 16
MXFP4,LUT,U(-1,1),1024,7168,7168,128x256x32_w4_v2,SKIP,BN/WARPS != 16
MXFP4,BITSHIFT,U(-1,1),1024,7168,7168,128x256x32_w4_v2,SKIP,BN/WARPS != 16
MXFP4,LUT,U(-1,1),1024,7168,7168,128x256x32_w8_v2,SKIP,BN/WARPS != 16
MXFP4,BITSHIFT,U(-1,1),1024,7168,7168,128x256x32_w8_v2,SKIP,BN/WARPS != 16
MXFP4,LUT,U(-1,1),1024,7168,7168,64x64x32_w4_v2,OK,ms=7.355,tflops=14.31,gbps=11.7,maxabs=0.000e+00,p99=0.000e+00,rel=0.000e+00
MXFP4,BITSHIFT,U(-1,1),1024,7168,7168,64x64x32_w4_v2,SKIP,opt only LUT path
MXFP4,LUT,U(-1,1),1024,7168,7168,64x128x32_w4_v2,SKIP,BN/WARPS != 16
MXFP4,BITSHIFT,U(-1,1),1024,7168,7168,64x128x32_w4_v2,SKIP,BN/WARPS != 16
MXFP4,LUT,U(-1,1),1024,7168,7168,128x64x32_w4_v3,OK,ms=5.349,tflops=19.67,gbps=16.1,maxabs=0.000e+00,p99=0.000e+00,rel=0.000e+00
MXFP4,BITSHIFT,U(-1,1),1024,7168,7168,128x64x32_w4_v3,SKIP,opt only LUT path
MXFP4,LUT,U(-1,1),1024,7168,7168,128x128x32_w4_v3,SKIP,BN/WARPS != 16
MXFP4,BITSHIFT,U(-1,1),1024,7168,7168,128x128x32_w4_v3,SKIP,BN/WARPS != 16
MXFP4,LUT,U(-1,1),1024,7168,7168,128x256x32_w8_v3,SKIP,BN/WARPS != 16
MXFP4,BITSHIFT,U(-1,1),1024,7168,7168,128x256x32_w8_v3,SKIP,BN/WARPS != 16
MXFP4,LUT,U(-1,1),1024,7168,7168,64x64x32_w4_v3,OK,ms=5.998,tflops=17.54,gbps=14.3,maxabs=0.000e+00,p99=0.000e+00,rel=0.000e+00
MXFP4,BITSHIFT,U(-1,1),1024,7168,7168,64x64x32_w4_v3,SKIP,opt only LUT path
MXFP4,LUT,U(-1,1),1024,7168,7168,64x128x32_w4_v3,SKIP,BN/WARPS != 16
MXFP4,BITSHIFT,U(-1,1),1024,7168,7168,64x128x32_w4_v3,SKIP,BN/WARPS != 16
MXFP4,LUT,U(-1,1),2048,7168,7168,16x64x32_w4,OK,ms=43.549,tflops=4.83,gbps=3.3,maxabs=0.000e+00,p99=0.000e+00,rel=0.000e+00
MXFP4,BITSHIFT,U(-1,1),2048,7168,7168,16x64x32_w4,OK,ms=61.514,tflops=3.42,gbps=2.4,maxabs=2.289e-04,p99=4.196e-05,rel=3.674e-07
MXFP4,LUT,U(-1,1),2048,7168,7168,16x128x32_w8,OK,ms=47.986,tflops=4.39,gbps=3.0,maxabs=0.000e+00,p99=0.000e+00,rel=0.000e+00
MXFP4,BITSHIFT,U(-1,1),2048,7168,7168,16x128x32_w8,OK,ms=66.130,tflops=3.18,gbps=2.2,maxabs=2.289e-04,p99=4.196e-05,rel=3.674e-07
MXFP4,LUT,U(-1,1),2048,7168,7168,16x128x32_w4f2,SKIP,BN/WARPS != 16
MXFP4,BITSHIFT,U(-1,1),2048,7168,7168,16x128x32_w4f2,SKIP,BN/WARPS != 16
MXFP4,LUT,U(-1,1),2048,7168,7168,16x256x32_w4f4,SKIP,BN/WARPS != 16
MXFP4,BITSHIFT,U(-1,1),2048,7168,7168,16x256x32_w4f4,SKIP,BN/WARPS != 16
MXFP4,LUT,U(-1,1),2048,7168,7168,128x64x32_w4_v1,SKIP,no template
MXFP4,BITSHIFT,U(-1,1),2048,7168,7168,128x64x32_w4_v1,SKIP,opt only LUT path
MXFP4,LUT,U(-1,1),2048,7168,7168,128x128x32_w4_v1,SKIP,BN/WARPS != 16
MXFP4,BITSHIFT,U(-1,1),2048,7168,7168,128x128x32_w4_v1,SKIP,BN/WARPS != 16
MXFP4,LUT,U(-1,1),2048,7168,7168,128x256x32_w4_v1,SKIP,BN/WARPS != 16
MXFP4,BITSHIFT,U(-1,1),2048,7168,7168,128x256x32_w4_v1,SKIP,BN/WARPS != 16
MXFP4,LUT,U(-1,1),2048,7168,7168,128x256x32_w8_v1,SKIP,BN/WARPS != 16
MXFP4,BITSHIFT,U(-1,1),2048,7168,7168,128x256x32_w8_v1,SKIP,BN/WARPS != 16
MXFP4,LUT,U(-1,1),2048,7168,7168,64x64x32_w4_v1,SKIP,no template
MXFP4,BITSHIFT,U(-1,1),2048,7168,7168,64x64x32_w4_v1,SKIP,opt only LUT path
MXFP4,LUT,U(-1,1),2048,7168,7168,64x128x32_w4_v1,SKIP,BN/WARPS != 16
MXFP4,BITSHIFT,U(-1,1),2048,7168,7168,64x128x32_w4_v1,SKIP,BN/WARPS != 16
MXFP4,LUT,U(-1,1),2048,7168,7168,128x64x32_w4_v2,OK,ms=11.465,tflops=18.36,gbps=12.6,maxabs=0.000e+00,p99=0.000e+00,rel=0.000e+00
MXFP4,BITSHIFT,U(-1,1),2048,7168,7168,128x64x32_w4_v2,SKIP,opt only LUT path
MXFP4,LUT,U(-1,1),2048,7168,7168,128x128x32_w4_v2,SKIP,BN/WARPS != 16
MXFP4,BITSHIFT,U(-1,1),2048,7168,7168,128x128x32_w4_v2,SKIP,BN/WARPS != 16
MXFP4,LUT,U(-1,1),2048,7168,7168,128x256x32_w4_v2,SKIP,BN/WARPS != 16
MXFP4,BITSHIFT,U(-1,1),2048,7168,7168,128x256x32_w4_v2,SKIP,BN/WARPS != 16
MXFP4,LUT,U(-1,1),2048,7168,7168,128x256x32_w8_v2,SKIP,BN/WARPS != 16
MXFP4,BITSHIFT,U(-1,1),2048,7168,7168,128x256x32_w8_v2,SKIP,BN/WARPS != 16
MXFP4,LUT,U(-1,1),2048,7168,7168,64x64x32_w4_v2,OK,ms=13.150,tflops=16.00,gbps=11.0,maxabs=0.000e+00,p99=0.000e+00,rel=0.000e+00
MXFP4,BITSHIFT,U(-1,1),2048,7168,7168,64x64x32_w4_v2,SKIP,opt only LUT path
MXFP4,LUT,U(-1,1),2048,7168,7168,64x128x32_w4_v2,SKIP,BN/WARPS != 16
MXFP4,BITSHIFT,U(-1,1),2048,7168,7168,64x128x32_w4_v2,SKIP,BN/WARPS != 16
MXFP4,LUT,U(-1,1),2048,7168,7168,128x64x32_w4_v3,OK,ms=10.666,tflops=19.73,gbps=13.6,maxabs=0.000e+00,p99=0.000e+00,rel=0.000e+00
MXFP4,BITSHIFT,U(-1,1),2048,7168,7168,128x64x32_w4_v3,SKIP,opt only LUT path
MXFP4,LUT,U(-1,1),2048,7168,7168,128x128x32_w4_v3,SKIP,BN/WARPS != 16
MXFP4,BITSHIFT,U(-1,1),2048,7168,7168,128x128x32_w4_v3,SKIP,BN/WARPS != 16
MXFP4,LUT,U(-1,1),2048,7168,7168,128x256x32_w8_v3,SKIP,BN/WARPS != 16
MXFP4,BITSHIFT,U(-1,1),2048,7168,7168,128x256x32_w8_v3,SKIP,BN/WARPS != 16
MXFP4,LUT,U(-1,1),2048,7168,7168,64x64x32_w4_v3,OK,ms=11.934,tflops=17.64,gbps=12.1,maxabs=0.000e+00,p99=0.000e+00,rel=0.000e+00
MXFP4,BITSHIFT,U(-1,1),2048,7168,7168,64x64x32_w4_v3,SKIP,opt only LUT path
MXFP4,LUT,U(-1,1),2048,7168,7168,64x128x32_w4_v3,SKIP,BN/WARPS != 16
MXFP4,BITSHIFT,U(-1,1),2048,7168,7168,64x128x32_w4_v3,SKIP,BN/WARPS != 16
F8_E4M3_B128,LUT,U(-1,1),1,4096,4096,16x64x32_w4,OK,ms=1.267,tflops=0.03,gbps=13.4,maxabs=1.289e-02,p99=9.838e-03,rel=1.839e-04
F8_E4M3_B128,BITSHIFT,U(-1,1),1,4096,4096,16x64x32_w4,OK,ms=1.252,tflops=0.03,gbps=13.5,maxabs=1.288e-02,p99=9.842e-03,rel=1.839e-04
F8_E4M3_B128,LUT,U(-1,1),1,4096,4096,16x128x32_w8,OK,ms=1.244,tflops=0.03,gbps=13.6,maxabs=1.289e-02,p99=9.838e-03,rel=1.839e-04
F8_E4M3_B128,BITSHIFT,U(-1,1),1,4096,4096,16x128x32_w8,OK,ms=1.357,tflops=0.02,gbps=12.5,maxabs=1.288e-02,p99=9.842e-03,rel=1.839e-04
F8_E4M3_B128,LUT,U(-1,1),1,4096,4096,16x128x32_w4f2,SKIP,BN/WARPS != 16
F8_E4M3_B128,BITSHIFT,U(-1,1),1,4096,4096,16x128x32_w4f2,SKIP,BN/WARPS != 16
F8_E4M3_B128,LUT,U(-1,1),1,4096,4096,16x256x32_w4f4,SKIP,BN/WARPS != 16
F8_E4M3_B128,BITSHIFT,U(-1,1),1,4096,4096,16x256x32_w4f4,SKIP,BN/WARPS != 16
F8_E4M3_B128,LUT,U(-1,1),1,4096,4096,128x64x32_w4_v1,SKIP,no template
F8_E4M3_B128,BITSHIFT,U(-1,1),1,4096,4096,128x64x32_w4_v1,SKIP,opt only LUT path
F8_E4M3_B128,LUT,U(-1,1),1,4096,4096,128x128x32_w4_v1,SKIP,BN/WARPS != 16
F8_E4M3_B128,BITSHIFT,U(-1,1),1,4096,4096,128x128x32_w4_v1,SKIP,BN/WARPS != 16
F8_E4M3_B128,LUT,U(-1,1),1,4096,4096,128x256x32_w4_v1,SKIP,BN/WARPS != 16
F8_E4M3_B128,BITSHIFT,U(-1,1),1,4096,4096,128x256x32_w4_v1,SKIP,BN/WARPS != 16
F8_E4M3_B128,LUT,U(-1,1),1,4096,4096,128x256x32_w8_v1,SKIP,BN/WARPS != 16
F8_E4M3_B128,BITSHIFT,U(-1,1),1,4096,4096,128x256x32_w8_v1,SKIP,BN/WARPS != 16
F8_E4M3_B128,LUT,U(-1,1),1,4096,4096,64x64x32_w4_v1,SKIP,no template
F8_E4M3_B128,BITSHIFT,U(-1,1),1,4096,4096,64x64x32_w4_v1,SKIP,opt only LUT path
F8_E4M3_B128,LUT,U(-1,1),1,4096,4096,64x128x32_w4_v1,SKIP,BN/WARPS != 16
F8_E4M3_B128,BITSHIFT,U(-1,1),1,4096,4096,64x128x32_w4_v1,SKIP,BN/WARPS != 16
F8_E4M3_B128,LUT,U(-1,1),1,4096,4096,128x64x32_w4_v2,OK,ms=1.346,tflops=0.02,gbps=12.6,maxabs=1.289e-02,p99=9.838e-03,rel=1.839e-04
F8_E4M3_B128,BITSHIFT,U(-1,1),1,4096,4096,128x64x32_w4_v2,SKIP,opt only LUT path
F8_E4M3_B128,LUT,U(-1,1),1,4096,4096,128x128x32_w4_v2,SKIP,BN/WARPS != 16
F8_E4M3_B128,BITSHIFT,U(-1,1),1,4096,4096,128x128x32_w4_v2,SKIP,BN/WARPS != 16
F8_E4M3_B128,LUT,U(-1,1),1,4096,4096,128x256x32_w4_v2,SKIP,BN/WARPS != 16
F8_E4M3_B128,BITSHIFT,U(-1,1),1,4096,4096,128x256x32_w4_v2,SKIP,BN/WARPS != 16
F8_E4M3_B128,LUT,U(-1,1),1,4096,4096,128x256x32_w8_v2,SKIP,BN/WARPS != 16
F8_E4M3_B128,BITSHIFT,U(-1,1),1,4096,4096,128x256x32_w8_v2,SKIP,BN/WARPS != 16
F8_E4M3_B128,LUT,U(-1,1),1,4096,4096,64x64x32_w4_v2,OK,ms=1.251,tflops=0.03,gbps=13.5,maxabs=1.289e-02,p99=9.838e-03,rel=1.839e-04
F8_E4M3_B128,BITSHIFT,U(-1,1),1,4096,4096,64x64x32_w4_v2,SKIP,opt only LUT path
F8_E4M3_B128,LUT,U(-1,1),1,4096,4096,64x128x32_w4_v2,SKIP,BN/WARPS != 16
F8_E4M3_B128,BITSHIFT,U(-1,1),1,4096,4096,64x128x32_w4_v2,SKIP,BN/WARPS != 16
F8_E4M3_B128,LUT,U(-1,1),1,4096,4096,128x64x32_w4_v3,OK,ms=0.803,tflops=0.04,gbps=21.1,maxabs=1.289e-02,p99=9.838e-03,rel=1.839e-04
F8_E4M3_B128,BITSHIFT,U(-1,1),1,4096,4096,128x64x32_w4_v3,SKIP,opt only LUT path
F8_E4M3_B128,LUT,U(-1,1),1,4096,4096,128x128x32_w4_v3,SKIP,BN/WARPS != 16
F8_E4M3_B128,BITSHIFT,U(-1,1),1,4096,4096,128x128x32_w4_v3,SKIP,BN/WARPS != 16
F8_E4M3_B128,LUT,U(-1,1),1,4096,4096,128x256x32_w8_v3,SKIP,BN/WARPS != 16
F8_E4M3_B128,BITSHIFT,U(-1,1),1,4096,4096,128x256x32_w8_v3,SKIP,BN/WARPS != 16
F8_E4M3_B128,LUT,U(-1,1),1,4096,4096,64x64x32_w4_v3,OK,ms=0.676,tflops=0.05,gbps=25.1,maxabs=1.289e-02,p99=9.838e-03,rel=1.839e-04
F8_E4M3_B128,BITSHIFT,U(-1,1),1,4096,4096,64x64x32_w4_v3,SKIP,opt only LUT path
F8_E4M3_B128,LUT,U(-1,1),1,4096,4096,64x128x32_w4_v3,SKIP,BN/WARPS != 16
F8_E4M3_B128,BITSHIFT,U(-1,1),1,4096,4096,64x128x32_w4_v3,SKIP,BN/WARPS != 16
F8_E4M3_B128,LUT,U(-1,1),16,4096,4096,16x64x32_w4,OK,ms=1.191,tflops=0.45,gbps=14.6,maxabs=2.289e-04,p99=4.578e-05,rel=4.783e-07
F8_E4M3_B128,BITSHIFT,U(-1,1),16,4096,4096,16x64x32_w4,OK,ms=1.284,tflops=0.42,gbps=13.6,maxabs=6.485e-05,p99=2.289e-05,rel=2.708e-07
F8_E4M3_B128,LUT,U(-1,1),16,4096,4096,16x128x32_w8,OK,ms=1.278,tflops=0.42,gbps=13.6,maxabs=2.289e-04,p99=4.578e-05,rel=4.783e-07
F8_E4M3_B128,BITSHIFT,U(-1,1),16,4096,4096,16x128x32_w8,OK,ms=1.456,tflops=0.37,gbps=12.0,maxabs=6.485e-05,p99=2.289e-05,rel=2.708e-07
F8_E4M3_B128,LUT,U(-1,1),16,4096,4096,16x128x32_w4f2,SKIP,BN/WARPS != 16
F8_E4M3_B128,BITSHIFT,U(-1,1),16,4096,4096,16x128x32_w4f2,SKIP,BN/WARPS != 16
F8_E4M3_B128,LUT,U(-1,1),16,4096,4096,16x256x32_w4f4,SKIP,BN/WARPS != 16
F8_E4M3_B128,BITSHIFT,U(-1,1),16,4096,4096,16x256x32_w4f4,SKIP,BN/WARPS != 16
F8_E4M3_B128,LUT,U(-1,1),16,4096,4096,128x64x32_w4_v1,SKIP,no template
F8_E4M3_B128,BITSHIFT,U(-1,1),16,4096,4096,128x64x32_w4_v1,SKIP,opt only LUT path
F8_E4M3_B128,LUT,U(-1,1),16,4096,4096,128x128x32_w4_v1,SKIP,BN/WARPS != 16
F8_E4M3_B128,BITSHIFT,U(-1,1),16,4096,4096,128x128x32_w4_v1,SKIP,BN/WARPS != 16
F8_E4M3_B128,LUT,U(-1,1),16,4096,4096,128x256x32_w4_v1,SKIP,BN/WARPS != 16
F8_E4M3_B128,BITSHIFT,U(-1,1),16,4096,4096,128x256x32_w4_v1,SKIP,BN/WARPS != 16
F8_E4M3_B128,LUT,U(-1,1),16,4096,4096,128x256x32_w8_v1,SKIP,BN/WARPS != 16
F8_E4M3_B128,BITSHIFT,U(-1,1),16,4096,4096,128x256x32_w8_v1,SKIP,BN/WARPS != 16
F8_E4M3_B128,LUT,U(-1,1),16,4096,4096,64x64x32_w4_v1,SKIP,no template
F8_E4M3_B128,BITSHIFT,U(-1,1),16,4096,4096,64x64x32_w4_v1,SKIP,opt only LUT path
F8_E4M3_B128,LUT,U(-1,1),16,4096,4096,64x128x32_w4_v1,SKIP,BN/WARPS != 16
F8_E4M3_B128,BITSHIFT,U(-1,1),16,4096,4096,64x128x32_w4_v1,SKIP,BN/WARPS != 16
F8_E4M3_B128,LUT,U(-1,1),16,4096,4096,128x64x32_w4_v2,OK,ms=1.364,tflops=0.39,gbps=12.8,maxabs=2.289e-04,p99=4.578e-05,rel=4.783e-07
F8_E4M3_B128,BITSHIFT,U(-1,1),16,4096,4096,128x64x32_w4_v2,SKIP,opt only LUT path
F8_E4M3_B128,LUT,U(-1,1),16,4096,4096,128x128x32_w4_v2,SKIP,BN/WARPS != 16
F8_E4M3_B128,BITSHIFT,U(-1,1),16,4096,4096,128x128x32_w4_v2,SKIP,BN/WARPS != 16
F8_E4M3_B128,LUT,U(-1,1),16,4096,4096,128x256x32_w4_v2,SKIP,BN/WARPS != 16
F8_E4M3_B128,BITSHIFT,U(-1,1),16,4096,4096,128x256x32_w4_v2,SKIP,BN/WARPS != 16
F8_E4M3_B128,LUT,U(-1,1),16,4096,4096,128x256x32_w8_v2,SKIP,BN/WARPS != 16
F8_E4M3_B128,BITSHIFT,U(-1,1),16,4096,4096,128x256x32_w8_v2,SKIP,BN/WARPS != 16
F8_E4M3_B128,LUT,U(-1,1),16,4096,4096,64x64x32_w4_v2,OK,ms=1.264,tflops=0.42,gbps=13.8,maxabs=2.289e-04,p99=4.578e-05,rel=4.783e-07
F8_E4M3_B128,BITSHIFT,U(-1,1),16,4096,4096,64x64x32_w4_v2,SKIP,opt only LUT path
F8_E4M3_B128,LUT,U(-1,1),16,4096,4096,64x128x32_w4_v2,SKIP,BN/WARPS != 16
F8_E4M3_B128,BITSHIFT,U(-1,1),16,4096,4096,64x128x32_w4_v2,SKIP,BN/WARPS != 16
F8_E4M3_B128,LUT,U(-1,1),16,4096,4096,128x64x32_w4_v3,OK,ms=0.821,tflops=0.65,gbps=21.2,maxabs=2.289e-04,p99=4.578e-05,rel=4.783e-07
F8_E4M3_B128,BITSHIFT,U(-1,1),16,4096,4096,128x64x32_w4_v3,SKIP,opt only LUT path
F8_E4M3_B128,LUT,U(-1,1),16,4096,4096,128x128x32_w4_v3,SKIP,BN/WARPS != 16
F8_E4M3_B128,BITSHIFT,U(-1,1),16,4096,4096,128x128x32_w4_v3,SKIP,BN/WARPS != 16
F8_E4M3_B128,LUT,U(-1,1),16,4096,4096,128x256x32_w8_v3,SKIP,BN/WARPS != 16
F8_E4M3_B128,BITSHIFT,U(-1,1),16,4096,4096,128x256x32_w8_v3,SKIP,BN/WARPS != 16
F8_E4M3_B128,LUT,U(-1,1),16,4096,4096,64x64x32_w4_v3,OK,ms=0.695,tflops=0.77,gbps=25.1,maxabs=2.289e-04,p99=4.578e-05,rel=4.783e-07
F8_E4M3_B128,BITSHIFT,U(-1,1),16,4096,4096,64x64x32_w4_v3,SKIP,opt only LUT path
F8_E4M3_B128,LUT,U(-1,1),16,4096,4096,64x128x32_w4_v3,SKIP,BN/WARPS != 16
F8_E4M3_B128,BITSHIFT,U(-1,1),16,4096,4096,64x128x32_w4_v3,SKIP,BN/WARPS != 16
F8_E4M3_B128,LUT,U(-1,1),64,4096,4096,16x64x32_w4,OK,ms=1.215,tflops=1.77,gbps=15.6,maxabs=2.289e-04,p99=4.578e-05,rel=4.819e-07
F8_E4M3_B128,BITSHIFT,U(-1,1),64,4096,4096,16x64x32_w4,OK,ms=1.372,tflops=1.56,gbps=13.8,maxabs=6.866e-05,p99=2.289e-05,rel=2.733e-07
F8_E4M3_B128,LUT,U(-1,1),64,4096,4096,16x128x32_w8,OK,ms=1.256,tflops=1.71,gbps=15.1,maxabs=2.289e-04,p99=4.578e-05,rel=4.819e-07
F8_E4M3_B128,BITSHIFT,U(-1,1),64,4096,4096,16x128x32_w8,OK,ms=1.442,tflops=1.49,gbps=13.2,maxabs=6.866e-05,p99=2.289e-05,rel=2.733e-07
F8_E4M3_B128,LUT,U(-1,1),64,4096,4096,16x128x32_w4f2,SKIP,BN/WARPS != 16
F8_E4M3_B128,BITSHIFT,U(-1,1),64,4096,4096,16x128x32_w4f2,SKIP,BN/WARPS != 16
F8_E4M3_B128,LUT,U(-1,1),64,4096,4096,16x256x32_w4f4,SKIP,BN/WARPS != 16
F8_E4M3_B128,BITSHIFT,U(-1,1),64,4096,4096,16x256x32_w4f4,SKIP,BN/WARPS != 16
F8_E4M3_B128,LUT,U(-1,1),64,4096,4096,128x64x32_w4_v1,SKIP,no template
F8_E4M3_B128,BITSHIFT,U(-1,1),64,4096,4096,128x64x32_w4_v1,SKIP,opt only LUT path
F8_E4M3_B128,LUT,U(-1,1),64,4096,4096,128x128x32_w4_v1,SKIP,BN/WARPS != 16
F8_E4M3_B128,BITSHIFT,U(-1,1),64,4096,4096,128x128x32_w4_v1,SKIP,BN/WARPS != 16
F8_E4M3_B128,LUT,U(-1,1),64,4096,4096,128x256x32_w4_v1,SKIP,BN/WARPS != 16
F8_E4M3_B128,BITSHIFT,U(-1,1),64,4096,4096,128x256x32_w4_v1,SKIP,BN/WARPS != 16
F8_E4M3_B128,LUT,U(-1,1),64,4096,4096,128x256x32_w8_v1,SKIP,BN/WARPS != 16
F8_E4M3_B128,BITSHIFT,U(-1,1),64,4096,4096,128x256x32_w8_v1,SKIP,BN/WARPS != 16
F8_E4M3_B128,LUT,U(-1,1),64,4096,4096,64x64x32_w4_v1,SKIP,no template
F8_E4M3_B128,BITSHIFT,U(-1,1),64,4096,4096,64x64x32_w4_v1,SKIP,opt only LUT path
F8_E4M3_B128,LUT,U(-1,1),64,4096,4096,64x128x32_w4_v1,SKIP,BN/WARPS != 16
F8_E4M3_B128,BITSHIFT,U(-1,1),64,4096,4096,64x128x32_w4_v1,SKIP,BN/WARPS != 16
F8_E4M3_B128,LUT,U(-1,1),64,4096,4096,128x64x32_w4_v2,OK,ms=1.378,tflops=1.56,gbps=13.8,maxabs=2.289e-04,p99=4.578e-05,rel=4.819e-07
F8_E4M3_B128,BITSHIFT,U(-1,1),64,4096,4096,128x64x32_w4_v2,SKIP,opt only LUT path
F8_E4M3_B128,LUT,U(-1,1),64,4096,4096,128x128x32_w4_v2,SKIP,BN/WARPS != 16
F8_E4M3_B128,BITSHIFT,U(-1,1),64,4096,4096,128x128x32_w4_v2,SKIP,BN/WARPS != 16
F8_E4M3_B128,LUT,U(-1,1),64,4096,4096,128x256x32_w4_v2,SKIP,BN/WARPS != 16
F8_E4M3_B128,BITSHIFT,U(-1,1),64,4096,4096,128x256x32_w4_v2,SKIP,BN/WARPS != 16
F8_E4M3_B128,LUT,U(-1,1),64,4096,4096,128x256x32_w8_v2,SKIP,BN/WARPS != 16
F8_E4M3_B128,BITSHIFT,U(-1,1),64,4096,4096,128x256x32_w8_v2,SKIP,BN/WARPS != 16
F8_E4M3_B128,LUT,U(-1,1),64,4096,4096,64x64x32_w4_v2,OK,ms=1.291,tflops=1.66,gbps=14.7,maxabs=2.289e-04,p99=4.578e-05,rel=4.819e-07
F8_E4M3_B128,BITSHIFT,U(-1,1),64,4096,4096,64x64x32_w4_v2,SKIP,opt only LUT path
F8_E4M3_B128,LUT,U(-1,1),64,4096,4096,64x128x32_w4_v2,SKIP,BN/WARPS != 16
F8_E4M3_B128,BITSHIFT,U(-1,1),64,4096,4096,64x128x32_w4_v2,SKIP,BN/WARPS != 16
F8_E4M3_B128,LUT,U(-1,1),64,4096,4096,128x64x32_w4_v3,OK,ms=0.834,tflops=2.57,gbps=22.8,maxabs=2.289e-04,p99=4.578e-05,rel=4.819e-07
F8_E4M3_B128,BITSHIFT,U(-1,1),64,4096,4096,128x64x32_w4_v3,SKIP,opt only LUT path
F8_E4M3_B128,LUT,U(-1,1),64,4096,4096,128x128x32_w4_v3,SKIP,BN/WARPS != 16
F8_E4M3_B128,BITSHIFT,U(-1,1),64,4096,4096,128x128x32_w4_v3,SKIP,BN/WARPS != 16
F8_E4M3_B128,LUT,U(-1,1),64,4096,4096,128x256x32_w8_v3,SKIP,BN/WARPS != 16
F8_E4M3_B128,BITSHIFT,U(-1,1),64,4096,4096,128x256x32_w8_v3,SKIP,BN/WARPS != 16
F8_E4M3_B128,LUT,U(-1,1),64,4096,4096,64x64x32_w4_v3,OK,ms=0.739,tflops=2.91,gbps=25.7,maxabs=2.289e-04,p99=4.578e-05,rel=4.819e-07
F8_E4M3_B128,BITSHIFT,U(-1,1),64,4096,4096,64x64x32_w4_v3,SKIP,opt only LUT path
F8_E4M3_B128,LUT,U(-1,1),64,4096,4096,64x128x32_w4_v3,SKIP,BN/WARPS != 16
F8_E4M3_B128,BITSHIFT,U(-1,1),64,4096,4096,64x128x32_w4_v3,SKIP,BN/WARPS != 16
F8_E4M3_B128,LUT,U(-1,1),128,4096,4096,16x64x32_w4,OK,ms=1.328,tflops=3.23,gbps=15.9,maxabs=2.213e-04,p99=4.196e-05,rel=4.318e-07
F8_E4M3_B128,BITSHIFT,U(-1,1),128,4096,4096,16x64x32_w4,OK,ms=1.547,tflops=2.78,gbps=13.6,maxabs=8.392e-05,p99=2.670e-05,rel=3.636e-07
F8_E4M3_B128,LUT,U(-1,1),128,4096,4096,16x128x32_w8,OK,ms=1.383,tflops=3.11,gbps=15.3,maxabs=2.213e-04,p99=4.196e-05,rel=4.318e-07
F8_E4M3_B128,BITSHIFT,U(-1,1),128,4096,4096,16x128x32_w8,OK,ms=1.684,tflops=2.55,gbps=12.5,maxabs=8.392e-05,p99=2.670e-05,rel=3.636e-07
F8_E4M3_B128,LUT,U(-1,1),128,4096,4096,16x128x32_w4f2,SKIP,BN/WARPS != 16
F8_E4M3_B128,BITSHIFT,U(-1,1),128,4096,4096,16x128x32_w4f2,SKIP,BN/WARPS != 16
F8_E4M3_B128,LUT,U(-1,1),128,4096,4096,16x256x32_w4f4,SKIP,BN/WARPS != 16
F8_E4M3_B128,BITSHIFT,U(-1,1),128,4096,4096,16x256x32_w4f4,SKIP,BN/WARPS != 16
F8_E4M3_B128,LUT,U(-1,1),128,4096,4096,128x64x32_w4_v1,SKIP,no template
F8_E4M3_B128,BITSHIFT,U(-1,1),128,4096,4096,128x64x32_w4_v1,SKIP,opt only LUT path
F8_E4M3_B128,LUT,U(-1,1),128,4096,4096,128x128x32_w4_v1,SKIP,BN/WARPS != 16
F8_E4M3_B128,BITSHIFT,U(-1,1),128,4096,4096,128x128x32_w4_v1,SKIP,BN/WARPS != 16
F8_E4M3_B128,LUT,U(-1,1),128,4096,4096,128x256x32_w4_v1,SKIP,BN/WARPS != 16
F8_E4M3_B128,BITSHIFT,U(-1,1),128,4096,4096,128x256x32_w4_v1,SKIP,BN/WARPS != 16
F8_E4M3_B128,LUT,U(-1,1),128,4096,4096,128x256x32_w8_v1,SKIP,BN/WARPS != 16
F8_E4M3_B128,BITSHIFT,U(-1,1),128,4096,4096,128x256x32_w8_v1,SKIP,BN/WARPS != 16
F8_E4M3_B128,LUT,U(-1,1),128,4096,4096,64x64x32_w4_v1,SKIP,no template
F8_E4M3_B128,BITSHIFT,U(-1,1),128,4096,4096,64x64x32_w4_v1,SKIP,opt only LUT path
F8_E4M3_B128,LUT,U(-1,1),128,4096,4096,64x128x32_w4_v1,SKIP,BN/WARPS != 16
F8_E4M3_B128,BITSHIFT,U(-1,1),128,4096,4096,64x128x32_w4_v1,SKIP,BN/WARPS != 16
F8_E4M3_B128,LUT,U(-1,1),128,4096,4096,128x64x32_w4_v2,OK,ms=1.400,tflops=3.07,gbps=15.1,maxabs=2.213e-04,p99=4.196e-05,rel=4.318e-07
F8_E4M3_B128,BITSHIFT,U(-1,1),128,4096,4096,128x64x32_w4_v2,SKIP,opt only LUT path
F8_E4M3_B128,LUT,U(-1,1),128,4096,4096,128x128x32_w4_v2,SKIP,BN/WARPS != 16
F8_E4M3_B128,BITSHIFT,U(-1,1),128,4096,4096,128x128x32_w4_v2,SKIP,BN/WARPS != 16
F8_E4M3_B128,LUT,U(-1,1),128,4096,4096,128x256x32_w4_v2,SKIP,BN/WARPS != 16
F8_E4M3_B128,BITSHIFT,U(-1,1),128,4096,4096,128x256x32_w4_v2,SKIP,BN/WARPS != 16
F8_E4M3_B128,LUT,U(-1,1),128,4096,4096,128x256x32_w8_v2,SKIP,BN/WARPS != 16
F8_E4M3_B128,BITSHIFT,U(-1,1),128,4096,4096,128x256x32_w8_v2,SKIP,BN/WARPS != 16
F8_E4M3_B128,LUT,U(-1,1),128,4096,4096,64x64x32_w4_v2,OK,ms=1.294,tflops=3.32,gbps=16.3,maxabs=2.213e-04,p99=4.196e-05,rel=4.318e-07
F8_E4M3_B128,BITSHIFT,U(-1,1),128,4096,4096,64x64x32_w4_v2,SKIP,opt only LUT path
F8_E4M3_B128,LUT,U(-1,1),128,4096,4096,64x128x32_w4_v2,SKIP,BN/WARPS != 16
F8_E4M3_B128,BITSHIFT,U(-1,1),128,4096,4096,64x128x32_w4_v2,SKIP,BN/WARPS != 16
F8_E4M3_B128,LUT,U(-1,1),128,4096,4096,128x64x32_w4_v3,OK,ms=0.872,tflops=4.93,gbps=24.2,maxabs=2.213e-04,p99=4.196e-05,rel=4.318e-07
F8_E4M3_B128,BITSHIFT,U(-1,1),128,4096,4096,128x64x32_w4_v3,SKIP,opt only LUT path
F8_E4M3_B128,LUT,U(-1,1),128,4096,4096,128x128x32_w4_v3,SKIP,BN/WARPS != 16
F8_E4M3_B128,BITSHIFT,U(-1,1),128,4096,4096,128x128x32_w4_v3,SKIP,BN/WARPS != 16
F8_E4M3_B128,LUT,U(-1,1),128,4096,4096,128x256x32_w8_v3,SKIP,BN/WARPS != 16
F8_E4M3_B128,BITSHIFT,U(-1,1),128,4096,4096,128x256x32_w8_v3,SKIP,BN/WARPS != 16
F8_E4M3_B128,LUT,U(-1,1),128,4096,4096,64x64x32_w4_v3,OK,ms=0.747,tflops=5.75,gbps=28.2,maxabs=2.213e-04,p99=4.196e-05,rel=4.318e-07
F8_E4M3_B128,BITSHIFT,U(-1,1),128,4096,4096,64x64x32_w4_v3,SKIP,opt only LUT path
F8_E4M3_B128,LUT,U(-1,1),128,4096,4096,64x128x32_w4_v3,SKIP,BN/WARPS != 16
F8_E4M3_B128,BITSHIFT,U(-1,1),128,4096,4096,64x128x32_w4_v3,SKIP,BN/WARPS != 16
F8_E4M3_B128,LUT,U(-1,1),256,4096,4096,16x64x32_w4,OK,ms=2.722,tflops=3.16,gbps=9.3,maxabs=2.136e-04,p99=4.387e-05,rel=4.731e-07
F8_E4M3_B128,BITSHIFT,U(-1,1),256,4096,4096,16x64x32_w4,OK,ms=3.246,tflops=2.65,gbps=7.8,maxabs=7.629e-05,p99=2.289e-05,rel=2.899e-07
F8_E4M3_B128,LUT,U(-1,1),256,4096,4096,16x128x32_w8,OK,ms=2.774,tflops=3.10,gbps=9.1,maxabs=2.136e-04,p99=4.387e-05,rel=4.731e-07
F8_E4M3_B128,BITSHIFT,U(-1,1),256,4096,4096,16x128x32_w8,OK,ms=3.425,tflops=2.51,gbps=7.4,maxabs=7.629e-05,p99=2.289e-05,rel=2.899e-07
F8_E4M3_B128,LUT,U(-1,1),256,4096,4096,16x128x32_w4f2,SKIP,BN/WARPS != 16
F8_E4M3_B128,BITSHIFT,U(-1,1),256,4096,4096,16x128x32_w4f2,SKIP,BN/WARPS != 16
F8_E4M3_B128,LUT,U(-1,1),256,4096,4096,16x256x32_w4f4,SKIP,BN/WARPS != 16
F8_E4M3_B128,BITSHIFT,U(-1,1),256,4096,4096,16x256x32_w4f4,SKIP,BN/WARPS != 16
F8_E4M3_B128,LUT,U(-1,1),256,4096,4096,128x64x32_w4_v1,SKIP,no template
F8_E4M3_B128,BITSHIFT,U(-1,1),256,4096,4096,128x64x32_w4_v1,SKIP,opt only LUT path
F8_E4M3_B128,LUT,U(-1,1),256,4096,4096,128x128x32_w4_v1,SKIP,BN/WARPS != 16
F8_E4M3_B128,BITSHIFT,U(-1,1),256,4096,4096,128x128x32_w4_v1,SKIP,BN/WARPS != 16
F8_E4M3_B128,LUT,U(-1,1),256,4096,4096,128x256x32_w4_v1,SKIP,BN/WARPS != 16
F8_E4M3_B128,BITSHIFT,U(-1,1),256,4096,4096,128x256x32_w4_v1,SKIP,BN/WARPS != 16
F8_E4M3_B128,LUT,U(-1,1),256,4096,4096,128x256x32_w8_v1,SKIP,BN/WARPS != 16
F8_E4M3_B128,BITSHIFT,U(-1,1),256,4096,4096,128x256x32_w8_v1,SKIP,BN/WARPS != 16
F8_E4M3_B128,LUT,U(-1,1),256,4096,4096,64x64x32_w4_v1,SKIP,no template
F8_E4M3_B128,BITSHIFT,U(-1,1),256,4096,4096,64x64x32_w4_v1,SKIP,opt only LUT path
F8_E4M3_B128,LUT,U(-1,1),256,4096,4096,64x128x32_w4_v1,SKIP,BN/WARPS != 16
F8_E4M3_B128,BITSHIFT,U(-1,1),256,4096,4096,64x128x32_w4_v1,SKIP,BN/WARPS != 16
F8_E4M3_B128,LUT,U(-1,1),256,4096,4096,128x64x32_w4_v2,OK,ms=1.439,tflops=5.97,gbps=17.6,maxabs=2.136e-04,p99=4.387e-05,rel=4.731e-07
F8_E4M3_B128,BITSHIFT,U(-1,1),256,4096,4096,128x64x32_w4_v2,SKIP,opt only LUT path
F8_E4M3_B128,LUT,U(-1,1),256,4096,4096,128x128x32_w4_v2,SKIP,BN/WARPS != 16
F8_E4M3_B128,BITSHIFT,U(-1,1),256,4096,4096,128x128x32_w4_v2,SKIP,BN/WARPS != 16
F8_E4M3_B128,LUT,U(-1,1),256,4096,4096,128x256x32_w4_v2,SKIP,BN/WARPS != 16
F8_E4M3_B128,BITSHIFT,U(-1,1),256,4096,4096,128x256x32_w4_v2,SKIP,BN/WARPS != 16
F8_E4M3_B128,LUT,U(-1,1),256,4096,4096,128x256x32_w8_v2,SKIP,BN/WARPS != 16
F8_E4M3_B128,BITSHIFT,U(-1,1),256,4096,4096,128x256x32_w8_v2,SKIP,BN/WARPS != 16
F8_E4M3_B128,LUT,U(-1,1),256,4096,4096,64x64x32_w4_v2,OK,ms=1.340,tflops=6.41,gbps=18.9,maxabs=2.136e-04,p99=4.387e-05,rel=4.731e-07
F8_E4M3_B128,BITSHIFT,U(-1,1),256,4096,4096,64x64x32_w4_v2,SKIP,opt only LUT path
F8_E4M3_B128,LUT,U(-1,1),256,4096,4096,64x128x32_w4_v2,SKIP,BN/WARPS != 16
F8_E4M3_B128,BITSHIFT,U(-1,1),256,4096,4096,64x128x32_w4_v2,SKIP,BN/WARPS != 16
F8_E4M3_B128,LUT,U(-1,1),256,4096,4096,128x64x32_w4_v3,OK,ms=0.934,tflops=9.20,gbps=27.1,maxabs=2.136e-04,p99=4.387e-05,rel=4.731e-07
F8_E4M3_B128,BITSHIFT,U(-1,1),256,4096,4096,128x64x32_w4_v3,SKIP,opt only LUT path
F8_E4M3_B128,LUT,U(-1,1),256,4096,4096,128x128x32_w4_v3,SKIP,BN/WARPS != 16
F8_E4M3_B128,BITSHIFT,U(-1,1),256,4096,4096,128x128x32_w4_v3,SKIP,BN/WARPS != 16
F8_E4M3_B128,LUT,U(-1,1),256,4096,4096,128x256x32_w8_v3,SKIP,BN/WARPS != 16
F8_E4M3_B128,BITSHIFT,U(-1,1),256,4096,4096,128x256x32_w8_v3,SKIP,BN/WARPS != 16
F8_E4M3_B128,LUT,U(-1,1),256,4096,4096,64x64x32_w4_v3,OK,ms=0.810,tflops=10.61,gbps=31.2,maxabs=2.136e-04,p99=4.387e-05,rel=4.731e-07
F8_E4M3_B128,BITSHIFT,U(-1,1),256,4096,4096,64x64x32_w4_v3,SKIP,opt only LUT path
F8_E4M3_B128,LUT,U(-1,1),256,4096,4096,64x128x32_w4_v3,SKIP,BN/WARPS != 16
F8_E4M3_B128,BITSHIFT,U(-1,1),256,4096,4096,64x128x32_w4_v3,SKIP,BN/WARPS != 16
F8_E4M3_B128,LUT,U(-1,1),512,4096,4096,16x64x32_w4,OK,ms=4.422,tflops=3.88,gbps=7.6,maxabs=2.213e-04,p99=4.196e-05,rel=4.310e-07
F8_E4M3_B128,BITSHIFT,U(-1,1),512,4096,4096,16x64x32_w4,OK,ms=6.304,tflops=2.73,gbps=5.3,maxabs=1.068e-04,p99=2.670e-05,rel=3.623e-07
F8_E4M3_B128,LUT,U(-1,1),512,4096,4096,16x128x32_w8,OK,ms=5.563,tflops=3.09,gbps=6.1,maxabs=2.213e-04,p99=4.196e-05,rel=4.310e-07
F8_E4M3_B128,BITSHIFT,U(-1,1),512,4096,4096,16x128x32_w8,OK,ms=6.692,tflops=2.57,gbps=5.0,maxabs=1.068e-04,p99=2.670e-05,rel=3.623e-07
F8_E4M3_B128,LUT,U(-1,1),512,4096,4096,16x128x32_w4f2,SKIP,BN/WARPS != 16
F8_E4M3_B128,BITSHIFT,U(-1,1),512,4096,4096,16x128x32_w4f2,SKIP,BN/WARPS != 16
F8_E4M3_B128,LUT,U(-1,1),512,4096,4096,16x256x32_w4f4,SKIP,BN/WARPS != 16
F8_E4M3_B128,BITSHIFT,U(-1,1),512,4096,4096,16x256x32_w4f4,SKIP,BN/WARPS != 16
F8_E4M3_B128,LUT,U(-1,1),512,4096,4096,128x64x32_w4_v1,SKIP,no template
F8_E4M3_B128,BITSHIFT,U(-1,1),512,4096,4096,128x64x32_w4_v1,SKIP,opt only LUT path
F8_E4M3_B128,LUT,U(-1,1),512,4096,4096,128x128x32_w4_v1,SKIP,BN/WARPS != 16
F8_E4M3_B128,BITSHIFT,U(-1,1),512,4096,4096,128x128x32_w4_v1,SKIP,BN/WARPS != 16
F8_E4M3_B128,LUT,U(-1,1),512,4096,4096,128x256x32_w4_v1,SKIP,BN/WARPS != 16
F8_E4M3_B128,BITSHIFT,U(-1,1),512,4096,4096,128x256x32_w4_v1,SKIP,BN/WARPS != 16
F8_E4M3_B128,LUT,U(-1,1),512,4096,4096,128x256x32_w8_v1,SKIP,BN/WARPS != 16
F8_E4M3_B128,BITSHIFT,U(-1,1),512,4096,4096,128x256x32_w8_v1,SKIP,BN/WARPS != 16
F8_E4M3_B128,LUT,U(-1,1),512,4096,4096,64x64x32_w4_v1,SKIP,no template
F8_E4M3_B128,BITSHIFT,U(-1,1),512,4096,4096,64x64x32_w4_v1,SKIP,opt only LUT path
F8_E4M3_B128,LUT,U(-1,1),512,4096,4096,64x128x32_w4_v1,SKIP,BN/WARPS != 16
F8_E4M3_B128,BITSHIFT,U(-1,1),512,4096,4096,64x128x32_w4_v1,SKIP,BN/WARPS != 16
F8_E4M3_B128,LUT,U(-1,1),512,4096,4096,128x64x32_w4_v2,OK,ms=1.594,tflops=10.78,gbps=21.1,maxabs=2.213e-04,p99=4.196e-05,rel=4.310e-07
F8_E4M3_B128,BITSHIFT,U(-1,1),512,4096,4096,128x64x32_w4_v2,SKIP,opt only LUT path
F8_E4M3_B128,LUT,U(-1,1),512,4096,4096,128x128x32_w4_v2,SKIP,BN/WARPS != 16
F8_E4M3_B128,BITSHIFT,U(-1,1),512,4096,4096,128x128x32_w4_v2,SKIP,BN/WARPS != 16
F8_E4M3_B128,LUT,U(-1,1),512,4096,4096,128x256x32_w4_v2,SKIP,BN/WARPS != 16
F8_E4M3_B128,BITSHIFT,U(-1,1),512,4096,4096,128x256x32_w4_v2,SKIP,BN/WARPS != 16
F8_E4M3_B128,LUT,U(-1,1),512,4096,4096,128x256x32_w8_v2,SKIP,BN/WARPS != 16
F8_E4M3_B128,BITSHIFT,U(-1,1),512,4096,4096,128x256x32_w8_v2,SKIP,BN/WARPS != 16
F8_E4M3_B128,LUT,U(-1,1),512,4096,4096,64x64x32_w4_v2,OK,ms=2.798,tflops=6.14,gbps=12.0,maxabs=2.213e-04,p99=4.196e-05,rel=4.310e-07
F8_E4M3_B128,BITSHIFT,U(-1,1),512,4096,4096,64x64x32_w4_v2,SKIP,opt only LUT path
F8_E4M3_B128,LUT,U(-1,1),512,4096,4096,64x128x32_w4_v2,SKIP,BN/WARPS != 16
F8_E4M3_B128,BITSHIFT,U(-1,1),512,4096,4096,64x128x32_w4_v2,SKIP,BN/WARPS != 16
F8_E4M3_B128,LUT,U(-1,1),512,4096,4096,128x64x32_w4_v3,OK,ms=2.122,tflops=8.10,gbps=15.9,maxabs=2.213e-04,p99=4.196e-05,rel=4.310e-07
F8_E4M3_B128,BITSHIFT,U(-1,1),512,4096,4096,128x64x32_w4_v3,SKIP,opt only LUT path
F8_E4M3_B128,LUT,U(-1,1),512,4096,4096,128x128x32_w4_v3,SKIP,BN/WARPS != 16
F8_E4M3_B128,BITSHIFT,U(-1,1),512,4096,4096,128x128x32_w4_v3,SKIP,BN/WARPS != 16
F8_E4M3_B128,LUT,U(-1,1),512,4096,4096,128x256x32_w8_v3,SKIP,BN/WARPS != 16
F8_E4M3_B128,BITSHIFT,U(-1,1),512,4096,4096,128x256x32_w8_v3,SKIP,BN/WARPS != 16
F8_E4M3_B128,LUT,U(-1,1),512,4096,4096,64x64x32_w4_v3,OK,ms=1.795,tflops=9.57,gbps=18.8,maxabs=2.213e-04,p99=4.196e-05,rel=4.310e-07
F8_E4M3_B128,BITSHIFT,U(-1,1),512,4096,4096,64x64x32_w4_v3,SKIP,opt only LUT path
F8_E4M3_B128,LUT,U(-1,1),512,4096,4096,64x128x32_w4_v3,SKIP,BN/WARPS != 16
F8_E4M3_B128,BITSHIFT,U(-1,1),512,4096,4096,64x128x32_w4_v3,SKIP,BN/WARPS != 16
F8_E4M3_B128,LUT,U(-1,1),1024,4096,4096,16x64x32_w4,OK,ms=8.820,tflops=3.90,gbps=5.7,maxabs=0.000e+00,p99=0.000e+00,rel=0.000e+00
F8_E4M3_B128,BITSHIFT,U(-1,1),1024,4096,4096,16x64x32_w4,OK,ms=11.169,tflops=3.08,gbps=4.5,maxabs=2.975e-04,p99=4.959e-05,rel=5.638e-07
F8_E4M3_B128,LUT,U(-1,1),1024,4096,4096,16x128x32_w8,OK,ms=9.841,tflops=3.49,gbps=5.1,maxabs=0.000e+00,p99=0.000e+00,rel=0.000e+00
F8_E4M3_B128,BITSHIFT,U(-1,1),1024,4096,4096,16x128x32_w8,OK,ms=11.981,tflops=2.87,gbps=4.2,maxabs=2.975e-04,p99=4.959e-05,rel=5.638e-07
F8_E4M3_B128,LUT,U(-1,1),1024,4096,4096,16x128x32_w4f2,SKIP,BN/WARPS != 16
F8_E4M3_B128,BITSHIFT,U(-1,1),1024,4096,4096,16x128x32_w4f2,SKIP,BN/WARPS != 16
F8_E4M3_B128,LUT,U(-1,1),1024,4096,4096,16x256x32_w4f4,SKIP,BN/WARPS != 16
F8_E4M3_B128,BITSHIFT,U(-1,1),1024,4096,4096,16x256x32_w4f4,SKIP,BN/WARPS != 16
F8_E4M3_B128,LUT,U(-1,1),1024,4096,4096,128x64x32_w4_v1,SKIP,no template
F8_E4M3_B128,BITSHIFT,U(-1,1),1024,4096,4096,128x64x32_w4_v1,SKIP,opt only LUT path
F8_E4M3_B128,LUT,U(-1,1),1024,4096,4096,128x128x32_w4_v1,SKIP,BN/WARPS != 16
F8_E4M3_B128,BITSHIFT,U(-1,1),1024,4096,4096,128x128x32_w4_v1,SKIP,BN/WARPS != 16
F8_E4M3_B128,LUT,U(-1,1),1024,4096,4096,128x256x32_w4_v1,SKIP,BN/WARPS != 16
F8_E4M3_B128,BITSHIFT,U(-1,1),1024,4096,4096,128x256x32_w4_v1,SKIP,BN/WARPS != 16
F8_E4M3_B128,LUT,U(-1,1),1024,4096,4096,128x256x32_w8_v1,SKIP,BN/WARPS != 16
F8_E4M3_B128,BITSHIFT,U(-1,1),1024,4096,4096,128x256x32_w8_v1,SKIP,BN/WARPS != 16
F8_E4M3_B128,LUT,U(-1,1),1024,4096,4096,64x64x32_w4_v1,SKIP,no template
F8_E4M3_B128,BITSHIFT,U(-1,1),1024,4096,4096,64x64x32_w4_v1,SKIP,opt only LUT path
F8_E4M3_B128,LUT,U(-1,1),1024,4096,4096,64x128x32_w4_v1,SKIP,BN/WARPS != 16
F8_E4M3_B128,BITSHIFT,U(-1,1),1024,4096,4096,64x128x32_w4_v1,SKIP,BN/WARPS != 16
F8_E4M3_B128,LUT,U(-1,1),1024,4096,4096,128x64x32_w4_v2,OK,ms=3.250,tflops=10.57,gbps=15.5,maxabs=0.000e+00,p99=0.000e+00,rel=0.000e+00
F8_E4M3_B128,BITSHIFT,U(-1,1),1024,4096,4096,128x64x32_w4_v2,SKIP,opt only LUT path
F8_E4M3_B128,LUT,U(-1,1),1024,4096,4096,128x128x32_w4_v2,SKIP,BN/WARPS != 16
F8_E4M3_B128,BITSHIFT,U(-1,1),1024,4096,4096,128x128x32_w4_v2,SKIP,BN/WARPS != 16
F8_E4M3_B128,LUT,U(-1,1),1024,4096,4096,128x256x32_w4_v2,SKIP,BN/WARPS != 16
F8_E4M3_B128,BITSHIFT,U(-1,1),1024,4096,4096,128x256x32_w4_v2,SKIP,BN/WARPS != 16
F8_E4M3_B128,LUT,U(-1,1),1024,4096,4096,128x256x32_w8_v2,SKIP,BN/WARPS != 16
F8_E4M3_B128,BITSHIFT,U(-1,1),1024,4096,4096,128x256x32_w8_v2,SKIP,BN/WARPS != 16
F8_E4M3_B128,LUT,U(-1,1),1024,4096,4096,64x64x32_w4_v2,OK,ms=4.219,tflops=8.14,gbps=12.0,maxabs=0.000e+00,p99=0.000e+00,rel=0.000e+00
F8_E4M3_B128,BITSHIFT,U(-1,1),1024,4096,4096,64x64x32_w4_v2,SKIP,opt only LUT path
F8_E4M3_B128,LUT,U(-1,1),1024,4096,4096,64x128x32_w4_v2,SKIP,BN/WARPS != 16
F8_E4M3_B128,BITSHIFT,U(-1,1),1024,4096,4096,64x128x32_w4_v2,SKIP,BN/WARPS != 16
F8_E4M3_B128,LUT,U(-1,1),1024,4096,4096,128x64x32_w4_v3,OK,ms=3.294,tflops=10.43,gbps=15.3,maxabs=0.000e+00,p99=0.000e+00,rel=0.000e+00
F8_E4M3_B128,BITSHIFT,U(-1,1),1024,4096,4096,128x64x32_w4_v3,SKIP,opt only LUT path
F8_E4M3_B128,LUT,U(-1,1),1024,4096,4096,128x128x32_w4_v3,SKIP,BN/WARPS != 16
F8_E4M3_B128,BITSHIFT,U(-1,1),1024,4096,4096,128x128x32_w4_v3,SKIP,BN/WARPS != 16
F8_E4M3_B128,LUT,U(-1,1),1024,4096,4096,128x256x32_w8_v3,SKIP,BN/WARPS != 16
F8_E4M3_B128,BITSHIFT,U(-1,1),1024,4096,4096,128x256x32_w8_v3,SKIP,BN/WARPS != 16
F8_E4M3_B128,LUT,U(-1,1),1024,4096,4096,64x64x32_w4_v3,OK,ms=2.699,tflops=12.73,gbps=18.7,maxabs=0.000e+00,p99=0.000e+00,rel=0.000e+00
F8_E4M3_B128,BITSHIFT,U(-1,1),1024,4096,4096,64x64x32_w4_v3,SKIP,opt only LUT path
F8_E4M3_B128,LUT,U(-1,1),1024,4096,4096,64x128x32_w4_v3,SKIP,BN/WARPS != 16
F8_E4M3_B128,BITSHIFT,U(-1,1),1024,4096,4096,64x128x32_w4_v3,SKIP,BN/WARPS != 16
F8_E4M3_B128,LUT,U(-1,1),2048,4096,4096,16x64x32_w4,OK,ms=17.605,tflops=3.90,gbps=4.8,maxabs=0.000e+00,p99=0.000e+00,rel=0.000e+00
F8_E4M3_B128,BITSHIFT,U(-1,1),2048,4096,4096,16x64x32_w4,OK,ms=21.126,tflops=3.25,gbps=4.0,maxabs=2.975e-04,p99=4.959e-05,rel=5.641e-07
F8_E4M3_B128,LUT,U(-1,1),2048,4096,4096,16x128x32_w8,OK,ms=18.432,tflops=3.73,gbps=4.6,maxabs=0.000e+00,p99=0.000e+00,rel=0.000e+00
F8_E4M3_B128,BITSHIFT,U(-1,1),2048,4096,4096,16x128x32_w8,OK,ms=22.376,tflops=3.07,gbps=3.8,maxabs=2.975e-04,p99=4.959e-05,rel=5.641e-07
F8_E4M3_B128,LUT,U(-1,1),2048,4096,4096,16x128x32_w4f2,SKIP,BN/WARPS != 16
F8_E4M3_B128,BITSHIFT,U(-1,1),2048,4096,4096,16x128x32_w4f2,SKIP,BN/WARPS != 16
F8_E4M3_B128,LUT,U(-1,1),2048,4096,4096,16x256x32_w4f4,SKIP,BN/WARPS != 16
F8_E4M3_B128,BITSHIFT,U(-1,1),2048,4096,4096,16x256x32_w4f4,SKIP,BN/WARPS != 16
F8_E4M3_B128,LUT,U(-1,1),2048,4096,4096,128x64x32_w4_v1,SKIP,no template
F8_E4M3_B128,BITSHIFT,U(-1,1),2048,4096,4096,128x64x32_w4_v1,SKIP,opt only LUT path
F8_E4M3_B128,LUT,U(-1,1),2048,4096,4096,128x128x32_w4_v1,SKIP,BN/WARPS != 16
F8_E4M3_B128,BITSHIFT,U(-1,1),2048,4096,4096,128x128x32_w4_v1,SKIP,BN/WARPS != 16
F8_E4M3_B128,LUT,U(-1,1),2048,4096,4096,128x256x32_w4_v1,SKIP,BN/WARPS != 16
F8_E4M3_B128,BITSHIFT,U(-1,1),2048,4096,4096,128x256x32_w4_v1,SKIP,BN/WARPS != 16
F8_E4M3_B128,LUT,U(-1,1),2048,4096,4096,128x256x32_w8_v1,SKIP,BN/WARPS != 16
F8_E4M3_B128,BITSHIFT,U(-1,1),2048,4096,4096,128x256x32_w8_v1,SKIP,BN/WARPS != 16
F8_E4M3_B128,LUT,U(-1,1),2048,4096,4096,64x64x32_w4_v1,SKIP,no template
F8_E4M3_B128,BITSHIFT,U(-1,1),2048,4096,4096,64x64x32_w4_v1,SKIP,opt only LUT path
F8_E4M3_B128,LUT,U(-1,1),2048,4096,4096,64x128x32_w4_v1,SKIP,BN/WARPS != 16
F8_E4M3_B128,BITSHIFT,U(-1,1),2048,4096,4096,64x128x32_w4_v1,SKIP,BN/WARPS != 16
F8_E4M3_B128,LUT,U(-1,1),2048,4096,4096,128x64x32_w4_v2,OK,ms=6.466,tflops=10.63,gbps=13.0,maxabs=0.000e+00,p99=0.000e+00,rel=0.000e+00
F8_E4M3_B128,BITSHIFT,U(-1,1),2048,4096,4096,128x64x32_w4_v2,SKIP,opt only LUT path
F8_E4M3_B128,LUT,U(-1,1),2048,4096,4096,128x128x32_w4_v2,SKIP,BN/WARPS != 16
F8_E4M3_B128,BITSHIFT,U(-1,1),2048,4096,4096,128x128x32_w4_v2,SKIP,BN/WARPS != 16
F8_E4M3_B128,LUT,U(-1,1),2048,4096,4096,128x256x32_w4_v2,SKIP,BN/WARPS != 16
F8_E4M3_B128,BITSHIFT,U(-1,1),2048,4096,4096,128x256x32_w4_v2,SKIP,BN/WARPS != 16
F8_E4M3_B128,LUT,U(-1,1),2048,4096,4096,128x256x32_w8_v2,SKIP,BN/WARPS != 16
F8_E4M3_B128,BITSHIFT,U(-1,1),2048,4096,4096,128x256x32_w8_v2,SKIP,BN/WARPS != 16
F8_E4M3_B128,LUT,U(-1,1),2048,4096,4096,64x64x32_w4_v2,OK,ms=8.392,tflops=8.19,gbps=10.0,maxabs=0.000e+00,p99=0.000e+00,rel=0.000e+00
F8_E4M3_B128,BITSHIFT,U(-1,1),2048,4096,4096,64x64x32_w4_v2,SKIP,opt only LUT path
F8_E4M3_B128,LUT,U(-1,1),2048,4096,4096,64x128x32_w4_v2,SKIP,BN/WARPS != 16
F8_E4M3_B128,BITSHIFT,U(-1,1),2048,4096,4096,64x128x32_w4_v2,SKIP,BN/WARPS != 16
F8_E4M3_B128,LUT,U(-1,1),2048,4096,4096,128x64x32_w4_v3,OK,ms=5.557,tflops=12.37,gbps=15.1,maxabs=0.000e+00,p99=0.000e+00,rel=0.000e+00
F8_E4M3_B128,BITSHIFT,U(-1,1),2048,4096,4096,128x64x32_w4_v3,SKIP,opt only LUT path
F8_E4M3_B128,LUT,U(-1,1),2048,4096,4096,128x128x32_w4_v3,SKIP,BN/WARPS != 16
F8_E4M3_B128,BITSHIFT,U(-1,1),2048,4096,4096,128x128x32_w4_v3,SKIP,BN/WARPS != 16
F8_E4M3_B128,LUT,U(-1,1),2048,4096,4096,128x256x32_w8_v3,SKIP,BN/WARPS != 16
F8_E4M3_B128,BITSHIFT,U(-1,1),2048,4096,4096,128x256x32_w8_v3,SKIP,BN/WARPS != 16
F8_E4M3_B128,LUT,U(-1,1),2048,4096,4096,64x64x32_w4_v3,OK,ms=5.270,tflops=13.04,gbps=15.9,maxabs=0.000e+00,p99=0.000e+00,rel=0.000e+00
F8_E4M3_B128,BITSHIFT,U(-1,1),2048,4096,4096,64x64x32_w4_v3,SKIP,opt only LUT path
F8_E4M3_B128,LUT,U(-1,1),2048,4096,4096,64x128x32_w4_v3,SKIP,BN/WARPS != 16
F8_E4M3_B128,BITSHIFT,U(-1,1),2048,4096,4096,64x128x32_w4_v3,SKIP,BN/WARPS != 16
F8_E4M3_B128,LUT,U(-1,1),1,7168,7168,16x64x32_w4,OK,ms=2.006,tflops=0.05,gbps=25.8,maxabs=1.831e-02,p99=1.308e-02,rel=1.819e-04
F8_E4M3_B128,BITSHIFT,U(-1,1),1,7168,7168,16x64x32_w4,OK,ms=2.212,tflops=0.05,gbps=23.4,maxabs=1.832e-02,p99=1.310e-02,rel=1.819e-04
F8_E4M3_B128,LUT,U(-1,1),1,7168,7168,16x128x32_w8,OK,ms=2.206,tflops=0.05,gbps=23.5,maxabs=1.831e-02,p99=1.308e-02,rel=1.819e-04
F8_E4M3_B128,BITSHIFT,U(-1,1),1,7168,7168,16x128x32_w8,OK,ms=2.409,tflops=0.04,gbps=21.5,maxabs=1.832e-02,p99=1.310e-02,rel=1.819e-04
F8_E4M3_B128,LUT,U(-1,1),1,7168,7168,16x128x32_w4f2,SKIP,BN/WARPS != 16
F8_E4M3_B128,BITSHIFT,U(-1,1),1,7168,7168,16x128x32_w4f2,SKIP,BN/WARPS != 16
F8_E4M3_B128,LUT,U(-1,1),1,7168,7168,16x256x32_w4f4,SKIP,BN/WARPS != 16
F8_E4M3_B128,BITSHIFT,U(-1,1),1,7168,7168,16x256x32_w4f4,SKIP,BN/WARPS != 16
F8_E4M3_B128,LUT,U(-1,1),1,7168,7168,128x64x32_w4_v1,SKIP,no template
F8_E4M3_B128,BITSHIFT,U(-1,1),1,7168,7168,128x64x32_w4_v1,SKIP,opt only LUT path
F8_E4M3_B128,LUT,U(-1,1),1,7168,7168,128x128x32_w4_v1,SKIP,BN/WARPS != 16
F8_E4M3_B128,BITSHIFT,U(-1,1),1,7168,7168,128x128x32_w4_v1,SKIP,BN/WARPS != 16
F8_E4M3_B128,LUT,U(-1,1),1,7168,7168,128x256x32_w4_v1,SKIP,BN/WARPS != 16
F8_E4M3_B128,BITSHIFT,U(-1,1),1,7168,7168,128x256x32_w4_v1,SKIP,BN/WARPS != 16
F8_E4M3_B128,LUT,U(-1,1),1,7168,7168,128x256x32_w8_v1,SKIP,BN/WARPS != 16
F8_E4M3_B128,BITSHIFT,U(-1,1),1,7168,7168,128x256x32_w8_v1,SKIP,BN/WARPS != 16
F8_E4M3_B128,LUT,U(-1,1),1,7168,7168,64x64x32_w4_v1,SKIP,no template
F8_E4M3_B128,BITSHIFT,U(-1,1),1,7168,7168,64x64x32_w4_v1,SKIP,opt only LUT path
F8_E4M3_B128,LUT,U(-1,1),1,7168,7168,64x128x32_w4_v1,SKIP,BN/WARPS != 16
F8_E4M3_B128,BITSHIFT,U(-1,1),1,7168,7168,64x128x32_w4_v1,SKIP,BN/WARPS != 16
F8_E4M3_B128,LUT,U(-1,1),1,7168,7168,128x64x32_w4_v2,OK,ms=2.607,tflops=0.04,gbps=19.9,maxabs=1.831e-02,p99=1.308e-02,rel=1.819e-04
F8_E4M3_B128,BITSHIFT,U(-1,1),1,7168,7168,128x64x32_w4_v2,SKIP,opt only LUT path
F8_E4M3_B128,LUT,U(-1,1),1,7168,7168,128x128x32_w4_v2,SKIP,BN/WARPS != 16
F8_E4M3_B128,BITSHIFT,U(-1,1),1,7168,7168,128x128x32_w4_v2,SKIP,BN/WARPS != 16
F8_E4M3_B128,LUT,U(-1,1),1,7168,7168,128x256x32_w4_v2,SKIP,BN/WARPS != 16
F8_E4M3_B128,BITSHIFT,U(-1,1),1,7168,7168,128x256x32_w4_v2,SKIP,BN/WARPS != 16
F8_E4M3_B128,LUT,U(-1,1),1,7168,7168,128x256x32_w8_v2,SKIP,BN/WARPS != 16
F8_E4M3_B128,BITSHIFT,U(-1,1),1,7168,7168,128x256x32_w8_v2,SKIP,BN/WARPS != 16
F8_E4M3_B128,LUT,U(-1,1),1,7168,7168,64x64x32_w4_v2,OK,ms=2.209,tflops=0.05,gbps=23.5,maxabs=1.831e-02,p99=1.308e-02,rel=1.819e-04
F8_E4M3_B128,BITSHIFT,U(-1,1),1,7168,7168,64x64x32_w4_v2,SKIP,opt only LUT path
F8_E4M3_B128,LUT,U(-1,1),1,7168,7168,64x128x32_w4_v2,SKIP,BN/WARPS != 16
F8_E4M3_B128,BITSHIFT,U(-1,1),1,7168,7168,64x128x32_w4_v2,SKIP,BN/WARPS != 16
F8_E4M3_B128,LUT,U(-1,1),1,7168,7168,128x64x32_w4_v3,OK,ms=1.736,tflops=0.06,gbps=29.9,maxabs=1.831e-02,p99=1.308e-02,rel=1.819e-04
F8_E4M3_B128,BITSHIFT,U(-1,1),1,7168,7168,128x64x32_w4_v3,SKIP,opt only LUT path
F8_E4M3_B128,LUT,U(-1,1),1,7168,7168,128x128x32_w4_v3,SKIP,BN/WARPS != 16
F8_E4M3_B128,BITSHIFT,U(-1,1),1,7168,7168,128x128x32_w4_v3,SKIP,BN/WARPS != 16
F8_E4M3_B128,LUT,U(-1,1),1,7168,7168,128x256x32_w8_v3,SKIP,BN/WARPS != 16
F8_E4M3_B128,BITSHIFT,U(-1,1),1,7168,7168,128x256x32_w8_v3,SKIP,BN/WARPS != 16
F8_E4M3_B128,LUT,U(-1,1),1,7168,7168,64x64x32_w4_v3,OK,ms=1.372,tflops=0.07,gbps=37.8,maxabs=1.831e-02,p99=1.308e-02,rel=1.819e-04
F8_E4M3_B128,BITSHIFT,U(-1,1),1,7168,7168,64x64x32_w4_v3,SKIP,opt only LUT path
F8_E4M3_B128,LUT,U(-1,1),1,7168,7168,64x128x32_w4_v3,SKIP,BN/WARPS != 16
F8_E4M3_B128,BITSHIFT,U(-1,1),1,7168,7168,64x128x32_w4_v3,SKIP,BN/WARPS != 16
F8_E4M3_B128,LUT,U(-1,1),16,7168,7168,16x64x32_w4,OK,ms=2.038,tflops=0.81,gbps=25.9,maxabs=3.052e-04,p99=8.202e-05,rel=6.882e-07
F8_E4M3_B128,BITSHIFT,U(-1,1),16,7168,7168,16x64x32_w4,OK,ms=2.311,tflops=0.71,gbps=22.8,maxabs=1.221e-04,p99=3.815e-05,rel=3.888e-07
F8_E4M3_B128,LUT,U(-1,1),16,7168,7168,16x128x32_w8,OK,ms=2.267,tflops=0.73,gbps=23.2,maxabs=3.052e-04,p99=8.202e-05,rel=6.882e-07
F8_E4M3_B128,BITSHIFT,U(-1,1),16,7168,7168,16x128x32_w8,OK,ms=2.548,tflops=0.65,gbps=20.7,maxabs=1.221e-04,p99=3.815e-05,rel=3.888e-07
F8_E4M3_B128,LUT,U(-1,1),16,7168,7168,16x128x32_w4f2,SKIP,BN/WARPS != 16
F8_E4M3_B128,BITSHIFT,U(-1,1),16,7168,7168,16x128x32_w4f2,SKIP,BN/WARPS != 16
F8_E4M3_B128,LUT,U(-1,1),16,7168,7168,16x256x32_w4f4,SKIP,BN/WARPS != 16
F8_E4M3_B128,BITSHIFT,U(-1,1),16,7168,7168,16x256x32_w4f4,SKIP,BN/WARPS != 16
F8_E4M3_B128,LUT,U(-1,1),16,7168,7168,128x64x32_w4_v1,SKIP,no template
F8_E4M3_B128,BITSHIFT,U(-1,1),16,7168,7168,128x64x32_w4_v1,SKIP,opt only LUT path
F8_E4M3_B128,LUT,U(-1,1),16,7168,7168,128x128x32_w4_v1,SKIP,BN/WARPS != 16
F8_E4M3_B128,BITSHIFT,U(-1,1),16,7168,7168,128x128x32_w4_v1,SKIP,BN/WARPS != 16
F8_E4M3_B128,LUT,U(-1,1),16,7168,7168,128x256x32_w4_v1,SKIP,BN/WARPS != 16
F8_E4M3_B128,BITSHIFT,U(-1,1),16,7168,7168,128x256x32_w4_v1,SKIP,BN/WARPS != 16
F8_E4M3_B128,LUT,U(-1,1),16,7168,7168,128x256x32_w8_v1,SKIP,BN/WARPS != 16
F8_E4M3_B128,BITSHIFT,U(-1,1),16,7168,7168,128x256x32_w8_v1,SKIP,BN/WARPS != 16
F8_E4M3_B128,LUT,U(-1,1),16,7168,7168,64x64x32_w4_v1,SKIP,no template
F8_E4M3_B128,BITSHIFT,U(-1,1),16,7168,7168,64x64x32_w4_v1,SKIP,opt only LUT path
F8_E4M3_B128,LUT,U(-1,1),16,7168,7168,64x128x32_w4_v1,SKIP,BN/WARPS != 16
F8_E4M3_B128,BITSHIFT,U(-1,1),16,7168,7168,64x128x32_w4_v1,SKIP,BN/WARPS != 16
F8_E4M3_B128,LUT,U(-1,1),16,7168,7168,128x64x32_w4_v2,OK,ms=2.613,tflops=0.63,gbps=20.2,maxabs=3.052e-04,p99=8.202e-05,rel=6.882e-07
F8_E4M3_B128,BITSHIFT,U(-1,1),16,7168,7168,128x64x32_w4_v2,SKIP,opt only LUT path
F8_E4M3_B128,LUT,U(-1,1),16,7168,7168,128x128x32_w4_v2,SKIP,BN/WARPS != 16
F8_E4M3_B128,BITSHIFT,U(-1,1),16,7168,7168,128x128x32_w4_v2,SKIP,BN/WARPS != 16
F8_E4M3_B128,LUT,U(-1,1),16,7168,7168,128x256x32_w4_v2,SKIP,BN/WARPS != 16
F8_E4M3_B128,BITSHIFT,U(-1,1),16,7168,7168,128x256x32_w4_v2,SKIP,BN/WARPS != 16
F8_E4M3_B128,LUT,U(-1,1),16,7168,7168,128x256x32_w8_v2,SKIP,BN/WARPS != 16
F8_E4M3_B128,BITSHIFT,U(-1,1),16,7168,7168,128x256x32_w8_v2,SKIP,BN/WARPS != 16
F8_E4M3_B128,LUT,U(-1,1),16,7168,7168,64x64x32_w4_v2,OK,ms=2.236,tflops=0.74,gbps=23.6,maxabs=3.052e-04,p99=8.202e-05,rel=6.882e-07
F8_E4M3_B128,BITSHIFT,U(-1,1),16,7168,7168,64x64x32_w4_v2,SKIP,opt only LUT path
F8_E4M3_B128,LUT,U(-1,1),16,7168,7168,64x128x32_w4_v2,SKIP,BN/WARPS != 16
F8_E4M3_B128,BITSHIFT,U(-1,1),16,7168,7168,64x128x32_w4_v2,SKIP,BN/WARPS != 16
F8_E4M3_B128,LUT,U(-1,1),16,7168,7168,128x64x32_w4_v3,OK,ms=1.746,tflops=0.94,gbps=30.2,maxabs=3.052e-04,p99=8.202e-05,rel=6.882e-07
F8_E4M3_B128,BITSHIFT,U(-1,1),16,7168,7168,128x64x32_w4_v3,SKIP,opt only LUT path
F8_E4M3_B128,LUT,U(-1,1),16,7168,7168,128x128x32_w4_v3,SKIP,BN/WARPS != 16
F8_E4M3_B128,BITSHIFT,U(-1,1),16,7168,7168,128x128x32_w4_v3,SKIP,BN/WARPS != 16
F8_E4M3_B128,LUT,U(-1,1),16,7168,7168,128x256x32_w8_v3,SKIP,BN/WARPS != 16
F8_E4M3_B128,BITSHIFT,U(-1,1),16,7168,7168,128x256x32_w8_v3,SKIP,BN/WARPS != 16
F8_E4M3_B128,LUT,U(-1,1),16,7168,7168,64x64x32_w4_v3,OK,ms=1.383,tflops=1.19,gbps=38.1,maxabs=3.052e-04,p99=8.202e-05,rel=6.882e-07
F8_E4M3_B128,BITSHIFT,U(-1,1),16,7168,7168,64x64x32_w4_v3,SKIP,opt only LUT path
F8_E4M3_B128,LUT,U(-1,1),16,7168,7168,64x128x32_w4_v3,SKIP,BN/WARPS != 16
F8_E4M3_B128,BITSHIFT,U(-1,1),16,7168,7168,64x128x32_w4_v3,SKIP,BN/WARPS != 16
F8_E4M3_B128,LUT,U(-1,1),64,7168,7168,16x64x32_w4,OK,ms=2.174,tflops=3.03,gbps=25.5,maxabs=3.281e-04,p99=8.011e-05,rel=6.657e-07
F8_E4M3_B128,BITSHIFT,U(-1,1),64,7168,7168,16x64x32_w4,OK,ms=2.529,tflops=2.60,gbps=21.9,maxabs=1.526e-04,p99=4.196e-05,rel=4.351e-07
F8_E4M3_B128,LUT,U(-1,1),64,7168,7168,16x128x32_w8,OK,ms=2.403,tflops=2.74,gbps=23.1,maxabs=3.281e-04,p99=8.011e-05,rel=6.657e-07
F8_E4M3_B128,BITSHIFT,U(-1,1),64,7168,7168,16x128x32_w8,OK,ms=2.837,tflops=2.32,gbps=19.5,maxabs=1.526e-04,p99=4.196e-05,rel=4.351e-07
F8_E4M3_B128,LUT,U(-1,1),64,7168,7168,16x128x32_w4f2,SKIP,BN/WARPS != 16
F8_E4M3_B128,BITSHIFT,U(-1,1),64,7168,7168,16x128x32_w4f2,SKIP,BN/WARPS != 16
F8_E4M3_B128,LUT,U(-1,1),64,7168,7168,16x256x32_w4f4,SKIP,BN/WARPS != 16
F8_E4M3_B128,BITSHIFT,U(-1,1),64,7168,7168,16x256x32_w4f4,SKIP,BN/WARPS != 16
F8_E4M3_B128,LUT,U(-1,1),64,7168,7168,128x64x32_w4_v1,SKIP,no template
F8_E4M3_B128,BITSHIFT,U(-1,1),64,7168,7168,128x64x32_w4_v1,SKIP,opt only LUT path
F8_E4M3_B128,LUT,U(-1,1),64,7168,7168,128x128x32_w4_v1,SKIP,BN/WARPS != 16
F8_E4M3_B128,BITSHIFT,U(-1,1),64,7168,7168,128x128x32_w4_v1,SKIP,BN/WARPS != 16
F8_E4M3_B128,LUT,U(-1,1),64,7168,7168,128x256x32_w4_v1,SKIP,BN/WARPS != 16
F8_E4M3_B128,BITSHIFT,U(-1,1),64,7168,7168,128x256x32_w4_v1,SKIP,BN/WARPS != 16
F8_E4M3_B128,LUT,U(-1,1),64,7168,7168,128x256x32_w8_v1,SKIP,BN/WARPS != 16
F8_E4M3_B128,BITSHIFT,U(-1,1),64,7168,7168,128x256x32_w8_v1,SKIP,BN/WARPS != 16
F8_E4M3_B128,LUT,U(-1,1),64,7168,7168,64x64x32_w4_v1,SKIP,no template
F8_E4M3_B128,BITSHIFT,U(-1,1),64,7168,7168,64x64x32_w4_v1,SKIP,opt only LUT path
F8_E4M3_B128,LUT,U(-1,1),64,7168,7168,64x128x32_w4_v1,SKIP,BN/WARPS != 16
F8_E4M3_B128,BITSHIFT,U(-1,1),64,7168,7168,64x128x32_w4_v1,SKIP,BN/WARPS != 16
F8_E4M3_B128,LUT,U(-1,1),64,7168,7168,128x64x32_w4_v2,OK,ms=2.620,tflops=2.51,gbps=21.2,maxabs=3.281e-04,p99=8.011e-05,rel=6.657e-07
F8_E4M3_B128,BITSHIFT,U(-1,1),64,7168,7168,128x64x32_w4_v2,SKIP,opt only LUT path
F8_E4M3_B128,LUT,U(-1,1),64,7168,7168,128x128x32_w4_v2,SKIP,BN/WARPS != 16
F8_E4M3_B128,BITSHIFT,U(-1,1),64,7168,7168,128x128x32_w4_v2,SKIP,BN/WARPS != 16
F8_E4M3_B128,LUT,U(-1,1),64,7168,7168,128x256x32_w4_v2,SKIP,BN/WARPS != 16
F8_E4M3_B128,BITSHIFT,U(-1,1),64,7168,7168,128x256x32_w4_v2,SKIP,BN/WARPS != 16
F8_E4M3_B128,LUT,U(-1,1),64,7168,7168,128x256x32_w8_v2,SKIP,BN/WARPS != 16
F8_E4M3_B128,BITSHIFT,U(-1,1),64,7168,7168,128x256x32_w8_v2,SKIP,BN/WARPS != 16
F8_E4M3_B128,LUT,U(-1,1),64,7168,7168,64x64x32_w4_v2,OK,ms=2.271,tflops=2.90,gbps=24.4,maxabs=3.281e-04,p99=8.011e-05,rel=6.657e-07
F8_E4M3_B128,BITSHIFT,U(-1,1),64,7168,7168,64x64x32_w4_v2,SKIP,opt only LUT path
F8_E4M3_B128,LUT,U(-1,1),64,7168,7168,64x128x32_w4_v2,SKIP,BN/WARPS != 16
F8_E4M3_B128,BITSHIFT,U(-1,1),64,7168,7168,64x128x32_w4_v2,SKIP,BN/WARPS != 16
F8_E4M3_B128,LUT,U(-1,1),64,7168,7168,128x64x32_w4_v3,OK,ms=1.757,tflops=3.74,gbps=31.6,maxabs=3.281e-04,p99=8.011e-05,rel=6.657e-07
F8_E4M3_B128,BITSHIFT,U(-1,1),64,7168,7168,128x64x32_w4_v3,SKIP,opt only LUT path
F8_E4M3_B128,LUT,U(-1,1),64,7168,7168,128x128x32_w4_v3,SKIP,BN/WARPS != 16
F8_E4M3_B128,BITSHIFT,U(-1,1),64,7168,7168,128x128x32_w4_v3,SKIP,BN/WARPS != 16
F8_E4M3_B128,LUT,U(-1,1),64,7168,7168,128x256x32_w8_v3,SKIP,BN/WARPS != 16
F8_E4M3_B128,BITSHIFT,U(-1,1),64,7168,7168,128x256x32_w8_v3,SKIP,BN/WARPS != 16
F8_E4M3_B128,LUT,U(-1,1),64,7168,7168,64x64x32_w4_v3,OK,ms=1.427,tflops=4.61,gbps=38.9,maxabs=3.281e-04,p99=8.011e-05,rel=6.657e-07
F8_E4M3_B128,BITSHIFT,U(-1,1),64,7168,7168,64x64x32_w4_v3,SKIP,opt only LUT path
F8_E4M3_B128,LUT,U(-1,1),64,7168,7168,64x128x32_w4_v3,SKIP,BN/WARPS != 16
F8_E4M3_B128,BITSHIFT,U(-1,1),64,7168,7168,64x128x32_w4_v3,SKIP,BN/WARPS != 16
F8_E4M3_B128,LUT,U(-1,1),128,7168,7168,16x64x32_w4,OK,ms=4.878,tflops=2.70,gbps=12.1,maxabs=3.281e-04,p99=8.011e-05,rel=6.660e-07
F8_E4M3_B128,BITSHIFT,U(-1,1),128,7168,7168,16x64x32_w4,OK,ms=5.652,tflops=2.33,gbps=10.5,maxabs=1.526e-04,p99=4.196e-05,rel=4.353e-07
F8_E4M3_B128,LUT,U(-1,1),128,7168,7168,16x128x32_w8,OK,ms=5.147,tflops=2.56,gbps=11.5,maxabs=3.281e-04,p99=8.011e-05,rel=6.660e-07
F8_E4M3_B128,BITSHIFT,U(-1,1),128,7168,7168,16x128x32_w8,OK,ms=6.298,tflops=2.09,gbps=9.4,maxabs=1.526e-04,p99=4.196e-05,rel=4.353e-07
F8_E4M3_B128,LUT,U(-1,1),128,7168,7168,16x128x32_w4f2,SKIP,BN/WARPS != 16
F8_E4M3_B128,BITSHIFT,U(-1,1),128,7168,7168,16x128x32_w4f2,SKIP,BN/WARPS != 16
F8_E4M3_B128,LUT,U(-1,1),128,7168,7168,16x256x32_w4f4,SKIP,BN/WARPS != 16
F8_E4M3_B128,BITSHIFT,U(-1,1),128,7168,7168,16x256x32_w4f4,SKIP,BN/WARPS != 16
F8_E4M3_B128,LUT,U(-1,1),128,7168,7168,128x64x32_w4_v1,SKIP,no template
F8_E4M3_B128,BITSHIFT,U(-1,1),128,7168,7168,128x64x32_w4_v1,SKIP,opt only LUT path
F8_E4M3_B128,LUT,U(-1,1),128,7168,7168,128x128x32_w4_v1,SKIP,BN/WARPS != 16
F8_E4M3_B128,BITSHIFT,U(-1,1),128,7168,7168,128x128x32_w4_v1,SKIP,BN/WARPS != 16
F8_E4M3_B128,LUT,U(-1,1),128,7168,7168,128x256x32_w4_v1,SKIP,BN/WARPS != 16
F8_E4M3_B128,BITSHIFT,U(-1,1),128,7168,7168,128x256x32_w4_v1,SKIP,BN/WARPS != 16
F8_E4M3_B128,LUT,U(-1,1),128,7168,7168,128x256x32_w8_v1,SKIP,BN/WARPS != 16
F8_E4M3_B128,BITSHIFT,U(-1,1),128,7168,7168,128x256x32_w8_v1,SKIP,BN/WARPS != 16
F8_E4M3_B128,LUT,U(-1,1),128,7168,7168,64x64x32_w4_v1,SKIP,no template
F8_E4M3_B128,BITSHIFT,U(-1,1),128,7168,7168,64x64x32_w4_v1,SKIP,opt only LUT path
F8_E4M3_B128,LUT,U(-1,1),128,7168,7168,64x128x32_w4_v1,SKIP,BN/WARPS != 16
F8_E4M3_B128,BITSHIFT,U(-1,1),128,7168,7168,64x128x32_w4_v1,SKIP,BN/WARPS != 16
F8_E4M3_B128,LUT,U(-1,1),128,7168,7168,128x64x32_w4_v2,OK,ms=2.651,tflops=4.96,gbps=22.3,maxabs=3.281e-04,p99=8.011e-05,rel=6.660e-07
F8_E4M3_B128,BITSHIFT,U(-1,1),128,7168,7168,128x64x32_w4_v2,SKIP,opt only LUT path
F8_E4M3_B128,LUT,U(-1,1),128,7168,7168,128x128x32_w4_v2,SKIP,BN/WARPS != 16
F8_E4M3_B128,BITSHIFT,U(-1,1),128,7168,7168,128x128x32_w4_v2,SKIP,BN/WARPS != 16
F8_E4M3_B128,LUT,U(-1,1),128,7168,7168,128x256x32_w4_v2,SKIP,BN/WARPS != 16
F8_E4M3_B128,BITSHIFT,U(-1,1),128,7168,7168,128x256x32_w4_v2,SKIP,BN/WARPS != 16
F8_E4M3_B128,LUT,U(-1,1),128,7168,7168,128x256x32_w8_v2,SKIP,BN/WARPS != 16
F8_E4M3_B128,BITSHIFT,U(-1,1),128,7168,7168,128x256x32_w8_v2,SKIP,BN/WARPS != 16
F8_E4M3_B128,LUT,U(-1,1),128,7168,7168,64x64x32_w4_v2,OK,ms=2.292,tflops=5.74,gbps=25.8,maxabs=3.281e-04,p99=8.011e-05,rel=6.660e-07
F8_E4M3_B128,BITSHIFT,U(-1,1),128,7168,7168,64x64x32_w4_v2,SKIP,opt only LUT path
F8_E4M3_B128,LUT,U(-1,1),128,7168,7168,64x128x32_w4_v2,SKIP,BN/WARPS != 16
F8_E4M3_B128,BITSHIFT,U(-1,1),128,7168,7168,64x128x32_w4_v2,SKIP,BN/WARPS != 16
F8_E4M3_B128,LUT,U(-1,1),128,7168,7168,128x64x32_w4_v3,OK,ms=1.786,tflops=7.36,gbps=33.1,maxabs=3.281e-04,p99=8.011e-05,rel=6.660e-07
F8_E4M3_B128,BITSHIFT,U(-1,1),128,7168,7168,128x64x32_w4_v3,SKIP,opt only LUT path
F8_E4M3_B128,LUT,U(-1,1),128,7168,7168,128x128x32_w4_v3,SKIP,BN/WARPS != 16
F8_E4M3_B128,BITSHIFT,U(-1,1),128,7168,7168,128x128x32_w4_v3,SKIP,BN/WARPS != 16
F8_E4M3_B128,LUT,U(-1,1),128,7168,7168,128x256x32_w8_v3,SKIP,BN/WARPS != 16
F8_E4M3_B128,BITSHIFT,U(-1,1),128,7168,7168,128x256x32_w8_v3,SKIP,BN/WARPS != 16
F8_E4M3_B128,LUT,U(-1,1),128,7168,7168,64x64x32_w4_v3,OK,ms=1.451,tflops=9.07,gbps=40.7,maxabs=3.281e-04,p99=8.011e-05,rel=6.660e-07
F8_E4M3_B128,BITSHIFT,U(-1,1),128,7168,7168,64x64x32_w4_v3,SKIP,opt only LUT path
F8_E4M3_B128,LUT,U(-1,1),128,7168,7168,64x128x32_w4_v3,SKIP,BN/WARPS != 16
F8_E4M3_B128,BITSHIFT,U(-1,1),128,7168,7168,64x128x32_w4_v3,SKIP,BN/WARPS != 16
F8_E4M3_B128,LUT,U(-1,1),256,7168,7168,16x64x32_w4,OK,ms=7.495,tflops=3.51,gbps=8.9,maxabs=0.000e+00,p99=0.000e+00,rel=0.000e+00
F8_E4M3_B128,BITSHIFT,U(-1,1),256,7168,7168,16x64x32_w4,OK,ms=8.554,tflops=3.08,gbps=7.8,maxabs=4.044e-04,p99=9.155e-05,rel=8.087e-07
F8_E4M3_B128,LUT,U(-1,1),256,7168,7168,16x128x32_w8,OK,ms=7.688,tflops=3.42,gbps=8.6,maxabs=0.000e+00,p99=0.000e+00,rel=0.000e+00
F8_E4M3_B128,BITSHIFT,U(-1,1),256,7168,7168,16x128x32_w8,OK,ms=9.295,tflops=2.83,gbps=7.2,maxabs=4.044e-04,p99=9.155e-05,rel=8.087e-07
F8_E4M3_B128,LUT,U(-1,1),256,7168,7168,16x128x32_w4f2,SKIP,BN/WARPS != 16
F8_E4M3_B128,BITSHIFT,U(-1,1),256,7168,7168,16x128x32_w4f2,SKIP,BN/WARPS != 16
F8_E4M3_B128,LUT,U(-1,1),256,7168,7168,16x256x32_w4f4,SKIP,BN/WARPS != 16
F8_E4M3_B128,BITSHIFT,U(-1,1),256,7168,7168,16x256x32_w4f4,SKIP,BN/WARPS != 16
F8_E4M3_B128,LUT,U(-1,1),256,7168,7168,128x64x32_w4_v1,SKIP,no template
F8_E4M3_B128,BITSHIFT,U(-1,1),256,7168,7168,128x64x32_w4_v1,SKIP,opt only LUT path
F8_E4M3_B128,LUT,U(-1,1),256,7168,7168,128x128x32_w4_v1,SKIP,BN/WARPS != 16
F8_E4M3_B128,BITSHIFT,U(-1,1),256,7168,7168,128x128x32_w4_v1,SKIP,BN/WARPS != 16
F8_E4M3_B128,LUT,U(-1,1),256,7168,7168,128x256x32_w4_v1,SKIP,BN/WARPS != 16
F8_E4M3_B128,BITSHIFT,U(-1,1),256,7168,7168,128x256x32_w4_v1,SKIP,BN/WARPS != 16
F8_E4M3_B128,LUT,U(-1,1),256,7168,7168,128x256x32_w8_v1,SKIP,BN/WARPS != 16
F8_E4M3_B128,BITSHIFT,U(-1,1),256,7168,7168,128x256x32_w8_v1,SKIP,BN/WARPS != 16
F8_E4M3_B128,LUT,U(-1,1),256,7168,7168,64x64x32_w4_v1,SKIP,no template
F8_E4M3_B128,BITSHIFT,U(-1,1),256,7168,7168,64x64x32_w4_v1,SKIP,opt only LUT path
F8_E4M3_B128,LUT,U(-1,1),256,7168,7168,64x128x32_w4_v1,SKIP,BN/WARPS != 16
F8_E4M3_B128,BITSHIFT,U(-1,1),256,7168,7168,64x128x32_w4_v1,SKIP,BN/WARPS != 16
F8_E4M3_B128,LUT,U(-1,1),256,7168,7168,128x64x32_w4_v2,OK,ms=2.736,tflops=9.62,gbps=24.3,maxabs=0.000e+00,p99=0.000e+00,rel=0.000e+00
F8_E4M3_B128,BITSHIFT,U(-1,1),256,7168,7168,128x64x32_w4_v2,SKIP,opt only LUT path
F8_E4M3_B128,LUT,U(-1,1),256,7168,7168,128x128x32_w4_v2,SKIP,BN/WARPS != 16
F8_E4M3_B128,BITSHIFT,U(-1,1),256,7168,7168,128x128x32_w4_v2,SKIP,BN/WARPS != 16
F8_E4M3_B128,LUT,U(-1,1),256,7168,7168,128x256x32_w4_v2,SKIP,BN/WARPS != 16
F8_E4M3_B128,BITSHIFT,U(-1,1),256,7168,7168,128x256x32_w4_v2,SKIP,BN/WARPS != 16
F8_E4M3_B128,LUT,U(-1,1),256,7168,7168,128x256x32_w8_v2,SKIP,BN/WARPS != 16
F8_E4M3_B128,BITSHIFT,U(-1,1),256,7168,7168,128x256x32_w8_v2,SKIP,BN/WARPS != 16
F8_E4M3_B128,LUT,U(-1,1),256,7168,7168,64x64x32_w4_v2,OK,ms=4.647,tflops=5.66,gbps=14.3,maxabs=0.000e+00,p99=0.000e+00,rel=0.000e+00
F8_E4M3_B128,BITSHIFT,U(-1,1),256,7168,7168,64x64x32_w4_v2,SKIP,opt only LUT path
F8_E4M3_B128,LUT,U(-1,1),256,7168,7168,64x128x32_w4_v2,SKIP,BN/WARPS != 16
F8_E4M3_B128,BITSHIFT,U(-1,1),256,7168,7168,64x128x32_w4_v2,SKIP,BN/WARPS != 16
F8_E4M3_B128,LUT,U(-1,1),256,7168,7168,128x64x32_w4_v3,OK,ms=1.942,tflops=13.55,gbps=34.2,maxabs=0.000e+00,p99=0.000e+00,rel=0.000e+00
F8_E4M3_B128,BITSHIFT,U(-1,1),256,7168,7168,128x64x32_w4_v3,SKIP,opt only LUT path
F8_E4M3_B128,LUT,U(-1,1),256,7168,7168,128x128x32_w4_v3,SKIP,BN/WARPS != 16
F8_E4M3_B128,BITSHIFT,U(-1,1),256,7168,7168,128x128x32_w4_v3,SKIP,BN/WARPS != 16
F8_E4M3_B128,LUT,U(-1,1),256,7168,7168,128x256x32_w8_v3,SKIP,BN/WARPS != 16
F8_E4M3_B128,BITSHIFT,U(-1,1),256,7168,7168,128x256x32_w8_v3,SKIP,BN/WARPS != 16
F8_E4M3_B128,LUT,U(-1,1),256,7168,7168,64x64x32_w4_v3,OK,ms=3.012,tflops=8.74,gbps=22.1,maxabs=0.000e+00,p99=0.000e+00,rel=0.000e+00
F8_E4M3_B128,BITSHIFT,U(-1,1),256,7168,7168,64x64x32_w4_v3,SKIP,opt only LUT path
F8_E4M3_B128,LUT,U(-1,1),256,7168,7168,64x128x32_w4_v3,SKIP,BN/WARPS != 16
F8_E4M3_B128,BITSHIFT,U(-1,1),256,7168,7168,64x128x32_w4_v3,SKIP,BN/WARPS != 16
F8_E4M3_B128,LUT,U(-1,1),512,7168,7168,16x64x32_w4,OK,ms=13.029,tflops=4.04,gbps=6.2,maxabs=3.052e-04,p99=6.866e-05,rel=5.507e-07
F8_E4M3_B128,BITSHIFT,U(-1,1),512,7168,7168,16x64x32_w4,OK,ms=17.168,tflops=3.06,gbps=4.7,maxabs=2.213e-04,p99=6.104e-05,rel=5.997e-07
F8_E4M3_B128,LUT,U(-1,1),512,7168,7168,16x128x32_w8,OK,ms=15.334,tflops=3.43,gbps=5.3,maxabs=3.052e-04,p99=6.866e-05,rel=5.507e-07
F8_E4M3_B128,BITSHIFT,U(-1,1),512,7168,7168,16x128x32_w8,OK,ms=18.679,tflops=2.82,gbps=4.3,maxabs=2.213e-04,p99=6.104e-05,rel=5.997e-07
F8_E4M3_B128,LUT,U(-1,1),512,7168,7168,16x128x32_w4f2,SKIP,BN/WARPS != 16
F8_E4M3_B128,BITSHIFT,U(-1,1),512,7168,7168,16x128x32_w4f2,SKIP,BN/WARPS != 16
F8_E4M3_B128,LUT,U(-1,1),512,7168,7168,16x256x32_w4f4,SKIP,BN/WARPS != 16
F8_E4M3_B128,BITSHIFT,U(-1,1),512,7168,7168,16x256x32_w4f4,SKIP,BN/WARPS != 16
F8_E4M3_B128,LUT,U(-1,1),512,7168,7168,128x64x32_w4_v1,SKIP,no template
F8_E4M3_B128,BITSHIFT,U(-1,1),512,7168,7168,128x64x32_w4_v1,SKIP,opt only LUT path
F8_E4M3_B128,LUT,U(-1,1),512,7168,7168,128x128x32_w4_v1,SKIP,BN/WARPS != 16
F8_E4M3_B128,BITSHIFT,U(-1,1),512,7168,7168,128x128x32_w4_v1,SKIP,BN/WARPS != 16
F8_E4M3_B128,LUT,U(-1,1),512,7168,7168,128x256x32_w4_v1,SKIP,BN/WARPS != 16
F8_E4M3_B128,BITSHIFT,U(-1,1),512,7168,7168,128x256x32_w4_v1,SKIP,BN/WARPS != 16
F8_E4M3_B128,LUT,U(-1,1),512,7168,7168,128x256x32_w8_v1,SKIP,BN/WARPS != 16
F8_E4M3_B128,BITSHIFT,U(-1,1),512,7168,7168,128x256x32_w8_v1,SKIP,BN/WARPS != 16
F8_E4M3_B128,LUT,U(-1,1),512,7168,7168,64x64x32_w4_v1,SKIP,no template
F8_E4M3_B128,BITSHIFT,U(-1,1),512,7168,7168,64x64x32_w4_v1,SKIP,opt only LUT path
F8_E4M3_B128,LUT,U(-1,1),512,7168,7168,64x128x32_w4_v1,SKIP,BN/WARPS != 16
F8_E4M3_B128,BITSHIFT,U(-1,1),512,7168,7168,64x128x32_w4_v1,SKIP,BN/WARPS != 16
F8_E4M3_B128,LUT,U(-1,1),512,7168,7168,128x64x32_w4_v2,OK,ms=5.876,tflops=8.95,gbps=13.8,maxabs=3.052e-04,p99=6.866e-05,rel=5.507e-07
F8_E4M3_B128,BITSHIFT,U(-1,1),512,7168,7168,128x64x32_w4_v2,SKIP,opt only LUT path
F8_E4M3_B128,LUT,U(-1,1),512,7168,7168,128x128x32_w4_v2,SKIP,BN/WARPS != 16
F8_E4M3_B128,BITSHIFT,U(-1,1),512,7168,7168,128x128x32_w4_v2,SKIP,BN/WARPS != 16
F8_E4M3_B128,LUT,U(-1,1),512,7168,7168,128x256x32_w4_v2,SKIP,BN/WARPS != 16
F8_E4M3_B128,BITSHIFT,U(-1,1),512,7168,7168,128x256x32_w4_v2,SKIP,BN/WARPS != 16
F8_E4M3_B128,LUT,U(-1,1),512,7168,7168,128x256x32_w8_v2,SKIP,BN/WARPS != 16
F8_E4M3_B128,BITSHIFT,U(-1,1),512,7168,7168,128x256x32_w8_v2,SKIP,BN/WARPS != 16
F8_E4M3_B128,LUT,U(-1,1),512,7168,7168,64x64x32_w4_v2,OK,ms=7.210,tflops=7.30,gbps=11.3,maxabs=3.052e-04,p99=6.866e-05,rel=5.507e-07
F8_E4M3_B128,BITSHIFT,U(-1,1),512,7168,7168,64x64x32_w4_v2,SKIP,opt only LUT path
F8_E4M3_B128,LUT,U(-1,1),512,7168,7168,64x128x32_w4_v2,SKIP,BN/WARPS != 16
F8_E4M3_B128,BITSHIFT,U(-1,1),512,7168,7168,64x128x32_w4_v2,SKIP,BN/WARPS != 16
F8_E4M3_B128,LUT,U(-1,1),512,7168,7168,128x64x32_w4_v3,OK,ms=3.844,tflops=13.69,gbps=21.1,maxabs=3.052e-04,p99=6.866e-05,rel=5.507e-07
F8_E4M3_B128,BITSHIFT,U(-1,1),512,7168,7168,128x64x32_w4_v3,SKIP,opt only LUT path
F8_E4M3_B128,LUT,U(-1,1),512,7168,7168,128x128x32_w4_v3,SKIP,BN/WARPS != 16
F8_E4M3_B128,BITSHIFT,U(-1,1),512,7168,7168,128x128x32_w4_v3,SKIP,BN/WARPS != 16
F8_E4M3_B128,LUT,U(-1,1),512,7168,7168,128x256x32_w8_v3,SKIP,BN/WARPS != 16
F8_E4M3_B128,BITSHIFT,U(-1,1),512,7168,7168,128x256x32_w8_v3,SKIP,BN/WARPS != 16
F8_E4M3_B128,LUT,U(-1,1),512,7168,7168,64x64x32_w4_v3,OK,ms=4.746,tflops=11.09,gbps=17.1,maxabs=3.052e-04,p99=6.866e-05,rel=5.507e-07
F8_E4M3_B128,BITSHIFT,U(-1,1),512,7168,7168,64x64x32_w4_v3,SKIP,opt only LUT path
F8_E4M3_B128,LUT,U(-1,1),512,7168,7168,64x128x32_w4_v3,SKIP,BN/WARPS != 16
F8_E4M3_B128,BITSHIFT,U(-1,1),512,7168,7168,64x128x32_w4_v3,SKIP,BN/WARPS != 16
F8_E4M3_B128,LUT,U(-1,1),1024,7168,7168,16x64x32_w4,OK,ms=26.038,tflops=4.04,gbps=4.2,maxabs=0.000e+00,p99=0.000e+00,rel=0.000e+00
F8_E4M3_B128,BITSHIFT,U(-1,1),1024,7168,7168,16x64x32_w4,OK,ms=34.255,tflops=3.07,gbps=3.2,maxabs=4.196e-04,p99=9.251e-05,rel=8.096e-07
F8_E4M3_B128,LUT,U(-1,1),1024,7168,7168,16x128x32_w8,OK,ms=30.687,tflops=3.43,gbps=3.6,maxabs=0.000e+00,p99=0.000e+00,rel=0.000e+00
F8_E4M3_B128,BITSHIFT,U(-1,1),1024,7168,7168,16x128x32_w8,OK,ms=37.326,tflops=2.82,gbps=3.0,maxabs=4.196e-04,p99=9.251e-05,rel=8.096e-07
F8_E4M3_B128,LUT,U(-1,1),1024,7168,7168,16x128x32_w4f2,SKIP,BN/WARPS != 16
F8_E4M3_B128,BITSHIFT,U(-1,1),1024,7168,7168,16x128x32_w4f2,SKIP,BN/WARPS != 16
F8_E4M3_B128,LUT,U(-1,1),1024,7168,7168,16x256x32_w4f4,SKIP,BN/WARPS != 16
F8_E4M3_B128,BITSHIFT,U(-1,1),1024,7168,7168,16x256x32_w4f4,SKIP,BN/WARPS != 16
F8_E4M3_B128,LUT,U(-1,1),1024,7168,7168,128x64x32_w4_v1,SKIP,no template
F8_E4M3_B128,BITSHIFT,U(-1,1),1024,7168,7168,128x64x32_w4_v1,SKIP,opt only LUT path
F8_E4M3_B128,LUT,U(-1,1),1024,7168,7168,128x128x32_w4_v1,SKIP,BN/WARPS != 16
F8_E4M3_B128,BITSHIFT,U(-1,1),1024,7168,7168,128x128x32_w4_v1,SKIP,BN/WARPS != 16
F8_E4M3_B128,LUT,U(-1,1),1024,7168,7168,128x256x32_w4_v1,SKIP,BN/WARPS != 16
F8_E4M3_B128,BITSHIFT,U(-1,1),1024,7168,7168,128x256x32_w4_v1,SKIP,BN/WARPS != 16
F8_E4M3_B128,LUT,U(-1,1),1024,7168,7168,128x256x32_w8_v1,SKIP,BN/WARPS != 16
F8_E4M3_B128,BITSHIFT,U(-1,1),1024,7168,7168,128x256x32_w8_v1,SKIP,BN/WARPS != 16
F8_E4M3_B128,LUT,U(-1,1),1024,7168,7168,64x64x32_w4_v1,SKIP,no template
F8_E4M3_B128,BITSHIFT,U(-1,1),1024,7168,7168,64x64x32_w4_v1,SKIP,opt only LUT path
F8_E4M3_B128,LUT,U(-1,1),1024,7168,7168,64x128x32_w4_v1,SKIP,BN/WARPS != 16
F8_E4M3_B128,BITSHIFT,U(-1,1),1024,7168,7168,64x128x32_w4_v1,SKIP,BN/WARPS != 16
F8_E4M3_B128,LUT,U(-1,1),1024,7168,7168,128x64x32_w4_v2,OK,ms=8.517,tflops=12.35,gbps=13.0,maxabs=0.000e+00,p99=0.000e+00,rel=0.000e+00
F8_E4M3_B128,BITSHIFT,U(-1,1),1024,7168,7168,128x64x32_w4_v2,SKIP,opt only LUT path
F8_E4M3_B128,LUT,U(-1,1),1024,7168,7168,128x128x32_w4_v2,SKIP,BN/WARPS != 16
F8_E4M3_B128,BITSHIFT,U(-1,1),1024,7168,7168,128x128x32_w4_v2,SKIP,BN/WARPS != 16
F8_E4M3_B128,LUT,U(-1,1),1024,7168,7168,128x256x32_w4_v2,SKIP,BN/WARPS != 16
F8_E4M3_B128,BITSHIFT,U(-1,1),1024,7168,7168,128x256x32_w4_v2,SKIP,BN/WARPS != 16
F8_E4M3_B128,LUT,U(-1,1),1024,7168,7168,128x256x32_w8_v2,SKIP,BN/WARPS != 16
F8_E4M3_B128,BITSHIFT,U(-1,1),1024,7168,7168,128x256x32_w8_v2,SKIP,BN/WARPS != 16
F8_E4M3_B128,LUT,U(-1,1),1024,7168,7168,64x64x32_w4_v2,OK,ms=12.110,tflops=8.69,gbps=9.1,maxabs=0.000e+00,p99=0.000e+00,rel=0.000e+00
F8_E4M3_B128,BITSHIFT,U(-1,1),1024,7168,7168,64x64x32_w4_v2,SKIP,opt only LUT path
F8_E4M3_B128,LUT,U(-1,1),1024,7168,7168,64x128x32_w4_v2,SKIP,BN/WARPS != 16
F8_E4M3_B128,BITSHIFT,U(-1,1),1024,7168,7168,64x128x32_w4_v2,SKIP,BN/WARPS != 16
F8_E4M3_B128,LUT,U(-1,1),1024,7168,7168,128x64x32_w4_v3,OK,ms=7.596,tflops=13.85,gbps=14.5,maxabs=0.000e+00,p99=0.000e+00,rel=0.000e+00
F8_E4M3_B128,BITSHIFT,U(-1,1),1024,7168,7168,128x64x32_w4_v3,SKIP,opt only LUT path
F8_E4M3_B128,LUT,U(-1,1),1024,7168,7168,128x128x32_w4_v3,SKIP,BN/WARPS != 16
F8_E4M3_B128,BITSHIFT,U(-1,1),1024,7168,7168,128x128x32_w4_v3,SKIP,BN/WARPS != 16
F8_E4M3_B128,LUT,U(-1,1),1024,7168,7168,128x256x32_w8_v3,SKIP,BN/WARPS != 16
F8_E4M3_B128,BITSHIFT,U(-1,1),1024,7168,7168,128x256x32_w8_v3,SKIP,BN/WARPS != 16
F8_E4M3_B128,LUT,U(-1,1),1024,7168,7168,64x64x32_w4_v3,OK,ms=8.110,tflops=12.97,gbps=13.6,maxabs=0.000e+00,p99=0.000e+00,rel=0.000e+00
F8_E4M3_B128,BITSHIFT,U(-1,1),1024,7168,7168,64x64x32_w4_v3,SKIP,opt only LUT path
F8_E4M3_B128,LUT,U(-1,1),1024,7168,7168,64x128x32_w4_v3,SKIP,BN/WARPS != 16
F8_E4M3_B128,BITSHIFT,U(-1,1),1024,7168,7168,64x128x32_w4_v3,SKIP,BN/WARPS != 16
F8_E4M3_B128,LUT,U(-1,1),2048,7168,7168,16x64x32_w4,OK,ms=52.050,tflops=4.04,gbps=3.3,maxabs=0.000e+00,p99=0.000e+00,rel=0.000e+00
F8_E4M3_B128,BITSHIFT,U(-1,1),2048,7168,7168,16x64x32_w4,OK,ms=65.951,tflops=3.19,gbps=2.6,maxabs=5.341e-04,p99=9.346e-05,rel=8.101e-07
F8_E4M3_B128,LUT,U(-1,1),2048,7168,7168,16x128x32_w8,OK,ms=58.894,tflops=3.57,gbps=2.9,maxabs=0.000e+00,p99=0.000e+00,rel=0.000e+00
F8_E4M3_B128,BITSHIFT,U(-1,1),2048,7168,7168,16x128x32_w8,OK,ms=71.346,tflops=2.95,gbps=2.4,maxabs=5.341e-04,p99=9.346e-05,rel=8.101e-07
F8_E4M3_B128,LUT,U(-1,1),2048,7168,7168,16x128x32_w4f2,SKIP,BN/WARPS != 16
F8_E4M3_B128,BITSHIFT,U(-1,1),2048,7168,7168,16x128x32_w4f2,SKIP,BN/WARPS != 16
F8_E4M3_B128,LUT,U(-1,1),2048,7168,7168,16x256x32_w4f4,SKIP,BN/WARPS != 16
F8_E4M3_B128,BITSHIFT,U(-1,1),2048,7168,7168,16x256x32_w4f4,SKIP,BN/WARPS != 16
F8_E4M3_B128,LUT,U(-1,1),2048,7168,7168,128x64x32_w4_v1,SKIP,no template
F8_E4M3_B128,BITSHIFT,U(-1,1),2048,7168,7168,128x64x32_w4_v1,SKIP,opt only LUT path
F8_E4M3_B128,LUT,U(-1,1),2048,7168,7168,128x128x32_w4_v1,SKIP,BN/WARPS != 16
F8_E4M3_B128,BITSHIFT,U(-1,1),2048,7168,7168,128x128x32_w4_v1,SKIP,BN/WARPS != 16
F8_E4M3_B128,LUT,U(-1,1),2048,7168,7168,128x256x32_w4_v1,SKIP,BN/WARPS != 16
F8_E4M3_B128,BITSHIFT,U(-1,1),2048,7168,7168,128x256x32_w4_v1,SKIP,BN/WARPS != 16
F8_E4M3_B128,LUT,U(-1,1),2048,7168,7168,128x256x32_w8_v1,SKIP,BN/WARPS != 16
F8_E4M3_B128,BITSHIFT,U(-1,1),2048,7168,7168,128x256x32_w8_v1,SKIP,BN/WARPS != 16
F8_E4M3_B128,LUT,U(-1,1),2048,7168,7168,64x64x32_w4_v1,SKIP,no template
F8_E4M3_B128,BITSHIFT,U(-1,1),2048,7168,7168,64x64x32_w4_v1,SKIP,opt only LUT path
F8_E4M3_B128,LUT,U(-1,1),2048,7168,7168,64x128x32_w4_v1,SKIP,BN/WARPS != 16
F8_E4M3_B128,BITSHIFT,U(-1,1),2048,7168,7168,64x128x32_w4_v1,SKIP,BN/WARPS != 16
F8_E4M3_B128,LUT,U(-1,1),2048,7168,7168,128x64x32_w4_v2,OK,ms=16.998,tflops=12.38,gbps=10.0,maxabs=0.000e+00,p99=0.000e+00,rel=0.000e+00
F8_E4M3_B128,BITSHIFT,U(-1,1),2048,7168,7168,128x64x32_w4_v2,SKIP,opt only LUT path
F8_E4M3_B128,LUT,U(-1,1),2048,7168,7168,128x128x32_w4_v2,SKIP,BN/WARPS != 16
F8_E4M3_B128,BITSHIFT,U(-1,1),2048,7168,7168,128x128x32_w4_v2,SKIP,BN/WARPS != 16
F8_E4M3_B128,LUT,U(-1,1),2048,7168,7168,128x256x32_w4_v2,SKIP,BN/WARPS != 16
F8_E4M3_B128,BITSHIFT,U(-1,1),2048,7168,7168,128x256x32_w4_v2,SKIP,BN/WARPS != 16
F8_E4M3_B128,LUT,U(-1,1),2048,7168,7168,128x256x32_w8_v2,SKIP,BN/WARPS != 16
F8_E4M3_B128,BITSHIFT,U(-1,1),2048,7168,7168,128x256x32_w8_v2,SKIP,BN/WARPS != 16
F8_E4M3_B128,LUT,U(-1,1),2048,7168,7168,64x64x32_w4_v2,OK,ms=21.697,tflops=9.70,gbps=7.8,maxabs=0.000e+00,p99=0.000e+00,rel=0.000e+00
F8_E4M3_B128,BITSHIFT,U(-1,1),2048,7168,7168,64x64x32_w4_v2,SKIP,opt only LUT path
F8_E4M3_B128,LUT,U(-1,1),2048,7168,7168,64x128x32_w4_v2,SKIP,BN/WARPS != 16
F8_E4M3_B128,BITSHIFT,U(-1,1),2048,7168,7168,64x128x32_w4_v2,SKIP,BN/WARPS != 16
F8_E4M3_B128,LUT,U(-1,1),2048,7168,7168,128x64x32_w4_v3,OK,ms=15.093,tflops=13.94,gbps=11.2,maxabs=0.000e+00,p99=0.000e+00,rel=0.000e+00
F8_E4M3_B128,BITSHIFT,U(-1,1),2048,7168,7168,128x64x32_w4_v3,SKIP,opt only LUT path
F8_E4M3_B128,LUT,U(-1,1),2048,7168,7168,128x128x32_w4_v3,SKIP,BN/WARPS != 16
F8_E4M3_B128,BITSHIFT,U(-1,1),2048,7168,7168,128x128x32_w4_v3,SKIP,BN/WARPS != 16
F8_E4M3_B128,LUT,U(-1,1),2048,7168,7168,128x256x32_w8_v3,SKIP,BN/WARPS != 16
F8_E4M3_B128,BITSHIFT,U(-1,1),2048,7168,7168,128x256x32_w8_v3,SKIP,BN/WARPS != 16
F8_E4M3_B128,LUT,U(-1,1),2048,7168,7168,64x64x32_w4_v3,OK,ms=14.464,tflops=14.55,gbps=11.7,maxabs=0.000e+00,p99=0.000e+00,rel=0.000e+00
F8_E4M3_B128,BITSHIFT,U(-1,1),2048,7168,7168,64x64x32_w4_v3,SKIP,opt only LUT path
F8_E4M3_B128,LUT,U(-1,1),2048,7168,7168,64x128x32_w4_v3,SKIP,BN/WARPS != 16
F8_E4M3_B128,BITSHIFT,U(-1,1),2048,7168,7168,64x128x32_w4_v3,SKIP,BN/WARPS != 16
