device: Tesla V100-SXM2-32GB, cc=7.0, smem=48KiB/cta

=== cuBLAS FP16 GEMM ceiling (V100 TC peak target 125 TFLOPS) ===
format,path,dist,M,N,K,tile,status,detail
CUBLAS_FP16,REF,U(-1,1),1,4096,4096,cublas,OK,ms=0.072,tflops=0.46,gbps=464.8,maxabs=0.0e+0,p99=0.0e+0,rel=0.0e+0
CUBLAS_FP16,REF,U(-1,1),16,4096,4096,cublas,OK,ms=0.065,tflops=8.25,gbps=519.7,maxabs=0.0e+0,p99=0.0e+0,rel=0.0e+0
CUBLAS_FP16,REF,U(-1,1),64,4096,4096,cublas,OK,ms=0.119,tflops=18.03,gbps=290.5,maxabs=0.0e+0,p99=0.0e+0,rel=0.0e+0
CUBLAS_FP16,REF,U(-1,1),128,4096,4096,cublas,OK,ms=0.100,tflops=42.90,gbps=356.1,maxabs=0.0e+0,p99=0.0e+0,rel=0.0e+0
CUBLAS_FP16,REF,U(-1,1),256,4096,4096,cublas,OK,ms=0.144,tflops=59.68,gbps=262.2,maxabs=0.0e+0,p99=0.0e+0,rel=0.0e+0
CUBLAS_FP16,REF,U(-1,1),512,4096,4096,cublas,OK,ms=0.246,tflops=69.90,gbps=170.6,maxabs=0.0e+0,p99=0.0e+0,rel=0.0e+0
CUBLAS_FP16,REF,U(-1,1),1024,4096,4096,cublas,OK,ms=0.512,tflops=67.13,gbps=98.3,maxabs=0.0e+0,p99=0.0e+0,rel=0.0e+0
CUBLAS_FP16,REF,U(-1,1),2048,4096,4096,cublas,OK,ms=0.835,tflops=82.32,gbps=80.4,maxabs=0.0e+0,p99=0.0e+0,rel=0.0e+0
CUBLAS_FP16,REF,U(-1,1),1,7168,7168,cublas,OK,ms=0.200,tflops=0.51,gbps=512.8,maxabs=0.0e+0,p99=0.0e+0,rel=0.0e+0
CUBLAS_FP16,REF,U(-1,1),16,7168,7168,cublas,OK,ms=0.231,tflops=7.10,gbps=446.0,maxabs=0.0e+0,p99=0.0e+0,rel=0.0e+0
CUBLAS_FP16,REF,U(-1,1),64,7168,7168,cublas,OK,ms=0.349,tflops=18.86,gbps=300.0,maxabs=0.0e+0,p99=0.0e+0,rel=0.0e+0
CUBLAS_FP16,REF,U(-1,1),128,7168,7168,cublas,OK,ms=0.402,tflops=32.74,gbps=264.9,maxabs=0.0e+0,p99=0.0e+0,rel=0.0e+0
CUBLAS_FP16,REF,U(-1,1),256,7168,7168,cublas,OK,ms=0.493,tflops=53.34,gbps=223.3,maxabs=0.0e+0,p99=0.0e+0,rel=0.0e+0
CUBLAS_FP16,REF,U(-1,1),512,7168,7168,cublas,OK,ms=0.686,tflops=76.69,gbps=171.2,maxabs=0.0e+0,p99=0.0e+0,rel=0.0e+0
CUBLAS_FP16,REF,U(-1,1),1024,7168,7168,cublas,OK,ms=1.255,tflops=83.84,gbps=105.3,maxabs=0.0e+0,p99=0.0e+0,rel=0.0e+0
CUBLAS_FP16,REF,U(-1,1),2048,7168,7168,cublas,OK,ms=2.408,tflops=87.42,gbps=67.1,maxabs=0.0e+0,p99=0.0e+0,rel=0.0e+0
INT8,LUT,U(-1,1),1,4096,4096,16x64x32_w4,OK,ms=0.787,tflops=0.04,gbps=22.7,maxabs=1.897e-02,p99=1.446e-02,rel=2.592e-04
INT8,BITSHIFT,U(-1,1),1,4096,4096,16x64x32_w4,OK,ms=0.398,tflops=0.08,gbps=44.9,maxabs=1.311e-02,p99=9.978e-03,rel=1.834e-04
INT8,LUT,U(-1,1),1,4096,4096,16x128x32_w8,OK,ms=0.846,tflops=0.04,gbps=21.1,maxabs=1.897e-02,p99=1.446e-02,rel=2.592e-04
INT8,BITSHIFT,U(-1,1),1,4096,4096,16x128x32_w8,OK,ms=0.488,tflops=0.07,gbps=36.6,maxabs=1.311e-02,p99=9.978e-03,rel=1.834e-04
INT8,LUT,U(-1,1),1,4096,4096,16x128x32_w4f2,OK,ms=1.481,tflops=0.02,gbps=12.1,maxabs=1.897e-02,p99=1.446e-02,rel=2.592e-04
INT8,BITSHIFT,U(-1,1),1,4096,4096,16x128x32_w4f2,SKIP,MF path-B not implemented
INT8,LUT,U(-1,1),1,4096,4096,16x256x32_w4f4,OK,ms=2.775,tflops=0.01,gbps=6.4,maxabs=1.897e-02,p99=1.446e-02,rel=2.592e-04
INT8,BITSHIFT,U(-1,1),1,4096,4096,16x256x32_w4f4,SKIP,MF path-B not implemented
INT8,LUT,U(-1,1),1,4096,4096,128x64x32_w4_v1,OK,ms=1.074,tflops=0.03,gbps=16.6,maxabs=1.897e-02,p99=1.446e-02,rel=2.592e-04
INT8,BITSHIFT,U(-1,1),1,4096,4096,128x64x32_w4_v1,SKIP,v1 path-B not implemented
INT8,LUT,U(-1,1),1,4096,4096,128x128x32_w4_v1,OK,ms=1.749,tflops=0.02,gbps=10.2,maxabs=1.897e-02,p99=1.446e-02,rel=2.592e-04
INT8,BITSHIFT,U(-1,1),1,4096,4096,128x128x32_w4_v1,SKIP,v1 path-B not implemented
INT8,LUT,U(-1,1),1,4096,4096,128x256x32_w4_v1,OK,ms=3.901,tflops=0.01,gbps=4.6,maxabs=1.897e-02,p99=1.446e-02,rel=2.592e-04
INT8,BITSHIFT,U(-1,1),1,4096,4096,128x256x32_w4_v1,SKIP,v1 path-B not implemented
INT8,LUT,U(-1,1),1,4096,4096,128x256x32_w8_v1,OK,ms=1.860,tflops=0.02,gbps=9.6,maxabs=1.897e-02,p99=1.446e-02,rel=2.592e-04
INT8,BITSHIFT,U(-1,1),1,4096,4096,128x256x32_w8_v1,SKIP,v1 path-B not implemented
INT8,LUT,U(-1,1),1,4096,4096,64x64x32_w4_v1,OK,ms=0.840,tflops=0.04,gbps=21.2,maxabs=1.897e-02,p99=1.446e-02,rel=2.592e-04
INT8,BITSHIFT,U(-1,1),1,4096,4096,64x64x32_w4_v1,SKIP,v1 path-B not implemented
INT8,LUT,U(-1,1),1,4096,4096,64x128x32_w4_v1,OK,ms=1.507,tflops=0.02,gbps=11.9,maxabs=1.897e-02,p99=1.446e-02,rel=2.592e-04
INT8,BITSHIFT,U(-1,1),1,4096,4096,64x128x32_w4_v1,SKIP,v1 path-B not implemented
INT8,LUT,U(-1,1),1,4096,4096,128x64x32_w4_v2,OK,ms=0.420,tflops=0.08,gbps=42.5,maxabs=1.897e-02,p99=1.446e-02,rel=2.592e-04
INT8,BITSHIFT,U(-1,1),1,4096,4096,128x64x32_w4_v2,SKIP,v2 path-B not implemented
INT8,LUT,U(-1,1),1,4096,4096,128x128x32_w4_v2,OK,ms=0.553,tflops=0.06,gbps=32.3,maxabs=1.897e-02,p99=1.446e-02,rel=2.592e-04
INT8,BITSHIFT,U(-1,1),1,4096,4096,128x128x32_w4_v2,SKIP,v2 path-B not implemented
INT8,LUT,U(-1,1),1,4096,4096,128x256x32_w4_v2,OK,ms=1.238,tflops=0.03,gbps=14.4,maxabs=1.897e-02,p99=1.446e-02,rel=2.592e-04
INT8,BITSHIFT,U(-1,1),1,4096,4096,128x256x32_w4_v2,SKIP,v2 path-B not implemented
INT8,LUT,U(-1,1),1,4096,4096,128x256x32_w8_v2,OK,ms=0.775,tflops=0.04,gbps=23.1,maxabs=1.897e-02,p99=1.446e-02,rel=2.592e-04
INT8,BITSHIFT,U(-1,1),1,4096,4096,128x256x32_w8_v2,SKIP,v2 path-B not implemented
INT8,LUT,U(-1,1),1,4096,4096,64x64x32_w4_v2,OK,ms=0.272,tflops=0.12,gbps=65.6,maxabs=1.897e-02,p99=1.446e-02,rel=2.592e-04
INT8,BITSHIFT,U(-1,1),1,4096,4096,64x64x32_w4_v2,SKIP,v2 path-B not implemented
INT8,LUT,U(-1,1),1,4096,4096,64x128x32_w4_v2,OK,ms=0.380,tflops=0.09,gbps=47.0,maxabs=1.897e-02,p99=1.446e-02,rel=2.592e-04
INT8,BITSHIFT,U(-1,1),1,4096,4096,64x128x32_w4_v2,SKIP,v2 path-B not implemented
INT8,LUT,U(-1,1),1,4096,4096,128x64x32_w4_v3,OK,ms=0.366,tflops=0.09,gbps=48.8,maxabs=1.897e-02,p99=1.446e-02,rel=2.592e-04
INT8,BITSHIFT,U(-1,1),1,4096,4096,128x64x32_w4_v3,SKIP,v3 path-B not implemented
INT8,LUT,U(-1,1),1,4096,4096,128x128x32_w4_v3,OK,ms=0.449,tflops=0.07,gbps=39.8,maxabs=1.897e-02,p99=1.446e-02,rel=2.592e-04
INT8,BITSHIFT,U(-1,1),1,4096,4096,128x128x32_w4_v3,SKIP,v3 path-B not implemented
INT8,LUT,U(-1,1),1,4096,4096,128x256x32_w8_v3,SKIP,smem > 48KiB
INT8,BITSHIFT,U(-1,1),1,4096,4096,128x256x32_w8_v3,SKIP,smem > 48KiB
INT8,LUT,U(-1,1),1,4096,4096,64x64x32_w4_v3,OK,ms=0.252,tflops=0.13,gbps=71.0,maxabs=1.897e-02,p99=1.446e-02,rel=2.592e-04
INT8,BITSHIFT,U(-1,1),1,4096,4096,64x64x32_w4_v3,SKIP,v3 path-B not implemented
INT8,LUT,U(-1,1),1,4096,4096,64x128x32_w4_v3,OK,ms=0.313,tflops=0.11,gbps=57.1,maxabs=1.897e-02,p99=1.446e-02,rel=2.592e-04
INT8,BITSHIFT,U(-1,1),1,4096,4096,64x128x32_w4_v3,SKIP,v3 path-B not implemented
INT8,LUT,U(-1,1),16,4096,4096,16x64x32_w4,OK,ms=0.756,tflops=0.71,gbps=24.3,maxabs=2.375e-02,p99=1.435e-02,rel=2.601e-04
INT8,BITSHIFT,U(-1,1),16,4096,4096,16x64x32_w4,OK,ms=0.535,tflops=1.00,gbps=34.3,maxabs=1.652e-02,p99=1.020e-02,rel=1.857e-04
INT8,LUT,U(-1,1),16,4096,4096,16x128x32_w8,OK,ms=0.838,tflops=0.64,gbps=21.9,maxabs=2.375e-02,p99=1.435e-02,rel=2.601e-04
INT8,BITSHIFT,U(-1,1),16,4096,4096,16x128x32_w8,OK,ms=0.675,tflops=0.80,gbps=27.2,maxabs=1.652e-02,p99=1.020e-02,rel=1.857e-04
INT8,LUT,U(-1,1),16,4096,4096,16x128x32_w4f2,OK,ms=1.406,tflops=0.38,gbps=13.1,maxabs=2.375e-02,p99=1.435e-02,rel=2.601e-04
INT8,BITSHIFT,U(-1,1),16,4096,4096,16x128x32_w4f2,SKIP,MF path-B not implemented
INT8,LUT,U(-1,1),16,4096,4096,16x256x32_w4f4,OK,ms=2.641,tflops=0.20,gbps=6.9,maxabs=2.375e-02,p99=1.435e-02,rel=2.601e-04
INT8,BITSHIFT,U(-1,1),16,4096,4096,16x256x32_w4f4,SKIP,MF path-B not implemented
INT8,LUT,U(-1,1),16,4096,4096,128x64x32_w4_v1,OK,ms=1.011,tflops=0.53,gbps=18.2,maxabs=2.375e-02,p99=1.435e-02,rel=2.601e-04
INT8,BITSHIFT,U(-1,1),16,4096,4096,128x64x32_w4_v1,SKIP,v1 path-B not implemented
INT8,LUT,U(-1,1),16,4096,4096,128x128x32_w4_v1,OK,ms=1.650,tflops=0.33,gbps=11.1,maxabs=2.375e-02,p99=1.435e-02,rel=2.601e-04
INT8,BITSHIFT,U(-1,1),16,4096,4096,128x128x32_w4_v1,SKIP,v1 path-B not implemented
INT8,LUT,U(-1,1),16,4096,4096,128x256x32_w4_v1,OK,ms=3.745,tflops=0.14,gbps=4.9,maxabs=2.375e-02,p99=1.435e-02,rel=2.601e-04
INT8,BITSHIFT,U(-1,1),16,4096,4096,128x256x32_w4_v1,SKIP,v1 path-B not implemented
INT8,LUT,U(-1,1),16,4096,4096,128x256x32_w8_v1,OK,ms=1.880,tflops=0.29,gbps=9.8,maxabs=2.375e-02,p99=1.435e-02,rel=2.601e-04
INT8,BITSHIFT,U(-1,1),16,4096,4096,128x256x32_w8_v1,SKIP,v1 path-B not implemented
INT8,LUT,U(-1,1),16,4096,4096,64x64x32_w4_v1,OK,ms=0.844,tflops=0.64,gbps=21.7,maxabs=2.375e-02,p99=1.435e-02,rel=2.601e-04
INT8,BITSHIFT,U(-1,1),16,4096,4096,64x64x32_w4_v1,SKIP,v1 path-B not implemented
INT8,LUT,U(-1,1),16,4096,4096,64x128x32_w4_v1,OK,ms=1.511,tflops=0.36,gbps=12.1,maxabs=2.375e-02,p99=1.435e-02,rel=2.601e-04
INT8,BITSHIFT,U(-1,1),16,4096,4096,64x128x32_w4_v1,SKIP,v1 path-B not implemented
INT8,LUT,U(-1,1),16,4096,4096,128x64x32_w4_v2,OK,ms=0.447,tflops=1.20,gbps=41.1,maxabs=2.375e-02,p99=1.435e-02,rel=2.601e-04
INT8,BITSHIFT,U(-1,1),16,4096,4096,128x64x32_w4_v2,SKIP,v2 path-B not implemented
INT8,LUT,U(-1,1),16,4096,4096,128x128x32_w4_v2,OK,ms=0.571,tflops=0.94,gbps=32.1,maxabs=2.375e-02,p99=1.435e-02,rel=2.601e-04
INT8,BITSHIFT,U(-1,1),16,4096,4096,128x128x32_w4_v2,SKIP,v2 path-B not implemented
INT8,LUT,U(-1,1),16,4096,4096,128x256x32_w4_v2,OK,ms=1.249,tflops=0.43,gbps=14.7,maxabs=2.375e-02,p99=1.435e-02,rel=2.601e-04
INT8,BITSHIFT,U(-1,1),16,4096,4096,128x256x32_w4_v2,SKIP,v2 path-B not implemented
INT8,LUT,U(-1,1),16,4096,4096,128x256x32_w8_v2,OK,ms=0.764,tflops=0.70,gbps=24.0,maxabs=2.375e-02,p99=1.435e-02,rel=2.601e-04
INT8,BITSHIFT,U(-1,1),16,4096,4096,128x256x32_w8_v2,SKIP,v2 path-B not implemented
INT8,LUT,U(-1,1),16,4096,4096,64x64x32_w4_v2,OK,ms=0.303,tflops=1.77,gbps=60.6,maxabs=2.375e-02,p99=1.435e-02,rel=2.601e-04
INT8,BITSHIFT,U(-1,1),16,4096,4096,64x64x32_w4_v2,SKIP,v2 path-B not implemented
INT8,LUT,U(-1,1),16,4096,4096,64x128x32_w4_v2,OK,ms=0.405,tflops=1.33,gbps=45.3,maxabs=2.375e-02,p99=1.435e-02,rel=2.601e-04
INT8,BITSHIFT,U(-1,1),16,4096,4096,64x128x32_w4_v2,SKIP,v2 path-B not implemented
INT8,LUT,U(-1,1),16,4096,4096,128x64x32_w4_v3,OK,ms=0.382,tflops=1.41,gbps=48.1,maxabs=2.375e-02,p99=1.435e-02,rel=2.601e-04
INT8,BITSHIFT,U(-1,1),16,4096,4096,128x64x32_w4_v3,SKIP,v3 path-B not implemented
INT8,LUT,U(-1,1),16,4096,4096,128x128x32_w4_v3,OK,ms=0.471,tflops=1.14,gbps=38.9,maxabs=2.375e-02,p99=1.435e-02,rel=2.601e-04
INT8,BITSHIFT,U(-1,1),16,4096,4096,128x128x32_w4_v3,SKIP,v3 path-B not implemented
INT8,LUT,U(-1,1),16,4096,4096,128x256x32_w8_v3,SKIP,smem > 48KiB
INT8,BITSHIFT,U(-1,1),16,4096,4096,128x256x32_w8_v3,SKIP,smem > 48KiB
INT8,LUT,U(-1,1),16,4096,4096,64x64x32_w4_v3,OK,ms=0.272,tflops=1.97,gbps=67.5,maxabs=2.375e-02,p99=1.435e-02,rel=2.601e-04
INT8,BITSHIFT,U(-1,1),16,4096,4096,64x64x32_w4_v3,SKIP,v3 path-B not implemented
INT8,LUT,U(-1,1),16,4096,4096,64x128x32_w4_v3,OK,ms=0.341,tflops=1.57,gbps=53.8,maxabs=2.375e-02,p99=1.435e-02,rel=2.601e-04
INT8,BITSHIFT,U(-1,1),16,4096,4096,64x128x32_w4_v3,SKIP,v3 path-B not implemented
INT8,LUT,U(-1,1),64,4096,4096,16x64x32_w4,OK,ms=0.803,tflops=2.67,gbps=24.8,maxabs=2.856e-02,p99=1.473e-02,rel=2.601e-04
INT8,BITSHIFT,U(-1,1),64,4096,4096,16x64x32_w4,OK,ms=0.748,tflops=2.87,gbps=26.6,maxabs=1.963e-02,p99=1.034e-02,rel=1.852e-04
INT8,LUT,U(-1,1),64,4096,4096,16x128x32_w8,OK,ms=0.830,tflops=2.59,gbps=24.0,maxabs=2.856e-02,p99=1.473e-02,rel=2.601e-04
INT8,BITSHIFT,U(-1,1),64,4096,4096,16x128x32_w8,OK,ms=0.790,tflops=2.72,gbps=25.2,maxabs=1.963e-02,p99=1.034e-02,rel=1.852e-04
INT8,LUT,U(-1,1),64,4096,4096,16x128x32_w4f2,OK,ms=1.382,tflops=1.55,gbps=14.4,maxabs=2.856e-02,p99=1.473e-02,rel=2.601e-04
INT8,BITSHIFT,U(-1,1),64,4096,4096,16x128x32_w4f2,SKIP,MF path-B not implemented
INT8,LUT,U(-1,1),64,4096,4096,16x256x32_w4f4,OK,ms=2.559,tflops=0.84,gbps=7.8,maxabs=2.856e-02,p99=1.473e-02,rel=2.601e-04
INT8,BITSHIFT,U(-1,1),64,4096,4096,16x256x32_w4f4,SKIP,MF path-B not implemented
INT8,LUT,U(-1,1),64,4096,4096,128x64x32_w4_v1,OK,ms=1.132,tflops=1.90,gbps=17.6,maxabs=2.856e-02,p99=1.473e-02,rel=2.601e-04
INT8,BITSHIFT,U(-1,1),64,4096,4096,128x64x32_w4_v1,SKIP,v1 path-B not implemented
INT8,LUT,U(-1,1),64,4096,4096,128x128x32_w4_v1,OK,ms=1.738,tflops=1.24,gbps=11.5,maxabs=2.856e-02,p99=1.473e-02,rel=2.601e-04
INT8,BITSHIFT,U(-1,1),64,4096,4096,128x128x32_w4_v1,SKIP,v1 path-B not implemented
INT8,LUT,U(-1,1),64,4096,4096,128x256x32_w4_v1,OK,ms=4.133,tflops=0.52,gbps=4.8,maxabs=2.856e-02,p99=1.473e-02,rel=2.601e-04
INT8,BITSHIFT,U(-1,1),64,4096,4096,128x256x32_w4_v1,SKIP,v1 path-B not implemented
INT8,LUT,U(-1,1),64,4096,4096,128x256x32_w8_v1,OK,ms=1.909,tflops=1.12,gbps=10.4,maxabs=2.856e-02,p99=1.473e-02,rel=2.601e-04
INT8,BITSHIFT,U(-1,1),64,4096,4096,128x256x32_w8_v1,SKIP,v1 path-B not implemented
INT8,LUT,U(-1,1),64,4096,4096,64x64x32_w4_v1,OK,ms=0.965,tflops=2.22,gbps=20.6,maxabs=2.856e-02,p99=1.473e-02,rel=2.601e-04
INT8,BITSHIFT,U(-1,1),64,4096,4096,64x64x32_w4_v1,SKIP,v1 path-B not implemented
INT8,LUT,U(-1,1),64,4096,4096,64x128x32_w4_v1,OK,ms=1.596,tflops=1.35,gbps=12.5,maxabs=2.856e-02,p99=1.473e-02,rel=2.601e-04
INT8,BITSHIFT,U(-1,1),64,4096,4096,64x128x32_w4_v1,SKIP,v1 path-B not implemented
INT8,LUT,U(-1,1),64,4096,4096,128x64x32_w4_v2,OK,ms=0.574,tflops=3.74,gbps=34.7,maxabs=2.856e-02,p99=1.473e-02,rel=2.601e-04
INT8,BITSHIFT,U(-1,1),64,4096,4096,128x64x32_w4_v2,SKIP,v2 path-B not implemented
INT8,LUT,U(-1,1),64,4096,4096,128x128x32_w4_v2,OK,ms=0.686,tflops=3.13,gbps=29.0,maxabs=2.856e-02,p99=1.473e-02,rel=2.601e-04
INT8,BITSHIFT,U(-1,1),64,4096,4096,128x128x32_w4_v2,SKIP,v2 path-B not implemented
INT8,LUT,U(-1,1),64,4096,4096,128x256x32_w4_v2,OK,ms=1.316,tflops=1.63,gbps=15.1,maxabs=2.856e-02,p99=1.473e-02,rel=2.601e-04
INT8,BITSHIFT,U(-1,1),64,4096,4096,128x256x32_w4_v2,SKIP,v2 path-B not implemented
INT8,LUT,U(-1,1),64,4096,4096,128x256x32_w8_v2,OK,ms=0.834,tflops=2.57,gbps=23.9,maxabs=2.856e-02,p99=1.473e-02,rel=2.601e-04
INT8,BITSHIFT,U(-1,1),64,4096,4096,128x256x32_w8_v2,SKIP,v2 path-B not implemented
INT8,LUT,U(-1,1),64,4096,4096,64x64x32_w4_v2,OK,ms=0.435,tflops=4.94,gbps=45.8,maxabs=2.856e-02,p99=1.473e-02,rel=2.601e-04
INT8,BITSHIFT,U(-1,1),64,4096,4096,64x64x32_w4_v2,SKIP,v2 path-B not implemented
INT8,LUT,U(-1,1),64,4096,4096,64x128x32_w4_v2,OK,ms=0.517,tflops=4.15,gbps=38.5,maxabs=2.856e-02,p99=1.473e-02,rel=2.601e-04
INT8,BITSHIFT,U(-1,1),64,4096,4096,64x128x32_w4_v2,SKIP,v2 path-B not implemented
INT8,LUT,U(-1,1),64,4096,4096,128x64x32_w4_v3,OK,ms=0.401,tflops=5.36,gbps=49.7,maxabs=2.856e-02,p99=1.473e-02,rel=2.601e-04
INT8,BITSHIFT,U(-1,1),64,4096,4096,128x64x32_w4_v3,SKIP,v3 path-B not implemented
INT8,LUT,U(-1,1),64,4096,4096,128x128x32_w4_v3,OK,ms=0.503,tflops=4.27,gbps=39.6,maxabs=2.856e-02,p99=1.473e-02,rel=2.601e-04
INT8,BITSHIFT,U(-1,1),64,4096,4096,128x128x32_w4_v3,SKIP,v3 path-B not implemented
INT8,LUT,U(-1,1),64,4096,4096,128x256x32_w8_v3,SKIP,smem > 48KiB
INT8,BITSHIFT,U(-1,1),64,4096,4096,128x256x32_w8_v3,SKIP,smem > 48KiB
INT8,LUT,U(-1,1),64,4096,4096,64x64x32_w4_v3,OK,ms=0.330,tflops=6.50,gbps=60.3,maxabs=2.856e-02,p99=1.473e-02,rel=2.601e-04
INT8,BITSHIFT,U(-1,1),64,4096,4096,64x64x32_w4_v3,SKIP,v3 path-B not implemented
INT8,LUT,U(-1,1),64,4096,4096,64x128x32_w4_v3,OK,ms=0.363,tflops=5.91,gbps=54.8,maxabs=2.856e-02,p99=1.473e-02,rel=2.601e-04
INT8,BITSHIFT,U(-1,1),64,4096,4096,64x128x32_w4_v3,SKIP,v3 path-B not implemented
INT8,LUT,U(-1,1),128,4096,4096,16x64x32_w4,OK,ms=0.925,tflops=4.65,gbps=23.8,maxabs=2.855e-02,p99=1.473e-02,rel=2.602e-04
INT8,BITSHIFT,U(-1,1),128,4096,4096,16x64x32_w4,OK,ms=1.187,tflops=3.62,gbps=18.6,maxabs=1.963e-02,p99=1.035e-02,rel=1.852e-04
INT8,LUT,U(-1,1),128,4096,4096,16x128x32_w8,OK,ms=0.960,tflops=4.47,gbps=22.9,maxabs=2.855e-02,p99=1.473e-02,rel=2.602e-04
INT8,BITSHIFT,U(-1,1),128,4096,4096,16x128x32_w8,OK,ms=1.366,tflops=3.14,gbps=16.1,maxabs=1.963e-02,p99=1.035e-02,rel=1.852e-04
INT8,LUT,U(-1,1),128,4096,4096,16x128x32_w4f2,OK,ms=1.477,tflops=2.91,gbps=14.9,maxabs=2.855e-02,p99=1.473e-02,rel=2.602e-04
INT8,BITSHIFT,U(-1,1),128,4096,4096,16x128x32_w4f2,SKIP,MF path-B not implemented
INT8,LUT,U(-1,1),128,4096,4096,16x256x32_w4f4,OK,ms=2.578,tflops=1.67,gbps=8.5,maxabs=2.855e-02,p99=1.473e-02,rel=2.602e-04
INT8,BITSHIFT,U(-1,1),128,4096,4096,16x256x32_w4f4,SKIP,MF path-B not implemented
INT8,LUT,U(-1,1),128,4096,4096,128x64x32_w4_v1,OK,ms=1.260,tflops=3.41,gbps=17.5,maxabs=2.855e-02,p99=1.473e-02,rel=2.602e-04
INT8,BITSHIFT,U(-1,1),128,4096,4096,128x64x32_w4_v1,SKIP,v1 path-B not implemented
INT8,LUT,U(-1,1),128,4096,4096,128x128x32_w4_v1,OK,ms=1.893,tflops=2.27,gbps=11.6,maxabs=2.855e-02,p99=1.473e-02,rel=2.602e-04
INT8,BITSHIFT,U(-1,1),128,4096,4096,128x128x32_w4_v1,SKIP,v1 path-B not implemented
INT8,LUT,U(-1,1),128,4096,4096,128x256x32_w4_v1,OK,ms=4.760,tflops=0.90,gbps=4.6,maxabs=2.855e-02,p99=1.473e-02,rel=2.602e-04
INT8,BITSHIFT,U(-1,1),128,4096,4096,128x256x32_w4_v1,SKIP,v1 path-B not implemented
INT8,LUT,U(-1,1),128,4096,4096,128x256x32_w8_v1,OK,ms=2.001,tflops=2.15,gbps=11.0,maxabs=2.855e-02,p99=1.473e-02,rel=2.602e-04
INT8,BITSHIFT,U(-1,1),128,4096,4096,128x256x32_w8_v1,SKIP,v1 path-B not implemented
INT8,LUT,U(-1,1),128,4096,4096,64x64x32_w4_v1,OK,ms=0.959,tflops=4.48,gbps=23.0,maxabs=2.855e-02,p99=1.473e-02,rel=2.602e-04
INT8,BITSHIFT,U(-1,1),128,4096,4096,64x64x32_w4_v1,SKIP,v1 path-B not implemented
INT8,LUT,U(-1,1),128,4096,4096,64x128x32_w4_v1,OK,ms=1.579,tflops=2.72,gbps=13.9,maxabs=2.855e-02,p99=1.473e-02,rel=2.602e-04
INT8,BITSHIFT,U(-1,1),128,4096,4096,64x128x32_w4_v1,SKIP,v1 path-B not implemented
INT8,LUT,U(-1,1),128,4096,4096,128x64x32_w4_v2,OK,ms=0.755,tflops=5.69,gbps=29.2,maxabs=2.855e-02,p99=1.473e-02,rel=2.602e-04
INT8,BITSHIFT,U(-1,1),128,4096,4096,128x64x32_w4_v2,SKIP,v2 path-B not implemented
INT8,LUT,U(-1,1),128,4096,4096,128x128x32_w4_v2,OK,ms=0.872,tflops=4.93,gbps=25.3,maxabs=2.855e-02,p99=1.473e-02,rel=2.602e-04
INT8,BITSHIFT,U(-1,1),128,4096,4096,128x128x32_w4_v2,SKIP,v2 path-B not implemented
INT8,LUT,U(-1,1),128,4096,4096,128x256x32_w4_v2,OK,ms=1.495,tflops=2.87,gbps=14.7,maxabs=2.855e-02,p99=1.473e-02,rel=2.602e-04
INT8,BITSHIFT,U(-1,1),128,4096,4096,128x256x32_w4_v2,SKIP,v2 path-B not implemented
INT8,LUT,U(-1,1),128,4096,4096,128x256x32_w8_v2,OK,ms=0.913,tflops=4.71,gbps=24.1,maxabs=2.855e-02,p99=1.473e-02,rel=2.602e-04
INT8,BITSHIFT,U(-1,1),128,4096,4096,128x256x32_w8_v2,SKIP,v2 path-B not implemented
INT8,LUT,U(-1,1),128,4096,4096,64x64x32_w4_v2,OK,ms=0.467,tflops=9.20,gbps=47.2,maxabs=2.855e-02,p99=1.473e-02,rel=2.602e-04
INT8,BITSHIFT,U(-1,1),128,4096,4096,64x64x32_w4_v2,SKIP,v2 path-B not implemented
INT8,LUT,U(-1,1),128,4096,4096,64x128x32_w4_v2,OK,ms=0.514,tflops=8.36,gbps=42.9,maxabs=2.855e-02,p99=1.473e-02,rel=2.602e-04
INT8,BITSHIFT,U(-1,1),128,4096,4096,64x128x32_w4_v2,SKIP,v2 path-B not implemented
INT8,LUT,U(-1,1),128,4096,4096,128x64x32_w4_v3,OK,ms=0.451,tflops=9.51,gbps=48.8,maxabs=2.855e-02,p99=1.473e-02,rel=2.602e-04
INT8,BITSHIFT,U(-1,1),128,4096,4096,128x64x32_w4_v3,SKIP,v3 path-B not implemented
INT8,LUT,U(-1,1),128,4096,4096,128x128x32_w4_v3,OK,ms=0.543,tflops=7.91,gbps=40.5,maxabs=2.855e-02,p99=1.473e-02,rel=2.602e-04
INT8,BITSHIFT,U(-1,1),128,4096,4096,128x128x32_w4_v3,SKIP,v3 path-B not implemented
INT8,LUT,U(-1,1),128,4096,4096,128x256x32_w8_v3,SKIP,smem > 48KiB
INT8,BITSHIFT,U(-1,1),128,4096,4096,128x256x32_w8_v3,SKIP,smem > 48KiB
INT8,LUT,U(-1,1),128,4096,4096,64x64x32_w4_v3,OK,ms=0.364,tflops=11.79,gbps=60.5,maxabs=2.855e-02,p99=1.473e-02,rel=2.602e-04
INT8,BITSHIFT,U(-1,1),128,4096,4096,64x64x32_w4_v3,SKIP,v3 path-B not implemented
INT8,LUT,U(-1,1),128,4096,4096,64x128x32_w4_v3,OK,ms=0.362,tflops=11.87,gbps=60.9,maxabs=2.855e-02,p99=1.473e-02,rel=2.602e-04
INT8,BITSHIFT,U(-1,1),128,4096,4096,64x128x32_w4_v3,SKIP,v3 path-B not implemented
INT8,LUT,U(-1,1),256,4096,4096,16x64x32_w4,OK,ms=1.841,tflops=4.67,gbps=14.2,maxabs=2.855e-02,p99=1.464e-02,rel=2.597e-04
INT8,BITSHIFT,U(-1,1),256,4096,4096,16x64x32_w4,OK,ms=2.598,tflops=3.31,gbps=10.1,maxabs=1.963e-02,p99=9.987e-03,rel=1.849e-04
INT8,LUT,U(-1,1),256,4096,4096,16x128x32_w8,OK,ms=1.921,tflops=4.47,gbps=13.6,maxabs=2.855e-02,p99=1.464e-02,rel=2.597e-04
INT8,BITSHIFT,U(-1,1),256,4096,4096,16x128x32_w8,OK,ms=2.643,tflops=3.25,gbps=9.9,maxabs=1.963e-02,p99=9.987e-03,rel=1.849e-04
INT8,LUT,U(-1,1),256,4096,4096,16x128x32_w4f2,OK,ms=1.685,tflops=5.10,gbps=15.6,maxabs=2.855e-02,p99=1.464e-02,rel=2.597e-04
INT8,BITSHIFT,U(-1,1),256,4096,4096,16x128x32_w4f2,SKIP,MF path-B not implemented
INT8,LUT,U(-1,1),256,4096,4096,16x256x32_w4f4,OK,ms=2.753,tflops=3.12,gbps=9.5,maxabs=2.855e-02,p99=1.464e-02,rel=2.597e-04
INT8,BITSHIFT,U(-1,1),256,4096,4096,16x256x32_w4f4,SKIP,MF path-B not implemented
INT8,LUT,U(-1,1),256,4096,4096,128x64x32_w4_v1,OK,ms=1.281,tflops=6.71,gbps=20.5,maxabs=2.855e-02,p99=1.464e-02,rel=2.597e-04
INT8,BITSHIFT,U(-1,1),256,4096,4096,128x64x32_w4_v1,SKIP,v1 path-B not implemented
INT8,LUT,U(-1,1),256,4096,4096,128x128x32_w4_v1,OK,ms=1.890,tflops=4.54,gbps=13.9,maxabs=2.855e-02,p99=1.464e-02,rel=2.597e-04
INT8,BITSHIFT,U(-1,1),256,4096,4096,128x128x32_w4_v1,SKIP,v1 path-B not implemented
INT8,LUT,U(-1,1),256,4096,4096,128x256x32_w4_v1,OK,ms=4.679,tflops=1.84,gbps=5.6,maxabs=2.855e-02,p99=1.464e-02,rel=2.597e-04
INT8,BITSHIFT,U(-1,1),256,4096,4096,128x256x32_w4_v1,SKIP,v1 path-B not implemented
INT8,LUT,U(-1,1),256,4096,4096,128x256x32_w8_v1,OK,ms=1.946,tflops=4.41,gbps=13.5,maxabs=2.855e-02,p99=1.464e-02,rel=2.597e-04
INT8,BITSHIFT,U(-1,1),256,4096,4096,128x256x32_w8_v1,SKIP,v1 path-B not implemented
INT8,LUT,U(-1,1),256,4096,4096,64x64x32_w4_v1,OK,ms=1.092,tflops=7.87,gbps=24.0,maxabs=2.855e-02,p99=1.464e-02,rel=2.597e-04
INT8,BITSHIFT,U(-1,1),256,4096,4096,64x64x32_w4_v1,SKIP,v1 path-B not implemented
INT8,LUT,U(-1,1),256,4096,4096,64x128x32_w4_v1,OK,ms=1.598,tflops=5.38,gbps=16.4,maxabs=2.855e-02,p99=1.464e-02,rel=2.597e-04
INT8,BITSHIFT,U(-1,1),256,4096,4096,64x128x32_w4_v1,SKIP,v1 path-B not implemented
INT8,LUT,U(-1,1),256,4096,4096,128x64x32_w4_v2,OK,ms=0.761,tflops=11.29,gbps=34.5,maxabs=2.855e-02,p99=1.464e-02,rel=2.597e-04
INT8,BITSHIFT,U(-1,1),256,4096,4096,128x64x32_w4_v2,SKIP,v2 path-B not implemented
INT8,LUT,U(-1,1),256,4096,4096,128x128x32_w4_v2,OK,ms=0.865,tflops=9.93,gbps=30.3,maxabs=2.855e-02,p99=1.464e-02,rel=2.597e-04
INT8,BITSHIFT,U(-1,1),256,4096,4096,128x128x32_w4_v2,SKIP,v2 path-B not implemented
INT8,LUT,U(-1,1),256,4096,4096,128x256x32_w4_v2,OK,ms=1.488,tflops=5.77,gbps=17.6,maxabs=2.855e-02,p99=1.464e-02,rel=2.597e-04
INT8,BITSHIFT,U(-1,1),256,4096,4096,128x256x32_w4_v2,SKIP,v2 path-B not implemented
INT8,LUT,U(-1,1),256,4096,4096,128x256x32_w8_v2,OK,ms=0.911,tflops=9.42,gbps=28.8,maxabs=2.855e-02,p99=1.464e-02,rel=2.597e-04
INT8,BITSHIFT,U(-1,1),256,4096,4096,128x256x32_w8_v2,SKIP,v2 path-B not implemented
INT8,LUT,U(-1,1),256,4096,4096,64x64x32_w4_v2,OK,ms=0.697,tflops=12.32,gbps=37.6,maxabs=2.855e-02,p99=1.464e-02,rel=2.597e-04
INT8,BITSHIFT,U(-1,1),256,4096,4096,64x64x32_w4_v2,SKIP,v2 path-B not implemented
INT8,LUT,U(-1,1),256,4096,4096,64x128x32_w4_v2,OK,ms=0.618,tflops=13.89,gbps=42.4,maxabs=2.855e-02,p99=1.464e-02,rel=2.597e-04
INT8,BITSHIFT,U(-1,1),256,4096,4096,64x128x32_w4_v2,SKIP,v2 path-B not implemented
INT8,LUT,U(-1,1),256,4096,4096,128x64x32_w4_v3,OK,ms=0.545,tflops=15.75,gbps=48.1,maxabs=2.855e-02,p99=1.464e-02,rel=2.597e-04
INT8,BITSHIFT,U(-1,1),256,4096,4096,128x64x32_w4_v3,SKIP,v3 path-B not implemented
INT8,LUT,U(-1,1),256,4096,4096,128x128x32_w4_v3,OK,ms=0.545,tflops=15.77,gbps=48.1,maxabs=2.855e-02,p99=1.464e-02,rel=2.597e-04
INT8,BITSHIFT,U(-1,1),256,4096,4096,128x128x32_w4_v3,SKIP,v3 path-B not implemented
INT8,LUT,U(-1,1),256,4096,4096,128x256x32_w8_v3,SKIP,smem > 48KiB
INT8,BITSHIFT,U(-1,1),256,4096,4096,128x256x32_w8_v3,SKIP,smem > 48KiB
INT8,LUT,U(-1,1),256,4096,4096,64x64x32_w4_v3,OK,ms=0.560,tflops=15.35,gbps=46.8,maxabs=2.855e-02,p99=1.464e-02,rel=2.597e-04
INT8,BITSHIFT,U(-1,1),256,4096,4096,64x64x32_w4_v3,SKIP,v3 path-B not implemented
INT8,LUT,U(-1,1),256,4096,4096,64x128x32_w4_v3,OK,ms=0.436,tflops=19.71,gbps=60.1,maxabs=2.855e-02,p99=1.464e-02,rel=2.597e-04
INT8,BITSHIFT,U(-1,1),256,4096,4096,64x128x32_w4_v3,SKIP,v3 path-B not implemented
INT8,LUT,U(-1,1),512,4096,4096,16x64x32_w4,OK,ms=3.677,tflops=4.67,gbps=9.4,maxabs=2.854e-02,p99=1.429e-02,rel=2.596e-04
INT8,BITSHIFT,U(-1,1),512,4096,4096,16x64x32_w4,OK,ms=4.688,tflops=3.66,gbps=7.4,maxabs=1.971e-02,p99=1.010e-02,rel=1.848e-04
INT8,LUT,U(-1,1),512,4096,4096,16x128x32_w8,OK,ms=3.881,tflops=4.43,gbps=8.9,maxabs=2.854e-02,p99=1.429e-02,rel=2.596e-04
INT8,BITSHIFT,U(-1,1),512,4096,4096,16x128x32_w8,OK,ms=4.866,tflops=3.53,gbps=7.1,maxabs=1.971e-02,p99=1.010e-02,rel=1.848e-04
INT8,LUT,U(-1,1),512,4096,4096,16x128x32_w4f2,OK,ms=3.246,tflops=5.29,gbps=10.7,maxabs=2.854e-02,p99=1.429e-02,rel=2.596e-04
INT8,BITSHIFT,U(-1,1),512,4096,4096,16x128x32_w4f2,SKIP,MF path-B not implemented
INT8,LUT,U(-1,1),512,4096,4096,16x256x32_w4f4,OK,ms=5.532,tflops=3.11,gbps=6.3,maxabs=2.854e-02,p99=1.429e-02,rel=2.596e-04
INT8,BITSHIFT,U(-1,1),512,4096,4096,16x256x32_w4f4,SKIP,MF path-B not implemented
INT8,LUT,U(-1,1),512,4096,4096,128x64x32_w4_v1,OK,ms=1.560,tflops=11.01,gbps=22.2,maxabs=2.854e-02,p99=1.429e-02,rel=2.596e-04
INT8,BITSHIFT,U(-1,1),512,4096,4096,128x64x32_w4_v1,SKIP,v1 path-B not implemented
INT8,LUT,U(-1,1),512,4096,4096,128x128x32_w4_v1,OK,ms=1.903,tflops=9.03,gbps=18.2,maxabs=2.854e-02,p99=1.429e-02,rel=2.596e-04
INT8,BITSHIFT,U(-1,1),512,4096,4096,128x128x32_w4_v1,SKIP,v1 path-B not implemented
INT8,LUT,U(-1,1),512,4096,4096,128x256x32_w4_v1,OK,ms=4.890,tflops=3.51,gbps=7.1,maxabs=2.854e-02,p99=1.429e-02,rel=2.596e-04
INT8,BITSHIFT,U(-1,1),512,4096,4096,128x256x32_w4_v1,SKIP,v1 path-B not implemented
INT8,LUT,U(-1,1),512,4096,4096,128x256x32_w8_v1,OK,ms=1.922,tflops=8.94,gbps=18.0,maxabs=2.854e-02,p99=1.429e-02,rel=2.596e-04
INT8,BITSHIFT,U(-1,1),512,4096,4096,128x256x32_w8_v1,SKIP,v1 path-B not implemented
INT8,LUT,U(-1,1),512,4096,4096,64x64x32_w4_v1,OK,ms=2.279,tflops=7.54,gbps=15.2,maxabs=2.854e-02,p99=1.429e-02,rel=2.596e-04
INT8,BITSHIFT,U(-1,1),512,4096,4096,64x64x32_w4_v1,SKIP,v1 path-B not implemented
INT8,LUT,U(-1,1),512,4096,4096,64x128x32_w4_v1,OK,ms=3.297,tflops=5.21,gbps=10.5,maxabs=2.854e-02,p99=1.429e-02,rel=2.596e-04
INT8,BITSHIFT,U(-1,1),512,4096,4096,64x128x32_w4_v1,SKIP,v1 path-B not implemented
INT8,LUT,U(-1,1),512,4096,4096,128x64x32_w4_v2,OK,ms=1.136,tflops=15.12,gbps=30.4,maxabs=2.854e-02,p99=1.429e-02,rel=2.596e-04
INT8,BITSHIFT,U(-1,1),512,4096,4096,128x64x32_w4_v2,SKIP,v2 path-B not implemented
INT8,LUT,U(-1,1),512,4096,4096,128x128x32_w4_v2,OK,ms=0.965,tflops=17.81,gbps=35.9,maxabs=2.854e-02,p99=1.429e-02,rel=2.596e-04
INT8,BITSHIFT,U(-1,1),512,4096,4096,128x128x32_w4_v2,SKIP,v2 path-B not implemented
INT8,LUT,U(-1,1),512,4096,4096,128x256x32_w4_v2,OK,ms=1.538,tflops=11.17,gbps=22.5,maxabs=2.854e-02,p99=1.429e-02,rel=2.596e-04
INT8,BITSHIFT,U(-1,1),512,4096,4096,128x256x32_w4_v2,SKIP,v2 path-B not implemented
INT8,LUT,U(-1,1),512,4096,4096,128x256x32_w8_v2,OK,ms=0.911,tflops=18.85,gbps=38.0,maxabs=2.854e-02,p99=1.429e-02,rel=2.596e-04
INT8,BITSHIFT,U(-1,1),512,4096,4096,128x256x32_w8_v2,SKIP,v2 path-B not implemented
INT8,LUT,U(-1,1),512,4096,4096,64x64x32_w4_v2,OK,ms=1.489,tflops=11.54,gbps=23.2,maxabs=2.854e-02,p99=1.429e-02,rel=2.596e-04
INT8,BITSHIFT,U(-1,1),512,4096,4096,64x64x32_w4_v2,SKIP,v2 path-B not implemented
INT8,LUT,U(-1,1),512,4096,4096,64x128x32_w4_v2,OK,ms=0.955,tflops=18.00,gbps=36.2,maxabs=2.854e-02,p99=1.429e-02,rel=2.596e-04
INT8,BITSHIFT,U(-1,1),512,4096,4096,64x128x32_w4_v2,SKIP,v2 path-B not implemented
INT8,LUT,U(-1,1),512,4096,4096,128x64x32_w4_v3,OK,ms=1.280,tflops=13.42,gbps=27.0,maxabs=2.854e-02,p99=1.429e-02,rel=2.596e-04
INT8,BITSHIFT,U(-1,1),512,4096,4096,128x64x32_w4_v3,SKIP,v3 path-B not implemented
INT8,LUT,U(-1,1),512,4096,4096,128x128x32_w4_v3,OK,ms=0.694,tflops=24.76,gbps=49.9,maxabs=2.854e-02,p99=1.429e-02,rel=2.596e-04
INT8,BITSHIFT,U(-1,1),512,4096,4096,128x128x32_w4_v3,SKIP,v3 path-B not implemented
INT8,LUT,U(-1,1),512,4096,4096,128x256x32_w8_v3,SKIP,smem > 48KiB
INT8,BITSHIFT,U(-1,1),512,4096,4096,128x256x32_w8_v3,SKIP,smem > 48KiB
INT8,LUT,U(-1,1),512,4096,4096,64x64x32_w4_v3,OK,ms=1.249,tflops=13.76,gbps=27.7,maxabs=2.854e-02,p99=1.429e-02,rel=2.596e-04
INT8,BITSHIFT,U(-1,1),512,4096,4096,64x64x32_w4_v3,SKIP,v3 path-B not implemented
INT8,LUT,U(-1,1),512,4096,4096,64x128x32_w4_v3,OK,ms=1.027,tflops=16.73,gbps=33.7,maxabs=2.854e-02,p99=1.429e-02,rel=2.596e-04
INT8,BITSHIFT,U(-1,1),512,4096,4096,64x128x32_w4_v3,SKIP,v3 path-B not implemented
INT8,LUT,U(-1,1),1024,4096,4096,16x64x32_w4,OK,ms=6.551,tflops=5.24,gbps=7.8,maxabs=2.854e-02,p99=1.417e-02,rel=2.594e-04
INT8,BITSHIFT,U(-1,1),1024,4096,4096,16x64x32_w4,OK,ms=9.455,tflops=3.63,gbps=5.4,maxabs=1.971e-02,p99=1.013e-02,rel=1.847e-04
INT8,LUT,U(-1,1),1024,4096,4096,16x128x32_w8,OK,ms=7.061,tflops=4.87,gbps=7.3,maxabs=2.854e-02,p99=1.417e-02,rel=2.594e-04
INT8,BITSHIFT,U(-1,1),1024,4096,4096,16x128x32_w8,OK,ms=9.410,tflops=3.65,gbps=5.5,maxabs=1.971e-02,p99=1.013e-02,rel=1.847e-04
INT8,LUT,U(-1,1),1024,4096,4096,16x128x32_w4f2,OK,ms=6.409,tflops=5.36,gbps=8.0,maxabs=2.854e-02,p99=1.417e-02,rel=2.594e-04
INT8,BITSHIFT,U(-1,1),1024,4096,4096,16x128x32_w4f2,SKIP,MF path-B not implemented
INT8,LUT,U(-1,1),1024,4096,4096,16x256x32_w4f4,OK,ms=10.813,tflops=3.18,gbps=4.8,maxabs=2.854e-02,p99=1.417e-02,rel=2.594e-04
INT8,BITSHIFT,U(-1,1),1024,4096,4096,16x256x32_w4f4,SKIP,MF path-B not implemented
INT8,LUT,U(-1,1),1024,4096,4096,128x64x32_w4_v1,OK,ms=3.150,tflops=10.91,gbps=16.3,maxabs=2.854e-02,p99=1.417e-02,rel=2.594e-04
INT8,BITSHIFT,U(-1,1),1024,4096,4096,128x64x32_w4_v1,SKIP,v1 path-B not implemented
INT8,LUT,U(-1,1),1024,4096,4096,128x128x32_w4_v1,OK,ms=4.010,tflops=8.57,gbps=12.8,maxabs=2.854e-02,p99=1.417e-02,rel=2.594e-04
INT8,BITSHIFT,U(-1,1),1024,4096,4096,128x128x32_w4_v1,SKIP,v1 path-B not implemented
INT8,LUT,U(-1,1),1024,4096,4096,128x256x32_w4_v1,OK,ms=6.046,tflops=5.68,gbps=8.5,maxabs=2.854e-02,p99=1.417e-02,rel=2.594e-04
INT8,BITSHIFT,U(-1,1),1024,4096,4096,128x256x32_w4_v1,SKIP,v1 path-B not implemented
INT8,LUT,U(-1,1),1024,4096,4096,128x256x32_w8_v1,OK,ms=3.846,tflops=8.93,gbps=13.4,maxabs=2.854e-02,p99=1.417e-02,rel=2.594e-04
INT8,BITSHIFT,U(-1,1),1024,4096,4096,128x256x32_w8_v1,SKIP,v1 path-B not implemented
INT8,LUT,U(-1,1),1024,4096,4096,64x64x32_w4_v1,OK,ms=3.501,tflops=9.81,gbps=14.7,maxabs=2.854e-02,p99=1.417e-02,rel=2.594e-04
INT8,BITSHIFT,U(-1,1),1024,4096,4096,64x64x32_w4_v1,SKIP,v1 path-B not implemented
INT8,LUT,U(-1,1),1024,4096,4096,64x128x32_w4_v1,OK,ms=5.199,tflops=6.61,gbps=9.9,maxabs=2.854e-02,p99=1.417e-02,rel=2.594e-04
INT8,BITSHIFT,U(-1,1),1024,4096,4096,64x128x32_w4_v1,SKIP,v1 path-B not implemented
INT8,LUT,U(-1,1),1024,4096,4096,128x64x32_w4_v2,OK,ms=2.313,tflops=14.85,gbps=22.2,maxabs=2.854e-02,p99=1.417e-02,rel=2.594e-04
INT8,BITSHIFT,U(-1,1),1024,4096,4096,128x64x32_w4_v2,SKIP,v2 path-B not implemented
INT8,LUT,U(-1,1),1024,4096,4096,128x128x32_w4_v2,OK,ms=2.061,tflops=16.67,gbps=24.9,maxabs=2.854e-02,p99=1.417e-02,rel=2.594e-04
INT8,BITSHIFT,U(-1,1),1024,4096,4096,128x128x32_w4_v2,SKIP,v2 path-B not implemented
INT8,LUT,U(-1,1),1024,4096,4096,128x256x32_w4_v2,OK,ms=2.890,tflops=11.89,gbps=17.8,maxabs=2.854e-02,p99=1.417e-02,rel=2.594e-04
INT8,BITSHIFT,U(-1,1),1024,4096,4096,128x256x32_w4_v2,SKIP,v2 path-B not implemented
INT8,LUT,U(-1,1),1024,4096,4096,128x256x32_w8_v2,OK,ms=1.821,tflops=18.87,gbps=28.2,maxabs=2.854e-02,p99=1.417e-02,rel=2.594e-04
INT8,BITSHIFT,U(-1,1),1024,4096,4096,128x256x32_w8_v2,SKIP,v2 path-B not implemented
INT8,LUT,U(-1,1),1024,4096,4096,64x64x32_w4_v2,OK,ms=2.588,tflops=13.28,gbps=19.9,maxabs=2.854e-02,p99=1.417e-02,rel=2.594e-04
INT8,BITSHIFT,U(-1,1),1024,4096,4096,64x64x32_w4_v2,SKIP,v2 path-B not implemented
INT8,LUT,U(-1,1),1024,4096,4096,64x128x32_w4_v2,OK,ms=1.926,tflops=17.84,gbps=26.7,maxabs=2.854e-02,p99=1.417e-02,rel=2.594e-04
INT8,BITSHIFT,U(-1,1),1024,4096,4096,64x128x32_w4_v2,SKIP,v2 path-B not implemented
INT8,LUT,U(-1,1),1024,4096,4096,128x64x32_w4_v3,OK,ms=2.099,tflops=16.37,gbps=24.5,maxabs=2.854e-02,p99=1.417e-02,rel=2.594e-04
INT8,BITSHIFT,U(-1,1),1024,4096,4096,128x64x32_w4_v3,SKIP,v3 path-B not implemented
INT8,LUT,U(-1,1),1024,4096,4096,128x128x32_w4_v3,OK,ms=1.435,tflops=23.94,gbps=35.8,maxabs=2.854e-02,p99=1.417e-02,rel=2.594e-04
INT8,BITSHIFT,U(-1,1),1024,4096,4096,128x128x32_w4_v3,SKIP,v3 path-B not implemented
INT8,LUT,U(-1,1),1024,4096,4096,128x256x32_w8_v3,SKIP,smem > 48KiB
INT8,BITSHIFT,U(-1,1),1024,4096,4096,128x256x32_w8_v3,SKIP,smem > 48KiB
INT8,LUT,U(-1,1),1024,4096,4096,64x64x32_w4_v3,OK,ms=2.040,tflops=16.84,gbps=25.2,maxabs=2.854e-02,p99=1.417e-02,rel=2.594e-04
INT8,BITSHIFT,U(-1,1),1024,4096,4096,64x64x32_w4_v3,SKIP,v3 path-B not implemented
INT8,LUT,U(-1,1),1024,4096,4096,64x128x32_w4_v3,OK,ms=1.667,tflops=20.61,gbps=30.8,maxabs=2.854e-02,p99=1.417e-02,rel=2.594e-04
INT8,BITSHIFT,U(-1,1),1024,4096,4096,64x128x32_w4_v3,SKIP,v3 path-B not implemented
INT8,LUT,U(-1,1),2048,4096,4096,16x64x32_w4,OK,ms=12.395,tflops=5.54,gbps=6.9,maxabs=2.962e-02,p99=1.442e-02,rel=2.594e-04
INT8,BITSHIFT,U(-1,1),2048,4096,4096,16x64x32_w4,OK,ms=17.878,tflops=3.84,gbps=4.8,maxabs=2.094e-02,p99=1.016e-02,rel=1.846e-04
INT8,LUT,U(-1,1),2048,4096,4096,16x128x32_w8,OK,ms=13.097,tflops=5.25,gbps=6.5,maxabs=2.962e-02,p99=1.442e-02,rel=2.594e-04
INT8,BITSHIFT,U(-1,1),2048,4096,4096,16x128x32_w8,OK,ms=17.860,tflops=3.85,gbps=4.8,maxabs=2.094e-02,p99=1.016e-02,rel=1.846e-04
INT8,LUT,U(-1,1),2048,4096,4096,16x128x32_w4f2,OK,ms=12.956,tflops=5.30,gbps=6.6,maxabs=2.962e-02,p99=1.442e-02,rel=2.594e-04
INT8,BITSHIFT,U(-1,1),2048,4096,4096,16x128x32_w4f2,SKIP,MF path-B not implemented
INT8,LUT,U(-1,1),2048,4096,4096,16x256x32_w4f4,OK,ms=19.028,tflops=3.61,gbps=4.5,maxabs=2.962e-02,p99=1.442e-02,rel=2.594e-04
INT8,BITSHIFT,U(-1,1),2048,4096,4096,16x256x32_w4f4,SKIP,MF path-B not implemented
INT8,LUT,U(-1,1),2048,4096,4096,128x64x32_w4_v1,OK,ms=6.501,tflops=10.57,gbps=13.1,maxabs=2.962e-02,p99=1.442e-02,rel=2.594e-04
INT8,BITSHIFT,U(-1,1),2048,4096,4096,128x64x32_w4_v1,SKIP,v1 path-B not implemented
INT8,LUT,U(-1,1),2048,4096,4096,128x128x32_w4_v1,OK,ms=8.203,tflops=8.38,gbps=10.4,maxabs=2.962e-02,p99=1.442e-02,rel=2.594e-04
INT8,BITSHIFT,U(-1,1),2048,4096,4096,128x128x32_w4_v1,SKIP,v1 path-B not implemented
INT8,LUT,U(-1,1),2048,4096,4096,128x256x32_w4_v1,OK,ms=12.594,tflops=5.46,gbps=6.7,maxabs=2.962e-02,p99=1.442e-02,rel=2.594e-04
INT8,BITSHIFT,U(-1,1),2048,4096,4096,128x256x32_w4_v1,SKIP,v1 path-B not implemented
INT8,LUT,U(-1,1),2048,4096,4096,128x256x32_w8_v1,OK,ms=7.719,tflops=8.90,gbps=11.0,maxabs=2.962e-02,p99=1.442e-02,rel=2.594e-04
INT8,BITSHIFT,U(-1,1),2048,4096,4096,128x256x32_w8_v1,SKIP,v1 path-B not implemented
INT8,LUT,U(-1,1),2048,4096,4096,64x64x32_w4_v1,OK,ms=6.938,tflops=9.90,gbps=12.2,maxabs=2.962e-02,p99=1.442e-02,rel=2.594e-04
INT8,BITSHIFT,U(-1,1),2048,4096,4096,64x64x32_w4_v1,SKIP,v1 path-B not implemented
INT8,LUT,U(-1,1),2048,4096,4096,64x128x32_w4_v1,OK,ms=8.645,tflops=7.95,gbps=9.8,maxabs=2.962e-02,p99=1.442e-02,rel=2.594e-04
INT8,BITSHIFT,U(-1,1),2048,4096,4096,64x128x32_w4_v1,SKIP,v1 path-B not implemented
INT8,LUT,U(-1,1),2048,4096,4096,128x64x32_w4_v2,OK,ms=4.648,tflops=14.78,gbps=18.3,maxabs=2.962e-02,p99=1.442e-02,rel=2.594e-04
INT8,BITSHIFT,U(-1,1),2048,4096,4096,128x64x32_w4_v2,SKIP,v2 path-B not implemented
INT8,LUT,U(-1,1),2048,4096,4096,128x128x32_w4_v2,OK,ms=4.204,tflops=16.35,gbps=20.2,maxabs=2.962e-02,p99=1.442e-02,rel=2.594e-04
INT8,BITSHIFT,U(-1,1),2048,4096,4096,128x128x32_w4_v2,SKIP,v2 path-B not implemented
INT8,LUT,U(-1,1),2048,4096,4096,128x256x32_w4_v2,OK,ms=6.409,tflops=10.72,gbps=13.3,maxabs=2.962e-02,p99=1.442e-02,rel=2.594e-04
INT8,BITSHIFT,U(-1,1),2048,4096,4096,128x256x32_w4_v2,SKIP,v2 path-B not implemented
INT8,LUT,U(-1,1),2048,4096,4096,128x256x32_w8_v2,OK,ms=3.646,tflops=18.85,gbps=23.3,maxabs=2.962e-02,p99=1.442e-02,rel=2.594e-04
INT8,BITSHIFT,U(-1,1),2048,4096,4096,128x256x32_w8_v2,SKIP,v2 path-B not implemented
INT8,LUT,U(-1,1),2048,4096,4096,64x64x32_w4_v2,OK,ms=4.796,tflops=14.33,gbps=17.7,maxabs=2.962e-02,p99=1.442e-02,rel=2.594e-04
INT8,BITSHIFT,U(-1,1),2048,4096,4096,64x64x32_w4_v2,SKIP,v2 path-B not implemented
INT8,LUT,U(-1,1),2048,4096,4096,64x128x32_w4_v2,OK,ms=3.552,tflops=19.35,gbps=23.9,maxabs=2.962e-02,p99=1.442e-02,rel=2.594e-04
INT8,BITSHIFT,U(-1,1),2048,4096,4096,64x128x32_w4_v2,SKIP,v2 path-B not implemented
INT8,LUT,U(-1,1),2048,4096,4096,128x64x32_w4_v3,OK,ms=3.609,tflops=19.04,gbps=23.5,maxabs=2.962e-02,p99=1.442e-02,rel=2.594e-04
INT8,BITSHIFT,U(-1,1),2048,4096,4096,128x64x32_w4_v3,SKIP,v3 path-B not implemented
INT8,LUT,U(-1,1),2048,4096,4096,128x128x32_w4_v3,OK,ms=2.899,tflops=23.71,gbps=29.3,maxabs=2.962e-02,p99=1.442e-02,rel=2.594e-04
INT8,BITSHIFT,U(-1,1),2048,4096,4096,128x128x32_w4_v3,SKIP,v3 path-B not implemented
INT8,LUT,U(-1,1),2048,4096,4096,128x256x32_w8_v3,SKIP,smem > 48KiB
INT8,BITSHIFT,U(-1,1),2048,4096,4096,128x256x32_w8_v3,SKIP,smem > 48KiB
INT8,LUT,U(-1,1),2048,4096,4096,64x64x32_w4_v3,OK,ms=3.794,tflops=18.11,gbps=22.4,maxabs=2.962e-02,p99=1.442e-02,rel=2.594e-04
INT8,BITSHIFT,U(-1,1),2048,4096,4096,64x64x32_w4_v3,SKIP,v3 path-B not implemented
INT8,LUT,U(-1,1),2048,4096,4096,64x128x32_w4_v3,OK,ms=2.800,tflops=24.55,gbps=30.3,maxabs=2.962e-02,p99=1.442e-02,rel=2.594e-04
INT8,BITSHIFT,U(-1,1),2048,4096,4096,64x128x32_w4_v3,SKIP,v3 path-B not implemented
INT8,LUT,U(-1,1),1,7168,7168,16x64x32_w4,OK,ms=1.461,tflops=0.07,gbps=37.4,maxabs=2.655e-02,p99=1.872e-02,rel=2.590e-04
INT8,BITSHIFT,U(-1,1),1,7168,7168,16x64x32_w4,OK,ms=0.797,tflops=0.13,gbps=68.6,maxabs=1.871e-02,p99=1.282e-02,rel=1.818e-04
INT8,LUT,U(-1,1),1,7168,7168,16x128x32_w8,OK,ms=1.444,tflops=0.07,gbps=37.8,maxabs=2.655e-02,p99=1.872e-02,rel=2.590e-04
INT8,BITSHIFT,U(-1,1),1,7168,7168,16x128x32_w8,OK,ms=0.829,tflops=0.12,gbps=65.9,maxabs=1.871e-02,p99=1.282e-02,rel=1.818e-04
INT8,LUT,U(-1,1),1,7168,7168,16x128x32_w4f2,OK,ms=2.563,tflops=0.04,gbps=21.3,maxabs=2.655e-02,p99=1.872e-02,rel=2.590e-04
INT8,BITSHIFT,U(-1,1),1,7168,7168,16x128x32_w4f2,SKIP,MF path-B not implemented
INT8,LUT,U(-1,1),1,7168,7168,16x256x32_w4f4,OK,ms=4.798,tflops=0.02,gbps=11.4,maxabs=2.655e-02,p99=1.872e-02,rel=2.590e-04
INT8,BITSHIFT,U(-1,1),1,7168,7168,16x256x32_w4f4,SKIP,MF path-B not implemented
INT8,LUT,U(-1,1),1,7168,7168,128x64x32_w4_v1,OK,ms=2.195,tflops=0.05,gbps=24.9,maxabs=2.655e-02,p99=1.872e-02,rel=2.590e-04
INT8,BITSHIFT,U(-1,1),1,7168,7168,128x64x32_w4_v1,SKIP,v1 path-B not implemented
INT8,LUT,U(-1,1),1,7168,7168,128x128x32_w4_v1,OK,ms=2.934,tflops=0.04,gbps=18.6,maxabs=2.655e-02,p99=1.872e-02,rel=2.590e-04
INT8,BITSHIFT,U(-1,1),1,7168,7168,128x128x32_w4_v1,SKIP,v1 path-B not implemented
INT8,LUT,U(-1,1),1,7168,7168,128x256x32_w4_v1,OK,ms=6.583,tflops=0.02,gbps=8.3,maxabs=2.655e-02,p99=1.872e-02,rel=2.590e-04
INT8,BITSHIFT,U(-1,1),1,7168,7168,128x256x32_w4_v1,SKIP,v1 path-B not implemented
INT8,LUT,U(-1,1),1,7168,7168,128x256x32_w8_v1,OK,ms=3.295,tflops=0.03,gbps=16.6,maxabs=2.655e-02,p99=1.872e-02,rel=2.590e-04
INT8,BITSHIFT,U(-1,1),1,7168,7168,128x256x32_w8_v1,SKIP,v1 path-B not implemented
INT8,LUT,U(-1,1),1,7168,7168,64x64x32_w4_v1,OK,ms=1.718,tflops=0.06,gbps=31.8,maxabs=2.655e-02,p99=1.872e-02,rel=2.590e-04
INT8,BITSHIFT,U(-1,1),1,7168,7168,64x64x32_w4_v1,SKIP,v1 path-B not implemented
INT8,LUT,U(-1,1),1,7168,7168,64x128x32_w4_v1,OK,ms=2.672,tflops=0.04,gbps=20.5,maxabs=2.655e-02,p99=1.872e-02,rel=2.590e-04
INT8,BITSHIFT,U(-1,1),1,7168,7168,64x128x32_w4_v1,SKIP,v1 path-B not implemented
INT8,LUT,U(-1,1),1,7168,7168,128x64x32_w4_v2,OK,ms=1.124,tflops=0.09,gbps=48.6,maxabs=2.655e-02,p99=1.872e-02,rel=2.590e-04
INT8,BITSHIFT,U(-1,1),1,7168,7168,128x64x32_w4_v2,SKIP,v2 path-B not implemented
INT8,LUT,U(-1,1),1,7168,7168,128x128x32_w4_v2,OK,ms=0.973,tflops=0.11,gbps=56.2,maxabs=2.655e-02,p99=1.872e-02,rel=2.590e-04
INT8,BITSHIFT,U(-1,1),1,7168,7168,128x128x32_w4_v2,SKIP,v2 path-B not implemented
INT8,LUT,U(-1,1),1,7168,7168,128x256x32_w4_v2,OK,ms=2.207,tflops=0.05,gbps=24.8,maxabs=2.655e-02,p99=1.872e-02,rel=2.590e-04
INT8,BITSHIFT,U(-1,1),1,7168,7168,128x256x32_w4_v2,SKIP,v2 path-B not implemented
INT8,LUT,U(-1,1),1,7168,7168,128x256x32_w8_v2,OK,ms=1.378,tflops=0.07,gbps=39.7,maxabs=2.655e-02,p99=1.872e-02,rel=2.590e-04
INT8,BITSHIFT,U(-1,1),1,7168,7168,128x256x32_w8_v2,SKIP,v2 path-B not implemented
INT8,LUT,U(-1,1),1,7168,7168,64x64x32_w4_v2,OK,ms=0.733,tflops=0.14,gbps=74.6,maxabs=2.655e-02,p99=1.872e-02,rel=2.590e-04
INT8,BITSHIFT,U(-1,1),1,7168,7168,64x64x32_w4_v2,SKIP,v2 path-B not implemented
INT8,LUT,U(-1,1),1,7168,7168,64x128x32_w4_v2,OK,ms=0.677,tflops=0.15,gbps=80.7,maxabs=2.655e-02,p99=1.872e-02,rel=2.590e-04
INT8,BITSHIFT,U(-1,1),1,7168,7168,64x128x32_w4_v2,SKIP,v2 path-B not implemented
INT8,LUT,U(-1,1),1,7168,7168,128x64x32_w4_v3,OK,ms=0.900,tflops=0.11,gbps=60.8,maxabs=2.655e-02,p99=1.872e-02,rel=2.590e-04
INT8,BITSHIFT,U(-1,1),1,7168,7168,128x64x32_w4_v3,SKIP,v3 path-B not implemented
INT8,LUT,U(-1,1),1,7168,7168,128x128x32_w4_v3,OK,ms=0.798,tflops=0.13,gbps=68.5,maxabs=2.655e-02,p99=1.872e-02,rel=2.590e-04
INT8,BITSHIFT,U(-1,1),1,7168,7168,128x128x32_w4_v3,SKIP,v3 path-B not implemented
INT8,LUT,U(-1,1),1,7168,7168,128x256x32_w8_v3,SKIP,smem > 48KiB
INT8,BITSHIFT,U(-1,1),1,7168,7168,128x256x32_w8_v3,SKIP,smem > 48KiB
INT8,LUT,U(-1,1),1,7168,7168,64x64x32_w4_v3,OK,ms=0.617,tflops=0.17,gbps=88.5,maxabs=2.655e-02,p99=1.872e-02,rel=2.590e-04
INT8,BITSHIFT,U(-1,1),1,7168,7168,64x64x32_w4_v3,SKIP,v3 path-B not implemented
INT8,LUT,U(-1,1),1,7168,7168,64x128x32_w4_v3,OK,ms=0.573,tflops=0.18,gbps=95.4,maxabs=2.655e-02,p99=1.872e-02,rel=2.590e-04
INT8,BITSHIFT,U(-1,1),1,7168,7168,64x128x32_w4_v3,SKIP,v3 path-B not implemented
INT8,LUT,U(-1,1),16,7168,7168,16x64x32_w4,OK,ms=1.440,tflops=1.14,gbps=38.5,maxabs=3.157e-02,p99=1.922e-02,rel=2.608e-04
INT8,BITSHIFT,U(-1,1),16,7168,7168,16x64x32_w4,OK,ms=1.092,tflops=1.51,gbps=50.8,maxabs=2.451e-02,p99=1.327e-02,rel=1.854e-04
INT8,LUT,U(-1,1),16,7168,7168,16x128x32_w8,OK,ms=1.530,tflops=1.07,gbps=36.3,maxabs=3.157e-02,p99=1.922e-02,rel=2.608e-04
INT8,BITSHIFT,U(-1,1),16,7168,7168,16x128x32_w8,OK,ms=1.193,tflops=1.38,gbps=46.5,maxabs=2.451e-02,p99=1.327e-02,rel=1.854e-04
INT8,LUT,U(-1,1),16,7168,7168,16x128x32_w4f2,OK,ms=2.602,tflops=0.63,gbps=21.3,maxabs=3.157e-02,p99=1.922e-02,rel=2.608e-04
INT8,BITSHIFT,U(-1,1),16,7168,7168,16x128x32_w4f2,SKIP,MF path-B not implemented
INT8,LUT,U(-1,1),16,7168,7168,16x256x32_w4f4,OK,ms=4.819,tflops=0.34,gbps=11.5,maxabs=3.157e-02,p99=1.922e-02,rel=2.608e-04
INT8,BITSHIFT,U(-1,1),16,7168,7168,16x256x32_w4f4,SKIP,MF path-B not implemented
INT8,LUT,U(-1,1),16,7168,7168,128x64x32_w4_v1,OK,ms=2.223,tflops=0.74,gbps=25.0,maxabs=3.157e-02,p99=1.922e-02,rel=2.608e-04
INT8,BITSHIFT,U(-1,1),16,7168,7168,128x64x32_w4_v1,SKIP,v1 path-B not implemented
INT8,LUT,U(-1,1),16,7168,7168,128x128x32_w4_v1,OK,ms=2.966,tflops=0.55,gbps=18.7,maxabs=3.157e-02,p99=1.922e-02,rel=2.608e-04
INT8,BITSHIFT,U(-1,1),16,7168,7168,128x128x32_w4_v1,SKIP,v1 path-B not implemented
INT8,LUT,U(-1,1),16,7168,7168,128x256x32_w4_v1,OK,ms=6.714,tflops=0.24,gbps=8.3,maxabs=3.157e-02,p99=1.922e-02,rel=2.608e-04
INT8,BITSHIFT,U(-1,1),16,7168,7168,128x256x32_w4_v1,SKIP,v1 path-B not implemented
INT8,LUT,U(-1,1),16,7168,7168,128x256x32_w8_v1,OK,ms=3.330,tflops=0.49,gbps=16.7,maxabs=3.157e-02,p99=1.922e-02,rel=2.608e-04
INT8,BITSHIFT,U(-1,1),16,7168,7168,128x256x32_w8_v1,SKIP,v1 path-B not implemented
INT8,LUT,U(-1,1),16,7168,7168,64x64x32_w4_v1,OK,ms=1.734,tflops=0.95,gbps=32.0,maxabs=3.157e-02,p99=1.922e-02,rel=2.608e-04
INT8,BITSHIFT,U(-1,1),16,7168,7168,64x64x32_w4_v1,SKIP,v1 path-B not implemented
INT8,LUT,U(-1,1),16,7168,7168,64x128x32_w4_v1,OK,ms=2.704,tflops=0.61,gbps=20.5,maxabs=3.157e-02,p99=1.922e-02,rel=2.608e-04
INT8,BITSHIFT,U(-1,1),16,7168,7168,64x128x32_w4_v1,SKIP,v1 path-B not implemented
INT8,LUT,U(-1,1),16,7168,7168,128x64x32_w4_v2,OK,ms=1.180,tflops=1.39,gbps=47.0,maxabs=3.157e-02,p99=1.922e-02,rel=2.608e-04
INT8,BITSHIFT,U(-1,1),16,7168,7168,128x64x32_w4_v2,SKIP,v2 path-B not implemented
INT8,LUT,U(-1,1),16,7168,7168,128x128x32_w4_v2,OK,ms=1.008,tflops=1.63,gbps=55.1,maxabs=3.157e-02,p99=1.922e-02,rel=2.608e-04
INT8,BITSHIFT,U(-1,1),16,7168,7168,128x128x32_w4_v2,SKIP,v2 path-B not implemented
INT8,LUT,U(-1,1),16,7168,7168,128x256x32_w4_v2,OK,ms=2.232,tflops=0.74,gbps=24.9,maxabs=3.157e-02,p99=1.922e-02,rel=2.608e-04
INT8,BITSHIFT,U(-1,1),16,7168,7168,128x256x32_w4_v2,SKIP,v2 path-B not implemented
INT8,LUT,U(-1,1),16,7168,7168,128x256x32_w8_v2,OK,ms=1.341,tflops=1.23,gbps=41.4,maxabs=3.157e-02,p99=1.922e-02,rel=2.608e-04
INT8,BITSHIFT,U(-1,1),16,7168,7168,128x256x32_w8_v2,SKIP,v2 path-B not implemented
INT8,LUT,U(-1,1),16,7168,7168,64x64x32_w4_v2,OK,ms=0.792,tflops=2.08,gbps=70.1,maxabs=3.157e-02,p99=1.922e-02,rel=2.608e-04
INT8,BITSHIFT,U(-1,1),16,7168,7168,64x64x32_w4_v2,SKIP,v2 path-B not implemented
INT8,LUT,U(-1,1),16,7168,7168,64x128x32_w4_v2,OK,ms=0.724,tflops=2.27,gbps=76.6,maxabs=3.157e-02,p99=1.922e-02,rel=2.608e-04
INT8,BITSHIFT,U(-1,1),16,7168,7168,64x128x32_w4_v2,SKIP,v2 path-B not implemented
INT8,LUT,U(-1,1),16,7168,7168,128x64x32_w4_v3,OK,ms=0.913,tflops=1.80,gbps=60.8,maxabs=3.157e-02,p99=1.922e-02,rel=2.608e-04
INT8,BITSHIFT,U(-1,1),16,7168,7168,128x64x32_w4_v3,SKIP,v3 path-B not implemented
INT8,LUT,U(-1,1),16,7168,7168,128x128x32_w4_v3,OK,ms=0.839,tflops=1.96,gbps=66.1,maxabs=3.157e-02,p99=1.922e-02,rel=2.608e-04
INT8,BITSHIFT,U(-1,1),16,7168,7168,128x128x32_w4_v3,SKIP,v3 path-B not implemented
INT8,LUT,U(-1,1),16,7168,7168,128x256x32_w8_v3,SKIP,smem > 48KiB
INT8,BITSHIFT,U(-1,1),16,7168,7168,128x256x32_w8_v3,SKIP,smem > 48KiB
INT8,LUT,U(-1,1),16,7168,7168,64x64x32_w4_v3,OK,ms=0.588,tflops=2.80,gbps=94.4,maxabs=3.157e-02,p99=1.922e-02,rel=2.608e-04
INT8,BITSHIFT,U(-1,1),16,7168,7168,64x64x32_w4_v3,SKIP,v3 path-B not implemented
INT8,LUT,U(-1,1),16,7168,7168,64x128x32_w4_v3,OK,ms=0.617,tflops=2.67,gbps=90.0,maxabs=3.157e-02,p99=1.922e-02,rel=2.608e-04
INT8,BITSHIFT,U(-1,1),16,7168,7168,64x128x32_w4_v3,SKIP,v3 path-B not implemented
INT8,LUT,U(-1,1),64,7168,7168,16x64x32_w4,OK,ms=1.616,tflops=4.07,gbps=36.1,maxabs=3.949e-02,p99=1.861e-02,rel=2.596e-04
INT8,BITSHIFT,U(-1,1),64,7168,7168,16x64x32_w4,OK,ms=1.808,tflops=3.64,gbps=32.2,maxabs=2.502e-02,p99=1.358e-02,rel=1.849e-04
INT8,LUT,U(-1,1),64,7168,7168,16x128x32_w8,OK,ms=1.650,tflops=3.99,gbps=35.3,maxabs=3.949e-02,p99=1.861e-02,rel=2.596e-04
INT8,BITSHIFT,U(-1,1),64,7168,7168,16x128x32_w8,OK,ms=1.864,tflops=3.53,gbps=31.3,maxabs=2.502e-02,p99=1.358e-02,rel=1.849e-04
INT8,LUT,U(-1,1),64,7168,7168,16x128x32_w4f2,OK,ms=2.620,tflops=2.51,gbps=22.2,maxabs=3.949e-02,p99=1.861e-02,rel=2.596e-04
INT8,BITSHIFT,U(-1,1),64,7168,7168,16x128x32_w4f2,SKIP,MF path-B not implemented
INT8,LUT,U(-1,1),64,7168,7168,16x256x32_w4f4,OK,ms=4.611,tflops=1.43,gbps=12.6,maxabs=3.949e-02,p99=1.861e-02,rel=2.596e-04
INT8,BITSHIFT,U(-1,1),64,7168,7168,16x256x32_w4f4,SKIP,MF path-B not implemented
INT8,LUT,U(-1,1),64,7168,7168,128x64x32_w4_v1,OK,ms=2.329,tflops=2.82,gbps=25.0,maxabs=3.949e-02,p99=1.861e-02,rel=2.596e-04
INT8,BITSHIFT,U(-1,1),64,7168,7168,128x64x32_w4_v1,SKIP,v1 path-B not implemented
INT8,LUT,U(-1,1),64,7168,7168,128x128x32_w4_v1,OK,ms=3.067,tflops=2.14,gbps=19.0,maxabs=3.949e-02,p99=1.861e-02,rel=2.596e-04
INT8,BITSHIFT,U(-1,1),64,7168,7168,128x128x32_w4_v1,SKIP,v1 path-B not implemented
INT8,LUT,U(-1,1),64,7168,7168,128x256x32_w4_v1,OK,ms=7.311,tflops=0.90,gbps=8.0,maxabs=3.949e-02,p99=1.861e-02,rel=2.596e-04
INT8,BITSHIFT,U(-1,1),64,7168,7168,128x256x32_w4_v1,SKIP,v1 path-B not implemented
INT8,LUT,U(-1,1),64,7168,7168,128x256x32_w8_v1,OK,ms=3.364,tflops=1.96,gbps=17.3,maxabs=3.949e-02,p99=1.861e-02,rel=2.596e-04
INT8,BITSHIFT,U(-1,1),64,7168,7168,128x256x32_w8_v1,SKIP,v1 path-B not implemented
INT8,LUT,U(-1,1),64,7168,7168,64x64x32_w4_v1,OK,ms=1.818,tflops=3.62,gbps=32.1,maxabs=3.949e-02,p99=1.861e-02,rel=2.596e-04
INT8,BITSHIFT,U(-1,1),64,7168,7168,64x64x32_w4_v1,SKIP,v1 path-B not implemented
INT8,LUT,U(-1,1),64,7168,7168,64x128x32_w4_v1,OK,ms=2.849,tflops=2.31,gbps=20.4,maxabs=3.949e-02,p99=1.861e-02,rel=2.596e-04
INT8,BITSHIFT,U(-1,1),64,7168,7168,64x128x32_w4_v1,SKIP,v1 path-B not implemented
INT8,LUT,U(-1,1),64,7168,7168,128x64x32_w4_v2,OK,ms=1.353,tflops=4.86,gbps=43.1,maxabs=3.949e-02,p99=1.861e-02,rel=2.596e-04
INT8,BITSHIFT,U(-1,1),64,7168,7168,128x64x32_w4_v2,SKIP,v2 path-B not implemented
INT8,LUT,U(-1,1),64,7168,7168,128x128x32_w4_v2,OK,ms=1.252,tflops=5.25,gbps=46.5,maxabs=3.949e-02,p99=1.861e-02,rel=2.596e-04
INT8,BITSHIFT,U(-1,1),64,7168,7168,128x128x32_w4_v2,SKIP,v2 path-B not implemented
INT8,LUT,U(-1,1),64,7168,7168,128x256x32_w4_v2,OK,ms=2.345,tflops=2.80,gbps=24.8,maxabs=3.949e-02,p99=1.861e-02,rel=2.596e-04
INT8,BITSHIFT,U(-1,1),64,7168,7168,128x256x32_w4_v2,SKIP,v2 path-B not implemented
INT8,LUT,U(-1,1),64,7168,7168,128x256x32_w8_v2,OK,ms=1.476,tflops=4.46,gbps=39.5,maxabs=3.949e-02,p99=1.861e-02,rel=2.596e-04
INT8,BITSHIFT,U(-1,1),64,7168,7168,128x256x32_w8_v2,SKIP,v2 path-B not implemented
INT8,LUT,U(-1,1),64,7168,7168,64x64x32_w4_v2,OK,ms=0.878,tflops=7.49,gbps=66.4,maxabs=3.949e-02,p99=1.861e-02,rel=2.596e-04
INT8,BITSHIFT,U(-1,1),64,7168,7168,64x64x32_w4_v2,SKIP,v2 path-B not implemented
INT8,LUT,U(-1,1),64,7168,7168,64x128x32_w4_v2,OK,ms=0.939,tflops=7.00,gbps=62.0,maxabs=3.949e-02,p99=1.861e-02,rel=2.596e-04
INT8,BITSHIFT,U(-1,1),64,7168,7168,64x128x32_w4_v2,SKIP,v2 path-B not implemented
INT8,LUT,U(-1,1),64,7168,7168,128x64x32_w4_v3,OK,ms=0.927,tflops=7.09,gbps=62.8,maxabs=3.949e-02,p99=1.861e-02,rel=2.596e-04
INT8,BITSHIFT,U(-1,1),64,7168,7168,128x64x32_w4_v3,SKIP,v3 path-B not implemented
INT8,LUT,U(-1,1),64,7168,7168,128x128x32_w4_v3,OK,ms=0.883,tflops=7.45,gbps=66.0,maxabs=3.949e-02,p99=1.861e-02,rel=2.596e-04
INT8,BITSHIFT,U(-1,1),64,7168,7168,128x128x32_w4_v3,SKIP,v3 path-B not implemented
INT8,LUT,U(-1,1),64,7168,7168,128x256x32_w8_v3,SKIP,smem > 48KiB
INT8,BITSHIFT,U(-1,1),64,7168,7168,128x256x32_w8_v3,SKIP,smem > 48KiB
INT8,LUT,U(-1,1),64,7168,7168,64x64x32_w4_v3,OK,ms=0.616,tflops=10.67,gbps=94.6,maxabs=3.949e-02,p99=1.861e-02,rel=2.596e-04
INT8,BITSHIFT,U(-1,1),64,7168,7168,64x64x32_w4_v3,SKIP,v3 path-B not implemented
INT8,LUT,U(-1,1),64,7168,7168,64x128x32_w4_v3,OK,ms=0.665,tflops=9.89,gbps=87.6,maxabs=3.949e-02,p99=1.861e-02,rel=2.596e-04
INT8,BITSHIFT,U(-1,1),64,7168,7168,64x128x32_w4_v3,SKIP,v3 path-B not implemented
INT8,LUT,U(-1,1),128,7168,7168,16x64x32_w4,OK,ms=3.354,tflops=3.92,gbps=18.5,maxabs=3.949e-02,p99=1.868e-02,rel=2.592e-04
INT8,BITSHIFT,U(-1,1),128,7168,7168,16x64x32_w4,OK,ms=4.091,tflops=3.21,gbps=15.1,maxabs=2.550e-02,p99=1.298e-02,rel=1.847e-04
INT8,LUT,U(-1,1),128,7168,7168,16x128x32_w8,OK,ms=3.605,tflops=3.65,gbps=17.2,maxabs=3.949e-02,p99=1.868e-02,rel=2.592e-04
INT8,BITSHIFT,U(-1,1),128,7168,7168,16x128x32_w8,OK,ms=4.308,tflops=3.05,gbps=14.4,maxabs=2.550e-02,p99=1.298e-02,rel=1.847e-04
INT8,LUT,U(-1,1),128,7168,7168,16x128x32_w4f2,OK,ms=2.771,tflops=4.75,gbps=22.3,maxabs=3.949e-02,p99=1.868e-02,rel=2.592e-04
INT8,BITSHIFT,U(-1,1),128,7168,7168,16x128x32_w4f2,SKIP,MF path-B not implemented
INT8,LUT,U(-1,1),128,7168,7168,16x256x32_w4f4,OK,ms=4.776,tflops=2.75,gbps=13.0,maxabs=3.949e-02,p99=1.868e-02,rel=2.592e-04
INT8,BITSHIFT,U(-1,1),128,7168,7168,16x256x32_w4f4,SKIP,MF path-B not implemented
INT8,LUT,U(-1,1),128,7168,7168,128x64x32_w4_v1,OK,ms=2.462,tflops=5.34,gbps=25.2,maxabs=3.949e-02,p99=1.868e-02,rel=2.592e-04
INT8,BITSHIFT,U(-1,1),128,7168,7168,128x64x32_w4_v1,SKIP,v1 path-B not implemented
INT8,LUT,U(-1,1),128,7168,7168,128x128x32_w4_v1,OK,ms=3.407,tflops=3.86,gbps=18.2,maxabs=3.949e-02,p99=1.868e-02,rel=2.592e-04
INT8,BITSHIFT,U(-1,1),128,7168,7168,128x128x32_w4_v1,SKIP,v1 path-B not implemented
INT8,LUT,U(-1,1),128,7168,7168,128x256x32_w4_v1,OK,ms=8.330,tflops=1.58,gbps=7.4,maxabs=3.949e-02,p99=1.868e-02,rel=2.592e-04
INT8,BITSHIFT,U(-1,1),128,7168,7168,128x256x32_w4_v1,SKIP,v1 path-B not implemented
INT8,LUT,U(-1,1),128,7168,7168,128x256x32_w8_v1,OK,ms=3.503,tflops=3.75,gbps=17.7,maxabs=3.949e-02,p99=1.868e-02,rel=2.592e-04
INT8,BITSHIFT,U(-1,1),128,7168,7168,128x256x32_w8_v1,SKIP,v1 path-B not implemented
INT8,LUT,U(-1,1),128,7168,7168,64x64x32_w4_v1,OK,ms=1.893,tflops=6.95,gbps=32.7,maxabs=3.949e-02,p99=1.868e-02,rel=2.592e-04
INT8,BITSHIFT,U(-1,1),128,7168,7168,64x64x32_w4_v1,SKIP,v1 path-B not implemented
INT8,LUT,U(-1,1),128,7168,7168,64x128x32_w4_v1,OK,ms=2.884,tflops=4.56,gbps=21.5,maxabs=3.949e-02,p99=1.868e-02,rel=2.592e-04
INT8,BITSHIFT,U(-1,1),128,7168,7168,64x128x32_w4_v1,SKIP,v1 path-B not implemented
INT8,LUT,U(-1,1),128,7168,7168,128x64x32_w4_v2,OK,ms=1.395,tflops=9.43,gbps=44.4,maxabs=3.949e-02,p99=1.868e-02,rel=2.592e-04
INT8,BITSHIFT,U(-1,1),128,7168,7168,128x64x32_w4_v2,SKIP,v2 path-B not implemented
INT8,LUT,U(-1,1),128,7168,7168,128x128x32_w4_v2,OK,ms=1.577,tflops=8.34,gbps=39.3,maxabs=3.949e-02,p99=1.868e-02,rel=2.592e-04
INT8,BITSHIFT,U(-1,1),128,7168,7168,128x128x32_w4_v2,SKIP,v2 path-B not implemented
INT8,LUT,U(-1,1),128,7168,7168,128x256x32_w4_v2,OK,ms=2.638,tflops=4.99,gbps=23.5,maxabs=3.949e-02,p99=1.868e-02,rel=2.592e-04
INT8,BITSHIFT,U(-1,1),128,7168,7168,128x256x32_w4_v2,SKIP,v2 path-B not implemented
INT8,LUT,U(-1,1),128,7168,7168,128x256x32_w8_v2,OK,ms=1.647,tflops=7.99,gbps=37.6,maxabs=3.949e-02,p99=1.868e-02,rel=2.592e-04
INT8,BITSHIFT,U(-1,1),128,7168,7168,128x256x32_w8_v2,SKIP,v2 path-B not implemented
INT8,LUT,U(-1,1),128,7168,7168,64x64x32_w4_v2,OK,ms=1.062,tflops=12.39,gbps=58.3,maxabs=3.949e-02,p99=1.868e-02,rel=2.592e-04
INT8,BITSHIFT,U(-1,1),128,7168,7168,64x64x32_w4_v2,SKIP,v2 path-B not implemented
INT8,LUT,U(-1,1),128,7168,7168,64x128x32_w4_v2,OK,ms=1.058,tflops=12.43,gbps=58.5,maxabs=3.949e-02,p99=1.868e-02,rel=2.592e-04
INT8,BITSHIFT,U(-1,1),128,7168,7168,64x128x32_w4_v2,SKIP,v2 path-B not implemented
INT8,LUT,U(-1,1),128,7168,7168,128x64x32_w4_v3,OK,ms=0.966,tflops=13.61,gbps=64.1,maxabs=3.949e-02,p99=1.868e-02,rel=2.592e-04
INT8,BITSHIFT,U(-1,1),128,7168,7168,128x64x32_w4_v3,SKIP,v3 path-B not implemented
INT8,LUT,U(-1,1),128,7168,7168,128x128x32_w4_v3,OK,ms=1.001,tflops=13.15,gbps=61.9,maxabs=3.949e-02,p99=1.868e-02,rel=2.592e-04
INT8,BITSHIFT,U(-1,1),128,7168,7168,128x128x32_w4_v3,SKIP,v3 path-B not implemented
INT8,LUT,U(-1,1),128,7168,7168,128x256x32_w8_v3,SKIP,smem > 48KiB
INT8,BITSHIFT,U(-1,1),128,7168,7168,128x256x32_w8_v3,SKIP,smem > 48KiB
INT8,LUT,U(-1,1),128,7168,7168,64x64x32_w4_v3,OK,ms=0.764,tflops=17.21,gbps=81.0,maxabs=3.949e-02,p99=1.868e-02,rel=2.592e-04
INT8,BITSHIFT,U(-1,1),128,7168,7168,64x64x32_w4_v3,SKIP,v3 path-B not implemented
INT8,LUT,U(-1,1),128,7168,7168,64x128x32_w4_v3,OK,ms=0.800,tflops=16.44,gbps=77.4,maxabs=3.949e-02,p99=1.868e-02,rel=2.592e-04
INT8,BITSHIFT,U(-1,1),128,7168,7168,64x128x32_w4_v3,SKIP,v3 path-B not implemented
INT8,LUT,U(-1,1),256,7168,7168,16x64x32_w4,OK,ms=5.214,tflops=5.04,gbps=13.3,maxabs=3.950e-02,p99=1.818e-02,rel=2.595e-04
INT8,BITSHIFT,U(-1,1),256,7168,7168,16x64x32_w4,OK,ms=7.130,tflops=3.69,gbps=9.7,maxabs=2.550e-02,p99=1.292e-02,rel=1.848e-04
INT8,LUT,U(-1,1),256,7168,7168,16x128x32_w8,OK,ms=5.447,tflops=4.83,gbps=12.7,maxabs=3.950e-02,p99=1.818e-02,rel=2.595e-04
INT8,BITSHIFT,U(-1,1),256,7168,7168,16x128x32_w8,OK,ms=7.226,tflops=3.64,gbps=9.6,maxabs=2.550e-02,p99=1.292e-02,rel=1.848e-04
INT8,LUT,U(-1,1),256,7168,7168,16x128x32_w4f2,OK,ms=5.810,tflops=4.53,gbps=11.9,maxabs=3.950e-02,p99=1.818e-02,rel=2.595e-04
INT8,BITSHIFT,U(-1,1),256,7168,7168,16x128x32_w4f2,SKIP,MF path-B not implemented
INT8,LUT,U(-1,1),256,7168,7168,16x256x32_w4f4,OK,ms=9.640,tflops=2.73,gbps=7.2,maxabs=3.950e-02,p99=1.818e-02,rel=2.595e-04
INT8,BITSHIFT,U(-1,1),256,7168,7168,16x256x32_w4f4,SKIP,MF path-B not implemented
INT8,LUT,U(-1,1),256,7168,7168,128x64x32_w4_v1,OK,ms=2.617,tflops=10.05,gbps=26.5,maxabs=3.950e-02,p99=1.818e-02,rel=2.595e-04
INT8,BITSHIFT,U(-1,1),256,7168,7168,128x64x32_w4_v1,SKIP,v1 path-B not implemented
INT8,LUT,U(-1,1),256,7168,7168,128x128x32_w4_v1,OK,ms=3.404,tflops=7.73,gbps=20.4,maxabs=3.950e-02,p99=1.818e-02,rel=2.595e-04
INT8,BITSHIFT,U(-1,1),256,7168,7168,128x128x32_w4_v1,SKIP,v1 path-B not implemented
INT8,LUT,U(-1,1),256,7168,7168,128x256x32_w4_v1,OK,ms=8.898,tflops=2.96,gbps=7.8,maxabs=3.950e-02,p99=1.818e-02,rel=2.595e-04
INT8,BITSHIFT,U(-1,1),256,7168,7168,128x256x32_w4_v1,SKIP,v1 path-B not implemented
INT8,LUT,U(-1,1),256,7168,7168,128x256x32_w8_v1,OK,ms=3.412,tflops=7.71,gbps=20.3,maxabs=3.950e-02,p99=1.818e-02,rel=2.595e-04
INT8,BITSHIFT,U(-1,1),256,7168,7168,128x256x32_w8_v1,SKIP,v1 path-B not implemented
INT8,LUT,U(-1,1),256,7168,7168,64x64x32_w4_v1,OK,ms=4.054,tflops=6.49,gbps=17.1,maxabs=3.950e-02,p99=1.818e-02,rel=2.595e-04
INT8,BITSHIFT,U(-1,1),256,7168,7168,64x64x32_w4_v1,SKIP,v1 path-B not implemented
INT8,LUT,U(-1,1),256,7168,7168,64x128x32_w4_v1,OK,ms=3.026,tflops=8.69,gbps=22.9,maxabs=3.950e-02,p99=1.818e-02,rel=2.595e-04
INT8,BITSHIFT,U(-1,1),256,7168,7168,64x128x32_w4_v1,SKIP,v1 path-B not implemented
INT8,LUT,U(-1,1),256,7168,7168,128x64x32_w4_v2,OK,ms=1.716,tflops=15.33,gbps=40.4,maxabs=3.950e-02,p99=1.818e-02,rel=2.595e-04
INT8,BITSHIFT,U(-1,1),256,7168,7168,128x64x32_w4_v2,SKIP,v2 path-B not implemented
INT8,LUT,U(-1,1),256,7168,7168,128x128x32_w4_v2,OK,ms=1.579,tflops=16.66,gbps=43.9,maxabs=3.950e-02,p99=1.818e-02,rel=2.595e-04
INT8,BITSHIFT,U(-1,1),256,7168,7168,128x128x32_w4_v2,SKIP,v2 path-B not implemented
INT8,LUT,U(-1,1),256,7168,7168,128x256x32_w4_v2,OK,ms=2.925,tflops=8.99,gbps=23.7,maxabs=3.950e-02,p99=1.818e-02,rel=2.595e-04
INT8,BITSHIFT,U(-1,1),256,7168,7168,128x256x32_w4_v2,SKIP,v2 path-B not implemented
INT8,LUT,U(-1,1),256,7168,7168,128x256x32_w8_v2,OK,ms=1.640,tflops=16.04,gbps=42.2,maxabs=3.950e-02,p99=1.818e-02,rel=2.595e-04
INT8,BITSHIFT,U(-1,1),256,7168,7168,128x256x32_w8_v2,SKIP,v2 path-B not implemented
INT8,LUT,U(-1,1),256,7168,7168,64x64x32_w4_v2,OK,ms=1.712,tflops=15.36,gbps=40.5,maxabs=3.950e-02,p99=1.818e-02,rel=2.595e-04
INT8,BITSHIFT,U(-1,1),256,7168,7168,64x64x32_w4_v2,SKIP,v2 path-B not implemented
INT8,LUT,U(-1,1),256,7168,7168,64x128x32_w4_v2,OK,ms=1.294,tflops=20.33,gbps=53.5,maxabs=3.950e-02,p99=1.818e-02,rel=2.595e-04
INT8,BITSHIFT,U(-1,1),256,7168,7168,64x128x32_w4_v2,SKIP,v2 path-B not implemented
INT8,LUT,U(-1,1),256,7168,7168,128x64x32_w4_v3,OK,ms=1.269,tflops=20.73,gbps=54.6,maxabs=3.950e-02,p99=1.818e-02,rel=2.595e-04
INT8,BITSHIFT,U(-1,1),256,7168,7168,128x64x32_w4_v3,SKIP,v3 path-B not implemented
INT8,LUT,U(-1,1),256,7168,7168,128x128x32_w4_v3,OK,ms=1.222,tflops=21.53,gbps=56.7,maxabs=3.950e-02,p99=1.818e-02,rel=2.595e-04
INT8,BITSHIFT,U(-1,1),256,7168,7168,128x128x32_w4_v3,SKIP,v3 path-B not implemented
INT8,LUT,U(-1,1),256,7168,7168,128x256x32_w8_v3,SKIP,smem > 48KiB
INT8,BITSHIFT,U(-1,1),256,7168,7168,128x256x32_w8_v3,SKIP,smem > 48KiB
INT8,LUT,U(-1,1),256,7168,7168,64x64x32_w4_v3,OK,ms=1.930,tflops=13.63,gbps=35.9,maxabs=3.950e-02,p99=1.818e-02,rel=2.595e-04
INT8,BITSHIFT,U(-1,1),256,7168,7168,64x64x32_w4_v3,SKIP,v3 path-B not implemented
INT8,LUT,U(-1,1),256,7168,7168,64x128x32_w4_v3,OK,ms=0.976,tflops=26.96,gbps=71.0,maxabs=3.950e-02,p99=1.818e-02,rel=2.595e-04
INT8,BITSHIFT,U(-1,1),256,7168,7168,64x128x32_w4_v3,SKIP,v3 path-B not implemented
INT8,LUT,U(-1,1),512,7168,7168,16x64x32_w4,OK,ms=10.430,tflops=5.04,gbps=8.0,maxabs=3.949e-02,p99=1.846e-02,rel=2.594e-04
INT8,BITSHIFT,U(-1,1),512,7168,7168,16x64x32_w4,OK,ms=14.397,tflops=3.65,gbps=5.8,maxabs=2.680e-02,p99=1.346e-02,rel=1.847e-04
INT8,LUT,U(-1,1),512,7168,7168,16x128x32_w8,OK,ms=11.110,tflops=4.74,gbps=7.6,maxabs=3.949e-02,p99=1.846e-02,rel=2.594e-04
INT8,BITSHIFT,U(-1,1),512,7168,7168,16x128x32_w8,OK,ms=14.528,tflops=3.62,gbps=5.8,maxabs=2.680e-02,p99=1.346e-02,rel=1.847e-04
INT8,LUT,U(-1,1),512,7168,7168,16x128x32_w4f2,OK,ms=11.541,tflops=4.56,gbps=7.3,maxabs=3.949e-02,p99=1.846e-02,rel=2.594e-04
INT8,BITSHIFT,U(-1,1),512,7168,7168,16x128x32_w4f2,SKIP,MF path-B not implemented
INT8,LUT,U(-1,1),512,7168,7168,16x256x32_w4f4,OK,ms=14.426,tflops=3.65,gbps=5.8,maxabs=3.949e-02,p99=1.846e-02,rel=2.594e-04
INT8,BITSHIFT,U(-1,1),512,7168,7168,16x256x32_w4f4,SKIP,MF path-B not implemented
INT8,LUT,U(-1,1),512,7168,7168,128x64x32_w4_v1,OK,ms=5.753,tflops=9.15,gbps=14.6,maxabs=3.949e-02,p99=1.846e-02,rel=2.594e-04
INT8,BITSHIFT,U(-1,1),512,7168,7168,128x64x32_w4_v1,SKIP,v1 path-B not implemented
INT8,LUT,U(-1,1),512,7168,7168,128x128x32_w4_v1,OK,ms=7.269,tflops=7.24,gbps=11.5,maxabs=3.949e-02,p99=1.846e-02,rel=2.594e-04
INT8,BITSHIFT,U(-1,1),512,7168,7168,128x128x32_w4_v1,SKIP,v1 path-B not implemented
INT8,LUT,U(-1,1),512,7168,7168,128x256x32_w4_v1,OK,ms=10.842,tflops=4.85,gbps=7.7,maxabs=3.949e-02,p99=1.846e-02,rel=2.594e-04
INT8,BITSHIFT,U(-1,1),512,7168,7168,128x256x32_w4_v1,SKIP,v1 path-B not implemented
INT8,LUT,U(-1,1),512,7168,7168,128x256x32_w8_v1,OK,ms=6.841,tflops=7.69,gbps=12.3,maxabs=3.949e-02,p99=1.846e-02,rel=2.594e-04
INT8,BITSHIFT,U(-1,1),512,7168,7168,128x256x32_w8_v1,SKIP,v1 path-B not implemented
INT8,LUT,U(-1,1),512,7168,7168,64x64x32_w4_v1,OK,ms=6.349,tflops=8.29,gbps=13.2,maxabs=3.949e-02,p99=1.846e-02,rel=2.594e-04
INT8,BITSHIFT,U(-1,1),512,7168,7168,64x64x32_w4_v1,SKIP,v1 path-B not implemented
INT8,LUT,U(-1,1),512,7168,7168,64x128x32_w4_v1,OK,ms=6.041,tflops=8.71,gbps=13.9,maxabs=3.949e-02,p99=1.846e-02,rel=2.594e-04
INT8,BITSHIFT,U(-1,1),512,7168,7168,64x128x32_w4_v1,SKIP,v1 path-B not implemented
INT8,LUT,U(-1,1),512,7168,7168,128x64x32_w4_v2,OK,ms=4.056,tflops=12.97,gbps=20.7,maxabs=3.949e-02,p99=1.846e-02,rel=2.594e-04
INT8,BITSHIFT,U(-1,1),512,7168,7168,128x64x32_w4_v2,SKIP,v2 path-B not implemented
INT8,LUT,U(-1,1),512,7168,7168,128x128x32_w4_v2,OK,ms=3.768,tflops=13.96,gbps=22.3,maxabs=3.949e-02,p99=1.846e-02,rel=2.594e-04
INT8,BITSHIFT,U(-1,1),512,7168,7168,128x128x32_w4_v2,SKIP,v2 path-B not implemented
INT8,LUT,U(-1,1),512,7168,7168,128x256x32_w4_v2,OK,ms=4.967,tflops=10.59,gbps=16.9,maxabs=3.949e-02,p99=1.846e-02,rel=2.594e-04
INT8,BITSHIFT,U(-1,1),512,7168,7168,128x256x32_w4_v2,SKIP,v2 path-B not implemented
INT8,LUT,U(-1,1),512,7168,7168,128x256x32_w8_v2,OK,ms=3.297,tflops=15.96,gbps=25.5,maxabs=3.949e-02,p99=1.846e-02,rel=2.594e-04
INT8,BITSHIFT,U(-1,1),512,7168,7168,128x256x32_w8_v2,SKIP,v2 path-B not implemented
INT8,LUT,U(-1,1),512,7168,7168,64x64x32_w4_v2,OK,ms=3.429,tflops=15.35,gbps=24.5,maxabs=3.949e-02,p99=1.846e-02,rel=2.594e-04
INT8,BITSHIFT,U(-1,1),512,7168,7168,64x64x32_w4_v2,SKIP,v2 path-B not implemented
INT8,LUT,U(-1,1),512,7168,7168,64x128x32_w4_v2,OK,ms=3.297,tflops=15.96,gbps=25.5,maxabs=3.949e-02,p99=1.846e-02,rel=2.594e-04
INT8,BITSHIFT,U(-1,1),512,7168,7168,64x128x32_w4_v2,SKIP,v2 path-B not implemented
INT8,LUT,U(-1,1),512,7168,7168,128x64x32_w4_v3,OK,ms=2.527,tflops=20.82,gbps=33.2,maxabs=3.949e-02,p99=1.846e-02,rel=2.594e-04
INT8,BITSHIFT,U(-1,1),512,7168,7168,128x64x32_w4_v3,SKIP,v3 path-B not implemented
INT8,LUT,U(-1,1),512,7168,7168,128x128x32_w4_v3,OK,ms=2.553,tflops=20.61,gbps=32.9,maxabs=3.949e-02,p99=1.846e-02,rel=2.594e-04
INT8,BITSHIFT,U(-1,1),512,7168,7168,128x128x32_w4_v3,SKIP,v3 path-B not implemented
INT8,LUT,U(-1,1),512,7168,7168,128x256x32_w8_v3,SKIP,smem > 48KiB
INT8,BITSHIFT,U(-1,1),512,7168,7168,128x256x32_w8_v3,SKIP,smem > 48KiB
INT8,LUT,U(-1,1),512,7168,7168,64x64x32_w4_v3,OK,ms=3.251,tflops=16.18,gbps=25.8,maxabs=3.949e-02,p99=1.846e-02,rel=2.594e-04
INT8,BITSHIFT,U(-1,1),512,7168,7168,64x64x32_w4_v3,SKIP,v3 path-B not implemented
INT8,LUT,U(-1,1),512,7168,7168,64x128x32_w4_v3,OK,ms=1.971,tflops=26.69,gbps=42.6,maxabs=3.949e-02,p99=1.846e-02,rel=2.594e-04
INT8,BITSHIFT,U(-1,1),512,7168,7168,64x128x32_w4_v3,SKIP,v3 path-B not implemented
INT8,LUT,U(-1,1),1024,7168,7168,16x64x32_w4,OK,ms=21.192,tflops=4.97,gbps=5.3,maxabs=3.979e-02,p99=1.832e-02,rel=2.594e-04
INT8,BITSHIFT,U(-1,1),1024,7168,7168,16x64x32_w4,OK,ms=28.821,tflops=3.65,gbps=3.9,maxabs=2.680e-02,p99=1.347e-02,rel=1.846e-04
INT8,LUT,U(-1,1),1024,7168,7168,16x128x32_w8,OK,ms=22.334,tflops=4.71,gbps=5.1,maxabs=3.979e-02,p99=1.832e-02,rel=2.594e-04
INT8,BITSHIFT,U(-1,1),1024,7168,7168,16x128x32_w8,OK,ms=28.211,tflops=3.73,gbps=4.0,maxabs=2.680e-02,p99=1.347e-02,rel=1.846e-04
INT8,LUT,U(-1,1),1024,7168,7168,16x128x32_w4f2,OK,ms=20.452,tflops=5.14,gbps=5.5,maxabs=3.979e-02,p99=1.832e-02,rel=2.594e-04
INT8,BITSHIFT,U(-1,1),1024,7168,7168,16x128x32_w4f2,SKIP,MF path-B not implemented
INT8,LUT,U(-1,1),1024,7168,7168,16x256x32_w4f4,OK,ms=28.809,tflops=3.65,gbps=3.9,maxabs=3.979e-02,p99=1.832e-02,rel=2.594e-04
INT8,BITSHIFT,U(-1,1),1024,7168,7168,16x256x32_w4f4,SKIP,MF path-B not implemented
INT8,LUT,U(-1,1),1024,7168,7168,128x64x32_w4_v1,OK,ms=8.546,tflops=12.31,gbps=13.3,maxabs=3.979e-02,p99=1.832e-02,rel=2.594e-04
INT8,BITSHIFT,U(-1,1),1024,7168,7168,128x64x32_w4_v1,SKIP,v1 path-B not implemented
INT8,LUT,U(-1,1),1024,7168,7168,128x128x32_w4_v1,OK,ms=10.833,tflops=9.71,gbps=10.5,maxabs=3.979e-02,p99=1.832e-02,rel=2.594e-04
INT8,BITSHIFT,U(-1,1),1024,7168,7168,128x128x32_w4_v1,SKIP,v1 path-B not implemented
INT8,LUT,U(-1,1),1024,7168,7168,128x256x32_w4_v1,OK,ms=22.416,tflops=4.69,gbps=5.1,maxabs=3.979e-02,p99=1.832e-02,rel=2.594e-04
INT8,BITSHIFT,U(-1,1),1024,7168,7168,128x256x32_w4_v1,SKIP,v1 path-B not implemented
INT8,LUT,U(-1,1),1024,7168,7168,128x256x32_w8_v1,OK,ms=10.171,tflops=10.35,gbps=11.1,maxabs=3.979e-02,p99=1.832e-02,rel=2.594e-04
INT8,BITSHIFT,U(-1,1),1024,7168,7168,128x256x32_w8_v1,SKIP,v1 path-B not implemented
INT8,LUT,U(-1,1),1024,7168,7168,64x64x32_w4_v1,OK,ms=10.783,tflops=9.76,gbps=10.5,maxabs=3.979e-02,p99=1.832e-02,rel=2.594e-04
INT8,BITSHIFT,U(-1,1),1024,7168,7168,64x64x32_w4_v1,SKIP,v1 path-B not implemented
INT8,LUT,U(-1,1),1024,7168,7168,64x128x32_w4_v1,OK,ms=12.151,tflops=8.66,gbps=9.3,maxabs=3.979e-02,p99=1.832e-02,rel=2.594e-04
INT8,BITSHIFT,U(-1,1),1024,7168,7168,64x128x32_w4_v1,SKIP,v1 path-B not implemented
INT8,LUT,U(-1,1),1024,7168,7168,128x64x32_w4_v2,OK,ms=6.240,tflops=16.86,gbps=18.2,maxabs=3.979e-02,p99=1.832e-02,rel=2.594e-04
INT8,BITSHIFT,U(-1,1),1024,7168,7168,128x64x32_w4_v2,SKIP,v2 path-B not implemented
INT8,LUT,U(-1,1),1024,7168,7168,128x128x32_w4_v2,OK,ms=5.769,tflops=18.24,gbps=19.6,maxabs=3.979e-02,p99=1.832e-02,rel=2.594e-04
INT8,BITSHIFT,U(-1,1),1024,7168,7168,128x128x32_w4_v2,SKIP,v2 path-B not implemented
INT8,LUT,U(-1,1),1024,7168,7168,128x256x32_w4_v2,OK,ms=11.424,tflops=9.21,gbps=9.9,maxabs=3.979e-02,p99=1.832e-02,rel=2.594e-04
INT8,BITSHIFT,U(-1,1),1024,7168,7168,128x256x32_w4_v2,SKIP,v2 path-B not implemented
INT8,LUT,U(-1,1),1024,7168,7168,128x256x32_w8_v2,OK,ms=4.941,tflops=21.30,gbps=22.9,maxabs=3.979e-02,p99=1.832e-02,rel=2.594e-04
INT8,BITSHIFT,U(-1,1),1024,7168,7168,128x256x32_w8_v2,SKIP,v2 path-B not implemented
INT8,LUT,U(-1,1),1024,7168,7168,64x64x32_w4_v2,OK,ms=6.841,tflops=15.38,gbps=16.6,maxabs=3.979e-02,p99=1.832e-02,rel=2.594e-04
INT8,BITSHIFT,U(-1,1),1024,7168,7168,64x64x32_w4_v2,SKIP,v2 path-B not implemented
INT8,LUT,U(-1,1),1024,7168,7168,64x128x32_w4_v2,OK,ms=4.955,tflops=21.24,gbps=22.9,maxabs=3.979e-02,p99=1.832e-02,rel=2.594e-04
INT8,BITSHIFT,U(-1,1),1024,7168,7168,64x128x32_w4_v2,SKIP,v2 path-B not implemented
INT8,LUT,U(-1,1),1024,7168,7168,128x64x32_w4_v3,OK,ms=5.034,tflops=20.90,gbps=22.5,maxabs=3.979e-02,p99=1.832e-02,rel=2.594e-04
INT8,BITSHIFT,U(-1,1),1024,7168,7168,128x64x32_w4_v3,SKIP,v3 path-B not implemented
INT8,LUT,U(-1,1),1024,7168,7168,128x128x32_w4_v3,OK,ms=3.831,tflops=27.47,gbps=29.6,maxabs=3.979e-02,p99=1.832e-02,rel=2.594e-04
INT8,BITSHIFT,U(-1,1),1024,7168,7168,128x128x32_w4_v3,SKIP,v3 path-B not implemented
INT8,LUT,U(-1,1),1024,7168,7168,128x256x32_w8_v3,SKIP,smem > 48KiB
INT8,BITSHIFT,U(-1,1),1024,7168,7168,128x256x32_w8_v3,SKIP,smem > 48KiB
INT8,LUT,U(-1,1),1024,7168,7168,64x64x32_w4_v3,OK,ms=5.761,tflops=18.27,gbps=19.7,maxabs=3.979e-02,p99=1.832e-02,rel=2.594e-04
INT8,BITSHIFT,U(-1,1),1024,7168,7168,64x64x32_w4_v3,SKIP,v3 path-B not implemented
INT8,LUT,U(-1,1),1024,7168,7168,64x128x32_w4_v3,OK,ms=3.924,tflops=26.81,gbps=28.9,maxabs=3.979e-02,p99=1.832e-02,rel=2.594e-04
INT8,BITSHIFT,U(-1,1),1024,7168,7168,64x128x32_w4_v3,SKIP,v3 path-B not implemented
INT8,LUT,U(-1,1),2048,7168,7168,16x64x32_w4,OK,ms=40.334,tflops=5.22,gbps=4.3,maxabs=3.975e-02,p99=1.811e-02,rel=2.594e-04
INT8,BITSHIFT,U(-1,1),2048,7168,7168,16x64x32_w4,OK,ms=58.944,tflops=3.57,gbps=2.9,maxabs=2.817e-02,p99=1.329e-02,rel=1.846e-04
INT8,LUT,U(-1,1),2048,7168,7168,16x128x32_w8,OK,ms=41.759,tflops=5.04,gbps=4.1,maxabs=3.975e-02,p99=1.811e-02,rel=2.594e-04
INT8,BITSHIFT,U(-1,1),2048,7168,7168,16x128x32_w8,OK,ms=55.817,tflops=3.77,gbps=3.1,maxabs=2.817e-02,p99=1.329e-02,rel=1.846e-04
INT8,LUT,U(-1,1),2048,7168,7168,16x128x32_w4f2,OK,ms=37.964,tflops=5.54,gbps=4.5,maxabs=3.975e-02,p99=1.811e-02,rel=2.594e-04
INT8,BITSHIFT,U(-1,1),2048,7168,7168,16x128x32_w4f2,SKIP,MF path-B not implemented
INT8,LUT,U(-1,1),2048,7168,7168,16x256x32_w4f4,OK,ms=57.700,tflops=3.65,gbps=3.0,maxabs=3.975e-02,p99=1.811e-02,rel=2.594e-04
INT8,BITSHIFT,U(-1,1),2048,7168,7168,16x256x32_w4f4,SKIP,MF path-B not implemented
INT8,LUT,U(-1,1),2048,7168,7168,128x64x32_w4_v1,OK,ms=17.083,tflops=12.32,gbps=10.1,maxabs=3.975e-02,p99=1.811e-02,rel=2.594e-04
INT8,BITSHIFT,U(-1,1),2048,7168,7168,128x64x32_w4_v1,SKIP,v1 path-B not implemented
INT8,LUT,U(-1,1),2048,7168,7168,128x128x32_w4_v1,OK,ms=21.887,tflops=9.62,gbps=7.9,maxabs=3.975e-02,p99=1.811e-02,rel=2.594e-04
INT8,BITSHIFT,U(-1,1),2048,7168,7168,128x128x32_w4_v1,SKIP,v1 path-B not implemented
INT8,LUT,U(-1,1),2048,7168,7168,128x256x32_w4_v1,OK,ms=37.700,tflops=5.58,gbps=4.6,maxabs=3.975e-02,p99=1.811e-02,rel=2.594e-04
INT8,BITSHIFT,U(-1,1),2048,7168,7168,128x256x32_w4_v1,SKIP,v1 path-B not implemented
INT8,LUT,U(-1,1),2048,7168,7168,128x256x32_w8_v1,OK,ms=20.392,tflops=10.32,gbps=8.4,maxabs=3.975e-02,p99=1.811e-02,rel=2.594e-04
INT8,BITSHIFT,U(-1,1),2048,7168,7168,128x256x32_w8_v1,SKIP,v1 path-B not implemented
INT8,LUT,U(-1,1),2048,7168,7168,64x64x32_w4_v1,OK,ms=19.163,tflops=10.98,gbps=9.0,maxabs=3.975e-02,p99=1.811e-02,rel=2.594e-04
INT8,BITSHIFT,U(-1,1),2048,7168,7168,64x64x32_w4_v1,SKIP,v1 path-B not implemented
INT8,LUT,U(-1,1),2048,7168,7168,64x128x32_w4_v1,OK,ms=24.553,tflops=8.57,gbps=7.0,maxabs=3.975e-02,p99=1.811e-02,rel=2.594e-04
INT8,BITSHIFT,U(-1,1),2048,7168,7168,64x128x32_w4_v1,SKIP,v1 path-B not implemented
INT8,LUT,U(-1,1),2048,7168,7168,128x64x32_w4_v2,OK,ms=12.983,tflops=16.21,gbps=13.3,maxabs=3.975e-02,p99=1.811e-02,rel=2.594e-04
INT8,BITSHIFT,U(-1,1),2048,7168,7168,128x64x32_w4_v2,SKIP,v2 path-B not implemented
INT8,LUT,U(-1,1),2048,7168,7168,128x128x32_w4_v2,OK,ms=11.664,tflops=18.04,gbps=14.7,maxabs=3.975e-02,p99=1.811e-02,rel=2.594e-04
INT8,BITSHIFT,U(-1,1),2048,7168,7168,128x128x32_w4_v2,SKIP,v2 path-B not implemented
INT8,LUT,U(-1,1),2048,7168,7168,128x256x32_w4_v2,OK,ms=19.961,tflops=10.54,gbps=8.6,maxabs=3.975e-02,p99=1.811e-02,rel=2.594e-04
INT8,BITSHIFT,U(-1,1),2048,7168,7168,128x256x32_w4_v2,SKIP,v2 path-B not implemented
INT8,LUT,U(-1,1),2048,7168,7168,128x256x32_w8_v2,OK,ms=9.864,tflops=21.33,gbps=17.4,maxabs=3.975e-02,p99=1.811e-02,rel=2.594e-04
INT8,BITSHIFT,U(-1,1),2048,7168,7168,128x256x32_w8_v2,SKIP,v2 path-B not implemented
INT8,LUT,U(-1,1),2048,7168,7168,64x64x32_w4_v2,OK,ms=13.321,tflops=15.80,gbps=12.9,maxabs=3.975e-02,p99=1.811e-02,rel=2.594e-04
INT8,BITSHIFT,U(-1,1),2048,7168,7168,64x64x32_w4_v2,SKIP,v2 path-B not implemented
INT8,LUT,U(-1,1),2048,7168,7168,64x128x32_w4_v2,OK,ms=9.864,tflops=21.34,gbps=17.4,maxabs=3.975e-02,p99=1.811e-02,rel=2.594e-04
INT8,BITSHIFT,U(-1,1),2048,7168,7168,64x128x32_w4_v2,SKIP,v2 path-B not implemented
INT8,LUT,U(-1,1),2048,7168,7168,128x64x32_w4_v3,OK,ms=10.051,tflops=20.94,gbps=17.1,maxabs=3.975e-02,p99=1.811e-02,rel=2.594e-04
INT8,BITSHIFT,U(-1,1),2048,7168,7168,128x64x32_w4_v3,SKIP,v3 path-B not implemented
INT8,LUT,U(-1,1),2048,7168,7168,128x128x32_w4_v3,OK,ms=7.680,tflops=27.40,gbps=22.4,maxabs=3.975e-02,p99=1.811e-02,rel=2.594e-04
INT8,BITSHIFT,U(-1,1),2048,7168,7168,128x128x32_w4_v3,SKIP,v3 path-B not implemented
INT8,LUT,U(-1,1),2048,7168,7168,128x256x32_w8_v3,SKIP,smem > 48KiB
INT8,BITSHIFT,U(-1,1),2048,7168,7168,128x256x32_w8_v3,SKIP,smem > 48KiB
INT8,LUT,U(-1,1),2048,7168,7168,64x64x32_w4_v3,OK,ms=10.534,tflops=19.98,gbps=16.3,maxabs=3.975e-02,p99=1.811e-02,rel=2.594e-04
INT8,BITSHIFT,U(-1,1),2048,7168,7168,64x64x32_w4_v3,SKIP,v3 path-B not implemented
INT8,LUT,U(-1,1),2048,7168,7168,64x128x32_w4_v3,OK,ms=7.792,tflops=27.01,gbps=22.1,maxabs=3.975e-02,p99=1.811e-02,rel=2.594e-04
INT8,BITSHIFT,U(-1,1),2048,7168,7168,64x128x32_w4_v3,SKIP,v3 path-B not implemented
INT4,LUT,U(-1,1),1,4096,4096,16x64x32_w4,OK,ms=0.618,tflops=0.05,gbps=15.3,maxabs=1.898e-02,p99=1.403e-02,rel=2.504e-04
INT4,BITSHIFT,U(-1,1),1,4096,4096,16x64x32_w4,OK,ms=0.348,tflops=0.10,gbps=27.2,maxabs=1.367e-02,p99=1.016e-02,rel=1.847e-04
INT4,LUT,U(-1,1),1,4096,4096,16x128x32_w8,OK,ms=0.772,tflops=0.04,gbps=12.3,maxabs=1.898e-02,p99=1.403e-02,rel=2.504e-04
INT4,BITSHIFT,U(-1,1),1,4096,4096,16x128x32_w8,OK,ms=0.411,tflops=0.08,gbps=23.1,maxabs=1.367e-02,p99=1.016e-02,rel=1.847e-04
INT4,LUT,U(-1,1),1,4096,4096,16x128x32_w4f2,SKIP,BN/WARPS != 16
INT4,BITSHIFT,U(-1,1),1,4096,4096,16x128x32_w4f2,SKIP,BN/WARPS != 16
INT4,LUT,U(-1,1),1,4096,4096,16x256x32_w4f4,SKIP,BN/WARPS != 16
INT4,BITSHIFT,U(-1,1),1,4096,4096,16x256x32_w4f4,SKIP,BN/WARPS != 16
INT4,LUT,U(-1,1),1,4096,4096,128x64x32_w4_v1,SKIP,no template instantiation for this tile
INT4,BITSHIFT,U(-1,1),1,4096,4096,128x64x32_w4_v1,SKIP,opt only LUT path
INT4,LUT,U(-1,1),1,4096,4096,128x128x32_w4_v1,SKIP,BN/WARPS != 16
INT4,BITSHIFT,U(-1,1),1,4096,4096,128x128x32_w4_v1,SKIP,BN/WARPS != 16
INT4,LUT,U(-1,1),1,4096,4096,128x256x32_w4_v1,SKIP,BN/WARPS != 16
INT4,BITSHIFT,U(-1,1),1,4096,4096,128x256x32_w4_v1,SKIP,BN/WARPS != 16
INT4,LUT,U(-1,1),1,4096,4096,128x256x32_w8_v1,SKIP,BN/WARPS != 16
INT4,BITSHIFT,U(-1,1),1,4096,4096,128x256x32_w8_v1,SKIP,BN/WARPS != 16
INT4,LUT,U(-1,1),1,4096,4096,64x64x32_w4_v1,SKIP,no template instantiation for this tile
INT4,BITSHIFT,U(-1,1),1,4096,4096,64x64x32_w4_v1,SKIP,opt only LUT path
INT4,LUT,U(-1,1),1,4096,4096,64x128x32_w4_v1,SKIP,BN/WARPS != 16
INT4,BITSHIFT,U(-1,1),1,4096,4096,64x128x32_w4_v1,SKIP,BN/WARPS != 16
INT4,LUT,U(-1,1),1,4096,4096,128x64x32_w4_v2,OK,ms=0.546,tflops=0.06,gbps=17.3,maxabs=1.898e-02,p99=1.403e-02,rel=2.504e-04
INT4,BITSHIFT,U(-1,1),1,4096,4096,128x64x32_w4_v2,SKIP,opt only LUT path
INT4,LUT,U(-1,1),1,4096,4096,128x128x32_w4_v2,SKIP,BN/WARPS != 16
INT4,BITSHIFT,U(-1,1),1,4096,4096,128x128x32_w4_v2,SKIP,BN/WARPS != 16
INT4,LUT,U(-1,1),1,4096,4096,128x256x32_w4_v2,SKIP,BN/WARPS != 16
INT4,BITSHIFT,U(-1,1),1,4096,4096,128x256x32_w4_v2,SKIP,BN/WARPS != 16
INT4,LUT,U(-1,1),1,4096,4096,128x256x32_w8_v2,SKIP,BN/WARPS != 16
INT4,BITSHIFT,U(-1,1),1,4096,4096,128x256x32_w8_v2,SKIP,BN/WARPS != 16
INT4,LUT,U(-1,1),1,4096,4096,64x64x32_w4_v2,OK,ms=0.425,tflops=0.08,gbps=22.3,maxabs=1.898e-02,p99=1.403e-02,rel=2.504e-04
INT4,BITSHIFT,U(-1,1),1,4096,4096,64x64x32_w4_v2,SKIP,opt only LUT path
INT4,LUT,U(-1,1),1,4096,4096,64x128x32_w4_v2,SKIP,BN/WARPS != 16
INT4,BITSHIFT,U(-1,1),1,4096,4096,64x128x32_w4_v2,SKIP,BN/WARPS != 16
INT4,LUT,U(-1,1),1,4096,4096,128x64x32_w4_v3,OK,ms=0.543,tflops=0.06,gbps=17.4,maxabs=1.898e-02,p99=1.403e-02,rel=2.504e-04
INT4,BITSHIFT,U(-1,1),1,4096,4096,128x64x32_w4_v3,SKIP,opt only LUT path
INT4,LUT,U(-1,1),1,4096,4096,128x128x32_w4_v3,SKIP,BN/WARPS != 16
INT4,BITSHIFT,U(-1,1),1,4096,4096,128x128x32_w4_v3,SKIP,BN/WARPS != 16
INT4,LUT,U(-1,1),1,4096,4096,128x256x32_w8_v3,SKIP,BN/WARPS != 16
INT4,BITSHIFT,U(-1,1),1,4096,4096,128x256x32_w8_v3,SKIP,BN/WARPS != 16
INT4,LUT,U(-1,1),1,4096,4096,64x64x32_w4_v3,OK,ms=0.424,tflops=0.08,gbps=22.3,maxabs=1.898e-02,p99=1.403e-02,rel=2.504e-04
INT4,BITSHIFT,U(-1,1),1,4096,4096,64x64x32_w4_v3,SKIP,opt only LUT path
INT4,LUT,U(-1,1),1,4096,4096,64x128x32_w4_v3,SKIP,BN/WARPS != 16
INT4,BITSHIFT,U(-1,1),1,4096,4096,64x128x32_w4_v3,SKIP,BN/WARPS != 16
INT4,LUT,U(-1,1),16,4096,4096,16x64x32_w4,OK,ms=0.677,tflops=0.79,gbps=14.7,maxabs=2.508e-02,p99=1.395e-02,rel=2.557e-04
INT4,BITSHIFT,U(-1,1),16,4096,4096,16x64x32_w4,OK,ms=0.504,tflops=1.06,gbps=19.8,maxabs=1.660e-02,p99=1.025e-02,rel=1.872e-04
INT4,LUT,U(-1,1),16,4096,4096,16x128x32_w8,OK,ms=0.822,tflops=0.65,gbps=12.1,maxabs=2.508e-02,p99=1.395e-02,rel=2.557e-04
INT4,BITSHIFT,U(-1,1),16,4096,4096,16x128x32_w8,OK,ms=0.644,tflops=0.83,gbps=15.5,maxabs=1.660e-02,p99=1.025e-02,rel=1.872e-04
INT4,LUT,U(-1,1),16,4096,4096,16x128x32_w4f2,SKIP,BN/WARPS != 16
INT4,BITSHIFT,U(-1,1),16,4096,4096,16x128x32_w4f2,SKIP,BN/WARPS != 16
INT4,LUT,U(-1,1),16,4096,4096,16x256x32_w4f4,SKIP,BN/WARPS != 16
INT4,BITSHIFT,U(-1,1),16,4096,4096,16x256x32_w4f4,SKIP,BN/WARPS != 16
INT4,LUT,U(-1,1),16,4096,4096,128x64x32_w4_v1,SKIP,no template instantiation for this tile
INT4,BITSHIFT,U(-1,1),16,4096,4096,128x64x32_w4_v1,SKIP,opt only LUT path
INT4,LUT,U(-1,1),16,4096,4096,128x128x32_w4_v1,SKIP,BN/WARPS != 16
INT4,BITSHIFT,U(-1,1),16,4096,4096,128x128x32_w4_v1,SKIP,BN/WARPS != 16
INT4,LUT,U(-1,1),16,4096,4096,128x256x32_w4_v1,SKIP,BN/WARPS != 16
INT4,BITSHIFT,U(-1,1),16,4096,4096,128x256x32_w4_v1,SKIP,BN/WARPS != 16
INT4,LUT,U(-1,1),16,4096,4096,128x256x32_w8_v1,SKIP,BN/WARPS != 16
INT4,BITSHIFT,U(-1,1),16,4096,4096,128x256x32_w8_v1,SKIP,BN/WARPS != 16
INT4,LUT,U(-1,1),16,4096,4096,64x64x32_w4_v1,SKIP,no template instantiation for this tile
INT4,BITSHIFT,U(-1,1),16,4096,4096,64x64x32_w4_v1,SKIP,opt only LUT path
INT4,LUT,U(-1,1),16,4096,4096,64x128x32_w4_v1,SKIP,BN/WARPS != 16
INT4,BITSHIFT,U(-1,1),16,4096,4096,64x128x32_w4_v1,SKIP,BN/WARPS != 16
INT4,LUT,U(-1,1),16,4096,4096,128x64x32_w4_v2,OK,ms=0.577,tflops=0.93,gbps=17.3,maxabs=2.508e-02,p99=1.395e-02,rel=2.557e-04
INT4,BITSHIFT,U(-1,1),16,4096,4096,128x64x32_w4_v2,SKIP,opt only LUT path
INT4,LUT,U(-1,1),16,4096,4096,128x128x32_w4_v2,SKIP,BN/WARPS != 16
INT4,BITSHIFT,U(-1,1),16,4096,4096,128x128x32_w4_v2,SKIP,BN/WARPS != 16
INT4,LUT,U(-1,1),16,4096,4096,128x256x32_w4_v2,SKIP,BN/WARPS != 16
INT4,BITSHIFT,U(-1,1),16,4096,4096,128x256x32_w4_v2,SKIP,BN/WARPS != 16
INT4,LUT,U(-1,1),16,4096,4096,128x256x32_w8_v2,SKIP,BN/WARPS != 16
INT4,BITSHIFT,U(-1,1),16,4096,4096,128x256x32_w8_v2,SKIP,BN/WARPS != 16
INT4,LUT,U(-1,1),16,4096,4096,64x64x32_w4_v2,OK,ms=0.443,tflops=1.21,gbps=22.5,maxabs=2.508e-02,p99=1.395e-02,rel=2.557e-04
INT4,BITSHIFT,U(-1,1),16,4096,4096,64x64x32_w4_v2,SKIP,opt only LUT path
INT4,LUT,U(-1,1),16,4096,4096,64x128x32_w4_v2,SKIP,BN/WARPS != 16
INT4,BITSHIFT,U(-1,1),16,4096,4096,64x128x32_w4_v2,SKIP,BN/WARPS != 16
INT4,LUT,U(-1,1),16,4096,4096,128x64x32_w4_v3,OK,ms=0.573,tflops=0.94,gbps=17.4,maxabs=2.508e-02,p99=1.395e-02,rel=2.557e-04
INT4,BITSHIFT,U(-1,1),16,4096,4096,128x64x32_w4_v3,SKIP,opt only LUT path
INT4,LUT,U(-1,1),16,4096,4096,128x128x32_w4_v3,SKIP,BN/WARPS != 16
INT4,BITSHIFT,U(-1,1),16,4096,4096,128x128x32_w4_v3,SKIP,BN/WARPS != 16
INT4,LUT,U(-1,1),16,4096,4096,128x256x32_w8_v3,SKIP,BN/WARPS != 16
INT4,BITSHIFT,U(-1,1),16,4096,4096,128x256x32_w8_v3,SKIP,BN/WARPS != 16
INT4,LUT,U(-1,1),16,4096,4096,64x64x32_w4_v3,OK,ms=0.457,tflops=1.18,gbps=21.8,maxabs=2.508e-02,p99=1.395e-02,rel=2.557e-04
INT4,BITSHIFT,U(-1,1),16,4096,4096,64x64x32_w4_v3,SKIP,opt only LUT path
INT4,LUT,U(-1,1),16,4096,4096,64x128x32_w4_v3,SKIP,BN/WARPS != 16
INT4,BITSHIFT,U(-1,1),16,4096,4096,64x128x32_w4_v3,SKIP,BN/WARPS != 16
INT4,LUT,U(-1,1),64,4096,4096,16x64x32_w4,OK,ms=0.812,tflops=2.64,gbps=14.2,maxabs=2.522e-02,p99=1.420e-02,rel=2.555e-04
INT4,BITSHIFT,U(-1,1),64,4096,4096,16x64x32_w4,OK,ms=0.769,tflops=2.79,gbps=15.0,maxabs=1.901e-02,p99=1.045e-02,rel=1.867e-04
INT4,LUT,U(-1,1),64,4096,4096,16x128x32_w8,OK,ms=0.828,tflops=2.59,gbps=13.9,maxabs=2.522e-02,p99=1.420e-02,rel=2.555e-04
INT4,BITSHIFT,U(-1,1),64,4096,4096,16x128x32_w8,OK,ms=0.812,tflops=2.64,gbps=14.2,maxabs=1.901e-02,p99=1.045e-02,rel=1.867e-04
INT4,LUT,U(-1,1),64,4096,4096,16x128x32_w4f2,SKIP,BN/WARPS != 16
INT4,BITSHIFT,U(-1,1),64,4096,4096,16x128x32_w4f2,SKIP,BN/WARPS != 16
INT4,LUT,U(-1,1),64,4096,4096,16x256x32_w4f4,SKIP,BN/WARPS != 16
INT4,BITSHIFT,U(-1,1),64,4096,4096,16x256x32_w4f4,SKIP,BN/WARPS != 16
INT4,LUT,U(-1,1),64,4096,4096,128x64x32_w4_v1,SKIP,no template instantiation for this tile
INT4,BITSHIFT,U(-1,1),64,4096,4096,128x64x32_w4_v1,SKIP,opt only LUT path
INT4,LUT,U(-1,1),64,4096,4096,128x128x32_w4_v1,SKIP,BN/WARPS != 16
INT4,BITSHIFT,U(-1,1),64,4096,4096,128x128x32_w4_v1,SKIP,BN/WARPS != 16
INT4,LUT,U(-1,1),64,4096,4096,128x256x32_w4_v1,SKIP,BN/WARPS != 16
INT4,BITSHIFT,U(-1,1),64,4096,4096,128x256x32_w4_v1,SKIP,BN/WARPS != 16
INT4,LUT,U(-1,1),64,4096,4096,128x256x32_w8_v1,SKIP,BN/WARPS != 16
INT4,BITSHIFT,U(-1,1),64,4096,4096,128x256x32_w8_v1,SKIP,BN/WARPS != 16
INT4,LUT,U(-1,1),64,4096,4096,64x64x32_w4_v1,SKIP,no template instantiation for this tile
INT4,BITSHIFT,U(-1,1),64,4096,4096,64x64x32_w4_v1,SKIP,opt only LUT path
INT4,LUT,U(-1,1),64,4096,4096,64x128x32_w4_v1,SKIP,BN/WARPS != 16
INT4,BITSHIFT,U(-1,1),64,4096,4096,64x128x32_w4_v1,SKIP,BN/WARPS != 16
INT4,LUT,U(-1,1),64,4096,4096,128x64x32_w4_v2,OK,ms=0.611,tflops=3.52,gbps=18.9,maxabs=2.522e-02,p99=1.420e-02,rel=2.555e-04
INT4,BITSHIFT,U(-1,1),64,4096,4096,128x64x32_w4_v2,SKIP,opt only LUT path
INT4,LUT,U(-1,1),64,4096,4096,128x128x32_w4_v2,SKIP,BN/WARPS != 16
INT4,BITSHIFT,U(-1,1),64,4096,4096,128x128x32_w4_v2,SKIP,BN/WARPS != 16
INT4,LUT,U(-1,1),64,4096,4096,128x256x32_w4_v2,SKIP,BN/WARPS != 16
INT4,BITSHIFT,U(-1,1),64,4096,4096,128x256x32_w4_v2,SKIP,BN/WARPS != 16
INT4,LUT,U(-1,1),64,4096,4096,128x256x32_w8_v2,SKIP,BN/WARPS != 16
INT4,BITSHIFT,U(-1,1),64,4096,4096,128x256x32_w8_v2,SKIP,BN/WARPS != 16
INT4,LUT,U(-1,1),64,4096,4096,64x64x32_w4_v2,OK,ms=0.497,tflops=4.32,gbps=23.2,maxabs=2.522e-02,p99=1.420e-02,rel=2.555e-04
INT4,BITSHIFT,U(-1,1),64,4096,4096,64x64x32_w4_v2,SKIP,opt only LUT path
INT4,LUT,U(-1,1),64,4096,4096,64x128x32_w4_v2,SKIP,BN/WARPS != 16
INT4,BITSHIFT,U(-1,1),64,4096,4096,64x128x32_w4_v2,SKIP,BN/WARPS != 16
INT4,LUT,U(-1,1),64,4096,4096,128x64x32_w4_v3,OK,ms=0.606,tflops=3.55,gbps=19.0,maxabs=2.522e-02,p99=1.420e-02,rel=2.555e-04
INT4,BITSHIFT,U(-1,1),64,4096,4096,128x64x32_w4_v3,SKIP,opt only LUT path
INT4,LUT,U(-1,1),64,4096,4096,128x128x32_w4_v3,SKIP,BN/WARPS != 16
INT4,BITSHIFT,U(-1,1),64,4096,4096,128x128x32_w4_v3,SKIP,BN/WARPS != 16
INT4,LUT,U(-1,1),64,4096,4096,128x256x32_w8_v3,SKIP,BN/WARPS != 16
INT4,BITSHIFT,U(-1,1),64,4096,4096,128x256x32_w8_v3,SKIP,BN/WARPS != 16
INT4,LUT,U(-1,1),64,4096,4096,64x64x32_w4_v3,OK,ms=0.507,tflops=4.24,gbps=22.8,maxabs=2.522e-02,p99=1.420e-02,rel=2.555e-04
INT4,BITSHIFT,U(-1,1),64,4096,4096,64x64x32_w4_v3,SKIP,opt only LUT path
INT4,LUT,U(-1,1),64,4096,4096,64x128x32_w4_v3,SKIP,BN/WARPS != 16
INT4,BITSHIFT,U(-1,1),64,4096,4096,64x128x32_w4_v3,SKIP,BN/WARPS != 16
INT4,LUT,U(-1,1),128,4096,4096,16x64x32_w4,OK,ms=0.932,tflops=4.61,gbps=14.6,maxabs=2.653e-02,p99=1.412e-02,rel=2.556e-04
INT4,BITSHIFT,U(-1,1),128,4096,4096,16x64x32_w4,OK,ms=1.208,tflops=3.56,gbps=11.3,maxabs=1.902e-02,p99=1.040e-02,rel=1.866e-04
INT4,LUT,U(-1,1),128,4096,4096,16x128x32_w8,OK,ms=0.999,tflops=4.30,gbps=13.6,maxabs=2.653e-02,p99=1.412e-02,rel=2.556e-04
INT4,BITSHIFT,U(-1,1),128,4096,4096,16x128x32_w8,OK,ms=1.709,tflops=2.51,gbps=8.0,maxabs=1.902e-02,p99=1.040e-02,rel=1.866e-04
INT4,LUT,U(-1,1),128,4096,4096,16x128x32_w4f2,SKIP,BN/WARPS != 16
INT4,BITSHIFT,U(-1,1),128,4096,4096,16x128x32_w4f2,SKIP,BN/WARPS != 16
INT4,LUT,U(-1,1),128,4096,4096,16x256x32_w4f4,SKIP,BN/WARPS != 16
INT4,BITSHIFT,U(-1,1),128,4096,4096,16x256x32_w4f4,SKIP,BN/WARPS != 16
INT4,LUT,U(-1,1),128,4096,4096,128x64x32_w4_v1,SKIP,no template instantiation for this tile
INT4,BITSHIFT,U(-1,1),128,4096,4096,128x64x32_w4_v1,SKIP,opt only LUT path
INT4,LUT,U(-1,1),128,4096,4096,128x128x32_w4_v1,SKIP,BN/WARPS != 16
INT4,BITSHIFT,U(-1,1),128,4096,4096,128x128x32_w4_v1,SKIP,BN/WARPS != 16
INT4,LUT,U(-1,1),128,4096,4096,128x256x32_w4_v1,SKIP,BN/WARPS != 16
INT4,BITSHIFT,U(-1,1),128,4096,4096,128x256x32_w4_v1,SKIP,BN/WARPS != 16
INT4,LUT,U(-1,1),128,4096,4096,128x256x32_w8_v1,SKIP,BN/WARPS != 16
INT4,BITSHIFT,U(-1,1),128,4096,4096,128x256x32_w8_v1,SKIP,BN/WARPS != 16
INT4,LUT,U(-1,1),128,4096,4096,64x64x32_w4_v1,SKIP,no template instantiation for this tile
INT4,BITSHIFT,U(-1,1),128,4096,4096,64x64x32_w4_v1,SKIP,opt only LUT path
INT4,LUT,U(-1,1),128,4096,4096,64x128x32_w4_v1,SKIP,BN/WARPS != 16
INT4,BITSHIFT,U(-1,1),128,4096,4096,64x128x32_w4_v1,SKIP,BN/WARPS != 16
INT4,LUT,U(-1,1),128,4096,4096,128x64x32_w4_v2,OK,ms=0.679,tflops=6.33,gbps=20.1,maxabs=2.653e-02,p99=1.412e-02,rel=2.556e-04
INT4,BITSHIFT,U(-1,1),128,4096,4096,128x64x32_w4_v2,SKIP,opt only LUT path
INT4,LUT,U(-1,1),128,4096,4096,128x128x32_w4_v2,SKIP,BN/WARPS != 16
INT4,BITSHIFT,U(-1,1),128,4096,4096,128x128x32_w4_v2,SKIP,BN/WARPS != 16
INT4,LUT,U(-1,1),128,4096,4096,128x256x32_w4_v2,SKIP,BN/WARPS != 16
INT4,BITSHIFT,U(-1,1),128,4096,4096,128x256x32_w4_v2,SKIP,BN/WARPS != 16
INT4,LUT,U(-1,1),128,4096,4096,128x256x32_w8_v2,SKIP,BN/WARPS != 16
INT4,BITSHIFT,U(-1,1),128,4096,4096,128x256x32_w8_v2,SKIP,BN/WARPS != 16
INT4,LUT,U(-1,1),128,4096,4096,64x64x32_w4_v2,OK,ms=0.519,tflops=8.28,gbps=26.3,maxabs=2.653e-02,p99=1.412e-02,rel=2.556e-04
INT4,BITSHIFT,U(-1,1),128,4096,4096,64x64x32_w4_v2,SKIP,opt only LUT path
INT4,LUT,U(-1,1),128,4096,4096,64x128x32_w4_v2,SKIP,BN/WARPS != 16
INT4,BITSHIFT,U(-1,1),128,4096,4096,64x128x32_w4_v2,SKIP,BN/WARPS != 16
INT4,LUT,U(-1,1),128,4096,4096,128x64x32_w4_v3,OK,ms=0.672,tflops=6.39,gbps=20.3,maxabs=2.653e-02,p99=1.412e-02,rel=2.556e-04
INT4,BITSHIFT,U(-1,1),128,4096,4096,128x64x32_w4_v3,SKIP,opt only LUT path
INT4,LUT,U(-1,1),128,4096,4096,128x128x32_w4_v3,SKIP,BN/WARPS != 16
INT4,BITSHIFT,U(-1,1),128,4096,4096,128x128x32_w4_v3,SKIP,BN/WARPS != 16
INT4,LUT,U(-1,1),128,4096,4096,128x256x32_w8_v3,SKIP,BN/WARPS != 16
INT4,BITSHIFT,U(-1,1),128,4096,4096,128x256x32_w8_v3,SKIP,BN/WARPS != 16
INT4,LUT,U(-1,1),128,4096,4096,64x64x32_w4_v3,OK,ms=0.553,tflops=7.76,gbps=24.6,maxabs=2.653e-02,p99=1.412e-02,rel=2.556e-04
INT4,BITSHIFT,U(-1,1),128,4096,4096,64x64x32_w4_v3,SKIP,opt only LUT path
INT4,LUT,U(-1,1),128,4096,4096,64x128x32_w4_v3,SKIP,BN/WARPS != 16
INT4,BITSHIFT,U(-1,1),128,4096,4096,64x128x32_w4_v3,SKIP,BN/WARPS != 16
INT4,LUT,U(-1,1),256,4096,4096,16x64x32_w4,OK,ms=1.951,tflops=4.40,gbps=9.1,maxabs=2.924e-02,p99=1.398e-02,rel=2.555e-04
INT4,BITSHIFT,U(-1,1),256,4096,4096,16x64x32_w4,OK,ms=2.402,tflops=3.58,gbps=7.4,maxabs=1.902e-02,p99=1.010e-02,rel=1.863e-04
INT4,LUT,U(-1,1),256,4096,4096,16x128x32_w8,OK,ms=1.987,tflops=4.32,gbps=9.0,maxabs=2.924e-02,p99=1.398e-02,rel=2.555e-04
INT4,BITSHIFT,U(-1,1),256,4096,4096,16x128x32_w8,OK,ms=2.856,tflops=3.01,gbps=6.2,maxabs=1.902e-02,p99=1.010e-02,rel=1.863e-04
INT4,LUT,U(-1,1),256,4096,4096,16x128x32_w4f2,SKIP,BN/WARPS != 16
INT4,BITSHIFT,U(-1,1),256,4096,4096,16x128x32_w4f2,SKIP,BN/WARPS != 16
INT4,LUT,U(-1,1),256,4096,4096,16x256x32_w4f4,SKIP,BN/WARPS != 16
INT4,BITSHIFT,U(-1,1),256,4096,4096,16x256x32_w4f4,SKIP,BN/WARPS != 16
INT4,LUT,U(-1,1),256,4096,4096,128x64x32_w4_v1,SKIP,no template instantiation for this tile
INT4,BITSHIFT,U(-1,1),256,4096,4096,128x64x32_w4_v1,SKIP,opt only LUT path
INT4,LUT,U(-1,1),256,4096,4096,128x128x32_w4_v1,SKIP,BN/WARPS != 16
INT4,BITSHIFT,U(-1,1),256,4096,4096,128x128x32_w4_v1,SKIP,BN/WARPS != 16
INT4,LUT,U(-1,1),256,4096,4096,128x256x32_w4_v1,SKIP,BN/WARPS != 16
INT4,BITSHIFT,U(-1,1),256,4096,4096,128x256x32_w4_v1,SKIP,BN/WARPS != 16
INT4,LUT,U(-1,1),256,4096,4096,128x256x32_w8_v1,SKIP,BN/WARPS != 16
INT4,BITSHIFT,U(-1,1),256,4096,4096,128x256x32_w8_v1,SKIP,BN/WARPS != 16
INT4,LUT,U(-1,1),256,4096,4096,64x64x32_w4_v1,SKIP,no template instantiation for this tile
INT4,BITSHIFT,U(-1,1),256,4096,4096,64x64x32_w4_v1,SKIP,opt only LUT path
INT4,LUT,U(-1,1),256,4096,4096,64x128x32_w4_v1,SKIP,BN/WARPS != 16
INT4,BITSHIFT,U(-1,1),256,4096,4096,64x128x32_w4_v1,SKIP,BN/WARPS != 16
INT4,LUT,U(-1,1),256,4096,4096,128x64x32_w4_v2,OK,ms=0.810,tflops=10.60,gbps=22.0,maxabs=2.924e-02,p99=1.398e-02,rel=2.555e-04
INT4,BITSHIFT,U(-1,1),256,4096,4096,128x64x32_w4_v2,SKIP,opt only LUT path
INT4,LUT,U(-1,1),256,4096,4096,128x128x32_w4_v2,SKIP,BN/WARPS != 16
INT4,BITSHIFT,U(-1,1),256,4096,4096,128x128x32_w4_v2,SKIP,BN/WARPS != 16
INT4,LUT,U(-1,1),256,4096,4096,128x256x32_w4_v2,SKIP,BN/WARPS != 16
INT4,BITSHIFT,U(-1,1),256,4096,4096,128x256x32_w4_v2,SKIP,BN/WARPS != 16
INT4,LUT,U(-1,1),256,4096,4096,128x256x32_w8_v2,SKIP,BN/WARPS != 16
INT4,BITSHIFT,U(-1,1),256,4096,4096,128x256x32_w8_v2,SKIP,BN/WARPS != 16
INT4,LUT,U(-1,1),256,4096,4096,64x64x32_w4_v2,OK,ms=0.660,tflops=13.02,gbps=27.0,maxabs=2.924e-02,p99=1.398e-02,rel=2.555e-04
INT4,BITSHIFT,U(-1,1),256,4096,4096,64x64x32_w4_v2,SKIP,opt only LUT path
INT4,LUT,U(-1,1),256,4096,4096,64x128x32_w4_v2,SKIP,BN/WARPS != 16
INT4,BITSHIFT,U(-1,1),256,4096,4096,64x128x32_w4_v2,SKIP,BN/WARPS != 16
INT4,LUT,U(-1,1),256,4096,4096,128x64x32_w4_v3,OK,ms=0.802,tflops=10.72,gbps=22.2,maxabs=2.924e-02,p99=1.398e-02,rel=2.555e-04
INT4,BITSHIFT,U(-1,1),256,4096,4096,128x64x32_w4_v3,SKIP,opt only LUT path
INT4,LUT,U(-1,1),256,4096,4096,128x128x32_w4_v3,SKIP,BN/WARPS != 16
INT4,BITSHIFT,U(-1,1),256,4096,4096,128x128x32_w4_v3,SKIP,BN/WARPS != 16
INT4,LUT,U(-1,1),256,4096,4096,128x256x32_w8_v3,SKIP,BN/WARPS != 16
INT4,BITSHIFT,U(-1,1),256,4096,4096,128x256x32_w8_v3,SKIP,BN/WARPS != 16
INT4,LUT,U(-1,1),256,4096,4096,64x64x32_w4_v3,OK,ms=0.658,tflops=13.06,gbps=27.1,maxabs=2.924e-02,p99=1.398e-02,rel=2.555e-04
INT4,BITSHIFT,U(-1,1),256,4096,4096,64x64x32_w4_v3,SKIP,opt only LUT path
INT4,LUT,U(-1,1),256,4096,4096,64x128x32_w4_v3,SKIP,BN/WARPS != 16
INT4,BITSHIFT,U(-1,1),256,4096,4096,64x128x32_w4_v3,SKIP,BN/WARPS != 16
INT4,LUT,U(-1,1),512,4096,4096,16x64x32_w4,OK,ms=3.798,tflops=4.52,gbps=6.9,maxabs=2.925e-02,p99=1.424e-02,rel=2.555e-04
INT4,BITSHIFT,U(-1,1),512,4096,4096,16x64x32_w4,OK,ms=4.793,tflops=3.58,gbps=5.5,maxabs=1.953e-02,p99=1.035e-02,rel=1.863e-04
INT4,LUT,U(-1,1),512,4096,4096,16x128x32_w8,OK,ms=3.885,tflops=4.42,gbps=6.7,maxabs=2.925e-02,p99=1.424e-02,rel=2.555e-04
INT4,BITSHIFT,U(-1,1),512,4096,4096,16x128x32_w8,OK,ms=5.087,tflops=3.38,gbps=5.2,maxabs=1.953e-02,p99=1.035e-02,rel=1.863e-04
INT4,LUT,U(-1,1),512,4096,4096,16x128x32_w4f2,SKIP,BN/WARPS != 16
INT4,BITSHIFT,U(-1,1),512,4096,4096,16x128x32_w4f2,SKIP,BN/WARPS != 16
INT4,LUT,U(-1,1),512,4096,4096,16x256x32_w4f4,SKIP,BN/WARPS != 16
INT4,BITSHIFT,U(-1,1),512,4096,4096,16x256x32_w4f4,SKIP,BN/WARPS != 16
INT4,LUT,U(-1,1),512,4096,4096,128x64x32_w4_v1,SKIP,no template instantiation for this tile
INT4,BITSHIFT,U(-1,1),512,4096,4096,128x64x32_w4_v1,SKIP,opt only LUT path
INT4,LUT,U(-1,1),512,4096,4096,128x128x32_w4_v1,SKIP,BN/WARPS != 16
INT4,BITSHIFT,U(-1,1),512,4096,4096,128x128x32_w4_v1,SKIP,BN/WARPS != 16
INT4,LUT,U(-1,1),512,4096,4096,128x256x32_w4_v1,SKIP,BN/WARPS != 16
INT4,BITSHIFT,U(-1,1),512,4096,4096,128x256x32_w4_v1,SKIP,BN/WARPS != 16
INT4,LUT,U(-1,1),512,4096,4096,128x256x32_w8_v1,SKIP,BN/WARPS != 16
INT4,BITSHIFT,U(-1,1),512,4096,4096,128x256x32_w8_v1,SKIP,BN/WARPS != 16
INT4,LUT,U(-1,1),512,4096,4096,64x64x32_w4_v1,SKIP,no template instantiation for this tile
INT4,BITSHIFT,U(-1,1),512,4096,4096,64x64x32_w4_v1,SKIP,opt only LUT path
INT4,LUT,U(-1,1),512,4096,4096,64x128x32_w4_v1,SKIP,BN/WARPS != 16
INT4,BITSHIFT,U(-1,1),512,4096,4096,64x128x32_w4_v1,SKIP,BN/WARPS != 16
INT4,LUT,U(-1,1),512,4096,4096,128x64x32_w4_v2,OK,ms=1.051,tflops=16.34,gbps=24.9,maxabs=2.925e-02,p99=1.424e-02,rel=2.555e-04
INT4,BITSHIFT,U(-1,1),512,4096,4096,128x64x32_w4_v2,SKIP,opt only LUT path
INT4,LUT,U(-1,1),512,4096,4096,128x128x32_w4_v2,SKIP,BN/WARPS != 16
INT4,BITSHIFT,U(-1,1),512,4096,4096,128x128x32_w4_v2,SKIP,BN/WARPS != 16
INT4,LUT,U(-1,1),512,4096,4096,128x256x32_w4_v2,SKIP,BN/WARPS != 16
INT4,BITSHIFT,U(-1,1),512,4096,4096,128x256x32_w4_v2,SKIP,BN/WARPS != 16
INT4,LUT,U(-1,1),512,4096,4096,128x256x32_w8_v2,SKIP,BN/WARPS != 16
INT4,BITSHIFT,U(-1,1),512,4096,4096,128x256x32_w8_v2,SKIP,BN/WARPS != 16
INT4,LUT,U(-1,1),512,4096,4096,64x64x32_w4_v2,OK,ms=1.372,tflops=12.52,gbps=19.1,maxabs=2.925e-02,p99=1.424e-02,rel=2.555e-04
INT4,BITSHIFT,U(-1,1),512,4096,4096,64x64x32_w4_v2,SKIP,opt only LUT path
INT4,LUT,U(-1,1),512,4096,4096,64x128x32_w4_v2,SKIP,BN/WARPS != 16
INT4,BITSHIFT,U(-1,1),512,4096,4096,64x128x32_w4_v2,SKIP,BN/WARPS != 16
INT4,LUT,U(-1,1),512,4096,4096,128x64x32_w4_v3,OK,ms=1.797,tflops=9.56,gbps=14.6,maxabs=2.925e-02,p99=1.424e-02,rel=2.555e-04
INT4,BITSHIFT,U(-1,1),512,4096,4096,128x64x32_w4_v3,SKIP,opt only LUT path
INT4,LUT,U(-1,1),512,4096,4096,128x128x32_w4_v3,SKIP,BN/WARPS != 16
INT4,BITSHIFT,U(-1,1),512,4096,4096,128x128x32_w4_v3,SKIP,BN/WARPS != 16
INT4,LUT,U(-1,1),512,4096,4096,128x256x32_w8_v3,SKIP,BN/WARPS != 16
INT4,BITSHIFT,U(-1,1),512,4096,4096,128x256x32_w8_v3,SKIP,BN/WARPS != 16
INT4,LUT,U(-1,1),512,4096,4096,64x64x32_w4_v3,OK,ms=1.486,tflops=11.56,gbps=17.6,maxabs=2.925e-02,p99=1.424e-02,rel=2.555e-04
INT4,BITSHIFT,U(-1,1),512,4096,4096,64x64x32_w4_v3,SKIP,opt only LUT path
INT4,LUT,U(-1,1),512,4096,4096,64x128x32_w4_v3,SKIP,BN/WARPS != 16
INT4,BITSHIFT,U(-1,1),512,4096,4096,64x128x32_w4_v3,SKIP,BN/WARPS != 16
INT4,LUT,U(-1,1),1024,4096,4096,16x64x32_w4,OK,ms=6.832,tflops=5.03,gbps=6.3,maxabs=2.925e-02,p99=1.432e-02,rel=2.555e-04
INT4,BITSHIFT,U(-1,1),1024,4096,4096,16x64x32_w4,OK,ms=9.549,tflops=3.60,gbps=4.5,maxabs=1.954e-02,p99=1.016e-02,rel=1.862e-04
INT4,LUT,U(-1,1),1024,4096,4096,16x128x32_w8,OK,ms=7.034,tflops=4.88,gbps=6.1,maxabs=2.925e-02,p99=1.432e-02,rel=2.555e-04
INT4,BITSHIFT,U(-1,1),1024,4096,4096,16x128x32_w8,OK,ms=9.740,tflops=3.53,gbps=4.4,maxabs=1.954e-02,p99=1.016e-02,rel=1.862e-04
INT4,LUT,U(-1,1),1024,4096,4096,16x128x32_w4f2,SKIP,BN/WARPS != 16
INT4,BITSHIFT,U(-1,1),1024,4096,4096,16x128x32_w4f2,SKIP,BN/WARPS != 16
INT4,LUT,U(-1,1),1024,4096,4096,16x256x32_w4f4,SKIP,BN/WARPS != 16
INT4,BITSHIFT,U(-1,1),1024,4096,4096,16x256x32_w4f4,SKIP,BN/WARPS != 16
INT4,LUT,U(-1,1),1024,4096,4096,128x64x32_w4_v1,SKIP,no template instantiation for this tile
INT4,BITSHIFT,U(-1,1),1024,4096,4096,128x64x32_w4_v1,SKIP,opt only LUT path
INT4,LUT,U(-1,1),1024,4096,4096,128x128x32_w4_v1,SKIP,BN/WARPS != 16
INT4,BITSHIFT,U(-1,1),1024,4096,4096,128x128x32_w4_v1,SKIP,BN/WARPS != 16
INT4,LUT,U(-1,1),1024,4096,4096,128x256x32_w4_v1,SKIP,BN/WARPS != 16
INT4,BITSHIFT,U(-1,1),1024,4096,4096,128x256x32_w4_v1,SKIP,BN/WARPS != 16
INT4,LUT,U(-1,1),1024,4096,4096,128x256x32_w8_v1,SKIP,BN/WARPS != 16
INT4,BITSHIFT,U(-1,1),1024,4096,4096,128x256x32_w8_v1,SKIP,BN/WARPS != 16
INT4,LUT,U(-1,1),1024,4096,4096,64x64x32_w4_v1,SKIP,no template instantiation for this tile
INT4,BITSHIFT,U(-1,1),1024,4096,4096,64x64x32_w4_v1,SKIP,opt only LUT path
INT4,LUT,U(-1,1),1024,4096,4096,64x128x32_w4_v1,SKIP,BN/WARPS != 16
INT4,BITSHIFT,U(-1,1),1024,4096,4096,64x128x32_w4_v1,SKIP,BN/WARPS != 16
INT4,LUT,U(-1,1),1024,4096,4096,128x64x32_w4_v2,OK,ms=2.098,tflops=16.38,gbps=20.5,maxabs=2.925e-02,p99=1.432e-02,rel=2.555e-04
INT4,BITSHIFT,U(-1,1),1024,4096,4096,128x64x32_w4_v2,SKIP,opt only LUT path
INT4,LUT,U(-1,1),1024,4096,4096,128x128x32_w4_v2,SKIP,BN/WARPS != 16
INT4,BITSHIFT,U(-1,1),1024,4096,4096,128x128x32_w4_v2,SKIP,BN/WARPS != 16
INT4,LUT,U(-1,1),1024,4096,4096,128x256x32_w4_v2,SKIP,BN/WARPS != 16
INT4,BITSHIFT,U(-1,1),1024,4096,4096,128x256x32_w4_v2,SKIP,BN/WARPS != 16
INT4,LUT,U(-1,1),1024,4096,4096,128x256x32_w8_v2,SKIP,BN/WARPS != 16
INT4,BITSHIFT,U(-1,1),1024,4096,4096,128x256x32_w8_v2,SKIP,BN/WARPS != 16
INT4,LUT,U(-1,1),1024,4096,4096,64x64x32_w4_v2,OK,ms=2.751,tflops=12.49,gbps=15.6,maxabs=2.925e-02,p99=1.432e-02,rel=2.555e-04
INT4,BITSHIFT,U(-1,1),1024,4096,4096,64x64x32_w4_v2,SKIP,opt only LUT path
INT4,LUT,U(-1,1),1024,4096,4096,64x128x32_w4_v2,SKIP,BN/WARPS != 16
INT4,BITSHIFT,U(-1,1),1024,4096,4096,64x128x32_w4_v2,SKIP,BN/WARPS != 16
INT4,LUT,U(-1,1),1024,4096,4096,128x64x32_w4_v3,OK,ms=2.738,tflops=12.55,gbps=15.7,maxabs=2.925e-02,p99=1.432e-02,rel=2.555e-04
INT4,BITSHIFT,U(-1,1),1024,4096,4096,128x64x32_w4_v3,SKIP,opt only LUT path
INT4,LUT,U(-1,1),1024,4096,4096,128x128x32_w4_v3,SKIP,BN/WARPS != 16
INT4,BITSHIFT,U(-1,1),1024,4096,4096,128x128x32_w4_v3,SKIP,BN/WARPS != 16
INT4,LUT,U(-1,1),1024,4096,4096,128x256x32_w8_v3,SKIP,BN/WARPS != 16
INT4,BITSHIFT,U(-1,1),1024,4096,4096,128x256x32_w8_v3,SKIP,BN/WARPS != 16
INT4,LUT,U(-1,1),1024,4096,4096,64x64x32_w4_v3,OK,ms=2.250,tflops=15.27,gbps=19.1,maxabs=2.925e-02,p99=1.432e-02,rel=2.555e-04
INT4,BITSHIFT,U(-1,1),1024,4096,4096,64x64x32_w4_v3,SKIP,opt only LUT path
INT4,LUT,U(-1,1),1024,4096,4096,64x128x32_w4_v3,SKIP,BN/WARPS != 16
INT4,BITSHIFT,U(-1,1),1024,4096,4096,64x128x32_w4_v3,SKIP,BN/WARPS != 16
INT4,LUT,U(-1,1),2048,4096,4096,16x64x32_w4,OK,ms=12.997,tflops=5.29,gbps=5.9,maxabs=3.018e-02,p99=1.420e-02,rel=2.555e-04
INT4,BITSHIFT,U(-1,1),2048,4096,4096,16x64x32_w4,OK,ms=18.328,tflops=3.75,gbps=4.2,maxabs=2.168e-02,p99=1.021e-02,rel=1.861e-04
INT4,LUT,U(-1,1),2048,4096,4096,16x128x32_w8,OK,ms=13.356,tflops=5.15,gbps=5.7,maxabs=3.018e-02,p99=1.420e-02,rel=2.555e-04
INT4,BITSHIFT,U(-1,1),2048,4096,4096,16x128x32_w8,OK,ms=18.947,tflops=3.63,gbps=4.0,maxabs=2.168e-02,p99=1.021e-02,rel=1.861e-04
INT4,LUT,U(-1,1),2048,4096,4096,16x128x32_w4f2,SKIP,BN/WARPS != 16
INT4,BITSHIFT,U(-1,1),2048,4096,4096,16x128x32_w4f2,SKIP,BN/WARPS != 16
INT4,LUT,U(-1,1),2048,4096,4096,16x256x32_w4f4,SKIP,BN/WARPS != 16
INT4,BITSHIFT,U(-1,1),2048,4096,4096,16x256x32_w4f4,SKIP,BN/WARPS != 16
INT4,LUT,U(-1,1),2048,4096,4096,128x64x32_w4_v1,SKIP,no template instantiation for this tile
INT4,BITSHIFT,U(-1,1),2048,4096,4096,128x64x32_w4_v1,SKIP,opt only LUT path
INT4,LUT,U(-1,1),2048,4096,4096,128x128x32_w4_v1,SKIP,BN/WARPS != 16
INT4,BITSHIFT,U(-1,1),2048,4096,4096,128x128x32_w4_v1,SKIP,BN/WARPS != 16
INT4,LUT,U(-1,1),2048,4096,4096,128x256x32_w4_v1,SKIP,BN/WARPS != 16
INT4,BITSHIFT,U(-1,1),2048,4096,4096,128x256x32_w4_v1,SKIP,BN/WARPS != 16
INT4,LUT,U(-1,1),2048,4096,4096,128x256x32_w8_v1,SKIP,BN/WARPS != 16
INT4,BITSHIFT,U(-1,1),2048,4096,4096,128x256x32_w8_v1,SKIP,BN/WARPS != 16
INT4,LUT,U(-1,1),2048,4096,4096,64x64x32_w4_v1,SKIP,no template instantiation for this tile
INT4,BITSHIFT,U(-1,1),2048,4096,4096,64x64x32_w4_v1,SKIP,opt only LUT path
INT4,LUT,U(-1,1),2048,4096,4096,64x128x32_w4_v1,SKIP,BN/WARPS != 16
INT4,BITSHIFT,U(-1,1),2048,4096,4096,64x128x32_w4_v1,SKIP,BN/WARPS != 16
INT4,LUT,U(-1,1),2048,4096,4096,128x64x32_w4_v2,OK,ms=4.202,tflops=16.35,gbps=18.2,maxabs=3.018e-02,p99=1.420e-02,rel=2.555e-04
INT4,BITSHIFT,U(-1,1),2048,4096,4096,128x64x32_w4_v2,SKIP,opt only LUT path
INT4,LUT,U(-1,1),2048,4096,4096,128x128x32_w4_v2,SKIP,BN/WARPS != 16
INT4,BITSHIFT,U(-1,1),2048,4096,4096,128x128x32_w4_v2,SKIP,BN/WARPS != 16
INT4,LUT,U(-1,1),2048,4096,4096,128x256x32_w4_v2,SKIP,BN/WARPS != 16
INT4,BITSHIFT,U(-1,1),2048,4096,4096,128x256x32_w4_v2,SKIP,BN/WARPS != 16
INT4,LUT,U(-1,1),2048,4096,4096,128x256x32_w8_v2,SKIP,BN/WARPS != 16
INT4,BITSHIFT,U(-1,1),2048,4096,4096,128x256x32_w8_v2,SKIP,BN/WARPS != 16
INT4,LUT,U(-1,1),2048,4096,4096,64x64x32_w4_v2,OK,ms=4.776,tflops=14.39,gbps=16.0,maxabs=3.018e-02,p99=1.420e-02,rel=2.555e-04
INT4,BITSHIFT,U(-1,1),2048,4096,4096,64x64x32_w4_v2,SKIP,opt only LUT path
INT4,LUT,U(-1,1),2048,4096,4096,64x128x32_w4_v2,SKIP,BN/WARPS != 16
INT4,BITSHIFT,U(-1,1),2048,4096,4096,64x128x32_w4_v2,SKIP,BN/WARPS != 16
INT4,LUT,U(-1,1),2048,4096,4096,128x64x32_w4_v3,OK,ms=4.542,tflops=15.13,gbps=16.9,maxabs=3.018e-02,p99=1.420e-02,rel=2.555e-04
INT4,BITSHIFT,U(-1,1),2048,4096,4096,128x64x32_w4_v3,SKIP,opt only LUT path
INT4,LUT,U(-1,1),2048,4096,4096,128x128x32_w4_v3,SKIP,BN/WARPS != 16
INT4,BITSHIFT,U(-1,1),2048,4096,4096,128x128x32_w4_v3,SKIP,BN/WARPS != 16
INT4,LUT,U(-1,1),2048,4096,4096,128x256x32_w8_v3,SKIP,BN/WARPS != 16
INT4,BITSHIFT,U(-1,1),2048,4096,4096,128x256x32_w8_v3,SKIP,BN/WARPS != 16
INT4,LUT,U(-1,1),2048,4096,4096,64x64x32_w4_v3,OK,ms=4.352,tflops=15.79,gbps=17.6,maxabs=3.018e-02,p99=1.420e-02,rel=2.555e-04
INT4,BITSHIFT,U(-1,1),2048,4096,4096,64x64x32_w4_v3,SKIP,opt only LUT path
INT4,LUT,U(-1,1),2048,4096,4096,64x128x32_w4_v3,SKIP,BN/WARPS != 16
INT4,BITSHIFT,U(-1,1),2048,4096,4096,64x128x32_w4_v3,SKIP,BN/WARPS != 16
INT4,LUT,U(-1,1),1,7168,7168,16x64x32_w4,OK,ms=1.359,tflops=0.08,gbps=21.3,maxabs=2.849e-02,p99=1.838e-02,rel=2.533e-04
INT4,BITSHIFT,U(-1,1),1,7168,7168,16x64x32_w4,OK,ms=0.719,tflops=0.14,gbps=40.3,maxabs=1.886e-02,p99=1.284e-02,rel=1.821e-04
INT4,LUT,U(-1,1),1,7168,7168,16x128x32_w8,OK,ms=1.359,tflops=0.08,gbps=21.3,maxabs=2.849e-02,p99=1.838e-02,rel=2.533e-04
INT4,BITSHIFT,U(-1,1),1,7168,7168,16x128x32_w8,OK,ms=0.720,tflops=0.14,gbps=40.2,maxabs=1.886e-02,p99=1.284e-02,rel=1.821e-04
INT4,LUT,U(-1,1),1,7168,7168,16x128x32_w4f2,SKIP,BN/WARPS != 16
INT4,BITSHIFT,U(-1,1),1,7168,7168,16x128x32_w4f2,SKIP,BN/WARPS != 16
INT4,LUT,U(-1,1),1,7168,7168,16x256x32_w4f4,SKIP,BN/WARPS != 16
INT4,BITSHIFT,U(-1,1),1,7168,7168,16x256x32_w4f4,SKIP,BN/WARPS != 16
INT4,LUT,U(-1,1),1,7168,7168,128x64x32_w4_v1,SKIP,no template instantiation for this tile
INT4,BITSHIFT,U(-1,1),1,7168,7168,128x64x32_w4_v1,SKIP,opt only LUT path
INT4,LUT,U(-1,1),1,7168,7168,128x128x32_w4_v1,SKIP,BN/WARPS != 16
INT4,BITSHIFT,U(-1,1),1,7168,7168,128x128x32_w4_v1,SKIP,BN/WARPS != 16
INT4,LUT,U(-1,1),1,7168,7168,128x256x32_w4_v1,SKIP,BN/WARPS != 16
INT4,BITSHIFT,U(-1,1),1,7168,7168,128x256x32_w4_v1,SKIP,BN/WARPS != 16
INT4,LUT,U(-1,1),1,7168,7168,128x256x32_w8_v1,SKIP,BN/WARPS != 16
INT4,BITSHIFT,U(-1,1),1,7168,7168,128x256x32_w8_v1,SKIP,BN/WARPS != 16
INT4,LUT,U(-1,1),1,7168,7168,64x64x32_w4_v1,SKIP,no template instantiation for this tile
INT4,BITSHIFT,U(-1,1),1,7168,7168,64x64x32_w4_v1,SKIP,opt only LUT path
INT4,LUT,U(-1,1),1,7168,7168,64x128x32_w4_v1,SKIP,BN/WARPS != 16
INT4,BITSHIFT,U(-1,1),1,7168,7168,64x128x32_w4_v1,SKIP,BN/WARPS != 16
INT4,LUT,U(-1,1),1,7168,7168,128x64x32_w4_v2,OK,ms=1.369,tflops=0.08,gbps=21.2,maxabs=2.849e-02,p99=1.838e-02,rel=2.533e-04
INT4,BITSHIFT,U(-1,1),1,7168,7168,128x64x32_w4_v2,SKIP,opt only LUT path
INT4,LUT,U(-1,1),1,7168,7168,128x128x32_w4_v2,SKIP,BN/WARPS != 16
INT4,BITSHIFT,U(-1,1),1,7168,7168,128x128x32_w4_v2,SKIP,BN/WARPS != 16
INT4,LUT,U(-1,1),1,7168,7168,128x256x32_w4_v2,SKIP,BN/WARPS != 16
INT4,BITSHIFT,U(-1,1),1,7168,7168,128x256x32_w4_v2,SKIP,BN/WARPS != 16
INT4,LUT,U(-1,1),1,7168,7168,128x256x32_w8_v2,SKIP,BN/WARPS != 16
INT4,BITSHIFT,U(-1,1),1,7168,7168,128x256x32_w8_v2,SKIP,BN/WARPS != 16
INT4,LUT,U(-1,1),1,7168,7168,64x64x32_w4_v2,OK,ms=0.867,tflops=0.12,gbps=33.4,maxabs=2.849e-02,p99=1.838e-02,rel=2.533e-04
INT4,BITSHIFT,U(-1,1),1,7168,7168,64x64x32_w4_v2,SKIP,opt only LUT path
INT4,LUT,U(-1,1),1,7168,7168,64x128x32_w4_v2,SKIP,BN/WARPS != 16
INT4,BITSHIFT,U(-1,1),1,7168,7168,64x128x32_w4_v2,SKIP,BN/WARPS != 16
INT4,LUT,U(-1,1),1,7168,7168,128x64x32_w4_v3,OK,ms=1.350,tflops=0.08,gbps=21.5,maxabs=2.849e-02,p99=1.838e-02,rel=2.533e-04
INT4,BITSHIFT,U(-1,1),1,7168,7168,128x64x32_w4_v3,SKIP,opt only LUT path
INT4,LUT,U(-1,1),1,7168,7168,128x128x32_w4_v3,SKIP,BN/WARPS != 16
INT4,BITSHIFT,U(-1,1),1,7168,7168,128x128x32_w4_v3,SKIP,BN/WARPS != 16
INT4,LUT,U(-1,1),1,7168,7168,128x256x32_w8_v3,SKIP,BN/WARPS != 16
INT4,BITSHIFT,U(-1,1),1,7168,7168,128x256x32_w8_v3,SKIP,BN/WARPS != 16
INT4,LUT,U(-1,1),1,7168,7168,64x64x32_w4_v3,OK,ms=0.955,tflops=0.11,gbps=30.3,maxabs=2.849e-02,p99=1.838e-02,rel=2.533e-04
INT4,BITSHIFT,U(-1,1),1,7168,7168,64x64x32_w4_v3,SKIP,opt only LUT path
INT4,LUT,U(-1,1),1,7168,7168,64x128x32_w4_v3,SKIP,BN/WARPS != 16
INT4,BITSHIFT,U(-1,1),1,7168,7168,64x128x32_w4_v3,SKIP,BN/WARPS != 16
INT4,LUT,U(-1,1),16,7168,7168,16x64x32_w4,OK,ms=1.395,tflops=1.18,gbps=21.4,maxabs=3.330e-02,p99=1.859e-02,rel=2.565e-04
INT4,BITSHIFT,U(-1,1),16,7168,7168,16x64x32_w4,OK,ms=1.035,tflops=1.59,gbps=28.8,maxabs=2.491e-02,p99=1.344e-02,rel=1.875e-04
INT4,LUT,U(-1,1),16,7168,7168,16x128x32_w8,OK,ms=1.435,tflops=1.15,gbps=20.8,maxabs=3.330e-02,p99=1.859e-02,rel=2.565e-04
INT4,BITSHIFT,U(-1,1),16,7168,7168,16x128x32_w8,OK,ms=1.138,tflops=1.44,gbps=26.2,maxabs=2.491e-02,p99=1.344e-02,rel=1.875e-04
INT4,LUT,U(-1,1),16,7168,7168,16x128x32_w4f2,SKIP,BN/WARPS != 16
INT4,BITSHIFT,U(-1,1),16,7168,7168,16x128x32_w4f2,SKIP,BN/WARPS != 16
INT4,LUT,U(-1,1),16,7168,7168,16x256x32_w4f4,SKIP,BN/WARPS != 16
INT4,BITSHIFT,U(-1,1),16,7168,7168,16x256x32_w4f4,SKIP,BN/WARPS != 16
INT4,LUT,U(-1,1),16,7168,7168,128x64x32_w4_v1,SKIP,no template instantiation for this tile
INT4,BITSHIFT,U(-1,1),16,7168,7168,128x64x32_w4_v1,SKIP,opt only LUT path
INT4,LUT,U(-1,1),16,7168,7168,128x128x32_w4_v1,SKIP,BN/WARPS != 16
INT4,BITSHIFT,U(-1,1),16,7168,7168,128x128x32_w4_v1,SKIP,BN/WARPS != 16
INT4,LUT,U(-1,1),16,7168,7168,128x256x32_w4_v1,SKIP,BN/WARPS != 16
INT4,BITSHIFT,U(-1,1),16,7168,7168,128x256x32_w4_v1,SKIP,BN/WARPS != 16
INT4,LUT,U(-1,1),16,7168,7168,128x256x32_w8_v1,SKIP,BN/WARPS != 16
INT4,BITSHIFT,U(-1,1),16,7168,7168,128x256x32_w8_v1,SKIP,BN/WARPS != 16
INT4,LUT,U(-1,1),16,7168,7168,64x64x32_w4_v1,SKIP,no template instantiation for this tile
INT4,BITSHIFT,U(-1,1),16,7168,7168,64x64x32_w4_v1,SKIP,opt only LUT path
INT4,LUT,U(-1,1),16,7168,7168,64x128x32_w4_v1,SKIP,BN/WARPS != 16
INT4,BITSHIFT,U(-1,1),16,7168,7168,64x128x32_w4_v1,SKIP,BN/WARPS != 16
INT4,LUT,U(-1,1),16,7168,7168,128x64x32_w4_v2,OK,ms=1.390,tflops=1.18,gbps=21.5,maxabs=3.330e-02,p99=1.859e-02,rel=2.565e-04
INT4,BITSHIFT,U(-1,1),16,7168,7168,128x64x32_w4_v2,SKIP,opt only LUT path
INT4,LUT,U(-1,1),16,7168,7168,128x128x32_w4_v2,SKIP,BN/WARPS != 16
INT4,BITSHIFT,U(-1,1),16,7168,7168,128x128x32_w4_v2,SKIP,BN/WARPS != 16
INT4,LUT,U(-1,1),16,7168,7168,128x256x32_w4_v2,SKIP,BN/WARPS != 16
INT4,BITSHIFT,U(-1,1),16,7168,7168,128x256x32_w4_v2,SKIP,BN/WARPS != 16
INT4,LUT,U(-1,1),16,7168,7168,128x256x32_w8_v2,SKIP,BN/WARPS != 16
INT4,BITSHIFT,U(-1,1),16,7168,7168,128x256x32_w8_v2,SKIP,BN/WARPS != 16
INT4,LUT,U(-1,1),16,7168,7168,64x64x32_w4_v2,OK,ms=0.931,tflops=1.77,gbps=32.0,maxabs=3.330e-02,p99=1.859e-02,rel=2.565e-04
INT4,BITSHIFT,U(-1,1),16,7168,7168,64x64x32_w4_v2,SKIP,opt only LUT path
INT4,LUT,U(-1,1),16,7168,7168,64x128x32_w4_v2,SKIP,BN/WARPS != 16
INT4,BITSHIFT,U(-1,1),16,7168,7168,64x128x32_w4_v2,SKIP,BN/WARPS != 16
INT4,LUT,U(-1,1),16,7168,7168,128x64x32_w4_v3,OK,ms=1.373,tflops=1.20,gbps=21.7,maxabs=3.330e-02,p99=1.859e-02,rel=2.565e-04
INT4,BITSHIFT,U(-1,1),16,7168,7168,128x64x32_w4_v3,SKIP,opt only LUT path
INT4,LUT,U(-1,1),16,7168,7168,128x128x32_w4_v3,SKIP,BN/WARPS != 16
INT4,BITSHIFT,U(-1,1),16,7168,7168,128x128x32_w4_v3,SKIP,BN/WARPS != 16
INT4,LUT,U(-1,1),16,7168,7168,128x256x32_w8_v3,SKIP,BN/WARPS != 16
INT4,BITSHIFT,U(-1,1),16,7168,7168,128x256x32_w8_v3,SKIP,BN/WARPS != 16
INT4,LUT,U(-1,1),16,7168,7168,64x64x32_w4_v3,OK,ms=1.009,tflops=1.63,gbps=29.5,maxabs=3.330e-02,p99=1.859e-02,rel=2.565e-04
INT4,BITSHIFT,U(-1,1),16,7168,7168,64x64x32_w4_v3,SKIP,opt only LUT path
INT4,LUT,U(-1,1),16,7168,7168,64x128x32_w4_v3,SKIP,BN/WARPS != 16
INT4,BITSHIFT,U(-1,1),16,7168,7168,64x128x32_w4_v3,SKIP,BN/WARPS != 16
INT4,LUT,U(-1,1),64,7168,7168,16x64x32_w4,OK,ms=1.570,tflops=4.19,gbps=20.7,maxabs=3.466e-02,p99=1.871e-02,rel=2.561e-04
INT4,BITSHIFT,U(-1,1),64,7168,7168,16x64x32_w4,OK,ms=1.814,tflops=3.62,gbps=18.0,maxabs=2.489e-02,p99=1.371e-02,rel=1.865e-04
INT4,LUT,U(-1,1),64,7168,7168,16x128x32_w8,OK,ms=1.611,tflops=4.08,gbps=20.2,maxabs=3.466e-02,p99=1.871e-02,rel=2.561e-04
INT4,BITSHIFT,U(-1,1),64,7168,7168,16x128x32_w8,OK,ms=1.885,tflops=3.49,gbps=17.3,maxabs=2.489e-02,p99=1.371e-02,rel=1.865e-04
INT4,LUT,U(-1,1),64,7168,7168,16x128x32_w4f2,SKIP,BN/WARPS != 16
INT4,BITSHIFT,U(-1,1),64,7168,7168,16x128x32_w4f2,SKIP,BN/WARPS != 16
INT4,LUT,U(-1,1),64,7168,7168,16x256x32_w4f4,SKIP,BN/WARPS != 16
INT4,BITSHIFT,U(-1,1),64,7168,7168,16x256x32_w4f4,SKIP,BN/WARPS != 16
INT4,LUT,U(-1,1),64,7168,7168,128x64x32_w4_v1,SKIP,no template instantiation for this tile
INT4,BITSHIFT,U(-1,1),64,7168,7168,128x64x32_w4_v1,SKIP,opt only LUT path
INT4,LUT,U(-1,1),64,7168,7168,128x128x32_w4_v1,SKIP,BN/WARPS != 16
INT4,BITSHIFT,U(-1,1),64,7168,7168,128x128x32_w4_v1,SKIP,BN/WARPS != 16
INT4,LUT,U(-1,1),64,7168,7168,128x256x32_w4_v1,SKIP,BN/WARPS != 16
INT4,BITSHIFT,U(-1,1),64,7168,7168,128x256x32_w4_v1,SKIP,BN/WARPS != 16
INT4,LUT,U(-1,1),64,7168,7168,128x256x32_w8_v1,SKIP,BN/WARPS != 16
INT4,BITSHIFT,U(-1,1),64,7168,7168,128x256x32_w8_v1,SKIP,BN/WARPS != 16
INT4,LUT,U(-1,1),64,7168,7168,64x64x32_w4_v1,SKIP,no template instantiation for this tile
INT4,BITSHIFT,U(-1,1),64,7168,7168,64x64x32_w4_v1,SKIP,opt only LUT path
INT4,LUT,U(-1,1),64,7168,7168,64x128x32_w4_v1,SKIP,BN/WARPS != 16
INT4,BITSHIFT,U(-1,1),64,7168,7168,64x128x32_w4_v1,SKIP,BN/WARPS != 16
INT4,LUT,U(-1,1),64,7168,7168,128x64x32_w4_v2,OK,ms=1.411,tflops=4.66,gbps=23.1,maxabs=3.466e-02,p99=1.871e-02,rel=2.561e-04
INT4,BITSHIFT,U(-1,1),64,7168,7168,128x64x32_w4_v2,SKIP,opt only LUT path
INT4,LUT,U(-1,1),64,7168,7168,128x128x32_w4_v2,SKIP,BN/WARPS != 16
INT4,BITSHIFT,U(-1,1),64,7168,7168,128x128x32_w4_v2,SKIP,BN/WARPS != 16
INT4,LUT,U(-1,1),64,7168,7168,128x256x32_w4_v2,SKIP,BN/WARPS != 16
INT4,BITSHIFT,U(-1,1),64,7168,7168,128x256x32_w4_v2,SKIP,BN/WARPS != 16
INT4,LUT,U(-1,1),64,7168,7168,128x256x32_w8_v2,SKIP,BN/WARPS != 16
INT4,BITSHIFT,U(-1,1),64,7168,7168,128x256x32_w8_v2,SKIP,BN/WARPS != 16
INT4,LUT,U(-1,1),64,7168,7168,64x64x32_w4_v2,OK,ms=1.013,tflops=6.49,gbps=32.2,maxabs=3.466e-02,p99=1.871e-02,rel=2.561e-04
INT4,BITSHIFT,U(-1,1),64,7168,7168,64x64x32_w4_v2,SKIP,opt only LUT path
INT4,LUT,U(-1,1),64,7168,7168,64x128x32_w4_v2,SKIP,BN/WARPS != 16
INT4,BITSHIFT,U(-1,1),64,7168,7168,64x128x32_w4_v2,SKIP,BN/WARPS != 16
INT4,LUT,U(-1,1),64,7168,7168,128x64x32_w4_v3,OK,ms=1.391,tflops=4.73,gbps=23.4,maxabs=3.466e-02,p99=1.871e-02,rel=2.561e-04
INT4,BITSHIFT,U(-1,1),64,7168,7168,128x64x32_w4_v3,SKIP,opt only LUT path
INT4,LUT,U(-1,1),64,7168,7168,128x128x32_w4_v3,SKIP,BN/WARPS != 16
INT4,BITSHIFT,U(-1,1),64,7168,7168,128x128x32_w4_v3,SKIP,BN/WARPS != 16
INT4,LUT,U(-1,1),64,7168,7168,128x256x32_w8_v3,SKIP,BN/WARPS != 16
INT4,BITSHIFT,U(-1,1),64,7168,7168,128x256x32_w8_v3,SKIP,BN/WARPS != 16
INT4,LUT,U(-1,1),64,7168,7168,64x64x32_w4_v3,OK,ms=1.060,tflops=6.20,gbps=30.7,maxabs=3.466e-02,p99=1.871e-02,rel=2.561e-04
INT4,BITSHIFT,U(-1,1),64,7168,7168,64x64x32_w4_v3,SKIP,opt only LUT path
INT4,LUT,U(-1,1),64,7168,7168,64x128x32_w4_v3,SKIP,BN/WARPS != 16
INT4,BITSHIFT,U(-1,1),64,7168,7168,64x128x32_w4_v3,SKIP,BN/WARPS != 16
INT4,LUT,U(-1,1),128,7168,7168,16x64x32_w4,OK,ms=3.294,tflops=3.99,gbps=11.0,maxabs=3.510e-02,p99=1.887e-02,rel=2.556e-04
INT4,BITSHIFT,U(-1,1),128,7168,7168,16x64x32_w4,OK,ms=3.902,tflops=3.37,gbps=9.3,maxabs=2.605e-02,p99=1.335e-02,rel=1.863e-04
INT4,LUT,U(-1,1),128,7168,7168,16x128x32_w8,OK,ms=3.403,tflops=3.86,gbps=10.6,maxabs=3.510e-02,p99=1.887e-02,rel=2.556e-04
INT4,BITSHIFT,U(-1,1),128,7168,7168,16x128x32_w8,OK,ms=3.767,tflops=3.49,gbps=9.6,maxabs=2.605e-02,p99=1.335e-02,rel=1.863e-04
INT4,LUT,U(-1,1),128,7168,7168,16x128x32_w4f2,SKIP,BN/WARPS != 16
INT4,BITSHIFT,U(-1,1),128,7168,7168,16x128x32_w4f2,SKIP,BN/WARPS != 16
INT4,LUT,U(-1,1),128,7168,7168,16x256x32_w4f4,SKIP,BN/WARPS != 16
INT4,BITSHIFT,U(-1,1),128,7168,7168,16x256x32_w4f4,SKIP,BN/WARPS != 16
INT4,LUT,U(-1,1),128,7168,7168,128x64x32_w4_v1,SKIP,no template instantiation for this tile
INT4,BITSHIFT,U(-1,1),128,7168,7168,128x64x32_w4_v1,SKIP,opt only LUT path
INT4,LUT,U(-1,1),128,7168,7168,128x128x32_w4_v1,SKIP,BN/WARPS != 16
INT4,BITSHIFT,U(-1,1),128,7168,7168,128x128x32_w4_v1,SKIP,BN/WARPS != 16
INT4,LUT,U(-1,1),128,7168,7168,128x256x32_w4_v1,SKIP,BN/WARPS != 16
INT4,BITSHIFT,U(-1,1),128,7168,7168,128x256x32_w4_v1,SKIP,BN/WARPS != 16
INT4,LUT,U(-1,1),128,7168,7168,128x256x32_w8_v1,SKIP,BN/WARPS != 16
INT4,BITSHIFT,U(-1,1),128,7168,7168,128x256x32_w8_v1,SKIP,BN/WARPS != 16
INT4,LUT,U(-1,1),128,7168,7168,64x64x32_w4_v1,SKIP,no template instantiation for this tile
INT4,BITSHIFT,U(-1,1),128,7168,7168,64x64x32_w4_v1,SKIP,opt only LUT path
INT4,LUT,U(-1,1),128,7168,7168,64x128x32_w4_v1,SKIP,BN/WARPS != 16
INT4,BITSHIFT,U(-1,1),128,7168,7168,64x128x32_w4_v1,SKIP,BN/WARPS != 16
INT4,LUT,U(-1,1),128,7168,7168,128x64x32_w4_v2,OK,ms=1.475,tflops=8.92,gbps=24.6,maxabs=3.510e-02,p99=1.887e-02,rel=2.556e-04
INT4,BITSHIFT,U(-1,1),128,7168,7168,128x64x32_w4_v2,SKIP,opt only LUT path
INT4,LUT,U(-1,1),128,7168,7168,128x128x32_w4_v2,SKIP,BN/WARPS != 16
INT4,BITSHIFT,U(-1,1),128,7168,7168,128x128x32_w4_v2,SKIP,BN/WARPS != 16
INT4,LUT,U(-1,1),128,7168,7168,128x256x32_w4_v2,SKIP,BN/WARPS != 16
INT4,BITSHIFT,U(-1,1),128,7168,7168,128x256x32_w4_v2,SKIP,BN/WARPS != 16
INT4,LUT,U(-1,1),128,7168,7168,128x256x32_w8_v2,SKIP,BN/WARPS != 16
INT4,BITSHIFT,U(-1,1),128,7168,7168,128x256x32_w8_v2,SKIP,BN/WARPS != 16
INT4,LUT,U(-1,1),128,7168,7168,64x64x32_w4_v2,OK,ms=1.102,tflops=11.94,gbps=32.9,maxabs=3.510e-02,p99=1.887e-02,rel=2.556e-04
INT4,BITSHIFT,U(-1,1),128,7168,7168,64x64x32_w4_v2,SKIP,opt only LUT path
INT4,LUT,U(-1,1),128,7168,7168,64x128x32_w4_v2,SKIP,BN/WARPS != 16
INT4,BITSHIFT,U(-1,1),128,7168,7168,64x128x32_w4_v2,SKIP,BN/WARPS != 16
INT4,LUT,U(-1,1),128,7168,7168,128x64x32_w4_v3,OK,ms=1.452,tflops=9.06,gbps=25.0,maxabs=3.510e-02,p99=1.887e-02,rel=2.556e-04
INT4,BITSHIFT,U(-1,1),128,7168,7168,128x64x32_w4_v3,SKIP,opt only LUT path
INT4,LUT,U(-1,1),128,7168,7168,128x128x32_w4_v3,SKIP,BN/WARPS != 16
INT4,BITSHIFT,U(-1,1),128,7168,7168,128x128x32_w4_v3,SKIP,BN/WARPS != 16
INT4,LUT,U(-1,1),128,7168,7168,128x256x32_w8_v3,SKIP,BN/WARPS != 16
INT4,BITSHIFT,U(-1,1),128,7168,7168,128x256x32_w8_v3,SKIP,BN/WARPS != 16
INT4,LUT,U(-1,1),128,7168,7168,64x64x32_w4_v3,OK,ms=1.092,tflops=12.05,gbps=33.2,maxabs=3.510e-02,p99=1.887e-02,rel=2.556e-04
INT4,BITSHIFT,U(-1,1),128,7168,7168,64x64x32_w4_v3,SKIP,opt only LUT path
INT4,LUT,U(-1,1),128,7168,7168,64x128x32_w4_v3,SKIP,BN/WARPS != 16
INT4,BITSHIFT,U(-1,1),128,7168,7168,64x128x32_w4_v3,SKIP,BN/WARPS != 16
INT4,LUT,U(-1,1),256,7168,7168,16x64x32_w4,OK,ms=5.288,tflops=4.97,gbps=8.2,maxabs=3.903e-02,p99=1.841e-02,rel=2.557e-04
INT4,BITSHIFT,U(-1,1),256,7168,7168,16x64x32_w4,OK,ms=7.369,tflops=3.57,gbps=5.9,maxabs=2.604e-02,p99=1.333e-02,rel=1.863e-04
INT4,LUT,U(-1,1),256,7168,7168,16x128x32_w8,OK,ms=5.363,tflops=4.90,gbps=8.1,maxabs=3.903e-02,p99=1.841e-02,rel=2.557e-04
INT4,BITSHIFT,U(-1,1),256,7168,7168,16x128x32_w8,OK,ms=7.526,tflops=3.50,gbps=5.8,maxabs=2.604e-02,p99=1.333e-02,rel=1.863e-04
INT4,LUT,U(-1,1),256,7168,7168,16x128x32_w4f2,SKIP,BN/WARPS != 16
INT4,BITSHIFT,U(-1,1),256,7168,7168,16x128x32_w4f2,SKIP,BN/WARPS != 16
INT4,LUT,U(-1,1),256,7168,7168,16x256x32_w4f4,SKIP,BN/WARPS != 16
INT4,BITSHIFT,U(-1,1),256,7168,7168,16x256x32_w4f4,SKIP,BN/WARPS != 16
INT4,LUT,U(-1,1),256,7168,7168,128x64x32_w4_v1,SKIP,no template instantiation for this tile
INT4,BITSHIFT,U(-1,1),256,7168,7168,128x64x32_w4_v1,SKIP,opt only LUT path
INT4,LUT,U(-1,1),256,7168,7168,128x128x32_w4_v1,SKIP,BN/WARPS != 16
INT4,BITSHIFT,U(-1,1),256,7168,7168,128x128x32_w4_v1,SKIP,BN/WARPS != 16
INT4,LUT,U(-1,1),256,7168,7168,128x256x32_w4_v1,SKIP,BN/WARPS != 16
INT4,BITSHIFT,U(-1,1),256,7168,7168,128x256x32_w4_v1,SKIP,BN/WARPS != 16
INT4,LUT,U(-1,1),256,7168,7168,128x256x32_w8_v1,SKIP,BN/WARPS != 16
INT4,BITSHIFT,U(-1,1),256,7168,7168,128x256x32_w8_v1,SKIP,BN/WARPS != 16
INT4,LUT,U(-1,1),256,7168,7168,64x64x32_w4_v1,SKIP,no template instantiation for this tile
INT4,BITSHIFT,U(-1,1),256,7168,7168,64x64x32_w4_v1,SKIP,opt only LUT path
INT4,LUT,U(-1,1),256,7168,7168,64x128x32_w4_v1,SKIP,BN/WARPS != 16
INT4,BITSHIFT,U(-1,1),256,7168,7168,64x128x32_w4_v1,SKIP,BN/WARPS != 16
INT4,LUT,U(-1,1),256,7168,7168,128x64x32_w4_v2,OK,ms=1.608,tflops=16.36,gbps=27.1,maxabs=3.903e-02,p99=1.841e-02,rel=2.557e-04
INT4,BITSHIFT,U(-1,1),256,7168,7168,128x64x32_w4_v2,SKIP,opt only LUT path
INT4,LUT,U(-1,1),256,7168,7168,128x128x32_w4_v2,SKIP,BN/WARPS != 16
INT4,BITSHIFT,U(-1,1),256,7168,7168,128x128x32_w4_v2,SKIP,BN/WARPS != 16
INT4,LUT,U(-1,1),256,7168,7168,128x256x32_w4_v2,SKIP,BN/WARPS != 16
INT4,BITSHIFT,U(-1,1),256,7168,7168,128x256x32_w4_v2,SKIP,BN/WARPS != 16
INT4,LUT,U(-1,1),256,7168,7168,128x256x32_w8_v2,SKIP,BN/WARPS != 16
INT4,BITSHIFT,U(-1,1),256,7168,7168,128x256x32_w8_v2,SKIP,BN/WARPS != 16
INT4,LUT,U(-1,1),256,7168,7168,64x64x32_w4_v2,OK,ms=2.434,tflops=10.81,gbps=17.9,maxabs=3.903e-02,p99=1.841e-02,rel=2.557e-04
INT4,BITSHIFT,U(-1,1),256,7168,7168,64x64x32_w4_v2,SKIP,opt only LUT path
INT4,LUT,U(-1,1),256,7168,7168,64x128x32_w4_v2,SKIP,BN/WARPS != 16
INT4,BITSHIFT,U(-1,1),256,7168,7168,64x128x32_w4_v2,SKIP,BN/WARPS != 16
INT4,LUT,U(-1,1),256,7168,7168,128x64x32_w4_v3,OK,ms=1.601,tflops=16.43,gbps=27.2,maxabs=3.903e-02,p99=1.841e-02,rel=2.557e-04
INT4,BITSHIFT,U(-1,1),256,7168,7168,128x64x32_w4_v3,SKIP,opt only LUT path
INT4,LUT,U(-1,1),256,7168,7168,128x128x32_w4_v3,SKIP,BN/WARPS != 16
INT4,BITSHIFT,U(-1,1),256,7168,7168,128x128x32_w4_v3,SKIP,BN/WARPS != 16
INT4,LUT,U(-1,1),256,7168,7168,128x256x32_w8_v3,SKIP,BN/WARPS != 16
INT4,BITSHIFT,U(-1,1),256,7168,7168,128x256x32_w8_v3,SKIP,BN/WARPS != 16
INT4,LUT,U(-1,1),256,7168,7168,64x64x32_w4_v3,OK,ms=2.390,tflops=11.01,gbps=18.2,maxabs=3.903e-02,p99=1.841e-02,rel=2.557e-04
INT4,BITSHIFT,U(-1,1),256,7168,7168,64x64x32_w4_v3,SKIP,opt only LUT path
INT4,LUT,U(-1,1),256,7168,7168,64x128x32_w4_v3,SKIP,BN/WARPS != 16
INT4,BITSHIFT,U(-1,1),256,7168,7168,64x128x32_w4_v3,SKIP,BN/WARPS != 16
INT4,LUT,U(-1,1),512,7168,7168,16x64x32_w4,OK,ms=10.614,tflops=4.96,gbps=5.5,maxabs=3.902e-02,p99=1.870e-02,rel=2.556e-04
INT4,BITSHIFT,U(-1,1),512,7168,7168,16x64x32_w4,OK,ms=14.359,tflops=3.66,gbps=4.1,maxabs=2.781e-02,p99=1.369e-02,rel=1.862e-04
INT4,LUT,U(-1,1),512,7168,7168,16x128x32_w8,OK,ms=10.873,tflops=4.84,gbps=5.4,maxabs=3.902e-02,p99=1.870e-02,rel=2.556e-04
INT4,BITSHIFT,U(-1,1),512,7168,7168,16x128x32_w8,OK,ms=14.849,tflops=3.54,gbps=3.9,maxabs=2.781e-02,p99=1.369e-02,rel=1.862e-04
INT4,LUT,U(-1,1),512,7168,7168,16x128x32_w4f2,SKIP,BN/WARPS != 16
INT4,BITSHIFT,U(-1,1),512,7168,7168,16x128x32_w4f2,SKIP,BN/WARPS != 16
INT4,LUT,U(-1,1),512,7168,7168,16x256x32_w4f4,SKIP,BN/WARPS != 16
INT4,BITSHIFT,U(-1,1),512,7168,7168,16x256x32_w4f4,SKIP,BN/WARPS != 16
INT4,LUT,U(-1,1),512,7168,7168,128x64x32_w4_v1,SKIP,no template instantiation for this tile
INT4,BITSHIFT,U(-1,1),512,7168,7168,128x64x32_w4_v1,SKIP,opt only LUT path
INT4,LUT,U(-1,1),512,7168,7168,128x128x32_w4_v1,SKIP,BN/WARPS != 16
INT4,BITSHIFT,U(-1,1),512,7168,7168,128x128x32_w4_v1,SKIP,BN/WARPS != 16
INT4,LUT,U(-1,1),512,7168,7168,128x256x32_w4_v1,SKIP,BN/WARPS != 16
INT4,BITSHIFT,U(-1,1),512,7168,7168,128x256x32_w4_v1,SKIP,BN/WARPS != 16
INT4,LUT,U(-1,1),512,7168,7168,128x256x32_w8_v1,SKIP,BN/WARPS != 16
INT4,BITSHIFT,U(-1,1),512,7168,7168,128x256x32_w8_v1,SKIP,BN/WARPS != 16
INT4,LUT,U(-1,1),512,7168,7168,64x64x32_w4_v1,SKIP,no template instantiation for this tile
INT4,BITSHIFT,U(-1,1),512,7168,7168,64x64x32_w4_v1,SKIP,opt only LUT path
INT4,LUT,U(-1,1),512,7168,7168,64x128x32_w4_v1,SKIP,BN/WARPS != 16
INT4,BITSHIFT,U(-1,1),512,7168,7168,64x128x32_w4_v1,SKIP,BN/WARPS != 16
INT4,LUT,U(-1,1),512,7168,7168,128x64x32_w4_v2,OK,ms=3.713,tflops=14.17,gbps=15.7,maxabs=3.902e-02,p99=1.870e-02,rel=2.556e-04
INT4,BITSHIFT,U(-1,1),512,7168,7168,128x64x32_w4_v2,SKIP,opt only LUT path
INT4,LUT,U(-1,1),512,7168,7168,128x128x32_w4_v2,SKIP,BN/WARPS != 16
INT4,BITSHIFT,U(-1,1),512,7168,7168,128x128x32_w4_v2,SKIP,BN/WARPS != 16
INT4,LUT,U(-1,1),512,7168,7168,128x256x32_w4_v2,SKIP,BN/WARPS != 16
INT4,BITSHIFT,U(-1,1),512,7168,7168,128x256x32_w4_v2,SKIP,BN/WARPS != 16
INT4,LUT,U(-1,1),512,7168,7168,128x256x32_w8_v2,SKIP,BN/WARPS != 16
INT4,BITSHIFT,U(-1,1),512,7168,7168,128x256x32_w8_v2,SKIP,BN/WARPS != 16
INT4,LUT,U(-1,1),512,7168,7168,64x64x32_w4_v2,OK,ms=3.610,tflops=14.57,gbps=16.1,maxabs=3.902e-02,p99=1.870e-02,rel=2.556e-04
INT4,BITSHIFT,U(-1,1),512,7168,7168,64x64x32_w4_v2,SKIP,opt only LUT path
INT4,LUT,U(-1,1),512,7168,7168,64x128x32_w4_v2,SKIP,BN/WARPS != 16
INT4,BITSHIFT,U(-1,1),512,7168,7168,64x128x32_w4_v2,SKIP,BN/WARPS != 16
INT4,LUT,U(-1,1),512,7168,7168,128x64x32_w4_v3,OK,ms=3.203,tflops=16.43,gbps=18.2,maxabs=3.902e-02,p99=1.870e-02,rel=2.556e-04
INT4,BITSHIFT,U(-1,1),512,7168,7168,128x64x32_w4_v3,SKIP,opt only LUT path
INT4,LUT,U(-1,1),512,7168,7168,128x128x32_w4_v3,SKIP,BN/WARPS != 16
INT4,BITSHIFT,U(-1,1),512,7168,7168,128x128x32_w4_v3,SKIP,BN/WARPS != 16
INT4,LUT,U(-1,1),512,7168,7168,128x256x32_w8_v3,SKIP,BN/WARPS != 16
INT4,BITSHIFT,U(-1,1),512,7168,7168,128x256x32_w8_v3,SKIP,BN/WARPS != 16
INT4,LUT,U(-1,1),512,7168,7168,64x64x32_w4_v3,OK,ms=3.922,tflops=13.41,gbps=14.9,maxabs=3.902e-02,p99=1.870e-02,rel=2.556e-04
INT4,BITSHIFT,U(-1,1),512,7168,7168,64x64x32_w4_v3,SKIP,opt only LUT path
INT4,LUT,U(-1,1),512,7168,7168,64x128x32_w4_v3,SKIP,BN/WARPS != 16
INT4,BITSHIFT,U(-1,1),512,7168,7168,64x128x32_w4_v3,SKIP,BN/WARPS != 16
INT4,LUT,U(-1,1),1024,7168,7168,16x64x32_w4,OK,ms=21.315,tflops=4.94,gbps=4.1,maxabs=3.902e-02,p99=1.859e-02,rel=2.556e-04
INT4,BITSHIFT,U(-1,1),1024,7168,7168,16x64x32_w4,OK,ms=27.713,tflops=3.80,gbps=3.2,maxabs=2.781e-02,p99=1.388e-02,rel=1.860e-04
INT4,LUT,U(-1,1),1024,7168,7168,16x128x32_w8,OK,ms=21.565,tflops=4.88,gbps=4.1,maxabs=3.902e-02,p99=1.859e-02,rel=2.556e-04
INT4,BITSHIFT,U(-1,1),1024,7168,7168,16x128x32_w8,OK,ms=28.103,tflops=3.74,gbps=3.1,maxabs=2.781e-02,p99=1.388e-02,rel=1.860e-04
INT4,LUT,U(-1,1),1024,7168,7168,16x128x32_w4f2,SKIP,BN/WARPS != 16
INT4,BITSHIFT,U(-1,1),1024,7168,7168,16x128x32_w4f2,SKIP,BN/WARPS != 16
INT4,LUT,U(-1,1),1024,7168,7168,16x256x32_w4f4,SKIP,BN/WARPS != 16
INT4,BITSHIFT,U(-1,1),1024,7168,7168,16x256x32_w4f4,SKIP,BN/WARPS != 16
INT4,LUT,U(-1,1),1024,7168,7168,128x64x32_w4_v1,SKIP,no template instantiation for this tile
INT4,BITSHIFT,U(-1,1),1024,7168,7168,128x64x32_w4_v1,SKIP,opt only LUT path
INT4,LUT,U(-1,1),1024,7168,7168,128x128x32_w4_v1,SKIP,BN/WARPS != 16
INT4,BITSHIFT,U(-1,1),1024,7168,7168,128x128x32_w4_v1,SKIP,BN/WARPS != 16
INT4,LUT,U(-1,1),1024,7168,7168,128x256x32_w4_v1,SKIP,BN/WARPS != 16
INT4,BITSHIFT,U(-1,1),1024,7168,7168,128x256x32_w4_v1,SKIP,BN/WARPS != 16
INT4,LUT,U(-1,1),1024,7168,7168,128x256x32_w8_v1,SKIP,BN/WARPS != 16
INT4,BITSHIFT,U(-1,1),1024,7168,7168,128x256x32_w8_v1,SKIP,BN/WARPS != 16
INT4,LUT,U(-1,1),1024,7168,7168,64x64x32_w4_v1,SKIP,no template instantiation for this tile
INT4,BITSHIFT,U(-1,1),1024,7168,7168,64x64x32_w4_v1,SKIP,opt only LUT path
INT4,LUT,U(-1,1),1024,7168,7168,64x128x32_w4_v1,SKIP,BN/WARPS != 16
INT4,BITSHIFT,U(-1,1),1024,7168,7168,64x128x32_w4_v1,SKIP,BN/WARPS != 16
INT4,LUT,U(-1,1),1024,7168,7168,128x64x32_w4_v2,OK,ms=5.498,tflops=19.14,gbps=15.9,maxabs=3.902e-02,p99=1.859e-02,rel=2.556e-04
INT4,BITSHIFT,U(-1,1),1024,7168,7168,128x64x32_w4_v2,SKIP,opt only LUT path
INT4,LUT,U(-1,1),1024,7168,7168,128x128x32_w4_v2,SKIP,BN/WARPS != 16
INT4,BITSHIFT,U(-1,1),1024,7168,7168,128x128x32_w4_v2,SKIP,BN/WARPS != 16
INT4,LUT,U(-1,1),1024,7168,7168,128x256x32_w4_v2,SKIP,BN/WARPS != 16
INT4,BITSHIFT,U(-1,1),1024,7168,7168,128x256x32_w4_v2,SKIP,BN/WARPS != 16
INT4,LUT,U(-1,1),1024,7168,7168,128x256x32_w8_v2,SKIP,BN/WARPS != 16
INT4,BITSHIFT,U(-1,1),1024,7168,7168,128x256x32_w8_v2,SKIP,BN/WARPS != 16
INT4,LUT,U(-1,1),1024,7168,7168,64x64x32_w4_v2,OK,ms=7.220,tflops=14.57,gbps=12.1,maxabs=3.902e-02,p99=1.859e-02,rel=2.556e-04
INT4,BITSHIFT,U(-1,1),1024,7168,7168,64x64x32_w4_v2,SKIP,opt only LUT path
INT4,LUT,U(-1,1),1024,7168,7168,64x128x32_w4_v2,SKIP,BN/WARPS != 16
INT4,BITSHIFT,U(-1,1),1024,7168,7168,64x128x32_w4_v2,SKIP,BN/WARPS != 16
INT4,LUT,U(-1,1),1024,7168,7168,128x64x32_w4_v3,OK,ms=6.356,tflops=16.56,gbps=13.8,maxabs=3.902e-02,p99=1.859e-02,rel=2.556e-04
INT4,BITSHIFT,U(-1,1),1024,7168,7168,128x64x32_w4_v3,SKIP,opt only LUT path
INT4,LUT,U(-1,1),1024,7168,7168,128x128x32_w4_v3,SKIP,BN/WARPS != 16
INT4,BITSHIFT,U(-1,1),1024,7168,7168,128x128x32_w4_v3,SKIP,BN/WARPS != 16
INT4,LUT,U(-1,1),1024,7168,7168,128x256x32_w8_v3,SKIP,BN/WARPS != 16
INT4,BITSHIFT,U(-1,1),1024,7168,7168,128x256x32_w8_v3,SKIP,BN/WARPS != 16
INT4,LUT,U(-1,1),1024,7168,7168,64x64x32_w4_v3,OK,ms=6.640,tflops=15.85,gbps=13.2,maxabs=3.902e-02,p99=1.859e-02,rel=2.556e-04
INT4,BITSHIFT,U(-1,1),1024,7168,7168,64x64x32_w4_v3,SKIP,opt only LUT path
INT4,LUT,U(-1,1),1024,7168,7168,64x128x32_w4_v3,SKIP,BN/WARPS != 16
INT4,BITSHIFT,U(-1,1),1024,7168,7168,64x128x32_w4_v3,SKIP,BN/WARPS != 16
INT4,LUT,U(-1,1),2048,7168,7168,16x64x32_w4,OK,ms=40.896,tflops=5.15,gbps=3.6,maxabs=3.901e-02,p99=1.858e-02,rel=2.555e-04
INT4,BITSHIFT,U(-1,1),2048,7168,7168,16x64x32_w4,OK,ms=55.279,tflops=3.81,gbps=2.6,maxabs=2.781e-02,p99=1.348e-02,rel=1.860e-04
INT4,LUT,U(-1,1),2048,7168,7168,16x128x32_w8,OK,ms=41.370,tflops=5.09,gbps=3.5,maxabs=3.901e-02,p99=1.858e-02,rel=2.555e-04
INT4,BITSHIFT,U(-1,1),2048,7168,7168,16x128x32_w8,OK,ms=56.204,tflops=3.74,gbps=2.6,maxabs=2.781e-02,p99=1.348e-02,rel=1.860e-04
INT4,LUT,U(-1,1),2048,7168,7168,16x128x32_w4f2,SKIP,BN/WARPS != 16
INT4,BITSHIFT,U(-1,1),2048,7168,7168,16x128x32_w4f2,SKIP,BN/WARPS != 16
INT4,LUT,U(-1,1),2048,7168,7168,16x256x32_w4f4,SKIP,BN/WARPS != 16
INT4,BITSHIFT,U(-1,1),2048,7168,7168,16x256x32_w4f4,SKIP,BN/WARPS != 16
INT4,LUT,U(-1,1),2048,7168,7168,128x64x32_w4_v1,SKIP,no template instantiation for this tile
INT4,BITSHIFT,U(-1,1),2048,7168,7168,128x64x32_w4_v1,SKIP,opt only LUT path
INT4,LUT,U(-1,1),2048,7168,7168,128x128x32_w4_v1,SKIP,BN/WARPS != 16
INT4,BITSHIFT,U(-1,1),2048,7168,7168,128x128x32_w4_v1,SKIP,BN/WARPS != 16
INT4,LUT,U(-1,1),2048,7168,7168,128x256x32_w4_v1,SKIP,BN/WARPS != 16
INT4,BITSHIFT,U(-1,1),2048,7168,7168,128x256x32_w4_v1,SKIP,BN/WARPS != 16
INT4,LUT,U(-1,1),2048,7168,7168,128x256x32_w8_v1,SKIP,BN/WARPS != 16
INT4,BITSHIFT,U(-1,1),2048,7168,7168,128x256x32_w8_v1,SKIP,BN/WARPS != 16
INT4,LUT,U(-1,1),2048,7168,7168,64x64x32_w4_v1,SKIP,no template instantiation for this tile
INT4,BITSHIFT,U(-1,1),2048,7168,7168,64x64x32_w4_v1,SKIP,opt only LUT path
INT4,LUT,U(-1,1),2048,7168,7168,64x128x32_w4_v1,SKIP,BN/WARPS != 16
INT4,BITSHIFT,U(-1,1),2048,7168,7168,64x128x32_w4_v1,SKIP,BN/WARPS != 16
INT4,LUT,U(-1,1),2048,7168,7168,128x64x32_w4_v2,OK,ms=10.984,tflops=19.16,gbps=13.3,maxabs=3.901e-02,p99=1.858e-02,rel=2.555e-04
INT4,BITSHIFT,U(-1,1),2048,7168,7168,128x64x32_w4_v2,SKIP,opt only LUT path
INT4,LUT,U(-1,1),2048,7168,7168,128x128x32_w4_v2,SKIP,BN/WARPS != 16
INT4,BITSHIFT,U(-1,1),2048,7168,7168,128x128x32_w4_v2,SKIP,BN/WARPS != 16
INT4,LUT,U(-1,1),2048,7168,7168,128x256x32_w4_v2,SKIP,BN/WARPS != 16
INT4,BITSHIFT,U(-1,1),2048,7168,7168,128x256x32_w4_v2,SKIP,BN/WARPS != 16
INT4,LUT,U(-1,1),2048,7168,7168,128x256x32_w8_v2,SKIP,BN/WARPS != 16
INT4,BITSHIFT,U(-1,1),2048,7168,7168,128x256x32_w8_v2,SKIP,BN/WARPS != 16
INT4,LUT,U(-1,1),2048,7168,7168,64x64x32_w4_v2,OK,ms=14.324,tflops=14.69,gbps=10.2,maxabs=3.901e-02,p99=1.858e-02,rel=2.555e-04
INT4,BITSHIFT,U(-1,1),2048,7168,7168,64x64x32_w4_v2,SKIP,opt only LUT path
INT4,LUT,U(-1,1),2048,7168,7168,64x128x32_w4_v2,SKIP,BN/WARPS != 16
INT4,BITSHIFT,U(-1,1),2048,7168,7168,64x128x32_w4_v2,SKIP,BN/WARPS != 16
INT4,LUT,U(-1,1),2048,7168,7168,128x64x32_w4_v3,OK,ms=12.659,tflops=16.62,gbps=11.6,maxabs=3.901e-02,p99=1.858e-02,rel=2.555e-04
INT4,BITSHIFT,U(-1,1),2048,7168,7168,128x64x32_w4_v3,SKIP,opt only LUT path
INT4,LUT,U(-1,1),2048,7168,7168,128x128x32_w4_v3,SKIP,BN/WARPS != 16
INT4,BITSHIFT,U(-1,1),2048,7168,7168,128x128x32_w4_v3,SKIP,BN/WARPS != 16
INT4,LUT,U(-1,1),2048,7168,7168,128x256x32_w8_v3,SKIP,BN/WARPS != 16
INT4,BITSHIFT,U(-1,1),2048,7168,7168,128x256x32_w8_v3,SKIP,BN/WARPS != 16
INT4,LUT,U(-1,1),2048,7168,7168,64x64x32_w4_v3,OK,ms=11.835,tflops=17.78,gbps=12.4,maxabs=3.901e-02,p99=1.858e-02,rel=2.555e-04
INT4,BITSHIFT,U(-1,1),2048,7168,7168,64x64x32_w4_v3,SKIP,opt only LUT path
INT4,LUT,U(-1,1),2048,7168,7168,64x128x32_w4_v3,SKIP,BN/WARPS != 16
INT4,BITSHIFT,U(-1,1),2048,7168,7168,64x128x32_w4_v3,SKIP,BN/WARPS != 16
MXFP4,LUT,U(-1,1),1,4096,4096,16x64x32_w4,OK,ms=0.645,tflops=0.05,gbps=13.9,maxabs=1.194e-02,p99=9.323e-03,rel=1.840e-04
MXFP4,BITSHIFT,U(-1,1),1,4096,4096,16x64x32_w4,OK,ms=0.735,tflops=0.05,gbps=12.2,maxabs=1.194e-02,p99=9.315e-03,rel=1.840e-04
MXFP4,LUT,U(-1,1),1,4096,4096,16x128x32_w8,OK,ms=0.734,tflops=0.05,gbps=12.2,maxabs=1.194e-02,p99=9.323e-03,rel=1.840e-04
MXFP4,BITSHIFT,U(-1,1),1,4096,4096,16x128x32_w8,OK,ms=0.875,tflops=0.04,gbps=10.2,maxabs=1.194e-02,p99=9.315e-03,rel=1.840e-04
MXFP4,LUT,U(-1,1),1,4096,4096,16x128x32_w4f2,SKIP,BN/WARPS != 16
MXFP4,BITSHIFT,U(-1,1),1,4096,4096,16x128x32_w4f2,SKIP,BN/WARPS != 16
MXFP4,LUT,U(-1,1),1,4096,4096,16x256x32_w4f4,SKIP,BN/WARPS != 16
MXFP4,BITSHIFT,U(-1,1),1,4096,4096,16x256x32_w4f4,SKIP,BN/WARPS != 16
MXFP4,LUT,U(-1,1),1,4096,4096,128x64x32_w4_v1,SKIP,no template
MXFP4,BITSHIFT,U(-1,1),1,4096,4096,128x64x32_w4_v1,SKIP,opt only LUT path
MXFP4,LUT,U(-1,1),1,4096,4096,128x128x32_w4_v1,SKIP,BN/WARPS != 16
MXFP4,BITSHIFT,U(-1,1),1,4096,4096,128x128x32_w4_v1,SKIP,BN/WARPS != 16
MXFP4,LUT,U(-1,1),1,4096,4096,128x256x32_w4_v1,SKIP,BN/WARPS != 16
MXFP4,BITSHIFT,U(-1,1),1,4096,4096,128x256x32_w4_v1,SKIP,BN/WARPS != 16
MXFP4,LUT,U(-1,1),1,4096,4096,128x256x32_w8_v1,SKIP,BN/WARPS != 16
MXFP4,BITSHIFT,U(-1,1),1,4096,4096,128x256x32_w8_v1,SKIP,BN/WARPS != 16
MXFP4,LUT,U(-1,1),1,4096,4096,64x64x32_w4_v1,SKIP,no template
MXFP4,BITSHIFT,U(-1,1),1,4096,4096,64x64x32_w4_v1,SKIP,opt only LUT path
MXFP4,LUT,U(-1,1),1,4096,4096,64x128x32_w4_v1,SKIP,BN/WARPS != 16
MXFP4,BITSHIFT,U(-1,1),1,4096,4096,64x128x32_w4_v1,SKIP,BN/WARPS != 16
MXFP4,LUT,U(-1,1),1,4096,4096,128x64x32_w4_v2,OK,ms=0.592,tflops=0.06,gbps=15.1,maxabs=1.194e-02,p99=9.323e-03,rel=1.840e-04
MXFP4,BITSHIFT,U(-1,1),1,4096,4096,128x64x32_w4_v2,SKIP,opt only LUT path
MXFP4,LUT,U(-1,1),1,4096,4096,128x128x32_w4_v2,SKIP,BN/WARPS != 16
MXFP4,BITSHIFT,U(-1,1),1,4096,4096,128x128x32_w4_v2,SKIP,BN/WARPS != 16
MXFP4,LUT,U(-1,1),1,4096,4096,128x256x32_w4_v2,SKIP,BN/WARPS != 16
MXFP4,BITSHIFT,U(-1,1),1,4096,4096,128x256x32_w4_v2,SKIP,BN/WARPS != 16
MXFP4,LUT,U(-1,1),1,4096,4096,128x256x32_w8_v2,SKIP,BN/WARPS != 16
MXFP4,BITSHIFT,U(-1,1),1,4096,4096,128x256x32_w8_v2,SKIP,BN/WARPS != 16
MXFP4,LUT,U(-1,1),1,4096,4096,64x64x32_w4_v2,OK,ms=0.475,tflops=0.07,gbps=18.8,maxabs=1.194e-02,p99=9.323e-03,rel=1.840e-04
MXFP4,BITSHIFT,U(-1,1),1,4096,4096,64x64x32_w4_v2,SKIP,opt only LUT path
MXFP4,LUT,U(-1,1),1,4096,4096,64x128x32_w4_v2,SKIP,BN/WARPS != 16
MXFP4,BITSHIFT,U(-1,1),1,4096,4096,64x128x32_w4_v2,SKIP,BN/WARPS != 16
MXFP4,LUT,U(-1,1),1,4096,4096,128x64x32_w4_v3,OK,ms=0.382,tflops=0.09,gbps=23.4,maxabs=1.194e-02,p99=9.323e-03,rel=1.840e-04
MXFP4,BITSHIFT,U(-1,1),1,4096,4096,128x64x32_w4_v3,SKIP,opt only LUT path
MXFP4,LUT,U(-1,1),1,4096,4096,128x128x32_w4_v3,SKIP,BN/WARPS != 16
MXFP4,BITSHIFT,U(-1,1),1,4096,4096,128x128x32_w4_v3,SKIP,BN/WARPS != 16
MXFP4,LUT,U(-1,1),1,4096,4096,128x256x32_w8_v3,SKIP,BN/WARPS != 16
MXFP4,BITSHIFT,U(-1,1),1,4096,4096,128x256x32_w8_v3,SKIP,BN/WARPS != 16
MXFP4,LUT,U(-1,1),1,4096,4096,64x64x32_w4_v3,OK,ms=0.261,tflops=0.13,gbps=34.3,maxabs=1.194e-02,p99=9.323e-03,rel=1.840e-04
MXFP4,BITSHIFT,U(-1,1),1,4096,4096,64x64x32_w4_v3,SKIP,opt only LUT path
MXFP4,LUT,U(-1,1),1,4096,4096,64x128x32_w4_v3,SKIP,BN/WARPS != 16
MXFP4,BITSHIFT,U(-1,1),1,4096,4096,64x128x32_w4_v3,SKIP,BN/WARPS != 16
MXFP4,LUT,U(-1,1),16,4096,4096,16x64x32_w4,OK,ms=0.670,tflops=0.80,gbps=14.1,maxabs=1.548e-02,p99=9.417e-03,rel=1.858e-04
MXFP4,BITSHIFT,U(-1,1),16,4096,4096,16x64x32_w4,OK,ms=0.814,tflops=0.66,gbps=11.6,maxabs=1.549e-02,p99=9.416e-03,rel=1.858e-04
MXFP4,LUT,U(-1,1),16,4096,4096,16x128x32_w8,OK,ms=0.790,tflops=0.68,gbps=11.9,maxabs=1.548e-02,p99=9.417e-03,rel=1.858e-04
MXFP4,BITSHIFT,U(-1,1),16,4096,4096,16x128x32_w8,OK,ms=1.066,tflops=0.50,gbps=8.9,maxabs=1.549e-02,p99=9.416e-03,rel=1.858e-04
MXFP4,LUT,U(-1,1),16,4096,4096,16x128x32_w4f2,SKIP,BN/WARPS != 16
MXFP4,BITSHIFT,U(-1,1),16,4096,4096,16x128x32_w4f2,SKIP,BN/WARPS != 16
MXFP4,LUT,U(-1,1),16,4096,4096,16x256x32_w4f4,SKIP,BN/WARPS != 16
MXFP4,BITSHIFT,U(-1,1),16,4096,4096,16x256x32_w4f4,SKIP,BN/WARPS != 16
MXFP4,LUT,U(-1,1),16,4096,4096,128x64x32_w4_v1,SKIP,no template
MXFP4,BITSHIFT,U(-1,1),16,4096,4096,128x64x32_w4_v1,SKIP,opt only LUT path
MXFP4,LUT,U(-1,1),16,4096,4096,128x128x32_w4_v1,SKIP,BN/WARPS != 16
MXFP4,BITSHIFT,U(-1,1),16,4096,4096,128x128x32_w4_v1,SKIP,BN/WARPS != 16
MXFP4,LUT,U(-1,1),16,4096,4096,128x256x32_w4_v1,SKIP,BN/WARPS != 16
MXFP4,BITSHIFT,U(-1,1),16,4096,4096,128x256x32_w4_v1,SKIP,BN/WARPS != 16
MXFP4,LUT,U(-1,1),16,4096,4096,128x256x32_w8_v1,SKIP,BN/WARPS != 16
MXFP4,BITSHIFT,U(-1,1),16,4096,4096,128x256x32_w8_v1,SKIP,BN/WARPS != 16
MXFP4,LUT,U(-1,1),16,4096,4096,64x64x32_w4_v1,SKIP,no template
MXFP4,BITSHIFT,U(-1,1),16,4096,4096,64x64x32_w4_v1,SKIP,opt only LUT path
MXFP4,LUT,U(-1,1),16,4096,4096,64x128x32_w4_v1,SKIP,BN/WARPS != 16
MXFP4,BITSHIFT,U(-1,1),16,4096,4096,64x128x32_w4_v1,SKIP,BN/WARPS != 16
MXFP4,LUT,U(-1,1),16,4096,4096,128x64x32_w4_v2,OK,ms=0.616,tflops=0.87,gbps=15.3,maxabs=1.548e-02,p99=9.417e-03,rel=1.858e-04
MXFP4,BITSHIFT,U(-1,1),16,4096,4096,128x64x32_w4_v2,SKIP,opt only LUT path
MXFP4,LUT,U(-1,1),16,4096,4096,128x128x32_w4_v2,SKIP,BN/WARPS != 16
MXFP4,BITSHIFT,U(-1,1),16,4096,4096,128x128x32_w4_v2,SKIP,BN/WARPS != 16
MXFP4,LUT,U(-1,1),16,4096,4096,128x256x32_w4_v2,SKIP,BN/WARPS != 16
MXFP4,BITSHIFT,U(-1,1),16,4096,4096,128x256x32_w4_v2,SKIP,BN/WARPS != 16
MXFP4,LUT,U(-1,1),16,4096,4096,128x256x32_w8_v2,SKIP,BN/WARPS != 16
MXFP4,BITSHIFT,U(-1,1),16,4096,4096,128x256x32_w8_v2,SKIP,BN/WARPS != 16
MXFP4,LUT,U(-1,1),16,4096,4096,64x64x32_w4_v2,OK,ms=0.491,tflops=1.09,gbps=19.2,maxabs=1.548e-02,p99=9.417e-03,rel=1.858e-04
MXFP4,BITSHIFT,U(-1,1),16,4096,4096,64x64x32_w4_v2,SKIP,opt only LUT path
MXFP4,LUT,U(-1,1),16,4096,4096,64x128x32_w4_v2,SKIP,BN/WARPS != 16
MXFP4,BITSHIFT,U(-1,1),16,4096,4096,64x128x32_w4_v2,SKIP,BN/WARPS != 16
MXFP4,LUT,U(-1,1),16,4096,4096,128x64x32_w4_v3,OK,ms=0.408,tflops=1.31,gbps=23.1,maxabs=1.548e-02,p99=9.417e-03,rel=1.858e-04
MXFP4,BITSHIFT,U(-1,1),16,4096,4096,128x64x32_w4_v3,SKIP,opt only LUT path
MXFP4,LUT,U(-1,1),16,4096,4096,128x128x32_w4_v3,SKIP,BN/WARPS != 16
MXFP4,BITSHIFT,U(-1,1),16,4096,4096,128x128x32_w4_v3,SKIP,BN/WARPS != 16
MXFP4,LUT,U(-1,1),16,4096,4096,128x256x32_w8_v3,SKIP,BN/WARPS != 16
MXFP4,BITSHIFT,U(-1,1),16,4096,4096,128x256x32_w8_v3,SKIP,BN/WARPS != 16
MXFP4,LUT,U(-1,1),16,4096,4096,64x64x32_w4_v3,OK,ms=0.288,tflops=1.86,gbps=32.7,maxabs=1.548e-02,p99=9.417e-03,rel=1.858e-04
MXFP4,BITSHIFT,U(-1,1),16,4096,4096,64x64x32_w4_v3,SKIP,opt only LUT path
MXFP4,LUT,U(-1,1),16,4096,4096,64x128x32_w4_v3,SKIP,BN/WARPS != 16
MXFP4,BITSHIFT,U(-1,1),16,4096,4096,64x128x32_w4_v3,SKIP,BN/WARPS != 16
MXFP4,LUT,U(-1,1),64,4096,4096,16x64x32_w4,OK,ms=0.799,tflops=2.69,gbps=13.8,maxabs=1.873e-02,p99=9.468e-03,rel=1.852e-04
MXFP4,BITSHIFT,U(-1,1),64,4096,4096,16x64x32_w4,OK,ms=1.129,tflops=1.90,gbps=9.8,maxabs=1.873e-02,p99=9.464e-03,rel=1.852e-04
MXFP4,LUT,U(-1,1),64,4096,4096,16x128x32_w8,OK,ms=0.828,tflops=2.59,gbps=13.3,maxabs=1.873e-02,p99=9.468e-03,rel=1.852e-04
MXFP4,BITSHIFT,U(-1,1),64,4096,4096,16x128x32_w8,OK,ms=1.259,tflops=1.71,gbps=8.7,maxabs=1.873e-02,p99=9.464e-03,rel=1.852e-04
MXFP4,LUT,U(-1,1),64,4096,4096,16x128x32_w4f2,SKIP,BN/WARPS != 16
MXFP4,BITSHIFT,U(-1,1),64,4096,4096,16x128x32_w4f2,SKIP,BN/WARPS != 16
MXFP4,LUT,U(-1,1),64,4096,4096,16x256x32_w4f4,SKIP,BN/WARPS != 16
MXFP4,BITSHIFT,U(-1,1),64,4096,4096,16x256x32_w4f4,SKIP,BN/WARPS != 16
MXFP4,LUT,U(-1,1),64,4096,4096,128x64x32_w4_v1,SKIP,no template
MXFP4,BITSHIFT,U(-1,1),64,4096,4096,128x64x32_w4_v1,SKIP,opt only LUT path
MXFP4,LUT,U(-1,1),64,4096,4096,128x128x32_w4_v1,SKIP,BN/WARPS != 16
MXFP4,BITSHIFT,U(-1,1),64,4096,4096,128x128x32_w4_v1,SKIP,BN/WARPS != 16
MXFP4,LUT,U(-1,1),64,4096,4096,128x256x32_w4_v1,SKIP,BN/WARPS != 16
MXFP4,BITSHIFT,U(-1,1),64,4096,4096,128x256x32_w4_v1,SKIP,BN/WARPS != 16
MXFP4,LUT,U(-1,1),64,4096,4096,128x256x32_w8_v1,SKIP,BN/WARPS != 16
MXFP4,BITSHIFT,U(-1,1),64,4096,4096,128x256x32_w8_v1,SKIP,BN/WARPS != 16
MXFP4,LUT,U(-1,1),64,4096,4096,64x64x32_w4_v1,SKIP,no template
MXFP4,BITSHIFT,U(-1,1),64,4096,4096,64x64x32_w4_v1,SKIP,opt only LUT path
MXFP4,LUT,U(-1,1),64,4096,4096,64x128x32_w4_v1,SKIP,BN/WARPS != 16
MXFP4,BITSHIFT,U(-1,1),64,4096,4096,64x128x32_w4_v1,SKIP,BN/WARPS != 16
MXFP4,LUT,U(-1,1),64,4096,4096,128x64x32_w4_v2,OK,ms=0.637,tflops=3.37,gbps=17.3,maxabs=1.873e-02,p99=9.468e-03,rel=1.852e-04
MXFP4,BITSHIFT,U(-1,1),64,4096,4096,128x64x32_w4_v2,SKIP,opt only LUT path
MXFP4,LUT,U(-1,1),64,4096,4096,128x128x32_w4_v2,SKIP,BN/WARPS != 16
MXFP4,BITSHIFT,U(-1,1),64,4096,4096,128x128x32_w4_v2,SKIP,BN/WARPS != 16
MXFP4,LUT,U(-1,1),64,4096,4096,128x256x32_w4_v2,SKIP,BN/WARPS != 16
MXFP4,BITSHIFT,U(-1,1),64,4096,4096,128x256x32_w4_v2,SKIP,BN/WARPS != 16
MXFP4,LUT,U(-1,1),64,4096,4096,128x256x32_w8_v2,SKIP,BN/WARPS != 16
MXFP4,BITSHIFT,U(-1,1),64,4096,4096,128x256x32_w8_v2,SKIP,BN/WARPS != 16
MXFP4,LUT,U(-1,1),64,4096,4096,64x64x32_w4_v2,OK,ms=0.511,tflops=4.20,gbps=21.5,maxabs=1.873e-02,p99=9.468e-03,rel=1.852e-04
MXFP4,BITSHIFT,U(-1,1),64,4096,4096,64x64x32_w4_v2,SKIP,opt only LUT path
MXFP4,LUT,U(-1,1),64,4096,4096,64x128x32_w4_v2,SKIP,BN/WARPS != 16
MXFP4,BITSHIFT,U(-1,1),64,4096,4096,64x128x32_w4_v2,SKIP,BN/WARPS != 16
MXFP4,LUT,U(-1,1),64,4096,4096,128x64x32_w4_v3,OK,ms=0.430,tflops=4.99,gbps=25.6,maxabs=1.873e-02,p99=9.468e-03,rel=1.852e-04
MXFP4,BITSHIFT,U(-1,1),64,4096,4096,128x64x32_w4_v3,SKIP,opt only LUT path
MXFP4,LUT,U(-1,1),64,4096,4096,128x128x32_w4_v3,SKIP,BN/WARPS != 16
MXFP4,BITSHIFT,U(-1,1),64,4096,4096,128x128x32_w4_v3,SKIP,BN/WARPS != 16
MXFP4,LUT,U(-1,1),64,4096,4096,128x256x32_w8_v3,SKIP,BN/WARPS != 16
MXFP4,BITSHIFT,U(-1,1),64,4096,4096,128x256x32_w8_v3,SKIP,BN/WARPS != 16
MXFP4,LUT,U(-1,1),64,4096,4096,64x64x32_w4_v3,OK,ms=0.312,tflops=6.88,gbps=35.3,maxabs=1.873e-02,p99=9.468e-03,rel=1.852e-04
MXFP4,BITSHIFT,U(-1,1),64,4096,4096,64x64x32_w4_v3,SKIP,opt only LUT path
MXFP4,LUT,U(-1,1),64,4096,4096,64x128x32_w4_v3,SKIP,BN/WARPS != 16
MXFP4,BITSHIFT,U(-1,1),64,4096,4096,64x128x32_w4_v3,SKIP,BN/WARPS != 16
MXFP4,LUT,U(-1,1),128,4096,4096,16x64x32_w4,OK,ms=1.007,tflops=4.26,gbps=13.0,maxabs=1.872e-02,p99=9.602e-03,rel=1.852e-04
MXFP4,BITSHIFT,U(-1,1),128,4096,4096,16x64x32_w4,OK,ms=1.537,tflops=2.79,gbps=8.5,maxabs=1.872e-02,p99=9.604e-03,rel=1.852e-04
MXFP4,LUT,U(-1,1),128,4096,4096,16x128x32_w8,OK,ms=1.118,tflops=3.84,gbps=11.7,maxabs=1.872e-02,p99=9.602e-03,rel=1.852e-04
MXFP4,BITSHIFT,U(-1,1),128,4096,4096,16x128x32_w8,OK,ms=1.823,tflops=2.36,gbps=7.2,maxabs=1.872e-02,p99=9.604e-03,rel=1.852e-04
MXFP4,LUT,U(-1,1),128,4096,4096,16x128x32_w4f2,SKIP,BN/WARPS != 16
MXFP4,BITSHIFT,U(-1,1),128,4096,4096,16x128x32_w4f2,SKIP,BN/WARPS != 16
MXFP4,LUT,U(-1,1),128,4096,4096,16x256x32_w4f4,SKIP,BN/WARPS != 16
MXFP4,BITSHIFT,U(-1,1),128,4096,4096,16x256x32_w4f4,SKIP,BN/WARPS != 16
MXFP4,LUT,U(-1,1),128,4096,4096,128x64x32_w4_v1,SKIP,no template
MXFP4,BITSHIFT,U(-1,1),128,4096,4096,128x64x32_w4_v1,SKIP,opt only LUT path
MXFP4,LUT,U(-1,1),128,4096,4096,128x128x32_w4_v1,SKIP,BN/WARPS != 16
MXFP4,BITSHIFT,U(-1,1),128,4096,4096,128x128x32_w4_v1,SKIP,BN/WARPS != 16
MXFP4,LUT,U(-1,1),128,4096,4096,128x256x32_w4_v1,SKIP,BN/WARPS != 16
MXFP4,BITSHIFT,U(-1,1),128,4096,4096,128x256x32_w4_v1,SKIP,BN/WARPS != 16
MXFP4,LUT,U(-1,1),128,4096,4096,128x256x32_w8_v1,SKIP,BN/WARPS != 16
MXFP4,BITSHIFT,U(-1,1),128,4096,4096,128x256x32_w8_v1,SKIP,BN/WARPS != 16
MXFP4,LUT,U(-1,1),128,4096,4096,64x64x32_w4_v1,SKIP,no template
MXFP4,BITSHIFT,U(-1,1),128,4096,4096,64x64x32_w4_v1,SKIP,opt only LUT path
MXFP4,LUT,U(-1,1),128,4096,4096,64x128x32_w4_v1,SKIP,BN/WARPS != 16
MXFP4,BITSHIFT,U(-1,1),128,4096,4096,64x128x32_w4_v1,SKIP,BN/WARPS != 16
MXFP4,LUT,U(-1,1),128,4096,4096,128x64x32_w4_v2,OK,ms=0.693,tflops=6.20,gbps=18.9,maxabs=1.872e-02,p99=9.602e-03,rel=1.852e-04
MXFP4,BITSHIFT,U(-1,1),128,4096,4096,128x64x32_w4_v2,SKIP,opt only LUT path
MXFP4,LUT,U(-1,1),128,4096,4096,128x128x32_w4_v2,SKIP,BN/WARPS != 16
MXFP4,BITSHIFT,U(-1,1),128,4096,4096,128x128x32_w4_v2,SKIP,BN/WARPS != 16
MXFP4,LUT,U(-1,1),128,4096,4096,128x256x32_w4_v2,SKIP,BN/WARPS != 16
MXFP4,BITSHIFT,U(-1,1),128,4096,4096,128x256x32_w4_v2,SKIP,BN/WARPS != 16
MXFP4,LUT,U(-1,1),128,4096,4096,128x256x32_w8_v2,SKIP,BN/WARPS != 16
MXFP4,BITSHIFT,U(-1,1),128,4096,4096,128x256x32_w8_v2,SKIP,BN/WARPS != 16
MXFP4,LUT,U(-1,1),128,4096,4096,64x64x32_w4_v2,OK,ms=0.580,tflops=7.41,gbps=22.6,maxabs=1.872e-02,p99=9.602e-03,rel=1.852e-04
MXFP4,BITSHIFT,U(-1,1),128,4096,4096,64x64x32_w4_v2,SKIP,opt only LUT path
MXFP4,LUT,U(-1,1),128,4096,4096,64x128x32_w4_v2,SKIP,BN/WARPS != 16
MXFP4,BITSHIFT,U(-1,1),128,4096,4096,64x128x32_w4_v2,SKIP,BN/WARPS != 16
MXFP4,LUT,U(-1,1),128,4096,4096,128x64x32_w4_v3,OK,ms=0.491,tflops=8.74,gbps=26.7,maxabs=1.872e-02,p99=9.602e-03,rel=1.852e-04
MXFP4,BITSHIFT,U(-1,1),128,4096,4096,128x64x32_w4_v3,SKIP,opt only LUT path
MXFP4,LUT,U(-1,1),128,4096,4096,128x128x32_w4_v3,SKIP,BN/WARPS != 16
MXFP4,BITSHIFT,U(-1,1),128,4096,4096,128x128x32_w4_v3,SKIP,BN/WARPS != 16
MXFP4,LUT,U(-1,1),128,4096,4096,128x256x32_w8_v3,SKIP,BN/WARPS != 16
MXFP4,BITSHIFT,U(-1,1),128,4096,4096,128x256x32_w8_v3,SKIP,BN/WARPS != 16
MXFP4,LUT,U(-1,1),128,4096,4096,64x64x32_w4_v3,OK,ms=0.373,tflops=11.50,gbps=35.1,maxabs=1.872e-02,p99=9.602e-03,rel=1.852e-04
MXFP4,BITSHIFT,U(-1,1),128,4096,4096,64x64x32_w4_v3,SKIP,opt only LUT path
MXFP4,LUT,U(-1,1),128,4096,4096,64x128x32_w4_v3,SKIP,BN/WARPS != 16
MXFP4,BITSHIFT,U(-1,1),128,4096,4096,64x128x32_w4_v3,SKIP,BN/WARPS != 16
MXFP4,LUT,U(-1,1),256,4096,4096,16x64x32_w4,OK,ms=2.126,tflops=4.04,gbps=8.1,maxabs=1.872e-02,p99=9.347e-03,rel=1.849e-04
MXFP4,BITSHIFT,U(-1,1),256,4096,4096,16x64x32_w4,OK,ms=3.380,tflops=2.54,gbps=5.1,maxabs=1.872e-02,p99=9.344e-03,rel=1.849e-04
MXFP4,LUT,U(-1,1),256,4096,4096,16x128x32_w8,OK,ms=2.251,tflops=3.82,gbps=7.7,maxabs=1.872e-02,p99=9.347e-03,rel=1.849e-04
MXFP4,BITSHIFT,U(-1,1),256,4096,4096,16x128x32_w8,OK,ms=3.663,tflops=2.34,gbps=4.7,maxabs=1.872e-02,p99=9.344e-03,rel=1.849e-04
MXFP4,LUT,U(-1,1),256,4096,4096,16x128x32_w4f2,SKIP,BN/WARPS != 16
MXFP4,BITSHIFT,U(-1,1),256,4096,4096,16x128x32_w4f2,SKIP,BN/WARPS != 16
MXFP4,LUT,U(-1,1),256,4096,4096,16x256x32_w4f4,SKIP,BN/WARPS != 16
MXFP4,BITSHIFT,U(-1,1),256,4096,4096,16x256x32_w4f4,SKIP,BN/WARPS != 16
MXFP4,LUT,U(-1,1),256,4096,4096,128x64x32_w4_v1,SKIP,no template
MXFP4,BITSHIFT,U(-1,1),256,4096,4096,128x64x32_w4_v1,SKIP,opt only LUT path
MXFP4,LUT,U(-1,1),256,4096,4096,128x128x32_w4_v1,SKIP,BN/WARPS != 16
MXFP4,BITSHIFT,U(-1,1),256,4096,4096,128x128x32_w4_v1,SKIP,BN/WARPS != 16
MXFP4,LUT,U(-1,1),256,4096,4096,128x256x32_w4_v1,SKIP,BN/WARPS != 16
MXFP4,BITSHIFT,U(-1,1),256,4096,4096,128x256x32_w4_v1,SKIP,BN/WARPS != 16
MXFP4,LUT,U(-1,1),256,4096,4096,128x256x32_w8_v1,SKIP,BN/WARPS != 16
MXFP4,BITSHIFT,U(-1,1),256,4096,4096,128x256x32_w8_v1,SKIP,BN/WARPS != 16
MXFP4,LUT,U(-1,1),256,4096,4096,64x64x32_w4_v1,SKIP,no template
MXFP4,BITSHIFT,U(-1,1),256,4096,4096,64x64x32_w4_v1,SKIP,opt only LUT path
MXFP4,LUT,U(-1,1),256,4096,4096,64x128x32_w4_v1,SKIP,BN/WARPS != 16
MXFP4,BITSHIFT,U(-1,1),256,4096,4096,64x128x32_w4_v1,SKIP,BN/WARPS != 16
MXFP4,LUT,U(-1,1),256,4096,4096,128x64x32_w4_v2,OK,ms=0.836,tflops=10.28,gbps=20.7,maxabs=1.872e-02,p99=9.347e-03,rel=1.849e-04
MXFP4,BITSHIFT,U(-1,1),256,4096,4096,128x64x32_w4_v2,SKIP,opt only LUT path
MXFP4,LUT,U(-1,1),256,4096,4096,128x128x32_w4_v2,SKIP,BN/WARPS != 16
MXFP4,BITSHIFT,U(-1,1),256,4096,4096,128x128x32_w4_v2,SKIP,BN/WARPS != 16
MXFP4,LUT,U(-1,1),256,4096,4096,128x256x32_w4_v2,SKIP,BN/WARPS != 16
MXFP4,BITSHIFT,U(-1,1),256,4096,4096,128x256x32_w4_v2,SKIP,BN/WARPS != 16
MXFP4,LUT,U(-1,1),256,4096,4096,128x256x32_w8_v2,SKIP,BN/WARPS != 16
MXFP4,BITSHIFT,U(-1,1),256,4096,4096,128x256x32_w8_v2,SKIP,BN/WARPS != 16
MXFP4,LUT,U(-1,1),256,4096,4096,64x64x32_w4_v2,OK,ms=0.716,tflops=11.99,gbps=24.2,maxabs=1.872e-02,p99=9.347e-03,rel=1.849e-04
MXFP4,BITSHIFT,U(-1,1),256,4096,4096,64x64x32_w4_v2,SKIP,opt only LUT path
MXFP4,LUT,U(-1,1),256,4096,4096,64x128x32_w4_v2,SKIP,BN/WARPS != 16
MXFP4,BITSHIFT,U(-1,1),256,4096,4096,64x128x32_w4_v2,SKIP,BN/WARPS != 16
MXFP4,LUT,U(-1,1),256,4096,4096,128x64x32_w4_v3,OK,ms=0.618,tflops=13.89,gbps=28.0,maxabs=1.872e-02,p99=9.347e-03,rel=1.849e-04
MXFP4,BITSHIFT,U(-1,1),256,4096,4096,128x64x32_w4_v3,SKIP,opt only LUT path
MXFP4,LUT,U(-1,1),256,4096,4096,128x128x32_w4_v3,SKIP,BN/WARPS != 16
MXFP4,BITSHIFT,U(-1,1),256,4096,4096,128x128x32_w4_v3,SKIP,BN/WARPS != 16
MXFP4,LUT,U(-1,1),256,4096,4096,128x256x32_w8_v3,SKIP,BN/WARPS != 16
MXFP4,BITSHIFT,U(-1,1),256,4096,4096,128x256x32_w8_v3,SKIP,BN/WARPS != 16
MXFP4,LUT,U(-1,1),256,4096,4096,64x64x32_w4_v3,OK,ms=0.607,tflops=14.14,gbps=28.5,maxabs=1.872e-02,p99=9.347e-03,rel=1.849e-04
MXFP4,BITSHIFT,U(-1,1),256,4096,4096,64x64x32_w4_v3,SKIP,opt only LUT path
MXFP4,LUT,U(-1,1),256,4096,4096,64x128x32_w4_v3,SKIP,BN/WARPS != 16
MXFP4,BITSHIFT,U(-1,1),256,4096,4096,64x128x32_w4_v3,SKIP,BN/WARPS != 16
MXFP4,LUT,U(-1,1),512,4096,4096,16x64x32_w4,OK,ms=3.598,tflops=4.77,gbps=7.1,maxabs=1.873e-02,p99=9.374e-03,rel=1.848e-04
MXFP4,BITSHIFT,U(-1,1),512,4096,4096,16x64x32_w4,OK,ms=6.261,tflops=2.74,gbps=4.1,maxabs=1.873e-02,p99=9.375e-03,rel=1.848e-04
MXFP4,LUT,U(-1,1),512,4096,4096,16x128x32_w8,OK,ms=4.319,tflops=3.98,gbps=5.9,maxabs=1.873e-02,p99=9.374e-03,rel=1.848e-04
MXFP4,BITSHIFT,U(-1,1),512,4096,4096,16x128x32_w8,OK,ms=6.916,tflops=2.48,gbps=3.7,maxabs=1.873e-02,p99=9.375e-03,rel=1.848e-04
MXFP4,LUT,U(-1,1),512,4096,4096,16x128x32_w4f2,SKIP,BN/WARPS != 16
MXFP4,BITSHIFT,U(-1,1),512,4096,4096,16x128x32_w4f2,SKIP,BN/WARPS != 16
MXFP4,LUT,U(-1,1),512,4096,4096,16x256x32_w4f4,SKIP,BN/WARPS != 16
MXFP4,BITSHIFT,U(-1,1),512,4096,4096,16x256x32_w4f4,SKIP,BN/WARPS != 16
MXFP4,LUT,U(-1,1),512,4096,4096,128x64x32_w4_v1,SKIP,no template
MXFP4,BITSHIFT,U(-1,1),512,4096,4096,128x64x32_w4_v1,SKIP,opt only LUT path
MXFP4,LUT,U(-1,1),512,4096,4096,128x128x32_w4_v1,SKIP,BN/WARPS != 16
MXFP4,BITSHIFT,U(-1,1),512,4096,4096,128x128x32_w4_v1,SKIP,BN/WARPS != 16
MXFP4,LUT,U(-1,1),512,4096,4096,128x256x32_w4_v1,SKIP,BN/WARPS != 16
MXFP4,BITSHIFT,U(-1,1),512,4096,4096,128x256x32_w4_v1,SKIP,BN/WARPS != 16
MXFP4,LUT,U(-1,1),512,4096,4096,128x256x32_w8_v1,SKIP,BN/WARPS != 16
MXFP4,BITSHIFT,U(-1,1),512,4096,4096,128x256x32_w8_v1,SKIP,BN/WARPS != 16
MXFP4,LUT,U(-1,1),512,4096,4096,64x64x32_w4_v1,SKIP,no template
MXFP4,BITSHIFT,U(-1,1),512,4096,4096,64x64x32_w4_v1,SKIP,opt only LUT path
MXFP4,LUT,U(-1,1),512,4096,4096,64x128x32_w4_v1,SKIP,BN/WARPS != 16
MXFP4,BITSHIFT,U(-1,1),512,4096,4096,64x128x32_w4_v1,SKIP,BN/WARPS != 16
MXFP4,LUT,U(-1,1),512,4096,4096,128x64x32_w4_v2,OK,ms=1.079,tflops=15.92,gbps=23.8,maxabs=1.873e-02,p99=9.374e-03,rel=1.848e-04
MXFP4,BITSHIFT,U(-1,1),512,4096,4096,128x64x32_w4_v2,SKIP,opt only LUT path
MXFP4,LUT,U(-1,1),512,4096,4096,128x128x32_w4_v2,SKIP,BN/WARPS != 16
MXFP4,BITSHIFT,U(-1,1),512,4096,4096,128x128x32_w4_v2,SKIP,BN/WARPS != 16
MXFP4,LUT,U(-1,1),512,4096,4096,128x256x32_w4_v2,SKIP,BN/WARPS != 16
MXFP4,BITSHIFT,U(-1,1),512,4096,4096,128x256x32_w4_v2,SKIP,BN/WARPS != 16
MXFP4,LUT,U(-1,1),512,4096,4096,128x256x32_w8_v2,SKIP,BN/WARPS != 16
MXFP4,BITSHIFT,U(-1,1),512,4096,4096,128x256x32_w8_v2,SKIP,BN/WARPS != 16
MXFP4,LUT,U(-1,1),512,4096,4096,64x64x32_w4_v2,OK,ms=1.426,tflops=12.05,gbps=18.0,maxabs=1.873e-02,p99=9.374e-03,rel=1.848e-04
MXFP4,BITSHIFT,U(-1,1),512,4096,4096,64x64x32_w4_v2,SKIP,opt only LUT path
MXFP4,LUT,U(-1,1),512,4096,4096,64x128x32_w4_v2,SKIP,BN/WARPS != 16
MXFP4,BITSHIFT,U(-1,1),512,4096,4096,64x128x32_w4_v2,SKIP,BN/WARPS != 16
MXFP4,LUT,U(-1,1),512,4096,4096,128x64x32_w4_v3,OK,ms=1.540,tflops=11.16,gbps=16.7,maxabs=1.873e-02,p99=9.374e-03,rel=1.848e-04
MXFP4,BITSHIFT,U(-1,1),512,4096,4096,128x64x32_w4_v3,SKIP,opt only LUT path
MXFP4,LUT,U(-1,1),512,4096,4096,128x128x32_w4_v3,SKIP,BN/WARPS != 16
MXFP4,BITSHIFT,U(-1,1),512,4096,4096,128x128x32_w4_v3,SKIP,BN/WARPS != 16
MXFP4,LUT,U(-1,1),512,4096,4096,128x256x32_w8_v3,SKIP,BN/WARPS != 16
MXFP4,BITSHIFT,U(-1,1),512,4096,4096,128x256x32_w8_v3,SKIP,BN/WARPS != 16
MXFP4,LUT,U(-1,1),512,4096,4096,64x64x32_w4_v3,OK,ms=1.204,tflops=14.26,gbps=21.3,maxabs=1.873e-02,p99=9.374e-03,rel=1.848e-04
MXFP4,BITSHIFT,U(-1,1),512,4096,4096,64x64x32_w4_v3,SKIP,opt only LUT path
MXFP4,LUT,U(-1,1),512,4096,4096,64x128x32_w4_v3,SKIP,BN/WARPS != 16
MXFP4,BITSHIFT,U(-1,1),512,4096,4096,64x128x32_w4_v3,SKIP,BN/WARPS != 16
MXFP4,LUT,U(-1,1),1024,4096,4096,16x64x32_w4,OK,ms=7.220,tflops=4.76,gbps=5.9,maxabs=1.874e-02,p99=9.239e-03,rel=1.847e-04
MXFP4,BITSHIFT,U(-1,1),1024,4096,4096,16x64x32_w4,OK,ms=11.801,tflops=2.91,gbps=3.6,maxabs=1.874e-02,p99=9.237e-03,rel=1.847e-04
MXFP4,LUT,U(-1,1),1024,4096,4096,16x128x32_w8,OK,ms=7.843,tflops=4.38,gbps=5.4,maxabs=1.874e-02,p99=9.239e-03,rel=1.847e-04
MXFP4,BITSHIFT,U(-1,1),1024,4096,4096,16x128x32_w8,OK,ms=12.875,tflops=2.67,gbps=3.3,maxabs=1.874e-02,p99=9.237e-03,rel=1.847e-04
MXFP4,LUT,U(-1,1),1024,4096,4096,16x128x32_w4f2,SKIP,BN/WARPS != 16
MXFP4,BITSHIFT,U(-1,1),1024,4096,4096,16x128x32_w4f2,SKIP,BN/WARPS != 16
MXFP4,LUT,U(-1,1),1024,4096,4096,16x256x32_w4f4,SKIP,BN/WARPS != 16
MXFP4,BITSHIFT,U(-1,1),1024,4096,4096,16x256x32_w4f4,SKIP,BN/WARPS != 16
MXFP4,LUT,U(-1,1),1024,4096,4096,128x64x32_w4_v1,SKIP,no template
MXFP4,BITSHIFT,U(-1,1),1024,4096,4096,128x64x32_w4_v1,SKIP,opt only LUT path
MXFP4,LUT,U(-1,1),1024,4096,4096,128x128x32_w4_v1,SKIP,BN/WARPS != 16
MXFP4,BITSHIFT,U(-1,1),1024,4096,4096,128x128x32_w4_v1,SKIP,BN/WARPS != 16
MXFP4,LUT,U(-1,1),1024,4096,4096,128x256x32_w4_v1,SKIP,BN/WARPS != 16
MXFP4,BITSHIFT,U(-1,1),1024,4096,4096,128x256x32_w4_v1,SKIP,BN/WARPS != 16
MXFP4,LUT,U(-1,1),1024,4096,4096,128x256x32_w8_v1,SKIP,BN/WARPS != 16
MXFP4,BITSHIFT,U(-1,1),1024,4096,4096,128x256x32_w8_v1,SKIP,BN/WARPS != 16
MXFP4,LUT,U(-1,1),1024,4096,4096,64x64x32_w4_v1,SKIP,no template
MXFP4,BITSHIFT,U(-1,1),1024,4096,4096,64x64x32_w4_v1,SKIP,opt only LUT path
MXFP4,LUT,U(-1,1),1024,4096,4096,64x128x32_w4_v1,SKIP,BN/WARPS != 16
MXFP4,BITSHIFT,U(-1,1),1024,4096,4096,64x128x32_w4_v1,SKIP,BN/WARPS != 16
MXFP4,LUT,U(-1,1),1024,4096,4096,128x64x32_w4_v2,OK,ms=2.162,tflops=15.89,gbps=19.6,maxabs=1.874e-02,p99=9.239e-03,rel=1.847e-04
MXFP4,BITSHIFT,U(-1,1),1024,4096,4096,128x64x32_w4_v2,SKIP,opt only LUT path
MXFP4,LUT,U(-1,1),1024,4096,4096,128x128x32_w4_v2,SKIP,BN/WARPS != 16
MXFP4,BITSHIFT,U(-1,1),1024,4096,4096,128x128x32_w4_v2,SKIP,BN/WARPS != 16
MXFP4,LUT,U(-1,1),1024,4096,4096,128x256x32_w4_v2,SKIP,BN/WARPS != 16
MXFP4,BITSHIFT,U(-1,1),1024,4096,4096,128x256x32_w4_v2,SKIP,BN/WARPS != 16
MXFP4,LUT,U(-1,1),1024,4096,4096,128x256x32_w8_v2,SKIP,BN/WARPS != 16
MXFP4,BITSHIFT,U(-1,1),1024,4096,4096,128x256x32_w8_v2,SKIP,BN/WARPS != 16
MXFP4,LUT,U(-1,1),1024,4096,4096,64x64x32_w4_v2,OK,ms=2.466,tflops=13.93,gbps=17.2,maxabs=1.874e-02,p99=9.239e-03,rel=1.847e-04
MXFP4,BITSHIFT,U(-1,1),1024,4096,4096,64x64x32_w4_v2,SKIP,opt only LUT path
MXFP4,LUT,U(-1,1),1024,4096,4096,64x128x32_w4_v2,SKIP,BN/WARPS != 16
MXFP4,BITSHIFT,U(-1,1),1024,4096,4096,64x128x32_w4_v2,SKIP,BN/WARPS != 16
MXFP4,LUT,U(-1,1),1024,4096,4096,128x64x32_w4_v3,OK,ms=2.339,tflops=14.69,gbps=18.2,maxabs=1.874e-02,p99=9.239e-03,rel=1.847e-04
MXFP4,BITSHIFT,U(-1,1),1024,4096,4096,128x64x32_w4_v3,SKIP,opt only LUT path
MXFP4,LUT,U(-1,1),1024,4096,4096,128x128x32_w4_v3,SKIP,BN/WARPS != 16
MXFP4,BITSHIFT,U(-1,1),1024,4096,4096,128x128x32_w4_v3,SKIP,BN/WARPS != 16
MXFP4,LUT,U(-1,1),1024,4096,4096,128x256x32_w8_v3,SKIP,BN/WARPS != 16
MXFP4,BITSHIFT,U(-1,1),1024,4096,4096,128x256x32_w8_v3,SKIP,BN/WARPS != 16
MXFP4,LUT,U(-1,1),1024,4096,4096,64x64x32_w4_v3,OK,ms=2.199,tflops=15.62,gbps=19.3,maxabs=1.874e-02,p99=9.239e-03,rel=1.847e-04
MXFP4,BITSHIFT,U(-1,1),1024,4096,4096,64x64x32_w4_v3,SKIP,opt only LUT path
MXFP4,LUT,U(-1,1),1024,4096,4096,64x128x32_w4_v3,SKIP,BN/WARPS != 16
MXFP4,BITSHIFT,U(-1,1),1024,4096,4096,64x128x32_w4_v3,SKIP,BN/WARPS != 16
MXFP4,LUT,U(-1,1),2048,4096,4096,16x64x32_w4,OK,ms=14.145,tflops=4.86,gbps=5.4,maxabs=1.948e-02,p99=9.494e-03,rel=1.847e-04
MXFP4,BITSHIFT,U(-1,1),2048,4096,4096,16x64x32_w4,OK,ms=22.119,tflops=3.11,gbps=3.4,maxabs=1.947e-02,p99=9.489e-03,rel=1.847e-04
MXFP4,LUT,U(-1,1),2048,4096,4096,16x128x32_w8,OK,ms=14.856,tflops=4.63,gbps=5.1,maxabs=1.948e-02,p99=9.494e-03,rel=1.847e-04
MXFP4,BITSHIFT,U(-1,1),2048,4096,4096,16x128x32_w8,OK,ms=23.975,tflops=2.87,gbps=3.2,maxabs=1.947e-02,p99=9.489e-03,rel=1.847e-04
MXFP4,LUT,U(-1,1),2048,4096,4096,16x128x32_w4f2,SKIP,BN/WARPS != 16
MXFP4,BITSHIFT,U(-1,1),2048,4096,4096,16x128x32_w4f2,SKIP,BN/WARPS != 16
MXFP4,LUT,U(-1,1),2048,4096,4096,16x256x32_w4f4,SKIP,BN/WARPS != 16
MXFP4,BITSHIFT,U(-1,1),2048,4096,4096,16x256x32_w4f4,SKIP,BN/WARPS != 16
MXFP4,LUT,U(-1,1),2048,4096,4096,128x64x32_w4_v1,SKIP,no template
MXFP4,BITSHIFT,U(-1,1),2048,4096,4096,128x64x32_w4_v1,SKIP,opt only LUT path
MXFP4,LUT,U(-1,1),2048,4096,4096,128x128x32_w4_v1,SKIP,BN/WARPS != 16
MXFP4,BITSHIFT,U(-1,1),2048,4096,4096,128x128x32_w4_v1,SKIP,BN/WARPS != 16
MXFP4,LUT,U(-1,1),2048,4096,4096,128x256x32_w4_v1,SKIP,BN/WARPS != 16
MXFP4,BITSHIFT,U(-1,1),2048,4096,4096,128x256x32_w4_v1,SKIP,BN/WARPS != 16
MXFP4,LUT,U(-1,1),2048,4096,4096,128x256x32_w8_v1,SKIP,BN/WARPS != 16
MXFP4,BITSHIFT,U(-1,1),2048,4096,4096,128x256x32_w8_v1,SKIP,BN/WARPS != 16
MXFP4,LUT,U(-1,1),2048,4096,4096,64x64x32_w4_v1,SKIP,no template
MXFP4,BITSHIFT,U(-1,1),2048,4096,4096,64x64x32_w4_v1,SKIP,opt only LUT path
MXFP4,LUT,U(-1,1),2048,4096,4096,64x128x32_w4_v1,SKIP,BN/WARPS != 16
MXFP4,BITSHIFT,U(-1,1),2048,4096,4096,64x128x32_w4_v1,SKIP,BN/WARPS != 16
MXFP4,LUT,U(-1,1),2048,4096,4096,128x64x32_w4_v2,OK,ms=4.340,tflops=15.84,gbps=17.5,maxabs=1.948e-02,p99=9.494e-03,rel=1.847e-04
MXFP4,BITSHIFT,U(-1,1),2048,4096,4096,128x64x32_w4_v2,SKIP,opt only LUT path
MXFP4,LUT,U(-1,1),2048,4096,4096,128x128x32_w4_v2,SKIP,BN/WARPS != 16
MXFP4,BITSHIFT,U(-1,1),2048,4096,4096,128x128x32_w4_v2,SKIP,BN/WARPS != 16
MXFP4,LUT,U(-1,1),2048,4096,4096,128x256x32_w4_v2,SKIP,BN/WARPS != 16
MXFP4,BITSHIFT,U(-1,1),2048,4096,4096,128x256x32_w4_v2,SKIP,BN/WARPS != 16
MXFP4,LUT,U(-1,1),2048,4096,4096,128x256x32_w8_v2,SKIP,BN/WARPS != 16
MXFP4,BITSHIFT,U(-1,1),2048,4096,4096,128x256x32_w8_v2,SKIP,BN/WARPS != 16
MXFP4,LUT,U(-1,1),2048,4096,4096,64x64x32_w4_v2,OK,ms=4.745,tflops=14.48,gbps=16.0,maxabs=1.948e-02,p99=9.494e-03,rel=1.847e-04
MXFP4,BITSHIFT,U(-1,1),2048,4096,4096,64x64x32_w4_v2,SKIP,opt only LUT path
MXFP4,LUT,U(-1,1),2048,4096,4096,64x128x32_w4_v2,SKIP,BN/WARPS != 16
MXFP4,BITSHIFT,U(-1,1),2048,4096,4096,64x128x32_w4_v2,SKIP,BN/WARPS != 16
MXFP4,LUT,U(-1,1),2048,4096,4096,128x64x32_w4_v3,OK,ms=3.894,tflops=17.65,gbps=19.5,maxabs=1.948e-02,p99=9.494e-03,rel=1.847e-04
MXFP4,BITSHIFT,U(-1,1),2048,4096,4096,128x64x32_w4_v3,SKIP,opt only LUT path
MXFP4,LUT,U(-1,1),2048,4096,4096,128x128x32_w4_v3,SKIP,BN/WARPS != 16
MXFP4,BITSHIFT,U(-1,1),2048,4096,4096,128x128x32_w4_v3,SKIP,BN/WARPS != 16
MXFP4,LUT,U(-1,1),2048,4096,4096,128x256x32_w8_v3,SKIP,BN/WARPS != 16
MXFP4,BITSHIFT,U(-1,1),2048,4096,4096,128x256x32_w8_v3,SKIP,BN/WARPS != 16
MXFP4,LUT,U(-1,1),2048,4096,4096,64x64x32_w4_v3,OK,ms=4.080,tflops=16.84,gbps=18.6,maxabs=1.948e-02,p99=9.494e-03,rel=1.847e-04
MXFP4,BITSHIFT,U(-1,1),2048,4096,4096,64x64x32_w4_v3,SKIP,opt only LUT path
MXFP4,LUT,U(-1,1),2048,4096,4096,64x128x32_w4_v3,SKIP,BN/WARPS != 16
MXFP4,BITSHIFT,U(-1,1),2048,4096,4096,64x128x32_w4_v3,SKIP,BN/WARPS != 16
MXFP4,LUT,U(-1,1),1,7168,7168,16x64x32_w4,OK,ms=1.389,tflops=0.07,gbps=19.7,maxabs=1.681e-02,p99=1.181e-02,rel=1.828e-04
MXFP4,BITSHIFT,U(-1,1),1,7168,7168,16x64x32_w4,OK,ms=1.589,tflops=0.06,gbps=17.2,maxabs=1.681e-02,p99=1.181e-02,rel=1.828e-04
MXFP4,LUT,U(-1,1),1,7168,7168,16x128x32_w8,OK,ms=1.401,tflops=0.07,gbps=19.5,maxabs=1.681e-02,p99=1.181e-02,rel=1.828e-04
MXFP4,BITSHIFT,U(-1,1),1,7168,7168,16x128x32_w8,OK,ms=1.631,tflops=0.06,gbps=16.8,maxabs=1.681e-02,p99=1.181e-02,rel=1.828e-04
MXFP4,LUT,U(-1,1),1,7168,7168,16x128x32_w4f2,SKIP,BN/WARPS != 16
MXFP4,BITSHIFT,U(-1,1),1,7168,7168,16x128x32_w4f2,SKIP,BN/WARPS != 16
MXFP4,LUT,U(-1,1),1,7168,7168,16x256x32_w4f4,SKIP,BN/WARPS != 16
MXFP4,BITSHIFT,U(-1,1),1,7168,7168,16x256x32_w4f4,SKIP,BN/WARPS != 16
MXFP4,LUT,U(-1,1),1,7168,7168,128x64x32_w4_v1,SKIP,no template
MXFP4,BITSHIFT,U(-1,1),1,7168,7168,128x64x32_w4_v1,SKIP,opt only LUT path
MXFP4,LUT,U(-1,1),1,7168,7168,128x128x32_w4_v1,SKIP,BN/WARPS != 16
MXFP4,BITSHIFT,U(-1,1),1,7168,7168,128x128x32_w4_v1,SKIP,BN/WARPS != 16
MXFP4,LUT,U(-1,1),1,7168,7168,128x256x32_w4_v1,SKIP,BN/WARPS != 16
MXFP4,BITSHIFT,U(-1,1),1,7168,7168,128x256x32_w4_v1,SKIP,BN/WARPS != 16
MXFP4,LUT,U(-1,1),1,7168,7168,128x256x32_w8_v1,SKIP,BN/WARPS != 16
MXFP4,BITSHIFT,U(-1,1),1,7168,7168,128x256x32_w8_v1,SKIP,BN/WARPS != 16
MXFP4,LUT,U(-1,1),1,7168,7168,64x64x32_w4_v1,SKIP,no template
MXFP4,BITSHIFT,U(-1,1),1,7168,7168,64x64x32_w4_v1,SKIP,opt only LUT path
MXFP4,LUT,U(-1,1),1,7168,7168,64x128x32_w4_v1,SKIP,BN/WARPS != 16
MXFP4,BITSHIFT,U(-1,1),1,7168,7168,64x128x32_w4_v1,SKIP,BN/WARPS != 16
MXFP4,LUT,U(-1,1),1,7168,7168,128x64x32_w4_v2,OK,ms=1.439,tflops=0.07,gbps=19.0,maxabs=1.681e-02,p99=1.181e-02,rel=1.828e-04
MXFP4,BITSHIFT,U(-1,1),1,7168,7168,128x64x32_w4_v2,SKIP,opt only LUT path
MXFP4,LUT,U(-1,1),1,7168,7168,128x128x32_w4_v2,SKIP,BN/WARPS != 16
MXFP4,BITSHIFT,U(-1,1),1,7168,7168,128x128x32_w4_v2,SKIP,BN/WARPS != 16
MXFP4,LUT,U(-1,1),1,7168,7168,128x256x32_w4_v2,SKIP,BN/WARPS != 16
MXFP4,BITSHIFT,U(-1,1),1,7168,7168,128x256x32_w4_v2,SKIP,BN/WARPS != 16
MXFP4,LUT,U(-1,1),1,7168,7168,128x256x32_w8_v2,SKIP,BN/WARPS != 16
MXFP4,BITSHIFT,U(-1,1),1,7168,7168,128x256x32_w8_v2,SKIP,BN/WARPS != 16
MXFP4,LUT,U(-1,1),1,7168,7168,64x64x32_w4_v2,OK,ms=1.031,tflops=0.10,gbps=26.5,maxabs=1.681e-02,p99=1.181e-02,rel=1.828e-04
MXFP4,BITSHIFT,U(-1,1),1,7168,7168,64x64x32_w4_v2,SKIP,opt only LUT path
MXFP4,LUT,U(-1,1),1,7168,7168,64x128x32_w4_v2,SKIP,BN/WARPS != 16
MXFP4,BITSHIFT,U(-1,1),1,7168,7168,64x128x32_w4_v2,SKIP,BN/WARPS != 16
MXFP4,LUT,U(-1,1),1,7168,7168,128x64x32_w4_v3,OK,ms=0.995,tflops=0.10,gbps=27.5,maxabs=1.681e-02,p99=1.181e-02,rel=1.828e-04
MXFP4,BITSHIFT,U(-1,1),1,7168,7168,128x64x32_w4_v3,SKIP,opt only LUT path
MXFP4,LUT,U(-1,1),1,7168,7168,128x128x32_w4_v3,SKIP,BN/WARPS != 16
MXFP4,BITSHIFT,U(-1,1),1,7168,7168,128x128x32_w4_v3,SKIP,BN/WARPS != 16
MXFP4,LUT,U(-1,1),1,7168,7168,128x256x32_w8_v3,SKIP,BN/WARPS != 16
MXFP4,BITSHIFT,U(-1,1),1,7168,7168,128x256x32_w8_v3,SKIP,BN/WARPS != 16
MXFP4,LUT,U(-1,1),1,7168,7168,64x64x32_w4_v3,OK,ms=0.613,tflops=0.17,gbps=44.6,maxabs=1.681e-02,p99=1.181e-02,rel=1.828e-04
MXFP4,BITSHIFT,U(-1,1),1,7168,7168,64x64x32_w4_v3,SKIP,opt only LUT path
MXFP4,LUT,U(-1,1),1,7168,7168,64x128x32_w4_v3,SKIP,BN/WARPS != 16
MXFP4,BITSHIFT,U(-1,1),1,7168,7168,64x128x32_w4_v3,SKIP,BN/WARPS != 16
MXFP4,LUT,U(-1,1),16,7168,7168,16x64x32_w4,OK,ms=1.436,tflops=1.15,gbps=19.6,maxabs=2.346e-02,p99=1.226e-02,rel=1.855e-04
MXFP4,BITSHIFT,U(-1,1),16,7168,7168,16x64x32_w4,OK,ms=1.748,tflops=0.94,gbps=16.1,maxabs=2.346e-02,p99=1.226e-02,rel=1.855e-04
MXFP4,LUT,U(-1,1),16,7168,7168,16x128x32_w8,OK,ms=1.500,tflops=1.10,gbps=18.8,maxabs=2.346e-02,p99=1.226e-02,rel=1.855e-04
MXFP4,BITSHIFT,U(-1,1),16,7168,7168,16x128x32_w8,OK,ms=1.825,tflops=0.90,gbps=15.5,maxabs=2.346e-02,p99=1.226e-02,rel=1.855e-04
MXFP4,LUT,U(-1,1),16,7168,7168,16x128x32_w4f2,SKIP,BN/WARPS != 16
MXFP4,BITSHIFT,U(-1,1),16,7168,7168,16x128x32_w4f2,SKIP,BN/WARPS != 16
MXFP4,LUT,U(-1,1),16,7168,7168,16x256x32_w4f4,SKIP,BN/WARPS != 16
MXFP4,BITSHIFT,U(-1,1),16,7168,7168,16x256x32_w4f4,SKIP,BN/WARPS != 16
MXFP4,LUT,U(-1,1),16,7168,7168,128x64x32_w4_v1,SKIP,no template
MXFP4,BITSHIFT,U(-1,1),16,7168,7168,128x64x32_w4_v1,SKIP,opt only LUT path
MXFP4,LUT,U(-1,1),16,7168,7168,128x128x32_w4_v1,SKIP,BN/WARPS != 16
MXFP4,BITSHIFT,U(-1,1),16,7168,7168,128x128x32_w4_v1,SKIP,BN/WARPS != 16
MXFP4,LUT,U(-1,1),16,7168,7168,128x256x32_w4_v1,SKIP,BN/WARPS != 16
MXFP4,BITSHIFT,U(-1,1),16,7168,7168,128x256x32_w4_v1,SKIP,BN/WARPS != 16
MXFP4,LUT,U(-1,1),16,7168,7168,128x256x32_w8_v1,SKIP,BN/WARPS != 16
MXFP4,BITSHIFT,U(-1,1),16,7168,7168,128x256x32_w8_v1,SKIP,BN/WARPS != 16
MXFP4,LUT,U(-1,1),16,7168,7168,64x64x32_w4_v1,SKIP,no template
MXFP4,BITSHIFT,U(-1,1),16,7168,7168,64x64x32_w4_v1,SKIP,opt only LUT path
MXFP4,LUT,U(-1,1),16,7168,7168,64x128x32_w4_v1,SKIP,BN/WARPS != 16
MXFP4,BITSHIFT,U(-1,1),16,7168,7168,64x128x32_w4_v1,SKIP,BN/WARPS != 16
MXFP4,LUT,U(-1,1),16,7168,7168,128x64x32_w4_v2,OK,ms=1.478,tflops=1.11,gbps=19.1,maxabs=2.346e-02,p99=1.226e-02,rel=1.855e-04
MXFP4,BITSHIFT,U(-1,1),16,7168,7168,128x64x32_w4_v2,SKIP,opt only LUT path
MXFP4,LUT,U(-1,1),16,7168,7168,128x128x32_w4_v2,SKIP,BN/WARPS != 16
MXFP4,BITSHIFT,U(-1,1),16,7168,7168,128x128x32_w4_v2,SKIP,BN/WARPS != 16
MXFP4,LUT,U(-1,1),16,7168,7168,128x256x32_w4_v2,SKIP,BN/WARPS != 16
MXFP4,BITSHIFT,U(-1,1),16,7168,7168,128x256x32_w4_v2,SKIP,BN/WARPS != 16
MXFP4,LUT,U(-1,1),16,7168,7168,128x256x32_w8_v2,SKIP,BN/WARPS != 16
MXFP4,BITSHIFT,U(-1,1),16,7168,7168,128x256x32_w8_v2,SKIP,BN/WARPS != 16
MXFP4,LUT,U(-1,1),16,7168,7168,64x64x32_w4_v2,OK,ms=1.065,tflops=1.54,gbps=26.5,maxabs=2.346e-02,p99=1.226e-02,rel=1.855e-04
MXFP4,BITSHIFT,U(-1,1),16,7168,7168,64x64x32_w4_v2,SKIP,opt only LUT path
MXFP4,LUT,U(-1,1),16,7168,7168,64x128x32_w4_v2,SKIP,BN/WARPS != 16
MXFP4,BITSHIFT,U(-1,1),16,7168,7168,64x128x32_w4_v2,SKIP,BN/WARPS != 16
MXFP4,LUT,U(-1,1),16,7168,7168,128x64x32_w4_v3,OK,ms=1.028,tflops=1.60,gbps=27.4,maxabs=2.346e-02,p99=1.226e-02,rel=1.855e-04
MXFP4,BITSHIFT,U(-1,1),16,7168,7168,128x64x32_w4_v3,SKIP,opt only LUT path
MXFP4,LUT,U(-1,1),16,7168,7168,128x128x32_w4_v3,SKIP,BN/WARPS != 16
MXFP4,BITSHIFT,U(-1,1),16,7168,7168,128x128x32_w4_v3,SKIP,BN/WARPS != 16
MXFP4,LUT,U(-1,1),16,7168,7168,128x256x32_w8_v3,SKIP,BN/WARPS != 16
MXFP4,BITSHIFT,U(-1,1),16,7168,7168,128x256x32_w8_v3,SKIP,BN/WARPS != 16
MXFP4,LUT,U(-1,1),16,7168,7168,64x64x32_w4_v3,OK,ms=0.640,tflops=2.57,gbps=44.1,maxabs=2.346e-02,p99=1.226e-02,rel=1.855e-04
MXFP4,BITSHIFT,U(-1,1),16,7168,7168,64x64x32_w4_v3,SKIP,opt only LUT path
MXFP4,LUT,U(-1,1),16,7168,7168,64x128x32_w4_v3,SKIP,BN/WARPS != 16
MXFP4,BITSHIFT,U(-1,1),16,7168,7168,64x128x32_w4_v3,SKIP,BN/WARPS != 16
MXFP4,LUT,U(-1,1),64,7168,7168,16x64x32_w4,OK,ms=1.807,tflops=3.64,gbps=17.1,maxabs=2.391e-02,p99=1.255e-02,rel=1.850e-04
MXFP4,BITSHIFT,U(-1,1),64,7168,7168,16x64x32_w4,OK,ms=2.260,tflops=2.91,gbps=13.7,maxabs=2.390e-02,p99=1.256e-02,rel=1.850e-04
MXFP4,LUT,U(-1,1),64,7168,7168,16x128x32_w8,OK,ms=1.860,tflops=3.54,gbps=16.7,maxabs=2.391e-02,p99=1.255e-02,rel=1.850e-04
MXFP4,BITSHIFT,U(-1,1),64,7168,7168,16x128x32_w8,OK,ms=2.450,tflops=2.68,gbps=12.6,maxabs=2.390e-02,p99=1.256e-02,rel=1.850e-04
MXFP4,LUT,U(-1,1),64,7168,7168,16x128x32_w4f2,SKIP,BN/WARPS != 16
MXFP4,BITSHIFT,U(-1,1),64,7168,7168,16x128x32_w4f2,SKIP,BN/WARPS != 16
MXFP4,LUT,U(-1,1),64,7168,7168,16x256x32_w4f4,SKIP,BN/WARPS != 16
MXFP4,BITSHIFT,U(-1,1),64,7168,7168,16x256x32_w4f4,SKIP,BN/WARPS != 16
MXFP4,LUT,U(-1,1),64,7168,7168,128x64x32_w4_v1,SKIP,no template
MXFP4,BITSHIFT,U(-1,1),64,7168,7168,128x64x32_w4_v1,SKIP,opt only LUT path
MXFP4,LUT,U(-1,1),64,7168,7168,128x128x32_w4_v1,SKIP,BN/WARPS != 16
MXFP4,BITSHIFT,U(-1,1),64,7168,7168,128x128x32_w4_v1,SKIP,BN/WARPS != 16
MXFP4,LUT,U(-1,1),64,7168,7168,128x256x32_w4_v1,SKIP,BN/WARPS != 16
MXFP4,BITSHIFT,U(-1,1),64,7168,7168,128x256x32_w4_v1,SKIP,BN/WARPS != 16
MXFP4,LUT,U(-1,1),64,7168,7168,128x256x32_w8_v1,SKIP,BN/WARPS != 16
MXFP4,BITSHIFT,U(-1,1),64,7168,7168,128x256x32_w8_v1,SKIP,BN/WARPS != 16
MXFP4,LUT,U(-1,1),64,7168,7168,64x64x32_w4_v1,SKIP,no template
MXFP4,BITSHIFT,U(-1,1),64,7168,7168,64x64x32_w4_v1,SKIP,opt only LUT path
MXFP4,LUT,U(-1,1),64,7168,7168,64x128x32_w4_v1,SKIP,BN/WARPS != 16
MXFP4,BITSHIFT,U(-1,1),64,7168,7168,64x128x32_w4_v1,SKIP,BN/WARPS != 16
MXFP4,LUT,U(-1,1),64,7168,7168,128x64x32_w4_v2,OK,ms=1.541,tflops=4.27,gbps=20.1,maxabs=2.391e-02,p99=1.255e-02,rel=1.850e-04
MXFP4,BITSHIFT,U(-1,1),64,7168,7168,128x64x32_w4_v2,SKIP,opt only LUT path
MXFP4,LUT,U(-1,1),64,7168,7168,128x128x32_w4_v2,SKIP,BN/WARPS != 16
MXFP4,BITSHIFT,U(-1,1),64,7168,7168,128x128x32_w4_v2,SKIP,BN/WARPS != 16
MXFP4,LUT,U(-1,1),64,7168,7168,128x256x32_w4_v2,SKIP,BN/WARPS != 16
MXFP4,BITSHIFT,U(-1,1),64,7168,7168,128x256x32_w4_v2,SKIP,BN/WARPS != 16
MXFP4,LUT,U(-1,1),64,7168,7168,128x256x32_w8_v2,SKIP,BN/WARPS != 16
MXFP4,BITSHIFT,U(-1,1),64,7168,7168,128x256x32_w8_v2,SKIP,BN/WARPS != 16
MXFP4,LUT,U(-1,1),64,7168,7168,64x64x32_w4_v2,OK,ms=1.146,tflops=5.74,gbps=27.0,maxabs=2.391e-02,p99=1.255e-02,rel=1.850e-04
MXFP4,BITSHIFT,U(-1,1),64,7168,7168,64x64x32_w4_v2,SKIP,opt only LUT path
MXFP4,LUT,U(-1,1),64,7168,7168,64x128x32_w4_v2,SKIP,BN/WARPS != 16
MXFP4,BITSHIFT,U(-1,1),64,7168,7168,64x128x32_w4_v2,SKIP,BN/WARPS != 16
MXFP4,LUT,U(-1,1),64,7168,7168,128x64x32_w4_v3,OK,ms=1.060,tflops=6.20,gbps=29.2,maxabs=2.391e-02,p99=1.255e-02,rel=1.850e-04
MXFP4,BITSHIFT,U(-1,1),64,7168,7168,128x64x32_w4_v3,SKIP,opt only LUT path
MXFP4,LUT,U(-1,1),64,7168,7168,128x128x32_w4_v3,SKIP,BN/WARPS != 16
MXFP4,BITSHIFT,U(-1,1),64,7168,7168,128x128x32_w4_v3,SKIP,BN/WARPS != 16
MXFP4,LUT,U(-1,1),64,7168,7168,128x256x32_w8_v3,SKIP,BN/WARPS != 16
MXFP4,BITSHIFT,U(-1,1),64,7168,7168,128x256x32_w8_v3,SKIP,BN/WARPS != 16
MXFP4,LUT,U(-1,1),64,7168,7168,64x64x32_w4_v3,OK,ms=0.671,tflops=9.81,gbps=46.2,maxabs=2.391e-02,p99=1.255e-02,rel=1.850e-04
MXFP4,BITSHIFT,U(-1,1),64,7168,7168,64x64x32_w4_v3,SKIP,opt only LUT path
MXFP4,LUT,U(-1,1),64,7168,7168,64x128x32_w4_v3,SKIP,BN/WARPS != 16
MXFP4,BITSHIFT,U(-1,1),64,7168,7168,64x128x32_w4_v3,SKIP,BN/WARPS != 16
MXFP4,LUT,U(-1,1),128,7168,7168,16x64x32_w4,OK,ms=4.095,tflops=3.21,gbps=8.5,maxabs=2.391e-02,p99=1.223e-02,rel=1.846e-04
MXFP4,BITSHIFT,U(-1,1),128,7168,7168,16x64x32_w4,OK,ms=4.835,tflops=2.72,gbps=7.2,maxabs=2.390e-02,p99=1.223e-02,rel=1.846e-04
MXFP4,LUT,U(-1,1),128,7168,7168,16x128x32_w8,OK,ms=4.067,tflops=3.23,gbps=8.5,maxabs=2.391e-02,p99=1.223e-02,rel=1.846e-04
MXFP4,BITSHIFT,U(-1,1),128,7168,7168,16x128x32_w8,OK,ms=5.817,tflops=2.26,gbps=6.0,maxabs=2.390e-02,p99=1.223e-02,rel=1.846e-04
MXFP4,LUT,U(-1,1),128,7168,7168,16x128x32_w4f2,SKIP,BN/WARPS != 16
MXFP4,BITSHIFT,U(-1,1),128,7168,7168,16x128x32_w4f2,SKIP,BN/WARPS != 16
MXFP4,LUT,U(-1,1),128,7168,7168,16x256x32_w4f4,SKIP,BN/WARPS != 16
MXFP4,BITSHIFT,U(-1,1),128,7168,7168,16x256x32_w4f4,SKIP,BN/WARPS != 16
MXFP4,LUT,U(-1,1),128,7168,7168,128x64x32_w4_v1,SKIP,no template
MXFP4,BITSHIFT,U(-1,1),128,7168,7168,128x64x32_w4_v1,SKIP,opt only LUT path
MXFP4,LUT,U(-1,1),128,7168,7168,128x128x32_w4_v1,SKIP,BN/WARPS != 16
MXFP4,BITSHIFT,U(-1,1),128,7168,7168,128x128x32_w4_v1,SKIP,BN/WARPS != 16
MXFP4,LUT,U(-1,1),128,7168,7168,128x256x32_w4_v1,SKIP,BN/WARPS != 16
MXFP4,BITSHIFT,U(-1,1),128,7168,7168,128x256x32_w4_v1,SKIP,BN/WARPS != 16
MXFP4,LUT,U(-1,1),128,7168,7168,128x256x32_w8_v1,SKIP,BN/WARPS != 16
MXFP4,BITSHIFT,U(-1,1),128,7168,7168,128x256x32_w8_v1,SKIP,BN/WARPS != 16
MXFP4,LUT,U(-1,1),128,7168,7168,64x64x32_w4_v1,SKIP,no template
MXFP4,BITSHIFT,U(-1,1),128,7168,7168,64x64x32_w4_v1,SKIP,opt only LUT path
MXFP4,LUT,U(-1,1),128,7168,7168,64x128x32_w4_v1,SKIP,BN/WARPS != 16
MXFP4,BITSHIFT,U(-1,1),128,7168,7168,64x128x32_w4_v1,SKIP,BN/WARPS != 16
MXFP4,LUT,U(-1,1),128,7168,7168,128x64x32_w4_v2,OK,ms=1.613,tflops=8.15,gbps=21.5,maxabs=2.391e-02,p99=1.223e-02,rel=1.846e-04
MXFP4,BITSHIFT,U(-1,1),128,7168,7168,128x64x32_w4_v2,SKIP,opt only LUT path
MXFP4,LUT,U(-1,1),128,7168,7168,128x128x32_w4_v2,SKIP,BN/WARPS != 16
MXFP4,BITSHIFT,U(-1,1),128,7168,7168,128x128x32_w4_v2,SKIP,BN/WARPS != 16
MXFP4,LUT,U(-1,1),128,7168,7168,128x256x32_w4_v2,SKIP,BN/WARPS != 16
MXFP4,BITSHIFT,U(-1,1),128,7168,7168,128x256x32_w4_v2,SKIP,BN/WARPS != 16
MXFP4,LUT,U(-1,1),128,7168,7168,128x256x32_w8_v2,SKIP,BN/WARPS != 16
MXFP4,BITSHIFT,U(-1,1),128,7168,7168,128x256x32_w8_v2,SKIP,BN/WARPS != 16
MXFP4,LUT,U(-1,1),128,7168,7168,64x64x32_w4_v2,OK,ms=1.220,tflops=10.78,gbps=28.4,maxabs=2.391e-02,p99=1.223e-02,rel=1.846e-04
MXFP4,BITSHIFT,U(-1,1),128,7168,7168,64x64x32_w4_v2,SKIP,opt only LUT path
MXFP4,LUT,U(-1,1),128,7168,7168,64x128x32_w4_v2,SKIP,BN/WARPS != 16
MXFP4,BITSHIFT,U(-1,1),128,7168,7168,64x128x32_w4_v2,SKIP,BN/WARPS != 16
MXFP4,LUT,U(-1,1),128,7168,7168,128x64x32_w4_v3,OK,ms=1.128,tflops=11.66,gbps=30.7,maxabs=2.391e-02,p99=1.223e-02,rel=1.846e-04
MXFP4,BITSHIFT,U(-1,1),128,7168,7168,128x64x32_w4_v3,SKIP,opt only LUT path
MXFP4,LUT,U(-1,1),128,7168,7168,128x128x32_w4_v3,SKIP,BN/WARPS != 16
MXFP4,BITSHIFT,U(-1,1),128,7168,7168,128x128x32_w4_v3,SKIP,BN/WARPS != 16
MXFP4,LUT,U(-1,1),128,7168,7168,128x256x32_w8_v3,SKIP,BN/WARPS != 16
MXFP4,BITSHIFT,U(-1,1),128,7168,7168,128x256x32_w8_v3,SKIP,BN/WARPS != 16
MXFP4,LUT,U(-1,1),128,7168,7168,64x64x32_w4_v3,OK,ms=0.819,tflops=16.06,gbps=42.3,maxabs=2.391e-02,p99=1.223e-02,rel=1.846e-04
MXFP4,BITSHIFT,U(-1,1),128,7168,7168,64x64x32_w4_v3,SKIP,opt only LUT path
MXFP4,LUT,U(-1,1),128,7168,7168,64x128x32_w4_v3,SKIP,BN/WARPS != 16
MXFP4,BITSHIFT,U(-1,1),128,7168,7168,64x128x32_w4_v3,SKIP,BN/WARPS != 16
MXFP4,LUT,U(-1,1),256,7168,7168,16x64x32_w4,OK,ms=6.203,tflops=4.24,gbps=6.8,maxabs=2.392e-02,p99=1.214e-02,rel=1.847e-04
MXFP4,BITSHIFT,U(-1,1),256,7168,7168,16x64x32_w4,OK,ms=8.047,tflops=3.27,gbps=5.2,maxabs=2.391e-02,p99=1.215e-02,rel=1.847e-04
MXFP4,LUT,U(-1,1),256,7168,7168,16x128x32_w8,OK,ms=6.250,tflops=4.21,gbps=6.7,maxabs=2.392e-02,p99=1.214e-02,rel=1.847e-04
MXFP4,BITSHIFT,U(-1,1),256,7168,7168,16x128x32_w8,OK,ms=8.630,tflops=3.05,gbps=4.9,maxabs=2.391e-02,p99=1.215e-02,rel=1.847e-04
MXFP4,LUT,U(-1,1),256,7168,7168,16x128x32_w4f2,SKIP,BN/WARPS != 16
MXFP4,BITSHIFT,U(-1,1),256,7168,7168,16x128x32_w4f2,SKIP,BN/WARPS != 16
MXFP4,LUT,U(-1,1),256,7168,7168,16x256x32_w4f4,SKIP,BN/WARPS != 16
MXFP4,BITSHIFT,U(-1,1),256,7168,7168,16x256x32_w4f4,SKIP,BN/WARPS != 16
MXFP4,LUT,U(-1,1),256,7168,7168,128x64x32_w4_v1,SKIP,no template
MXFP4,BITSHIFT,U(-1,1),256,7168,7168,128x64x32_w4_v1,SKIP,opt only LUT path
MXFP4,LUT,U(-1,1),256,7168,7168,128x128x32_w4_v1,SKIP,BN/WARPS != 16
MXFP4,BITSHIFT,U(-1,1),256,7168,7168,128x128x32_w4_v1,SKIP,BN/WARPS != 16
MXFP4,LUT,U(-1,1),256,7168,7168,128x256x32_w4_v1,SKIP,BN/WARPS != 16
MXFP4,BITSHIFT,U(-1,1),256,7168,7168,128x256x32_w4_v1,SKIP,BN/WARPS != 16
MXFP4,LUT,U(-1,1),256,7168,7168,128x256x32_w8_v1,SKIP,BN/WARPS != 16
MXFP4,BITSHIFT,U(-1,1),256,7168,7168,128x256x32_w8_v1,SKIP,BN/WARPS != 16
MXFP4,LUT,U(-1,1),256,7168,7168,64x64x32_w4_v1,SKIP,no template
MXFP4,BITSHIFT,U(-1,1),256,7168,7168,64x64x32_w4_v1,SKIP,opt only LUT path
MXFP4,LUT,U(-1,1),256,7168,7168,64x128x32_w4_v1,SKIP,BN/WARPS != 16
MXFP4,BITSHIFT,U(-1,1),256,7168,7168,64x128x32_w4_v1,SKIP,BN/WARPS != 16
MXFP4,LUT,U(-1,1),256,7168,7168,128x64x32_w4_v2,OK,ms=1.697,tflops=15.51,gbps=24.7,maxabs=2.392e-02,p99=1.214e-02,rel=1.847e-04
MXFP4,BITSHIFT,U(-1,1),256,7168,7168,128x64x32_w4_v2,SKIP,opt only LUT path
MXFP4,LUT,U(-1,1),256,7168,7168,128x128x32_w4_v2,SKIP,BN/WARPS != 16
MXFP4,BITSHIFT,U(-1,1),256,7168,7168,128x128x32_w4_v2,SKIP,BN/WARPS != 16
MXFP4,LUT,U(-1,1),256,7168,7168,128x256x32_w4_v2,SKIP,BN/WARPS != 16
MXFP4,BITSHIFT,U(-1,1),256,7168,7168,128x256x32_w4_v2,SKIP,BN/WARPS != 16
MXFP4,LUT,U(-1,1),256,7168,7168,128x256x32_w8_v2,SKIP,BN/WARPS != 16
MXFP4,BITSHIFT,U(-1,1),256,7168,7168,128x256x32_w8_v2,SKIP,BN/WARPS != 16
MXFP4,LUT,U(-1,1),256,7168,7168,64x64x32_w4_v2,OK,ms=2.645,tflops=9.95,gbps=15.9,maxabs=2.392e-02,p99=1.214e-02,rel=1.847e-04
MXFP4,BITSHIFT,U(-1,1),256,7168,7168,64x64x32_w4_v2,SKIP,opt only LUT path
MXFP4,LUT,U(-1,1),256,7168,7168,64x128x32_w4_v2,SKIP,BN/WARPS != 16
MXFP4,BITSHIFT,U(-1,1),256,7168,7168,64x128x32_w4_v2,SKIP,BN/WARPS != 16
MXFP4,LUT,U(-1,1),256,7168,7168,128x64x32_w4_v3,OK,ms=1.344,tflops=19.57,gbps=31.2,maxabs=2.392e-02,p99=1.214e-02,rel=1.847e-04
MXFP4,BITSHIFT,U(-1,1),256,7168,7168,128x64x32_w4_v3,SKIP,opt only LUT path
MXFP4,LUT,U(-1,1),256,7168,7168,128x128x32_w4_v3,SKIP,BN/WARPS != 16
MXFP4,BITSHIFT,U(-1,1),256,7168,7168,128x128x32_w4_v3,SKIP,BN/WARPS != 16
MXFP4,LUT,U(-1,1),256,7168,7168,128x256x32_w8_v3,SKIP,BN/WARPS != 16
MXFP4,BITSHIFT,U(-1,1),256,7168,7168,128x256x32_w8_v3,SKIP,BN/WARPS != 16
MXFP4,LUT,U(-1,1),256,7168,7168,64x64x32_w4_v3,OK,ms=2.019,tflops=13.03,gbps=20.8,maxabs=2.392e-02,p99=1.214e-02,rel=1.847e-04
MXFP4,BITSHIFT,U(-1,1),256,7168,7168,64x64x32_w4_v3,SKIP,opt only LUT path
MXFP4,LUT,U(-1,1),256,7168,7168,64x128x32_w4_v3,SKIP,BN/WARPS != 16
MXFP4,BITSHIFT,U(-1,1),256,7168,7168,64x128x32_w4_v3,SKIP,BN/WARPS != 16
MXFP4,LUT,U(-1,1),512,7168,7168,16x64x32_w4,OK,ms=10.926,tflops=4.82,gbps=5.2,maxabs=2.579e-02,p99=1.241e-02,rel=1.847e-04
MXFP4,BITSHIFT,U(-1,1),512,7168,7168,16x64x32_w4,OK,ms=16.094,tflops=3.27,gbps=3.5,maxabs=2.580e-02,p99=1.242e-02,rel=1.847e-04
MXFP4,LUT,U(-1,1),512,7168,7168,16x128x32_w8,OK,ms=12.512,tflops=4.20,gbps=4.5,maxabs=2.579e-02,p99=1.241e-02,rel=1.847e-04
MXFP4,BITSHIFT,U(-1,1),512,7168,7168,16x128x32_w8,OK,ms=17.323,tflops=3.04,gbps=3.3,maxabs=2.580e-02,p99=1.242e-02,rel=1.847e-04
MXFP4,LUT,U(-1,1),512,7168,7168,16x128x32_w4f2,SKIP,BN/WARPS != 16
MXFP4,BITSHIFT,U(-1,1),512,7168,7168,16x128x32_w4f2,SKIP,BN/WARPS != 16
MXFP4,LUT,U(-1,1),512,7168,7168,16x256x32_w4f4,SKIP,BN/WARPS != 16
MXFP4,BITSHIFT,U(-1,1),512,7168,7168,16x256x32_w4f4,SKIP,BN/WARPS != 16
MXFP4,LUT,U(-1,1),512,7168,7168,128x64x32_w4_v1,SKIP,no template
MXFP4,BITSHIFT,U(-1,1),512,7168,7168,128x64x32_w4_v1,SKIP,opt only LUT path
MXFP4,LUT,U(-1,1),512,7168,7168,128x128x32_w4_v1,SKIP,BN/WARPS != 16
MXFP4,BITSHIFT,U(-1,1),512,7168,7168,128x128x32_w4_v1,SKIP,BN/WARPS != 16
MXFP4,LUT,U(-1,1),512,7168,7168,128x256x32_w4_v1,SKIP,BN/WARPS != 16
MXFP4,BITSHIFT,U(-1,1),512,7168,7168,128x256x32_w4_v1,SKIP,BN/WARPS != 16
MXFP4,LUT,U(-1,1),512,7168,7168,128x256x32_w8_v1,SKIP,BN/WARPS != 16
MXFP4,BITSHIFT,U(-1,1),512,7168,7168,128x256x32_w8_v1,SKIP,BN/WARPS != 16
MXFP4,LUT,U(-1,1),512,7168,7168,64x64x32_w4_v1,SKIP,no template
MXFP4,BITSHIFT,U(-1,1),512,7168,7168,64x64x32_w4_v1,SKIP,opt only LUT path
MXFP4,LUT,U(-1,1),512,7168,7168,64x128x32_w4_v1,SKIP,BN/WARPS != 16
MXFP4,BITSHIFT,U(-1,1),512,7168,7168,64x128x32_w4_v1,SKIP,BN/WARPS != 16
MXFP4,LUT,U(-1,1),512,7168,7168,128x64x32_w4_v2,OK,ms=3.892,tflops=13.52,gbps=14.6,maxabs=2.579e-02,p99=1.241e-02,rel=1.847e-04
MXFP4,BITSHIFT,U(-1,1),512,7168,7168,128x64x32_w4_v2,SKIP,opt only LUT path
MXFP4,LUT,U(-1,1),512,7168,7168,128x128x32_w4_v2,SKIP,BN/WARPS != 16
MXFP4,BITSHIFT,U(-1,1),512,7168,7168,128x128x32_w4_v2,SKIP,BN/WARPS != 16
MXFP4,LUT,U(-1,1),512,7168,7168,128x256x32_w4_v2,SKIP,BN/WARPS != 16
MXFP4,BITSHIFT,U(-1,1),512,7168,7168,128x256x32_w4_v2,SKIP,BN/WARPS != 16
MXFP4,LUT,U(-1,1),512,7168,7168,128x256x32_w8_v2,SKIP,BN/WARPS != 16
MXFP4,BITSHIFT,U(-1,1),512,7168,7168,128x256x32_w8_v2,SKIP,BN/WARPS != 16
MXFP4,LUT,U(-1,1),512,7168,7168,64x64x32_w4_v2,OK,ms=4.373,tflops=12.03,gbps=13.0,maxabs=2.579e-02,p99=1.241e-02,rel=1.847e-04
MXFP4,BITSHIFT,U(-1,1),512,7168,7168,64x64x32_w4_v2,SKIP,opt only LUT path
MXFP4,LUT,U(-1,1),512,7168,7168,64x128x32_w4_v2,SKIP,BN/WARPS != 16
MXFP4,BITSHIFT,U(-1,1),512,7168,7168,64x128x32_w4_v2,SKIP,BN/WARPS != 16
MXFP4,LUT,U(-1,1),512,7168,7168,128x64x32_w4_v3,OK,ms=2.688,tflops=19.57,gbps=21.1,maxabs=2.579e-02,p99=1.241e-02,rel=1.847e-04
MXFP4,BITSHIFT,U(-1,1),512,7168,7168,128x64x32_w4_v3,SKIP,opt only LUT path
MXFP4,LUT,U(-1,1),512,7168,7168,128x128x32_w4_v3,SKIP,BN/WARPS != 16
MXFP4,BITSHIFT,U(-1,1),512,7168,7168,128x128x32_w4_v3,SKIP,BN/WARPS != 16
MXFP4,LUT,U(-1,1),512,7168,7168,128x256x32_w8_v3,SKIP,BN/WARPS != 16
MXFP4,BITSHIFT,U(-1,1),512,7168,7168,128x256x32_w8_v3,SKIP,BN/WARPS != 16
MXFP4,LUT,U(-1,1),512,7168,7168,64x64x32_w4_v3,OK,ms=3.000,tflops=17.54,gbps=18.9,maxabs=2.579e-02,p99=1.241e-02,rel=1.847e-04
MXFP4,BITSHIFT,U(-1,1),512,7168,7168,64x64x32_w4_v3,SKIP,opt only LUT path
MXFP4,LUT,U(-1,1),512,7168,7168,64x128x32_w4_v3,SKIP,BN/WARPS != 16
MXFP4,BITSHIFT,U(-1,1),512,7168,7168,64x128x32_w4_v3,SKIP,BN/WARPS != 16
MXFP4,LUT,U(-1,1),1024,7168,7168,16x64x32_w4,OK,ms=21.832,tflops=4.82,gbps=3.9,maxabs=2.579e-02,p99=1.245e-02,rel=1.846e-04
MXFP4,BITSHIFT,U(-1,1),1024,7168,7168,16x64x32_w4,OK,ms=31.932,tflops=3.30,gbps=2.7,maxabs=2.580e-02,p99=1.245e-02,rel=1.846e-04
MXFP4,LUT,U(-1,1),1024,7168,7168,16x128x32_w8,OK,ms=25.116,tflops=4.19,gbps=3.4,maxabs=2.579e-02,p99=1.245e-02,rel=1.846e-04
MXFP4,BITSHIFT,U(-1,1),1024,7168,7168,16x128x32_w8,OK,ms=34.408,tflops=3.06,gbps=2.5,maxabs=2.580e-02,p99=1.245e-02,rel=1.846e-04
MXFP4,LUT,U(-1,1),1024,7168,7168,16x128x32_w4f2,SKIP,BN/WARPS != 16
MXFP4,BITSHIFT,U(-1,1),1024,7168,7168,16x128x32_w4f2,SKIP,BN/WARPS != 16
MXFP4,LUT,U(-1,1),1024,7168,7168,16x256x32_w4f4,SKIP,BN/WARPS != 16
MXFP4,BITSHIFT,U(-1,1),1024,7168,7168,16x256x32_w4f4,SKIP,BN/WARPS != 16
MXFP4,LUT,U(-1,1),1024,7168,7168,128x64x32_w4_v1,SKIP,no template
MXFP4,BITSHIFT,U(-1,1),1024,7168,7168,128x64x32_w4_v1,SKIP,opt only LUT path
MXFP4,LUT,U(-1,1),1024,7168,7168,128x128x32_w4_v1,SKIP,BN/WARPS != 16
MXFP4,BITSHIFT,U(-1,1),1024,7168,7168,128x128x32_w4_v1,SKIP,BN/WARPS != 16
MXFP4,LUT,U(-1,1),1024,7168,7168,128x256x32_w4_v1,SKIP,BN/WARPS != 16
MXFP4,BITSHIFT,U(-1,1),1024,7168,7168,128x256x32_w4_v1,SKIP,BN/WARPS != 16
MXFP4,LUT,U(-1,1),1024,7168,7168,128x256x32_w8_v1,SKIP,BN/WARPS != 16
MXFP4,BITSHIFT,U(-1,1),1024,7168,7168,128x256x32_w8_v1,SKIP,BN/WARPS != 16
MXFP4,LUT,U(-1,1),1024,7168,7168,64x64x32_w4_v1,SKIP,no template
MXFP4,BITSHIFT,U(-1,1),1024,7168,7168,64x64x32_w4_v1,SKIP,opt only LUT path
MXFP4,LUT,U(-1,1),1024,7168,7168,64x128x32_w4_v1,SKIP,BN/WARPS != 16
MXFP4,BITSHIFT,U(-1,1),1024,7168,7168,64x128x32_w4_v1,SKIP,BN/WARPS != 16
MXFP4,LUT,U(-1,1),1024,7168,7168,128x64x32_w4_v2,OK,ms=5.746,tflops=18.31,gbps=15.0,maxabs=2.579e-02,p99=1.245e-02,rel=1.846e-04
MXFP4,BITSHIFT,U(-1,1),1024,7168,7168,128x64x32_w4_v2,SKIP,opt only LUT path
MXFP4,LUT,U(-1,1),1024,7168,7168,128x128x32_w4_v2,SKIP,BN/WARPS != 16
MXFP4,BITSHIFT,U(-1,1),1024,7168,7168,128x128x32_w4_v2,SKIP,BN/WARPS != 16
MXFP4,LUT,U(-1,1),1024,7168,7168,128x256x32_w4_v2,SKIP,BN/WARPS != 16
MXFP4,BITSHIFT,U(-1,1),1024,7168,7168,128x256x32_w4_v2,SKIP,BN/WARPS != 16
MXFP4,LUT,U(-1,1),1024,7168,7168,128x256x32_w8_v2,SKIP,BN/WARPS != 16
MXFP4,BITSHIFT,U(-1,1),1024,7168,7168,128x256x32_w8_v2,SKIP,BN/WARPS != 16
MXFP4,LUT,U(-1,1),1024,7168,7168,64x64x32_w4_v2,OK,ms=7.382,tflops=14.25,gbps=11.7,maxabs=2.579e-02,p99=1.245e-02,rel=1.846e-04
MXFP4,BITSHIFT,U(-1,1),1024,7168,7168,64x64x32_w4_v2,SKIP,opt only LUT path
MXFP4,LUT,U(-1,1),1024,7168,7168,64x128x32_w4_v2,SKIP,BN/WARPS != 16
MXFP4,BITSHIFT,U(-1,1),1024,7168,7168,64x128x32_w4_v2,SKIP,BN/WARPS != 16
MXFP4,LUT,U(-1,1),1024,7168,7168,128x64x32_w4_v3,OK,ms=5.347,tflops=19.68,gbps=16.1,maxabs=2.579e-02,p99=1.245e-02,rel=1.846e-04
MXFP4,BITSHIFT,U(-1,1),1024,7168,7168,128x64x32_w4_v3,SKIP,opt only LUT path
MXFP4,LUT,U(-1,1),1024,7168,7168,128x128x32_w4_v3,SKIP,BN/WARPS != 16
MXFP4,BITSHIFT,U(-1,1),1024,7168,7168,128x128x32_w4_v3,SKIP,BN/WARPS != 16
MXFP4,LUT,U(-1,1),1024,7168,7168,128x256x32_w8_v3,SKIP,BN/WARPS != 16
MXFP4,BITSHIFT,U(-1,1),1024,7168,7168,128x256x32_w8_v3,SKIP,BN/WARPS != 16
MXFP4,LUT,U(-1,1),1024,7168,7168,64x64x32_w4_v3,OK,ms=5.997,tflops=17.55,gbps=14.3,maxabs=2.579e-02,p99=1.245e-02,rel=1.846e-04
MXFP4,BITSHIFT,U(-1,1),1024,7168,7168,64x64x32_w4_v3,SKIP,opt only LUT path
MXFP4,LUT,U(-1,1),1024,7168,7168,64x128x32_w4_v3,SKIP,BN/WARPS != 16
MXFP4,BITSHIFT,U(-1,1),1024,7168,7168,64x128x32_w4_v3,SKIP,BN/WARPS != 16
MXFP4,LUT,U(-1,1),2048,7168,7168,16x64x32_w4,OK,ms=43.666,tflops=4.82,gbps=3.3,maxabs=2.631e-02,p99=1.225e-02,rel=1.846e-04
MXFP4,BITSHIFT,U(-1,1),2048,7168,7168,16x64x32_w4,OK,ms=61.705,tflops=3.41,gbps=2.3,maxabs=2.630e-02,p99=1.226e-02,rel=1.846e-04
MXFP4,LUT,U(-1,1),2048,7168,7168,16x128x32_w8,OK,ms=48.170,tflops=4.37,gbps=3.0,maxabs=2.631e-02,p99=1.225e-02,rel=1.846e-04
MXFP4,BITSHIFT,U(-1,1),2048,7168,7168,16x128x32_w8,OK,ms=66.182,tflops=3.18,gbps=2.2,maxabs=2.630e-02,p99=1.226e-02,rel=1.846e-04
MXFP4,LUT,U(-1,1),2048,7168,7168,16x128x32_w4f2,SKIP,BN/WARPS != 16
MXFP4,BITSHIFT,U(-1,1),2048,7168,7168,16x128x32_w4f2,SKIP,BN/WARPS != 16
MXFP4,LUT,U(-1,1),2048,7168,7168,16x256x32_w4f4,SKIP,BN/WARPS != 16
MXFP4,BITSHIFT,U(-1,1),2048,7168,7168,16x256x32_w4f4,SKIP,BN/WARPS != 16
MXFP4,LUT,U(-1,1),2048,7168,7168,128x64x32_w4_v1,SKIP,no template
MXFP4,BITSHIFT,U(-1,1),2048,7168,7168,128x64x32_w4_v1,SKIP,opt only LUT path
MXFP4,LUT,U(-1,1),2048,7168,7168,128x128x32_w4_v1,SKIP,BN/WARPS != 16
MXFP4,BITSHIFT,U(-1,1),2048,7168,7168,128x128x32_w4_v1,SKIP,BN/WARPS != 16
MXFP4,LUT,U(-1,1),2048,7168,7168,128x256x32_w4_v1,SKIP,BN/WARPS != 16
MXFP4,BITSHIFT,U(-1,1),2048,7168,7168,128x256x32_w4_v1,SKIP,BN/WARPS != 16
MXFP4,LUT,U(-1,1),2048,7168,7168,128x256x32_w8_v1,SKIP,BN/WARPS != 16
MXFP4,BITSHIFT,U(-1,1),2048,7168,7168,128x256x32_w8_v1,SKIP,BN/WARPS != 16
MXFP4,LUT,U(-1,1),2048,7168,7168,64x64x32_w4_v1,SKIP,no template
MXFP4,BITSHIFT,U(-1,1),2048,7168,7168,64x64x32_w4_v1,SKIP,opt only LUT path
MXFP4,LUT,U(-1,1),2048,7168,7168,64x128x32_w4_v1,SKIP,BN/WARPS != 16
MXFP4,BITSHIFT,U(-1,1),2048,7168,7168,64x128x32_w4_v1,SKIP,BN/WARPS != 16
MXFP4,LUT,U(-1,1),2048,7168,7168,128x64x32_w4_v2,OK,ms=11.484,tflops=18.33,gbps=12.6,maxabs=2.631e-02,p99=1.225e-02,rel=1.846e-04
MXFP4,BITSHIFT,U(-1,1),2048,7168,7168,128x64x32_w4_v2,SKIP,opt only LUT path
MXFP4,LUT,U(-1,1),2048,7168,7168,128x128x32_w4_v2,SKIP,BN/WARPS != 16
MXFP4,BITSHIFT,U(-1,1),2048,7168,7168,128x128x32_w4_v2,SKIP,BN/WARPS != 16
MXFP4,LUT,U(-1,1),2048,7168,7168,128x256x32_w4_v2,SKIP,BN/WARPS != 16
MXFP4,BITSHIFT,U(-1,1),2048,7168,7168,128x256x32_w4_v2,SKIP,BN/WARPS != 16
MXFP4,LUT,U(-1,1),2048,7168,7168,128x256x32_w8_v2,SKIP,BN/WARPS != 16
MXFP4,BITSHIFT,U(-1,1),2048,7168,7168,128x256x32_w8_v2,SKIP,BN/WARPS != 16
MXFP4,LUT,U(-1,1),2048,7168,7168,64x64x32_w4_v2,OK,ms=13.178,tflops=15.97,gbps=11.0,maxabs=2.631e-02,p99=1.225e-02,rel=1.846e-04
MXFP4,BITSHIFT,U(-1,1),2048,7168,7168,64x64x32_w4_v2,SKIP,opt only LUT path
MXFP4,LUT,U(-1,1),2048,7168,7168,64x128x32_w4_v2,SKIP,BN/WARPS != 16
MXFP4,BITSHIFT,U(-1,1),2048,7168,7168,64x128x32_w4_v2,SKIP,BN/WARPS != 16
MXFP4,LUT,U(-1,1),2048,7168,7168,128x64x32_w4_v3,OK,ms=10.661,tflops=19.74,gbps=13.6,maxabs=2.631e-02,p99=1.225e-02,rel=1.846e-04
MXFP4,BITSHIFT,U(-1,1),2048,7168,7168,128x64x32_w4_v3,SKIP,opt only LUT path
MXFP4,LUT,U(-1,1),2048,7168,7168,128x128x32_w4_v3,SKIP,BN/WARPS != 16
MXFP4,BITSHIFT,U(-1,1),2048,7168,7168,128x128x32_w4_v3,SKIP,BN/WARPS != 16
MXFP4,LUT,U(-1,1),2048,7168,7168,128x256x32_w8_v3,SKIP,BN/WARPS != 16
MXFP4,BITSHIFT,U(-1,1),2048,7168,7168,128x256x32_w8_v3,SKIP,BN/WARPS != 16
MXFP4,LUT,U(-1,1),2048,7168,7168,64x64x32_w4_v3,OK,ms=11.865,tflops=17.74,gbps=12.2,maxabs=2.631e-02,p99=1.225e-02,rel=1.846e-04
MXFP4,BITSHIFT,U(-1,1),2048,7168,7168,64x64x32_w4_v3,SKIP,opt only LUT path
MXFP4,LUT,U(-1,1),2048,7168,7168,64x128x32_w4_v3,SKIP,BN/WARPS != 16
MXFP4,BITSHIFT,U(-1,1),2048,7168,7168,64x128x32_w4_v3,SKIP,BN/WARPS != 16
F8_E4M3_B128,LUT,U(-1,1),1,4096,4096,16x64x32_w4,OK,ms=1.235,tflops=0.03,gbps=13.7,maxabs=1.289e-02,p99=9.838e-03,rel=1.839e-04
F8_E4M3_B128,BITSHIFT,U(-1,1),1,4096,4096,16x64x32_w4,OK,ms=1.260,tflops=0.03,gbps=13.4,maxabs=1.288e-02,p99=9.842e-03,rel=1.839e-04
F8_E4M3_B128,LUT,U(-1,1),1,4096,4096,16x128x32_w8,OK,ms=1.251,tflops=0.03,gbps=13.5,maxabs=1.289e-02,p99=9.838e-03,rel=1.839e-04
F8_E4M3_B128,BITSHIFT,U(-1,1),1,4096,4096,16x128x32_w8,OK,ms=1.361,tflops=0.02,gbps=12.4,maxabs=1.288e-02,p99=9.842e-03,rel=1.839e-04
F8_E4M3_B128,LUT,U(-1,1),1,4096,4096,16x128x32_w4f2,SKIP,BN/WARPS != 16
F8_E4M3_B128,BITSHIFT,U(-1,1),1,4096,4096,16x128x32_w4f2,SKIP,BN/WARPS != 16
F8_E4M3_B128,LUT,U(-1,1),1,4096,4096,16x256x32_w4f4,SKIP,BN/WARPS != 16
F8_E4M3_B128,BITSHIFT,U(-1,1),1,4096,4096,16x256x32_w4f4,SKIP,BN/WARPS != 16
F8_E4M3_B128,LUT,U(-1,1),1,4096,4096,128x64x32_w4_v1,SKIP,no template
F8_E4M3_B128,BITSHIFT,U(-1,1),1,4096,4096,128x64x32_w4_v1,SKIP,opt only LUT path
F8_E4M3_B128,LUT,U(-1,1),1,4096,4096,128x128x32_w4_v1,SKIP,BN/WARPS != 16
F8_E4M3_B128,BITSHIFT,U(-1,1),1,4096,4096,128x128x32_w4_v1,SKIP,BN/WARPS != 16
F8_E4M3_B128,LUT,U(-1,1),1,4096,4096,128x256x32_w4_v1,SKIP,BN/WARPS != 16
F8_E4M3_B128,BITSHIFT,U(-1,1),1,4096,4096,128x256x32_w4_v1,SKIP,BN/WARPS != 16
F8_E4M3_B128,LUT,U(-1,1),1,4096,4096,128x256x32_w8_v1,SKIP,BN/WARPS != 16
F8_E4M3_B128,BITSHIFT,U(-1,1),1,4096,4096,128x256x32_w8_v1,SKIP,BN/WARPS != 16
F8_E4M3_B128,LUT,U(-1,1),1,4096,4096,64x64x32_w4_v1,SKIP,no template
F8_E4M3_B128,BITSHIFT,U(-1,1),1,4096,4096,64x64x32_w4_v1,SKIP,opt only LUT path
F8_E4M3_B128,LUT,U(-1,1),1,4096,4096,64x128x32_w4_v1,SKIP,BN/WARPS != 16
F8_E4M3_B128,BITSHIFT,U(-1,1),1,4096,4096,64x128x32_w4_v1,SKIP,BN/WARPS != 16
F8_E4M3_B128,LUT,U(-1,1),1,4096,4096,128x64x32_w4_v2,OK,ms=1.356,tflops=0.02,gbps=12.5,maxabs=1.289e-02,p99=9.838e-03,rel=1.839e-04
F8_E4M3_B128,BITSHIFT,U(-1,1),1,4096,4096,128x64x32_w4_v2,SKIP,opt only LUT path
F8_E4M3_B128,LUT,U(-1,1),1,4096,4096,128x128x32_w4_v2,SKIP,BN/WARPS != 16
F8_E4M3_B128,BITSHIFT,U(-1,1),1,4096,4096,128x128x32_w4_v2,SKIP,BN/WARPS != 16
F8_E4M3_B128,LUT,U(-1,1),1,4096,4096,128x256x32_w4_v2,SKIP,BN/WARPS != 16
F8_E4M3_B128,BITSHIFT,U(-1,1),1,4096,4096,128x256x32_w4_v2,SKIP,BN/WARPS != 16
F8_E4M3_B128,LUT,U(-1,1),1,4096,4096,128x256x32_w8_v2,SKIP,BN/WARPS != 16
F8_E4M3_B128,BITSHIFT,U(-1,1),1,4096,4096,128x256x32_w8_v2,SKIP,BN/WARPS != 16
F8_E4M3_B128,LUT,U(-1,1),1,4096,4096,64x64x32_w4_v2,OK,ms=1.257,tflops=0.03,gbps=13.5,maxabs=1.289e-02,p99=9.838e-03,rel=1.839e-04
F8_E4M3_B128,BITSHIFT,U(-1,1),1,4096,4096,64x64x32_w4_v2,SKIP,opt only LUT path
F8_E4M3_B128,LUT,U(-1,1),1,4096,4096,64x128x32_w4_v2,SKIP,BN/WARPS != 16
F8_E4M3_B128,BITSHIFT,U(-1,1),1,4096,4096,64x128x32_w4_v2,SKIP,BN/WARPS != 16
F8_E4M3_B128,LUT,U(-1,1),1,4096,4096,128x64x32_w4_v3,OK,ms=0.807,tflops=0.04,gbps=21.0,maxabs=1.289e-02,p99=9.838e-03,rel=1.839e-04
F8_E4M3_B128,BITSHIFT,U(-1,1),1,4096,4096,128x64x32_w4_v3,SKIP,opt only LUT path
F8_E4M3_B128,LUT,U(-1,1),1,4096,4096,128x128x32_w4_v3,SKIP,BN/WARPS != 16
F8_E4M3_B128,BITSHIFT,U(-1,1),1,4096,4096,128x128x32_w4_v3,SKIP,BN/WARPS != 16
F8_E4M3_B128,LUT,U(-1,1),1,4096,4096,128x256x32_w8_v3,SKIP,BN/WARPS != 16
F8_E4M3_B128,BITSHIFT,U(-1,1),1,4096,4096,128x256x32_w8_v3,SKIP,BN/WARPS != 16
F8_E4M3_B128,LUT,U(-1,1),1,4096,4096,64x64x32_w4_v3,OK,ms=0.677,tflops=0.05,gbps=25.0,maxabs=1.289e-02,p99=9.838e-03,rel=1.839e-04
F8_E4M3_B128,BITSHIFT,U(-1,1),1,4096,4096,64x64x32_w4_v3,SKIP,opt only LUT path
F8_E4M3_B128,LUT,U(-1,1),1,4096,4096,64x128x32_w4_v3,SKIP,BN/WARPS != 16
F8_E4M3_B128,BITSHIFT,U(-1,1),1,4096,4096,64x128x32_w4_v3,SKIP,BN/WARPS != 16
F8_E4M3_B128,LUT,U(-1,1),16,4096,4096,16x64x32_w4,OK,ms=1.201,tflops=0.45,gbps=14.5,maxabs=1.610e-02,p99=1.000e-02,rel=1.857e-04
F8_E4M3_B128,BITSHIFT,U(-1,1),16,4096,4096,16x64x32_w4,OK,ms=1.291,tflops=0.42,gbps=13.5,maxabs=1.610e-02,p99=1.001e-02,rel=1.857e-04
F8_E4M3_B128,LUT,U(-1,1),16,4096,4096,16x128x32_w8,OK,ms=1.285,tflops=0.42,gbps=13.6,maxabs=1.610e-02,p99=1.000e-02,rel=1.857e-04
F8_E4M3_B128,BITSHIFT,U(-1,1),16,4096,4096,16x128x32_w8,OK,ms=1.467,tflops=0.37,gbps=11.9,maxabs=1.610e-02,p99=1.001e-02,rel=1.857e-04
F8_E4M3_B128,LUT,U(-1,1),16,4096,4096,16x128x32_w4f2,SKIP,BN/WARPS != 16
F8_E4M3_B128,BITSHIFT,U(-1,1),16,4096,4096,16x128x32_w4f2,SKIP,BN/WARPS != 16
F8_E4M3_B128,LUT,U(-1,1),16,4096,4096,16x256x32_w4f4,SKIP,BN/WARPS != 16
F8_E4M3_B128,BITSHIFT,U(-1,1),16,4096,4096,16x256x32_w4f4,SKIP,BN/WARPS != 16
F8_E4M3_B128,LUT,U(-1,1),16,4096,4096,128x64x32_w4_v1,SKIP,no template
F8_E4M3_B128,BITSHIFT,U(-1,1),16,4096,4096,128x64x32_w4_v1,SKIP,opt only LUT path
F8_E4M3_B128,LUT,U(-1,1),16,4096,4096,128x128x32_w4_v1,SKIP,BN/WARPS != 16
F8_E4M3_B128,BITSHIFT,U(-1,1),16,4096,4096,128x128x32_w4_v1,SKIP,BN/WARPS != 16
F8_E4M3_B128,LUT,U(-1,1),16,4096,4096,128x256x32_w4_v1,SKIP,BN/WARPS != 16
F8_E4M3_B128,BITSHIFT,U(-1,1),16,4096,4096,128x256x32_w4_v1,SKIP,BN/WARPS != 16
F8_E4M3_B128,LUT,U(-1,1),16,4096,4096,128x256x32_w8_v1,SKIP,BN/WARPS != 16
F8_E4M3_B128,BITSHIFT,U(-1,1),16,4096,4096,128x256x32_w8_v1,SKIP,BN/WARPS != 16
F8_E4M3_B128,LUT,U(-1,1),16,4096,4096,64x64x32_w4_v1,SKIP,no template
F8_E4M3_B128,BITSHIFT,U(-1,1),16,4096,4096,64x64x32_w4_v1,SKIP,opt only LUT path
F8_E4M3_B128,LUT,U(-1,1),16,4096,4096,64x128x32_w4_v1,SKIP,BN/WARPS != 16
F8_E4M3_B128,BITSHIFT,U(-1,1),16,4096,4096,64x128x32_w4_v1,SKIP,BN/WARPS != 16
F8_E4M3_B128,LUT,U(-1,1),16,4096,4096,128x64x32_w4_v2,OK,ms=1.371,tflops=0.39,gbps=12.7,maxabs=1.610e-02,p99=1.000e-02,rel=1.857e-04
F8_E4M3_B128,BITSHIFT,U(-1,1),16,4096,4096,128x64x32_w4_v2,SKIP,opt only LUT path
F8_E4M3_B128,LUT,U(-1,1),16,4096,4096,128x128x32_w4_v2,SKIP,BN/WARPS != 16
F8_E4M3_B128,BITSHIFT,U(-1,1),16,4096,4096,128x128x32_w4_v2,SKIP,BN/WARPS != 16
F8_E4M3_B128,LUT,U(-1,1),16,4096,4096,128x256x32_w4_v2,SKIP,BN/WARPS != 16
F8_E4M3_B128,BITSHIFT,U(-1,1),16,4096,4096,128x256x32_w4_v2,SKIP,BN/WARPS != 16
F8_E4M3_B128,LUT,U(-1,1),16,4096,4096,128x256x32_w8_v2,SKIP,BN/WARPS != 16
F8_E4M3_B128,BITSHIFT,U(-1,1),16,4096,4096,128x256x32_w8_v2,SKIP,BN/WARPS != 16
F8_E4M3_B128,LUT,U(-1,1),16,4096,4096,64x64x32_w4_v2,OK,ms=1.270,tflops=0.42,gbps=13.7,maxabs=1.610e-02,p99=1.000e-02,rel=1.857e-04
F8_E4M3_B128,BITSHIFT,U(-1,1),16,4096,4096,64x64x32_w4_v2,SKIP,opt only LUT path
F8_E4M3_B128,LUT,U(-1,1),16,4096,4096,64x128x32_w4_v2,SKIP,BN/WARPS != 16
F8_E4M3_B128,BITSHIFT,U(-1,1),16,4096,4096,64x128x32_w4_v2,SKIP,BN/WARPS != 16
F8_E4M3_B128,LUT,U(-1,1),16,4096,4096,128x64x32_w4_v3,OK,ms=0.823,tflops=0.65,gbps=21.2,maxabs=1.610e-02,p99=1.000e-02,rel=1.857e-04
F8_E4M3_B128,BITSHIFT,U(-1,1),16,4096,4096,128x64x32_w4_v3,SKIP,opt only LUT path
F8_E4M3_B128,LUT,U(-1,1),16,4096,4096,128x128x32_w4_v3,SKIP,BN/WARPS != 16
F8_E4M3_B128,BITSHIFT,U(-1,1),16,4096,4096,128x128x32_w4_v3,SKIP,BN/WARPS != 16
F8_E4M3_B128,LUT,U(-1,1),16,4096,4096,128x256x32_w8_v3,SKIP,BN/WARPS != 16
F8_E4M3_B128,BITSHIFT,U(-1,1),16,4096,4096,128x256x32_w8_v3,SKIP,BN/WARPS != 16
F8_E4M3_B128,LUT,U(-1,1),16,4096,4096,64x64x32_w4_v3,OK,ms=0.696,tflops=0.77,gbps=25.1,maxabs=1.610e-02,p99=1.000e-02,rel=1.857e-04
F8_E4M3_B128,BITSHIFT,U(-1,1),16,4096,4096,64x64x32_w4_v3,SKIP,opt only LUT path
F8_E4M3_B128,LUT,U(-1,1),16,4096,4096,64x128x32_w4_v3,SKIP,BN/WARPS != 16
F8_E4M3_B128,BITSHIFT,U(-1,1),16,4096,4096,64x128x32_w4_v3,SKIP,BN/WARPS != 16
F8_E4M3_B128,LUT,U(-1,1),64,4096,4096,16x64x32_w4,OK,ms=1.223,tflops=1.76,gbps=15.5,maxabs=1.946e-02,p99=1.015e-02,rel=1.852e-04
F8_E4M3_B128,BITSHIFT,U(-1,1),64,4096,4096,16x64x32_w4,OK,ms=1.379,tflops=1.56,gbps=13.8,maxabs=1.945e-02,p99=1.016e-02,rel=1.852e-04
F8_E4M3_B128,LUT,U(-1,1),64,4096,4096,16x128x32_w8,OK,ms=1.260,tflops=1.70,gbps=15.1,maxabs=1.946e-02,p99=1.015e-02,rel=1.852e-04
F8_E4M3_B128,BITSHIFT,U(-1,1),64,4096,4096,16x128x32_w8,OK,ms=1.455,tflops=1.48,gbps=13.1,maxabs=1.945e-02,p99=1.016e-02,rel=1.852e-04
F8_E4M3_B128,LUT,U(-1,1),64,4096,4096,16x128x32_w4f2,SKIP,BN/WARPS != 16
F8_E4M3_B128,BITSHIFT,U(-1,1),64,4096,4096,16x128x32_w4f2,SKIP,BN/WARPS != 16
F8_E4M3_B128,LUT,U(-1,1),64,4096,4096,16x256x32_w4f4,SKIP,BN/WARPS != 16
F8_E4M3_B128,BITSHIFT,U(-1,1),64,4096,4096,16x256x32_w4f4,SKIP,BN/WARPS != 16
F8_E4M3_B128,LUT,U(-1,1),64,4096,4096,128x64x32_w4_v1,SKIP,no template
F8_E4M3_B128,BITSHIFT,U(-1,1),64,4096,4096,128x64x32_w4_v1,SKIP,opt only LUT path
F8_E4M3_B128,LUT,U(-1,1),64,4096,4096,128x128x32_w4_v1,SKIP,BN/WARPS != 16
F8_E4M3_B128,BITSHIFT,U(-1,1),64,4096,4096,128x128x32_w4_v1,SKIP,BN/WARPS != 16
F8_E4M3_B128,LUT,U(-1,1),64,4096,4096,128x256x32_w4_v1,SKIP,BN/WARPS != 16
F8_E4M3_B128,BITSHIFT,U(-1,1),64,4096,4096,128x256x32_w4_v1,SKIP,BN/WARPS != 16
F8_E4M3_B128,LUT,U(-1,1),64,4096,4096,128x256x32_w8_v1,SKIP,BN/WARPS != 16
F8_E4M3_B128,BITSHIFT,U(-1,1),64,4096,4096,128x256x32_w8_v1,SKIP,BN/WARPS != 16
F8_E4M3_B128,LUT,U(-1,1),64,4096,4096,64x64x32_w4_v1,SKIP,no template
F8_E4M3_B128,BITSHIFT,U(-1,1),64,4096,4096,64x64x32_w4_v1,SKIP,opt only LUT path
F8_E4M3_B128,LUT,U(-1,1),64,4096,4096,64x128x32_w4_v1,SKIP,BN/WARPS != 16
F8_E4M3_B128,BITSHIFT,U(-1,1),64,4096,4096,64x128x32_w4_v1,SKIP,BN/WARPS != 16
F8_E4M3_B128,LUT,U(-1,1),64,4096,4096,128x64x32_w4_v2,OK,ms=1.388,tflops=1.55,gbps=13.7,maxabs=1.946e-02,p99=1.015e-02,rel=1.852e-04
F8_E4M3_B128,BITSHIFT,U(-1,1),64,4096,4096,128x64x32_w4_v2,SKIP,opt only LUT path
F8_E4M3_B128,LUT,U(-1,1),64,4096,4096,128x128x32_w4_v2,SKIP,BN/WARPS != 16
F8_E4M3_B128,BITSHIFT,U(-1,1),64,4096,4096,128x128x32_w4_v2,SKIP,BN/WARPS != 16
F8_E4M3_B128,LUT,U(-1,1),64,4096,4096,128x256x32_w4_v2,SKIP,BN/WARPS != 16
F8_E4M3_B128,BITSHIFT,U(-1,1),64,4096,4096,128x256x32_w4_v2,SKIP,BN/WARPS != 16
F8_E4M3_B128,LUT,U(-1,1),64,4096,4096,128x256x32_w8_v2,SKIP,BN/WARPS != 16
F8_E4M3_B128,BITSHIFT,U(-1,1),64,4096,4096,128x256x32_w8_v2,SKIP,BN/WARPS != 16
F8_E4M3_B128,LUT,U(-1,1),64,4096,4096,64x64x32_w4_v2,OK,ms=1.298,tflops=1.65,gbps=14.6,maxabs=1.946e-02,p99=1.015e-02,rel=1.852e-04
F8_E4M3_B128,BITSHIFT,U(-1,1),64,4096,4096,64x64x32_w4_v2,SKIP,opt only LUT path
F8_E4M3_B128,LUT,U(-1,1),64,4096,4096,64x128x32_w4_v2,SKIP,BN/WARPS != 16
F8_E4M3_B128,BITSHIFT,U(-1,1),64,4096,4096,64x128x32_w4_v2,SKIP,BN/WARPS != 16
F8_E4M3_B128,LUT,U(-1,1),64,4096,4096,128x64x32_w4_v3,OK,ms=0.834,tflops=2.57,gbps=22.8,maxabs=1.946e-02,p99=1.015e-02,rel=1.852e-04
F8_E4M3_B128,BITSHIFT,U(-1,1),64,4096,4096,128x64x32_w4_v3,SKIP,opt only LUT path
F8_E4M3_B128,LUT,U(-1,1),64,4096,4096,128x128x32_w4_v3,SKIP,BN/WARPS != 16
F8_E4M3_B128,BITSHIFT,U(-1,1),64,4096,4096,128x128x32_w4_v3,SKIP,BN/WARPS != 16
F8_E4M3_B128,LUT,U(-1,1),64,4096,4096,128x256x32_w8_v3,SKIP,BN/WARPS != 16
F8_E4M3_B128,BITSHIFT,U(-1,1),64,4096,4096,128x256x32_w8_v3,SKIP,BN/WARPS != 16
F8_E4M3_B128,LUT,U(-1,1),64,4096,4096,64x64x32_w4_v3,OK,ms=0.742,tflops=2.89,gbps=25.6,maxabs=1.946e-02,p99=1.015e-02,rel=1.852e-04
F8_E4M3_B128,BITSHIFT,U(-1,1),64,4096,4096,64x64x32_w4_v3,SKIP,opt only LUT path
F8_E4M3_B128,LUT,U(-1,1),64,4096,4096,64x128x32_w4_v3,SKIP,BN/WARPS != 16
F8_E4M3_B128,BITSHIFT,U(-1,1),64,4096,4096,64x128x32_w4_v3,SKIP,BN/WARPS != 16
F8_E4M3_B128,LUT,U(-1,1),128,4096,4096,16x64x32_w4,OK,ms=1.334,tflops=3.22,gbps=15.8,maxabs=1.946e-02,p99=1.020e-02,rel=1.852e-04
F8_E4M3_B128,BITSHIFT,U(-1,1),128,4096,4096,16x64x32_w4,OK,ms=1.548,tflops=2.77,gbps=13.6,maxabs=1.945e-02,p99=1.020e-02,rel=1.852e-04
F8_E4M3_B128,LUT,U(-1,1),128,4096,4096,16x128x32_w8,OK,ms=1.391,tflops=3.09,gbps=15.2,maxabs=1.946e-02,p99=1.020e-02,rel=1.852e-04
F8_E4M3_B128,BITSHIFT,U(-1,1),128,4096,4096,16x128x32_w8,OK,ms=1.699,tflops=2.53,gbps=12.4,maxabs=1.945e-02,p99=1.020e-02,rel=1.852e-04
F8_E4M3_B128,LUT,U(-1,1),128,4096,4096,16x128x32_w4f2,SKIP,BN/WARPS != 16
F8_E4M3_B128,BITSHIFT,U(-1,1),128,4096,4096,16x128x32_w4f2,SKIP,BN/WARPS != 16
F8_E4M3_B128,LUT,U(-1,1),128,4096,4096,16x256x32_w4f4,SKIP,BN/WARPS != 16
F8_E4M3_B128,BITSHIFT,U(-1,1),128,4096,4096,16x256x32_w4f4,SKIP,BN/WARPS != 16
F8_E4M3_B128,LUT,U(-1,1),128,4096,4096,128x64x32_w4_v1,SKIP,no template
F8_E4M3_B128,BITSHIFT,U(-1,1),128,4096,4096,128x64x32_w4_v1,SKIP,opt only LUT path
F8_E4M3_B128,LUT,U(-1,1),128,4096,4096,128x128x32_w4_v1,SKIP,BN/WARPS != 16
F8_E4M3_B128,BITSHIFT,U(-1,1),128,4096,4096,128x128x32_w4_v1,SKIP,BN/WARPS != 16
F8_E4M3_B128,LUT,U(-1,1),128,4096,4096,128x256x32_w4_v1,SKIP,BN/WARPS != 16
F8_E4M3_B128,BITSHIFT,U(-1,1),128,4096,4096,128x256x32_w4_v1,SKIP,BN/WARPS != 16
F8_E4M3_B128,LUT,U(-1,1),128,4096,4096,128x256x32_w8_v1,SKIP,BN/WARPS != 16
F8_E4M3_B128,BITSHIFT,U(-1,1),128,4096,4096,128x256x32_w8_v1,SKIP,BN/WARPS != 16
F8_E4M3_B128,LUT,U(-1,1),128,4096,4096,64x64x32_w4_v1,SKIP,no template
F8_E4M3_B128,BITSHIFT,U(-1,1),128,4096,4096,64x64x32_w4_v1,SKIP,opt only LUT path
F8_E4M3_B128,LUT,U(-1,1),128,4096,4096,64x128x32_w4_v1,SKIP,BN/WARPS != 16
F8_E4M3_B128,BITSHIFT,U(-1,1),128,4096,4096,64x128x32_w4_v1,SKIP,BN/WARPS != 16
F8_E4M3_B128,LUT,U(-1,1),128,4096,4096,128x64x32_w4_v2,OK,ms=1.411,tflops=3.04,gbps=15.0,maxabs=1.946e-02,p99=1.020e-02,rel=1.852e-04
F8_E4M3_B128,BITSHIFT,U(-1,1),128,4096,4096,128x64x32_w4_v2,SKIP,opt only LUT path
F8_E4M3_B128,LUT,U(-1,1),128,4096,4096,128x128x32_w4_v2,SKIP,BN/WARPS != 16
F8_E4M3_B128,BITSHIFT,U(-1,1),128,4096,4096,128x128x32_w4_v2,SKIP,BN/WARPS != 16
F8_E4M3_B128,LUT,U(-1,1),128,4096,4096,128x256x32_w4_v2,SKIP,BN/WARPS != 16
F8_E4M3_B128,BITSHIFT,U(-1,1),128,4096,4096,128x256x32_w4_v2,SKIP,BN/WARPS != 16
F8_E4M3_B128,LUT,U(-1,1),128,4096,4096,128x256x32_w8_v2,SKIP,BN/WARPS != 16
F8_E4M3_B128,BITSHIFT,U(-1,1),128,4096,4096,128x256x32_w8_v2,SKIP,BN/WARPS != 16
F8_E4M3_B128,LUT,U(-1,1),128,4096,4096,64x64x32_w4_v2,OK,ms=1.301,tflops=3.30,gbps=16.2,maxabs=1.946e-02,p99=1.020e-02,rel=1.852e-04
F8_E4M3_B128,BITSHIFT,U(-1,1),128,4096,4096,64x64x32_w4_v2,SKIP,opt only LUT path
F8_E4M3_B128,LUT,U(-1,1),128,4096,4096,64x128x32_w4_v2,SKIP,BN/WARPS != 16
F8_E4M3_B128,BITSHIFT,U(-1,1),128,4096,4096,64x128x32_w4_v2,SKIP,BN/WARPS != 16
F8_E4M3_B128,LUT,U(-1,1),128,4096,4096,128x64x32_w4_v3,OK,ms=0.877,tflops=4.90,gbps=24.1,maxabs=1.946e-02,p99=1.020e-02,rel=1.852e-04
F8_E4M3_B128,BITSHIFT,U(-1,1),128,4096,4096,128x64x32_w4_v3,SKIP,opt only LUT path
F8_E4M3_B128,LUT,U(-1,1),128,4096,4096,128x128x32_w4_v3,SKIP,BN/WARPS != 16
F8_E4M3_B128,BITSHIFT,U(-1,1),128,4096,4096,128x128x32_w4_v3,SKIP,BN/WARPS != 16
F8_E4M3_B128,LUT,U(-1,1),128,4096,4096,128x256x32_w8_v3,SKIP,BN/WARPS != 16
F8_E4M3_B128,BITSHIFT,U(-1,1),128,4096,4096,128x256x32_w8_v3,SKIP,BN/WARPS != 16
F8_E4M3_B128,LUT,U(-1,1),128,4096,4096,64x64x32_w4_v3,OK,ms=0.749,tflops=5.74,gbps=28.2,maxabs=1.946e-02,p99=1.020e-02,rel=1.852e-04
F8_E4M3_B128,BITSHIFT,U(-1,1),128,4096,4096,64x64x32_w4_v3,SKIP,opt only LUT path
F8_E4M3_B128,LUT,U(-1,1),128,4096,4096,64x128x32_w4_v3,SKIP,BN/WARPS != 16
F8_E4M3_B128,BITSHIFT,U(-1,1),128,4096,4096,64x128x32_w4_v3,SKIP,BN/WARPS != 16
F8_E4M3_B128,LUT,U(-1,1),256,4096,4096,16x64x32_w4,OK,ms=2.731,tflops=3.15,gbps=9.3,maxabs=1.946e-02,p99=9.815e-03,rel=1.849e-04
F8_E4M3_B128,BITSHIFT,U(-1,1),256,4096,4096,16x64x32_w4,OK,ms=3.253,tflops=2.64,gbps=7.8,maxabs=1.945e-02,p99=9.814e-03,rel=1.849e-04
F8_E4M3_B128,LUT,U(-1,1),256,4096,4096,16x128x32_w8,OK,ms=2.812,tflops=3.05,gbps=9.0,maxabs=1.946e-02,p99=9.815e-03,rel=1.849e-04
F8_E4M3_B128,BITSHIFT,U(-1,1),256,4096,4096,16x128x32_w8,OK,ms=3.446,tflops=2.49,gbps=7.3,maxabs=1.945e-02,p99=9.814e-03,rel=1.849e-04
F8_E4M3_B128,LUT,U(-1,1),256,4096,4096,16x128x32_w4f2,SKIP,BN/WARPS != 16
F8_E4M3_B128,BITSHIFT,U(-1,1),256,4096,4096,16x128x32_w4f2,SKIP,BN/WARPS != 16
F8_E4M3_B128,LUT,U(-1,1),256,4096,4096,16x256x32_w4f4,SKIP,BN/WARPS != 16
F8_E4M3_B128,BITSHIFT,U(-1,1),256,4096,4096,16x256x32_w4f4,SKIP,BN/WARPS != 16
F8_E4M3_B128,LUT,U(-1,1),256,4096,4096,128x64x32_w4_v1,SKIP,no template
F8_E4M3_B128,BITSHIFT,U(-1,1),256,4096,4096,128x64x32_w4_v1,SKIP,opt only LUT path
F8_E4M3_B128,LUT,U(-1,1),256,4096,4096,128x128x32_w4_v1,SKIP,BN/WARPS != 16
F8_E4M3_B128,BITSHIFT,U(-1,1),256,4096,4096,128x128x32_w4_v1,SKIP,BN/WARPS != 16
F8_E4M3_B128,LUT,U(-1,1),256,4096,4096,128x256x32_w4_v1,SKIP,BN/WARPS != 16
F8_E4M3_B128,BITSHIFT,U(-1,1),256,4096,4096,128x256x32_w4_v1,SKIP,BN/WARPS != 16
F8_E4M3_B128,LUT,U(-1,1),256,4096,4096,128x256x32_w8_v1,SKIP,BN/WARPS != 16
F8_E4M3_B128,BITSHIFT,U(-1,1),256,4096,4096,128x256x32_w8_v1,SKIP,BN/WARPS != 16
F8_E4M3_B128,LUT,U(-1,1),256,4096,4096,64x64x32_w4_v1,SKIP,no template
F8_E4M3_B128,BITSHIFT,U(-1,1),256,4096,4096,64x64x32_w4_v1,SKIP,opt only LUT path
F8_E4M3_B128,LUT,U(-1,1),256,4096,4096,64x128x32_w4_v1,SKIP,BN/WARPS != 16
F8_E4M3_B128,BITSHIFT,U(-1,1),256,4096,4096,64x128x32_w4_v1,SKIP,BN/WARPS != 16
F8_E4M3_B128,LUT,U(-1,1),256,4096,4096,128x64x32_w4_v2,OK,ms=1.445,tflops=5.94,gbps=17.5,maxabs=1.946e-02,p99=9.815e-03,rel=1.849e-04
F8_E4M3_B128,BITSHIFT,U(-1,1),256,4096,4096,128x64x32_w4_v2,SKIP,opt only LUT path
F8_E4M3_B128,LUT,U(-1,1),256,4096,4096,128x128x32_w4_v2,SKIP,BN/WARPS != 16
F8_E4M3_B128,BITSHIFT,U(-1,1),256,4096,4096,128x128x32_w4_v2,SKIP,BN/WARPS != 16
F8_E4M3_B128,LUT,U(-1,1),256,4096,4096,128x256x32_w4_v2,SKIP,BN/WARPS != 16
F8_E4M3_B128,BITSHIFT,U(-1,1),256,4096,4096,128x256x32_w4_v2,SKIP,BN/WARPS != 16
F8_E4M3_B128,LUT,U(-1,1),256,4096,4096,128x256x32_w8_v2,SKIP,BN/WARPS != 16
F8_E4M3_B128,BITSHIFT,U(-1,1),256,4096,4096,128x256x32_w8_v2,SKIP,BN/WARPS != 16
F8_E4M3_B128,LUT,U(-1,1),256,4096,4096,64x64x32_w4_v2,OK,ms=1.350,tflops=6.36,gbps=18.7,maxabs=1.946e-02,p99=9.815e-03,rel=1.849e-04
F8_E4M3_B128,BITSHIFT,U(-1,1),256,4096,4096,64x64x32_w4_v2,SKIP,opt only LUT path
F8_E4M3_B128,LUT,U(-1,1),256,4096,4096,64x128x32_w4_v2,SKIP,BN/WARPS != 16
F8_E4M3_B128,BITSHIFT,U(-1,1),256,4096,4096,64x128x32_w4_v2,SKIP,BN/WARPS != 16
F8_E4M3_B128,LUT,U(-1,1),256,4096,4096,128x64x32_w4_v3,OK,ms=0.933,tflops=9.21,gbps=27.1,maxabs=1.946e-02,p99=9.815e-03,rel=1.849e-04
F8_E4M3_B128,BITSHIFT,U(-1,1),256,4096,4096,128x64x32_w4_v3,SKIP,opt only LUT path
F8_E4M3_B128,LUT,U(-1,1),256,4096,4096,128x128x32_w4_v3,SKIP,BN/WARPS != 16
F8_E4M3_B128,BITSHIFT,U(-1,1),256,4096,4096,128x128x32_w4_v3,SKIP,BN/WARPS != 16
F8_E4M3_B128,LUT,U(-1,1),256,4096,4096,128x256x32_w8_v3,SKIP,BN/WARPS != 16
F8_E4M3_B128,BITSHIFT,U(-1,1),256,4096,4096,128x256x32_w8_v3,SKIP,BN/WARPS != 16
F8_E4M3_B128,LUT,U(-1,1),256,4096,4096,64x64x32_w4_v3,OK,ms=0.811,tflops=10.59,gbps=31.2,maxabs=1.946e-02,p99=9.815e-03,rel=1.849e-04
F8_E4M3_B128,BITSHIFT,U(-1,1),256,4096,4096,64x64x32_w4_v3,SKIP,opt only LUT path
F8_E4M3_B128,LUT,U(-1,1),256,4096,4096,64x128x32_w4_v3,SKIP,BN/WARPS != 16
F8_E4M3_B128,BITSHIFT,U(-1,1),256,4096,4096,64x128x32_w4_v3,SKIP,BN/WARPS != 16
F8_E4M3_B128,LUT,U(-1,1),512,4096,4096,16x64x32_w4,OK,ms=4.422,tflops=3.88,gbps=7.6,maxabs=1.951e-02,p99=9.951e-03,rel=1.848e-04
F8_E4M3_B128,BITSHIFT,U(-1,1),512,4096,4096,16x64x32_w4,OK,ms=6.307,tflops=2.72,gbps=5.3,maxabs=1.950e-02,p99=9.949e-03,rel=1.848e-04
F8_E4M3_B128,LUT,U(-1,1),512,4096,4096,16x128x32_w8,OK,ms=5.591,tflops=3.07,gbps=6.0,maxabs=1.951e-02,p99=9.951e-03,rel=1.848e-04
F8_E4M3_B128,BITSHIFT,U(-1,1),512,4096,4096,16x128x32_w8,OK,ms=6.740,tflops=2.55,gbps=5.0,maxabs=1.950e-02,p99=9.949e-03,rel=1.848e-04
F8_E4M3_B128,LUT,U(-1,1),512,4096,4096,16x128x32_w4f2,SKIP,BN/WARPS != 16
F8_E4M3_B128,BITSHIFT,U(-1,1),512,4096,4096,16x128x32_w4f2,SKIP,BN/WARPS != 16
F8_E4M3_B128,LUT,U(-1,1),512,4096,4096,16x256x32_w4f4,SKIP,BN/WARPS != 16
F8_E4M3_B128,BITSHIFT,U(-1,1),512,4096,4096,16x256x32_w4f4,SKIP,BN/WARPS != 16
F8_E4M3_B128,LUT,U(-1,1),512,4096,4096,128x64x32_w4_v1,SKIP,no template
F8_E4M3_B128,BITSHIFT,U(-1,1),512,4096,4096,128x64x32_w4_v1,SKIP,opt only LUT path
F8_E4M3_B128,LUT,U(-1,1),512,4096,4096,128x128x32_w4_v1,SKIP,BN/WARPS != 16
F8_E4M3_B128,BITSHIFT,U(-1,1),512,4096,4096,128x128x32_w4_v1,SKIP,BN/WARPS != 16
F8_E4M3_B128,LUT,U(-1,1),512,4096,4096,128x256x32_w4_v1,SKIP,BN/WARPS != 16
F8_E4M3_B128,BITSHIFT,U(-1,1),512,4096,4096,128x256x32_w4_v1,SKIP,BN/WARPS != 16
F8_E4M3_B128,LUT,U(-1,1),512,4096,4096,128x256x32_w8_v1,SKIP,BN/WARPS != 16
F8_E4M3_B128,BITSHIFT,U(-1,1),512,4096,4096,128x256x32_w8_v1,SKIP,BN/WARPS != 16
F8_E4M3_B128,LUT,U(-1,1),512,4096,4096,64x64x32_w4_v1,SKIP,no template
F8_E4M3_B128,BITSHIFT,U(-1,1),512,4096,4096,64x64x32_w4_v1,SKIP,opt only LUT path
F8_E4M3_B128,LUT,U(-1,1),512,4096,4096,64x128x32_w4_v1,SKIP,BN/WARPS != 16
F8_E4M3_B128,BITSHIFT,U(-1,1),512,4096,4096,64x128x32_w4_v1,SKIP,BN/WARPS != 16
F8_E4M3_B128,LUT,U(-1,1),512,4096,4096,128x64x32_w4_v2,OK,ms=1.606,tflops=10.70,gbps=21.0,maxabs=1.951e-02,p99=9.951e-03,rel=1.848e-04
F8_E4M3_B128,BITSHIFT,U(-1,1),512,4096,4096,128x64x32_w4_v2,SKIP,opt only LUT path
F8_E4M3_B128,LUT,U(-1,1),512,4096,4096,128x128x32_w4_v2,SKIP,BN/WARPS != 16
F8_E4M3_B128,BITSHIFT,U(-1,1),512,4096,4096,128x128x32_w4_v2,SKIP,BN/WARPS != 16
F8_E4M3_B128,LUT,U(-1,1),512,4096,4096,128x256x32_w4_v2,SKIP,BN/WARPS != 16
F8_E4M3_B128,BITSHIFT,U(-1,1),512,4096,4096,128x256x32_w4_v2,SKIP,BN/WARPS != 16
F8_E4M3_B128,LUT,U(-1,1),512,4096,4096,128x256x32_w8_v2,SKIP,BN/WARPS != 16
F8_E4M3_B128,BITSHIFT,U(-1,1),512,4096,4096,128x256x32_w8_v2,SKIP,BN/WARPS != 16
F8_E4M3_B128,LUT,U(-1,1),512,4096,4096,64x64x32_w4_v2,OK,ms=2.832,tflops=6.07,gbps=11.9,maxabs=1.951e-02,p99=9.951e-03,rel=1.848e-04
F8_E4M3_B128,BITSHIFT,U(-1,1),512,4096,4096,64x64x32_w4_v2,SKIP,opt only LUT path
F8_E4M3_B128,LUT,U(-1,1),512,4096,4096,64x128x32_w4_v2,SKIP,BN/WARPS != 16
F8_E4M3_B128,BITSHIFT,U(-1,1),512,4096,4096,64x128x32_w4_v2,SKIP,BN/WARPS != 16
F8_E4M3_B128,LUT,U(-1,1),512,4096,4096,128x64x32_w4_v3,OK,ms=2.152,tflops=7.98,gbps=15.7,maxabs=1.951e-02,p99=9.951e-03,rel=1.848e-04
F8_E4M3_B128,BITSHIFT,U(-1,1),512,4096,4096,128x64x32_w4_v3,SKIP,opt only LUT path
F8_E4M3_B128,LUT,U(-1,1),512,4096,4096,128x128x32_w4_v3,SKIP,BN/WARPS != 16
F8_E4M3_B128,BITSHIFT,U(-1,1),512,4096,4096,128x128x32_w4_v3,SKIP,BN/WARPS != 16
F8_E4M3_B128,LUT,U(-1,1),512,4096,4096,128x256x32_w8_v3,SKIP,BN/WARPS != 16
F8_E4M3_B128,BITSHIFT,U(-1,1),512,4096,4096,128x256x32_w8_v3,SKIP,BN/WARPS != 16
F8_E4M3_B128,LUT,U(-1,1),512,4096,4096,64x64x32_w4_v3,OK,ms=1.760,tflops=9.76,gbps=19.1,maxabs=1.951e-02,p99=9.951e-03,rel=1.848e-04
F8_E4M3_B128,BITSHIFT,U(-1,1),512,4096,4096,64x64x32_w4_v3,SKIP,opt only LUT path
F8_E4M3_B128,LUT,U(-1,1),512,4096,4096,64x128x32_w4_v3,SKIP,BN/WARPS != 16
F8_E4M3_B128,BITSHIFT,U(-1,1),512,4096,4096,64x128x32_w4_v3,SKIP,BN/WARPS != 16
F8_E4M3_B128,LUT,U(-1,1),1024,4096,4096,16x64x32_w4,OK,ms=8.826,tflops=3.89,gbps=5.7,maxabs=1.949e-02,p99=9.953e-03,rel=1.847e-04
F8_E4M3_B128,BITSHIFT,U(-1,1),1024,4096,4096,16x64x32_w4,OK,ms=11.226,tflops=3.06,gbps=4.5,maxabs=1.949e-02,p99=9.953e-03,rel=1.847e-04
F8_E4M3_B128,LUT,U(-1,1),1024,4096,4096,16x128x32_w8,OK,ms=9.892,tflops=3.47,gbps=5.1,maxabs=1.949e-02,p99=9.953e-03,rel=1.847e-04
F8_E4M3_B128,BITSHIFT,U(-1,1),1024,4096,4096,16x128x32_w8,OK,ms=11.979,tflops=2.87,gbps=4.2,maxabs=1.949e-02,p99=9.953e-03,rel=1.847e-04
F8_E4M3_B128,LUT,U(-1,1),1024,4096,4096,16x128x32_w4f2,SKIP,BN/WARPS != 16
F8_E4M3_B128,BITSHIFT,U(-1,1),1024,4096,4096,16x128x32_w4f2,SKIP,BN/WARPS != 16
F8_E4M3_B128,LUT,U(-1,1),1024,4096,4096,16x256x32_w4f4,SKIP,BN/WARPS != 16
F8_E4M3_B128,BITSHIFT,U(-1,1),1024,4096,4096,16x256x32_w4f4,SKIP,BN/WARPS != 16
F8_E4M3_B128,LUT,U(-1,1),1024,4096,4096,128x64x32_w4_v1,SKIP,no template
F8_E4M3_B128,BITSHIFT,U(-1,1),1024,4096,4096,128x64x32_w4_v1,SKIP,opt only LUT path
F8_E4M3_B128,LUT,U(-1,1),1024,4096,4096,128x128x32_w4_v1,SKIP,BN/WARPS != 16
F8_E4M3_B128,BITSHIFT,U(-1,1),1024,4096,4096,128x128x32_w4_v1,SKIP,BN/WARPS != 16
F8_E4M3_B128,LUT,U(-1,1),1024,4096,4096,128x256x32_w4_v1,SKIP,BN/WARPS != 16
F8_E4M3_B128,BITSHIFT,U(-1,1),1024,4096,4096,128x256x32_w4_v1,SKIP,BN/WARPS != 16
F8_E4M3_B128,LUT,U(-1,1),1024,4096,4096,128x256x32_w8_v1,SKIP,BN/WARPS != 16
F8_E4M3_B128,BITSHIFT,U(-1,1),1024,4096,4096,128x256x32_w8_v1,SKIP,BN/WARPS != 16
F8_E4M3_B128,LUT,U(-1,1),1024,4096,4096,64x64x32_w4_v1,SKIP,no template
F8_E4M3_B128,BITSHIFT,U(-1,1),1024,4096,4096,64x64x32_w4_v1,SKIP,opt only LUT path
F8_E4M3_B128,LUT,U(-1,1),1024,4096,4096,64x128x32_w4_v1,SKIP,BN/WARPS != 16
F8_E4M3_B128,BITSHIFT,U(-1,1),1024,4096,4096,64x128x32_w4_v1,SKIP,BN/WARPS != 16
F8_E4M3_B128,LUT,U(-1,1),1024,4096,4096,128x64x32_w4_v2,OK,ms=3.259,tflops=10.54,gbps=15.5,maxabs=1.949e-02,p99=9.953e-03,rel=1.847e-04
F8_E4M3_B128,BITSHIFT,U(-1,1),1024,4096,4096,128x64x32_w4_v2,SKIP,opt only LUT path
F8_E4M3_B128,LUT,U(-1,1),1024,4096,4096,128x128x32_w4_v2,SKIP,BN/WARPS != 16
F8_E4M3_B128,BITSHIFT,U(-1,1),1024,4096,4096,128x128x32_w4_v2,SKIP,BN/WARPS != 16
F8_E4M3_B128,LUT,U(-1,1),1024,4096,4096,128x256x32_w4_v2,SKIP,BN/WARPS != 16
F8_E4M3_B128,BITSHIFT,U(-1,1),1024,4096,4096,128x256x32_w4_v2,SKIP,BN/WARPS != 16
F8_E4M3_B128,LUT,U(-1,1),1024,4096,4096,128x256x32_w8_v2,SKIP,BN/WARPS != 16
F8_E4M3_B128,BITSHIFT,U(-1,1),1024,4096,4096,128x256x32_w8_v2,SKIP,BN/WARPS != 16
F8_E4M3_B128,LUT,U(-1,1),1024,4096,4096,64x64x32_w4_v2,OK,ms=4.259,tflops=8.07,gbps=11.8,maxabs=1.949e-02,p99=9.953e-03,rel=1.847e-04
F8_E4M3_B128,BITSHIFT,U(-1,1),1024,4096,4096,64x64x32_w4_v2,SKIP,opt only LUT path
F8_E4M3_B128,LUT,U(-1,1),1024,4096,4096,64x128x32_w4_v2,SKIP,BN/WARPS != 16
F8_E4M3_B128,BITSHIFT,U(-1,1),1024,4096,4096,64x128x32_w4_v2,SKIP,BN/WARPS != 16
F8_E4M3_B128,LUT,U(-1,1),1024,4096,4096,128x64x32_w4_v3,OK,ms=3.275,tflops=10.49,gbps=15.4,maxabs=1.949e-02,p99=9.953e-03,rel=1.847e-04
F8_E4M3_B128,BITSHIFT,U(-1,1),1024,4096,4096,128x64x32_w4_v3,SKIP,opt only LUT path
F8_E4M3_B128,LUT,U(-1,1),1024,4096,4096,128x128x32_w4_v3,SKIP,BN/WARPS != 16
F8_E4M3_B128,BITSHIFT,U(-1,1),1024,4096,4096,128x128x32_w4_v3,SKIP,BN/WARPS != 16
F8_E4M3_B128,LUT,U(-1,1),1024,4096,4096,128x256x32_w8_v3,SKIP,BN/WARPS != 16
F8_E4M3_B128,BITSHIFT,U(-1,1),1024,4096,4096,128x256x32_w8_v3,SKIP,BN/WARPS != 16
F8_E4M3_B128,LUT,U(-1,1),1024,4096,4096,64x64x32_w4_v3,OK,ms=2.699,tflops=12.73,gbps=18.7,maxabs=1.949e-02,p99=9.953e-03,rel=1.847e-04
F8_E4M3_B128,BITSHIFT,U(-1,1),1024,4096,4096,64x64x32_w4_v3,SKIP,opt only LUT path
F8_E4M3_B128,LUT,U(-1,1),1024,4096,4096,64x128x32_w4_v3,SKIP,BN/WARPS != 16
F8_E4M3_B128,BITSHIFT,U(-1,1),1024,4096,4096,64x128x32_w4_v3,SKIP,BN/WARPS != 16
F8_E4M3_B128,LUT,U(-1,1),2048,4096,4096,16x64x32_w4,OK,ms=17.652,tflops=3.89,gbps=4.8,maxabs=2.047e-02,p99=1.002e-02,rel=1.846e-04
F8_E4M3_B128,BITSHIFT,U(-1,1),2048,4096,4096,16x64x32_w4,OK,ms=21.180,tflops=3.24,gbps=4.0,maxabs=2.050e-02,p99=1.002e-02,rel=1.846e-04
F8_E4M3_B128,LUT,U(-1,1),2048,4096,4096,16x128x32_w8,OK,ms=18.505,tflops=3.71,gbps=4.5,maxabs=2.047e-02,p99=1.002e-02,rel=1.846e-04
F8_E4M3_B128,BITSHIFT,U(-1,1),2048,4096,4096,16x128x32_w8,OK,ms=22.435,tflops=3.06,gbps=3.7,maxabs=2.050e-02,p99=1.002e-02,rel=1.846e-04
F8_E4M3_B128,LUT,U(-1,1),2048,4096,4096,16x128x32_w4f2,SKIP,BN/WARPS != 16
F8_E4M3_B128,BITSHIFT,U(-1,1),2048,4096,4096,16x128x32_w4f2,SKIP,BN/WARPS != 16
F8_E4M3_B128,LUT,U(-1,1),2048,4096,4096,16x256x32_w4f4,SKIP,BN/WARPS != 16
F8_E4M3_B128,BITSHIFT,U(-1,1),2048,4096,4096,16x256x32_w4f4,SKIP,BN/WARPS != 16
F8_E4M3_B128,LUT,U(-1,1),2048,4096,4096,128x64x32_w4_v1,SKIP,no template
F8_E4M3_B128,BITSHIFT,U(-1,1),2048,4096,4096,128x64x32_w4_v1,SKIP,opt only LUT path
F8_E4M3_B128,LUT,U(-1,1),2048,4096,4096,128x128x32_w4_v1,SKIP,BN/WARPS != 16
F8_E4M3_B128,BITSHIFT,U(-1,1),2048,4096,4096,128x128x32_w4_v1,SKIP,BN/WARPS != 16
F8_E4M3_B128,LUT,U(-1,1),2048,4096,4096,128x256x32_w4_v1,SKIP,BN/WARPS != 16
F8_E4M3_B128,BITSHIFT,U(-1,1),2048,4096,4096,128x256x32_w4_v1,SKIP,BN/WARPS != 16
F8_E4M3_B128,LUT,U(-1,1),2048,4096,4096,128x256x32_w8_v1,SKIP,BN/WARPS != 16
F8_E4M3_B128,BITSHIFT,U(-1,1),2048,4096,4096,128x256x32_w8_v1,SKIP,BN/WARPS != 16
F8_E4M3_B128,LUT,U(-1,1),2048,4096,4096,64x64x32_w4_v1,SKIP,no template
F8_E4M3_B128,BITSHIFT,U(-1,1),2048,4096,4096,64x64x32_w4_v1,SKIP,opt only LUT path
F8_E4M3_B128,LUT,U(-1,1),2048,4096,4096,64x128x32_w4_v1,SKIP,BN/WARPS != 16
F8_E4M3_B128,BITSHIFT,U(-1,1),2048,4096,4096,64x128x32_w4_v1,SKIP,BN/WARPS != 16
F8_E4M3_B128,LUT,U(-1,1),2048,4096,4096,128x64x32_w4_v2,OK,ms=6.470,tflops=10.62,gbps=13.0,maxabs=2.047e-02,p99=1.002e-02,rel=1.846e-04
F8_E4M3_B128,BITSHIFT,U(-1,1),2048,4096,4096,128x64x32_w4_v2,SKIP,opt only LUT path
F8_E4M3_B128,LUT,U(-1,1),2048,4096,4096,128x128x32_w4_v2,SKIP,BN/WARPS != 16
F8_E4M3_B128,BITSHIFT,U(-1,1),2048,4096,4096,128x128x32_w4_v2,SKIP,BN/WARPS != 16
F8_E4M3_B128,LUT,U(-1,1),2048,4096,4096,128x256x32_w4_v2,SKIP,BN/WARPS != 16
F8_E4M3_B128,BITSHIFT,U(-1,1),2048,4096,4096,128x256x32_w4_v2,SKIP,BN/WARPS != 16
F8_E4M3_B128,LUT,U(-1,1),2048,4096,4096,128x256x32_w8_v2,SKIP,BN/WARPS != 16
F8_E4M3_B128,BITSHIFT,U(-1,1),2048,4096,4096,128x256x32_w8_v2,SKIP,BN/WARPS != 16
F8_E4M3_B128,LUT,U(-1,1),2048,4096,4096,64x64x32_w4_v2,OK,ms=8.454,tflops=8.13,gbps=9.9,maxabs=2.047e-02,p99=1.002e-02,rel=1.846e-04
F8_E4M3_B128,BITSHIFT,U(-1,1),2048,4096,4096,64x64x32_w4_v2,SKIP,opt only LUT path
F8_E4M3_B128,LUT,U(-1,1),2048,4096,4096,64x128x32_w4_v2,SKIP,BN/WARPS != 16
F8_E4M3_B128,BITSHIFT,U(-1,1),2048,4096,4096,64x128x32_w4_v2,SKIP,BN/WARPS != 16
F8_E4M3_B128,LUT,U(-1,1),2048,4096,4096,128x64x32_w4_v3,OK,ms=5.551,tflops=12.38,gbps=15.1,maxabs=2.047e-02,p99=1.002e-02,rel=1.846e-04
F8_E4M3_B128,BITSHIFT,U(-1,1),2048,4096,4096,128x64x32_w4_v3,SKIP,opt only LUT path
F8_E4M3_B128,LUT,U(-1,1),2048,4096,4096,128x128x32_w4_v3,SKIP,BN/WARPS != 16
F8_E4M3_B128,BITSHIFT,U(-1,1),2048,4096,4096,128x128x32_w4_v3,SKIP,BN/WARPS != 16
F8_E4M3_B128,LUT,U(-1,1),2048,4096,4096,128x256x32_w8_v3,SKIP,BN/WARPS != 16
F8_E4M3_B128,BITSHIFT,U(-1,1),2048,4096,4096,128x256x32_w8_v3,SKIP,BN/WARPS != 16
F8_E4M3_B128,LUT,U(-1,1),2048,4096,4096,64x64x32_w4_v3,OK,ms=5.287,tflops=13.00,gbps=15.9,maxabs=2.047e-02,p99=1.002e-02,rel=1.846e-04
F8_E4M3_B128,BITSHIFT,U(-1,1),2048,4096,4096,64x64x32_w4_v3,SKIP,opt only LUT path
F8_E4M3_B128,LUT,U(-1,1),2048,4096,4096,64x128x32_w4_v3,SKIP,BN/WARPS != 16
F8_E4M3_B128,BITSHIFT,U(-1,1),2048,4096,4096,64x128x32_w4_v3,SKIP,BN/WARPS != 16
F8_E4M3_B128,LUT,U(-1,1),1,7168,7168,16x64x32_w4,OK,ms=2.024,tflops=0.05,gbps=25.6,maxabs=1.831e-02,p99=1.252e-02,rel=1.819e-04
F8_E4M3_B128,BITSHIFT,U(-1,1),1,7168,7168,16x64x32_w4,OK,ms=2.232,tflops=0.05,gbps=23.2,maxabs=1.832e-02,p99=1.255e-02,rel=1.819e-04
F8_E4M3_B128,LUT,U(-1,1),1,7168,7168,16x128x32_w8,OK,ms=2.216,tflops=0.05,gbps=23.4,maxabs=1.831e-02,p99=1.252e-02,rel=1.819e-04
F8_E4M3_B128,BITSHIFT,U(-1,1),1,7168,7168,16x128x32_w8,OK,ms=2.427,tflops=0.04,gbps=21.4,maxabs=1.832e-02,p99=1.255e-02,rel=1.819e-04
F8_E4M3_B128,LUT,U(-1,1),1,7168,7168,16x128x32_w4f2,SKIP,BN/WARPS != 16
F8_E4M3_B128,BITSHIFT,U(-1,1),1,7168,7168,16x128x32_w4f2,SKIP,BN/WARPS != 16
F8_E4M3_B128,LUT,U(-1,1),1,7168,7168,16x256x32_w4f4,SKIP,BN/WARPS != 16
F8_E4M3_B128,BITSHIFT,U(-1,1),1,7168,7168,16x256x32_w4f4,SKIP,BN/WARPS != 16
F8_E4M3_B128,LUT,U(-1,1),1,7168,7168,128x64x32_w4_v1,SKIP,no template
F8_E4M3_B128,BITSHIFT,U(-1,1),1,7168,7168,128x64x32_w4_v1,SKIP,opt only LUT path
F8_E4M3_B128,LUT,U(-1,1),1,7168,7168,128x128x32_w4_v1,SKIP,BN/WARPS != 16
F8_E4M3_B128,BITSHIFT,U(-1,1),1,7168,7168,128x128x32_w4_v1,SKIP,BN/WARPS != 16
F8_E4M3_B128,LUT,U(-1,1),1,7168,7168,128x256x32_w4_v1,SKIP,BN/WARPS != 16
F8_E4M3_B128,BITSHIFT,U(-1,1),1,7168,7168,128x256x32_w4_v1,SKIP,BN/WARPS != 16
F8_E4M3_B128,LUT,U(-1,1),1,7168,7168,128x256x32_w8_v1,SKIP,BN/WARPS != 16
F8_E4M3_B128,BITSHIFT,U(-1,1),1,7168,7168,128x256x32_w8_v1,SKIP,BN/WARPS != 16
F8_E4M3_B128,LUT,U(-1,1),1,7168,7168,64x64x32_w4_v1,SKIP,no template
F8_E4M3_B128,BITSHIFT,U(-1,1),1,7168,7168,64x64x32_w4_v1,SKIP,opt only LUT path
F8_E4M3_B128,LUT,U(-1,1),1,7168,7168,64x128x32_w4_v1,SKIP,BN/WARPS != 16
F8_E4M3_B128,BITSHIFT,U(-1,1),1,7168,7168,64x128x32_w4_v1,SKIP,BN/WARPS != 16
F8_E4M3_B128,LUT,U(-1,1),1,7168,7168,128x64x32_w4_v2,OK,ms=2.612,tflops=0.04,gbps=19.8,maxabs=1.831e-02,p99=1.252e-02,rel=1.819e-04
F8_E4M3_B128,BITSHIFT,U(-1,1),1,7168,7168,128x64x32_w4_v2,SKIP,opt only LUT path
F8_E4M3_B128,LUT,U(-1,1),1,7168,7168,128x128x32_w4_v2,SKIP,BN/WARPS != 16
F8_E4M3_B128,BITSHIFT,U(-1,1),1,7168,7168,128x128x32_w4_v2,SKIP,BN/WARPS != 16
F8_E4M3_B128,LUT,U(-1,1),1,7168,7168,128x256x32_w4_v2,SKIP,BN/WARPS != 16
F8_E4M3_B128,BITSHIFT,U(-1,1),1,7168,7168,128x256x32_w4_v2,SKIP,BN/WARPS != 16
F8_E4M3_B128,LUT,U(-1,1),1,7168,7168,128x256x32_w8_v2,SKIP,BN/WARPS != 16
F8_E4M3_B128,BITSHIFT,U(-1,1),1,7168,7168,128x256x32_w8_v2,SKIP,BN/WARPS != 16
F8_E4M3_B128,LUT,U(-1,1),1,7168,7168,64x64x32_w4_v2,OK,ms=2.225,tflops=0.05,gbps=23.3,maxabs=1.831e-02,p99=1.252e-02,rel=1.819e-04
F8_E4M3_B128,BITSHIFT,U(-1,1),1,7168,7168,64x64x32_w4_v2,SKIP,opt only LUT path
F8_E4M3_B128,LUT,U(-1,1),1,7168,7168,64x128x32_w4_v2,SKIP,BN/WARPS != 16
F8_E4M3_B128,BITSHIFT,U(-1,1),1,7168,7168,64x128x32_w4_v2,SKIP,BN/WARPS != 16
F8_E4M3_B128,LUT,U(-1,1),1,7168,7168,128x64x32_w4_v3,OK,ms=1.736,tflops=0.06,gbps=29.9,maxabs=1.831e-02,p99=1.252e-02,rel=1.819e-04
F8_E4M3_B128,BITSHIFT,U(-1,1),1,7168,7168,128x64x32_w4_v3,SKIP,opt only LUT path
F8_E4M3_B128,LUT,U(-1,1),1,7168,7168,128x128x32_w4_v3,SKIP,BN/WARPS != 16
F8_E4M3_B128,BITSHIFT,U(-1,1),1,7168,7168,128x128x32_w4_v3,SKIP,BN/WARPS != 16
F8_E4M3_B128,LUT,U(-1,1),1,7168,7168,128x256x32_w8_v3,SKIP,BN/WARPS != 16
F8_E4M3_B128,BITSHIFT,U(-1,1),1,7168,7168,128x256x32_w8_v3,SKIP,BN/WARPS != 16
F8_E4M3_B128,LUT,U(-1,1),1,7168,7168,64x64x32_w4_v3,OK,ms=1.373,tflops=0.07,gbps=37.8,maxabs=1.831e-02,p99=1.252e-02,rel=1.819e-04
F8_E4M3_B128,BITSHIFT,U(-1,1),1,7168,7168,64x64x32_w4_v3,SKIP,opt only LUT path
F8_E4M3_B128,LUT,U(-1,1),1,7168,7168,64x128x32_w4_v3,SKIP,BN/WARPS != 16
F8_E4M3_B128,BITSHIFT,U(-1,1),1,7168,7168,64x128x32_w4_v3,SKIP,BN/WARPS != 16
F8_E4M3_B128,LUT,U(-1,1),16,7168,7168,16x64x32_w4,OK,ms=2.053,tflops=0.80,gbps=25.7,maxabs=2.450e-02,p99=1.297e-02,rel=1.854e-04
F8_E4M3_B128,BITSHIFT,U(-1,1),16,7168,7168,16x64x32_w4,OK,ms=2.333,tflops=0.70,gbps=22.6,maxabs=2.448e-02,p99=1.296e-02,rel=1.854e-04
F8_E4M3_B128,LUT,U(-1,1),16,7168,7168,16x128x32_w8,OK,ms=2.289,tflops=0.72,gbps=23.0,maxabs=2.450e-02,p99=1.297e-02,rel=1.854e-04
F8_E4M3_B128,BITSHIFT,U(-1,1),16,7168,7168,16x128x32_w8,OK,ms=2.572,tflops=0.64,gbps=20.5,maxabs=2.448e-02,p99=1.296e-02,rel=1.854e-04
F8_E4M3_B128,LUT,U(-1,1),16,7168,7168,16x128x32_w4f2,SKIP,BN/WARPS != 16
F8_E4M3_B128,BITSHIFT,U(-1,1),16,7168,7168,16x128x32_w4f2,SKIP,BN/WARPS != 16
F8_E4M3_B128,LUT,U(-1,1),16,7168,7168,16x256x32_w4f4,SKIP,BN/WARPS != 16
F8_E4M3_B128,BITSHIFT,U(-1,1),16,7168,7168,16x256x32_w4f4,SKIP,BN/WARPS != 16
F8_E4M3_B128,LUT,U(-1,1),16,7168,7168,128x64x32_w4_v1,SKIP,no template
F8_E4M3_B128,BITSHIFT,U(-1,1),16,7168,7168,128x64x32_w4_v1,SKIP,opt only LUT path
F8_E4M3_B128,LUT,U(-1,1),16,7168,7168,128x128x32_w4_v1,SKIP,BN/WARPS != 16
F8_E4M3_B128,BITSHIFT,U(-1,1),16,7168,7168,128x128x32_w4_v1,SKIP,BN/WARPS != 16
F8_E4M3_B128,LUT,U(-1,1),16,7168,7168,128x256x32_w4_v1,SKIP,BN/WARPS != 16
F8_E4M3_B128,BITSHIFT,U(-1,1),16,7168,7168,128x256x32_w4_v1,SKIP,BN/WARPS != 16
F8_E4M3_B128,LUT,U(-1,1),16,7168,7168,128x256x32_w8_v1,SKIP,BN/WARPS != 16
F8_E4M3_B128,BITSHIFT,U(-1,1),16,7168,7168,128x256x32_w8_v1,SKIP,BN/WARPS != 16
F8_E4M3_B128,LUT,U(-1,1),16,7168,7168,64x64x32_w4_v1,SKIP,no template
F8_E4M3_B128,BITSHIFT,U(-1,1),16,7168,7168,64x64x32_w4_v1,SKIP,opt only LUT path
F8_E4M3_B128,LUT,U(-1,1),16,7168,7168,64x128x32_w4_v1,SKIP,BN/WARPS != 16
F8_E4M3_B128,BITSHIFT,U(-1,1),16,7168,7168,64x128x32_w4_v1,SKIP,BN/WARPS != 16
F8_E4M3_B128,LUT,U(-1,1),16,7168,7168,128x64x32_w4_v2,OK,ms=2.617,tflops=0.63,gbps=20.1,maxabs=2.450e-02,p99=1.297e-02,rel=1.854e-04
F8_E4M3_B128,BITSHIFT,U(-1,1),16,7168,7168,128x64x32_w4_v2,SKIP,opt only LUT path
F8_E4M3_B128,LUT,U(-1,1),16,7168,7168,128x128x32_w4_v2,SKIP,BN/WARPS != 16
F8_E4M3_B128,BITSHIFT,U(-1,1),16,7168,7168,128x128x32_w4_v2,SKIP,BN/WARPS != 16
F8_E4M3_B128,LUT,U(-1,1),16,7168,7168,128x256x32_w4_v2,SKIP,BN/WARPS != 16
F8_E4M3_B128,BITSHIFT,U(-1,1),16,7168,7168,128x256x32_w4_v2,SKIP,BN/WARPS != 16
F8_E4M3_B128,LUT,U(-1,1),16,7168,7168,128x256x32_w8_v2,SKIP,BN/WARPS != 16
F8_E4M3_B128,BITSHIFT,U(-1,1),16,7168,7168,128x256x32_w8_v2,SKIP,BN/WARPS != 16
F8_E4M3_B128,LUT,U(-1,1),16,7168,7168,64x64x32_w4_v2,OK,ms=2.254,tflops=0.73,gbps=23.4,maxabs=2.450e-02,p99=1.297e-02,rel=1.854e-04
F8_E4M3_B128,BITSHIFT,U(-1,1),16,7168,7168,64x64x32_w4_v2,SKIP,opt only LUT path
F8_E4M3_B128,LUT,U(-1,1),16,7168,7168,64x128x32_w4_v2,SKIP,BN/WARPS != 16
F8_E4M3_B128,BITSHIFT,U(-1,1),16,7168,7168,64x128x32_w4_v2,SKIP,BN/WARPS != 16
F8_E4M3_B128,LUT,U(-1,1),16,7168,7168,128x64x32_w4_v3,OK,ms=1.747,tflops=0.94,gbps=30.2,maxabs=2.450e-02,p99=1.297e-02,rel=1.854e-04
F8_E4M3_B128,BITSHIFT,U(-1,1),16,7168,7168,128x64x32_w4_v3,SKIP,opt only LUT path
F8_E4M3_B128,LUT,U(-1,1),16,7168,7168,128x128x32_w4_v3,SKIP,BN/WARPS != 16
F8_E4M3_B128,BITSHIFT,U(-1,1),16,7168,7168,128x128x32_w4_v3,SKIP,BN/WARPS != 16
F8_E4M3_B128,LUT,U(-1,1),16,7168,7168,128x256x32_w8_v3,SKIP,BN/WARPS != 16
F8_E4M3_B128,BITSHIFT,U(-1,1),16,7168,7168,128x256x32_w8_v3,SKIP,BN/WARPS != 16
F8_E4M3_B128,LUT,U(-1,1),16,7168,7168,64x64x32_w4_v3,OK,ms=1.390,tflops=1.18,gbps=37.9,maxabs=2.450e-02,p99=1.297e-02,rel=1.854e-04
F8_E4M3_B128,BITSHIFT,U(-1,1),16,7168,7168,64x64x32_w4_v3,SKIP,opt only LUT path
F8_E4M3_B128,LUT,U(-1,1),16,7168,7168,64x128x32_w4_v3,SKIP,BN/WARPS != 16
F8_E4M3_B128,BITSHIFT,U(-1,1),16,7168,7168,64x128x32_w4_v3,SKIP,BN/WARPS != 16
F8_E4M3_B128,LUT,U(-1,1),64,7168,7168,16x64x32_w4,OK,ms=2.185,tflops=3.01,gbps=25.4,maxabs=2.472e-02,p99=1.323e-02,rel=1.849e-04
F8_E4M3_B128,BITSHIFT,U(-1,1),64,7168,7168,16x64x32_w4,OK,ms=2.539,tflops=2.59,gbps=21.8,maxabs=2.474e-02,p99=1.324e-02,rel=1.849e-04
F8_E4M3_B128,LUT,U(-1,1),64,7168,7168,16x128x32_w8,OK,ms=2.416,tflops=2.72,gbps=23.0,maxabs=2.472e-02,p99=1.323e-02,rel=1.849e-04
F8_E4M3_B128,BITSHIFT,U(-1,1),64,7168,7168,16x128x32_w8,OK,ms=2.857,tflops=2.30,gbps=19.4,maxabs=2.474e-02,p99=1.324e-02,rel=1.849e-04
F8_E4M3_B128,LUT,U(-1,1),64,7168,7168,16x128x32_w4f2,SKIP,BN/WARPS != 16
F8_E4M3_B128,BITSHIFT,U(-1,1),64,7168,7168,16x128x32_w4f2,SKIP,BN/WARPS != 16
F8_E4M3_B128,LUT,U(-1,1),64,7168,7168,16x256x32_w4f4,SKIP,BN/WARPS != 16
F8_E4M3_B128,BITSHIFT,U(-1,1),64,7168,7168,16x256x32_w4f4,SKIP,BN/WARPS != 16
F8_E4M3_B128,LUT,U(-1,1),64,7168,7168,128x64x32_w4_v1,SKIP,no template
F8_E4M3_B128,BITSHIFT,U(-1,1),64,7168,7168,128x64x32_w4_v1,SKIP,opt only LUT path
F8_E4M3_B128,LUT,U(-1,1),64,7168,7168,128x128x32_w4_v1,SKIP,BN/WARPS != 16
F8_E4M3_B128,BITSHIFT,U(-1,1),64,7168,7168,128x128x32_w4_v1,SKIP,BN/WARPS != 16
F8_E4M3_B128,LUT,U(-1,1),64,7168,7168,128x256x32_w4_v1,SKIP,BN/WARPS != 16
F8_E4M3_B128,BITSHIFT,U(-1,1),64,7168,7168,128x256x32_w4_v1,SKIP,BN/WARPS != 16
F8_E4M3_B128,LUT,U(-1,1),64,7168,7168,128x256x32_w8_v1,SKIP,BN/WARPS != 16
F8_E4M3_B128,BITSHIFT,U(-1,1),64,7168,7168,128x256x32_w8_v1,SKIP,BN/WARPS != 16
F8_E4M3_B128,LUT,U(-1,1),64,7168,7168,64x64x32_w4_v1,SKIP,no template
F8_E4M3_B128,BITSHIFT,U(-1,1),64,7168,7168,64x64x32_w4_v1,SKIP,opt only LUT path
F8_E4M3_B128,LUT,U(-1,1),64,7168,7168,64x128x32_w4_v1,SKIP,BN/WARPS != 16
F8_E4M3_B128,BITSHIFT,U(-1,1),64,7168,7168,64x128x32_w4_v1,SKIP,BN/WARPS != 16
F8_E4M3_B128,LUT,U(-1,1),64,7168,7168,128x64x32_w4_v2,OK,ms=2.624,tflops=2.51,gbps=21.1,maxabs=2.472e-02,p99=1.323e-02,rel=1.849e-04
F8_E4M3_B128,BITSHIFT,U(-1,1),64,7168,7168,128x64x32_w4_v2,SKIP,opt only LUT path
F8_E4M3_B128,LUT,U(-1,1),64,7168,7168,128x128x32_w4_v2,SKIP,BN/WARPS != 16
F8_E4M3_B128,BITSHIFT,U(-1,1),64,7168,7168,128x128x32_w4_v2,SKIP,BN/WARPS != 16
F8_E4M3_B128,LUT,U(-1,1),64,7168,7168,128x256x32_w4_v2,SKIP,BN/WARPS != 16
F8_E4M3_B128,BITSHIFT,U(-1,1),64,7168,7168,128x256x32_w4_v2,SKIP,BN/WARPS != 16
F8_E4M3_B128,LUT,U(-1,1),64,7168,7168,128x256x32_w8_v2,SKIP,BN/WARPS != 16
F8_E4M3_B128,BITSHIFT,U(-1,1),64,7168,7168,128x256x32_w8_v2,SKIP,BN/WARPS != 16
F8_E4M3_B128,LUT,U(-1,1),64,7168,7168,64x64x32_w4_v2,OK,ms=2.289,tflops=2.87,gbps=24.2,maxabs=2.472e-02,p99=1.323e-02,rel=1.849e-04
F8_E4M3_B128,BITSHIFT,U(-1,1),64,7168,7168,64x64x32_w4_v2,SKIP,opt only LUT path
F8_E4M3_B128,LUT,U(-1,1),64,7168,7168,64x128x32_w4_v2,SKIP,BN/WARPS != 16
F8_E4M3_B128,BITSHIFT,U(-1,1),64,7168,7168,64x128x32_w4_v2,SKIP,BN/WARPS != 16
F8_E4M3_B128,LUT,U(-1,1),64,7168,7168,128x64x32_w4_v3,OK,ms=1.760,tflops=3.74,gbps=31.5,maxabs=2.472e-02,p99=1.323e-02,rel=1.849e-04
F8_E4M3_B128,BITSHIFT,U(-1,1),64,7168,7168,128x64x32_w4_v3,SKIP,opt only LUT path
F8_E4M3_B128,LUT,U(-1,1),64,7168,7168,128x128x32_w4_v3,SKIP,BN/WARPS != 16
F8_E4M3_B128,BITSHIFT,U(-1,1),64,7168,7168,128x128x32_w4_v3,SKIP,BN/WARPS != 16
F8_E4M3_B128,LUT,U(-1,1),64,7168,7168,128x256x32_w8_v3,SKIP,BN/WARPS != 16
F8_E4M3_B128,BITSHIFT,U(-1,1),64,7168,7168,128x256x32_w8_v3,SKIP,BN/WARPS != 16
F8_E4M3_B128,LUT,U(-1,1),64,7168,7168,64x64x32_w4_v3,OK,ms=1.432,tflops=4.59,gbps=38.7,maxabs=2.472e-02,p99=1.323e-02,rel=1.849e-04
F8_E4M3_B128,BITSHIFT,U(-1,1),64,7168,7168,64x64x32_w4_v3,SKIP,opt only LUT path
F8_E4M3_B128,LUT,U(-1,1),64,7168,7168,64x128x32_w4_v3,SKIP,BN/WARPS != 16
F8_E4M3_B128,BITSHIFT,U(-1,1),64,7168,7168,64x128x32_w4_v3,SKIP,BN/WARPS != 16
F8_E4M3_B128,LUT,U(-1,1),128,7168,7168,16x64x32_w4,OK,ms=4.908,tflops=2.68,gbps=12.0,maxabs=2.500e-02,p99=1.274e-02,rel=1.846e-04
F8_E4M3_B128,BITSHIFT,U(-1,1),128,7168,7168,16x64x32_w4,OK,ms=5.727,tflops=2.30,gbps=10.3,maxabs=2.499e-02,p99=1.274e-02,rel=1.846e-04
F8_E4M3_B128,LUT,U(-1,1),128,7168,7168,16x128x32_w8,OK,ms=5.189,tflops=2.53,gbps=11.4,maxabs=2.500e-02,p99=1.274e-02,rel=1.846e-04
F8_E4M3_B128,BITSHIFT,U(-1,1),128,7168,7168,16x128x32_w8,OK,ms=6.314,tflops=2.08,gbps=9.4,maxabs=2.499e-02,p99=1.274e-02,rel=1.846e-04
F8_E4M3_B128,LUT,U(-1,1),128,7168,7168,16x128x32_w4f2,SKIP,BN/WARPS != 16
F8_E4M3_B128,BITSHIFT,U(-1,1),128,7168,7168,16x128x32_w4f2,SKIP,BN/WARPS != 16
F8_E4M3_B128,LUT,U(-1,1),128,7168,7168,16x256x32_w4f4,SKIP,BN/WARPS != 16
F8_E4M3_B128,BITSHIFT,U(-1,1),128,7168,7168,16x256x32_w4f4,SKIP,BN/WARPS != 16
F8_E4M3_B128,LUT,U(-1,1),128,7168,7168,128x64x32_w4_v1,SKIP,no template
F8_E4M3_B128,BITSHIFT,U(-1,1),128,7168,7168,128x64x32_w4_v1,SKIP,opt only LUT path
F8_E4M3_B128,LUT,U(-1,1),128,7168,7168,128x128x32_w4_v1,SKIP,BN/WARPS != 16
F8_E4M3_B128,BITSHIFT,U(-1,1),128,7168,7168,128x128x32_w4_v1,SKIP,BN/WARPS != 16
F8_E4M3_B128,LUT,U(-1,1),128,7168,7168,128x256x32_w4_v1,SKIP,BN/WARPS != 16
F8_E4M3_B128,BITSHIFT,U(-1,1),128,7168,7168,128x256x32_w4_v1,SKIP,BN/WARPS != 16
F8_E4M3_B128,LUT,U(-1,1),128,7168,7168,128x256x32_w8_v1,SKIP,BN/WARPS != 16
F8_E4M3_B128,BITSHIFT,U(-1,1),128,7168,7168,128x256x32_w8_v1,SKIP,BN/WARPS != 16
F8_E4M3_B128,LUT,U(-1,1),128,7168,7168,64x64x32_w4_v1,SKIP,no template
F8_E4M3_B128,BITSHIFT,U(-1,1),128,7168,7168,64x64x32_w4_v1,SKIP,opt only LUT path
F8_E4M3_B128,LUT,U(-1,1),128,7168,7168,64x128x32_w4_v1,SKIP,BN/WARPS != 16
F8_E4M3_B128,BITSHIFT,U(-1,1),128,7168,7168,64x128x32_w4_v1,SKIP,BN/WARPS != 16
F8_E4M3_B128,LUT,U(-1,1),128,7168,7168,128x64x32_w4_v2,OK,ms=2.667,tflops=4.93,gbps=22.2,maxabs=2.500e-02,p99=1.274e-02,rel=1.846e-04
F8_E4M3_B128,BITSHIFT,U(-1,1),128,7168,7168,128x64x32_w4_v2,SKIP,opt only LUT path
F8_E4M3_B128,LUT,U(-1,1),128,7168,7168,128x128x32_w4_v2,SKIP,BN/WARPS != 16
F8_E4M3_B128,BITSHIFT,U(-1,1),128,7168,7168,128x128x32_w4_v2,SKIP,BN/WARPS != 16
F8_E4M3_B128,LUT,U(-1,1),128,7168,7168,128x256x32_w4_v2,SKIP,BN/WARPS != 16
F8_E4M3_B128,BITSHIFT,U(-1,1),128,7168,7168,128x256x32_w4_v2,SKIP,BN/WARPS != 16
F8_E4M3_B128,LUT,U(-1,1),128,7168,7168,128x256x32_w8_v2,SKIP,BN/WARPS != 16
F8_E4M3_B128,BITSHIFT,U(-1,1),128,7168,7168,128x256x32_w8_v2,SKIP,BN/WARPS != 16
F8_E4M3_B128,LUT,U(-1,1),128,7168,7168,64x64x32_w4_v2,OK,ms=2.296,tflops=5.73,gbps=25.8,maxabs=2.500e-02,p99=1.274e-02,rel=1.846e-04
F8_E4M3_B128,BITSHIFT,U(-1,1),128,7168,7168,64x64x32_w4_v2,SKIP,opt only LUT path
F8_E4M3_B128,LUT,U(-1,1),128,7168,7168,64x128x32_w4_v2,SKIP,BN/WARPS != 16
F8_E4M3_B128,BITSHIFT,U(-1,1),128,7168,7168,64x128x32_w4_v2,SKIP,BN/WARPS != 16
F8_E4M3_B128,LUT,U(-1,1),128,7168,7168,128x64x32_w4_v3,OK,ms=1.792,tflops=7.34,gbps=33.0,maxabs=2.500e-02,p99=1.274e-02,rel=1.846e-04
F8_E4M3_B128,BITSHIFT,U(-1,1),128,7168,7168,128x64x32_w4_v3,SKIP,opt only LUT path
F8_E4M3_B128,LUT,U(-1,1),128,7168,7168,128x128x32_w4_v3,SKIP,BN/WARPS != 16
F8_E4M3_B128,BITSHIFT,U(-1,1),128,7168,7168,128x128x32_w4_v3,SKIP,BN/WARPS != 16
F8_E4M3_B128,LUT,U(-1,1),128,7168,7168,128x256x32_w8_v3,SKIP,BN/WARPS != 16
F8_E4M3_B128,BITSHIFT,U(-1,1),128,7168,7168,128x256x32_w8_v3,SKIP,BN/WARPS != 16
F8_E4M3_B128,LUT,U(-1,1),128,7168,7168,64x64x32_w4_v3,OK,ms=1.451,tflops=9.06,gbps=40.7,maxabs=2.500e-02,p99=1.274e-02,rel=1.846e-04
F8_E4M3_B128,BITSHIFT,U(-1,1),128,7168,7168,64x64x32_w4_v3,SKIP,opt only LUT path
F8_E4M3_B128,LUT,U(-1,1),128,7168,7168,64x128x32_w4_v3,SKIP,BN/WARPS != 16
F8_E4M3_B128,BITSHIFT,U(-1,1),128,7168,7168,64x128x32_w4_v3,SKIP,BN/WARPS != 16
F8_E4M3_B128,LUT,U(-1,1),256,7168,7168,16x64x32_w4,OK,ms=7.438,tflops=3.54,gbps=8.9,maxabs=2.503e-02,p99=1.270e-02,rel=1.848e-04
F8_E4M3_B128,BITSHIFT,U(-1,1),256,7168,7168,16x64x32_w4,OK,ms=8.571,tflops=3.07,gbps=7.8,maxabs=2.501e-02,p99=1.271e-02,rel=1.848e-04
F8_E4M3_B128,LUT,U(-1,1),256,7168,7168,16x128x32_w8,OK,ms=7.730,tflops=3.40,gbps=8.6,maxabs=2.503e-02,p99=1.270e-02,rel=1.848e-04
F8_E4M3_B128,BITSHIFT,U(-1,1),256,7168,7168,16x128x32_w8,OK,ms=9.305,tflops=2.83,gbps=7.1,maxabs=2.501e-02,p99=1.271e-02,rel=1.848e-04
F8_E4M3_B128,LUT,U(-1,1),256,7168,7168,16x128x32_w4f2,SKIP,BN/WARPS != 16
F8_E4M3_B128,BITSHIFT,U(-1,1),256,7168,7168,16x128x32_w4f2,SKIP,BN/WARPS != 16
F8_E4M3_B128,LUT,U(-1,1),256,7168,7168,16x256x32_w4f4,SKIP,BN/WARPS != 16
F8_E4M3_B128,BITSHIFT,U(-1,1),256,7168,7168,16x256x32_w4f4,SKIP,BN/WARPS != 16
F8_E4M3_B128,LUT,U(-1,1),256,7168,7168,128x64x32_w4_v1,SKIP,no template
F8_E4M3_B128,BITSHIFT,U(-1,1),256,7168,7168,128x64x32_w4_v1,SKIP,opt only LUT path
F8_E4M3_B128,LUT,U(-1,1),256,7168,7168,128x128x32_w4_v1,SKIP,BN/WARPS != 16
F8_E4M3_B128,BITSHIFT,U(-1,1),256,7168,7168,128x128x32_w4_v1,SKIP,BN/WARPS != 16
F8_E4M3_B128,LUT,U(-1,1),256,7168,7168,128x256x32_w4_v1,SKIP,BN/WARPS != 16
F8_E4M3_B128,BITSHIFT,U(-1,1),256,7168,7168,128x256x32_w4_v1,SKIP,BN/WARPS != 16
F8_E4M3_B128,LUT,U(-1,1),256,7168,7168,128x256x32_w8_v1,SKIP,BN/WARPS != 16
F8_E4M3_B128,BITSHIFT,U(-1,1),256,7168,7168,128x256x32_w8_v1,SKIP,BN/WARPS != 16
F8_E4M3_B128,LUT,U(-1,1),256,7168,7168,64x64x32_w4_v1,SKIP,no template
F8_E4M3_B128,BITSHIFT,U(-1,1),256,7168,7168,64x64x32_w4_v1,SKIP,opt only LUT path
F8_E4M3_B128,LUT,U(-1,1),256,7168,7168,64x128x32_w4_v1,SKIP,BN/WARPS != 16
F8_E4M3_B128,BITSHIFT,U(-1,1),256,7168,7168,64x128x32_w4_v1,SKIP,BN/WARPS != 16
F8_E4M3_B128,LUT,U(-1,1),256,7168,7168,128x64x32_w4_v2,OK,ms=2.740,tflops=9.60,gbps=24.3,maxabs=2.503e-02,p99=1.270e-02,rel=1.848e-04
F8_E4M3_B128,BITSHIFT,U(-1,1),256,7168,7168,128x64x32_w4_v2,SKIP,opt only LUT path
F8_E4M3_B128,LUT,U(-1,1),256,7168,7168,128x128x32_w4_v2,SKIP,BN/WARPS != 16
F8_E4M3_B128,BITSHIFT,U(-1,1),256,7168,7168,128x128x32_w4_v2,SKIP,BN/WARPS != 16
F8_E4M3_B128,LUT,U(-1,1),256,7168,7168,128x256x32_w4_v2,SKIP,BN/WARPS != 16
F8_E4M3_B128,BITSHIFT,U(-1,1),256,7168,7168,128x256x32_w4_v2,SKIP,BN/WARPS != 16
F8_E4M3_B128,LUT,U(-1,1),256,7168,7168,128x256x32_w8_v2,SKIP,BN/WARPS != 16
F8_E4M3_B128,BITSHIFT,U(-1,1),256,7168,7168,128x256x32_w8_v2,SKIP,BN/WARPS != 16
F8_E4M3_B128,LUT,U(-1,1),256,7168,7168,64x64x32_w4_v2,OK,ms=4.678,tflops=5.62,gbps=14.2,maxabs=2.503e-02,p99=1.270e-02,rel=1.848e-04
F8_E4M3_B128,BITSHIFT,U(-1,1),256,7168,7168,64x64x32_w4_v2,SKIP,opt only LUT path
F8_E4M3_B128,LUT,U(-1,1),256,7168,7168,64x128x32_w4_v2,SKIP,BN/WARPS != 16
F8_E4M3_B128,BITSHIFT,U(-1,1),256,7168,7168,64x128x32_w4_v2,SKIP,BN/WARPS != 16
F8_E4M3_B128,LUT,U(-1,1),256,7168,7168,128x64x32_w4_v3,OK,ms=1.946,tflops=13.52,gbps=34.2,maxabs=2.503e-02,p99=1.270e-02,rel=1.848e-04
F8_E4M3_B128,BITSHIFT,U(-1,1),256,7168,7168,128x64x32_w4_v3,SKIP,opt only LUT path
F8_E4M3_B128,LUT,U(-1,1),256,7168,7168,128x128x32_w4_v3,SKIP,BN/WARPS != 16
F8_E4M3_B128,BITSHIFT,U(-1,1),256,7168,7168,128x128x32_w4_v3,SKIP,BN/WARPS != 16
F8_E4M3_B128,LUT,U(-1,1),256,7168,7168,128x256x32_w8_v3,SKIP,BN/WARPS != 16
F8_E4M3_B128,BITSHIFT,U(-1,1),256,7168,7168,128x256x32_w8_v3,SKIP,BN/WARPS != 16
F8_E4M3_B128,LUT,U(-1,1),256,7168,7168,64x64x32_w4_v3,OK,ms=3.020,tflops=8.71,gbps=22.0,maxabs=2.503e-02,p99=1.270e-02,rel=1.848e-04
F8_E4M3_B128,BITSHIFT,U(-1,1),256,7168,7168,64x64x32_w4_v3,SKIP,opt only LUT path
F8_E4M3_B128,LUT,U(-1,1),256,7168,7168,64x128x32_w4_v3,SKIP,BN/WARPS != 16
F8_E4M3_B128,BITSHIFT,U(-1,1),256,7168,7168,64x128x32_w4_v3,SKIP,BN/WARPS != 16
F8_E4M3_B128,LUT,U(-1,1),512,7168,7168,16x64x32_w4,OK,ms=13.056,tflops=4.03,gbps=6.2,maxabs=2.631e-02,p99=1.314e-02,rel=1.847e-04
F8_E4M3_B128,BITSHIFT,U(-1,1),512,7168,7168,16x64x32_w4,OK,ms=17.269,tflops=3.05,gbps=4.7,maxabs=2.631e-02,p99=1.319e-02,rel=1.847e-04
F8_E4M3_B128,LUT,U(-1,1),512,7168,7168,16x128x32_w8,OK,ms=15.356,tflops=3.43,gbps=5.3,maxabs=2.631e-02,p99=1.314e-02,rel=1.847e-04
F8_E4M3_B128,BITSHIFT,U(-1,1),512,7168,7168,16x128x32_w8,OK,ms=18.666,tflops=2.82,gbps=4.3,maxabs=2.631e-02,p99=1.319e-02,rel=1.847e-04
F8_E4M3_B128,LUT,U(-1,1),512,7168,7168,16x128x32_w4f2,SKIP,BN/WARPS != 16
F8_E4M3_B128,BITSHIFT,U(-1,1),512,7168,7168,16x128x32_w4f2,SKIP,BN/WARPS != 16
F8_E4M3_B128,LUT,U(-1,1),512,7168,7168,16x256x32_w4f4,SKIP,BN/WARPS != 16
F8_E4M3_B128,BITSHIFT,U(-1,1),512,7168,7168,16x256x32_w4f4,SKIP,BN/WARPS != 16
F8_E4M3_B128,LUT,U(-1,1),512,7168,7168,128x64x32_w4_v1,SKIP,no template
F8_E4M3_B128,BITSHIFT,U(-1,1),512,7168,7168,128x64x32_w4_v1,SKIP,opt only LUT path
F8_E4M3_B128,LUT,U(-1,1),512,7168,7168,128x128x32_w4_v1,SKIP,BN/WARPS != 16
F8_E4M3_B128,BITSHIFT,U(-1,1),512,7168,7168,128x128x32_w4_v1,SKIP,BN/WARPS != 16
F8_E4M3_B128,LUT,U(-1,1),512,7168,7168,128x256x32_w4_v1,SKIP,BN/WARPS != 16
F8_E4M3_B128,BITSHIFT,U(-1,1),512,7168,7168,128x256x32_w4_v1,SKIP,BN/WARPS != 16
F8_E4M3_B128,LUT,U(-1,1),512,7168,7168,128x256x32_w8_v1,SKIP,BN/WARPS != 16
F8_E4M3_B128,BITSHIFT,U(-1,1),512,7168,7168,128x256x32_w8_v1,SKIP,BN/WARPS != 16
F8_E4M3_B128,LUT,U(-1,1),512,7168,7168,64x64x32_w4_v1,SKIP,no template
F8_E4M3_B128,BITSHIFT,U(-1,1),512,7168,7168,64x64x32_w4_v1,SKIP,opt only LUT path
F8_E4M3_B128,LUT,U(-1,1),512,7168,7168,64x128x32_w4_v1,SKIP,BN/WARPS != 16
F8_E4M3_B128,BITSHIFT,U(-1,1),512,7168,7168,64x128x32_w4_v1,SKIP,BN/WARPS != 16
F8_E4M3_B128,LUT,U(-1,1),512,7168,7168,128x64x32_w4_v2,OK,ms=5.910,tflops=8.90,gbps=13.7,maxabs=2.631e-02,p99=1.314e-02,rel=1.847e-04
F8_E4M3_B128,BITSHIFT,U(-1,1),512,7168,7168,128x64x32_w4_v2,SKIP,opt only LUT path
F8_E4M3_B128,LUT,U(-1,1),512,7168,7168,128x128x32_w4_v2,SKIP,BN/WARPS != 16
F8_E4M3_B128,BITSHIFT,U(-1,1),512,7168,7168,128x128x32_w4_v2,SKIP,BN/WARPS != 16
F8_E4M3_B128,LUT,U(-1,1),512,7168,7168,128x256x32_w4_v2,SKIP,BN/WARPS != 16
F8_E4M3_B128,BITSHIFT,U(-1,1),512,7168,7168,128x256x32_w4_v2,SKIP,BN/WARPS != 16
F8_E4M3_B128,LUT,U(-1,1),512,7168,7168,128x256x32_w8_v2,SKIP,BN/WARPS != 16
F8_E4M3_B128,BITSHIFT,U(-1,1),512,7168,7168,128x256x32_w8_v2,SKIP,BN/WARPS != 16
F8_E4M3_B128,LUT,U(-1,1),512,7168,7168,64x64x32_w4_v2,OK,ms=7.281,tflops=7.23,gbps=11.1,maxabs=2.631e-02,p99=1.314e-02,rel=1.847e-04
F8_E4M3_B128,BITSHIFT,U(-1,1),512,7168,7168,64x64x32_w4_v2,SKIP,opt only LUT path
F8_E4M3_B128,LUT,U(-1,1),512,7168,7168,64x128x32_w4_v2,SKIP,BN/WARPS != 16
F8_E4M3_B128,BITSHIFT,U(-1,1),512,7168,7168,64x128x32_w4_v2,SKIP,BN/WARPS != 16
F8_E4M3_B128,LUT,U(-1,1),512,7168,7168,128x64x32_w4_v3,OK,ms=3.853,tflops=13.65,gbps=21.1,maxabs=2.631e-02,p99=1.314e-02,rel=1.847e-04
F8_E4M3_B128,BITSHIFT,U(-1,1),512,7168,7168,128x64x32_w4_v3,SKIP,opt only LUT path
F8_E4M3_B128,LUT,U(-1,1),512,7168,7168,128x128x32_w4_v3,SKIP,BN/WARPS != 16
F8_E4M3_B128,BITSHIFT,U(-1,1),512,7168,7168,128x128x32_w4_v3,SKIP,BN/WARPS != 16
F8_E4M3_B128,LUT,U(-1,1),512,7168,7168,128x256x32_w8_v3,SKIP,BN/WARPS != 16
F8_E4M3_B128,BITSHIFT,U(-1,1),512,7168,7168,128x256x32_w8_v3,SKIP,BN/WARPS != 16
F8_E4M3_B128,LUT,U(-1,1),512,7168,7168,64x64x32_w4_v3,OK,ms=4.764,tflops=11.04,gbps=17.0,maxabs=2.631e-02,p99=1.314e-02,rel=1.847e-04
F8_E4M3_B128,BITSHIFT,U(-1,1),512,7168,7168,64x64x32_w4_v3,SKIP,opt only LUT path
F8_E4M3_B128,LUT,U(-1,1),512,7168,7168,64x128x32_w4_v3,SKIP,BN/WARPS != 16
F8_E4M3_B128,BITSHIFT,U(-1,1),512,7168,7168,64x128x32_w4_v3,SKIP,BN/WARPS != 16
F8_E4M3_B128,LUT,U(-1,1),1024,7168,7168,16x64x32_w4,OK,ms=26.085,tflops=4.03,gbps=4.2,maxabs=2.631e-02,p99=1.321e-02,rel=1.846e-04
F8_E4M3_B128,BITSHIFT,U(-1,1),1024,7168,7168,16x64x32_w4,OK,ms=34.405,tflops=3.06,gbps=3.2,maxabs=2.631e-02,p99=1.327e-02,rel=1.846e-04
F8_E4M3_B128,LUT,U(-1,1),1024,7168,7168,16x128x32_w8,OK,ms=30.892,tflops=3.41,gbps=3.6,maxabs=2.631e-02,p99=1.321e-02,rel=1.846e-04
F8_E4M3_B128,BITSHIFT,U(-1,1),1024,7168,7168,16x128x32_w8,OK,ms=37.512,tflops=2.81,gbps=2.9,maxabs=2.631e-02,p99=1.327e-02,rel=1.846e-04
F8_E4M3_B128,LUT,U(-1,1),1024,7168,7168,16x128x32_w4f2,SKIP,BN/WARPS != 16
F8_E4M3_B128,BITSHIFT,U(-1,1),1024,7168,7168,16x128x32_w4f2,SKIP,BN/WARPS != 16
F8_E4M3_B128,LUT,U(-1,1),1024,7168,7168,16x256x32_w4f4,SKIP,BN/WARPS != 16
F8_E4M3_B128,BITSHIFT,U(-1,1),1024,7168,7168,16x256x32_w4f4,SKIP,BN/WARPS != 16
F8_E4M3_B128,LUT,U(-1,1),1024,7168,7168,128x64x32_w4_v1,SKIP,no template
F8_E4M3_B128,BITSHIFT,U(-1,1),1024,7168,7168,128x64x32_w4_v1,SKIP,opt only LUT path
F8_E4M3_B128,LUT,U(-1,1),1024,7168,7168,128x128x32_w4_v1,SKIP,BN/WARPS != 16
F8_E4M3_B128,BITSHIFT,U(-1,1),1024,7168,7168,128x128x32_w4_v1,SKIP,BN/WARPS != 16
F8_E4M3_B128,LUT,U(-1,1),1024,7168,7168,128x256x32_w4_v1,SKIP,BN/WARPS != 16
F8_E4M3_B128,BITSHIFT,U(-1,1),1024,7168,7168,128x256x32_w4_v1,SKIP,BN/WARPS != 16
F8_E4M3_B128,LUT,U(-1,1),1024,7168,7168,128x256x32_w8_v1,SKIP,BN/WARPS != 16
F8_E4M3_B128,BITSHIFT,U(-1,1),1024,7168,7168,128x256x32_w8_v1,SKIP,BN/WARPS != 16
F8_E4M3_B128,LUT,U(-1,1),1024,7168,7168,64x64x32_w4_v1,SKIP,no template
F8_E4M3_B128,BITSHIFT,U(-1,1),1024,7168,7168,64x64x32_w4_v1,SKIP,opt only LUT path
F8_E4M3_B128,LUT,U(-1,1),1024,7168,7168,64x128x32_w4_v1,SKIP,BN/WARPS != 16
F8_E4M3_B128,BITSHIFT,U(-1,1),1024,7168,7168,64x128x32_w4_v1,SKIP,BN/WARPS != 16
F8_E4M3_B128,LUT,U(-1,1),1024,7168,7168,128x64x32_w4_v2,OK,ms=8.538,tflops=12.32,gbps=12.9,maxabs=2.631e-02,p99=1.321e-02,rel=1.846e-04
F8_E4M3_B128,BITSHIFT,U(-1,1),1024,7168,7168,128x64x32_w4_v2,SKIP,opt only LUT path
F8_E4M3_B128,LUT,U(-1,1),1024,7168,7168,128x128x32_w4_v2,SKIP,BN/WARPS != 16
F8_E4M3_B128,BITSHIFT,U(-1,1),1024,7168,7168,128x128x32_w4_v2,SKIP,BN/WARPS != 16
F8_E4M3_B128,LUT,U(-1,1),1024,7168,7168,128x256x32_w4_v2,SKIP,BN/WARPS != 16
F8_E4M3_B128,BITSHIFT,U(-1,1),1024,7168,7168,128x256x32_w4_v2,SKIP,BN/WARPS != 16
F8_E4M3_B128,LUT,U(-1,1),1024,7168,7168,128x256x32_w8_v2,SKIP,BN/WARPS != 16
F8_E4M3_B128,BITSHIFT,U(-1,1),1024,7168,7168,128x256x32_w8_v2,SKIP,BN/WARPS != 16
F8_E4M3_B128,LUT,U(-1,1),1024,7168,7168,64x64x32_w4_v2,OK,ms=12.159,tflops=8.65,gbps=9.1,maxabs=2.631e-02,p99=1.321e-02,rel=1.846e-04
F8_E4M3_B128,BITSHIFT,U(-1,1),1024,7168,7168,64x64x32_w4_v2,SKIP,opt only LUT path
F8_E4M3_B128,LUT,U(-1,1),1024,7168,7168,64x128x32_w4_v2,SKIP,BN/WARPS != 16
F8_E4M3_B128,BITSHIFT,U(-1,1),1024,7168,7168,64x128x32_w4_v2,SKIP,BN/WARPS != 16
F8_E4M3_B128,LUT,U(-1,1),1024,7168,7168,128x64x32_w4_v3,OK,ms=7.613,tflops=13.82,gbps=14.5,maxabs=2.631e-02,p99=1.321e-02,rel=1.846e-04
F8_E4M3_B128,BITSHIFT,U(-1,1),1024,7168,7168,128x64x32_w4_v3,SKIP,opt only LUT path
F8_E4M3_B128,LUT,U(-1,1),1024,7168,7168,128x128x32_w4_v3,SKIP,BN/WARPS != 16
F8_E4M3_B128,BITSHIFT,U(-1,1),1024,7168,7168,128x128x32_w4_v3,SKIP,BN/WARPS != 16
F8_E4M3_B128,LUT,U(-1,1),1024,7168,7168,128x256x32_w8_v3,SKIP,BN/WARPS != 16
F8_E4M3_B128,BITSHIFT,U(-1,1),1024,7168,7168,128x256x32_w8_v3,SKIP,BN/WARPS != 16
F8_E4M3_B128,LUT,U(-1,1),1024,7168,7168,64x64x32_w4_v3,OK,ms=8.137,tflops=12.93,gbps=13.6,maxabs=2.631e-02,p99=1.321e-02,rel=1.846e-04
F8_E4M3_B128,BITSHIFT,U(-1,1),1024,7168,7168,64x64x32_w4_v3,SKIP,opt only LUT path
F8_E4M3_B128,LUT,U(-1,1),1024,7168,7168,64x128x32_w4_v3,SKIP,BN/WARPS != 16
F8_E4M3_B128,BITSHIFT,U(-1,1),1024,7168,7168,64x128x32_w4_v3,SKIP,BN/WARPS != 16
F8_E4M3_B128,LUT,U(-1,1),2048,7168,7168,16x64x32_w4,OK,ms=52.151,tflops=4.04,gbps=3.2,maxabs=2.790e-02,p99=1.309e-02,rel=1.846e-04
F8_E4M3_B128,BITSHIFT,U(-1,1),2048,7168,7168,16x64x32_w4,OK,ms=66.255,tflops=3.18,gbps=2.6,maxabs=2.789e-02,p99=1.309e-02,rel=1.846e-04
F8_E4M3_B128,LUT,U(-1,1),2048,7168,7168,16x128x32_w8,OK,ms=59.166,tflops=3.56,gbps=2.9,maxabs=2.790e-02,p99=1.309e-02,rel=1.846e-04
F8_E4M3_B128,BITSHIFT,U(-1,1),2048,7168,7168,16x128x32_w8,OK,ms=71.715,tflops=2.93,gbps=2.4,maxabs=2.789e-02,p99=1.309e-02,rel=1.846e-04
F8_E4M3_B128,LUT,U(-1,1),2048,7168,7168,16x128x32_w4f2,SKIP,BN/WARPS != 16
F8_E4M3_B128,BITSHIFT,U(-1,1),2048,7168,7168,16x128x32_w4f2,SKIP,BN/WARPS != 16
F8_E4M3_B128,LUT,U(-1,1),2048,7168,7168,16x256x32_w4f4,SKIP,BN/WARPS != 16
F8_E4M3_B128,BITSHIFT,U(-1,1),2048,7168,7168,16x256x32_w4f4,SKIP,BN/WARPS != 16
F8_E4M3_B128,LUT,U(-1,1),2048,7168,7168,128x64x32_w4_v1,SKIP,no template
F8_E4M3_B128,BITSHIFT,U(-1,1),2048,7168,7168,128x64x32_w4_v1,SKIP,opt only LUT path
F8_E4M3_B128,LUT,U(-1,1),2048,7168,7168,128x128x32_w4_v1,SKIP,BN/WARPS != 16
F8_E4M3_B128,BITSHIFT,U(-1,1),2048,7168,7168,128x128x32_w4_v1,SKIP,BN/WARPS != 16
F8_E4M3_B128,LUT,U(-1,1),2048,7168,7168,128x256x32_w4_v1,SKIP,BN/WARPS != 16
F8_E4M3_B128,BITSHIFT,U(-1,1),2048,7168,7168,128x256x32_w4_v1,SKIP,BN/WARPS != 16
F8_E4M3_B128,LUT,U(-1,1),2048,7168,7168,128x256x32_w8_v1,SKIP,BN/WARPS != 16
F8_E4M3_B128,BITSHIFT,U(-1,1),2048,7168,7168,128x256x32_w8_v1,SKIP,BN/WARPS != 16
F8_E4M3_B128,LUT,U(-1,1),2048,7168,7168,64x64x32_w4_v1,SKIP,no template
F8_E4M3_B128,BITSHIFT,U(-1,1),2048,7168,7168,64x64x32_w4_v1,SKIP,opt only LUT path
F8_E4M3_B128,LUT,U(-1,1),2048,7168,7168,64x128x32_w4_v1,SKIP,BN/WARPS != 16
F8_E4M3_B128,BITSHIFT,U(-1,1),2048,7168,7168,64x128x32_w4_v1,SKIP,BN/WARPS != 16
F8_E4M3_B128,LUT,U(-1,1),2048,7168,7168,128x64x32_w4_v2,OK,ms=17.060,tflops=12.34,gbps=9.9,maxabs=2.790e-02,p99=1.309e-02,rel=1.846e-04
F8_E4M3_B128,BITSHIFT,U(-1,1),2048,7168,7168,128x64x32_w4_v2,SKIP,opt only LUT path
F8_E4M3_B128,LUT,U(-1,1),2048,7168,7168,128x128x32_w4_v2,SKIP,BN/WARPS != 16
F8_E4M3_B128,BITSHIFT,U(-1,1),2048,7168,7168,128x128x32_w4_v2,SKIP,BN/WARPS != 16
F8_E4M3_B128,LUT,U(-1,1),2048,7168,7168,128x256x32_w4_v2,SKIP,BN/WARPS != 16
F8_E4M3_B128,BITSHIFT,U(-1,1),2048,7168,7168,128x256x32_w4_v2,SKIP,BN/WARPS != 16
F8_E4M3_B128,LUT,U(-1,1),2048,7168,7168,128x256x32_w8_v2,SKIP,BN/WARPS != 16
F8_E4M3_B128,BITSHIFT,U(-1,1),2048,7168,7168,128x256x32_w8_v2,SKIP,BN/WARPS != 16
F8_E4M3_B128,LUT,U(-1,1),2048,7168,7168,64x64x32_w4_v2,OK,ms=21.824,tflops=9.64,gbps=7.8,maxabs=2.790e-02,p99=1.309e-02,rel=1.846e-04
F8_E4M3_B128,BITSHIFT,U(-1,1),2048,7168,7168,64x64x32_w4_v2,SKIP,opt only LUT path
F8_E4M3_B128,LUT,U(-1,1),2048,7168,7168,64x128x32_w4_v2,SKIP,BN/WARPS != 16
F8_E4M3_B128,BITSHIFT,U(-1,1),2048,7168,7168,64x128x32_w4_v2,SKIP,BN/WARPS != 16
F8_E4M3_B128,LUT,U(-1,1),2048,7168,7168,128x64x32_w4_v3,OK,ms=15.121,tflops=13.92,gbps=11.2,maxabs=2.790e-02,p99=1.309e-02,rel=1.846e-04
F8_E4M3_B128,BITSHIFT,U(-1,1),2048,7168,7168,128x64x32_w4_v3,SKIP,opt only LUT path
F8_E4M3_B128,LUT,U(-1,1),2048,7168,7168,128x128x32_w4_v3,SKIP,BN/WARPS != 16
F8_E4M3_B128,BITSHIFT,U(-1,1),2048,7168,7168,128x128x32_w4_v3,SKIP,BN/WARPS != 16
F8_E4M3_B128,LUT,U(-1,1),2048,7168,7168,128x256x32_w8_v3,SKIP,BN/WARPS != 16
F8_E4M3_B128,BITSHIFT,U(-1,1),2048,7168,7168,128x256x32_w8_v3,SKIP,BN/WARPS != 16
F8_E4M3_B128,LUT,U(-1,1),2048,7168,7168,64x64x32_w4_v3,OK,ms=14.510,tflops=14.50,gbps=11.7,maxabs=2.790e-02,p99=1.309e-02,rel=1.846e-04
F8_E4M3_B128,BITSHIFT,U(-1,1),2048,7168,7168,64x64x32_w4_v3,SKIP,opt only LUT path
F8_E4M3_B128,LUT,U(-1,1),2048,7168,7168,64x128x32_w4_v3,SKIP,BN/WARPS != 16
F8_E4M3_B128,BITSHIFT,U(-1,1),2048,7168,7168,64x128x32_w4_v3,SKIP,BN/WARPS != 16
