device: Tesla V100-SXM2-32GB, cc=7.0, smem=48KiB/cta
format,path,dist,M,N,K,tile,status,detail
INT8,LUT,U(-1,1),1,4096,4096,16x64x32_w4,OK,ms=0.857,tflops=0.04,gbps=20.8,maxabs=1.897e-02,p99=1.446e-02,rel=2.592e-04
INT8,BITSHIFT,U(-1,1),1,4096,4096,16x64x32_w4,OK,ms=0.509,tflops=0.07,gbps=35.1,maxabs=1.308e-02,p99=9.962e-03,rel=1.834e-04
INT8,LUT,U(-1,1),1,4096,4096,16x64x64_w4,OK,ms=1.016,tflops=0.03,gbps=17.6,maxabs=1.897e-02,p99=1.446e-02,rel=2.592e-04
INT8,BITSHIFT,U(-1,1),1,4096,4096,16x64x64_w4,OK,ms=0.585,tflops=0.06,gbps=30.5,maxabs=1.308e-02,p99=9.962e-03,rel=1.834e-04
INT8,LUT,U(-1,1),1,4096,4096,16x128x32_w8,OK,ms=0.918,tflops=0.04,gbps=19.4,maxabs=1.897e-02,p99=1.446e-02,rel=2.592e-04
INT8,BITSHIFT,U(-1,1),1,4096,4096,16x128x32_w8,OK,ms=0.626,tflops=0.05,gbps=28.5,maxabs=1.308e-02,p99=9.962e-03,rel=1.834e-04
INT8,LUT,U(-1,1),1,4096,4096,16x128x64_w8,OK,ms=1.121,tflops=0.03,gbps=15.9,maxabs=1.897e-02,p99=1.446e-02,rel=2.592e-04
INT8,BITSHIFT,U(-1,1),1,4096,4096,16x128x64_w8,OK,ms=0.707,tflops=0.05,gbps=25.3,maxabs=1.308e-02,p99=9.962e-03,rel=1.834e-04
INT8,LUT,U(-1,1),4,4096,4096,16x64x32_w4,OK,ms=0.857,tflops=0.16,gbps=21.0,maxabs=2.122e-02,p99=1.457e-02,rel=2.601e-04
INT8,BITSHIFT,U(-1,1),4,4096,4096,16x64x32_w4,OK,ms=0.551,tflops=0.24,gbps=32.6,maxabs=1.649e-02,p99=1.006e-02,rel=1.844e-04
INT8,LUT,U(-1,1),4,4096,4096,16x64x64_w4,OK,ms=1.014,tflops=0.13,gbps=17.7,maxabs=2.122e-02,p99=1.457e-02,rel=2.601e-04
INT8,BITSHIFT,U(-1,1),4,4096,4096,16x64x64_w4,OK,ms=0.615,tflops=0.22,gbps=29.2,maxabs=1.649e-02,p99=1.006e-02,rel=1.844e-04
INT8,LUT,U(-1,1),4,4096,4096,16x128x32_w8,OK,ms=0.911,tflops=0.15,gbps=19.7,maxabs=2.122e-02,p99=1.457e-02,rel=2.601e-04
INT8,BITSHIFT,U(-1,1),4,4096,4096,16x128x32_w8,OK,ms=0.644,tflops=0.21,gbps=27.9,maxabs=1.649e-02,p99=1.006e-02,rel=1.844e-04
INT8,LUT,U(-1,1),4,4096,4096,16x128x64_w8,OK,ms=1.060,tflops=0.13,gbps=16.9,maxabs=2.122e-02,p99=1.457e-02,rel=2.601e-04
INT8,BITSHIFT,U(-1,1),4,4096,4096,16x128x64_w8,OK,ms=0.694,tflops=0.19,gbps=25.9,maxabs=1.649e-02,p99=1.006e-02,rel=1.844e-04
INT8,LUT,U(-1,1),8,4096,4096,16x64x32_w4,OK,ms=0.793,tflops=0.34,gbps=22.8,maxabs=2.376e-02,p99=1.439e-02,rel=2.603e-04
INT8,BITSHIFT,U(-1,1),8,4096,4096,16x64x32_w4,OK,ms=0.570,tflops=0.47,gbps=31.7,maxabs=1.649e-02,p99=1.006e-02,rel=1.858e-04
INT8,LUT,U(-1,1),8,4096,4096,16x64x64_w4,OK,ms=0.980,tflops=0.27,gbps=18.4,maxabs=2.376e-02,p99=1.439e-02,rel=2.603e-04
INT8,BITSHIFT,U(-1,1),8,4096,4096,16x64x64_w4,OK,ms=0.633,tflops=0.42,gbps=28.6,maxabs=1.649e-02,p99=1.006e-02,rel=1.858e-04
INT8,LUT,U(-1,1),8,4096,4096,16x128x32_w8,OK,ms=0.871,tflops=0.31,gbps=20.8,maxabs=2.376e-02,p99=1.439e-02,rel=2.603e-04
INT8,BITSHIFT,U(-1,1),8,4096,4096,16x128x32_w8,OK,ms=0.698,tflops=0.38,gbps=25.9,maxabs=1.649e-02,p99=1.006e-02,rel=1.858e-04
INT8,LUT,U(-1,1),8,4096,4096,16x128x64_w8,OK,ms=1.054,tflops=0.25,gbps=17.2,maxabs=2.376e-02,p99=1.439e-02,rel=2.603e-04
INT8,BITSHIFT,U(-1,1),8,4096,4096,16x128x64_w8,OK,ms=0.757,tflops=0.35,gbps=23.9,maxabs=1.649e-02,p99=1.006e-02,rel=1.858e-04
INT8,LUT,U(-1,1),16,4096,4096,16x64x32_w4,OK,ms=0.793,tflops=0.68,gbps=23.1,maxabs=2.375e-02,p99=1.438e-02,rel=2.601e-04
INT8,BITSHIFT,U(-1,1),16,4096,4096,16x64x32_w4,OK,ms=0.697,tflops=0.77,gbps=26.3,maxabs=1.649e-02,p99=1.010e-02,rel=1.857e-04
INT8,LUT,U(-1,1),16,4096,4096,16x64x64_w4,OK,ms=0.986,tflops=0.54,gbps=18.6,maxabs=2.375e-02,p99=1.438e-02,rel=2.601e-04
INT8,BITSHIFT,U(-1,1),16,4096,4096,16x64x64_w4,OK,ms=0.761,tflops=0.71,gbps=24.1,maxabs=1.649e-02,p99=1.010e-02,rel=1.857e-04
INT8,LUT,U(-1,1),16,4096,4096,16x128x32_w8,OK,ms=0.889,tflops=0.60,gbps=20.6,maxabs=2.375e-02,p99=1.438e-02,rel=2.601e-04
INT8,BITSHIFT,U(-1,1),16,4096,4096,16x128x32_w8,OK,ms=0.860,tflops=0.62,gbps=21.3,maxabs=1.649e-02,p99=1.010e-02,rel=1.857e-04
INT8,LUT,U(-1,1),16,4096,4096,16x128x64_w8,OK,ms=1.055,tflops=0.51,gbps=17.4,maxabs=2.375e-02,p99=1.438e-02,rel=2.601e-04
INT8,BITSHIFT,U(-1,1),16,4096,4096,16x128x64_w8,OK,ms=0.874,tflops=0.61,gbps=21.0,maxabs=1.649e-02,p99=1.010e-02,rel=1.857e-04
INT8,LUT,U(-1,1),32,4096,4096,16x64x32_w4,OK,ms=0.770,tflops=1.39,gbps=24.5,maxabs=2.434e-02,p99=1.437e-02,rel=2.602e-04
INT8,BITSHIFT,U(-1,1),32,4096,4096,16x64x32_w4,OK,ms=0.745,tflops=1.44,gbps=25.3,maxabs=1.749e-02,p99=1.018e-02,rel=1.857e-04
INT8,LUT,U(-1,1),32,4096,4096,16x64x64_w4,OK,ms=0.930,tflops=1.15,gbps=20.3,maxabs=2.434e-02,p99=1.437e-02,rel=2.602e-04
INT8,BITSHIFT,U(-1,1),32,4096,4096,16x64x64_w4,OK,ms=0.831,tflops=1.29,gbps=22.7,maxabs=1.749e-02,p99=1.018e-02,rel=1.857e-04
INT8,LUT,U(-1,1),32,4096,4096,16x128x32_w8,OK,ms=0.819,tflops=1.31,gbps=23.1,maxabs=2.434e-02,p99=1.437e-02,rel=2.602e-04
INT8,BITSHIFT,U(-1,1),32,4096,4096,16x128x32_w8,OK,ms=0.807,tflops=1.33,gbps=23.4,maxabs=1.749e-02,p99=1.018e-02,rel=1.857e-04
INT8,LUT,U(-1,1),32,4096,4096,16x128x64_w8,OK,ms=0.996,tflops=1.08,gbps=19.0,maxabs=2.434e-02,p99=1.437e-02,rel=2.602e-04
INT8,BITSHIFT,U(-1,1),32,4096,4096,16x128x64_w8,OK,ms=0.851,tflops=1.26,gbps=22.2,maxabs=1.749e-02,p99=1.018e-02,rel=1.857e-04
INT8,LUT,U(-1,1),64,4096,4096,16x64x32_w4,OK,ms=0.802,tflops=2.68,gbps=24.9,maxabs=2.856e-02,p99=1.437e-02,rel=2.601e-04
INT8,BITSHIFT,U(-1,1),64,4096,4096,16x64x32_w4,OK,ms=0.997,tflops=2.15,gbps=20.0,maxabs=1.964e-02,p99=1.017e-02,rel=1.852e-04
INT8,LUT,U(-1,1),64,4096,4096,16x64x64_w4,OK,ms=1.018,tflops=2.11,gbps=19.6,maxabs=2.856e-02,p99=1.437e-02,rel=2.601e-04
INT8,BITSHIFT,U(-1,1),64,4096,4096,16x64x64_w4,OK,ms=1.167,tflops=1.84,gbps=17.1,maxabs=1.964e-02,p99=1.017e-02,rel=1.852e-04
INT8,LUT,U(-1,1),64,4096,4096,16x128x32_w8,OK,ms=0.826,tflops=2.60,gbps=24.1,maxabs=2.856e-02,p99=1.437e-02,rel=2.601e-04
INT8,BITSHIFT,U(-1,1),64,4096,4096,16x128x32_w8,OK,ms=1.060,tflops=2.03,gbps=18.8,maxabs=1.964e-02,p99=1.017e-02,rel=1.852e-04
INT8,LUT,U(-1,1),64,4096,4096,16x128x64_w8,OK,ms=0.994,tflops=2.16,gbps=20.0,maxabs=2.856e-02,p99=1.437e-02,rel=2.601e-04
INT8,BITSHIFT,U(-1,1),64,4096,4096,16x128x64_w8,OK,ms=1.227,tflops=1.75,gbps=16.2,maxabs=1.964e-02,p99=1.017e-02,rel=1.852e-04
INT8,LUT,U(-1,1),1,7168,7168,16x64x32_w4,OK,ms=1.499,tflops=0.07,gbps=36.5,maxabs=2.655e-02,p99=1.900e-02,rel=2.590e-04
INT8,BITSHIFT,U(-1,1),1,7168,7168,16x64x32_w4,OK,ms=0.908,tflops=0.11,gbps=60.2,maxabs=1.870e-02,p99=1.344e-02,rel=1.818e-04
INT8,LUT,U(-1,1),1,7168,7168,16x64x64_w4,OK,ms=1.754,tflops=0.06,gbps=31.2,maxabs=2.655e-02,p99=1.900e-02,rel=2.590e-04
INT8,BITSHIFT,U(-1,1),1,7168,7168,16x64x64_w4,OK,ms=1.116,tflops=0.09,gbps=48.9,maxabs=1.870e-02,p99=1.344e-02,rel=1.818e-04
INT8,LUT,U(-1,1),1,7168,7168,16x128x32_w8,OK,ms=1.445,tflops=0.07,gbps=37.8,maxabs=2.655e-02,p99=1.900e-02,rel=2.590e-04
INT8,BITSHIFT,U(-1,1),1,7168,7168,16x128x32_w8,OK,ms=0.943,tflops=0.11,gbps=57.9,maxabs=1.870e-02,p99=1.344e-02,rel=1.818e-04
INT8,LUT,U(-1,1),1,7168,7168,16x128x64_w8,OK,ms=1.764,tflops=0.06,gbps=31.0,maxabs=2.655e-02,p99=1.900e-02,rel=2.590e-04
INT8,BITSHIFT,U(-1,1),1,7168,7168,16x128x64_w8,OK,ms=1.097,tflops=0.09,gbps=49.8,maxabs=1.870e-02,p99=1.344e-02,rel=1.818e-04
INT8,LUT,U(-1,1),4,7168,7168,16x64x32_w4,OK,ms=1.435,tflops=0.29,gbps=38.2,maxabs=3.159e-02,p99=1.904e-02,rel=2.601e-04
INT8,BITSHIFT,U(-1,1),4,7168,7168,16x64x32_w4,OK,ms=0.999,tflops=0.41,gbps=54.9,maxabs=2.384e-02,p99=1.351e-02,rel=1.855e-04
INT8,LUT,U(-1,1),4,7168,7168,16x64x64_w4,OK,ms=1.759,tflops=0.23,gbps=31.2,maxabs=3.159e-02,p99=1.904e-02,rel=2.601e-04
INT8,BITSHIFT,U(-1,1),4,7168,7168,16x64x64_w4,OK,ms=1.182,tflops=0.35,gbps=46.4,maxabs=2.384e-02,p99=1.351e-02,rel=1.855e-04
INT8,LUT,U(-1,1),4,7168,7168,16x128x32_w8,OK,ms=1.451,tflops=0.28,gbps=37.8,maxabs=3.159e-02,p99=1.904e-02,rel=2.601e-04
INT8,BITSHIFT,U(-1,1),4,7168,7168,16x128x32_w8,OK,ms=0.991,tflops=0.41,gbps=55.3,maxabs=2.384e-02,p99=1.351e-02,rel=1.855e-04
INT8,LUT,U(-1,1),4,7168,7168,16x128x64_w8,OK,ms=1.771,tflops=0.23,gbps=31.0,maxabs=3.159e-02,p99=1.904e-02,rel=2.601e-04
INT8,BITSHIFT,U(-1,1),4,7168,7168,16x128x64_w8,OK,ms=1.169,tflops=0.35,gbps=46.9,maxabs=2.384e-02,p99=1.351e-02,rel=1.855e-04
INT8,LUT,U(-1,1),8,7168,7168,16x64x32_w4,OK,ms=1.437,tflops=0.57,gbps=38.3,maxabs=3.159e-02,p99=1.890e-02,rel=2.621e-04
INT8,BITSHIFT,U(-1,1),8,7168,7168,16x64x32_w4,OK,ms=1.102,tflops=0.75,gbps=50.0,maxabs=2.384e-02,p99=1.348e-02,rel=1.867e-04
INT8,LUT,U(-1,1),8,7168,7168,16x64x64_w4,OK,ms=1.762,tflops=0.47,gbps=31.2,maxabs=3.159e-02,p99=1.890e-02,rel=2.621e-04
INT8,BITSHIFT,U(-1,1),8,7168,7168,16x64x64_w4,OK,ms=1.313,tflops=0.63,gbps=41.9,maxabs=2.384e-02,p99=1.348e-02,rel=1.867e-04
INT8,LUT,U(-1,1),8,7168,7168,16x128x32_w8,OK,ms=1.502,tflops=0.55,gbps=36.6,maxabs=3.159e-02,p99=1.890e-02,rel=2.621e-04
INT8,BITSHIFT,U(-1,1),8,7168,7168,16x128x32_w8,OK,ms=1.162,tflops=0.71,gbps=47.4,maxabs=2.384e-02,p99=1.348e-02,rel=1.867e-04
INT8,LUT,U(-1,1),8,7168,7168,16x128x64_w8,OK,ms=1.775,tflops=0.46,gbps=31.0,maxabs=3.159e-02,p99=1.890e-02,rel=2.621e-04
INT8,BITSHIFT,U(-1,1),8,7168,7168,16x128x64_w8,OK,ms=1.313,tflops=0.63,gbps=41.9,maxabs=2.384e-02,p99=1.348e-02,rel=1.867e-04
INT8,LUT,U(-1,1),16,7168,7168,16x64x32_w4,OK,ms=1.448,tflops=1.14,gbps=38.3,maxabs=3.157e-02,p99=1.900e-02,rel=2.608e-04
INT8,BITSHIFT,U(-1,1),16,7168,7168,16x64x32_w4,OK,ms=1.320,tflops=1.25,gbps=42.1,maxabs=2.450e-02,p99=1.351e-02,rel=1.854e-04
INT8,LUT,U(-1,1),16,7168,7168,16x64x64_w4,OK,ms=1.775,tflops=0.93,gbps=31.3,maxabs=3.157e-02,p99=1.900e-02,rel=2.608e-04
INT8,BITSHIFT,U(-1,1),16,7168,7168,16x64x64_w4,OK,ms=1.532,tflops=1.07,gbps=36.2,maxabs=2.450e-02,p99=1.351e-02,rel=1.854e-04
INT8,LUT,U(-1,1),16,7168,7168,16x128x32_w8,OK,ms=1.530,tflops=1.07,gbps=36.3,maxabs=3.157e-02,p99=1.900e-02,rel=2.608e-04
INT8,BITSHIFT,U(-1,1),16,7168,7168,16x128x32_w8,OK,ms=1.416,tflops=1.16,gbps=39.2,maxabs=2.450e-02,p99=1.351e-02,rel=1.854e-04
INT8,LUT,U(-1,1),16,7168,7168,16x128x64_w8,OK,ms=1.776,tflops=0.93,gbps=31.3,maxabs=3.157e-02,p99=1.900e-02,rel=2.608e-04
INT8,BITSHIFT,U(-1,1),16,7168,7168,16x128x64_w8,OK,ms=1.514,tflops=1.09,gbps=36.7,maxabs=2.450e-02,p99=1.351e-02,rel=1.854e-04
INT8,LUT,U(-1,1),32,7168,7168,16x64x32_w4,OK,ms=1.493,tflops=2.20,gbps=37.8,maxabs=3.285e-02,p99=1.898e-02,rel=2.600e-04
INT8,BITSHIFT,U(-1,1),32,7168,7168,16x64x32_w4,OK,ms=1.580,tflops=2.08,gbps=35.7,maxabs=2.503e-02,p99=1.349e-02,rel=1.850e-04
INT8,LUT,U(-1,1),32,7168,7168,16x64x64_w4,OK,ms=1.798,tflops=1.83,gbps=31.4,maxabs=3.285e-02,p99=1.898e-02,rel=2.600e-04
INT8,BITSHIFT,U(-1,1),32,7168,7168,16x64x64_w4,OK,ms=1.767,tflops=1.86,gbps=31.9,maxabs=2.503e-02,p99=1.349e-02,rel=1.850e-04
INT8,LUT,U(-1,1),32,7168,7168,16x128x32_w8,OK,ms=1.541,tflops=2.13,gbps=36.6,maxabs=3.285e-02,p99=1.898e-02,rel=2.600e-04
INT8,BITSHIFT,U(-1,1),32,7168,7168,16x128x32_w8,OK,ms=1.936,tflops=1.70,gbps=29.1,maxabs=2.503e-02,p99=1.349e-02,rel=1.850e-04
INT8,LUT,U(-1,1),32,7168,7168,16x128x64_w8,OK,ms=1.848,tflops=1.78,gbps=30.5,maxabs=3.285e-02,p99=1.898e-02,rel=2.600e-04
INT8,BITSHIFT,U(-1,1),32,7168,7168,16x128x64_w8,OK,ms=2.196,tflops=1.50,gbps=25.7,maxabs=2.503e-02,p99=1.349e-02,rel=1.850e-04
INT8,LUT,U(-1,1),64,7168,7168,16x64x32_w4,OK,ms=1.619,tflops=4.06,gbps=36.0,maxabs=3.949e-02,p99=1.890e-02,rel=2.596e-04
INT8,BITSHIFT,U(-1,1),64,7168,7168,16x64x32_w4,OK,ms=2.277,tflops=2.89,gbps=25.6,maxabs=2.504e-02,p99=1.348e-02,rel=1.849e-04
INT8,LUT,U(-1,1),64,7168,7168,16x64x64_w4,OK,ms=1.969,tflops=3.34,gbps=29.6,maxabs=3.949e-02,p99=1.890e-02,rel=2.596e-04
INT8,BITSHIFT,U(-1,1),64,7168,7168,16x64x64_w4,OK,ms=2.662,tflops=2.47,gbps=21.9,maxabs=2.504e-02,p99=1.348e-02,rel=1.849e-04
INT8,LUT,U(-1,1),64,7168,7168,16x128x32_w8,OK,ms=1.653,tflops=3.98,gbps=35.2,maxabs=3.949e-02,p99=1.890e-02,rel=2.596e-04
INT8,BITSHIFT,U(-1,1),64,7168,7168,16x128x32_w8,OK,ms=2.417,tflops=2.72,gbps=24.1,maxabs=2.504e-02,p99=1.348e-02,rel=1.849e-04
INT8,LUT,U(-1,1),64,7168,7168,16x128x64_w8,OK,ms=2.029,tflops=3.24,gbps=28.7,maxabs=3.949e-02,p99=1.890e-02,rel=2.596e-04
INT8,BITSHIFT,U(-1,1),64,7168,7168,16x128x64_w8,OK,ms=2.780,tflops=2.37,gbps=21.0,maxabs=2.504e-02,p99=1.348e-02,rel=1.849e-04
INT4,LUT,U(-1,1),1,4096,4096,16x64x32_w4,OK,ms=0.657,tflops=0.05,gbps=14.4,maxabs=1.898e-02,p99=1.403e-02,rel=2.504e-04
INT4,BITSHIFT,U(-1,1),1,4096,4096,16x64x32_w4,OK,ms=0.457,tflops=0.07,gbps=20.7,maxabs=1.329e-02,p99=1.013e-02,rel=1.838e-04
INT4,LUT,U(-1,1),1,4096,4096,16x64x64_w4,OK,ms=0.773,tflops=0.04,gbps=12.3,maxabs=1.898e-02,p99=1.403e-02,rel=2.504e-04
INT4,BITSHIFT,U(-1,1),1,4096,4096,16x64x64_w4,OK,ms=0.475,tflops=0.07,gbps=19.9,maxabs=1.329e-02,p99=1.013e-02,rel=1.838e-04
INT4,LUT,U(-1,1),1,4096,4096,16x128x32_w8,OK,ms=0.768,tflops=0.04,gbps=12.3,maxabs=1.898e-02,p99=1.403e-02,rel=2.504e-04
INT4,BITSHIFT,U(-1,1),1,4096,4096,16x128x32_w8,OK,ms=0.526,tflops=0.06,gbps=18.0,maxabs=1.329e-02,p99=1.013e-02,rel=1.838e-04
INT4,LUT,U(-1,1),1,4096,4096,16x128x64_w8,OK,ms=0.852,tflops=0.04,gbps=11.1,maxabs=1.898e-02,p99=1.403e-02,rel=2.504e-04
INT4,BITSHIFT,U(-1,1),1,4096,4096,16x128x64_w8,OK,ms=0.590,tflops=0.06,gbps=16.0,maxabs=1.329e-02,p99=1.013e-02,rel=1.838e-04
INT4,LUT,U(-1,1),4,4096,4096,16x64x32_w4,OK,ms=0.633,tflops=0.21,gbps=15.1,maxabs=2.312e-02,p99=1.436e-02,rel=2.550e-04
INT4,BITSHIFT,U(-1,1),4,4096,4096,16x64x32_w4,OK,ms=0.500,tflops=0.27,gbps=19.1,maxabs=1.632e-02,p99=1.009e-02,rel=1.847e-04
INT4,LUT,U(-1,1),4,4096,4096,16x64x64_w4,OK,ms=0.778,tflops=0.17,gbps=12.3,maxabs=2.312e-02,p99=1.436e-02,rel=2.550e-04
INT4,BITSHIFT,U(-1,1),4,4096,4096,16x64x64_w4,OK,ms=0.507,tflops=0.26,gbps=18.9,maxabs=1.632e-02,p99=1.009e-02,rel=1.847e-04
INT4,LUT,U(-1,1),4,4096,4096,16x128x32_w8,OK,ms=0.769,tflops=0.17,gbps=12.4,maxabs=2.312e-02,p99=1.436e-02,rel=2.550e-04
INT4,BITSHIFT,U(-1,1),4,4096,4096,16x128x32_w8,OK,ms=0.565,tflops=0.24,gbps=16.9,maxabs=1.632e-02,p99=1.009e-02,rel=1.847e-04
INT4,LUT,U(-1,1),4,4096,4096,16x128x64_w8,OK,ms=0.862,tflops=0.16,gbps=11.1,maxabs=2.312e-02,p99=1.436e-02,rel=2.550e-04
INT4,BITSHIFT,U(-1,1),4,4096,4096,16x128x64_w8,OK,ms=0.629,tflops=0.21,gbps=15.2,maxabs=1.632e-02,p99=1.009e-02,rel=1.847e-04
INT4,LUT,U(-1,1),8,4096,4096,16x64x32_w4,OK,ms=0.640,tflops=0.42,gbps=15.1,maxabs=2.312e-02,p99=1.418e-02,rel=2.571e-04
INT4,BITSHIFT,U(-1,1),8,4096,4096,16x64x32_w4,OK,ms=0.560,tflops=0.48,gbps=17.3,maxabs=1.641e-02,p99=1.013e-02,rel=1.866e-04
INT4,LUT,U(-1,1),8,4096,4096,16x64x64_w4,OK,ms=0.781,tflops=0.34,gbps=12.4,maxabs=2.312e-02,p99=1.418e-02,rel=2.571e-04
INT4,BITSHIFT,U(-1,1),8,4096,4096,16x64x64_w4,OK,ms=0.567,tflops=0.47,gbps=17.1,maxabs=1.641e-02,p99=1.013e-02,rel=1.866e-04
INT4,LUT,U(-1,1),8,4096,4096,16x128x32_w8,OK,ms=0.792,tflops=0.34,gbps=12.2,maxabs=2.312e-02,p99=1.418e-02,rel=2.571e-04
INT4,BITSHIFT,U(-1,1),8,4096,4096,16x128x32_w8,OK,ms=0.640,tflops=0.42,gbps=15.2,maxabs=1.641e-02,p99=1.013e-02,rel=1.866e-04
INT4,LUT,U(-1,1),8,4096,4096,16x128x64_w8,OK,ms=0.865,tflops=0.31,gbps=11.2,maxabs=2.312e-02,p99=1.418e-02,rel=2.571e-04
INT4,BITSHIFT,U(-1,1),8,4096,4096,16x128x64_w8,OK,ms=0.694,tflops=0.39,gbps=14.0,maxabs=1.641e-02,p99=1.013e-02,rel=1.866e-04
INT4,LUT,U(-1,1),16,4096,4096,16x64x32_w4,OK,ms=0.676,tflops=0.79,gbps=14.7,maxabs=2.508e-02,p99=1.416e-02,rel=2.557e-04
INT4,BITSHIFT,U(-1,1),16,4096,4096,16x64x32_w4,OK,ms=0.690,tflops=0.78,gbps=14.4,maxabs=1.641e-02,p99=1.017e-02,rel=1.862e-04
INT4,LUT,U(-1,1),16,4096,4096,16x64x64_w4,OK,ms=0.791,tflops=0.68,gbps=12.6,maxabs=2.508e-02,p99=1.416e-02,rel=2.557e-04
INT4,BITSHIFT,U(-1,1),16,4096,4096,16x64x64_w4,OK,ms=0.701,tflops=0.77,gbps=14.2,maxabs=1.641e-02,p99=1.017e-02,rel=1.862e-04
INT4,LUT,U(-1,1),16,4096,4096,16x128x32_w8,OK,ms=0.821,tflops=0.65,gbps=12.1,maxabs=2.508e-02,p99=1.416e-02,rel=2.557e-04
INT4,BITSHIFT,U(-1,1),16,4096,4096,16x128x32_w8,OK,ms=0.815,tflops=0.66,gbps=12.2,maxabs=1.641e-02,p99=1.017e-02,rel=1.862e-04
INT4,LUT,U(-1,1),16,4096,4096,16x128x64_w8,OK,ms=0.870,tflops=0.62,gbps=11.4,maxabs=2.508e-02,p99=1.416e-02,rel=2.557e-04
INT4,BITSHIFT,U(-1,1),16,4096,4096,16x128x64_w8,OK,ms=0.824,tflops=0.65,gbps=12.1,maxabs=1.641e-02,p99=1.017e-02,rel=1.862e-04
INT4,LUT,U(-1,1),32,4096,4096,16x64x32_w4,OK,ms=0.757,tflops=1.42,gbps=13.9,maxabs=2.507e-02,p99=1.417e-02,rel=2.559e-04
INT4,BITSHIFT,U(-1,1),32,4096,4096,16x64x32_w4,OK,ms=0.743,tflops=1.45,gbps=14.1,maxabs=1.747e-02,p99=1.030e-02,rel=1.864e-04
INT4,LUT,U(-1,1),32,4096,4096,16x64x64_w4,OK,ms=0.812,tflops=1.32,gbps=12.9,maxabs=2.507e-02,p99=1.417e-02,rel=2.559e-04
INT4,BITSHIFT,U(-1,1),32,4096,4096,16x64x64_w4,OK,ms=0.804,tflops=1.34,gbps=13.0,maxabs=1.747e-02,p99=1.030e-02,rel=1.864e-04
INT4,LUT,U(-1,1),32,4096,4096,16x128x32_w8,OK,ms=0.815,tflops=1.32,gbps=12.9,maxabs=2.507e-02,p99=1.417e-02,rel=2.559e-04
INT4,BITSHIFT,U(-1,1),32,4096,4096,16x128x32_w8,OK,ms=0.814,tflops=1.32,gbps=12.9,maxabs=1.747e-02,p99=1.030e-02,rel=1.864e-04
INT4,LUT,U(-1,1),32,4096,4096,16x128x64_w8,OK,ms=0.854,tflops=1.26,gbps=12.3,maxabs=2.507e-02,p99=1.417e-02,rel=2.559e-04
INT4,BITSHIFT,U(-1,1),32,4096,4096,16x128x64_w8,OK,ms=0.818,tflops=1.31,gbps=12.8,maxabs=1.747e-02,p99=1.030e-02,rel=1.864e-04
INT4,LUT,U(-1,1),64,4096,4096,16x64x32_w4,OK,ms=0.814,tflops=2.64,gbps=14.2,maxabs=2.522e-02,p99=1.415e-02,rel=2.555e-04
INT4,BITSHIFT,U(-1,1),64,4096,4096,16x64x32_w4,OK,ms=0.985,tflops=2.18,gbps=11.7,maxabs=1.935e-02,p99=1.027e-02,rel=1.858e-04
INT4,LUT,U(-1,1),64,4096,4096,16x64x64_w4,OK,ms=0.881,tflops=2.44,gbps=13.1,maxabs=2.522e-02,p99=1.415e-02,rel=2.555e-04
INT4,BITSHIFT,U(-1,1),64,4096,4096,16x64x64_w4,OK,ms=1.182,tflops=1.82,gbps=9.8,maxabs=1.935e-02,p99=1.027e-02,rel=1.858e-04
INT4,LUT,U(-1,1),64,4096,4096,16x128x32_w8,OK,ms=0.829,tflops=2.59,gbps=13.9,maxabs=2.522e-02,p99=1.415e-02,rel=2.555e-04
INT4,BITSHIFT,U(-1,1),64,4096,4096,16x128x32_w8,OK,ms=1.024,tflops=2.10,gbps=11.3,maxabs=1.935e-02,p99=1.027e-02,rel=1.858e-04
INT4,LUT,U(-1,1),64,4096,4096,16x128x64_w8,OK,ms=0.866,tflops=2.48,gbps=13.3,maxabs=2.522e-02,p99=1.415e-02,rel=2.555e-04
INT4,BITSHIFT,U(-1,1),64,4096,4096,16x128x64_w8,OK,ms=1.221,tflops=1.76,gbps=9.4,maxabs=1.935e-02,p99=1.027e-02,rel=1.858e-04
INT4,LUT,U(-1,1),1,7168,7168,16x64x32_w4,OK,ms=1.362,tflops=0.08,gbps=21.3,maxabs=2.849e-02,p99=1.838e-02,rel=2.533e-04
INT4,BITSHIFT,U(-1,1),1,7168,7168,16x64x32_w4,OK,ms=0.887,tflops=0.12,gbps=32.7,maxabs=1.848e-02,p99=1.350e-02,rel=1.814e-04
INT4,LUT,U(-1,1),1,7168,7168,16x64x64_w4,OK,ms=1.471,tflops=0.07,gbps=19.7,maxabs=2.849e-02,p99=1.838e-02,rel=2.533e-04
INT4,BITSHIFT,U(-1,1),1,7168,7168,16x64x64_w4,OK,ms=1.003,tflops=0.10,gbps=28.9,maxabs=1.848e-02,p99=1.350e-02,rel=1.814e-04
INT4,LUT,U(-1,1),1,7168,7168,16x128x32_w8,OK,ms=1.359,tflops=0.08,gbps=21.3,maxabs=2.849e-02,p99=1.838e-02,rel=2.533e-04
INT4,BITSHIFT,U(-1,1),1,7168,7168,16x128x32_w8,OK,ms=0.926,tflops=0.11,gbps=31.3,maxabs=1.848e-02,p99=1.350e-02,rel=1.814e-04
INT4,LUT,U(-1,1),1,7168,7168,16x128x64_w8,OK,ms=1.512,tflops=0.07,gbps=19.2,maxabs=2.849e-02,p99=1.838e-02,rel=2.533e-04
INT4,BITSHIFT,U(-1,1),1,7168,7168,16x128x64_w8,OK,ms=1.027,tflops=0.10,gbps=28.2,maxabs=1.848e-02,p99=1.350e-02,rel=1.814e-04
INT4,LUT,U(-1,1),4,7168,7168,16x64x32_w4,OK,ms=1.343,tflops=0.31,gbps=21.7,maxabs=2.849e-02,p99=1.879e-02,rel=2.562e-04
INT4,BITSHIFT,U(-1,1),4,7168,7168,16x64x32_w4,OK,ms=0.955,tflops=0.43,gbps=30.5,maxabs=2.386e-02,p99=1.363e-02,rel=1.862e-04
INT4,LUT,U(-1,1),4,7168,7168,16x64x64_w4,OK,ms=1.482,tflops=0.28,gbps=19.6,maxabs=2.849e-02,p99=1.879e-02,rel=2.562e-04
INT4,BITSHIFT,U(-1,1),4,7168,7168,16x64x64_w4,OK,ms=1.089,tflops=0.38,gbps=26.7,maxabs=2.386e-02,p99=1.363e-02,rel=1.862e-04
INT4,LUT,U(-1,1),4,7168,7168,16x128x32_w8,OK,ms=1.350,tflops=0.30,gbps=21.6,maxabs=2.849e-02,p99=1.879e-02,rel=2.562e-04
INT4,BITSHIFT,U(-1,1),4,7168,7168,16x128x32_w8,OK,ms=0.988,tflops=0.42,gbps=29.5,maxabs=2.386e-02,p99=1.363e-02,rel=1.862e-04
INT4,LUT,U(-1,1),4,7168,7168,16x128x64_w8,OK,ms=1.525,tflops=0.27,gbps=19.1,maxabs=2.849e-02,p99=1.879e-02,rel=2.562e-04
INT4,BITSHIFT,U(-1,1),4,7168,7168,16x128x64_w8,OK,ms=1.096,tflops=0.38,gbps=26.6,maxabs=2.386e-02,p99=1.363e-02,rel=1.862e-04
INT4,LUT,U(-1,1),8,7168,7168,16x64x32_w4,OK,ms=1.339,tflops=0.61,gbps=21.9,maxabs=3.204e-02,p99=1.888e-02,rel=2.574e-04
INT4,BITSHIFT,U(-1,1),8,7168,7168,16x64x32_w4,OK,ms=1.078,tflops=0.76,gbps=27.2,maxabs=2.386e-02,p99=1.357e-02,rel=1.872e-04
INT4,LUT,U(-1,1),8,7168,7168,16x64x64_w4,OK,ms=1.482,tflops=0.55,gbps=19.8,maxabs=3.204e-02,p99=1.888e-02,rel=2.574e-04
INT4,BITSHIFT,U(-1,1),8,7168,7168,16x64x64_w4,OK,ms=1.203,tflops=0.68,gbps=24.4,maxabs=2.386e-02,p99=1.357e-02,rel=1.872e-04
INT4,LUT,U(-1,1),8,7168,7168,16x128x32_w8,OK,ms=1.399,tflops=0.59,gbps=21.0,maxabs=3.204e-02,p99=1.888e-02,rel=2.574e-04
INT4,BITSHIFT,U(-1,1),8,7168,7168,16x128x32_w8,OK,ms=1.119,tflops=0.73,gbps=26.2,maxabs=2.386e-02,p99=1.357e-02,rel=1.872e-04
INT4,LUT,U(-1,1),8,7168,7168,16x128x64_w8,OK,ms=1.530,tflops=0.54,gbps=19.2,maxabs=3.204e-02,p99=1.888e-02,rel=2.574e-04
INT4,BITSHIFT,U(-1,1),8,7168,7168,16x128x64_w8,OK,ms=1.205,tflops=0.68,gbps=24.4,maxabs=2.386e-02,p99=1.357e-02,rel=1.872e-04
INT4,LUT,U(-1,1),16,7168,7168,16x64x32_w4,OK,ms=1.393,tflops=1.18,gbps=21.4,maxabs=3.330e-02,p99=1.890e-02,rel=2.565e-04
INT4,BITSHIFT,U(-1,1),16,7168,7168,16x64x32_w4,OK,ms=1.319,tflops=1.25,gbps=22.6,maxabs=2.464e-02,p99=1.361e-02,rel=1.858e-04
INT4,LUT,U(-1,1),16,7168,7168,16x64x64_w4,OK,ms=1.502,tflops=1.09,gbps=19.9,maxabs=3.330e-02,p99=1.890e-02,rel=2.565e-04
INT4,BITSHIFT,U(-1,1),16,7168,7168,16x64x64_w4,OK,ms=1.432,tflops=1.15,gbps=20.8,maxabs=2.464e-02,p99=1.361e-02,rel=1.858e-04
INT4,LUT,U(-1,1),16,7168,7168,16x128x32_w8,OK,ms=1.435,tflops=1.15,gbps=20.8,maxabs=3.330e-02,p99=1.890e-02,rel=2.565e-04
INT4,BITSHIFT,U(-1,1),16,7168,7168,16x128x32_w8,OK,ms=1.431,tflops=1.15,gbps=20.8,maxabs=2.464e-02,p99=1.361e-02,rel=1.858e-04
INT4,LUT,U(-1,1),16,7168,7168,16x128x64_w8,OK,ms=1.536,tflops=1.07,gbps=19.4,maxabs=3.330e-02,p99=1.890e-02,rel=2.565e-04
INT4,BITSHIFT,U(-1,1),16,7168,7168,16x128x64_w8,OK,ms=1.429,tflops=1.15,gbps=20.9,maxabs=2.464e-02,p99=1.361e-02,rel=1.858e-04
INT4,LUT,U(-1,1),32,7168,7168,16x64x32_w4,OK,ms=1.422,tflops=2.31,gbps=21.6,maxabs=3.464e-02,p99=1.878e-02,rel=2.561e-04
INT4,BITSHIFT,U(-1,1),32,7168,7168,16x64x32_w4,OK,ms=1.477,tflops=2.23,gbps=20.8,maxabs=2.472e-02,p99=1.358e-02,rel=1.856e-04
INT4,LUT,U(-1,1),32,7168,7168,16x64x64_w4,OK,ms=1.561,tflops=2.11,gbps=19.7,maxabs=3.464e-02,p99=1.878e-02,rel=2.561e-04
INT4,BITSHIFT,U(-1,1),32,7168,7168,16x64x64_w4,OK,ms=1.721,tflops=1.91,gbps=17.9,maxabs=2.472e-02,p99=1.358e-02,rel=1.856e-04
INT4,LUT,U(-1,1),32,7168,7168,16x128x32_w8,OK,ms=1.493,tflops=2.20,gbps=20.6,maxabs=3.464e-02,p99=1.878e-02,rel=2.561e-04
INT4,BITSHIFT,U(-1,1),32,7168,7168,16x128x32_w8,OK,ms=1.778,tflops=1.85,gbps=17.3,maxabs=2.472e-02,p99=1.358e-02,rel=1.856e-04
INT4,LUT,U(-1,1),32,7168,7168,16x128x64_w8,OK,ms=1.652,tflops=1.99,gbps=18.6,maxabs=3.464e-02,p99=1.878e-02,rel=2.561e-04
INT4,BITSHIFT,U(-1,1),32,7168,7168,16x128x64_w8,OK,ms=2.124,tflops=1.55,gbps=14.5,maxabs=2.472e-02,p99=1.358e-02,rel=1.856e-04
INT4,LUT,U(-1,1),64,7168,7168,16x64x32_w4,OK,ms=1.568,tflops=4.20,gbps=20.8,maxabs=3.466e-02,p99=1.874e-02,rel=2.561e-04
INT4,BITSHIFT,U(-1,1),64,7168,7168,16x64x32_w4,OK,ms=2.230,tflops=2.95,gbps=14.6,maxabs=2.470e-02,p99=1.356e-02,rel=1.854e-04
INT4,LUT,U(-1,1),64,7168,7168,16x64x64_w4,OK,ms=1.775,tflops=3.71,gbps=18.4,maxabs=3.466e-02,p99=1.874e-02,rel=2.561e-04
INT4,BITSHIFT,U(-1,1),64,7168,7168,16x64x64_w4,OK,ms=2.671,tflops=2.46,gbps=12.2,maxabs=2.470e-02,p99=1.356e-02,rel=1.854e-04
INT4,LUT,U(-1,1),64,7168,7168,16x128x32_w8,OK,ms=1.613,tflops=4.08,gbps=20.2,maxabs=3.466e-02,p99=1.874e-02,rel=2.561e-04
INT4,BITSHIFT,U(-1,1),64,7168,7168,16x128x32_w8,OK,ms=2.297,tflops=2.86,gbps=14.2,maxabs=2.470e-02,p99=1.356e-02,rel=1.854e-04
INT4,LUT,U(-1,1),64,7168,7168,16x128x64_w8,OK,ms=1.875,tflops=3.51,gbps=17.4,maxabs=3.466e-02,p99=1.874e-02,rel=2.561e-04
INT4,BITSHIFT,U(-1,1),64,7168,7168,16x128x64_w8,OK,ms=2.773,tflops=2.37,gbps=11.7,maxabs=2.470e-02,p99=1.356e-02,rel=1.854e-04
MXFP4,LUT,U(-1,1),1,4096,4096,16x64x32_w4,OK,ms=0.678,tflops=0.05,gbps=13.2,maxabs=1.194e-02,p99=9.323e-03,rel=1.840e-04
MXFP4,BITSHIFT,U(-1,1),1,4096,4096,16x64x32_w4,SKIP,path-B FP4 not implemented yet
MXFP4,LUT,U(-1,1),1,4096,4096,16x64x64_w4,OK,ms=0.854,tflops=0.04,gbps=10.5,maxabs=1.194e-02,p99=9.323e-03,rel=1.840e-04
MXFP4,BITSHIFT,U(-1,1),1,4096,4096,16x64x64_w4,SKIP,path-B FP4 not implemented yet
MXFP4,LUT,U(-1,1),1,4096,4096,16x128x32_w8,OK,ms=0.736,tflops=0.05,gbps=12.2,maxabs=1.194e-02,p99=9.323e-03,rel=1.840e-04
MXFP4,BITSHIFT,U(-1,1),1,4096,4096,16x128x32_w8,SKIP,path-B FP4 not implemented yet
MXFP4,LUT,U(-1,1),1,4096,4096,16x128x64_w8,OK,ms=0.937,tflops=0.04,gbps=9.5,maxabs=1.194e-02,p99=9.323e-03,rel=1.840e-04
MXFP4,BITSHIFT,U(-1,1),1,4096,4096,16x128x64_w8,SKIP,path-B FP4 not implemented yet
MXFP4,LUT,U(-1,1),4,4096,4096,16x64x32_w4,OK,ms=0.658,tflops=0.20,gbps=13.8,maxabs=1.459e-02,p99=9.239e-03,rel=1.843e-04
MXFP4,BITSHIFT,U(-1,1),4,4096,4096,16x64x32_w4,SKIP,path-B FP4 not implemented yet
MXFP4,LUT,U(-1,1),4,4096,4096,16x64x64_w4,OK,ms=0.863,tflops=0.16,gbps=10.5,maxabs=1.459e-02,p99=9.239e-03,rel=1.843e-04
MXFP4,BITSHIFT,U(-1,1),4,4096,4096,16x64x64_w4,SKIP,path-B FP4 not implemented yet
MXFP4,LUT,U(-1,1),4,4096,4096,16x128x32_w8,OK,ms=0.738,tflops=0.18,gbps=12.3,maxabs=1.459e-02,p99=9.239e-03,rel=1.843e-04
MXFP4,BITSHIFT,U(-1,1),4,4096,4096,16x128x32_w8,SKIP,path-B FP4 not implemented yet
MXFP4,LUT,U(-1,1),4,4096,4096,16x128x64_w8,OK,ms=0.945,tflops=0.14,gbps=9.6,maxabs=1.459e-02,p99=9.239e-03,rel=1.843e-04
MXFP4,BITSHIFT,U(-1,1),4,4096,4096,16x128x64_w8,SKIP,path-B FP4 not implemented yet
MXFP4,LUT,U(-1,1),8,4096,4096,16x64x32_w4,OK,ms=0.661,tflops=0.41,gbps=13.9,maxabs=1.547e-02,p99=9.242e-03,rel=1.860e-04
MXFP4,BITSHIFT,U(-1,1),8,4096,4096,16x64x32_w4,SKIP,path-B FP4 not implemented yet
MXFP4,LUT,U(-1,1),8,4096,4096,16x64x64_w4,OK,ms=0.862,tflops=0.31,gbps=10.6,maxabs=1.547e-02,p99=9.242e-03,rel=1.860e-04
MXFP4,BITSHIFT,U(-1,1),8,4096,4096,16x64x64_w4,SKIP,path-B FP4 not implemented yet
MXFP4,LUT,U(-1,1),8,4096,4096,16x128x32_w8,OK,ms=0.757,tflops=0.35,gbps=12.1,maxabs=1.547e-02,p99=9.242e-03,rel=1.860e-04
MXFP4,BITSHIFT,U(-1,1),8,4096,4096,16x128x32_w8,SKIP,path-B FP4 not implemented yet
MXFP4,LUT,U(-1,1),8,4096,4096,16x128x64_w8,OK,ms=0.945,tflops=0.28,gbps=9.7,maxabs=1.547e-02,p99=9.242e-03,rel=1.860e-04
MXFP4,BITSHIFT,U(-1,1),8,4096,4096,16x128x64_w8,SKIP,path-B FP4 not implemented yet
MXFP4,LUT,U(-1,1),16,4096,4096,16x64x32_w4,OK,ms=0.670,tflops=0.80,gbps=14.1,maxabs=1.548e-02,p99=9.323e-03,rel=1.858e-04
MXFP4,BITSHIFT,U(-1,1),16,4096,4096,16x64x32_w4,SKIP,path-B FP4 not implemented yet
MXFP4,LUT,U(-1,1),16,4096,4096,16x64x64_w4,OK,ms=0.871,tflops=0.62,gbps=10.8,maxabs=1.548e-02,p99=9.323e-03,rel=1.858e-04
MXFP4,BITSHIFT,U(-1,1),16,4096,4096,16x64x64_w4,SKIP,path-B FP4 not implemented yet
MXFP4,LUT,U(-1,1),16,4096,4096,16x128x32_w8,OK,ms=0.788,tflops=0.68,gbps=12.0,maxabs=1.548e-02,p99=9.323e-03,rel=1.858e-04
MXFP4,BITSHIFT,U(-1,1),16,4096,4096,16x128x32_w8,SKIP,path-B FP4 not implemented yet
MXFP4,LUT,U(-1,1),16,4096,4096,16x128x64_w8,OK,ms=0.948,tflops=0.57,gbps=10.0,maxabs=1.548e-02,p99=9.323e-03,rel=1.858e-04
MXFP4,BITSHIFT,U(-1,1),16,4096,4096,16x128x64_w8,SKIP,path-B FP4 not implemented yet
MXFP4,LUT,U(-1,1),32,4096,4096,16x64x32_w4,OK,ms=0.724,tflops=1.48,gbps=13.8,maxabs=1.655e-02,p99=9.410e-03,rel=1.858e-04
MXFP4,BITSHIFT,U(-1,1),32,4096,4096,16x64x32_w4,SKIP,path-B FP4 not implemented yet
MXFP4,LUT,U(-1,1),32,4096,4096,16x64x64_w4,OK,ms=0.897,tflops=1.20,gbps=11.1,maxabs=1.655e-02,p99=9.410e-03,rel=1.858e-04
MXFP4,BITSHIFT,U(-1,1),32,4096,4096,16x64x64_w4,SKIP,path-B FP4 not implemented yet
MXFP4,LUT,U(-1,1),32,4096,4096,16x128x32_w8,OK,ms=0.772,tflops=1.39,gbps=12.9,maxabs=1.655e-02,p99=9.410e-03,rel=1.858e-04
MXFP4,BITSHIFT,U(-1,1),32,4096,4096,16x128x32_w8,SKIP,path-B FP4 not implemented yet
MXFP4,LUT,U(-1,1),32,4096,4096,16x128x64_w8,OK,ms=0.934,tflops=1.15,gbps=10.7,maxabs=1.655e-02,p99=9.410e-03,rel=1.858e-04
MXFP4,BITSHIFT,U(-1,1),32,4096,4096,16x128x64_w8,SKIP,path-B FP4 not implemented yet
MXFP4,LUT,U(-1,1),64,4096,4096,16x64x32_w4,OK,ms=0.803,tflops=2.67,gbps=13.7,maxabs=1.873e-02,p99=9.403e-03,rel=1.852e-04
MXFP4,BITSHIFT,U(-1,1),64,4096,4096,16x64x32_w4,SKIP,path-B FP4 not implemented yet
MXFP4,LUT,U(-1,1),64,4096,4096,16x64x64_w4,OK,ms=0.957,tflops=2.24,gbps=11.5,maxabs=1.873e-02,p99=9.403e-03,rel=1.852e-04
MXFP4,BITSHIFT,U(-1,1),64,4096,4096,16x64x64_w4,SKIP,path-B FP4 not implemented yet
MXFP4,LUT,U(-1,1),64,4096,4096,16x128x32_w8,OK,ms=0.831,tflops=2.58,gbps=13.2,maxabs=1.873e-02,p99=9.403e-03,rel=1.852e-04
MXFP4,BITSHIFT,U(-1,1),64,4096,4096,16x128x32_w8,SKIP,path-B FP4 not implemented yet
MXFP4,LUT,U(-1,1),64,4096,4096,16x128x64_w8,OK,ms=0.945,tflops=2.27,gbps=11.6,maxabs=1.873e-02,p99=9.403e-03,rel=1.852e-04
MXFP4,BITSHIFT,U(-1,1),64,4096,4096,16x128x64_w8,SKIP,path-B FP4 not implemented yet
MXFP4,LUT,U(-1,1),1,7168,7168,16x64x32_w4,OK,ms=1.391,tflops=0.07,gbps=19.7,maxabs=1.681e-02,p99=1.249e-02,rel=1.828e-04
MXFP4,BITSHIFT,U(-1,1),1,7168,7168,16x64x32_w4,SKIP,path-B FP4 not implemented yet
MXFP4,LUT,U(-1,1),1,7168,7168,16x64x64_w4,OK,ms=1.855,tflops=0.06,gbps=14.7,maxabs=1.681e-02,p99=1.249e-02,rel=1.828e-04
MXFP4,BITSHIFT,U(-1,1),1,7168,7168,16x64x64_w4,SKIP,path-B FP4 not implemented yet
MXFP4,LUT,U(-1,1),1,7168,7168,16x128x32_w8,OK,ms=1.409,tflops=0.07,gbps=19.4,maxabs=1.681e-02,p99=1.249e-02,rel=1.828e-04
MXFP4,BITSHIFT,U(-1,1),1,7168,7168,16x128x32_w8,SKIP,path-B FP4 not implemented yet
MXFP4,LUT,U(-1,1),1,7168,7168,16x128x64_w8,OK,ms=1.908,tflops=0.05,gbps=14.3,maxabs=1.681e-02,p99=1.249e-02,rel=1.828e-04
MXFP4,BITSHIFT,U(-1,1),1,7168,7168,16x128x64_w8,SKIP,path-B FP4 not implemented yet
MXFP4,LUT,U(-1,1),4,7168,7168,16x64x32_w4,OK,ms=1.410,tflops=0.29,gbps=19.5,maxabs=2.174e-02,p99=1.249e-02,rel=1.859e-04
MXFP4,BITSHIFT,U(-1,1),4,7168,7168,16x64x32_w4,SKIP,path-B FP4 not implemented yet
MXFP4,LUT,U(-1,1),4,7168,7168,16x64x64_w4,OK,ms=1.860,tflops=0.22,gbps=14.8,maxabs=2.174e-02,p99=1.249e-02,rel=1.859e-04
MXFP4,BITSHIFT,U(-1,1),4,7168,7168,16x64x64_w4,SKIP,path-B FP4 not implemented yet
MXFP4,LUT,U(-1,1),4,7168,7168,16x128x32_w8,OK,ms=1.425,tflops=0.29,gbps=19.3,maxabs=2.174e-02,p99=1.249e-02,rel=1.859e-04
MXFP4,BITSHIFT,U(-1,1),4,7168,7168,16x128x32_w8,SKIP,path-B FP4 not implemented yet
MXFP4,LUT,U(-1,1),4,7168,7168,16x128x64_w8,OK,ms=1.915,tflops=0.21,gbps=14.4,maxabs=2.174e-02,p99=1.249e-02,rel=1.859e-04
MXFP4,BITSHIFT,U(-1,1),4,7168,7168,16x128x64_w8,SKIP,path-B FP4 not implemented yet
MXFP4,LUT,U(-1,1),8,7168,7168,16x64x32_w4,OK,ms=1.423,tflops=0.58,gbps=19.5,maxabs=2.174e-02,p99=1.243e-02,rel=1.869e-04
MXFP4,BITSHIFT,U(-1,1),8,7168,7168,16x64x32_w4,SKIP,path-B FP4 not implemented yet
MXFP4,LUT,U(-1,1),8,7168,7168,16x64x64_w4,OK,ms=1.862,tflops=0.44,gbps=14.9,maxabs=2.174e-02,p99=1.243e-02,rel=1.869e-04
MXFP4,BITSHIFT,U(-1,1),8,7168,7168,16x64x64_w4,SKIP,path-B FP4 not implemented yet
MXFP4,LUT,U(-1,1),8,7168,7168,16x128x32_w8,OK,ms=1.459,tflops=0.56,gbps=19.0,maxabs=2.174e-02,p99=1.243e-02,rel=1.869e-04
MXFP4,BITSHIFT,U(-1,1),8,7168,7168,16x128x32_w8,SKIP,path-B FP4 not implemented yet
MXFP4,LUT,U(-1,1),8,7168,7168,16x128x64_w8,OK,ms=1.921,tflops=0.43,gbps=14.5,maxabs=2.174e-02,p99=1.243e-02,rel=1.869e-04
MXFP4,BITSHIFT,U(-1,1),8,7168,7168,16x128x64_w8,SKIP,path-B FP4 not implemented yet
MXFP4,LUT,U(-1,1),16,7168,7168,16x64x32_w4,OK,ms=1.437,tflops=1.14,gbps=19.6,maxabs=2.346e-02,p99=1.250e-02,rel=1.855e-04
MXFP4,BITSHIFT,U(-1,1),16,7168,7168,16x64x32_w4,SKIP,path-B FP4 not implemented yet
MXFP4,LUT,U(-1,1),16,7168,7168,16x64x64_w4,OK,ms=1.873,tflops=0.88,gbps=15.1,maxabs=2.346e-02,p99=1.250e-02,rel=1.855e-04
MXFP4,BITSHIFT,U(-1,1),16,7168,7168,16x64x64_w4,SKIP,path-B FP4 not implemented yet
MXFP4,LUT,U(-1,1),16,7168,7168,16x128x32_w8,OK,ms=1.505,tflops=1.09,gbps=18.7,maxabs=2.346e-02,p99=1.250e-02,rel=1.855e-04
MXFP4,BITSHIFT,U(-1,1),16,7168,7168,16x128x32_w8,SKIP,path-B FP4 not implemented yet
MXFP4,LUT,U(-1,1),16,7168,7168,16x128x64_w8,OK,ms=1.924,tflops=0.85,gbps=14.7,maxabs=2.346e-02,p99=1.250e-02,rel=1.855e-04
MXFP4,BITSHIFT,U(-1,1),16,7168,7168,16x128x64_w8,SKIP,path-B FP4 not implemented yet
MXFP4,LUT,U(-1,1),32,7168,7168,16x64x32_w4,OK,ms=1.578,tflops=2.08,gbps=18.5,maxabs=2.392e-02,p99=1.247e-02,rel=1.851e-04
MXFP4,BITSHIFT,U(-1,1),32,7168,7168,16x64x32_w4,SKIP,path-B FP4 not implemented yet
MXFP4,LUT,U(-1,1),32,7168,7168,16x64x64_w4,OK,ms=1.902,tflops=1.73,gbps=15.3,maxabs=2.392e-02,p99=1.247e-02,rel=1.851e-04
MXFP4,BITSHIFT,U(-1,1),32,7168,7168,16x64x64_w4,SKIP,path-B FP4 not implemented yet
MXFP4,LUT,U(-1,1),32,7168,7168,16x128x32_w8,OK,ms=1.709,tflops=1.92,gbps=17.0,maxabs=2.392e-02,p99=1.247e-02,rel=1.851e-04
MXFP4,BITSHIFT,U(-1,1),32,7168,7168,16x128x32_w8,SKIP,path-B FP4 not implemented yet
MXFP4,LUT,U(-1,1),32,7168,7168,16x128x64_w8,OK,ms=2.020,tflops=1.63,gbps=14.4,maxabs=2.392e-02,p99=1.247e-02,rel=1.851e-04
MXFP4,BITSHIFT,U(-1,1),32,7168,7168,16x128x64_w8,SKIP,path-B FP4 not implemented yet
MXFP4,LUT,U(-1,1),64,7168,7168,16x64x32_w4,OK,ms=1.813,tflops=3.63,gbps=17.1,maxabs=2.391e-02,p99=1.246e-02,rel=1.850e-04
MXFP4,BITSHIFT,U(-1,1),64,7168,7168,16x64x32_w4,SKIP,path-B FP4 not implemented yet
MXFP4,LUT,U(-1,1),64,7168,7168,16x64x64_w4,OK,ms=2.137,tflops=3.08,gbps=14.5,maxabs=2.391e-02,p99=1.246e-02,rel=1.850e-04
MXFP4,BITSHIFT,U(-1,1),64,7168,7168,16x64x64_w4,SKIP,path-B FP4 not implemented yet
MXFP4,LUT,U(-1,1),64,7168,7168,16x128x32_w8,OK,ms=1.866,tflops=3.52,gbps=16.6,maxabs=2.391e-02,p99=1.246e-02,rel=1.850e-04
MXFP4,BITSHIFT,U(-1,1),64,7168,7168,16x128x32_w8,SKIP,path-B FP4 not implemented yet
MXFP4,LUT,U(-1,1),64,7168,7168,16x128x64_w8,OK,ms=2.224,tflops=2.96,gbps=13.9,maxabs=2.391e-02,p99=1.246e-02,rel=1.850e-04
MXFP4,BITSHIFT,U(-1,1),64,7168,7168,16x128x64_w8,SKIP,path-B FP4 not implemented yet
F8_E4M3_B128,LUT,U(-1,1),1,4096,4096,16x64x32_w4,OK,ms=1.206,tflops=0.03,gbps=14.0,maxabs=1.289e-02,p99=9.838e-03,rel=1.839e-04
F8_E4M3_B128,BITSHIFT,U(-1,1),1,4096,4096,16x64x32_w4,SKIP,path-B FP8 not implemented yet
F8_E4M3_B128,LUT,U(-1,1),1,4096,4096,16x64x64_w4,OK,ms=1.198,tflops=0.03,gbps=14.1,maxabs=1.289e-02,p99=9.838e-03,rel=1.839e-04
F8_E4M3_B128,BITSHIFT,U(-1,1),1,4096,4096,16x64x64_w4,SKIP,path-B FP8 not implemented yet
F8_E4M3_B128,LUT,U(-1,1),1,4096,4096,16x128x32_w8,OK,ms=1.254,tflops=0.03,gbps=13.5,maxabs=1.289e-02,p99=9.838e-03,rel=1.839e-04
F8_E4M3_B128,BITSHIFT,U(-1,1),1,4096,4096,16x128x32_w8,SKIP,path-B FP8 not implemented yet
F8_E4M3_B128,LUT,U(-1,1),1,4096,4096,16x128x64_w8,OK,ms=1.281,tflops=0.03,gbps=13.2,maxabs=1.289e-02,p99=9.838e-03,rel=1.839e-04
F8_E4M3_B128,BITSHIFT,U(-1,1),1,4096,4096,16x128x64_w8,SKIP,path-B FP8 not implemented yet
F8_E4M3_B128,LUT,U(-1,1),4,4096,4096,16x64x32_w4,OK,ms=1.197,tflops=0.11,gbps=14.2,maxabs=1.571e-02,p99=9.904e-03,rel=1.843e-04
F8_E4M3_B128,BITSHIFT,U(-1,1),4,4096,4096,16x64x32_w4,SKIP,path-B FP8 not implemented yet
F8_E4M3_B128,LUT,U(-1,1),4,4096,4096,16x64x64_w4,OK,ms=1.204,tflops=0.11,gbps=14.2,maxabs=1.571e-02,p99=9.904e-03,rel=1.843e-04
F8_E4M3_B128,BITSHIFT,U(-1,1),4,4096,4096,16x64x64_w4,SKIP,path-B FP8 not implemented yet
F8_E4M3_B128,LUT,U(-1,1),4,4096,4096,16x128x32_w8,OK,ms=1.256,tflops=0.11,gbps=13.6,maxabs=1.571e-02,p99=9.904e-03,rel=1.843e-04
F8_E4M3_B128,BITSHIFT,U(-1,1),4,4096,4096,16x128x32_w8,SKIP,path-B FP8 not implemented yet
F8_E4M3_B128,LUT,U(-1,1),4,4096,4096,16x128x64_w8,OK,ms=1.291,tflops=0.10,gbps=13.2,maxabs=1.571e-02,p99=9.904e-03,rel=1.843e-04
F8_E4M3_B128,BITSHIFT,U(-1,1),4,4096,4096,16x128x64_w8,SKIP,path-B FP8 not implemented yet
F8_E4M3_B128,LUT,U(-1,1),8,4096,4096,16x64x32_w4,OK,ms=1.198,tflops=0.22,gbps=14.3,maxabs=1.609e-02,p99=9.872e-03,rel=1.858e-04
F8_E4M3_B128,BITSHIFT,U(-1,1),8,4096,4096,16x64x32_w4,SKIP,path-B FP8 not implemented yet
F8_E4M3_B128,LUT,U(-1,1),8,4096,4096,16x64x64_w4,OK,ms=1.206,tflops=0.22,gbps=14.2,maxabs=1.609e-02,p99=9.872e-03,rel=1.858e-04
F8_E4M3_B128,BITSHIFT,U(-1,1),8,4096,4096,16x64x64_w4,SKIP,path-B FP8 not implemented yet
F8_E4M3_B128,LUT,U(-1,1),8,4096,4096,16x128x32_w8,OK,ms=1.273,tflops=0.21,gbps=13.5,maxabs=1.609e-02,p99=9.872e-03,rel=1.858e-04
F8_E4M3_B128,BITSHIFT,U(-1,1),8,4096,4096,16x128x32_w8,SKIP,path-B FP8 not implemented yet
F8_E4M3_B128,LUT,U(-1,1),8,4096,4096,16x128x64_w8,OK,ms=1.290,tflops=0.21,gbps=13.3,maxabs=1.609e-02,p99=9.872e-03,rel=1.858e-04
F8_E4M3_B128,BITSHIFT,U(-1,1),8,4096,4096,16x128x64_w8,SKIP,path-B FP8 not implemented yet
F8_E4M3_B128,LUT,U(-1,1),16,4096,4096,16x64x32_w4,OK,ms=1.203,tflops=0.45,gbps=14.5,maxabs=1.610e-02,p99=9.902e-03,rel=1.857e-04
F8_E4M3_B128,BITSHIFT,U(-1,1),16,4096,4096,16x64x32_w4,SKIP,path-B FP8 not implemented yet
F8_E4M3_B128,LUT,U(-1,1),16,4096,4096,16x64x64_w4,OK,ms=1.214,tflops=0.44,gbps=14.4,maxabs=1.610e-02,p99=9.902e-03,rel=1.857e-04
F8_E4M3_B128,BITSHIFT,U(-1,1),16,4096,4096,16x64x64_w4,SKIP,path-B FP8 not implemented yet
F8_E4M3_B128,LUT,U(-1,1),16,4096,4096,16x128x32_w8,OK,ms=1.294,tflops=0.41,gbps=13.5,maxabs=1.610e-02,p99=9.902e-03,rel=1.857e-04
F8_E4M3_B128,BITSHIFT,U(-1,1),16,4096,4096,16x128x32_w8,SKIP,path-B FP8 not implemented yet
F8_E4M3_B128,LUT,U(-1,1),16,4096,4096,16x128x64_w8,OK,ms=1.295,tflops=0.41,gbps=13.5,maxabs=1.610e-02,p99=9.902e-03,rel=1.857e-04
F8_E4M3_B128,BITSHIFT,U(-1,1),16,4096,4096,16x128x64_w8,SKIP,path-B FP8 not implemented yet
F8_E4M3_B128,LUT,U(-1,1),32,4096,4096,16x64x32_w4,OK,ms=1.205,tflops=0.89,gbps=14.9,maxabs=1.732e-02,p99=9.968e-03,rel=1.858e-04
F8_E4M3_B128,BITSHIFT,U(-1,1),32,4096,4096,16x64x32_w4,SKIP,path-B FP8 not implemented yet
F8_E4M3_B128,LUT,U(-1,1),32,4096,4096,16x64x64_w4,OK,ms=1.217,tflops=0.88,gbps=14.8,maxabs=1.732e-02,p99=9.968e-03,rel=1.858e-04
F8_E4M3_B128,BITSHIFT,U(-1,1),32,4096,4096,16x64x64_w4,SKIP,path-B FP8 not implemented yet
F8_E4M3_B128,LUT,U(-1,1),32,4096,4096,16x128x32_w8,OK,ms=1.268,tflops=0.85,gbps=14.2,maxabs=1.732e-02,p99=9.968e-03,rel=1.858e-04
F8_E4M3_B128,BITSHIFT,U(-1,1),32,4096,4096,16x128x32_w8,SKIP,path-B FP8 not implemented yet
F8_E4M3_B128,LUT,U(-1,1),32,4096,4096,16x128x64_w8,OK,ms=1.273,tflops=0.84,gbps=14.1,maxabs=1.732e-02,p99=9.968e-03,rel=1.858e-04
F8_E4M3_B128,BITSHIFT,U(-1,1),32,4096,4096,16x128x64_w8,SKIP,path-B FP8 not implemented yet
F8_E4M3_B128,LUT,U(-1,1),64,4096,4096,16x64x32_w4,OK,ms=1.228,tflops=1.75,gbps=15.5,maxabs=1.946e-02,p99=9.960e-03,rel=1.852e-04
F8_E4M3_B128,BITSHIFT,U(-1,1),64,4096,4096,16x64x32_w4,SKIP,path-B FP8 not implemented yet
F8_E4M3_B128,LUT,U(-1,1),64,4096,4096,16x64x64_w4,OK,ms=1.306,tflops=1.64,gbps=14.6,maxabs=1.946e-02,p99=9.960e-03,rel=1.852e-04
F8_E4M3_B128,BITSHIFT,U(-1,1),64,4096,4096,16x64x64_w4,SKIP,path-B FP8 not implemented yet
F8_E4M3_B128,LUT,U(-1,1),64,4096,4096,16x128x32_w8,OK,ms=1.266,tflops=1.70,gbps=15.0,maxabs=1.946e-02,p99=9.960e-03,rel=1.852e-04
F8_E4M3_B128,BITSHIFT,U(-1,1),64,4096,4096,16x128x32_w8,SKIP,path-B FP8 not implemented yet
F8_E4M3_B128,LUT,U(-1,1),64,4096,4096,16x128x64_w8,OK,ms=1.279,tflops=1.68,gbps=14.9,maxabs=1.946e-02,p99=9.960e-03,rel=1.852e-04
F8_E4M3_B128,BITSHIFT,U(-1,1),64,4096,4096,16x128x64_w8,SKIP,path-B FP8 not implemented yet
F8_E4M3_B128,LUT,U(-1,1),1,7168,7168,16x64x32_w4,OK,ms=2.027,tflops=0.05,gbps=25.6,maxabs=1.831e-02,p99=1.308e-02,rel=1.819e-04
F8_E4M3_B128,BITSHIFT,U(-1,1),1,7168,7168,16x64x32_w4,SKIP,path-B FP8 not implemented yet
F8_E4M3_B128,LUT,U(-1,1),1,7168,7168,16x64x64_w4,OK,ms=2.183,tflops=0.05,gbps=23.7,maxabs=1.831e-02,p99=1.308e-02,rel=1.819e-04
F8_E4M3_B128,BITSHIFT,U(-1,1),1,7168,7168,16x64x64_w4,SKIP,path-B FP8 not implemented yet
F8_E4M3_B128,LUT,U(-1,1),1,7168,7168,16x128x32_w8,OK,ms=2.221,tflops=0.05,gbps=23.3,maxabs=1.831e-02,p99=1.308e-02,rel=1.819e-04
F8_E4M3_B128,BITSHIFT,U(-1,1),1,7168,7168,16x128x32_w8,SKIP,path-B FP8 not implemented yet
F8_E4M3_B128,LUT,U(-1,1),1,7168,7168,16x128x64_w8,OK,ms=2.202,tflops=0.05,gbps=23.5,maxabs=1.831e-02,p99=1.308e-02,rel=1.819e-04
F8_E4M3_B128,BITSHIFT,U(-1,1),1,7168,7168,16x128x64_w8,SKIP,path-B FP8 not implemented yet
F8_E4M3_B128,LUT,U(-1,1),4,7168,7168,16x64x32_w4,OK,ms=2.037,tflops=0.20,gbps=25.5,maxabs=2.293e-02,p99=1.322e-02,rel=1.855e-04
F8_E4M3_B128,BITSHIFT,U(-1,1),4,7168,7168,16x64x32_w4,SKIP,path-B FP8 not implemented yet
F8_E4M3_B128,LUT,U(-1,1),4,7168,7168,16x64x64_w4,OK,ms=2.189,tflops=0.19,gbps=23.8,maxabs=2.293e-02,p99=1.322e-02,rel=1.855e-04
F8_E4M3_B128,BITSHIFT,U(-1,1),4,7168,7168,16x64x64_w4,SKIP,path-B FP8 not implemented yet
F8_E4M3_B128,LUT,U(-1,1),4,7168,7168,16x128x32_w8,OK,ms=2.234,tflops=0.18,gbps=23.3,maxabs=2.293e-02,p99=1.322e-02,rel=1.855e-04
F8_E4M3_B128,BITSHIFT,U(-1,1),4,7168,7168,16x128x32_w8,SKIP,path-B FP8 not implemented yet
F8_E4M3_B128,LUT,U(-1,1),4,7168,7168,16x128x64_w8,OK,ms=2.205,tflops=0.19,gbps=23.6,maxabs=2.293e-02,p99=1.322e-02,rel=1.855e-04
F8_E4M3_B128,BITSHIFT,U(-1,1),4,7168,7168,16x128x64_w8,SKIP,path-B FP8 not implemented yet
F8_E4M3_B128,LUT,U(-1,1),8,7168,7168,16x64x32_w4,OK,ms=2.044,tflops=0.40,gbps=25.6,maxabs=2.293e-02,p99=1.318e-02,rel=1.867e-04
F8_E4M3_B128,BITSHIFT,U(-1,1),8,7168,7168,16x64x32_w4,SKIP,path-B FP8 not implemented yet
F8_E4M3_B128,LUT,U(-1,1),8,7168,7168,16x64x64_w4,OK,ms=2.189,tflops=0.38,gbps=23.9,maxabs=2.293e-02,p99=1.318e-02,rel=1.867e-04
F8_E4M3_B128,BITSHIFT,U(-1,1),8,7168,7168,16x64x64_w4,SKIP,path-B FP8 not implemented yet
F8_E4M3_B128,LUT,U(-1,1),8,7168,7168,16x128x32_w8,OK,ms=2.252,tflops=0.37,gbps=23.2,maxabs=2.293e-02,p99=1.318e-02,rel=1.867e-04
F8_E4M3_B128,BITSHIFT,U(-1,1),8,7168,7168,16x128x32_w8,SKIP,path-B FP8 not implemented yet
F8_E4M3_B128,LUT,U(-1,1),8,7168,7168,16x128x64_w8,OK,ms=2.208,tflops=0.37,gbps=23.7,maxabs=2.293e-02,p99=1.318e-02,rel=1.867e-04
F8_E4M3_B128,BITSHIFT,U(-1,1),8,7168,7168,16x128x64_w8,SKIP,path-B FP8 not implemented yet
F8_E4M3_B128,LUT,U(-1,1),16,7168,7168,16x64x32_w4,OK,ms=2.053,tflops=0.80,gbps=25.7,maxabs=2.450e-02,p99=1.324e-02,rel=1.854e-04
F8_E4M3_B128,BITSHIFT,U(-1,1),16,7168,7168,16x64x32_w4,SKIP,path-B FP8 not implemented yet
F8_E4M3_B128,LUT,U(-1,1),16,7168,7168,16x64x64_w4,OK,ms=2.203,tflops=0.75,gbps=23.9,maxabs=2.450e-02,p99=1.324e-02,rel=1.854e-04
F8_E4M3_B128,BITSHIFT,U(-1,1),16,7168,7168,16x64x64_w4,SKIP,path-B FP8 not implemented yet
F8_E4M3_B128,LUT,U(-1,1),16,7168,7168,16x128x32_w8,OK,ms=2.302,tflops=0.71,gbps=22.9,maxabs=2.450e-02,p99=1.324e-02,rel=1.854e-04
F8_E4M3_B128,BITSHIFT,U(-1,1),16,7168,7168,16x128x32_w8,SKIP,path-B FP8 not implemented yet
F8_E4M3_B128,LUT,U(-1,1),16,7168,7168,16x128x64_w8,OK,ms=2.215,tflops=0.74,gbps=23.8,maxabs=2.450e-02,p99=1.324e-02,rel=1.854e-04
F8_E4M3_B128,BITSHIFT,U(-1,1),16,7168,7168,16x128x64_w8,SKIP,path-B FP8 not implemented yet
F8_E4M3_B128,LUT,U(-1,1),32,7168,7168,16x64x32_w4,OK,ms=2.034,tflops=1.62,gbps=26.4,maxabs=2.471e-02,p99=1.322e-02,rel=1.851e-04
F8_E4M3_B128,BITSHIFT,U(-1,1),32,7168,7168,16x64x32_w4,SKIP,path-B FP8 not implemented yet
F8_E4M3_B128,LUT,U(-1,1),32,7168,7168,16x64x64_w4,OK,ms=2.190,tflops=1.50,gbps=24.5,maxabs=2.471e-02,p99=1.322e-02,rel=1.851e-04
F8_E4M3_B128,BITSHIFT,U(-1,1),32,7168,7168,16x64x64_w4,SKIP,path-B FP8 not implemented yet
F8_E4M3_B128,LUT,U(-1,1),32,7168,7168,16x128x32_w8,OK,ms=2.316,tflops=1.42,gbps=23.2,maxabs=2.471e-02,p99=1.322e-02,rel=1.851e-04
F8_E4M3_B128,BITSHIFT,U(-1,1),32,7168,7168,16x128x32_w8,SKIP,path-B FP8 not implemented yet
F8_E4M3_B128,LUT,U(-1,1),32,7168,7168,16x128x64_w8,OK,ms=2.289,tflops=1.44,gbps=23.4,maxabs=2.471e-02,p99=1.322e-02,rel=1.851e-04
F8_E4M3_B128,BITSHIFT,U(-1,1),32,7168,7168,16x128x64_w8,SKIP,path-B FP8 not implemented yet
F8_E4M3_B128,LUT,U(-1,1),64,7168,7168,16x64x32_w4,OK,ms=2.189,tflops=3.00,gbps=25.3,maxabs=2.472e-02,p99=1.319e-02,rel=1.849e-04
F8_E4M3_B128,BITSHIFT,U(-1,1),64,7168,7168,16x64x32_w4,SKIP,path-B FP8 not implemented yet
F8_E4M3_B128,LUT,U(-1,1),64,7168,7168,16x64x64_w4,OK,ms=2.432,tflops=2.70,gbps=22.8,maxabs=2.472e-02,p99=1.319e-02,rel=1.849e-04
F8_E4M3_B128,BITSHIFT,U(-1,1),64,7168,7168,16x64x64_w4,SKIP,path-B FP8 not implemented yet
F8_E4M3_B128,LUT,U(-1,1),64,7168,7168,16x128x32_w8,OK,ms=2.422,tflops=2.72,gbps=22.9,maxabs=2.472e-02,p99=1.319e-02,rel=1.849e-04
F8_E4M3_B128,BITSHIFT,U(-1,1),64,7168,7168,16x128x32_w8,SKIP,path-B FP8 not implemented yet
F8_E4M3_B128,LUT,U(-1,1),64,7168,7168,16x128x64_w8,OK,ms=2.539,tflops=2.59,gbps=21.8,maxabs=2.472e-02,p99=1.319e-02,rel=1.849e-04
F8_E4M3_B128,BITSHIFT,U(-1,1),64,7168,7168,16x128x64_w8,SKIP,path-B FP8 not implemented yet
INT8,LUT,U(-8,8),1,4096,4096,16x64x32_w4,OK,ms=0.804,tflops=0.04,gbps=22.2,maxabs=1.214e+00,p99=9.257e-01,rel=2.592e-04
INT8,BITSHIFT,U(-8,8),1,4096,4096,16x64x32_w4,OK,ms=0.442,tflops=0.08,gbps=40.4,maxabs=8.373e-01,p99=6.375e-01,rel=1.834e-04
INT8,LUT,U(-8,8),1,4096,4096,16x64x64_w4,OK,ms=0.919,tflops=0.04,gbps=19.4,maxabs=1.214e+00,p99=9.257e-01,rel=2.592e-04
INT8,BITSHIFT,U(-8,8),1,4096,4096,16x64x64_w4,OK,ms=0.505,tflops=0.07,gbps=35.3,maxabs=8.373e-01,p99=6.375e-01,rel=1.834e-04
INT8,LUT,U(-8,8),1,4096,4096,16x128x32_w8,OK,ms=0.781,tflops=0.04,gbps=22.9,maxabs=1.214e+00,p99=9.257e-01,rel=2.592e-04
INT8,BITSHIFT,U(-8,8),1,4096,4096,16x128x32_w8,OK,ms=0.534,tflops=0.06,gbps=33.5,maxabs=8.373e-01,p99=6.375e-01,rel=1.834e-04
INT8,LUT,U(-8,8),1,4096,4096,16x128x64_w8,OK,ms=1.002,tflops=0.03,gbps=17.8,maxabs=1.214e+00,p99=9.257e-01,rel=2.592e-04
INT8,BITSHIFT,U(-8,8),1,4096,4096,16x128x64_w8,OK,ms=0.627,tflops=0.05,gbps=28.5,maxabs=8.373e-01,p99=6.375e-01,rel=1.834e-04
INT8,LUT,U(-8,8),4,4096,4096,16x64x32_w4,OK,ms=0.755,tflops=0.18,gbps=23.8,maxabs=1.358e+00,p99=9.327e-01,rel=2.601e-04
INT8,BITSHIFT,U(-8,8),4,4096,4096,16x64x32_w4,OK,ms=0.490,tflops=0.27,gbps=36.6,maxabs=1.056e+00,p99=6.436e-01,rel=1.844e-04
INT8,LUT,U(-8,8),4,4096,4096,16x64x64_w4,OK,ms=0.915,tflops=0.15,gbps=19.6,maxabs=1.358e+00,p99=9.327e-01,rel=2.601e-04
INT8,BITSHIFT,U(-8,8),4,4096,4096,16x64x64_w4,OK,ms=0.539,tflops=0.25,gbps=33.3,maxabs=1.056e+00,p99=6.436e-01,rel=1.844e-04
INT8,LUT,U(-8,8),4,4096,4096,16x128x32_w8,OK,ms=0.776,tflops=0.17,gbps=23.1,maxabs=1.358e+00,p99=9.327e-01,rel=2.601e-04
INT8,BITSHIFT,U(-8,8),4,4096,4096,16x128x32_w8,OK,ms=0.554,tflops=0.24,gbps=32.4,maxabs=1.056e+00,p99=6.436e-01,rel=1.844e-04
INT8,LUT,U(-8,8),4,4096,4096,16x128x64_w8,OK,ms=1.005,tflops=0.13,gbps=17.9,maxabs=1.358e+00,p99=9.327e-01,rel=2.601e-04
INT8,BITSHIFT,U(-8,8),4,4096,4096,16x128x64_w8,OK,ms=0.657,tflops=0.20,gbps=27.3,maxabs=1.056e+00,p99=6.436e-01,rel=1.844e-04
INT8,LUT,U(-8,8),8,4096,4096,16x64x32_w4,OK,ms=0.756,tflops=0.36,gbps=23.9,maxabs=1.520e+00,p99=9.209e-01,rel=2.603e-04
INT8,BITSHIFT,U(-8,8),8,4096,4096,16x64x32_w4,OK,ms=0.537,tflops=0.50,gbps=33.7,maxabs=1.056e+00,p99=6.440e-01,rel=1.858e-04
INT8,LUT,U(-8,8),8,4096,4096,16x64x64_w4,OK,ms=0.919,tflops=0.29,gbps=19.7,maxabs=1.520e+00,p99=9.209e-01,rel=2.603e-04
INT8,BITSHIFT,U(-8,8),8,4096,4096,16x64x64_w4,OK,ms=0.595,tflops=0.45,gbps=30.4,maxabs=1.056e+00,p99=6.440e-01,rel=1.858e-04
INT8,LUT,U(-8,8),8,4096,4096,16x128x32_w8,OK,ms=0.822,tflops=0.33,gbps=22.0,maxabs=1.520e+00,p99=9.209e-01,rel=2.603e-04
INT8,BITSHIFT,U(-8,8),8,4096,4096,16x128x32_w8,OK,ms=0.654,tflops=0.41,gbps=27.7,maxabs=1.056e+00,p99=6.440e-01,rel=1.858e-04
INT8,LUT,U(-8,8),8,4096,4096,16x128x64_w8,OK,ms=1.006,tflops=0.27,gbps=18.0,maxabs=1.520e+00,p99=9.209e-01,rel=2.603e-04
INT8,BITSHIFT,U(-8,8),8,4096,4096,16x128x64_w8,OK,ms=0.747,tflops=0.36,gbps=24.2,maxabs=1.056e+00,p99=6.440e-01,rel=1.858e-04
INT8,LUT,U(-8,8),16,4096,4096,16x64x32_w4,OK,ms=0.756,tflops=0.71,gbps=24.3,maxabs=1.520e+00,p99=9.205e-01,rel=2.601e-04
INT8,BITSHIFT,U(-8,8),16,4096,4096,16x64x32_w4,OK,ms=0.656,tflops=0.82,gbps=28.0,maxabs=1.055e+00,p99=6.462e-01,rel=1.857e-04
INT8,LUT,U(-8,8),16,4096,4096,16x64x64_w4,OK,ms=0.928,tflops=0.58,gbps=19.8,maxabs=1.520e+00,p99=9.205e-01,rel=2.601e-04
INT8,BITSHIFT,U(-8,8),16,4096,4096,16x64x64_w4,OK,ms=0.729,tflops=0.74,gbps=25.2,maxabs=1.055e+00,p99=6.462e-01,rel=1.857e-04
INT8,LUT,U(-8,8),16,4096,4096,16x128x32_w8,OK,ms=0.839,tflops=0.64,gbps=21.9,maxabs=1.520e+00,p99=9.205e-01,rel=2.601e-04
INT8,BITSHIFT,U(-8,8),16,4096,4096,16x128x32_w8,OK,ms=0.810,tflops=0.66,gbps=22.6,maxabs=1.055e+00,p99=6.462e-01,rel=1.857e-04
INT8,LUT,U(-8,8),16,4096,4096,16x128x64_w8,OK,ms=1.007,tflops=0.53,gbps=18.2,maxabs=1.520e+00,p99=9.205e-01,rel=2.601e-04
INT8,BITSHIFT,U(-8,8),16,4096,4096,16x128x64_w8,OK,ms=0.868,tflops=0.62,gbps=21.1,maxabs=1.055e+00,p99=6.462e-01,rel=1.857e-04
INT8,LUT,U(-8,8),32,4096,4096,16x64x32_w4,OK,ms=0.770,tflops=1.39,gbps=24.5,maxabs=1.558e+00,p99=9.199e-01,rel=2.602e-04
INT8,BITSHIFT,U(-8,8),32,4096,4096,16x64x32_w4,OK,ms=0.746,tflops=1.44,gbps=25.3,maxabs=1.119e+00,p99=6.516e-01,rel=1.857e-04
INT8,LUT,U(-8,8),32,4096,4096,16x64x64_w4,OK,ms=0.932,tflops=1.15,gbps=20.3,maxabs=1.558e+00,p99=9.199e-01,rel=2.602e-04
INT8,BITSHIFT,U(-8,8),32,4096,4096,16x64x64_w4,OK,ms=0.833,tflops=1.29,gbps=22.6,maxabs=1.119e+00,p99=6.516e-01,rel=1.857e-04
INT8,LUT,U(-8,8),32,4096,4096,16x128x32_w8,OK,ms=0.819,tflops=1.31,gbps=23.0,maxabs=1.558e+00,p99=9.199e-01,rel=2.602e-04
INT8,BITSHIFT,U(-8,8),32,4096,4096,16x128x32_w8,OK,ms=0.808,tflops=1.33,gbps=23.4,maxabs=1.119e+00,p99=6.516e-01,rel=1.857e-04
INT8,LUT,U(-8,8),32,4096,4096,16x128x64_w8,OK,ms=1.000,tflops=1.07,gbps=18.9,maxabs=1.558e+00,p99=9.199e-01,rel=2.602e-04
INT8,BITSHIFT,U(-8,8),32,4096,4096,16x128x64_w8,OK,ms=0.854,tflops=1.26,gbps=22.1,maxabs=1.119e+00,p99=6.516e-01,rel=1.857e-04
INT8,LUT,U(-8,8),64,4096,4096,16x64x32_w4,OK,ms=0.806,tflops=2.66,gbps=24.7,maxabs=1.828e+00,p99=9.197e-01,rel=2.601e-04
INT8,BITSHIFT,U(-8,8),64,4096,4096,16x64x32_w4,OK,ms=0.998,tflops=2.15,gbps=20.0,maxabs=1.257e+00,p99=6.510e-01,rel=1.852e-04
INT8,LUT,U(-8,8),64,4096,4096,16x64x64_w4,OK,ms=1.020,tflops=2.10,gbps=19.5,maxabs=1.828e+00,p99=9.197e-01,rel=2.601e-04
INT8,BITSHIFT,U(-8,8),64,4096,4096,16x64x64_w4,OK,ms=1.170,tflops=1.84,gbps=17.0,maxabs=1.257e+00,p99=6.510e-01,rel=1.852e-04
INT8,LUT,U(-8,8),64,4096,4096,16x128x32_w8,OK,ms=0.832,tflops=2.58,gbps=23.9,maxabs=1.828e+00,p99=9.197e-01,rel=2.601e-04
INT8,BITSHIFT,U(-8,8),64,4096,4096,16x128x32_w8,OK,ms=1.057,tflops=2.03,gbps=18.8,maxabs=1.257e+00,p99=6.510e-01,rel=1.852e-04
INT8,LUT,U(-8,8),64,4096,4096,16x128x64_w8,OK,ms=0.998,tflops=2.15,gbps=20.0,maxabs=1.828e+00,p99=9.197e-01,rel=2.601e-04
INT8,BITSHIFT,U(-8,8),64,4096,4096,16x128x64_w8,OK,ms=1.227,tflops=1.75,gbps=16.2,maxabs=1.257e+00,p99=6.510e-01,rel=1.852e-04
INT8,LUT,U(-8,8),1,7168,7168,16x64x32_w4,OK,ms=1.469,tflops=0.07,gbps=37.2,maxabs=1.699e+00,p99=1.216e+00,rel=2.590e-04
INT8,BITSHIFT,U(-8,8),1,7168,7168,16x64x32_w4,OK,ms=0.913,tflops=0.11,gbps=59.8,maxabs=1.197e+00,p99=8.601e-01,rel=1.818e-04
INT8,LUT,U(-8,8),1,7168,7168,16x64x64_w4,OK,ms=1.757,tflops=0.06,gbps=31.1,maxabs=1.699e+00,p99=1.216e+00,rel=2.590e-04
INT8,BITSHIFT,U(-8,8),1,7168,7168,16x64x64_w4,OK,ms=1.111,tflops=0.09,gbps=49.2,maxabs=1.197e+00,p99=8.601e-01,rel=1.818e-04
INT8,LUT,U(-8,8),1,7168,7168,16x128x32_w8,OK,ms=1.447,tflops=0.07,gbps=37.8,maxabs=1.699e+00,p99=1.216e+00,rel=2.590e-04
INT8,BITSHIFT,U(-8,8),1,7168,7168,16x128x32_w8,OK,ms=0.947,tflops=0.11,gbps=57.7,maxabs=1.197e+00,p99=8.601e-01,rel=1.818e-04
INT8,LUT,U(-8,8),1,7168,7168,16x128x64_w8,OK,ms=1.766,tflops=0.06,gbps=30.9,maxabs=1.699e+00,p99=1.216e+00,rel=2.590e-04
INT8,BITSHIFT,U(-8,8),1,7168,7168,16x128x64_w8,OK,ms=1.099,tflops=0.09,gbps=49.7,maxabs=1.197e+00,p99=8.601e-01,rel=1.818e-04
INT8,LUT,U(-8,8),4,7168,7168,16x64x32_w4,OK,ms=1.438,tflops=0.29,gbps=38.1,maxabs=2.022e+00,p99=1.219e+00,rel=2.601e-04
INT8,BITSHIFT,U(-8,8),4,7168,7168,16x64x32_w4,OK,ms=0.997,tflops=0.41,gbps=55.0,maxabs=1.526e+00,p99=8.646e-01,rel=1.855e-04
INT8,LUT,U(-8,8),4,7168,7168,16x64x64_w4,OK,ms=1.759,tflops=0.23,gbps=31.2,maxabs=2.022e+00,p99=1.219e+00,rel=2.601e-04
INT8,BITSHIFT,U(-8,8),4,7168,7168,16x64x64_w4,OK,ms=1.196,tflops=0.34,gbps=45.8,maxabs=1.526e+00,p99=8.646e-01,rel=1.855e-04
INT8,LUT,U(-8,8),4,7168,7168,16x128x32_w8,OK,ms=1.456,tflops=0.28,gbps=37.7,maxabs=2.022e+00,p99=1.219e+00,rel=2.601e-04
INT8,BITSHIFT,U(-8,8),4,7168,7168,16x128x32_w8,OK,ms=0.999,tflops=0.41,gbps=54.9,maxabs=1.526e+00,p99=8.646e-01,rel=1.855e-04
INT8,LUT,U(-8,8),4,7168,7168,16x128x64_w8,OK,ms=1.777,tflops=0.23,gbps=30.9,maxabs=2.022e+00,p99=1.219e+00,rel=2.601e-04
INT8,BITSHIFT,U(-8,8),4,7168,7168,16x128x64_w8,OK,ms=1.171,tflops=0.35,gbps=46.8,maxabs=1.526e+00,p99=8.646e-01,rel=1.855e-04
INT8,LUT,U(-8,8),8,7168,7168,16x64x32_w4,OK,ms=1.439,tflops=0.57,gbps=38.3,maxabs=2.022e+00,p99=1.209e+00,rel=2.621e-04
INT8,BITSHIFT,U(-8,8),8,7168,7168,16x64x32_w4,OK,ms=1.109,tflops=0.74,gbps=49.6,maxabs=1.526e+00,p99=8.630e-01,rel=1.867e-04
INT8,LUT,U(-8,8),8,7168,7168,16x64x64_w4,OK,ms=1.766,tflops=0.47,gbps=31.2,maxabs=2.022e+00,p99=1.209e+00,rel=2.621e-04
INT8,BITSHIFT,U(-8,8),8,7168,7168,16x64x64_w4,OK,ms=1.312,tflops=0.63,gbps=42.0,maxabs=1.526e+00,p99=8.630e-01,rel=1.867e-04
INT8,LUT,U(-8,8),8,7168,7168,16x128x32_w8,OK,ms=1.499,tflops=0.55,gbps=36.7,maxabs=2.022e+00,p99=1.209e+00,rel=2.621e-04
INT8,BITSHIFT,U(-8,8),8,7168,7168,16x128x32_w8,OK,ms=1.165,tflops=0.71,gbps=47.3,maxabs=1.526e+00,p99=8.630e-01,rel=1.867e-04
INT8,LUT,U(-8,8),8,7168,7168,16x128x64_w8,OK,ms=1.775,tflops=0.46,gbps=31.0,maxabs=2.022e+00,p99=1.209e+00,rel=2.621e-04
INT8,BITSHIFT,U(-8,8),8,7168,7168,16x128x64_w8,OK,ms=1.313,tflops=0.63,gbps=41.9,maxabs=1.526e+00,p99=8.630e-01,rel=1.867e-04
INT8,LUT,U(-8,8),16,7168,7168,16x64x32_w4,OK,ms=1.464,tflops=1.12,gbps=37.9,maxabs=2.021e+00,p99=1.216e+00,rel=2.608e-04
INT8,BITSHIFT,U(-8,8),16,7168,7168,16x64x32_w4,OK,ms=1.325,tflops=1.24,gbps=41.9,maxabs=1.568e+00,p99=8.649e-01,rel=1.854e-04
INT8,LUT,U(-8,8),16,7168,7168,16x64x64_w4,OK,ms=1.777,tflops=0.93,gbps=31.2,maxabs=2.021e+00,p99=1.216e+00,rel=2.608e-04
INT8,BITSHIFT,U(-8,8),16,7168,7168,16x64x64_w4,OK,ms=1.536,tflops=1.07,gbps=36.1,maxabs=1.568e+00,p99=8.649e-01,rel=1.854e-04
INT8,LUT,U(-8,8),16,7168,7168,16x128x32_w8,OK,ms=1.532,tflops=1.07,gbps=36.2,maxabs=2.021e+00,p99=1.216e+00,rel=2.608e-04
INT8,BITSHIFT,U(-8,8),16,7168,7168,16x128x32_w8,OK,ms=1.419,tflops=1.16,gbps=39.1,maxabs=1.568e+00,p99=8.649e-01,rel=1.854e-04
INT8,LUT,U(-8,8),16,7168,7168,16x128x64_w8,OK,ms=1.786,tflops=0.92,gbps=31.1,maxabs=2.021e+00,p99=1.216e+00,rel=2.608e-04
INT8,BITSHIFT,U(-8,8),16,7168,7168,16x128x64_w8,OK,ms=1.526,tflops=1.08,gbps=36.4,maxabs=1.568e+00,p99=8.649e-01,rel=1.854e-04
INT8,LUT,U(-8,8),32,7168,7168,16x64x32_w4,OK,ms=1.507,tflops=2.18,gbps=37.5,maxabs=2.103e+00,p99=1.215e+00,rel=2.600e-04
INT8,BITSHIFT,U(-8,8),32,7168,7168,16x64x32_w4,OK,ms=1.584,tflops=2.08,gbps=35.6,maxabs=1.602e+00,p99=8.636e-01,rel=1.850e-04
INT8,LUT,U(-8,8),32,7168,7168,16x64x64_w4,OK,ms=1.801,tflops=1.83,gbps=31.3,maxabs=2.103e+00,p99=1.215e+00,rel=2.600e-04
INT8,BITSHIFT,U(-8,8),32,7168,7168,16x64x64_w4,OK,ms=1.773,tflops=1.86,gbps=31.8,maxabs=1.602e+00,p99=8.636e-01,rel=1.850e-04
INT8,LUT,U(-8,8),32,7168,7168,16x128x32_w8,OK,ms=1.541,tflops=2.13,gbps=36.6,maxabs=2.103e+00,p99=1.215e+00,rel=2.600e-04
INT8,BITSHIFT,U(-8,8),32,7168,7168,16x128x32_w8,OK,ms=1.949,tflops=1.69,gbps=29.0,maxabs=1.602e+00,p99=8.636e-01,rel=1.850e-04
INT8,LUT,U(-8,8),32,7168,7168,16x128x64_w8,OK,ms=1.855,tflops=1.77,gbps=30.4,maxabs=2.103e+00,p99=1.215e+00,rel=2.600e-04
INT8,BITSHIFT,U(-8,8),32,7168,7168,16x128x64_w8,OK,ms=2.200,tflops=1.49,gbps=25.6,maxabs=1.602e+00,p99=8.636e-01,rel=1.850e-04
INT8,LUT,U(-8,8),64,7168,7168,16x64x32_w4,OK,ms=1.617,tflops=4.07,gbps=36.0,maxabs=2.527e+00,p99=1.210e+00,rel=2.596e-04
INT8,BITSHIFT,U(-8,8),64,7168,7168,16x64x32_w4,OK,ms=2.281,tflops=2.88,gbps=25.5,maxabs=1.602e+00,p99=8.625e-01,rel=1.849e-04
INT8,LUT,U(-8,8),64,7168,7168,16x64x64_w4,OK,ms=1.973,tflops=3.33,gbps=29.5,maxabs=2.527e+00,p99=1.210e+00,rel=2.596e-04
INT8,BITSHIFT,U(-8,8),64,7168,7168,16x64x64_w4,OK,ms=2.661,tflops=2.47,gbps=21.9,maxabs=1.602e+00,p99=8.625e-01,rel=1.849e-04
INT8,LUT,U(-8,8),64,7168,7168,16x128x32_w8,OK,ms=1.655,tflops=3.97,gbps=35.2,maxabs=2.527e+00,p99=1.210e+00,rel=2.596e-04
INT8,BITSHIFT,U(-8,8),64,7168,7168,16x128x32_w8,OK,ms=2.424,tflops=2.71,gbps=24.0,maxabs=1.602e+00,p99=8.625e-01,rel=1.849e-04
INT8,LUT,U(-8,8),64,7168,7168,16x128x64_w8,OK,ms=2.034,tflops=3.23,gbps=28.6,maxabs=2.527e+00,p99=1.210e+00,rel=2.596e-04
INT8,BITSHIFT,U(-8,8),64,7168,7168,16x128x64_w8,OK,ms=2.785,tflops=2.36,gbps=20.9,maxabs=1.602e+00,p99=8.625e-01,rel=1.849e-04
INT4,LUT,U(-8,8),1,4096,4096,16x64x32_w4,OK,ms=0.658,tflops=0.05,gbps=14.4,maxabs=1.215e+00,p99=8.979e-01,rel=2.504e-04
INT4,BITSHIFT,U(-8,8),1,4096,4096,16x64x32_w4,OK,ms=0.454,tflops=0.07,gbps=20.9,maxabs=8.507e-01,p99=6.482e-01,rel=1.838e-04
INT4,LUT,U(-8,8),1,4096,4096,16x64x64_w4,OK,ms=0.774,tflops=0.04,gbps=12.2,maxabs=1.215e+00,p99=8.979e-01,rel=2.504e-04
INT4,BITSHIFT,U(-8,8),1,4096,4096,16x64x64_w4,OK,ms=0.476,tflops=0.07,gbps=19.9,maxabs=8.507e-01,p99=6.482e-01,rel=1.838e-04
INT4,LUT,U(-8,8),1,4096,4096,16x128x32_w8,OK,ms=0.772,tflops=0.04,gbps=12.3,maxabs=1.215e+00,p99=8.979e-01,rel=2.504e-04
INT4,BITSHIFT,U(-8,8),1,4096,4096,16x128x32_w8,OK,ms=0.528,tflops=0.06,gbps=17.9,maxabs=8.507e-01,p99=6.482e-01,rel=1.838e-04
INT4,LUT,U(-8,8),1,4096,4096,16x128x64_w8,OK,ms=0.856,tflops=0.04,gbps=11.1,maxabs=1.215e+00,p99=8.979e-01,rel=2.504e-04
INT4,BITSHIFT,U(-8,8),1,4096,4096,16x128x64_w8,OK,ms=0.591,tflops=0.06,gbps=16.0,maxabs=8.507e-01,p99=6.482e-01,rel=1.838e-04
INT4,LUT,U(-8,8),4,4096,4096,16x64x32_w4,OK,ms=0.634,tflops=0.21,gbps=15.1,maxabs=1.480e+00,p99=9.192e-01,rel=2.550e-04
INT4,BITSHIFT,U(-8,8),4,4096,4096,16x64x32_w4,OK,ms=0.501,tflops=0.27,gbps=19.1,maxabs=1.044e+00,p99=6.456e-01,rel=1.847e-04
INT4,LUT,U(-8,8),4,4096,4096,16x64x64_w4,OK,ms=0.778,tflops=0.17,gbps=12.3,maxabs=1.480e+00,p99=9.192e-01,rel=2.550e-04
INT4,BITSHIFT,U(-8,8),4,4096,4096,16x64x64_w4,OK,ms=0.511,tflops=0.26,gbps=18.7,maxabs=1.044e+00,p99=6.456e-01,rel=1.847e-04
INT4,LUT,U(-8,8),4,4096,4096,16x128x32_w8,OK,ms=0.772,tflops=0.17,gbps=12.4,maxabs=1.480e+00,p99=9.192e-01,rel=2.550e-04
INT4,BITSHIFT,U(-8,8),4,4096,4096,16x128x32_w8,OK,ms=0.566,tflops=0.24,gbps=16.9,maxabs=1.044e+00,p99=6.456e-01,rel=1.847e-04
INT4,LUT,U(-8,8),4,4096,4096,16x128x64_w8,OK,ms=0.863,tflops=0.16,gbps=11.1,maxabs=1.480e+00,p99=9.192e-01,rel=2.550e-04
INT4,BITSHIFT,U(-8,8),4,4096,4096,16x128x64_w8,OK,ms=0.629,tflops=0.21,gbps=15.2,maxabs=1.044e+00,p99=6.456e-01,rel=1.847e-04
INT4,LUT,U(-8,8),8,4096,4096,16x64x32_w4,OK,ms=0.642,tflops=0.42,gbps=15.1,maxabs=1.480e+00,p99=9.078e-01,rel=2.571e-04
INT4,BITSHIFT,U(-8,8),8,4096,4096,16x64x32_w4,OK,ms=0.559,tflops=0.48,gbps=17.4,maxabs=1.051e+00,p99=6.486e-01,rel=1.866e-04
INT4,LUT,U(-8,8),8,4096,4096,16x64x64_w4,OK,ms=0.782,tflops=0.34,gbps=12.4,maxabs=1.480e+00,p99=9.078e-01,rel=2.571e-04
INT4,BITSHIFT,U(-8,8),8,4096,4096,16x64x64_w4,OK,ms=0.569,tflops=0.47,gbps=17.1,maxabs=1.051e+00,p99=6.486e-01,rel=1.866e-04
INT4,LUT,U(-8,8),8,4096,4096,16x128x32_w8,OK,ms=0.794,tflops=0.34,gbps=12.2,maxabs=1.480e+00,p99=9.078e-01,rel=2.571e-04
INT4,BITSHIFT,U(-8,8),8,4096,4096,16x128x32_w8,OK,ms=0.641,tflops=0.42,gbps=15.1,maxabs=1.051e+00,p99=6.486e-01,rel=1.866e-04
INT4,LUT,U(-8,8),8,4096,4096,16x128x64_w8,OK,ms=0.866,tflops=0.31,gbps=11.2,maxabs=1.480e+00,p99=9.078e-01,rel=2.571e-04
INT4,BITSHIFT,U(-8,8),8,4096,4096,16x128x64_w8,OK,ms=0.697,tflops=0.39,gbps=13.9,maxabs=1.051e+00,p99=6.486e-01,rel=1.866e-04
INT4,LUT,U(-8,8),16,4096,4096,16x64x32_w4,OK,ms=0.677,tflops=0.79,gbps=14.7,maxabs=1.605e+00,p99=9.061e-01,rel=2.557e-04
INT4,BITSHIFT,U(-8,8),16,4096,4096,16x64x32_w4,OK,ms=0.690,tflops=0.78,gbps=14.4,maxabs=1.050e+00,p99=6.512e-01,rel=1.862e-04
INT4,LUT,U(-8,8),16,4096,4096,16x64x64_w4,OK,ms=0.791,tflops=0.68,gbps=12.6,maxabs=1.605e+00,p99=9.061e-01,rel=2.557e-04
INT4,BITSHIFT,U(-8,8),16,4096,4096,16x64x64_w4,OK,ms=0.702,tflops=0.76,gbps=14.2,maxabs=1.050e+00,p99=6.512e-01,rel=1.862e-04
INT4,LUT,U(-8,8),16,4096,4096,16x128x32_w8,OK,ms=0.824,tflops=0.65,gbps=12.1,maxabs=1.605e+00,p99=9.061e-01,rel=2.557e-04
INT4,BITSHIFT,U(-8,8),16,4096,4096,16x128x32_w8,OK,ms=0.817,tflops=0.66,gbps=12.2,maxabs=1.050e+00,p99=6.512e-01,rel=1.862e-04
INT4,LUT,U(-8,8),16,4096,4096,16x128x64_w8,OK,ms=0.873,tflops=0.61,gbps=11.4,maxabs=1.605e+00,p99=9.061e-01,rel=2.557e-04
INT4,BITSHIFT,U(-8,8),16,4096,4096,16x128x64_w8,OK,ms=0.829,tflops=0.65,gbps=12.0,maxabs=1.050e+00,p99=6.512e-01,rel=1.862e-04
INT4,LUT,U(-8,8),32,4096,4096,16x64x32_w4,OK,ms=0.758,tflops=1.42,gbps=13.8,maxabs=1.605e+00,p99=9.069e-01,rel=2.559e-04
INT4,BITSHIFT,U(-8,8),32,4096,4096,16x64x32_w4,OK,ms=0.745,tflops=1.44,gbps=14.1,maxabs=1.118e+00,p99=6.589e-01,rel=1.864e-04
INT4,LUT,U(-8,8),32,4096,4096,16x64x64_w4,OK,ms=0.816,tflops=1.32,gbps=12.8,maxabs=1.605e+00,p99=9.069e-01,rel=2.559e-04
INT4,BITSHIFT,U(-8,8),32,4096,4096,16x64x64_w4,OK,ms=0.806,tflops=1.33,gbps=13.0,maxabs=1.118e+00,p99=6.589e-01,rel=1.864e-04
INT4,LUT,U(-8,8),32,4096,4096,16x128x32_w8,OK,ms=0.815,tflops=1.32,gbps=12.9,maxabs=1.605e+00,p99=9.069e-01,rel=2.559e-04
INT4,BITSHIFT,U(-8,8),32,4096,4096,16x128x32_w8,OK,ms=0.816,tflops=1.32,gbps=12.8,maxabs=1.118e+00,p99=6.589e-01,rel=1.864e-04
INT4,LUT,U(-8,8),32,4096,4096,16x128x64_w8,OK,ms=0.856,tflops=1.25,gbps=12.3,maxabs=1.605e+00,p99=9.069e-01,rel=2.559e-04
INT4,BITSHIFT,U(-8,8),32,4096,4096,16x128x64_w8,OK,ms=0.820,tflops=1.31,gbps=12.8,maxabs=1.118e+00,p99=6.589e-01,rel=1.864e-04
INT4,LUT,U(-8,8),64,4096,4096,16x64x32_w4,OK,ms=0.815,tflops=2.64,gbps=14.2,maxabs=1.614e+00,p99=9.057e-01,rel=2.555e-04
INT4,BITSHIFT,U(-8,8),64,4096,4096,16x64x32_w4,OK,ms=0.986,tflops=2.18,gbps=11.7,maxabs=1.239e+00,p99=6.576e-01,rel=1.858e-04
INT4,LUT,U(-8,8),64,4096,4096,16x64x64_w4,OK,ms=0.881,tflops=2.44,gbps=13.1,maxabs=1.614e+00,p99=9.057e-01,rel=2.555e-04
INT4,BITSHIFT,U(-8,8),64,4096,4096,16x64x64_w4,OK,ms=1.185,tflops=1.81,gbps=9.7,maxabs=1.239e+00,p99=6.576e-01,rel=1.858e-04
INT4,LUT,U(-8,8),64,4096,4096,16x128x32_w8,OK,ms=0.830,tflops=2.59,gbps=13.9,maxabs=1.614e+00,p99=9.057e-01,rel=2.555e-04
INT4,BITSHIFT,U(-8,8),64,4096,4096,16x128x32_w8,OK,ms=1.027,tflops=2.09,gbps=11.2,maxabs=1.239e+00,p99=6.576e-01,rel=1.858e-04
INT4,LUT,U(-8,8),64,4096,4096,16x128x64_w8,OK,ms=0.867,tflops=2.48,gbps=13.3,maxabs=1.614e+00,p99=9.057e-01,rel=2.555e-04
INT4,BITSHIFT,U(-8,8),64,4096,4096,16x128x64_w8,OK,ms=1.225,tflops=1.75,gbps=9.4,maxabs=1.239e+00,p99=6.576e-01,rel=1.858e-04
INT4,LUT,U(-8,8),1,7168,7168,16x64x32_w4,OK,ms=1.357,tflops=0.08,gbps=21.3,maxabs=1.823e+00,p99=1.177e+00,rel=2.533e-04
INT4,BITSHIFT,U(-8,8),1,7168,7168,16x64x32_w4,OK,ms=0.887,tflops=0.12,gbps=32.6,maxabs=1.183e+00,p99=8.643e-01,rel=1.814e-04
INT4,LUT,U(-8,8),1,7168,7168,16x64x64_w4,OK,ms=1.476,tflops=0.07,gbps=19.6,maxabs=1.823e+00,p99=1.177e+00,rel=2.533e-04
INT4,BITSHIFT,U(-8,8),1,7168,7168,16x64x64_w4,OK,ms=1.002,tflops=0.10,gbps=28.9,maxabs=1.183e+00,p99=8.643e-01,rel=1.814e-04
INT4,LUT,U(-8,8),1,7168,7168,16x128x32_w8,OK,ms=1.364,tflops=0.08,gbps=21.2,maxabs=1.823e+00,p99=1.177e+00,rel=2.533e-04
INT4,BITSHIFT,U(-8,8),1,7168,7168,16x128x32_w8,OK,ms=0.929,tflops=0.11,gbps=31.2,maxabs=1.183e+00,p99=8.643e-01,rel=1.814e-04
INT4,LUT,U(-8,8),1,7168,7168,16x128x64_w8,OK,ms=1.515,tflops=0.07,gbps=19.1,maxabs=1.823e+00,p99=1.177e+00,rel=2.533e-04
INT4,BITSHIFT,U(-8,8),1,7168,7168,16x128x64_w8,OK,ms=1.031,tflops=0.10,gbps=28.1,maxabs=1.183e+00,p99=8.643e-01,rel=1.814e-04
INT4,LUT,U(-8,8),4,7168,7168,16x64x32_w4,OK,ms=1.344,tflops=0.31,gbps=21.7,maxabs=1.823e+00,p99=1.203e+00,rel=2.562e-04
INT4,BITSHIFT,U(-8,8),4,7168,7168,16x64x32_w4,OK,ms=0.958,tflops=0.43,gbps=30.4,maxabs=1.527e+00,p99=8.726e-01,rel=1.862e-04
INT4,LUT,U(-8,8),4,7168,7168,16x64x64_w4,OK,ms=1.487,tflops=0.28,gbps=19.6,maxabs=1.823e+00,p99=1.203e+00,rel=2.562e-04
INT4,BITSHIFT,U(-8,8),4,7168,7168,16x64x64_w4,OK,ms=1.092,tflops=0.38,gbps=26.7,maxabs=1.527e+00,p99=8.726e-01,rel=1.862e-04
INT4,LUT,U(-8,8),4,7168,7168,16x128x32_w8,OK,ms=1.353,tflops=0.30,gbps=21.5,maxabs=1.823e+00,p99=1.203e+00,rel=2.562e-04
INT4,BITSHIFT,U(-8,8),4,7168,7168,16x128x32_w8,OK,ms=0.990,tflops=0.42,gbps=29.4,maxabs=1.527e+00,p99=8.726e-01,rel=1.862e-04
INT4,LUT,U(-8,8),4,7168,7168,16x128x64_w8,OK,ms=1.529,tflops=0.27,gbps=19.1,maxabs=1.823e+00,p99=1.203e+00,rel=2.562e-04
INT4,BITSHIFT,U(-8,8),4,7168,7168,16x128x64_w8,OK,ms=1.097,tflops=0.37,gbps=26.6,maxabs=1.527e+00,p99=8.726e-01,rel=1.862e-04
INT4,LUT,U(-8,8),8,7168,7168,16x64x32_w4,OK,ms=1.339,tflops=0.61,gbps=21.9,maxabs=2.050e+00,p99=1.208e+00,rel=2.574e-04
INT4,BITSHIFT,U(-8,8),8,7168,7168,16x64x32_w4,OK,ms=1.081,tflops=0.76,gbps=27.2,maxabs=1.527e+00,p99=8.685e-01,rel=1.872e-04
INT4,LUT,U(-8,8),8,7168,7168,16x64x64_w4,OK,ms=1.483,tflops=0.55,gbps=19.8,maxabs=2.050e+00,p99=1.208e+00,rel=2.574e-04
INT4,BITSHIFT,U(-8,8),8,7168,7168,16x64x64_w4,OK,ms=1.206,tflops=0.68,gbps=24.3,maxabs=1.527e+00,p99=8.685e-01,rel=1.872e-04
INT4,LUT,U(-8,8),8,7168,7168,16x128x32_w8,OK,ms=1.404,tflops=0.59,gbps=20.9,maxabs=2.050e+00,p99=1.208e+00,rel=2.574e-04
INT4,BITSHIFT,U(-8,8),8,7168,7168,16x128x32_w8,OK,ms=1.122,tflops=0.73,gbps=26.2,maxabs=1.527e+00,p99=8.685e-01,rel=1.872e-04
INT4,LUT,U(-8,8),8,7168,7168,16x128x64_w8,OK,ms=1.534,tflops=0.54,gbps=19.1,maxabs=2.050e+00,p99=1.208e+00,rel=2.574e-04
INT4,BITSHIFT,U(-8,8),8,7168,7168,16x128x64_w8,OK,ms=1.208,tflops=0.68,gbps=24.3,maxabs=1.527e+00,p99=8.685e-01,rel=1.872e-04
INT4,LUT,U(-8,8),16,7168,7168,16x64x32_w4,OK,ms=1.395,tflops=1.18,gbps=21.4,maxabs=2.131e+00,p99=1.210e+00,rel=2.565e-04
INT4,BITSHIFT,U(-8,8),16,7168,7168,16x64x32_w4,OK,ms=1.319,tflops=1.25,gbps=22.6,maxabs=1.577e+00,p99=8.708e-01,rel=1.858e-04
INT4,LUT,U(-8,8),16,7168,7168,16x64x64_w4,OK,ms=1.510,tflops=1.09,gbps=19.7,maxabs=2.131e+00,p99=1.210e+00,rel=2.565e-04
INT4,BITSHIFT,U(-8,8),16,7168,7168,16x64x64_w4,OK,ms=1.435,tflops=1.15,gbps=20.8,maxabs=1.577e+00,p99=8.708e-01,rel=1.858e-04
INT4,LUT,U(-8,8),16,7168,7168,16x128x32_w8,OK,ms=1.437,tflops=1.14,gbps=20.7,maxabs=2.131e+00,p99=1.210e+00,rel=2.565e-04
INT4,BITSHIFT,U(-8,8),16,7168,7168,16x128x32_w8,OK,ms=1.435,tflops=1.15,gbps=20.8,maxabs=1.577e+00,p99=8.708e-01,rel=1.858e-04
INT4,LUT,U(-8,8),16,7168,7168,16x128x64_w8,OK,ms=1.539,tflops=1.07,gbps=19.4,maxabs=2.131e+00,p99=1.210e+00,rel=2.565e-04
INT4,BITSHIFT,U(-8,8),16,7168,7168,16x128x64_w8,OK,ms=1.433,tflops=1.15,gbps=20.8,maxabs=1.577e+00,p99=8.708e-01,rel=1.858e-04
INT4,LUT,U(-8,8),32,7168,7168,16x64x32_w4,OK,ms=1.425,tflops=2.31,gbps=21.6,maxabs=2.217e+00,p99=1.202e+00,rel=2.561e-04
INT4,BITSHIFT,U(-8,8),32,7168,7168,16x64x32_w4,OK,ms=1.480,tflops=2.22,gbps=20.8,maxabs=1.582e+00,p99=8.694e-01,rel=1.856e-04
INT4,LUT,U(-8,8),32,7168,7168,16x64x64_w4,OK,ms=1.566,tflops=2.10,gbps=19.6,maxabs=2.217e+00,p99=1.202e+00,rel=2.561e-04
INT4,BITSHIFT,U(-8,8),32,7168,7168,16x64x64_w4,OK,ms=1.723,tflops=1.91,gbps=17.8,maxabs=1.582e+00,p99=8.694e-01,rel=1.856e-04
INT4,LUT,U(-8,8),32,7168,7168,16x128x32_w8,OK,ms=1.494,tflops=2.20,gbps=20.6,maxabs=2.217e+00,p99=1.202e+00,rel=2.561e-04
INT4,BITSHIFT,U(-8,8),32,7168,7168,16x128x32_w8,OK,ms=1.785,tflops=1.84,gbps=17.2,maxabs=1.582e+00,p99=8.694e-01,rel=1.856e-04
INT4,LUT,U(-8,8),32,7168,7168,16x128x64_w8,OK,ms=1.654,tflops=1.99,gbps=18.6,maxabs=2.217e+00,p99=1.202e+00,rel=2.561e-04
INT4,BITSHIFT,U(-8,8),32,7168,7168,16x128x64_w8,OK,ms=2.132,tflops=1.54,gbps=14.4,maxabs=1.582e+00,p99=8.694e-01,rel=1.856e-04
INT4,LUT,U(-8,8),64,7168,7168,16x64x32_w4,OK,ms=1.574,tflops=4.18,gbps=20.7,maxabs=2.218e+00,p99=1.199e+00,rel=2.561e-04
INT4,BITSHIFT,U(-8,8),64,7168,7168,16x64x32_w4,OK,ms=2.231,tflops=2.95,gbps=14.6,maxabs=1.581e+00,p99=8.679e-01,rel=1.854e-04
INT4,LUT,U(-8,8),64,7168,7168,16x64x64_w4,OK,ms=1.778,tflops=3.70,gbps=18.3,maxabs=2.218e+00,p99=1.199e+00,rel=2.561e-04
INT4,BITSHIFT,U(-8,8),64,7168,7168,16x64x64_w4,OK,ms=2.676,tflops=2.46,gbps=12.2,maxabs=1.581e+00,p99=8.679e-01,rel=1.854e-04
INT4,LUT,U(-8,8),64,7168,7168,16x128x32_w8,OK,ms=1.617,tflops=4.07,gbps=20.1,maxabs=2.218e+00,p99=1.199e+00,rel=2.561e-04
INT4,BITSHIFT,U(-8,8),64,7168,7168,16x128x32_w8,OK,ms=2.300,tflops=2.86,gbps=14.2,maxabs=1.581e+00,p99=8.679e-01,rel=1.854e-04
INT4,LUT,U(-8,8),64,7168,7168,16x128x64_w8,OK,ms=1.879,tflops=3.50,gbps=17.3,maxabs=2.218e+00,p99=1.199e+00,rel=2.561e-04
INT4,BITSHIFT,U(-8,8),64,7168,7168,16x128x64_w8,OK,ms=2.777,tflops=2.37,gbps=11.7,maxabs=1.581e+00,p99=8.679e-01,rel=1.854e-04
MXFP4,LUT,U(-8,8),1,4096,4096,16x64x32_w4,OK,ms=0.678,tflops=0.05,gbps=13.2,maxabs=7.640e-01,p99=5.967e-01,rel=1.840e-04
MXFP4,BITSHIFT,U(-8,8),1,4096,4096,16x64x32_w4,SKIP,path-B FP4 not implemented yet
MXFP4,LUT,U(-8,8),1,4096,4096,16x64x64_w4,OK,ms=0.852,tflops=0.04,gbps=10.5,maxabs=7.640e-01,p99=5.967e-01,rel=1.840e-04
MXFP4,BITSHIFT,U(-8,8),1,4096,4096,16x64x64_w4,SKIP,path-B FP4 not implemented yet
MXFP4,LUT,U(-8,8),1,4096,4096,16x128x32_w8,OK,ms=0.734,tflops=0.05,gbps=12.2,maxabs=7.640e-01,p99=5.967e-01,rel=1.840e-04
MXFP4,BITSHIFT,U(-8,8),1,4096,4096,16x128x32_w8,SKIP,path-B FP4 not implemented yet
MXFP4,LUT,U(-8,8),1,4096,4096,16x128x64_w8,OK,ms=0.937,tflops=0.04,gbps=9.5,maxabs=7.640e-01,p99=5.967e-01,rel=1.840e-04
MXFP4,BITSHIFT,U(-8,8),1,4096,4096,16x128x64_w8,SKIP,path-B FP4 not implemented yet
MXFP4,LUT,U(-8,8),4,4096,4096,16x64x32_w4,OK,ms=0.656,tflops=0.20,gbps=13.8,maxabs=9.338e-01,p99=5.913e-01,rel=1.843e-04
MXFP4,BITSHIFT,U(-8,8),4,4096,4096,16x64x32_w4,SKIP,path-B FP4 not implemented yet
MXFP4,LUT,U(-8,8),4,4096,4096,16x64x64_w4,OK,ms=0.863,tflops=0.16,gbps=10.5,maxabs=9.338e-01,p99=5.913e-01,rel=1.843e-04
MXFP4,BITSHIFT,U(-8,8),4,4096,4096,16x64x64_w4,SKIP,path-B FP4 not implemented yet
MXFP4,LUT,U(-8,8),4,4096,4096,16x128x32_w8,OK,ms=0.737,tflops=0.18,gbps=12.3,maxabs=9.338e-01,p99=5.913e-01,rel=1.843e-04
MXFP4,BITSHIFT,U(-8,8),4,4096,4096,16x128x32_w8,SKIP,path-B FP4 not implemented yet
MXFP4,LUT,U(-8,8),4,4096,4096,16x128x64_w8,OK,ms=0.944,tflops=0.14,gbps=9.6,maxabs=9.338e-01,p99=5.913e-01,rel=1.843e-04
MXFP4,BITSHIFT,U(-8,8),4,4096,4096,16x128x64_w8,SKIP,path-B FP4 not implemented yet
MXFP4,LUT,U(-8,8),8,4096,4096,16x64x32_w4,OK,ms=0.661,tflops=0.41,gbps=13.9,maxabs=9.903e-01,p99=5.915e-01,rel=1.860e-04
MXFP4,BITSHIFT,U(-8,8),8,4096,4096,16x64x32_w4,SKIP,path-B FP4 not implemented yet
MXFP4,LUT,U(-8,8),8,4096,4096,16x64x64_w4,OK,ms=0.862,tflops=0.31,gbps=10.6,maxabs=9.903e-01,p99=5.915e-01,rel=1.860e-04
MXFP4,BITSHIFT,U(-8,8),8,4096,4096,16x64x64_w4,SKIP,path-B FP4 not implemented yet
MXFP4,LUT,U(-8,8),8,4096,4096,16x128x32_w8,OK,ms=0.757,tflops=0.35,gbps=12.1,maxabs=9.903e-01,p99=5.915e-01,rel=1.860e-04
MXFP4,BITSHIFT,U(-8,8),8,4096,4096,16x128x32_w8,SKIP,path-B FP4 not implemented yet
MXFP4,LUT,U(-8,8),8,4096,4096,16x128x64_w8,OK,ms=0.945,tflops=0.28,gbps=9.7,maxabs=9.903e-01,p99=5.915e-01,rel=1.860e-04
MXFP4,BITSHIFT,U(-8,8),8,4096,4096,16x128x64_w8,SKIP,path-B FP4 not implemented yet
MXFP4,LUT,U(-8,8),16,4096,4096,16x64x32_w4,OK,ms=0.671,tflops=0.80,gbps=14.1,maxabs=9.910e-01,p99=5.967e-01,rel=1.858e-04
MXFP4,BITSHIFT,U(-8,8),16,4096,4096,16x64x32_w4,SKIP,path-B FP4 not implemented yet
MXFP4,LUT,U(-8,8),16,4096,4096,16x64x64_w4,OK,ms=0.871,tflops=0.62,gbps=10.8,maxabs=9.910e-01,p99=5.967e-01,rel=1.858e-04
MXFP4,BITSHIFT,U(-8,8),16,4096,4096,16x64x64_w4,SKIP,path-B FP4 not implemented yet
MXFP4,LUT,U(-8,8),16,4096,4096,16x128x32_w8,OK,ms=0.788,tflops=0.68,gbps=12.0,maxabs=9.910e-01,p99=5.967e-01,rel=1.858e-04
MXFP4,BITSHIFT,U(-8,8),16,4096,4096,16x128x32_w8,SKIP,path-B FP4 not implemented yet
MXFP4,LUT,U(-8,8),16,4096,4096,16x128x64_w8,OK,ms=0.947,tflops=0.57,gbps=10.0,maxabs=9.910e-01,p99=5.967e-01,rel=1.858e-04
MXFP4,BITSHIFT,U(-8,8),16,4096,4096,16x128x64_w8,SKIP,path-B FP4 not implemented yet
MXFP4,LUT,U(-8,8),32,4096,4096,16x64x32_w4,OK,ms=0.724,tflops=1.48,gbps=13.8,maxabs=1.059e+00,p99=6.022e-01,rel=1.858e-04
MXFP4,BITSHIFT,U(-8,8),32,4096,4096,16x64x32_w4,SKIP,path-B FP4 not implemented yet
MXFP4,LUT,U(-8,8),32,4096,4096,16x64x64_w4,OK,ms=0.895,tflops=1.20,gbps=11.1,maxabs=1.059e+00,p99=6.022e-01,rel=1.858e-04
MXFP4,BITSHIFT,U(-8,8),32,4096,4096,16x64x64_w4,SKIP,path-B FP4 not implemented yet
MXFP4,LUT,U(-8,8),32,4096,4096,16x128x32_w8,OK,ms=0.772,tflops=1.39,gbps=12.9,maxabs=1.059e+00,p99=6.022e-01,rel=1.858e-04
MXFP4,BITSHIFT,U(-8,8),32,4096,4096,16x128x32_w8,SKIP,path-B FP4 not implemented yet
MXFP4,LUT,U(-8,8),32,4096,4096,16x128x64_w8,OK,ms=0.932,tflops=1.15,gbps=10.7,maxabs=1.059e+00,p99=6.022e-01,rel=1.858e-04
MXFP4,BITSHIFT,U(-8,8),32,4096,4096,16x128x64_w8,SKIP,path-B FP4 not implemented yet
MXFP4,LUT,U(-8,8),64,4096,4096,16x64x32_w4,OK,ms=0.804,tflops=2.67,gbps=13.7,maxabs=1.199e+00,p99=6.018e-01,rel=1.852e-04
MXFP4,BITSHIFT,U(-8,8),64,4096,4096,16x64x32_w4,SKIP,path-B FP4 not implemented yet
MXFP4,LUT,U(-8,8),64,4096,4096,16x64x64_w4,OK,ms=0.955,tflops=2.25,gbps=11.5,maxabs=1.199e+00,p99=6.018e-01,rel=1.852e-04
MXFP4,BITSHIFT,U(-8,8),64,4096,4096,16x64x64_w4,SKIP,path-B FP4 not implemented yet
MXFP4,LUT,U(-8,8),64,4096,4096,16x128x32_w8,OK,ms=0.830,tflops=2.59,gbps=13.3,maxabs=1.199e+00,p99=6.018e-01,rel=1.852e-04
MXFP4,BITSHIFT,U(-8,8),64,4096,4096,16x128x32_w8,SKIP,path-B FP4 not implemented yet
MXFP4,LUT,U(-8,8),64,4096,4096,16x128x64_w8,OK,ms=0.945,tflops=2.27,gbps=11.6,maxabs=1.199e+00,p99=6.018e-01,rel=1.852e-04
MXFP4,BITSHIFT,U(-8,8),64,4096,4096,16x128x64_w8,SKIP,path-B FP4 not implemented yet
MXFP4,LUT,U(-8,8),1,7168,7168,16x64x32_w4,OK,ms=1.390,tflops=0.07,gbps=19.7,maxabs=1.076e+00,p99=7.991e-01,rel=1.828e-04
MXFP4,BITSHIFT,U(-8,8),1,7168,7168,16x64x32_w4,SKIP,path-B FP4 not implemented yet
MXFP4,LUT,U(-8,8),1,7168,7168,16x64x64_w4,OK,ms=1.856,tflops=0.06,gbps=14.7,maxabs=1.076e+00,p99=7.991e-01,rel=1.828e-04
MXFP4,BITSHIFT,U(-8,8),1,7168,7168,16x64x64_w4,SKIP,path-B FP4 not implemented yet
MXFP4,LUT,U(-8,8),1,7168,7168,16x128x32_w8,OK,ms=1.410,tflops=0.07,gbps=19.4,maxabs=1.076e+00,p99=7.991e-01,rel=1.828e-04
MXFP4,BITSHIFT,U(-8,8),1,7168,7168,16x128x32_w8,SKIP,path-B FP4 not implemented yet
MXFP4,LUT,U(-8,8),1,7168,7168,16x128x64_w8,OK,ms=1.907,tflops=0.05,gbps=14.3,maxabs=1.076e+00,p99=7.991e-01,rel=1.828e-04
MXFP4,BITSHIFT,U(-8,8),1,7168,7168,16x128x64_w8,SKIP,path-B FP4 not implemented yet
MXFP4,LUT,U(-8,8),4,7168,7168,16x64x32_w4,OK,ms=1.407,tflops=0.29,gbps=19.6,maxabs=1.392e+00,p99=7.991e-01,rel=1.859e-04
MXFP4,BITSHIFT,U(-8,8),4,7168,7168,16x64x32_w4,SKIP,path-B FP4 not implemented yet
MXFP4,LUT,U(-8,8),4,7168,7168,16x64x64_w4,OK,ms=1.858,tflops=0.22,gbps=14.8,maxabs=1.392e+00,p99=7.991e-01,rel=1.859e-04
MXFP4,BITSHIFT,U(-8,8),4,7168,7168,16x64x64_w4,SKIP,path-B FP4 not implemented yet
MXFP4,LUT,U(-8,8),4,7168,7168,16x128x32_w8,OK,ms=1.424,tflops=0.29,gbps=19.3,maxabs=1.392e+00,p99=7.991e-01,rel=1.859e-04
MXFP4,BITSHIFT,U(-8,8),4,7168,7168,16x128x32_w8,SKIP,path-B FP4 not implemented yet
MXFP4,LUT,U(-8,8),4,7168,7168,16x128x64_w8,OK,ms=1.914,tflops=0.21,gbps=14.4,maxabs=1.392e+00,p99=7.991e-01,rel=1.859e-04
MXFP4,BITSHIFT,U(-8,8),4,7168,7168,16x128x64_w8,SKIP,path-B FP4 not implemented yet
MXFP4,LUT,U(-8,8),8,7168,7168,16x64x32_w4,OK,ms=1.421,tflops=0.58,gbps=19.5,maxabs=1.392e+00,p99=7.954e-01,rel=1.869e-04
MXFP4,BITSHIFT,U(-8,8),8,7168,7168,16x64x32_w4,SKIP,path-B FP4 not implemented yet
MXFP4,LUT,U(-8,8),8,7168,7168,16x64x64_w4,OK,ms=1.862,tflops=0.44,gbps=14.9,maxabs=1.392e+00,p99=7.954e-01,rel=1.869e-04
MXFP4,BITSHIFT,U(-8,8),8,7168,7168,16x64x64_w4,SKIP,path-B FP4 not implemented yet
MXFP4,LUT,U(-8,8),8,7168,7168,16x128x32_w8,OK,ms=1.459,tflops=0.56,gbps=19.0,maxabs=1.392e+00,p99=7.954e-01,rel=1.869e-04
MXFP4,BITSHIFT,U(-8,8),8,7168,7168,16x128x32_w8,SKIP,path-B FP4 not implemented yet
MXFP4,LUT,U(-8,8),8,7168,7168,16x128x64_w8,OK,ms=1.917,tflops=0.43,gbps=14.5,maxabs=1.392e+00,p99=7.954e-01,rel=1.869e-04
MXFP4,BITSHIFT,U(-8,8),8,7168,7168,16x128x64_w8,SKIP,path-B FP4 not implemented yet
MXFP4,LUT,U(-8,8),16,7168,7168,16x64x32_w4,OK,ms=1.436,tflops=1.15,gbps=19.7,maxabs=1.501e+00,p99=7.998e-01,rel=1.855e-04
MXFP4,BITSHIFT,U(-8,8),16,7168,7168,16x64x32_w4,SKIP,path-B FP4 not implemented yet
MXFP4,LUT,U(-8,8),16,7168,7168,16x64x64_w4,OK,ms=1.872,tflops=0.88,gbps=15.1,maxabs=1.501e+00,p99=7.998e-01,rel=1.855e-04
MXFP4,BITSHIFT,U(-8,8),16,7168,7168,16x64x64_w4,SKIP,path-B FP4 not implemented yet
MXFP4,LUT,U(-8,8),16,7168,7168,16x128x32_w8,OK,ms=1.503,tflops=1.09,gbps=18.8,maxabs=1.501e+00,p99=7.998e-01,rel=1.855e-04
MXFP4,BITSHIFT,U(-8,8),16,7168,7168,16x128x32_w8,SKIP,path-B FP4 not implemented yet
MXFP4,LUT,U(-8,8),16,7168,7168,16x128x64_w8,OK,ms=1.925,tflops=0.85,gbps=14.7,maxabs=1.501e+00,p99=7.998e-01,rel=1.855e-04
MXFP4,BITSHIFT,U(-8,8),16,7168,7168,16x128x64_w8,SKIP,path-B FP4 not implemented yet
MXFP4,LUT,U(-8,8),32,7168,7168,16x64x32_w4,OK,ms=1.580,tflops=2.08,gbps=18.4,maxabs=1.531e+00,p99=7.981e-01,rel=1.851e-04
MXFP4,BITSHIFT,U(-8,8),32,7168,7168,16x64x32_w4,SKIP,path-B FP4 not implemented yet
MXFP4,LUT,U(-8,8),32,7168,7168,16x64x64_w4,OK,ms=1.902,tflops=1.73,gbps=15.3,maxabs=1.531e+00,p99=7.981e-01,rel=1.851e-04
MXFP4,BITSHIFT,U(-8,8),32,7168,7168,16x64x64_w4,SKIP,path-B FP4 not implemented yet
MXFP4,LUT,U(-8,8),32,7168,7168,16x128x32_w8,OK,ms=1.707,tflops=1.93,gbps=17.1,maxabs=1.531e+00,p99=7.981e-01,rel=1.851e-04
MXFP4,BITSHIFT,U(-8,8),32,7168,7168,16x128x32_w8,SKIP,path-B FP4 not implemented yet
MXFP4,LUT,U(-8,8),32,7168,7168,16x128x64_w8,OK,ms=2.019,tflops=1.63,gbps=14.4,maxabs=1.531e+00,p99=7.981e-01,rel=1.851e-04
MXFP4,BITSHIFT,U(-8,8),32,7168,7168,16x128x64_w8,SKIP,path-B FP4 not implemented yet
MXFP4,LUT,U(-8,8),64,7168,7168,16x64x32_w4,OK,ms=1.814,tflops=3.63,gbps=17.1,maxabs=1.530e+00,p99=7.974e-01,rel=1.850e-04
MXFP4,BITSHIFT,U(-8,8),64,7168,7168,16x64x32_w4,SKIP,path-B FP4 not implemented yet
MXFP4,LUT,U(-8,8),64,7168,7168,16x64x64_w4,OK,ms=2.138,tflops=3.08,gbps=14.5,maxabs=1.530e+00,p99=7.974e-01,rel=1.850e-04
MXFP4,BITSHIFT,U(-8,8),64,7168,7168,16x64x64_w4,SKIP,path-B FP4 not implemented yet
MXFP4,LUT,U(-8,8),64,7168,7168,16x128x32_w8,OK,ms=1.868,tflops=3.52,gbps=16.6,maxabs=1.530e+00,p99=7.974e-01,rel=1.850e-04
MXFP4,BITSHIFT,U(-8,8),64,7168,7168,16x128x32_w8,SKIP,path-B FP4 not implemented yet
MXFP4,LUT,U(-8,8),64,7168,7168,16x128x64_w8,OK,ms=2.225,tflops=2.96,gbps=13.9,maxabs=1.530e+00,p99=7.974e-01,rel=1.850e-04
MXFP4,BITSHIFT,U(-8,8),64,7168,7168,16x128x64_w8,SKIP,path-B FP4 not implemented yet
F8_E4M3_B128,LUT,U(-8,8),1,4096,4096,16x64x32_w4,OK,ms=1.207,tflops=0.03,gbps=14.0,maxabs=8.249e-01,p99=6.296e-01,rel=1.839e-04
F8_E4M3_B128,BITSHIFT,U(-8,8),1,4096,4096,16x64x32_w4,SKIP,path-B FP8 not implemented yet
F8_E4M3_B128,LUT,U(-8,8),1,4096,4096,16x64x64_w4,OK,ms=1.199,tflops=0.03,gbps=14.1,maxabs=8.249e-01,p99=6.296e-01,rel=1.839e-04
F8_E4M3_B128,BITSHIFT,U(-8,8),1,4096,4096,16x64x64_w4,SKIP,path-B FP8 not implemented yet
F8_E4M3_B128,LUT,U(-8,8),1,4096,4096,16x128x32_w8,OK,ms=1.254,tflops=0.03,gbps=13.5,maxabs=8.249e-01,p99=6.296e-01,rel=1.839e-04
F8_E4M3_B128,BITSHIFT,U(-8,8),1,4096,4096,16x128x32_w8,SKIP,path-B FP8 not implemented yet
F8_E4M3_B128,LUT,U(-8,8),1,4096,4096,16x128x64_w8,OK,ms=1.280,tflops=0.03,gbps=13.2,maxabs=8.249e-01,p99=6.296e-01,rel=1.839e-04
F8_E4M3_B128,BITSHIFT,U(-8,8),1,4096,4096,16x128x64_w8,SKIP,path-B FP8 not implemented yet
F8_E4M3_B128,LUT,U(-8,8),4,4096,4096,16x64x32_w4,OK,ms=1.197,tflops=0.11,gbps=14.2,maxabs=1.005e+00,p99=6.339e-01,rel=1.843e-04
F8_E4M3_B128,BITSHIFT,U(-8,8),4,4096,4096,16x64x32_w4,SKIP,path-B FP8 not implemented yet
F8_E4M3_B128,LUT,U(-8,8),4,4096,4096,16x64x64_w4,OK,ms=1.203,tflops=0.11,gbps=14.2,maxabs=1.005e+00,p99=6.339e-01,rel=1.843e-04
F8_E4M3_B128,BITSHIFT,U(-8,8),4,4096,4096,16x64x64_w4,SKIP,path-B FP8 not implemented yet
F8_E4M3_B128,LUT,U(-8,8),4,4096,4096,16x128x32_w8,OK,ms=1.254,tflops=0.11,gbps=13.6,maxabs=1.005e+00,p99=6.339e-01,rel=1.843e-04
F8_E4M3_B128,BITSHIFT,U(-8,8),4,4096,4096,16x128x32_w8,SKIP,path-B FP8 not implemented yet
F8_E4M3_B128,LUT,U(-8,8),4,4096,4096,16x128x64_w8,OK,ms=1.291,tflops=0.10,gbps=13.2,maxabs=1.005e+00,p99=6.339e-01,rel=1.843e-04
F8_E4M3_B128,BITSHIFT,U(-8,8),4,4096,4096,16x128x64_w8,SKIP,path-B FP8 not implemented yet
F8_E4M3_B128,LUT,U(-8,8),8,4096,4096,16x64x32_w4,OK,ms=1.199,tflops=0.22,gbps=14.3,maxabs=1.030e+00,p99=6.318e-01,rel=1.858e-04
F8_E4M3_B128,BITSHIFT,U(-8,8),8,4096,4096,16x64x32_w4,SKIP,path-B FP8 not implemented yet
F8_E4M3_B128,LUT,U(-8,8),8,4096,4096,16x64x64_w4,OK,ms=1.205,tflops=0.22,gbps=14.2,maxabs=1.030e+00,p99=6.318e-01,rel=1.858e-04
F8_E4M3_B128,BITSHIFT,U(-8,8),8,4096,4096,16x64x64_w4,SKIP,path-B FP8 not implemented yet
F8_E4M3_B128,LUT,U(-8,8),8,4096,4096,16x128x32_w8,OK,ms=1.271,tflops=0.21,gbps=13.5,maxabs=1.030e+00,p99=6.318e-01,rel=1.858e-04
F8_E4M3_B128,BITSHIFT,U(-8,8),8,4096,4096,16x128x32_w8,SKIP,path-B FP8 not implemented yet
F8_E4M3_B128,LUT,U(-8,8),8,4096,4096,16x128x64_w8,OK,ms=1.289,tflops=0.21,gbps=13.3,maxabs=1.030e+00,p99=6.318e-01,rel=1.858e-04
F8_E4M3_B128,BITSHIFT,U(-8,8),8,4096,4096,16x128x64_w8,SKIP,path-B FP8 not implemented yet
F8_E4M3_B128,LUT,U(-8,8),16,4096,4096,16x64x32_w4,OK,ms=1.203,tflops=0.45,gbps=14.5,maxabs=1.030e+00,p99=6.337e-01,rel=1.857e-04
F8_E4M3_B128,BITSHIFT,U(-8,8),16,4096,4096,16x64x32_w4,SKIP,path-B FP8 not implemented yet
F8_E4M3_B128,LUT,U(-8,8),16,4096,4096,16x64x64_w4,OK,ms=1.213,tflops=0.44,gbps=14.4,maxabs=1.030e+00,p99=6.337e-01,rel=1.857e-04
F8_E4M3_B128,BITSHIFT,U(-8,8),16,4096,4096,16x64x64_w4,SKIP,path-B FP8 not implemented yet
F8_E4M3_B128,LUT,U(-8,8),16,4096,4096,16x128x32_w8,OK,ms=1.294,tflops=0.42,gbps=13.5,maxabs=1.030e+00,p99=6.337e-01,rel=1.857e-04
F8_E4M3_B128,BITSHIFT,U(-8,8),16,4096,4096,16x128x32_w8,SKIP,path-B FP8 not implemented yet
F8_E4M3_B128,LUT,U(-8,8),16,4096,4096,16x128x64_w8,OK,ms=1.294,tflops=0.41,gbps=13.5,maxabs=1.030e+00,p99=6.337e-01,rel=1.857e-04
F8_E4M3_B128,BITSHIFT,U(-8,8),16,4096,4096,16x128x64_w8,SKIP,path-B FP8 not implemented yet
F8_E4M3_B128,LUT,U(-8,8),32,4096,4096,16x64x32_w4,OK,ms=1.206,tflops=0.89,gbps=14.9,maxabs=1.108e+00,p99=6.379e-01,rel=1.858e-04
F8_E4M3_B128,BITSHIFT,U(-8,8),32,4096,4096,16x64x32_w4,SKIP,path-B FP8 not implemented yet
F8_E4M3_B128,LUT,U(-8,8),32,4096,4096,16x64x64_w4,OK,ms=1.217,tflops=0.88,gbps=14.8,maxabs=1.108e+00,p99=6.379e-01,rel=1.858e-04
F8_E4M3_B128,BITSHIFT,U(-8,8),32,4096,4096,16x64x64_w4,SKIP,path-B FP8 not implemented yet
F8_E4M3_B128,LUT,U(-8,8),32,4096,4096,16x128x32_w8,OK,ms=1.268,tflops=0.85,gbps=14.2,maxabs=1.108e+00,p99=6.379e-01,rel=1.858e-04
F8_E4M3_B128,BITSHIFT,U(-8,8),32,4096,4096,16x128x32_w8,SKIP,path-B FP8 not implemented yet
F8_E4M3_B128,LUT,U(-8,8),32,4096,4096,16x128x64_w8,OK,ms=1.274,tflops=0.84,gbps=14.1,maxabs=1.108e+00,p99=6.379e-01,rel=1.858e-04
F8_E4M3_B128,BITSHIFT,U(-8,8),32,4096,4096,16x128x64_w8,SKIP,path-B FP8 not implemented yet
F8_E4M3_B128,LUT,U(-8,8),64,4096,4096,16x64x32_w4,OK,ms=1.228,tflops=1.75,gbps=15.5,maxabs=1.246e+00,p99=6.375e-01,rel=1.852e-04
F8_E4M3_B128,BITSHIFT,U(-8,8),64,4096,4096,16x64x32_w4,SKIP,path-B FP8 not implemented yet
F8_E4M3_B128,LUT,U(-8,8),64,4096,4096,16x64x64_w4,OK,ms=1.307,tflops=1.64,gbps=14.5,maxabs=1.246e+00,p99=6.375e-01,rel=1.852e-04
F8_E4M3_B128,BITSHIFT,U(-8,8),64,4096,4096,16x64x64_w4,SKIP,path-B FP8 not implemented yet
F8_E4M3_B128,LUT,U(-8,8),64,4096,4096,16x128x32_w8,OK,ms=1.266,tflops=1.70,gbps=15.0,maxabs=1.246e+00,p99=6.375e-01,rel=1.852e-04
F8_E4M3_B128,BITSHIFT,U(-8,8),64,4096,4096,16x128x32_w8,SKIP,path-B FP8 not implemented yet
F8_E4M3_B128,LUT,U(-8,8),64,4096,4096,16x128x64_w8,OK,ms=1.277,tflops=1.68,gbps=14.9,maxabs=1.246e+00,p99=6.375e-01,rel=1.852e-04
F8_E4M3_B128,BITSHIFT,U(-8,8),64,4096,4096,16x128x64_w8,SKIP,path-B FP8 not implemented yet
F8_E4M3_B128,LUT,U(-8,8),1,7168,7168,16x64x32_w4,OK,ms=2.028,tflops=0.05,gbps=25.6,maxabs=1.172e+00,p99=8.374e-01,rel=1.819e-04
F8_E4M3_B128,BITSHIFT,U(-8,8),1,7168,7168,16x64x32_w4,SKIP,path-B FP8 not implemented yet
F8_E4M3_B128,LUT,U(-8,8),1,7168,7168,16x64x64_w4,OK,ms=2.185,tflops=0.05,gbps=23.7,maxabs=1.172e+00,p99=8.374e-01,rel=1.819e-04
F8_E4M3_B128,BITSHIFT,U(-8,8),1,7168,7168,16x64x64_w4,SKIP,path-B FP8 not implemented yet
F8_E4M3_B128,LUT,U(-8,8),1,7168,7168,16x128x32_w8,OK,ms=2.220,tflops=0.05,gbps=23.3,maxabs=1.172e+00,p99=8.374e-01,rel=1.819e-04
F8_E4M3_B128,BITSHIFT,U(-8,8),1,7168,7168,16x128x32_w8,SKIP,path-B FP8 not implemented yet
F8_E4M3_B128,LUT,U(-8,8),1,7168,7168,16x128x64_w8,OK,ms=2.201,tflops=0.05,gbps=23.6,maxabs=1.172e+00,p99=8.374e-01,rel=1.819e-04
F8_E4M3_B128,BITSHIFT,U(-8,8),1,7168,7168,16x128x64_w8,SKIP,path-B FP8 not implemented yet
F8_E4M3_B128,LUT,U(-8,8),4,7168,7168,16x64x32_w4,OK,ms=2.036,tflops=0.20,gbps=25.5,maxabs=1.468e+00,p99=8.463e-01,rel=1.855e-04
F8_E4M3_B128,BITSHIFT,U(-8,8),4,7168,7168,16x64x32_w4,SKIP,path-B FP8 not implemented yet
F8_E4M3_B128,LUT,U(-8,8),4,7168,7168,16x64x64_w4,OK,ms=2.190,tflops=0.19,gbps=23.8,maxabs=1.468e+00,p99=8.463e-01,rel=1.855e-04
F8_E4M3_B128,BITSHIFT,U(-8,8),4,7168,7168,16x64x64_w4,SKIP,path-B FP8 not implemented yet
F8_E4M3_B128,LUT,U(-8,8),4,7168,7168,16x128x32_w8,OK,ms=2.232,tflops=0.18,gbps=23.3,maxabs=1.468e+00,p99=8.463e-01,rel=1.855e-04
F8_E4M3_B128,BITSHIFT,U(-8,8),4,7168,7168,16x128x32_w8,SKIP,path-B FP8 not implemented yet
F8_E4M3_B128,LUT,U(-8,8),4,7168,7168,16x128x64_w8,OK,ms=2.206,tflops=0.19,gbps=23.6,maxabs=1.468e+00,p99=8.463e-01,rel=1.855e-04
F8_E4M3_B128,BITSHIFT,U(-8,8),4,7168,7168,16x128x64_w8,SKIP,path-B FP8 not implemented yet
F8_E4M3_B128,LUT,U(-8,8),8,7168,7168,16x64x32_w4,OK,ms=2.044,tflops=0.40,gbps=25.6,maxabs=1.468e+00,p99=8.437e-01,rel=1.867e-04
F8_E4M3_B128,BITSHIFT,U(-8,8),8,7168,7168,16x64x32_w4,SKIP,path-B FP8 not implemented yet
F8_E4M3_B128,LUT,U(-8,8),8,7168,7168,16x64x64_w4,OK,ms=2.189,tflops=0.38,gbps=23.9,maxabs=1.468e+00,p99=8.437e-01,rel=1.867e-04
F8_E4M3_B128,BITSHIFT,U(-8,8),8,7168,7168,16x64x64_w4,SKIP,path-B FP8 not implemented yet
F8_E4M3_B128,LUT,U(-8,8),8,7168,7168,16x128x32_w8,OK,ms=2.254,tflops=0.36,gbps=23.2,maxabs=1.468e+00,p99=8.437e-01,rel=1.867e-04
F8_E4M3_B128,BITSHIFT,U(-8,8),8,7168,7168,16x128x32_w8,SKIP,path-B FP8 not implemented yet
F8_E4M3_B128,LUT,U(-8,8),8,7168,7168,16x128x64_w8,OK,ms=2.207,tflops=0.37,gbps=23.7,maxabs=1.468e+00,p99=8.437e-01,rel=1.867e-04
F8_E4M3_B128,BITSHIFT,U(-8,8),8,7168,7168,16x128x64_w8,SKIP,path-B FP8 not implemented yet
F8_E4M3_B128,LUT,U(-8,8),16,7168,7168,16x64x32_w4,OK,ms=2.051,tflops=0.80,gbps=25.7,maxabs=1.568e+00,p99=8.474e-01,rel=1.854e-04
F8_E4M3_B128,BITSHIFT,U(-8,8),16,7168,7168,16x64x32_w4,SKIP,path-B FP8 not implemented yet
F8_E4M3_B128,LUT,U(-8,8),16,7168,7168,16x64x64_w4,OK,ms=2.201,tflops=0.75,gbps=23.9,maxabs=1.568e+00,p99=8.474e-01,rel=1.854e-04
F8_E4M3_B128,BITSHIFT,U(-8,8),16,7168,7168,16x64x64_w4,SKIP,path-B FP8 not implemented yet
F8_E4M3_B128,LUT,U(-8,8),16,7168,7168,16x128x32_w8,OK,ms=2.303,tflops=0.71,gbps=22.9,maxabs=1.568e+00,p99=8.474e-01,rel=1.854e-04
F8_E4M3_B128,BITSHIFT,U(-8,8),16,7168,7168,16x128x32_w8,SKIP,path-B FP8 not implemented yet
F8_E4M3_B128,LUT,U(-8,8),16,7168,7168,16x128x64_w8,OK,ms=2.212,tflops=0.74,gbps=23.8,maxabs=1.568e+00,p99=8.474e-01,rel=1.854e-04
F8_E4M3_B128,BITSHIFT,U(-8,8),16,7168,7168,16x128x64_w8,SKIP,path-B FP8 not implemented yet
F8_E4M3_B128,LUT,U(-8,8),32,7168,7168,16x64x32_w4,OK,ms=2.034,tflops=1.62,gbps=26.4,maxabs=1.581e+00,p99=8.459e-01,rel=1.851e-04
F8_E4M3_B128,BITSHIFT,U(-8,8),32,7168,7168,16x64x32_w4,SKIP,path-B FP8 not implemented yet
F8_E4M3_B128,LUT,U(-8,8),32,7168,7168,16x64x64_w4,OK,ms=2.190,tflops=1.50,gbps=24.5,maxabs=1.581e+00,p99=8.459e-01,rel=1.851e-04
F8_E4M3_B128,BITSHIFT,U(-8,8),32,7168,7168,16x64x64_w4,SKIP,path-B FP8 not implemented yet
F8_E4M3_B128,LUT,U(-8,8),32,7168,7168,16x128x32_w8,OK,ms=2.315,tflops=1.42,gbps=23.2,maxabs=1.581e+00,p99=8.459e-01,rel=1.851e-04
F8_E4M3_B128,BITSHIFT,U(-8,8),32,7168,7168,16x128x32_w8,SKIP,path-B FP8 not implemented yet
F8_E4M3_B128,LUT,U(-8,8),32,7168,7168,16x128x64_w8,OK,ms=2.289,tflops=1.44,gbps=23.4,maxabs=1.581e+00,p99=8.459e-01,rel=1.851e-04
F8_E4M3_B128,BITSHIFT,U(-8,8),32,7168,7168,16x128x64_w8,SKIP,path-B FP8 not implemented yet
F8_E4M3_B128,LUT,U(-8,8),64,7168,7168,16x64x32_w4,OK,ms=2.191,tflops=3.00,gbps=25.3,maxabs=1.582e+00,p99=8.441e-01,rel=1.849e-04
F8_E4M3_B128,BITSHIFT,U(-8,8),64,7168,7168,16x64x32_w4,SKIP,path-B FP8 not implemented yet
F8_E4M3_B128,LUT,U(-8,8),64,7168,7168,16x64x64_w4,OK,ms=2.433,tflops=2.70,gbps=22.8,maxabs=1.582e+00,p99=8.441e-01,rel=1.849e-04
F8_E4M3_B128,BITSHIFT,U(-8,8),64,7168,7168,16x64x64_w4,SKIP,path-B FP8 not implemented yet
F8_E4M3_B128,LUT,U(-8,8),64,7168,7168,16x128x32_w8,OK,ms=2.421,tflops=2.72,gbps=22.9,maxabs=1.582e+00,p99=8.441e-01,rel=1.849e-04
F8_E4M3_B128,BITSHIFT,U(-8,8),64,7168,7168,16x128x32_w8,SKIP,path-B FP8 not implemented yet
F8_E4M3_B128,LUT,U(-8,8),64,7168,7168,16x128x64_w8,OK,ms=2.537,tflops=2.59,gbps=21.9,maxabs=1.582e+00,p99=8.441e-01,rel=1.849e-04
F8_E4M3_B128,BITSHIFT,U(-8,8),64,7168,7168,16x128x64_w8,SKIP,path-B FP8 not implemented yet
INT8,LUT,LogN(0,1.5),1,4096,4096,16x64x32_w4,OK,ms=0.802,tflops=0.04,gbps=22.3,maxabs=1.322e+01,p99=4.314e+00,rel=2.748e-04
INT8,BITSHIFT,LogN(0,1.5),1,4096,4096,16x64x32_w4,OK,ms=0.442,tflops=0.08,gbps=40.4,maxabs=7.082e+00,p99=2.814e+00,rel=1.905e-04
INT8,LUT,LogN(0,1.5),1,4096,4096,16x64x64_w4,OK,ms=0.919,tflops=0.04,gbps=19.4,maxabs=1.322e+01,p99=4.314e+00,rel=2.748e-04
INT8,BITSHIFT,LogN(0,1.5),1,4096,4096,16x64x64_w4,OK,ms=0.506,tflops=0.07,gbps=35.3,maxabs=7.082e+00,p99=2.814e+00,rel=1.905e-04
INT8,LUT,LogN(0,1.5),1,4096,4096,16x128x32_w8,OK,ms=0.782,tflops=0.04,gbps=22.8,maxabs=1.322e+01,p99=4.314e+00,rel=2.748e-04
INT8,BITSHIFT,LogN(0,1.5),1,4096,4096,16x128x32_w8,OK,ms=0.533,tflops=0.06,gbps=33.5,maxabs=7.082e+00,p99=2.814e+00,rel=1.905e-04
INT8,LUT,LogN(0,1.5),1,4096,4096,16x128x64_w8,OK,ms=1.002,tflops=0.03,gbps=17.8,maxabs=1.322e+01,p99=4.314e+00,rel=2.748e-04
INT8,BITSHIFT,LogN(0,1.5),1,4096,4096,16x128x64_w8,OK,ms=0.627,tflops=0.05,gbps=28.5,maxabs=7.082e+00,p99=2.814e+00,rel=1.905e-04
INT8,LUT,LogN(0,1.5),4,4096,4096,16x64x32_w4,OK,ms=0.755,tflops=0.18,gbps=23.8,maxabs=2.558e+01,p99=4.896e+00,rel=2.786e-04
INT8,BITSHIFT,LogN(0,1.5),4,4096,4096,16x64x32_w4,OK,ms=0.489,tflops=0.27,gbps=36.7,maxabs=1.898e+01,p99=3.562e+00,rel=1.999e-04
INT8,LUT,LogN(0,1.5),4,4096,4096,16x64x64_w4,OK,ms=0.915,tflops=0.15,gbps=19.6,maxabs=2.558e+01,p99=4.896e+00,rel=2.786e-04
INT8,BITSHIFT,LogN(0,1.5),4,4096,4096,16x64x64_w4,OK,ms=0.539,tflops=0.25,gbps=33.3,maxabs=1.898e+01,p99=3.562e+00,rel=1.999e-04
INT8,LUT,LogN(0,1.5),4,4096,4096,16x128x32_w8,OK,ms=0.773,tflops=0.17,gbps=23.2,maxabs=2.558e+01,p99=4.896e+00,rel=2.786e-04
INT8,BITSHIFT,LogN(0,1.5),4,4096,4096,16x128x32_w8,OK,ms=0.554,tflops=0.24,gbps=32.4,maxabs=1.898e+01,p99=3.562e+00,rel=1.999e-04
INT8,LUT,LogN(0,1.5),4,4096,4096,16x128x64_w8,OK,ms=1.006,tflops=0.13,gbps=17.8,maxabs=2.558e+01,p99=4.896e+00,rel=2.786e-04
INT8,BITSHIFT,LogN(0,1.5),4,4096,4096,16x128x64_w8,OK,ms=0.658,tflops=0.20,gbps=27.3,maxabs=1.898e+01,p99=3.562e+00,rel=1.999e-04
INT8,LUT,LogN(0,1.5),8,4096,4096,16x64x32_w4,OK,ms=0.756,tflops=0.35,gbps=23.9,maxabs=3.505e+01,p99=4.873e+00,rel=2.759e-04
INT8,BITSHIFT,LogN(0,1.5),8,4096,4096,16x64x32_w4,OK,ms=0.537,tflops=0.50,gbps=33.7,maxabs=2.441e+01,p99=3.418e+00,rel=1.972e-04
INT8,LUT,LogN(0,1.5),8,4096,4096,16x64x64_w4,OK,ms=0.921,tflops=0.29,gbps=19.6,maxabs=3.505e+01,p99=4.873e+00,rel=2.759e-04
INT8,BITSHIFT,LogN(0,1.5),8,4096,4096,16x64x64_w4,OK,ms=0.594,tflops=0.45,gbps=30.5,maxabs=2.441e+01,p99=3.418e+00,rel=1.972e-04
INT8,LUT,LogN(0,1.5),8,4096,4096,16x128x32_w8,OK,ms=0.822,tflops=0.33,gbps=22.0,maxabs=3.505e+01,p99=4.873e+00,rel=2.759e-04
INT8,BITSHIFT,LogN(0,1.5),8,4096,4096,16x128x32_w8,OK,ms=0.656,tflops=0.41,gbps=27.6,maxabs=2.441e+01,p99=3.418e+00,rel=1.972e-04
INT8,LUT,LogN(0,1.5),8,4096,4096,16x128x64_w8,OK,ms=1.007,tflops=0.27,gbps=18.0,maxabs=3.505e+01,p99=4.873e+00,rel=2.759e-04
INT8,BITSHIFT,LogN(0,1.5),8,4096,4096,16x128x64_w8,OK,ms=0.746,tflops=0.36,gbps=24.3,maxabs=2.441e+01,p99=3.418e+00,rel=1.972e-04
INT8,LUT,LogN(0,1.5),16,4096,4096,16x64x32_w4,OK,ms=0.756,tflops=0.71,gbps=24.3,maxabs=7.520e+01,p99=5.012e+00,rel=2.782e-04
INT8,BITSHIFT,LogN(0,1.5),16,4096,4096,16x64x32_w4,OK,ms=0.654,tflops=0.82,gbps=28.0,maxabs=4.156e+01,p99=3.494e+00,rel=1.989e-04
INT8,LUT,LogN(0,1.5),16,4096,4096,16x64x64_w4,OK,ms=0.925,tflops=0.58,gbps=19.8,maxabs=7.520e+01,p99=5.012e+00,rel=2.782e-04
INT8,BITSHIFT,LogN(0,1.5),16,4096,4096,16x64x64_w4,OK,ms=0.727,tflops=0.74,gbps=25.2,maxabs=4.156e+01,p99=3.494e+00,rel=1.989e-04
INT8,LUT,LogN(0,1.5),16,4096,4096,16x128x32_w8,OK,ms=0.838,tflops=0.64,gbps=21.9,maxabs=7.520e+01,p99=5.012e+00,rel=2.782e-04
INT8,BITSHIFT,LogN(0,1.5),16,4096,4096,16x128x32_w8,OK,ms=0.809,tflops=0.66,gbps=22.7,maxabs=4.156e+01,p99=3.494e+00,rel=1.989e-04
INT8,LUT,LogN(0,1.5),16,4096,4096,16x128x64_w8,OK,ms=1.006,tflops=0.53,gbps=18.2,maxabs=7.520e+01,p99=5.012e+00,rel=2.782e-04
INT8,BITSHIFT,LogN(0,1.5),16,4096,4096,16x128x64_w8,OK,ms=0.867,tflops=0.62,gbps=21.2,maxabs=4.156e+01,p99=3.494e+00,rel=1.989e-04
INT8,LUT,LogN(0,1.5),32,4096,4096,16x64x32_w4,OK,ms=0.769,tflops=1.40,gbps=24.5,maxabs=7.520e+01,p99=5.227e+00,rel=2.769e-04
INT8,BITSHIFT,LogN(0,1.5),32,4096,4096,16x64x32_w4,OK,ms=0.741,tflops=1.45,gbps=25.5,maxabs=1.846e+02,p99=3.671e+00,rel=1.966e-04
INT8,LUT,LogN(0,1.5),32,4096,4096,16x64x64_w4,OK,ms=0.932,tflops=1.15,gbps=20.3,maxabs=7.520e+01,p99=5.227e+00,rel=2.769e-04
INT8,BITSHIFT,LogN(0,1.5),32,4096,4096,16x64x64_w4,OK,ms=0.832,tflops=1.29,gbps=22.7,maxabs=1.846e+02,p99=3.671e+00,rel=1.966e-04
INT8,LUT,LogN(0,1.5),32,4096,4096,16x128x32_w8,OK,ms=0.818,tflops=1.31,gbps=23.1,maxabs=7.520e+01,p99=5.227e+00,rel=2.769e-04
INT8,BITSHIFT,LogN(0,1.5),32,4096,4096,16x128x32_w8,OK,ms=0.807,tflops=1.33,gbps=23.4,maxabs=1.846e+02,p99=3.671e+00,rel=1.966e-04
INT8,LUT,LogN(0,1.5),32,4096,4096,16x128x64_w8,OK,ms=0.996,tflops=1.08,gbps=18.9,maxabs=7.520e+01,p99=5.227e+00,rel=2.769e-04
INT8,BITSHIFT,LogN(0,1.5),32,4096,4096,16x128x64_w8,OK,ms=0.849,tflops=1.27,gbps=22.2,maxabs=1.846e+02,p99=3.671e+00,rel=1.966e-04
INT8,LUT,LogN(0,1.5),64,4096,4096,16x64x32_w4,OK,ms=0.802,tflops=2.68,gbps=24.8,maxabs=7.520e+01,p99=5.400e+00,rel=2.784e-04
INT8,BITSHIFT,LogN(0,1.5),64,4096,4096,16x64x32_w4,OK,ms=0.995,tflops=2.16,gbps=20.0,maxabs=1.846e+02,p99=3.827e+00,rel=1.994e-04
INT8,LUT,LogN(0,1.5),64,4096,4096,16x64x64_w4,OK,ms=1.017,tflops=2.11,gbps=19.6,maxabs=7.520e+01,p99=5.400e+00,rel=2.784e-04
INT8,BITSHIFT,LogN(0,1.5),64,4096,4096,16x64x64_w4,OK,ms=1.167,tflops=1.84,gbps=17.1,maxabs=1.846e+02,p99=3.827e+00,rel=1.994e-04
INT8,LUT,LogN(0,1.5),64,4096,4096,16x128x32_w8,OK,ms=0.831,tflops=2.58,gbps=24.0,maxabs=7.520e+01,p99=5.400e+00,rel=2.784e-04
INT8,BITSHIFT,LogN(0,1.5),64,4096,4096,16x128x32_w8,OK,ms=1.054,tflops=2.04,gbps=18.9,maxabs=1.846e+02,p99=3.827e+00,rel=1.994e-04
INT8,LUT,LogN(0,1.5),64,4096,4096,16x128x64_w8,OK,ms=0.998,tflops=2.15,gbps=20.0,maxabs=7.520e+01,p99=5.400e+00,rel=2.784e-04
INT8,BITSHIFT,LogN(0,1.5),64,4096,4096,16x128x64_w8,OK,ms=1.225,tflops=1.75,gbps=16.3,maxabs=1.846e+02,p99=3.827e+00,rel=1.994e-04
INT8,LUT,LogN(0,1.5),1,7168,7168,16x64x32_w4,OK,ms=1.468,tflops=0.07,gbps=37.2,maxabs=5.202e+01,p99=6.466e+00,rel=2.882e-04
INT8,BITSHIFT,LogN(0,1.5),1,7168,7168,16x64x32_w4,OK,ms=0.908,tflops=0.11,gbps=60.2,maxabs=3.520e+01,p99=4.965e+00,rel=2.106e-04
INT8,LUT,LogN(0,1.5),1,7168,7168,16x64x64_w4,OK,ms=1.755,tflops=0.06,gbps=31.1,maxabs=5.202e+01,p99=6.466e+00,rel=2.882e-04
INT8,BITSHIFT,LogN(0,1.5),1,7168,7168,16x64x64_w4,OK,ms=1.107,tflops=0.09,gbps=49.4,maxabs=3.520e+01,p99=4.965e+00,rel=2.106e-04
INT8,LUT,LogN(0,1.5),1,7168,7168,16x128x32_w8,OK,ms=1.444,tflops=0.07,gbps=37.9,maxabs=5.202e+01,p99=6.466e+00,rel=2.882e-04
INT8,BITSHIFT,LogN(0,1.5),1,7168,7168,16x128x32_w8,OK,ms=0.943,tflops=0.11,gbps=57.9,maxabs=3.520e+01,p99=4.965e+00,rel=2.106e-04
INT8,LUT,LogN(0,1.5),1,7168,7168,16x128x64_w8,OK,ms=1.761,tflops=0.06,gbps=31.0,maxabs=5.202e+01,p99=6.466e+00,rel=2.882e-04
INT8,BITSHIFT,LogN(0,1.5),1,7168,7168,16x128x64_w8,OK,ms=1.096,tflops=0.09,gbps=49.8,maxabs=3.520e+01,p99=4.965e+00,rel=2.106e-04
INT8,LUT,LogN(0,1.5),4,7168,7168,16x64x32_w4,OK,ms=1.435,tflops=0.29,gbps=38.2,maxabs=1.054e+02,p99=6.375e+00,rel=2.788e-04
INT8,BITSHIFT,LogN(0,1.5),4,7168,7168,16x64x32_w4,OK,ms=0.994,tflops=0.41,gbps=55.2,maxabs=4.638e+01,p99=4.536e+00,rel=1.987e-04
INT8,LUT,LogN(0,1.5),4,7168,7168,16x64x64_w4,OK,ms=1.757,tflops=0.23,gbps=31.2,maxabs=1.054e+02,p99=6.375e+00,rel=2.788e-04
INT8,BITSHIFT,LogN(0,1.5),4,7168,7168,16x64x64_w4,OK,ms=1.193,tflops=0.34,gbps=45.9,maxabs=4.638e+01,p99=4.536e+00,rel=1.987e-04
INT8,LUT,LogN(0,1.5),4,7168,7168,16x128x32_w8,OK,ms=1.450,tflops=0.28,gbps=37.8,maxabs=1.054e+02,p99=6.375e+00,rel=2.788e-04
INT8,BITSHIFT,LogN(0,1.5),4,7168,7168,16x128x32_w8,OK,ms=0.991,tflops=0.41,gbps=55.3,maxabs=4.638e+01,p99=4.536e+00,rel=1.987e-04
INT8,LUT,LogN(0,1.5),4,7168,7168,16x128x64_w8,OK,ms=1.772,tflops=0.23,gbps=30.9,maxabs=1.054e+02,p99=6.375e+00,rel=2.788e-04
INT8,BITSHIFT,LogN(0,1.5),4,7168,7168,16x128x64_w8,OK,ms=1.168,tflops=0.35,gbps=46.9,maxabs=4.638e+01,p99=4.536e+00,rel=1.987e-04
INT8,LUT,LogN(0,1.5),8,7168,7168,16x64x32_w4,OK,ms=1.436,tflops=0.57,gbps=38.3,maxabs=2.370e+02,p99=6.621e+00,rel=2.780e-04
INT8,BITSHIFT,LogN(0,1.5),8,7168,7168,16x64x32_w4,OK,ms=1.105,tflops=0.74,gbps=49.8,maxabs=1.148e+02,p99=4.678e+00,rel=1.969e-04
INT8,LUT,LogN(0,1.5),8,7168,7168,16x64x64_w4,OK,ms=1.762,tflops=0.47,gbps=31.2,maxabs=2.370e+02,p99=6.621e+00,rel=2.780e-04
INT8,BITSHIFT,LogN(0,1.5),8,7168,7168,16x64x64_w4,OK,ms=1.312,tflops=0.63,gbps=42.0,maxabs=1.148e+02,p99=4.678e+00,rel=1.969e-04
INT8,LUT,LogN(0,1.5),8,7168,7168,16x128x32_w8,OK,ms=1.501,tflops=0.55,gbps=36.7,maxabs=2.370e+02,p99=6.621e+00,rel=2.780e-04
INT8,BITSHIFT,LogN(0,1.5),8,7168,7168,16x128x32_w8,OK,ms=1.158,tflops=0.71,gbps=47.5,maxabs=1.148e+02,p99=4.678e+00,rel=1.969e-04
INT8,LUT,LogN(0,1.5),8,7168,7168,16x128x64_w8,OK,ms=1.774,tflops=0.46,gbps=31.0,maxabs=2.370e+02,p99=6.621e+00,rel=2.780e-04
INT8,BITSHIFT,LogN(0,1.5),8,7168,7168,16x128x64_w8,OK,ms=1.313,tflops=0.63,gbps=41.9,maxabs=1.148e+02,p99=4.678e+00,rel=1.969e-04
INT8,LUT,LogN(0,1.5),16,7168,7168,16x64x32_w4,OK,ms=1.455,tflops=1.13,gbps=38.1,maxabs=2.372e+02,p99=6.992e+00,rel=2.797e-04
INT8,BITSHIFT,LogN(0,1.5),16,7168,7168,16x64x32_w4,OK,ms=1.319,tflops=1.25,gbps=42.1,maxabs=1.151e+02,p99=4.925e+00,rel=1.994e-04
INT8,LUT,LogN(0,1.5),16,7168,7168,16x64x64_w4,OK,ms=1.775,tflops=0.93,gbps=31.3,maxabs=2.372e+02,p99=6.992e+00,rel=2.797e-04
INT8,BITSHIFT,LogN(0,1.5),16,7168,7168,16x64x64_w4,OK,ms=1.534,tflops=1.07,gbps=36.2,maxabs=1.151e+02,p99=4.925e+00,rel=1.994e-04
INT8,LUT,LogN(0,1.5),16,7168,7168,16x128x32_w8,OK,ms=1.530,tflops=1.07,gbps=36.3,maxabs=2.372e+02,p99=6.992e+00,rel=2.797e-04
INT8,BITSHIFT,LogN(0,1.5),16,7168,7168,16x128x32_w8,OK,ms=1.417,tflops=1.16,gbps=39.2,maxabs=1.151e+02,p99=4.925e+00,rel=1.994e-04
INT8,LUT,LogN(0,1.5),16,7168,7168,16x128x64_w8,OK,ms=1.780,tflops=0.92,gbps=31.2,maxabs=2.372e+02,p99=6.992e+00,rel=2.797e-04
INT8,BITSHIFT,LogN(0,1.5),16,7168,7168,16x128x64_w8,OK,ms=1.516,tflops=1.08,gbps=36.6,maxabs=1.151e+02,p99=4.925e+00,rel=1.994e-04
INT8,LUT,LogN(0,1.5),32,7168,7168,16x64x32_w4,OK,ms=1.498,tflops=2.20,gbps=37.7,maxabs=2.371e+02,p99=7.317e+00,rel=2.812e-04
INT8,BITSHIFT,LogN(0,1.5),32,7168,7168,16x64x32_w4,OK,ms=1.578,tflops=2.08,gbps=35.8,maxabs=1.149e+02,p99=5.117e+00,rel=1.999e-04
INT8,LUT,LogN(0,1.5),32,7168,7168,16x64x64_w4,OK,ms=1.799,tflops=1.83,gbps=31.4,maxabs=2.371e+02,p99=7.317e+00,rel=2.812e-04
INT8,BITSHIFT,LogN(0,1.5),32,7168,7168,16x64x64_w4,OK,ms=1.770,tflops=1.86,gbps=31.9,maxabs=1.149e+02,p99=5.117e+00,rel=1.999e-04
INT8,LUT,LogN(0,1.5),32,7168,7168,16x128x32_w8,OK,ms=1.540,tflops=2.14,gbps=36.7,maxabs=2.371e+02,p99=7.317e+00,rel=2.812e-04
INT8,BITSHIFT,LogN(0,1.5),32,7168,7168,16x128x32_w8,OK,ms=1.938,tflops=1.70,gbps=29.1,maxabs=1.149e+02,p99=5.117e+00,rel=1.999e-04
INT8,LUT,LogN(0,1.5),32,7168,7168,16x128x64_w8,OK,ms=1.850,tflops=1.78,gbps=30.5,maxabs=2.371e+02,p99=7.317e+00,rel=2.812e-04
INT8,BITSHIFT,LogN(0,1.5),32,7168,7168,16x128x64_w8,OK,ms=2.192,tflops=1.50,gbps=25.7,maxabs=1.149e+02,p99=5.117e+00,rel=1.999e-04
INT8,LUT,LogN(0,1.5),64,7168,7168,16x64x32_w4,OK,ms=1.614,tflops=4.08,gbps=36.1,maxabs=2.371e+02,p99=7.166e+00,rel=2.836e-04
INT8,BITSHIFT,LogN(0,1.5),64,7168,7168,16x64x32_w4,OK,ms=2.277,tflops=2.89,gbps=25.6,maxabs=1.149e+02,p99=5.129e+00,rel=2.034e-04
INT8,LUT,LogN(0,1.5),64,7168,7168,16x64x64_w4,OK,ms=1.966,tflops=3.35,gbps=29.6,maxabs=2.371e+02,p99=7.166e+00,rel=2.836e-04
INT8,BITSHIFT,LogN(0,1.5),64,7168,7168,16x64x64_w4,OK,ms=2.651,tflops=2.48,gbps=22.0,maxabs=1.149e+02,p99=5.129e+00,rel=2.034e-04
INT8,LUT,LogN(0,1.5),64,7168,7168,16x128x32_w8,OK,ms=1.654,tflops=3.98,gbps=35.2,maxabs=2.371e+02,p99=7.166e+00,rel=2.836e-04
INT8,BITSHIFT,LogN(0,1.5),64,7168,7168,16x128x32_w8,OK,ms=2.421,tflops=2.72,gbps=24.1,maxabs=1.149e+02,p99=5.129e+00,rel=2.034e-04
INT8,LUT,LogN(0,1.5),64,7168,7168,16x128x64_w8,OK,ms=2.034,tflops=3.23,gbps=28.6,maxabs=2.371e+02,p99=7.166e+00,rel=2.836e-04
INT8,BITSHIFT,LogN(0,1.5),64,7168,7168,16x128x64_w8,OK,ms=2.783,tflops=2.36,gbps=20.9,maxabs=1.149e+02,p99=5.129e+00,rel=2.034e-04
INT4,LUT,LogN(0,1.5),1,4096,4096,16x64x32_w4,OK,ms=0.656,tflops=0.05,gbps=14.4,maxabs=1.661e+01,p99=4.084e+00,rel=2.651e-04
INT4,BITSHIFT,LogN(0,1.5),1,4096,4096,16x64x32_w4,OK,ms=0.453,tflops=0.07,gbps=20.9,maxabs=8.080e+00,p99=3.143e+00,rel=2.013e-04
INT4,LUT,LogN(0,1.5),1,4096,4096,16x64x64_w4,OK,ms=0.773,tflops=0.04,gbps=12.3,maxabs=1.661e+01,p99=4.084e+00,rel=2.651e-04
INT4,BITSHIFT,LogN(0,1.5),1,4096,4096,16x64x64_w4,OK,ms=0.475,tflops=0.07,gbps=20.0,maxabs=8.080e+00,p99=3.143e+00,rel=2.013e-04
INT4,LUT,LogN(0,1.5),1,4096,4096,16x128x32_w8,OK,ms=0.770,tflops=0.04,gbps=12.3,maxabs=1.661e+01,p99=4.084e+00,rel=2.651e-04
INT4,BITSHIFT,LogN(0,1.5),1,4096,4096,16x128x32_w8,OK,ms=0.527,tflops=0.06,gbps=18.0,maxabs=8.080e+00,p99=3.143e+00,rel=2.013e-04
INT4,LUT,LogN(0,1.5),1,4096,4096,16x128x64_w8,OK,ms=0.854,tflops=0.04,gbps=11.1,maxabs=1.661e+01,p99=4.084e+00,rel=2.651e-04
INT4,BITSHIFT,LogN(0,1.5),1,4096,4096,16x128x64_w8,OK,ms=0.590,tflops=0.06,gbps=16.0,maxabs=8.080e+00,p99=3.143e+00,rel=2.013e-04
INT4,LUT,LogN(0,1.5),4,4096,4096,16x64x32_w4,OK,ms=0.632,tflops=0.21,gbps=15.1,maxabs=2.925e+01,p99=4.929e+00,rel=2.686e-04
INT4,BITSHIFT,LogN(0,1.5),4,4096,4096,16x64x32_w4,OK,ms=0.501,tflops=0.27,gbps=19.1,maxabs=1.916e+01,p99=3.691e+00,rel=2.218e-04
INT4,LUT,LogN(0,1.5),4,4096,4096,16x64x64_w4,OK,ms=0.777,tflops=0.17,gbps=12.3,maxabs=2.925e+01,p99=4.929e+00,rel=2.686e-04
INT4,BITSHIFT,LogN(0,1.5),4,4096,4096,16x64x64_w4,OK,ms=0.509,tflops=0.26,gbps=18.8,maxabs=1.916e+01,p99=3.691e+00,rel=2.218e-04
INT4,LUT,LogN(0,1.5),4,4096,4096,16x128x32_w8,OK,ms=0.769,tflops=0.17,gbps=12.4,maxabs=2.925e+01,p99=4.929e+00,rel=2.686e-04
INT4,BITSHIFT,LogN(0,1.5),4,4096,4096,16x128x32_w8,OK,ms=0.565,tflops=0.24,gbps=16.9,maxabs=1.916e+01,p99=3.691e+00,rel=2.218e-04
INT4,LUT,LogN(0,1.5),4,4096,4096,16x128x64_w8,OK,ms=0.860,tflops=0.16,gbps=11.1,maxabs=2.925e+01,p99=4.929e+00,rel=2.686e-04
INT4,BITSHIFT,LogN(0,1.5),4,4096,4096,16x128x64_w8,OK,ms=0.629,tflops=0.21,gbps=15.2,maxabs=1.916e+01,p99=3.691e+00,rel=2.218e-04
INT4,LUT,LogN(0,1.5),8,4096,4096,16x64x32_w4,OK,ms=0.640,tflops=0.42,gbps=15.1,maxabs=5.519e+01,p99=4.927e+00,rel=2.672e-04
INT4,BITSHIFT,LogN(0,1.5),8,4096,4096,16x64x32_w4,OK,ms=0.560,tflops=0.48,gbps=17.3,maxabs=2.275e+01,p99=3.553e+00,rel=2.164e-04
INT4,LUT,LogN(0,1.5),8,4096,4096,16x64x64_w4,OK,ms=0.781,tflops=0.34,gbps=12.4,maxabs=5.519e+01,p99=4.927e+00,rel=2.672e-04
INT4,BITSHIFT,LogN(0,1.5),8,4096,4096,16x64x64_w4,OK,ms=0.567,tflops=0.47,gbps=17.1,maxabs=2.275e+01,p99=3.553e+00,rel=2.164e-04
INT4,LUT,LogN(0,1.5),8,4096,4096,16x128x32_w8,OK,ms=0.792,tflops=0.34,gbps=12.2,maxabs=5.519e+01,p99=4.927e+00,rel=2.672e-04
INT4,BITSHIFT,LogN(0,1.5),8,4096,4096,16x128x32_w8,OK,ms=0.641,tflops=0.42,gbps=15.1,maxabs=2.275e+01,p99=3.553e+00,rel=2.164e-04
INT4,LUT,LogN(0,1.5),8,4096,4096,16x128x64_w8,OK,ms=0.864,tflops=0.31,gbps=11.2,maxabs=5.519e+01,p99=4.927e+00,rel=2.672e-04
INT4,BITSHIFT,LogN(0,1.5),8,4096,4096,16x128x64_w8,OK,ms=0.695,tflops=0.39,gbps=14.0,maxabs=2.275e+01,p99=3.553e+00,rel=2.164e-04
INT4,LUT,LogN(0,1.5),16,4096,4096,16x64x32_w4,OK,ms=0.676,tflops=0.79,gbps=14.7,maxabs=8.547e+01,p99=5.118e+00,rel=2.687e-04
INT4,BITSHIFT,LogN(0,1.5),16,4096,4096,16x64x32_w4,OK,ms=0.690,tflops=0.78,gbps=14.4,maxabs=4.077e+01,p99=3.633e+00,rel=2.153e-04
INT4,LUT,LogN(0,1.5),16,4096,4096,16x64x64_w4,OK,ms=0.790,tflops=0.68,gbps=12.6,maxabs=8.547e+01,p99=5.118e+00,rel=2.687e-04
INT4,BITSHIFT,LogN(0,1.5),16,4096,4096,16x64x64_w4,OK,ms=0.701,tflops=0.77,gbps=14.2,maxabs=4.077e+01,p99=3.633e+00,rel=2.153e-04
INT4,LUT,LogN(0,1.5),16,4096,4096,16x128x32_w8,OK,ms=0.821,tflops=0.65,gbps=12.1,maxabs=8.547e+01,p99=5.118e+00,rel=2.687e-04
INT4,BITSHIFT,LogN(0,1.5),16,4096,4096,16x128x32_w8,OK,ms=0.815,tflops=0.66,gbps=12.2,maxabs=4.077e+01,p99=3.633e+00,rel=2.153e-04
INT4,LUT,LogN(0,1.5),16,4096,4096,16x128x64_w8,OK,ms=0.870,tflops=0.62,gbps=11.5,maxabs=8.547e+01,p99=5.118e+00,rel=2.687e-04
INT4,BITSHIFT,LogN(0,1.5),16,4096,4096,16x128x64_w8,OK,ms=0.824,tflops=0.65,gbps=12.1,maxabs=4.077e+01,p99=3.633e+00,rel=2.153e-04
INT4,LUT,LogN(0,1.5),32,4096,4096,16x64x32_w4,OK,ms=0.757,tflops=1.42,gbps=13.9,maxabs=1.127e+02,p99=5.340e+00,rel=2.672e-04
INT4,BITSHIFT,LogN(0,1.5),32,4096,4096,16x64x32_w4,OK,ms=0.743,tflops=1.45,gbps=14.1,maxabs=1.857e+02,p99=3.925e+00,rel=2.185e-04
INT4,LUT,LogN(0,1.5),32,4096,4096,16x64x64_w4,OK,ms=0.813,tflops=1.32,gbps=12.9,maxabs=1.127e+02,p99=5.340e+00,rel=2.672e-04
INT4,BITSHIFT,LogN(0,1.5),32,4096,4096,16x64x64_w4,OK,ms=0.804,tflops=1.34,gbps=13.0,maxabs=1.857e+02,p99=3.925e+00,rel=2.185e-04
INT4,LUT,LogN(0,1.5),32,4096,4096,16x128x32_w8,OK,ms=0.815,tflops=1.32,gbps=12.9,maxabs=1.127e+02,p99=5.340e+00,rel=2.672e-04
INT4,BITSHIFT,LogN(0,1.5),32,4096,4096,16x128x32_w8,OK,ms=0.814,tflops=1.32,gbps=12.9,maxabs=1.857e+02,p99=3.925e+00,rel=2.185e-04
INT4,LUT,LogN(0,1.5),32,4096,4096,16x128x64_w8,OK,ms=0.855,tflops=1.26,gbps=12.3,maxabs=1.127e+02,p99=5.340e+00,rel=2.672e-04
INT4,BITSHIFT,LogN(0,1.5),32,4096,4096,16x128x64_w8,OK,ms=0.819,tflops=1.31,gbps=12.8,maxabs=1.857e+02,p99=3.925e+00,rel=2.185e-04
INT4,LUT,LogN(0,1.5),64,4096,4096,16x64x32_w4,OK,ms=0.812,tflops=2.64,gbps=14.2,maxabs=1.145e+02,p99=5.478e+00,rel=2.692e-04
INT4,BITSHIFT,LogN(0,1.5),64,4096,4096,16x64x32_w4,OK,ms=0.985,tflops=2.18,gbps=11.7,maxabs=1.857e+02,p99=4.155e+00,rel=2.226e-04
INT4,LUT,LogN(0,1.5),64,4096,4096,16x64x64_w4,OK,ms=0.881,tflops=2.44,gbps=13.1,maxabs=1.145e+02,p99=5.478e+00,rel=2.692e-04
INT4,BITSHIFT,LogN(0,1.5),64,4096,4096,16x64x64_w4,OK,ms=1.181,tflops=1.82,gbps=9.8,maxabs=1.857e+02,p99=4.155e+00,rel=2.226e-04
INT4,LUT,LogN(0,1.5),64,4096,4096,16x128x32_w8,OK,ms=0.828,tflops=2.59,gbps=13.9,maxabs=1.145e+02,p99=5.478e+00,rel=2.692e-04
INT4,BITSHIFT,LogN(0,1.5),64,4096,4096,16x128x32_w8,OK,ms=1.024,tflops=2.10,gbps=11.3,maxabs=1.857e+02,p99=4.155e+00,rel=2.226e-04
INT4,LUT,LogN(0,1.5),64,4096,4096,16x128x64_w8,OK,ms=0.866,tflops=2.48,gbps=13.3,maxabs=1.145e+02,p99=5.478e+00,rel=2.692e-04
INT4,BITSHIFT,LogN(0,1.5),64,4096,4096,16x128x64_w8,OK,ms=1.220,tflops=1.76,gbps=9.5,maxabs=1.857e+02,p99=4.155e+00,rel=2.226e-04
INT4,LUT,LogN(0,1.5),1,7168,7168,16x64x32_w4,OK,ms=1.358,tflops=0.08,gbps=21.3,maxabs=3.630e+01,p99=6.493e+00,rel=2.796e-04
INT4,BITSHIFT,LogN(0,1.5),1,7168,7168,16x64x32_w4,OK,ms=0.885,tflops=0.12,gbps=32.7,maxabs=3.709e+01,p99=5.076e+00,rel=2.218e-04
INT4,LUT,LogN(0,1.5),1,7168,7168,16x64x64_w4,OK,ms=1.472,tflops=0.07,gbps=19.7,maxabs=3.630e+01,p99=6.493e+00,rel=2.796e-04
INT4,BITSHIFT,LogN(0,1.5),1,7168,7168,16x64x64_w4,OK,ms=1.000,tflops=0.10,gbps=28.9,maxabs=3.709e+01,p99=5.076e+00,rel=2.218e-04
INT4,LUT,LogN(0,1.5),1,7168,7168,16x128x32_w8,OK,ms=1.361,tflops=0.08,gbps=21.3,maxabs=3.630e+01,p99=6.493e+00,rel=2.796e-04
INT4,BITSHIFT,LogN(0,1.5),1,7168,7168,16x128x32_w8,OK,ms=0.926,tflops=0.11,gbps=31.3,maxabs=3.709e+01,p99=5.076e+00,rel=2.218e-04
INT4,LUT,LogN(0,1.5),1,7168,7168,16x128x64_w8,OK,ms=1.512,tflops=0.07,gbps=19.2,maxabs=3.630e+01,p99=6.493e+00,rel=2.796e-04
INT4,BITSHIFT,LogN(0,1.5),1,7168,7168,16x128x64_w8,OK,ms=1.028,tflops=0.10,gbps=28.2,maxabs=3.709e+01,p99=5.076e+00,rel=2.218e-04
INT4,LUT,LogN(0,1.5),4,7168,7168,16x64x32_w4,OK,ms=1.341,tflops=0.31,gbps=21.7,maxabs=9.956e+01,p99=6.400e+00,rel=2.711e-04
INT4,BITSHIFT,LogN(0,1.5),4,7168,7168,16x64x32_w4,OK,ms=0.957,tflops=0.43,gbps=30.4,maxabs=3.825e+01,p99=4.781e+00,rel=2.188e-04
INT4,LUT,LogN(0,1.5),4,7168,7168,16x64x64_w4,OK,ms=1.485,tflops=0.28,gbps=19.6,maxabs=9.956e+01,p99=6.400e+00,rel=2.711e-04
INT4,BITSHIFT,LogN(0,1.5),4,7168,7168,16x64x64_w4,OK,ms=1.089,tflops=0.38,gbps=26.8,maxabs=3.825e+01,p99=4.781e+00,rel=2.188e-04
INT4,LUT,LogN(0,1.5),4,7168,7168,16x128x32_w8,OK,ms=1.351,tflops=0.30,gbps=21.6,maxabs=9.956e+01,p99=6.400e+00,rel=2.711e-04
INT4,BITSHIFT,LogN(0,1.5),4,7168,7168,16x128x32_w8,OK,ms=0.988,tflops=0.42,gbps=29.5,maxabs=3.825e+01,p99=4.781e+00,rel=2.188e-04
INT4,LUT,LogN(0,1.5),4,7168,7168,16x128x64_w8,OK,ms=1.526,tflops=0.27,gbps=19.1,maxabs=9.956e+01,p99=6.400e+00,rel=2.711e-04
INT4,BITSHIFT,LogN(0,1.5),4,7168,7168,16x128x64_w8,OK,ms=1.096,tflops=0.38,gbps=26.6,maxabs=3.825e+01,p99=4.781e+00,rel=2.188e-04
INT4,LUT,LogN(0,1.5),8,7168,7168,16x64x32_w4,OK,ms=1.335,tflops=0.62,gbps=22.0,maxabs=2.236e+02,p99=6.615e+00,rel=2.701e-04
INT4,BITSHIFT,LogN(0,1.5),8,7168,7168,16x64x32_w4,OK,ms=1.079,tflops=0.76,gbps=27.2,maxabs=1.120e+02,p99=4.873e+00,rel=2.129e-04
INT4,LUT,LogN(0,1.5),8,7168,7168,16x64x64_w4,OK,ms=1.481,tflops=0.56,gbps=19.8,maxabs=2.236e+02,p99=6.615e+00,rel=2.701e-04
INT4,BITSHIFT,LogN(0,1.5),8,7168,7168,16x64x64_w4,OK,ms=1.202,tflops=0.68,gbps=24.4,maxabs=1.120e+02,p99=4.873e+00,rel=2.129e-04
INT4,LUT,LogN(0,1.5),8,7168,7168,16x128x32_w8,OK,ms=1.399,tflops=0.59,gbps=21.0,maxabs=2.236e+02,p99=6.615e+00,rel=2.701e-04
INT4,BITSHIFT,LogN(0,1.5),8,7168,7168,16x128x32_w8,OK,ms=1.119,tflops=0.73,gbps=26.2,maxabs=1.120e+02,p99=4.873e+00,rel=2.129e-04
INT4,LUT,LogN(0,1.5),8,7168,7168,16x128x64_w8,OK,ms=1.529,tflops=0.54,gbps=19.2,maxabs=2.236e+02,p99=6.615e+00,rel=2.701e-04
INT4,BITSHIFT,LogN(0,1.5),8,7168,7168,16x128x64_w8,OK,ms=1.205,tflops=0.68,gbps=24.4,maxabs=1.120e+02,p99=4.873e+00,rel=2.129e-04
INT4,LUT,LogN(0,1.5),16,7168,7168,16x64x32_w4,OK,ms=1.392,tflops=1.18,gbps=21.4,maxabs=2.236e+02,p99=7.086e+00,rel=2.720e-04
INT4,BITSHIFT,LogN(0,1.5),16,7168,7168,16x64x32_w4,OK,ms=1.317,tflops=1.25,gbps=22.6,maxabs=1.119e+02,p99=5.157e+00,rel=2.159e-04
INT4,LUT,LogN(0,1.5),16,7168,7168,16x64x64_w4,OK,ms=1.505,tflops=1.09,gbps=19.8,maxabs=2.236e+02,p99=7.086e+00,rel=2.720e-04
INT4,BITSHIFT,LogN(0,1.5),16,7168,7168,16x64x64_w4,OK,ms=1.432,tflops=1.15,gbps=20.8,maxabs=1.119e+02,p99=5.157e+00,rel=2.159e-04
INT4,LUT,LogN(0,1.5),16,7168,7168,16x128x32_w8,OK,ms=1.434,tflops=1.15,gbps=20.8,maxabs=2.236e+02,p99=7.086e+00,rel=2.720e-04
INT4,BITSHIFT,LogN(0,1.5),16,7168,7168,16x128x32_w8,OK,ms=1.431,tflops=1.15,gbps=20.8,maxabs=1.119e+02,p99=5.157e+00,rel=2.159e-04
INT4,LUT,LogN(0,1.5),16,7168,7168,16x128x64_w8,OK,ms=1.536,tflops=1.07,gbps=19.4,maxabs=2.236e+02,p99=7.086e+00,rel=2.720e-04
INT4,BITSHIFT,LogN(0,1.5),16,7168,7168,16x128x64_w8,OK,ms=1.430,tflops=1.15,gbps=20.9,maxabs=1.119e+02,p99=5.157e+00,rel=2.159e-04
INT4,LUT,LogN(0,1.5),32,7168,7168,16x64x32_w4,OK,ms=1.422,tflops=2.31,gbps=21.6,maxabs=2.234e+02,p99=7.319e+00,rel=2.724e-04
INT4,BITSHIFT,LogN(0,1.5),32,7168,7168,16x64x32_w4,OK,ms=1.476,tflops=2.23,gbps=20.8,maxabs=1.118e+02,p99=5.516e+00,rel=2.223e-04
INT4,LUT,LogN(0,1.5),32,7168,7168,16x64x64_w4,OK,ms=1.564,tflops=2.10,gbps=19.6,maxabs=2.234e+02,p99=7.319e+00,rel=2.724e-04
INT4,BITSHIFT,LogN(0,1.5),32,7168,7168,16x64x64_w4,OK,ms=1.721,tflops=1.91,gbps=17.9,maxabs=1.118e+02,p99=5.516e+00,rel=2.223e-04
INT4,LUT,LogN(0,1.5),32,7168,7168,16x128x32_w8,OK,ms=1.493,tflops=2.20,gbps=20.6,maxabs=2.234e+02,p99=7.319e+00,rel=2.724e-04
INT4,BITSHIFT,LogN(0,1.5),32,7168,7168,16x128x32_w8,OK,ms=1.778,tflops=1.85,gbps=17.3,maxabs=1.118e+02,p99=5.516e+00,rel=2.223e-04
INT4,LUT,LogN(0,1.5),32,7168,7168,16x128x64_w8,OK,ms=1.649,tflops=1.99,gbps=18.6,maxabs=2.234e+02,p99=7.319e+00,rel=2.724e-04
INT4,BITSHIFT,LogN(0,1.5),32,7168,7168,16x128x64_w8,OK,ms=2.125,tflops=1.55,gbps=14.5,maxabs=1.118e+02,p99=5.516e+00,rel=2.223e-04
INT4,LUT,LogN(0,1.5),64,7168,7168,16x64x32_w4,OK,ms=1.568,tflops=4.19,gbps=20.8,maxabs=2.236e+02,p99=7.181e+00,rel=2.746e-04
INT4,BITSHIFT,LogN(0,1.5),64,7168,7168,16x64x32_w4,OK,ms=2.229,tflops=2.95,gbps=14.6,maxabs=1.120e+02,p99=5.489e+00,rel=2.245e-04
INT4,LUT,LogN(0,1.5),64,7168,7168,16x64x64_w4,OK,ms=1.777,tflops=3.70,gbps=18.3,maxabs=2.236e+02,p99=7.181e+00,rel=2.746e-04
INT4,BITSHIFT,LogN(0,1.5),64,7168,7168,16x64x64_w4,OK,ms=2.671,tflops=2.46,gbps=12.2,maxabs=1.120e+02,p99=5.489e+00,rel=2.245e-04
INT4,LUT,LogN(0,1.5),64,7168,7168,16x128x32_w8,OK,ms=1.613,tflops=4.08,gbps=20.2,maxabs=2.236e+02,p99=7.181e+00,rel=2.746e-04
INT4,BITSHIFT,LogN(0,1.5),64,7168,7168,16x128x32_w8,OK,ms=2.297,tflops=2.86,gbps=14.2,maxabs=1.120e+02,p99=5.489e+00,rel=2.245e-04
INT4,LUT,LogN(0,1.5),64,7168,7168,16x128x64_w8,OK,ms=1.875,tflops=3.51,gbps=17.4,maxabs=2.236e+02,p99=7.181e+00,rel=2.746e-04
INT4,BITSHIFT,LogN(0,1.5),64,7168,7168,16x128x64_w8,OK,ms=2.774,tflops=2.37,gbps=11.7,maxabs=1.120e+02,p99=5.489e+00,rel=2.245e-04
MXFP4,LUT,LogN(0,1.5),1,4096,4096,16x64x32_w4,OK,ms=0.677,tflops=0.05,gbps=13.2,maxabs=8.738e+00,p99=2.776e+00,rel=1.914e-04
MXFP4,BITSHIFT,LogN(0,1.5),1,4096,4096,16x64x32_w4,SKIP,path-B FP4 not implemented yet
MXFP4,LUT,LogN(0,1.5),1,4096,4096,16x64x64_w4,OK,ms=0.852,tflops=0.04,gbps=10.5,maxabs=8.738e+00,p99=2.776e+00,rel=1.914e-04
MXFP4,BITSHIFT,LogN(0,1.5),1,4096,4096,16x64x64_w4,SKIP,path-B FP4 not implemented yet
MXFP4,LUT,LogN(0,1.5),1,4096,4096,16x128x32_w8,OK,ms=0.732,tflops=0.05,gbps=12.2,maxabs=8.738e+00,p99=2.776e+00,rel=1.914e-04
MXFP4,BITSHIFT,LogN(0,1.5),1,4096,4096,16x128x32_w8,SKIP,path-B FP4 not implemented yet
MXFP4,LUT,LogN(0,1.5),1,4096,4096,16x128x64_w8,OK,ms=0.933,tflops=0.04,gbps=9.6,maxabs=8.738e+00,p99=2.776e+00,rel=1.914e-04
MXFP4,BITSHIFT,LogN(0,1.5),1,4096,4096,16x128x64_w8,SKIP,path-B FP4 not implemented yet
MXFP4,LUT,LogN(0,1.5),4,4096,4096,16x64x32_w4,OK,ms=0.655,tflops=0.21,gbps=13.8,maxabs=2.229e+01,p99=3.235e+00,rel=2.005e-04
MXFP4,BITSHIFT,LogN(0,1.5),4,4096,4096,16x64x32_w4,SKIP,path-B FP4 not implemented yet
MXFP4,LUT,LogN(0,1.5),4,4096,4096,16x64x64_w4,OK,ms=0.860,tflops=0.16,gbps=10.5,maxabs=2.229e+01,p99=3.235e+00,rel=2.005e-04
MXFP4,BITSHIFT,LogN(0,1.5),4,4096,4096,16x64x64_w4,SKIP,path-B FP4 not implemented yet
MXFP4,LUT,LogN(0,1.5),4,4096,4096,16x128x32_w8,OK,ms=0.734,tflops=0.18,gbps=12.3,maxabs=2.229e+01,p99=3.235e+00,rel=2.005e-04
MXFP4,BITSHIFT,LogN(0,1.5),4,4096,4096,16x128x32_w8,SKIP,path-B FP4 not implemented yet
MXFP4,LUT,LogN(0,1.5),4,4096,4096,16x128x64_w8,OK,ms=0.940,tflops=0.14,gbps=9.6,maxabs=2.229e+01,p99=3.235e+00,rel=2.005e-04
MXFP4,BITSHIFT,LogN(0,1.5),4,4096,4096,16x128x64_w8,SKIP,path-B FP4 not implemented yet
MXFP4,LUT,LogN(0,1.5),8,4096,4096,16x64x32_w4,OK,ms=0.659,tflops=0.41,gbps=13.9,maxabs=2.229e+01,p99=3.166e+00,rel=1.976e-04
MXFP4,BITSHIFT,LogN(0,1.5),8,4096,4096,16x64x32_w4,SKIP,path-B FP4 not implemented yet
MXFP4,LUT,LogN(0,1.5),8,4096,4096,16x64x64_w4,OK,ms=0.862,tflops=0.31,gbps=10.6,maxabs=2.229e+01,p99=3.166e+00,rel=1.976e-04
MXFP4,BITSHIFT,LogN(0,1.5),8,4096,4096,16x64x64_w4,SKIP,path-B FP4 not implemented yet
MXFP4,LUT,LogN(0,1.5),8,4096,4096,16x128x32_w8,OK,ms=0.755,tflops=0.36,gbps=12.1,maxabs=2.229e+01,p99=3.166e+00,rel=1.976e-04
MXFP4,BITSHIFT,LogN(0,1.5),8,4096,4096,16x128x32_w8,SKIP,path-B FP4 not implemented yet
MXFP4,LUT,LogN(0,1.5),8,4096,4096,16x128x64_w8,OK,ms=0.942,tflops=0.28,gbps=9.7,maxabs=2.229e+01,p99=3.166e+00,rel=1.976e-04
MXFP4,BITSHIFT,LogN(0,1.5),8,4096,4096,16x128x64_w8,SKIP,path-B FP4 not implemented yet
MXFP4,LUT,LogN(0,1.5),16,4096,4096,16x64x32_w4,OK,ms=0.669,tflops=0.80,gbps=14.1,maxabs=4.098e+01,p99=3.274e+00,rel=1.988e-04
MXFP4,BITSHIFT,LogN(0,1.5),16,4096,4096,16x64x32_w4,SKIP,path-B FP4 not implemented yet
MXFP4,LUT,LogN(0,1.5),16,4096,4096,16x64x64_w4,OK,ms=0.868,tflops=0.62,gbps=10.9,maxabs=4.098e+01,p99=3.274e+00,rel=1.988e-04
MXFP4,BITSHIFT,LogN(0,1.5),16,4096,4096,16x64x64_w4,SKIP,path-B FP4 not implemented yet
MXFP4,LUT,LogN(0,1.5),16,4096,4096,16x128x32_w8,OK,ms=0.785,tflops=0.68,gbps=12.0,maxabs=4.098e+01,p99=3.274e+00,rel=1.988e-04
MXFP4,BITSHIFT,LogN(0,1.5),16,4096,4096,16x128x32_w8,SKIP,path-B FP4 not implemented yet
MXFP4,LUT,LogN(0,1.5),16,4096,4096,16x128x64_w8,OK,ms=0.945,tflops=0.57,gbps=10.0,maxabs=4.098e+01,p99=3.274e+00,rel=1.988e-04
MXFP4,BITSHIFT,LogN(0,1.5),16,4096,4096,16x128x64_w8,SKIP,path-B FP4 not implemented yet
MXFP4,LUT,LogN(0,1.5),32,4096,4096,16x64x32_w4,OK,ms=0.722,tflops=1.49,gbps=13.8,maxabs=1.679e+02,p99=3.443e+00,rel=1.965e-04
MXFP4,BITSHIFT,LogN(0,1.5),32,4096,4096,16x64x32_w4,SKIP,path-B FP4 not implemented yet
MXFP4,LUT,LogN(0,1.5),32,4096,4096,16x64x64_w4,OK,ms=0.895,tflops=1.20,gbps=11.1,maxabs=1.679e+02,p99=3.443e+00,rel=1.965e-04
MXFP4,BITSHIFT,LogN(0,1.5),32,4096,4096,16x64x64_w4,SKIP,path-B FP4 not implemented yet
MXFP4,LUT,LogN(0,1.5),32,4096,4096,16x128x32_w8,OK,ms=0.771,tflops=1.39,gbps=12.9,maxabs=1.679e+02,p99=3.443e+00,rel=1.965e-04
MXFP4,BITSHIFT,LogN(0,1.5),32,4096,4096,16x128x32_w8,SKIP,path-B FP4 not implemented yet
MXFP4,LUT,LogN(0,1.5),32,4096,4096,16x128x64_w8,OK,ms=0.932,tflops=1.15,gbps=10.7,maxabs=1.679e+02,p99=3.443e+00,rel=1.965e-04
MXFP4,BITSHIFT,LogN(0,1.5),32,4096,4096,16x128x64_w8,SKIP,path-B FP4 not implemented yet
MXFP4,LUT,LogN(0,1.5),64,4096,4096,16x64x32_w4,OK,ms=0.802,tflops=2.68,gbps=13.7,maxabs=1.679e+02,p99=3.592e+00,rel=1.993e-04
MXFP4,BITSHIFT,LogN(0,1.5),64,4096,4096,16x64x32_w4,SKIP,path-B FP4 not implemented yet
MXFP4,LUT,LogN(0,1.5),64,4096,4096,16x64x64_w4,OK,ms=0.954,tflops=2.25,gbps=11.5,maxabs=1.679e+02,p99=3.592e+00,rel=1.993e-04
MXFP4,BITSHIFT,LogN(0,1.5),64,4096,4096,16x64x64_w4,SKIP,path-B FP4 not implemented yet
MXFP4,LUT,LogN(0,1.5),64,4096,4096,16x128x32_w8,OK,ms=0.829,tflops=2.59,gbps=13.3,maxabs=1.679e+02,p99=3.592e+00,rel=1.993e-04
MXFP4,BITSHIFT,LogN(0,1.5),64,4096,4096,16x128x32_w8,SKIP,path-B FP4 not implemented yet
MXFP4,LUT,LogN(0,1.5),64,4096,4096,16x128x64_w8,OK,ms=0.947,tflops=2.27,gbps=11.6,maxabs=1.679e+02,p99=3.592e+00,rel=1.993e-04
MXFP4,BITSHIFT,LogN(0,1.5),64,4096,4096,16x128x64_w8,SKIP,path-B FP4 not implemented yet
MXFP4,LUT,LogN(0,1.5),1,7168,7168,16x64x32_w4,OK,ms=1.389,tflops=0.07,gbps=19.7,maxabs=3.739e+01,p99=4.779e+00,rel=2.108e-04
MXFP4,BITSHIFT,LogN(0,1.5),1,7168,7168,16x64x32_w4,SKIP,path-B FP4 not implemented yet
MXFP4,LUT,LogN(0,1.5),1,7168,7168,16x64x64_w4,OK,ms=1.851,tflops=0.06,gbps=14.8,maxabs=3.739e+01,p99=4.779e+00,rel=2.108e-04
MXFP4,BITSHIFT,LogN(0,1.5),1,7168,7168,16x64x64_w4,SKIP,path-B FP4 not implemented yet
MXFP4,LUT,LogN(0,1.5),1,7168,7168,16x128x32_w8,OK,ms=1.405,tflops=0.07,gbps=19.5,maxabs=3.739e+01,p99=4.779e+00,rel=2.108e-04
MXFP4,BITSHIFT,LogN(0,1.5),1,7168,7168,16x128x32_w8,SKIP,path-B FP4 not implemented yet
MXFP4,LUT,LogN(0,1.5),1,7168,7168,16x128x64_w8,OK,ms=1.901,tflops=0.05,gbps=14.4,maxabs=3.739e+01,p99=4.779e+00,rel=2.108e-04
MXFP4,BITSHIFT,LogN(0,1.5),1,7168,7168,16x128x64_w8,SKIP,path-B FP4 not implemented yet
MXFP4,LUT,LogN(0,1.5),4,7168,7168,16x64x32_w4,OK,ms=1.407,tflops=0.29,gbps=19.6,maxabs=3.822e+01,p99=4.223e+00,rel=1.991e-04
MXFP4,BITSHIFT,LogN(0,1.5),4,7168,7168,16x64x32_w4,SKIP,path-B FP4 not implemented yet
MXFP4,LUT,LogN(0,1.5),4,7168,7168,16x64x64_w4,OK,ms=1.856,tflops=0.22,gbps=14.8,maxabs=3.822e+01,p99=4.223e+00,rel=1.991e-04
MXFP4,BITSHIFT,LogN(0,1.5),4,7168,7168,16x64x64_w4,SKIP,path-B FP4 not implemented yet
MXFP4,LUT,LogN(0,1.5),4,7168,7168,16x128x32_w8,OK,ms=1.418,tflops=0.29,gbps=19.4,maxabs=3.822e+01,p99=4.223e+00,rel=1.991e-04
MXFP4,BITSHIFT,LogN(0,1.5),4,7168,7168,16x128x32_w8,SKIP,path-B FP4 not implemented yet
MXFP4,LUT,LogN(0,1.5),4,7168,7168,16x128x64_w8,OK,ms=1.912,tflops=0.21,gbps=14.4,maxabs=3.822e+01,p99=4.223e+00,rel=1.991e-04
MXFP4,BITSHIFT,LogN(0,1.5),4,7168,7168,16x128x64_w8,SKIP,path-B FP4 not implemented yet
MXFP4,LUT,LogN(0,1.5),8,7168,7168,16x64x32_w4,OK,ms=1.417,tflops=0.58,gbps=19.6,maxabs=1.079e+02,p99=4.385e+00,rel=1.969e-04
MXFP4,BITSHIFT,LogN(0,1.5),8,7168,7168,16x64x32_w4,SKIP,path-B FP4 not implemented yet
MXFP4,LUT,LogN(0,1.5),8,7168,7168,16x64x64_w4,OK,ms=1.859,tflops=0.44,gbps=14.9,maxabs=1.079e+02,p99=4.385e+00,rel=1.969e-04
MXFP4,BITSHIFT,LogN(0,1.5),8,7168,7168,16x64x64_w4,SKIP,path-B FP4 not implemented yet
MXFP4,LUT,LogN(0,1.5),8,7168,7168,16x128x32_w8,OK,ms=1.453,tflops=0.57,gbps=19.1,maxabs=1.079e+02,p99=4.385e+00,rel=1.969e-04
MXFP4,BITSHIFT,LogN(0,1.5),8,7168,7168,16x128x32_w8,SKIP,path-B FP4 not implemented yet
MXFP4,LUT,LogN(0,1.5),8,7168,7168,16x128x64_w8,OK,ms=1.915,tflops=0.43,gbps=14.5,maxabs=1.079e+02,p99=4.385e+00,rel=1.969e-04
MXFP4,BITSHIFT,LogN(0,1.5),8,7168,7168,16x128x64_w8,SKIP,path-B FP4 not implemented yet
MXFP4,LUT,LogN(0,1.5),16,7168,7168,16x64x32_w4,OK,ms=1.434,tflops=1.15,gbps=19.7,maxabs=1.080e+02,p99=4.631e+00,rel=1.996e-04
MXFP4,BITSHIFT,LogN(0,1.5),16,7168,7168,16x64x32_w4,SKIP,path-B FP4 not implemented yet
MXFP4,LUT,LogN(0,1.5),16,7168,7168,16x64x64_w4,OK,ms=1.874,tflops=0.88,gbps=15.1,maxabs=1.080e+02,p99=4.631e+00,rel=1.996e-04
MXFP4,BITSHIFT,LogN(0,1.5),16,7168,7168,16x64x64_w4,SKIP,path-B FP4 not implemented yet
MXFP4,LUT,LogN(0,1.5),16,7168,7168,16x128x32_w8,OK,ms=1.500,tflops=1.10,gbps=18.8,maxabs=1.080e+02,p99=4.631e+00,rel=1.996e-04
MXFP4,BITSHIFT,LogN(0,1.5),16,7168,7168,16x128x32_w8,SKIP,path-B FP4 not implemented yet
MXFP4,LUT,LogN(0,1.5),16,7168,7168,16x128x64_w8,OK,ms=1.920,tflops=0.86,gbps=14.7,maxabs=1.080e+02,p99=4.631e+00,rel=1.996e-04
MXFP4,BITSHIFT,LogN(0,1.5),16,7168,7168,16x128x64_w8,SKIP,path-B FP4 not implemented yet
MXFP4,LUT,LogN(0,1.5),32,7168,7168,16x64x32_w4,OK,ms=1.576,tflops=2.09,gbps=18.5,maxabs=1.081e+02,p99=4.804e+00,rel=2.000e-04
MXFP4,BITSHIFT,LogN(0,1.5),32,7168,7168,16x64x32_w4,SKIP,path-B FP4 not implemented yet
MXFP4,LUT,LogN(0,1.5),32,7168,7168,16x64x64_w4,OK,ms=1.901,tflops=1.73,gbps=15.3,maxabs=1.081e+02,p99=4.804e+00,rel=2.000e-04
MXFP4,BITSHIFT,LogN(0,1.5),32,7168,7168,16x64x64_w4,SKIP,path-B FP4 not implemented yet
MXFP4,LUT,LogN(0,1.5),32,7168,7168,16x128x32_w8,OK,ms=1.707,tflops=1.93,gbps=17.1,maxabs=1.081e+02,p99=4.804e+00,rel=2.000e-04
MXFP4,BITSHIFT,LogN(0,1.5),32,7168,7168,16x128x32_w8,SKIP,path-B FP4 not implemented yet
MXFP4,LUT,LogN(0,1.5),32,7168,7168,16x128x64_w8,OK,ms=2.016,tflops=1.63,gbps=14.4,maxabs=1.081e+02,p99=4.804e+00,rel=2.000e-04
MXFP4,BITSHIFT,LogN(0,1.5),32,7168,7168,16x128x64_w8,SKIP,path-B FP4 not implemented yet
MXFP4,LUT,LogN(0,1.5),64,7168,7168,16x64x32_w4,OK,ms=1.810,tflops=3.63,gbps=17.1,maxabs=1.080e+02,p99=4.829e+00,rel=2.036e-04
MXFP4,BITSHIFT,LogN(0,1.5),64,7168,7168,16x64x32_w4,SKIP,path-B FP4 not implemented yet
MXFP4,LUT,LogN(0,1.5),64,7168,7168,16x64x64_w4,OK,ms=2.135,tflops=3.08,gbps=14.5,maxabs=1.080e+02,p99=4.829e+00,rel=2.036e-04
MXFP4,BITSHIFT,LogN(0,1.5),64,7168,7168,16x64x64_w4,SKIP,path-B FP4 not implemented yet
MXFP4,LUT,LogN(0,1.5),64,7168,7168,16x128x32_w8,OK,ms=1.868,tflops=3.52,gbps=16.6,maxabs=1.080e+02,p99=4.829e+00,rel=2.036e-04
MXFP4,BITSHIFT,LogN(0,1.5),64,7168,7168,16x128x32_w8,SKIP,path-B FP4 not implemented yet
MXFP4,LUT,LogN(0,1.5),64,7168,7168,16x128x64_w8,OK,ms=2.225,tflops=2.96,gbps=13.9,maxabs=1.080e+02,p99=4.829e+00,rel=2.036e-04
MXFP4,BITSHIFT,LogN(0,1.5),64,7168,7168,16x128x64_w8,SKIP,path-B FP4 not implemented yet
F8_E4M3_B128,LUT,LogN(0,1.5),1,4096,4096,16x64x32_w4,OK,ms=1.249,tflops=0.03,gbps=13.6,maxabs=7.207e+00,p99=2.619e+00,rel=1.907e-04
F8_E4M3_B128,BITSHIFT,LogN(0,1.5),1,4096,4096,16x64x32_w4,SKIP,path-B FP8 not implemented yet
F8_E4M3_B128,LUT,LogN(0,1.5),1,4096,4096,16x64x64_w4,OK,ms=1.241,tflops=0.03,gbps=13.6,maxabs=7.207e+00,p99=2.619e+00,rel=1.907e-04
F8_E4M3_B128,BITSHIFT,LogN(0,1.5),1,4096,4096,16x64x64_w4,SKIP,path-B FP8 not implemented yet
F8_E4M3_B128,LUT,LogN(0,1.5),1,4096,4096,16x128x32_w8,OK,ms=1.295,tflops=0.03,gbps=13.1,maxabs=7.207e+00,p99=2.619e+00,rel=1.907e-04
F8_E4M3_B128,BITSHIFT,LogN(0,1.5),1,4096,4096,16x128x32_w8,SKIP,path-B FP8 not implemented yet
F8_E4M3_B128,LUT,LogN(0,1.5),1,4096,4096,16x128x64_w8,OK,ms=1.329,tflops=0.03,gbps=12.7,maxabs=7.207e+00,p99=2.619e+00,rel=1.907e-04
F8_E4M3_B128,BITSHIFT,LogN(0,1.5),1,4096,4096,16x128x64_w8,SKIP,path-B FP8 not implemented yet
F8_E4M3_B128,LUT,LogN(0,1.5),4,4096,4096,16x64x32_w4,OK,ms=1.241,tflops=0.11,gbps=13.7,maxabs=1.870e+01,p99=3.305e+00,rel=2.002e-04
F8_E4M3_B128,BITSHIFT,LogN(0,1.5),4,4096,4096,16x64x32_w4,SKIP,path-B FP8 not implemented yet
F8_E4M3_B128,LUT,LogN(0,1.5),4,4096,4096,16x64x64_w4,OK,ms=1.247,tflops=0.11,gbps=13.7,maxabs=1.870e+01,p99=3.305e+00,rel=2.002e-04
F8_E4M3_B128,BITSHIFT,LogN(0,1.5),4,4096,4096,16x64x64_w4,SKIP,path-B FP8 not implemented yet
F8_E4M3_B128,LUT,LogN(0,1.5),4,4096,4096,16x128x32_w8,OK,ms=1.295,tflops=0.10,gbps=13.2,maxabs=1.870e+01,p99=3.305e+00,rel=2.002e-04
F8_E4M3_B128,BITSHIFT,LogN(0,1.5),4,4096,4096,16x128x32_w8,SKIP,path-B FP8 not implemented yet
F8_E4M3_B128,LUT,LogN(0,1.5),4,4096,4096,16x128x64_w8,OK,ms=1.338,tflops=0.10,gbps=12.7,maxabs=1.870e+01,p99=3.305e+00,rel=2.002e-04
F8_E4M3_B128,BITSHIFT,LogN(0,1.5),4,4096,4096,16x128x64_w8,SKIP,path-B FP8 not implemented yet
F8_E4M3_B128,LUT,LogN(0,1.5),8,4096,4096,16x64x32_w4,OK,ms=1.240,tflops=0.22,gbps=13.8,maxabs=2.416e+01,p99=3.172e+00,rel=1.973e-04
F8_E4M3_B128,BITSHIFT,LogN(0,1.5),8,4096,4096,16x64x32_w4,SKIP,path-B FP8 not implemented yet
F8_E4M3_B128,LUT,LogN(0,1.5),8,4096,4096,16x64x64_w4,OK,ms=1.248,tflops=0.22,gbps=13.8,maxabs=2.416e+01,p99=3.172e+00,rel=1.973e-04
F8_E4M3_B128,BITSHIFT,LogN(0,1.5),8,4096,4096,16x64x64_w4,SKIP,path-B FP8 not implemented yet
F8_E4M3_B128,LUT,LogN(0,1.5),8,4096,4096,16x128x32_w8,OK,ms=1.317,tflops=0.20,gbps=13.0,maxabs=2.416e+01,p99=3.172e+00,rel=1.973e-04
F8_E4M3_B128,BITSHIFT,LogN(0,1.5),8,4096,4096,16x128x32_w8,SKIP,path-B FP8 not implemented yet
F8_E4M3_B128,LUT,LogN(0,1.5),8,4096,4096,16x128x64_w8,OK,ms=1.337,tflops=0.20,gbps=12.8,maxabs=2.416e+01,p99=3.172e+00,rel=1.973e-04
F8_E4M3_B128,BITSHIFT,LogN(0,1.5),8,4096,4096,16x128x64_w8,SKIP,path-B FP8 not implemented yet
F8_E4M3_B128,LUT,LogN(0,1.5),16,4096,4096,16x64x32_w4,OK,ms=1.249,tflops=0.43,gbps=14.0,maxabs=4.052e+01,p99=3.278e+00,rel=1.990e-04
F8_E4M3_B128,BITSHIFT,LogN(0,1.5),16,4096,4096,16x64x32_w4,SKIP,path-B FP8 not implemented yet
F8_E4M3_B128,LUT,LogN(0,1.5),16,4096,4096,16x64x64_w4,OK,ms=1.253,tflops=0.43,gbps=13.9,maxabs=4.052e+01,p99=3.278e+00,rel=1.990e-04
F8_E4M3_B128,BITSHIFT,LogN(0,1.5),16,4096,4096,16x64x64_w4,SKIP,path-B FP8 not implemented yet
F8_E4M3_B128,LUT,LogN(0,1.5),16,4096,4096,16x128x32_w8,OK,ms=1.336,tflops=0.40,gbps=13.0,maxabs=4.052e+01,p99=3.278e+00,rel=1.990e-04
F8_E4M3_B128,BITSHIFT,LogN(0,1.5),16,4096,4096,16x128x32_w8,SKIP,path-B FP8 not implemented yet
F8_E4M3_B128,LUT,LogN(0,1.5),16,4096,4096,16x128x64_w8,OK,ms=1.340,tflops=0.40,gbps=13.0,maxabs=4.052e+01,p99=3.278e+00,rel=1.990e-04
F8_E4M3_B128,BITSHIFT,LogN(0,1.5),16,4096,4096,16x128x64_w8,SKIP,path-B FP8 not implemented yet
F8_E4M3_B128,LUT,LogN(0,1.5),32,4096,4096,16x64x32_w4,OK,ms=1.249,tflops=0.86,gbps=14.4,maxabs=1.460e+02,p99=3.449e+00,rel=1.966e-04
F8_E4M3_B128,BITSHIFT,LogN(0,1.5),32,4096,4096,16x64x32_w4,SKIP,path-B FP8 not implemented yet
F8_E4M3_B128,LUT,LogN(0,1.5),32,4096,4096,16x64x64_w4,OK,ms=1.256,tflops=0.85,gbps=14.3,maxabs=1.460e+02,p99=3.449e+00,rel=1.966e-04
F8_E4M3_B128,BITSHIFT,LogN(0,1.5),32,4096,4096,16x64x64_w4,SKIP,path-B FP8 not implemented yet
F8_E4M3_B128,LUT,LogN(0,1.5),32,4096,4096,16x128x32_w8,OK,ms=1.318,tflops=0.81,gbps=13.6,maxabs=1.460e+02,p99=3.449e+00,rel=1.966e-04
F8_E4M3_B128,BITSHIFT,LogN(0,1.5),32,4096,4096,16x128x32_w8,SKIP,path-B FP8 not implemented yet
F8_E4M3_B128,LUT,LogN(0,1.5),32,4096,4096,16x128x64_w8,OK,ms=1.325,tflops=0.81,gbps=13.6,maxabs=1.460e+02,p99=3.449e+00,rel=1.966e-04
F8_E4M3_B128,BITSHIFT,LogN(0,1.5),32,4096,4096,16x128x64_w8,SKIP,path-B FP8 not implemented yet
F8_E4M3_B128,LUT,LogN(0,1.5),64,4096,4096,16x64x32_w4,OK,ms=1.265,tflops=1.70,gbps=15.0,maxabs=1.460e+02,p99=3.624e+00,rel=1.995e-04
F8_E4M3_B128,BITSHIFT,LogN(0,1.5),64,4096,4096,16x64x32_w4,SKIP,path-B FP8 not implemented yet
F8_E4M3_B128,LUT,LogN(0,1.5),64,4096,4096,16x64x64_w4,OK,ms=1.345,tflops=1.60,gbps=14.1,maxabs=1.460e+02,p99=3.624e+00,rel=1.995e-04
F8_E4M3_B128,BITSHIFT,LogN(0,1.5),64,4096,4096,16x64x64_w4,SKIP,path-B FP8 not implemented yet
F8_E4M3_B128,LUT,LogN(0,1.5),64,4096,4096,16x128x32_w8,OK,ms=1.316,tflops=1.63,gbps=14.4,maxabs=1.460e+02,p99=3.624e+00,rel=1.995e-04
F8_E4M3_B128,BITSHIFT,LogN(0,1.5),64,4096,4096,16x128x32_w8,SKIP,path-B FP8 not implemented yet
F8_E4M3_B128,LUT,LogN(0,1.5),64,4096,4096,16x128x64_w8,OK,ms=1.326,tflops=1.62,gbps=14.3,maxabs=1.460e+02,p99=3.624e+00,rel=1.995e-04
F8_E4M3_B128,BITSHIFT,LogN(0,1.5),64,4096,4096,16x128x64_w8,SKIP,path-B FP8 not implemented yet
F8_E4M3_B128,LUT,LogN(0,1.5),1,7168,7168,16x64x32_w4,OK,ms=2.117,tflops=0.05,gbps=24.5,maxabs=3.482e+01,p99=4.838e+00,rel=2.116e-04
F8_E4M3_B128,BITSHIFT,LogN(0,1.5),1,7168,7168,16x64x32_w4,SKIP,path-B FP8 not implemented yet
F8_E4M3_B128,LUT,LogN(0,1.5),1,7168,7168,16x64x64_w4,OK,ms=2.247,tflops=0.05,gbps=23.1,maxabs=3.482e+01,p99=4.838e+00,rel=2.116e-04
F8_E4M3_B128,BITSHIFT,LogN(0,1.5),1,7168,7168,16x64x64_w4,SKIP,path-B FP8 not implemented yet
F8_E4M3_B128,LUT,LogN(0,1.5),1,7168,7168,16x128x32_w8,OK,ms=2.307,tflops=0.04,gbps=22.5,maxabs=3.482e+01,p99=4.838e+00,rel=2.116e-04
F8_E4M3_B128,BITSHIFT,LogN(0,1.5),1,7168,7168,16x128x32_w8,SKIP,path-B FP8 not implemented yet
F8_E4M3_B128,LUT,LogN(0,1.5),1,7168,7168,16x128x64_w8,OK,ms=2.265,tflops=0.05,gbps=22.9,maxabs=3.482e+01,p99=4.838e+00,rel=2.116e-04
F8_E4M3_B128,BITSHIFT,LogN(0,1.5),1,7168,7168,16x128x64_w8,SKIP,path-B FP8 not implemented yet
F8_E4M3_B128,LUT,LogN(0,1.5),4,7168,7168,16x64x32_w4,OK,ms=2.126,tflops=0.19,gbps=24.5,maxabs=3.482e+01,p99=4.268e+00,rel=1.993e-04
F8_E4M3_B128,BITSHIFT,LogN(0,1.5),4,7168,7168,16x64x32_w4,SKIP,path-B FP8 not implemented yet
F8_E4M3_B128,LUT,LogN(0,1.5),4,7168,7168,16x64x64_w4,OK,ms=2.254,tflops=0.18,gbps=23.1,maxabs=3.482e+01,p99=4.268e+00,rel=1.993e-04
F8_E4M3_B128,BITSHIFT,LogN(0,1.5),4,7168,7168,16x64x64_w4,SKIP,path-B FP8 not implemented yet
F8_E4M3_B128,LUT,LogN(0,1.5),4,7168,7168,16x128x32_w8,OK,ms=2.318,tflops=0.18,gbps=22.4,maxabs=3.482e+01,p99=4.268e+00,rel=1.993e-04
F8_E4M3_B128,BITSHIFT,LogN(0,1.5),4,7168,7168,16x128x32_w8,SKIP,path-B FP8 not implemented yet
F8_E4M3_B128,LUT,LogN(0,1.5),4,7168,7168,16x128x64_w8,OK,ms=2.273,tflops=0.18,gbps=22.9,maxabs=3.482e+01,p99=4.268e+00,rel=1.993e-04
F8_E4M3_B128,BITSHIFT,LogN(0,1.5),4,7168,7168,16x128x64_w8,SKIP,path-B FP8 not implemented yet
F8_E4M3_B128,LUT,LogN(0,1.5),8,7168,7168,16x64x32_w4,OK,ms=2.132,tflops=0.39,gbps=24.5,maxabs=9.462e+01,p99=4.381e+00,rel=1.972e-04
F8_E4M3_B128,BITSHIFT,LogN(0,1.5),8,7168,7168,16x64x32_w4,SKIP,path-B FP8 not implemented yet
F8_E4M3_B128,LUT,LogN(0,1.5),8,7168,7168,16x64x64_w4,OK,ms=2.252,tflops=0.37,gbps=23.2,maxabs=9.462e+01,p99=4.381e+00,rel=1.972e-04
F8_E4M3_B128,BITSHIFT,LogN(0,1.5),8,7168,7168,16x64x64_w4,SKIP,path-B FP8 not implemented yet
F8_E4M3_B128,LUT,LogN(0,1.5),8,7168,7168,16x128x32_w8,OK,ms=2.347,tflops=0.35,gbps=22.3,maxabs=9.462e+01,p99=4.381e+00,rel=1.972e-04
F8_E4M3_B128,BITSHIFT,LogN(0,1.5),8,7168,7168,16x128x32_w8,SKIP,path-B FP8 not implemented yet
F8_E4M3_B128,LUT,LogN(0,1.5),8,7168,7168,16x128x64_w8,OK,ms=2.275,tflops=0.36,gbps=23.0,maxabs=9.462e+01,p99=4.381e+00,rel=1.972e-04
F8_E4M3_B128,BITSHIFT,LogN(0,1.5),8,7168,7168,16x128x64_w8,SKIP,path-B FP8 not implemented yet
F8_E4M3_B128,LUT,LogN(0,1.5),16,7168,7168,16x64x32_w4,OK,ms=2.138,tflops=0.77,gbps=24.6,maxabs=9.466e+01,p99=4.648e+00,rel=1.997e-04
F8_E4M3_B128,BITSHIFT,LogN(0,1.5),16,7168,7168,16x64x32_w4,SKIP,path-B FP8 not implemented yet
F8_E4M3_B128,LUT,LogN(0,1.5),16,7168,7168,16x64x64_w4,OK,ms=2.266,tflops=0.73,gbps=23.3,maxabs=9.466e+01,p99=4.648e+00,rel=1.997e-04
F8_E4M3_B128,BITSHIFT,LogN(0,1.5),16,7168,7168,16x64x64_w4,SKIP,path-B FP8 not implemented yet
F8_E4M3_B128,LUT,LogN(0,1.5),16,7168,7168,16x128x32_w8,OK,ms=2.383,tflops=0.69,gbps=22.1,maxabs=9.466e+01,p99=4.648e+00,rel=1.997e-04
F8_E4M3_B128,BITSHIFT,LogN(0,1.5),16,7168,7168,16x128x32_w8,SKIP,path-B FP8 not implemented yet
F8_E4M3_B128,LUT,LogN(0,1.5),16,7168,7168,16x128x64_w8,OK,ms=2.281,tflops=0.72,gbps=23.1,maxabs=9.466e+01,p99=4.648e+00,rel=1.997e-04
F8_E4M3_B128,BITSHIFT,LogN(0,1.5),16,7168,7168,16x128x64_w8,SKIP,path-B FP8 not implemented yet
F8_E4M3_B128,LUT,LogN(0,1.5),32,7168,7168,16x64x32_w4,OK,ms=2.118,tflops=1.55,gbps=25.3,maxabs=9.444e+01,p99=4.865e+00,rel=2.002e-04
F8_E4M3_B128,BITSHIFT,LogN(0,1.5),32,7168,7168,16x64x32_w4,SKIP,path-B FP8 not implemented yet
F8_E4M3_B128,LUT,LogN(0,1.5),32,7168,7168,16x64x64_w4,OK,ms=2.257,tflops=1.46,gbps=23.8,maxabs=9.444e+01,p99=4.865e+00,rel=2.002e-04
F8_E4M3_B128,BITSHIFT,LogN(0,1.5),32,7168,7168,16x64x64_w4,SKIP,path-B FP8 not implemented yet
F8_E4M3_B128,LUT,LogN(0,1.5),32,7168,7168,16x128x32_w8,OK,ms=2.402,tflops=1.37,gbps=22.3,maxabs=9.444e+01,p99=4.865e+00,rel=2.002e-04
F8_E4M3_B128,BITSHIFT,LogN(0,1.5),32,7168,7168,16x128x32_w8,SKIP,path-B FP8 not implemented yet
F8_E4M3_B128,LUT,LogN(0,1.5),32,7168,7168,16x128x64_w8,OK,ms=2.369,tflops=1.39,gbps=22.6,maxabs=9.444e+01,p99=4.865e+00,rel=2.002e-04
F8_E4M3_B128,BITSHIFT,LogN(0,1.5),32,7168,7168,16x128x64_w8,SKIP,path-B FP8 not implemented yet
F8_E4M3_B128,LUT,LogN(0,1.5),64,7168,7168,16x64x32_w4,OK,ms=2.271,tflops=2.90,gbps=24.4,maxabs=9.466e+01,p99=4.890e+00,rel=2.037e-04
F8_E4M3_B128,BITSHIFT,LogN(0,1.5),64,7168,7168,16x64x32_w4,SKIP,path-B FP8 not implemented yet
F8_E4M3_B128,LUT,LogN(0,1.5),64,7168,7168,16x64x64_w4,OK,ms=2.511,tflops=2.62,gbps=22.1,maxabs=9.466e+01,p99=4.890e+00,rel=2.037e-04
F8_E4M3_B128,BITSHIFT,LogN(0,1.5),64,7168,7168,16x64x64_w4,SKIP,path-B FP8 not implemented yet
F8_E4M3_B128,LUT,LogN(0,1.5),64,7168,7168,16x128x32_w8,OK,ms=2.516,tflops=2.61,gbps=22.0,maxabs=9.466e+01,p99=4.890e+00,rel=2.037e-04
F8_E4M3_B128,BITSHIFT,LogN(0,1.5),64,7168,7168,16x128x32_w8,SKIP,path-B FP8 not implemented yet
F8_E4M3_B128,LUT,LogN(0,1.5),64,7168,7168,16x128x64_w8,OK,ms=2.612,tflops=2.52,gbps=21.2,maxabs=9.466e+01,p99=4.890e+00,rel=2.037e-04
F8_E4M3_B128,BITSHIFT,LogN(0,1.5),64,7168,7168,16x128x64_w8,SKIP,path-B FP8 not implemented yet
INT8,LUT,SparseSpikes,1,4096,4096,16x64x32_w4,OK,ms=0.799,tflops=0.04,gbps=22.3,maxabs=1.087e-01,p99=7.129e-02,rel=2.966e-04
INT8,BITSHIFT,SparseSpikes,1,4096,4096,16x64x32_w4,OK,ms=0.442,tflops=0.08,gbps=40.4,maxabs=7.405e-02,p99=5.155e-02,rel=2.135e-04
INT8,LUT,SparseSpikes,1,4096,4096,16x64x64_w4,OK,ms=0.918,tflops=0.04,gbps=19.5,maxabs=1.087e-01,p99=7.129e-02,rel=2.966e-04
INT8,BITSHIFT,SparseSpikes,1,4096,4096,16x64x64_w4,OK,ms=0.505,tflops=0.07,gbps=35.3,maxabs=7.405e-02,p99=5.155e-02,rel=2.135e-04
INT8,LUT,SparseSpikes,1,4096,4096,16x128x32_w8,OK,ms=0.779,tflops=0.04,gbps=22.9,maxabs=1.087e-01,p99=7.129e-02,rel=2.966e-04
INT8,BITSHIFT,SparseSpikes,1,4096,4096,16x128x32_w8,OK,ms=0.531,tflops=0.06,gbps=33.6,maxabs=7.405e-02,p99=5.155e-02,rel=2.135e-04
INT8,LUT,SparseSpikes,1,4096,4096,16x128x64_w8,OK,ms=1.001,tflops=0.03,gbps=17.8,maxabs=1.087e-01,p99=7.129e-02,rel=2.966e-04
INT8,BITSHIFT,SparseSpikes,1,4096,4096,16x128x64_w8,OK,ms=0.627,tflops=0.05,gbps=28.5,maxabs=7.405e-02,p99=5.155e-02,rel=2.135e-04
INT8,LUT,SparseSpikes,4,4096,4096,16x64x32_w4,OK,ms=0.754,tflops=0.18,gbps=23.8,maxabs=1.180e-01,p99=7.200e-02,rel=2.954e-04
INT8,BITSHIFT,SparseSpikes,4,4096,4096,16x64x32_w4,OK,ms=0.486,tflops=0.28,gbps=37.0,maxabs=8.913e-02,p99=5.162e-02,rel=2.132e-04
INT8,LUT,SparseSpikes,4,4096,4096,16x64x64_w4,OK,ms=0.912,tflops=0.15,gbps=19.7,maxabs=1.180e-01,p99=7.200e-02,rel=2.954e-04
INT8,BITSHIFT,SparseSpikes,4,4096,4096,16x64x64_w4,OK,ms=0.537,tflops=0.25,gbps=33.4,maxabs=8.913e-02,p99=5.162e-02,rel=2.132e-04
INT8,LUT,SparseSpikes,4,4096,4096,16x128x32_w8,OK,ms=0.771,tflops=0.17,gbps=23.3,maxabs=1.180e-01,p99=7.200e-02,rel=2.954e-04
INT8,BITSHIFT,SparseSpikes,4,4096,4096,16x128x32_w8,OK,ms=0.553,tflops=0.24,gbps=32.5,maxabs=8.913e-02,p99=5.162e-02,rel=2.132e-04
INT8,LUT,SparseSpikes,4,4096,4096,16x128x64_w8,OK,ms=1.004,tflops=0.13,gbps=17.9,maxabs=1.180e-01,p99=7.200e-02,rel=2.954e-04
INT8,BITSHIFT,SparseSpikes,4,4096,4096,16x128x64_w8,OK,ms=0.655,tflops=0.20,gbps=27.4,maxabs=8.913e-02,p99=5.162e-02,rel=2.132e-04
INT8,LUT,SparseSpikes,8,4096,4096,16x64x32_w4,OK,ms=0.755,tflops=0.36,gbps=24.0,maxabs=1.395e-01,p99=7.350e-02,rel=3.003e-04
INT8,BITSHIFT,SparseSpikes,8,4096,4096,16x64x32_w4,OK,ms=0.535,tflops=0.50,gbps=33.8,maxabs=9.388e-02,p99=5.239e-02,rel=2.158e-04
INT8,LUT,SparseSpikes,8,4096,4096,16x64x64_w4,OK,ms=0.918,tflops=0.29,gbps=19.7,maxabs=1.395e-01,p99=7.350e-02,rel=3.003e-04
INT8,BITSHIFT,SparseSpikes,8,4096,4096,16x64x64_w4,OK,ms=0.591,tflops=0.45,gbps=30.6,maxabs=9.388e-02,p99=5.239e-02,rel=2.158e-04
INT8,LUT,SparseSpikes,8,4096,4096,16x128x32_w8,OK,ms=0.821,tflops=0.33,gbps=22.0,maxabs=1.395e-01,p99=7.350e-02,rel=3.003e-04
INT8,BITSHIFT,SparseSpikes,8,4096,4096,16x128x32_w8,OK,ms=0.653,tflops=0.41,gbps=27.7,maxabs=9.388e-02,p99=5.239e-02,rel=2.158e-04
INT8,LUT,SparseSpikes,8,4096,4096,16x128x64_w8,OK,ms=1.005,tflops=0.27,gbps=18.0,maxabs=1.395e-01,p99=7.350e-02,rel=3.003e-04
INT8,BITSHIFT,SparseSpikes,8,4096,4096,16x128x64_w8,OK,ms=0.737,tflops=0.36,gbps=24.5,maxabs=9.388e-02,p99=5.239e-02,rel=2.158e-04
INT8,LUT,SparseSpikes,16,4096,4096,16x64x32_w4,OK,ms=0.757,tflops=0.71,gbps=24.2,maxabs=1.395e-01,p99=7.304e-02,rel=2.992e-04
INT8,BITSHIFT,SparseSpikes,16,4096,4096,16x64x32_w4,OK,ms=0.654,tflops=0.82,gbps=28.0,maxabs=9.388e-02,p99=5.212e-02,rel=2.142e-04
INT8,LUT,SparseSpikes,16,4096,4096,16x64x64_w4,OK,ms=0.925,tflops=0.58,gbps=19.8,maxabs=1.395e-01,p99=7.304e-02,rel=2.992e-04
INT8,BITSHIFT,SparseSpikes,16,4096,4096,16x64x64_w4,OK,ms=0.727,tflops=0.74,gbps=25.2,maxabs=9.388e-02,p99=5.212e-02,rel=2.142e-04
INT8,LUT,SparseSpikes,16,4096,4096,16x128x32_w8,OK,ms=0.838,tflops=0.64,gbps=21.9,maxabs=1.395e-01,p99=7.304e-02,rel=2.992e-04
INT8,BITSHIFT,SparseSpikes,16,4096,4096,16x128x32_w8,OK,ms=0.809,tflops=0.66,gbps=22.7,maxabs=9.388e-02,p99=5.212e-02,rel=2.142e-04
INT8,LUT,SparseSpikes,16,4096,4096,16x128x64_w8,OK,ms=1.006,tflops=0.53,gbps=18.2,maxabs=1.395e-01,p99=7.304e-02,rel=2.992e-04
INT8,BITSHIFT,SparseSpikes,16,4096,4096,16x128x64_w8,OK,ms=0.865,tflops=0.62,gbps=21.2,maxabs=9.388e-02,p99=5.212e-02,rel=2.142e-04
INT8,LUT,SparseSpikes,32,4096,4096,16x64x32_w4,OK,ms=0.770,tflops=1.39,gbps=24.5,maxabs=1.438e-01,p99=7.353e-02,rel=3.009e-04
INT8,BITSHIFT,SparseSpikes,32,4096,4096,16x64x32_w4,OK,ms=0.743,tflops=1.45,gbps=25.4,maxabs=9.388e-02,p99=5.229e-02,rel=2.150e-04
INT8,LUT,SparseSpikes,32,4096,4096,16x64x64_w4,OK,ms=0.931,tflops=1.15,gbps=20.3,maxabs=1.438e-01,p99=7.353e-02,rel=3.009e-04
INT8,BITSHIFT,SparseSpikes,32,4096,4096,16x64x64_w4,OK,ms=0.832,tflops=1.29,gbps=22.7,maxabs=9.388e-02,p99=5.229e-02,rel=2.150e-04
INT8,LUT,SparseSpikes,32,4096,4096,16x128x32_w8,OK,ms=0.818,tflops=1.31,gbps=23.1,maxabs=1.438e-01,p99=7.353e-02,rel=3.009e-04
INT8,BITSHIFT,SparseSpikes,32,4096,4096,16x128x32_w8,OK,ms=0.806,tflops=1.33,gbps=23.4,maxabs=9.388e-02,p99=5.229e-02,rel=2.150e-04
INT8,LUT,SparseSpikes,32,4096,4096,16x128x64_w8,OK,ms=0.997,tflops=1.08,gbps=18.9,maxabs=1.438e-01,p99=7.353e-02,rel=3.009e-04
INT8,BITSHIFT,SparseSpikes,32,4096,4096,16x128x64_w8,OK,ms=0.848,tflops=1.27,gbps=22.2,maxabs=9.388e-02,p99=5.229e-02,rel=2.150e-04
INT8,LUT,SparseSpikes,64,4096,4096,16x64x32_w4,OK,ms=0.804,tflops=2.67,gbps=24.8,maxabs=1.438e-01,p99=7.327e-02,rel=3.002e-04
INT8,BITSHIFT,SparseSpikes,64,4096,4096,16x64x32_w4,OK,ms=0.994,tflops=2.16,gbps=20.0,maxabs=9.388e-02,p99=5.176e-02,rel=2.138e-04
INT8,LUT,SparseSpikes,64,4096,4096,16x64x64_w4,OK,ms=1.019,tflops=2.11,gbps=19.5,maxabs=1.438e-01,p99=7.327e-02,rel=3.002e-04
INT8,BITSHIFT,SparseSpikes,64,4096,4096,16x64x64_w4,OK,ms=1.166,tflops=1.84,gbps=17.1,maxabs=9.388e-02,p99=5.176e-02,rel=2.138e-04
INT8,LUT,SparseSpikes,64,4096,4096,16x128x32_w8,OK,ms=0.831,tflops=2.58,gbps=24.0,maxabs=1.438e-01,p99=7.327e-02,rel=3.002e-04
INT8,BITSHIFT,SparseSpikes,64,4096,4096,16x128x32_w8,OK,ms=1.055,tflops=2.04,gbps=18.9,maxabs=9.388e-02,p99=5.176e-02,rel=2.138e-04
INT8,LUT,SparseSpikes,64,4096,4096,16x128x64_w8,OK,ms=0.997,tflops=2.15,gbps=20.0,maxabs=1.438e-01,p99=7.327e-02,rel=3.002e-04
INT8,BITSHIFT,SparseSpikes,64,4096,4096,16x128x64_w8,OK,ms=1.226,tflops=1.75,gbps=16.3,maxabs=9.388e-02,p99=5.176e-02,rel=2.138e-04
INT8,LUT,SparseSpikes,1,7168,7168,16x64x32_w4,OK,ms=1.490,tflops=0.07,gbps=36.7,maxabs=1.513e-01,p99=9.350e-02,rel=3.007e-04
INT8,BITSHIFT,SparseSpikes,1,7168,7168,16x64x32_w4,OK,ms=0.914,tflops=0.11,gbps=59.8,maxabs=9.844e-02,p99=6.706e-02,rel=2.142e-04
INT8,LUT,SparseSpikes,1,7168,7168,16x64x64_w4,OK,ms=1.757,tflops=0.06,gbps=31.1,maxabs=1.513e-01,p99=9.350e-02,rel=3.007e-04
INT8,BITSHIFT,SparseSpikes,1,7168,7168,16x64x64_w4,OK,ms=1.107,tflops=0.09,gbps=49.4,maxabs=9.844e-02,p99=6.706e-02,rel=2.142e-04
INT8,LUT,SparseSpikes,1,7168,7168,16x128x32_w8,OK,ms=1.445,tflops=0.07,gbps=37.8,maxabs=1.513e-01,p99=9.350e-02,rel=3.007e-04
INT8,BITSHIFT,SparseSpikes,1,7168,7168,16x128x32_w8,OK,ms=0.942,tflops=0.11,gbps=58.0,maxabs=9.844e-02,p99=6.706e-02,rel=2.142e-04
INT8,LUT,SparseSpikes,1,7168,7168,16x128x64_w8,OK,ms=1.762,tflops=0.06,gbps=31.0,maxabs=1.513e-01,p99=9.350e-02,rel=3.007e-04
INT8,BITSHIFT,SparseSpikes,1,7168,7168,16x128x64_w8,OK,ms=1.096,tflops=0.09,gbps=49.8,maxabs=9.844e-02,p99=6.706e-02,rel=2.142e-04
INT8,LUT,SparseSpikes,4,7168,7168,16x64x32_w4,OK,ms=1.441,tflops=0.29,gbps=38.0,maxabs=1.585e-01,p99=9.628e-02,rel=2.998e-04
INT8,BITSHIFT,SparseSpikes,4,7168,7168,16x64x32_w4,OK,ms=0.994,tflops=0.41,gbps=55.1,maxabs=1.047e-01,p99=6.792e-02,rel=2.136e-04
INT8,LUT,SparseSpikes,4,7168,7168,16x64x64_w4,OK,ms=1.756,tflops=0.23,gbps=31.2,maxabs=1.585e-01,p99=9.628e-02,rel=2.998e-04
INT8,BITSHIFT,SparseSpikes,4,7168,7168,16x64x64_w4,OK,ms=1.194,tflops=0.34,gbps=45.9,maxabs=1.047e-01,p99=6.792e-02,rel=2.136e-04
INT8,LUT,SparseSpikes,4,7168,7168,16x128x32_w8,OK,ms=1.449,tflops=0.28,gbps=37.8,maxabs=1.585e-01,p99=9.628e-02,rel=2.998e-04
INT8,BITSHIFT,SparseSpikes,4,7168,7168,16x128x32_w8,OK,ms=0.991,tflops=0.41,gbps=55.3,maxabs=1.047e-01,p99=6.792e-02,rel=2.136e-04
INT8,LUT,SparseSpikes,4,7168,7168,16x128x64_w8,OK,ms=1.774,tflops=0.23,gbps=30.9,maxabs=1.585e-01,p99=9.628e-02,rel=2.998e-04
INT8,BITSHIFT,SparseSpikes,4,7168,7168,16x128x64_w8,OK,ms=1.169,tflops=0.35,gbps=46.9,maxabs=1.047e-01,p99=6.792e-02,rel=2.136e-04
INT8,LUT,SparseSpikes,8,7168,7168,16x64x32_w4,OK,ms=1.435,tflops=0.57,gbps=38.4,maxabs=1.588e-01,p99=9.596e-02,rel=3.010e-04
INT8,BITSHIFT,SparseSpikes,8,7168,7168,16x64x32_w4,OK,ms=1.103,tflops=0.75,gbps=49.9,maxabs=1.065e-01,p99=6.792e-02,rel=2.141e-04
INT8,LUT,SparseSpikes,8,7168,7168,16x64x64_w4,OK,ms=1.763,tflops=0.47,gbps=31.2,maxabs=1.588e-01,p99=9.596e-02,rel=3.010e-04
INT8,BITSHIFT,SparseSpikes,8,7168,7168,16x64x64_w4,OK,ms=1.311,tflops=0.63,gbps=42.0,maxabs=1.065e-01,p99=6.792e-02,rel=2.141e-04
INT8,LUT,SparseSpikes,8,7168,7168,16x128x32_w8,OK,ms=1.499,tflops=0.55,gbps=36.7,maxabs=1.588e-01,p99=9.596e-02,rel=3.010e-04
INT8,BITSHIFT,SparseSpikes,8,7168,7168,16x128x32_w8,OK,ms=1.158,tflops=0.71,gbps=47.5,maxabs=1.065e-01,p99=6.792e-02,rel=2.141e-04
INT8,LUT,SparseSpikes,8,7168,7168,16x128x64_w8,OK,ms=1.775,tflops=0.46,gbps=31.0,maxabs=1.588e-01,p99=9.596e-02,rel=3.010e-04
INT8,BITSHIFT,SparseSpikes,8,7168,7168,16x128x64_w8,OK,ms=1.313,tflops=0.63,gbps=41.9,maxabs=1.065e-01,p99=6.792e-02,rel=2.141e-04
INT8,LUT,SparseSpikes,16,7168,7168,16x64x32_w4,OK,ms=1.440,tflops=1.14,gbps=38.5,maxabs=1.690e-01,p99=9.571e-02,rel=3.016e-04
INT8,BITSHIFT,SparseSpikes,16,7168,7168,16x64x32_w4,OK,ms=1.320,tflops=1.25,gbps=42.0,maxabs=1.313e-01,p99=6.777e-02,rel=2.145e-04
INT8,LUT,SparseSpikes,16,7168,7168,16x64x64_w4,OK,ms=1.776,tflops=0.93,gbps=31.2,maxabs=1.690e-01,p99=9.571e-02,rel=3.016e-04
INT8,BITSHIFT,SparseSpikes,16,7168,7168,16x64x64_w4,OK,ms=1.534,tflops=1.07,gbps=36.2,maxabs=1.313e-01,p99=6.777e-02,rel=2.145e-04
INT8,LUT,SparseSpikes,16,7168,7168,16x128x32_w8,OK,ms=1.529,tflops=1.08,gbps=36.3,maxabs=1.690e-01,p99=9.571e-02,rel=3.016e-04
INT8,BITSHIFT,SparseSpikes,16,7168,7168,16x128x32_w8,OK,ms=1.416,tflops=1.16,gbps=39.2,maxabs=1.313e-01,p99=6.777e-02,rel=2.145e-04
INT8,LUT,SparseSpikes,16,7168,7168,16x128x64_w8,OK,ms=1.779,tflops=0.92,gbps=31.2,maxabs=1.690e-01,p99=9.571e-02,rel=3.016e-04
INT8,BITSHIFT,SparseSpikes,16,7168,7168,16x128x64_w8,OK,ms=1.517,tflops=1.08,gbps=36.6,maxabs=1.313e-01,p99=6.777e-02,rel=2.145e-04
INT8,LUT,SparseSpikes,32,7168,7168,16x64x32_w4,OK,ms=1.505,tflops=2.18,gbps=37.5,maxabs=1.740e-01,p99=9.541e-02,rel=3.000e-04
INT8,BITSHIFT,SparseSpikes,32,7168,7168,16x64x32_w4,OK,ms=1.583,tflops=2.08,gbps=35.7,maxabs=1.313e-01,p99=6.784e-02,rel=2.138e-04
INT8,LUT,SparseSpikes,32,7168,7168,16x64x64_w4,OK,ms=1.800,tflops=1.83,gbps=31.3,maxabs=1.740e-01,p99=9.541e-02,rel=3.000e-04
INT8,BITSHIFT,SparseSpikes,32,7168,7168,16x64x64_w4,OK,ms=1.768,tflops=1.86,gbps=31.9,maxabs=1.313e-01,p99=6.784e-02,rel=2.138e-04
INT8,LUT,SparseSpikes,32,7168,7168,16x128x32_w8,OK,ms=1.538,tflops=2.14,gbps=36.7,maxabs=1.740e-01,p99=9.541e-02,rel=3.000e-04
INT8,BITSHIFT,SparseSpikes,32,7168,7168,16x128x32_w8,OK,ms=1.937,tflops=1.70,gbps=29.1,maxabs=1.313e-01,p99=6.784e-02,rel=2.138e-04
INT8,LUT,SparseSpikes,32,7168,7168,16x128x64_w8,OK,ms=1.853,tflops=1.77,gbps=30.5,maxabs=1.740e-01,p99=9.541e-02,rel=3.000e-04
INT8,BITSHIFT,SparseSpikes,32,7168,7168,16x128x64_w8,OK,ms=2.191,tflops=1.50,gbps=25.7,maxabs=1.313e-01,p99=6.784e-02,rel=2.138e-04
INT8,LUT,SparseSpikes,64,7168,7168,16x64x32_w4,OK,ms=1.614,tflops=4.07,gbps=36.1,maxabs=1.741e-01,p99=9.581e-02,rel=3.001e-04
INT8,BITSHIFT,SparseSpikes,64,7168,7168,16x64x32_w4,OK,ms=2.270,tflops=2.90,gbps=25.7,maxabs=1.313e-01,p99=6.786e-02,rel=2.135e-04
INT8,LUT,SparseSpikes,64,7168,7168,16x64x64_w4,OK,ms=1.968,tflops=3.34,gbps=29.6,maxabs=1.741e-01,p99=9.581e-02,rel=3.001e-04
INT8,BITSHIFT,SparseSpikes,64,7168,7168,16x64x64_w4,OK,ms=2.653,tflops=2.48,gbps=22.0,maxabs=1.313e-01,p99=6.786e-02,rel=2.135e-04
INT8,LUT,SparseSpikes,64,7168,7168,16x128x32_w8,OK,ms=1.653,tflops=3.98,gbps=35.2,maxabs=1.741e-01,p99=9.581e-02,rel=3.001e-04
INT8,BITSHIFT,SparseSpikes,64,7168,7168,16x128x32_w8,OK,ms=2.418,tflops=2.72,gbps=24.1,maxabs=1.313e-01,p99=6.786e-02,rel=2.135e-04
INT8,LUT,SparseSpikes,64,7168,7168,16x128x64_w8,OK,ms=2.030,tflops=3.24,gbps=28.7,maxabs=1.741e-01,p99=9.581e-02,rel=3.001e-04
INT8,BITSHIFT,SparseSpikes,64,7168,7168,16x128x64_w8,OK,ms=2.780,tflops=2.37,gbps=21.0,maxabs=1.313e-01,p99=6.786e-02,rel=2.135e-04
INT4,LUT,SparseSpikes,1,4096,4096,16x64x32_w4,OK,ms=0.656,tflops=0.05,gbps=14.4,maxabs=1.438e-01,p99=7.324e-02,rel=3.078e-04
INT4,BITSHIFT,SparseSpikes,1,4096,4096,16x64x32_w4,OK,ms=0.453,tflops=0.07,gbps=20.9,maxabs=8.036e-02,p99=5.218e-02,rel=2.157e-04
INT4,LUT,SparseSpikes,1,4096,4096,16x64x64_w4,OK,ms=0.772,tflops=0.04,gbps=12.3,maxabs=1.438e-01,p99=7.324e-02,rel=3.078e-04
INT4,BITSHIFT,SparseSpikes,1,4096,4096,16x64x64_w4,OK,ms=0.475,tflops=0.07,gbps=20.0,maxabs=8.036e-02,p99=5.218e-02,rel=2.157e-04
INT4,LUT,SparseSpikes,1,4096,4096,16x128x32_w8,OK,ms=0.771,tflops=0.04,gbps=12.3,maxabs=1.438e-01,p99=7.324e-02,rel=3.078e-04
INT4,BITSHIFT,SparseSpikes,1,4096,4096,16x128x32_w8,OK,ms=0.527,tflops=0.06,gbps=18.0,maxabs=8.036e-02,p99=5.218e-02,rel=2.157e-04
INT4,LUT,SparseSpikes,1,4096,4096,16x128x64_w8,OK,ms=0.854,tflops=0.04,gbps=11.1,maxabs=1.438e-01,p99=7.324e-02,rel=3.078e-04
INT4,BITSHIFT,SparseSpikes,1,4096,4096,16x128x64_w8,OK,ms=0.590,tflops=0.06,gbps=16.0,maxabs=8.036e-02,p99=5.218e-02,rel=2.157e-04
INT4,LUT,SparseSpikes,4,4096,4096,16x64x32_w4,OK,ms=0.633,tflops=0.21,gbps=15.1,maxabs=1.438e-01,p99=7.378e-02,rel=3.014e-04
INT4,BITSHIFT,SparseSpikes,4,4096,4096,16x64x32_w4,OK,ms=0.501,tflops=0.27,gbps=19.1,maxabs=9.279e-02,p99=5.253e-02,rel=2.160e-04
INT4,LUT,SparseSpikes,4,4096,4096,16x64x64_w4,OK,ms=0.777,tflops=0.17,gbps=12.3,maxabs=1.438e-01,p99=7.378e-02,rel=3.014e-04
INT4,BITSHIFT,SparseSpikes,4,4096,4096,16x64x64_w4,OK,ms=0.509,tflops=0.26,gbps=18.8,maxabs=9.279e-02,p99=5.253e-02,rel=2.160e-04
INT4,LUT,SparseSpikes,4,4096,4096,16x128x32_w8,OK,ms=0.769,tflops=0.17,gbps=12.4,maxabs=1.438e-01,p99=7.378e-02,rel=3.014e-04
INT4,BITSHIFT,SparseSpikes,4,4096,4096,16x128x32_w8,OK,ms=0.565,tflops=0.24,gbps=16.9,maxabs=9.279e-02,p99=5.253e-02,rel=2.160e-04
INT4,LUT,SparseSpikes,4,4096,4096,16x128x64_w8,OK,ms=0.860,tflops=0.16,gbps=11.1,maxabs=1.438e-01,p99=7.378e-02,rel=3.014e-04
INT4,BITSHIFT,SparseSpikes,4,4096,4096,16x128x64_w8,OK,ms=0.629,tflops=0.21,gbps=15.2,maxabs=9.279e-02,p99=5.253e-02,rel=2.160e-04
INT4,LUT,SparseSpikes,8,4096,4096,16x64x32_w4,OK,ms=0.641,tflops=0.42,gbps=15.1,maxabs=1.438e-01,p99=7.435e-02,rel=3.030e-04
INT4,BITSHIFT,SparseSpikes,8,4096,4096,16x64x32_w4,OK,ms=0.561,tflops=0.48,gbps=17.3,maxabs=9.279e-02,p99=5.337e-02,rel=2.199e-04
INT4,LUT,SparseSpikes,8,4096,4096,16x64x64_w4,OK,ms=0.780,tflops=0.34,gbps=12.4,maxabs=1.438e-01,p99=7.435e-02,rel=3.030e-04
INT4,BITSHIFT,SparseSpikes,8,4096,4096,16x64x64_w4,OK,ms=0.567,tflops=0.47,gbps=17.1,maxabs=9.279e-02,p99=5.337e-02,rel=2.199e-04
INT4,LUT,SparseSpikes,8,4096,4096,16x128x32_w8,OK,ms=0.792,tflops=0.34,gbps=12.2,maxabs=1.438e-01,p99=7.435e-02,rel=3.030e-04
INT4,BITSHIFT,SparseSpikes,8,4096,4096,16x128x32_w8,OK,ms=0.639,tflops=0.42,gbps=15.2,maxabs=9.279e-02,p99=5.337e-02,rel=2.199e-04
INT4,LUT,SparseSpikes,8,4096,4096,16x128x64_w8,OK,ms=0.864,tflops=0.31,gbps=11.2,maxabs=1.438e-01,p99=7.435e-02,rel=3.030e-04
INT4,BITSHIFT,SparseSpikes,8,4096,4096,16x128x64_w8,OK,ms=0.694,tflops=0.39,gbps=14.0,maxabs=9.279e-02,p99=5.337e-02,rel=2.199e-04
INT4,LUT,SparseSpikes,16,4096,4096,16x64x32_w4,OK,ms=0.676,tflops=0.79,gbps=14.7,maxabs=1.438e-01,p99=7.432e-02,rel=3.015e-04
INT4,BITSHIFT,SparseSpikes,16,4096,4096,16x64x32_w4,OK,ms=0.690,tflops=0.78,gbps=14.4,maxabs=9.513e-02,p99=5.339e-02,rel=2.192e-04
INT4,LUT,SparseSpikes,16,4096,4096,16x64x64_w4,OK,ms=0.791,tflops=0.68,gbps=12.6,maxabs=1.438e-01,p99=7.432e-02,rel=3.015e-04
INT4,BITSHIFT,SparseSpikes,16,4096,4096,16x64x64_w4,OK,ms=0.700,tflops=0.77,gbps=14.2,maxabs=9.513e-02,p99=5.339e-02,rel=2.192e-04
INT4,LUT,SparseSpikes,16,4096,4096,16x128x32_w8,OK,ms=0.822,tflops=0.65,gbps=12.1,maxabs=1.438e-01,p99=7.432e-02,rel=3.015e-04
INT4,BITSHIFT,SparseSpikes,16,4096,4096,16x128x32_w8,OK,ms=0.814,tflops=0.66,gbps=12.2,maxabs=9.513e-02,p99=5.339e-02,rel=2.192e-04
INT4,LUT,SparseSpikes,16,4096,4096,16x128x64_w8,OK,ms=0.870,tflops=0.62,gbps=11.5,maxabs=1.438e-01,p99=7.432e-02,rel=3.015e-04
INT4,BITSHIFT,SparseSpikes,16,4096,4096,16x128x64_w8,OK,ms=0.824,tflops=0.65,gbps=12.1,maxabs=9.513e-02,p99=5.339e-02,rel=2.192e-04
INT4,LUT,SparseSpikes,32,4096,4096,16x64x32_w4,OK,ms=0.757,tflops=1.42,gbps=13.9,maxabs=1.438e-01,p99=7.428e-02,rel=3.026e-04
INT4,BITSHIFT,SparseSpikes,32,4096,4096,16x64x32_w4,OK,ms=0.743,tflops=1.45,gbps=14.1,maxabs=9.515e-02,p99=5.350e-02,rel=2.206e-04
INT4,LUT,SparseSpikes,32,4096,4096,16x64x64_w4,OK,ms=0.813,tflops=1.32,gbps=12.9,maxabs=1.438e-01,p99=7.428e-02,rel=3.026e-04
INT4,BITSHIFT,SparseSpikes,32,4096,4096,16x64x64_w4,OK,ms=0.804,tflops=1.34,gbps=13.0,maxabs=9.515e-02,p99=5.350e-02,rel=2.206e-04
INT4,LUT,SparseSpikes,32,4096,4096,16x128x32_w8,OK,ms=0.815,tflops=1.32,gbps=12.9,maxabs=1.438e-01,p99=7.428e-02,rel=3.026e-04
INT4,BITSHIFT,SparseSpikes,32,4096,4096,16x128x32_w8,OK,ms=0.814,tflops=1.32,gbps=12.9,maxabs=9.515e-02,p99=5.350e-02,rel=2.206e-04
INT4,LUT,SparseSpikes,32,4096,4096,16x128x64_w8,OK,ms=0.853,tflops=1.26,gbps=12.3,maxabs=1.438e-01,p99=7.428e-02,rel=3.026e-04
INT4,BITSHIFT,SparseSpikes,32,4096,4096,16x128x64_w8,OK,ms=0.818,tflops=1.31,gbps=12.8,maxabs=9.515e-02,p99=5.350e-02,rel=2.206e-04
INT4,LUT,SparseSpikes,64,4096,4096,16x64x32_w4,OK,ms=0.813,tflops=2.64,gbps=14.2,maxabs=1.438e-01,p99=7.373e-02,rel=3.012e-04
INT4,BITSHIFT,SparseSpikes,64,4096,4096,16x64x32_w4,OK,ms=0.985,tflops=2.18,gbps=11.7,maxabs=9.521e-02,p99=5.317e-02,rel=2.195e-04
INT4,LUT,SparseSpikes,64,4096,4096,16x64x64_w4,OK,ms=0.881,tflops=2.44,gbps=13.1,maxabs=1.438e-01,p99=7.373e-02,rel=3.012e-04
INT4,BITSHIFT,SparseSpikes,64,4096,4096,16x64x64_w4,OK,ms=1.182,tflops=1.82,gbps=9.8,maxabs=9.521e-02,p99=5.317e-02,rel=2.195e-04
INT4,LUT,SparseSpikes,64,4096,4096,16x128x32_w8,OK,ms=0.828,tflops=2.59,gbps=13.9,maxabs=1.438e-01,p99=7.373e-02,rel=3.012e-04
INT4,BITSHIFT,SparseSpikes,64,4096,4096,16x128x32_w8,OK,ms=1.024,tflops=2.10,gbps=11.3,maxabs=9.521e-02,p99=5.317e-02,rel=2.195e-04
INT4,LUT,SparseSpikes,64,4096,4096,16x128x64_w8,OK,ms=0.866,tflops=2.48,gbps=13.3,maxabs=1.438e-01,p99=7.373e-02,rel=3.012e-04
INT4,BITSHIFT,SparseSpikes,64,4096,4096,16x128x64_w8,OK,ms=1.220,tflops=1.76,gbps=9.5,maxabs=9.521e-02,p99=5.317e-02,rel=2.195e-04
INT4,LUT,SparseSpikes,1,7168,7168,16x64x32_w4,OK,ms=1.353,tflops=0.08,gbps=21.4,maxabs=1.433e-01,p99=9.593e-02,rel=3.026e-04
INT4,BITSHIFT,SparseSpikes,1,7168,7168,16x64x32_w4,OK,ms=0.887,tflops=0.12,gbps=32.7,maxabs=9.777e-02,p99=6.912e-02,rel=2.177e-04
INT4,LUT,SparseSpikes,1,7168,7168,16x64x64_w4,OK,ms=1.474,tflops=0.07,gbps=19.6,maxabs=1.433e-01,p99=9.593e-02,rel=3.026e-04
INT4,BITSHIFT,SparseSpikes,1,7168,7168,16x64x64_w4,OK,ms=1.002,tflops=0.10,gbps=28.9,maxabs=9.777e-02,p99=6.912e-02,rel=2.177e-04
INT4,LUT,SparseSpikes,1,7168,7168,16x128x32_w8,OK,ms=1.361,tflops=0.08,gbps=21.3,maxabs=1.433e-01,p99=9.593e-02,rel=3.026e-04
INT4,BITSHIFT,SparseSpikes,1,7168,7168,16x128x32_w8,OK,ms=0.926,tflops=0.11,gbps=31.3,maxabs=9.777e-02,p99=6.912e-02,rel=2.177e-04
INT4,LUT,SparseSpikes,1,7168,7168,16x128x64_w8,OK,ms=1.512,tflops=0.07,gbps=19.1,maxabs=1.433e-01,p99=9.593e-02,rel=3.026e-04
INT4,BITSHIFT,SparseSpikes,1,7168,7168,16x128x64_w8,OK,ms=1.028,tflops=0.10,gbps=28.2,maxabs=9.777e-02,p99=6.912e-02,rel=2.177e-04
INT4,LUT,SparseSpikes,4,7168,7168,16x64x32_w4,OK,ms=1.343,tflops=0.31,gbps=21.7,maxabs=1.496e-01,p99=9.510e-02,rel=3.003e-04
INT4,BITSHIFT,SparseSpikes,4,7168,7168,16x64x32_w4,OK,ms=0.956,tflops=0.43,gbps=30.5,maxabs=1.094e-01,p99=7.069e-02,rel=2.220e-04
INT4,LUT,SparseSpikes,4,7168,7168,16x64x64_w4,OK,ms=1.484,tflops=0.28,gbps=19.6,maxabs=1.496e-01,p99=9.510e-02,rel=3.003e-04
INT4,BITSHIFT,SparseSpikes,4,7168,7168,16x64x64_w4,OK,ms=1.090,tflops=0.38,gbps=26.7,maxabs=1.094e-01,p99=7.069e-02,rel=2.220e-04
INT4,LUT,SparseSpikes,4,7168,7168,16x128x32_w8,OK,ms=1.349,tflops=0.30,gbps=21.6,maxabs=1.496e-01,p99=9.510e-02,rel=3.003e-04
INT4,BITSHIFT,SparseSpikes,4,7168,7168,16x128x32_w8,OK,ms=0.988,tflops=0.42,gbps=29.5,maxabs=1.094e-01,p99=7.069e-02,rel=2.220e-04
INT4,LUT,SparseSpikes,4,7168,7168,16x128x64_w8,OK,ms=1.526,tflops=0.27,gbps=19.1,maxabs=1.496e-01,p99=9.510e-02,rel=3.003e-04
INT4,BITSHIFT,SparseSpikes,4,7168,7168,16x128x64_w8,OK,ms=1.096,tflops=0.38,gbps=26.6,maxabs=1.094e-01,p99=7.069e-02,rel=2.220e-04
INT4,LUT,SparseSpikes,8,7168,7168,16x64x32_w4,OK,ms=1.337,tflops=0.61,gbps=22.0,maxabs=1.496e-01,p99=9.575e-02,rel=3.000e-04
INT4,BITSHIFT,SparseSpikes,8,7168,7168,16x64x32_w4,OK,ms=1.079,tflops=0.76,gbps=27.2,maxabs=1.098e-01,p99=7.008e-02,rel=2.211e-04
INT4,LUT,SparseSpikes,8,7168,7168,16x64x64_w4,OK,ms=1.484,tflops=0.55,gbps=19.8,maxabs=1.496e-01,p99=9.575e-02,rel=3.000e-04
INT4,BITSHIFT,SparseSpikes,8,7168,7168,16x64x64_w4,OK,ms=1.203,tflops=0.68,gbps=24.4,maxabs=1.098e-01,p99=7.008e-02,rel=2.211e-04
INT4,LUT,SparseSpikes,8,7168,7168,16x128x32_w8,OK,ms=1.399,tflops=0.59,gbps=21.0,maxabs=1.496e-01,p99=9.575e-02,rel=3.000e-04
INT4,BITSHIFT,SparseSpikes,8,7168,7168,16x128x32_w8,OK,ms=1.119,tflops=0.73,gbps=26.2,maxabs=1.098e-01,p99=7.008e-02,rel=2.211e-04
INT4,LUT,SparseSpikes,8,7168,7168,16x128x64_w8,OK,ms=1.530,tflops=0.54,gbps=19.2,maxabs=1.496e-01,p99=9.575e-02,rel=3.000e-04
INT4,BITSHIFT,SparseSpikes,8,7168,7168,16x128x64_w8,OK,ms=1.205,tflops=0.68,gbps=24.4,maxabs=1.098e-01,p99=7.008e-02,rel=2.211e-04
INT4,LUT,SparseSpikes,16,7168,7168,16x64x32_w4,OK,ms=1.394,tflops=1.18,gbps=21.4,maxabs=1.538e-01,p99=9.561e-02,rel=3.004e-04
INT4,BITSHIFT,SparseSpikes,16,7168,7168,16x64x32_w4,OK,ms=1.318,tflops=1.25,gbps=22.6,maxabs=1.290e-01,p99=6.988e-02,rel=2.215e-04
INT4,LUT,SparseSpikes,16,7168,7168,16x64x64_w4,OK,ms=1.503,tflops=1.09,gbps=19.8,maxabs=1.538e-01,p99=9.561e-02,rel=3.004e-04
INT4,BITSHIFT,SparseSpikes,16,7168,7168,16x64x64_w4,OK,ms=1.431,tflops=1.15,gbps=20.8,maxabs=1.290e-01,p99=6.988e-02,rel=2.215e-04
INT4,LUT,SparseSpikes,16,7168,7168,16x128x32_w8,OK,ms=1.434,tflops=1.15,gbps=20.8,maxabs=1.538e-01,p99=9.561e-02,rel=3.004e-04
INT4,BITSHIFT,SparseSpikes,16,7168,7168,16x128x32_w8,OK,ms=1.431,tflops=1.15,gbps=20.8,maxabs=1.290e-01,p99=6.988e-02,rel=2.215e-04
INT4,LUT,SparseSpikes,16,7168,7168,16x128x64_w8,OK,ms=1.536,tflops=1.07,gbps=19.4,maxabs=1.538e-01,p99=9.561e-02,rel=3.004e-04
INT4,BITSHIFT,SparseSpikes,16,7168,7168,16x128x64_w8,OK,ms=1.429,tflops=1.15,gbps=20.9,maxabs=1.290e-01,p99=6.988e-02,rel=2.215e-04
INT4,LUT,SparseSpikes,32,7168,7168,16x64x32_w4,OK,ms=1.421,tflops=2.31,gbps=21.6,maxabs=1.726e-01,p99=9.556e-02,rel=3.001e-04
INT4,BITSHIFT,SparseSpikes,32,7168,7168,16x64x32_w4,OK,ms=1.476,tflops=2.23,gbps=20.8,maxabs=1.290e-01,p99=7.001e-02,rel=2.207e-04
INT4,LUT,SparseSpikes,32,7168,7168,16x64x64_w4,OK,ms=1.563,tflops=2.10,gbps=19.7,maxabs=1.726e-01,p99=9.556e-02,rel=3.001e-04
INT4,BITSHIFT,SparseSpikes,32,7168,7168,16x64x64_w4,OK,ms=1.722,tflops=1.91,gbps=17.8,maxabs=1.290e-01,p99=7.001e-02,rel=2.207e-04
INT4,LUT,SparseSpikes,32,7168,7168,16x128x32_w8,OK,ms=1.492,tflops=2.20,gbps=20.6,maxabs=1.726e-01,p99=9.556e-02,rel=3.001e-04
INT4,BITSHIFT,SparseSpikes,32,7168,7168,16x128x32_w8,OK,ms=1.778,tflops=1.85,gbps=17.3,maxabs=1.290e-01,p99=7.001e-02,rel=2.207e-04
INT4,LUT,SparseSpikes,32,7168,7168,16x128x64_w8,OK,ms=1.652,tflops=1.99,gbps=18.6,maxabs=1.726e-01,p99=9.556e-02,rel=3.001e-04
INT4,BITSHIFT,SparseSpikes,32,7168,7168,16x128x64_w8,OK,ms=2.122,tflops=1.55,gbps=14.5,maxabs=1.290e-01,p99=7.001e-02,rel=2.207e-04
INT4,LUT,SparseSpikes,64,7168,7168,16x64x32_w4,OK,ms=1.571,tflops=4.19,gbps=20.7,maxabs=1.732e-01,p99=9.578e-02,rel=3.005e-04
INT4,BITSHIFT,SparseSpikes,64,7168,7168,16x64x32_w4,OK,ms=2.228,tflops=2.95,gbps=14.6,maxabs=1.290e-01,p99=7.031e-02,rel=2.211e-04
INT4,LUT,SparseSpikes,64,7168,7168,16x64x64_w4,OK,ms=1.775,tflops=3.70,gbps=18.3,maxabs=1.732e-01,p99=9.578e-02,rel=3.005e-04
INT4,BITSHIFT,SparseSpikes,64,7168,7168,16x64x64_w4,OK,ms=2.674,tflops=2.46,gbps=12.2,maxabs=1.290e-01,p99=7.031e-02,rel=2.211e-04
INT4,LUT,SparseSpikes,64,7168,7168,16x128x32_w8,OK,ms=1.611,tflops=4.08,gbps=20.2,maxabs=1.732e-01,p99=9.578e-02,rel=3.005e-04
INT4,BITSHIFT,SparseSpikes,64,7168,7168,16x128x32_w8,OK,ms=2.298,tflops=2.86,gbps=14.2,maxabs=1.290e-01,p99=7.031e-02,rel=2.211e-04
INT4,LUT,SparseSpikes,64,7168,7168,16x128x64_w8,OK,ms=1.875,tflops=3.51,gbps=17.4,maxabs=1.732e-01,p99=9.578e-02,rel=3.005e-04
INT4,BITSHIFT,SparseSpikes,64,7168,7168,16x128x64_w8,OK,ms=2.772,tflops=2.37,gbps=11.7,maxabs=1.290e-01,p99=7.031e-02,rel=2.211e-04
MXFP4,LUT,SparseSpikes,1,4096,4096,16x64x32_w4,OK,ms=0.677,tflops=0.05,gbps=13.2,maxabs=7.367e-02,p99=5.099e-02,rel=2.141e-04
MXFP4,BITSHIFT,SparseSpikes,1,4096,4096,16x64x32_w4,SKIP,path-B FP4 not implemented yet
MXFP4,LUT,SparseSpikes,1,4096,4096,16x64x64_w4,OK,ms=0.851,tflops=0.04,gbps=10.5,maxabs=7.367e-02,p99=5.099e-02,rel=2.141e-04
MXFP4,BITSHIFT,SparseSpikes,1,4096,4096,16x64x64_w4,SKIP,path-B FP4 not implemented yet
MXFP4,LUT,SparseSpikes,1,4096,4096,16x128x32_w8,OK,ms=0.733,tflops=0.05,gbps=12.2,maxabs=7.367e-02,p99=5.099e-02,rel=2.141e-04
MXFP4,BITSHIFT,SparseSpikes,1,4096,4096,16x128x32_w8,SKIP,path-B FP4 not implemented yet
MXFP4,LUT,SparseSpikes,1,4096,4096,16x128x64_w8,OK,ms=0.933,tflops=0.04,gbps=9.6,maxabs=7.367e-02,p99=5.099e-02,rel=2.141e-04
MXFP4,BITSHIFT,SparseSpikes,1,4096,4096,16x128x64_w8,SKIP,path-B FP4 not implemented yet
MXFP4,LUT,SparseSpikes,4,4096,4096,16x64x32_w4,OK,ms=0.655,tflops=0.20,gbps=13.8,maxabs=8.669e-02,p99=5.211e-02,rel=2.134e-04
MXFP4,BITSHIFT,SparseSpikes,4,4096,4096,16x64x32_w4,SKIP,path-B FP4 not implemented yet
MXFP4,LUT,SparseSpikes,4,4096,4096,16x64x64_w4,OK,ms=0.861,tflops=0.16,gbps=10.5,maxabs=8.669e-02,p99=5.211e-02,rel=2.134e-04
MXFP4,BITSHIFT,SparseSpikes,4,4096,4096,16x64x64_w4,SKIP,path-B FP4 not implemented yet
MXFP4,LUT,SparseSpikes,4,4096,4096,16x128x32_w8,OK,ms=0.734,tflops=0.18,gbps=12.3,maxabs=8.669e-02,p99=5.211e-02,rel=2.134e-04
MXFP4,BITSHIFT,SparseSpikes,4,4096,4096,16x128x32_w8,SKIP,path-B FP4 not implemented yet
MXFP4,LUT,SparseSpikes,4,4096,4096,16x128x64_w8,OK,ms=0.941,tflops=0.14,gbps=9.6,maxabs=8.669e-02,p99=5.211e-02,rel=2.134e-04
MXFP4,BITSHIFT,SparseSpikes,4,4096,4096,16x128x64_w8,SKIP,path-B FP4 not implemented yet
MXFP4,LUT,SparseSpikes,8,4096,4096,16x64x32_w4,OK,ms=0.659,tflops=0.41,gbps=13.9,maxabs=9.090e-02,p99=5.242e-02,rel=2.157e-04
MXFP4,BITSHIFT,SparseSpikes,8,4096,4096,16x64x32_w4,SKIP,path-B FP4 not implemented yet
MXFP4,LUT,SparseSpikes,8,4096,4096,16x64x64_w4,OK,ms=0.861,tflops=0.31,gbps=10.7,maxabs=9.090e-02,p99=5.242e-02,rel=2.157e-04
MXFP4,BITSHIFT,SparseSpikes,8,4096,4096,16x64x64_w4,SKIP,path-B FP4 not implemented yet
MXFP4,LUT,SparseSpikes,8,4096,4096,16x128x32_w8,OK,ms=0.755,tflops=0.36,gbps=12.1,maxabs=9.090e-02,p99=5.242e-02,rel=2.157e-04
MXFP4,BITSHIFT,SparseSpikes,8,4096,4096,16x128x32_w8,SKIP,path-B FP4 not implemented yet
MXFP4,LUT,SparseSpikes,8,4096,4096,16x128x64_w8,OK,ms=0.943,tflops=0.28,gbps=9.7,maxabs=9.090e-02,p99=5.242e-02,rel=2.157e-04
MXFP4,BITSHIFT,SparseSpikes,8,4096,4096,16x128x64_w8,SKIP,path-B FP4 not implemented yet
MXFP4,LUT,SparseSpikes,16,4096,4096,16x64x32_w4,OK,ms=0.669,tflops=0.80,gbps=14.1,maxabs=9.088e-02,p99=5.224e-02,rel=2.142e-04
MXFP4,BITSHIFT,SparseSpikes,16,4096,4096,16x64x32_w4,SKIP,path-B FP4 not implemented yet
MXFP4,LUT,SparseSpikes,16,4096,4096,16x64x64_w4,OK,ms=0.868,tflops=0.62,gbps=10.9,maxabs=9.088e-02,p99=5.224e-02,rel=2.142e-04
MXFP4,BITSHIFT,SparseSpikes,16,4096,4096,16x64x64_w4,SKIP,path-B FP4 not implemented yet
MXFP4,LUT,SparseSpikes,16,4096,4096,16x128x32_w8,OK,ms=0.786,tflops=0.68,gbps=12.0,maxabs=9.088e-02,p99=5.224e-02,rel=2.142e-04
MXFP4,BITSHIFT,SparseSpikes,16,4096,4096,16x128x32_w8,SKIP,path-B FP4 not implemented yet
MXFP4,LUT,SparseSpikes,16,4096,4096,16x128x64_w8,OK,ms=0.945,tflops=0.57,gbps=10.0,maxabs=9.088e-02,p99=5.224e-02,rel=2.142e-04
MXFP4,BITSHIFT,SparseSpikes,16,4096,4096,16x128x64_w8,SKIP,path-B FP4 not implemented yet
MXFP4,LUT,SparseSpikes,32,4096,4096,16x64x32_w4,OK,ms=0.722,tflops=1.49,gbps=13.8,maxabs=9.228e-02,p99=5.230e-02,rel=2.150e-04
MXFP4,BITSHIFT,SparseSpikes,32,4096,4096,16x64x32_w4,SKIP,path-B FP4 not implemented yet
MXFP4,LUT,SparseSpikes,32,4096,4096,16x64x64_w4,OK,ms=0.898,tflops=1.20,gbps=11.1,maxabs=9.228e-02,p99=5.230e-02,rel=2.150e-04
MXFP4,BITSHIFT,SparseSpikes,32,4096,4096,16x64x64_w4,SKIP,path-B FP4 not implemented yet
MXFP4,LUT,SparseSpikes,32,4096,4096,16x128x32_w8,OK,ms=0.770,tflops=1.39,gbps=12.9,maxabs=9.228e-02,p99=5.230e-02,rel=2.150e-04
MXFP4,BITSHIFT,SparseSpikes,32,4096,4096,16x128x32_w8,SKIP,path-B FP4 not implemented yet
MXFP4,LUT,SparseSpikes,32,4096,4096,16x128x64_w8,OK,ms=0.931,tflops=1.15,gbps=10.7,maxabs=9.228e-02,p99=5.230e-02,rel=2.150e-04
MXFP4,BITSHIFT,SparseSpikes,32,4096,4096,16x128x64_w8,SKIP,path-B FP4 not implemented yet
MXFP4,LUT,SparseSpikes,64,4096,4096,16x64x32_w4,OK,ms=0.804,tflops=2.67,gbps=13.7,maxabs=9.842e-02,p99=5.189e-02,rel=2.137e-04
MXFP4,BITSHIFT,SparseSpikes,64,4096,4096,16x64x32_w4,SKIP,path-B FP4 not implemented yet
MXFP4,LUT,SparseSpikes,64,4096,4096,16x64x64_w4,OK,ms=0.951,tflops=2.26,gbps=11.6,maxabs=9.842e-02,p99=5.189e-02,rel=2.137e-04
MXFP4,BITSHIFT,SparseSpikes,64,4096,4096,16x64x64_w4,SKIP,path-B FP4 not implemented yet
MXFP4,LUT,SparseSpikes,64,4096,4096,16x128x32_w8,OK,ms=0.828,tflops=2.59,gbps=13.3,maxabs=9.842e-02,p99=5.189e-02,rel=2.137e-04
MXFP4,BITSHIFT,SparseSpikes,64,4096,4096,16x128x32_w8,SKIP,path-B FP4 not implemented yet
MXFP4,LUT,SparseSpikes,64,4096,4096,16x128x64_w8,OK,ms=0.943,tflops=2.28,gbps=11.7,maxabs=9.842e-02,p99=5.189e-02,rel=2.137e-04
MXFP4,BITSHIFT,SparseSpikes,64,4096,4096,16x128x64_w8,SKIP,path-B FP4 not implemented yet
MXFP4,LUT,SparseSpikes,1,7168,7168,16x64x32_w4,OK,ms=1.387,tflops=0.07,gbps=19.7,maxabs=9.473e-02,p99=6.850e-02,rel=2.136e-04
MXFP4,BITSHIFT,SparseSpikes,1,7168,7168,16x64x32_w4,SKIP,path-B FP4 not implemented yet
MXFP4,LUT,SparseSpikes,1,7168,7168,16x64x64_w4,OK,ms=1.851,tflops=0.06,gbps=14.8,maxabs=9.473e-02,p99=6.850e-02,rel=2.136e-04
MXFP4,BITSHIFT,SparseSpikes,1,7168,7168,16x64x64_w4,SKIP,path-B FP4 not implemented yet
MXFP4,LUT,SparseSpikes,1,7168,7168,16x128x32_w8,OK,ms=1.406,tflops=0.07,gbps=19.5,maxabs=9.473e-02,p99=6.850e-02,rel=2.136e-04
MXFP4,BITSHIFT,SparseSpikes,1,7168,7168,16x128x32_w8,SKIP,path-B FP4 not implemented yet
MXFP4,LUT,SparseSpikes,1,7168,7168,16x128x64_w8,OK,ms=1.902,tflops=0.05,gbps=14.4,maxabs=9.473e-02,p99=6.850e-02,rel=2.136e-04
MXFP4,BITSHIFT,SparseSpikes,1,7168,7168,16x128x64_w8,SKIP,path-B FP4 not implemented yet
MXFP4,LUT,SparseSpikes,4,7168,7168,16x64x32_w4,OK,ms=1.405,tflops=0.29,gbps=19.6,maxabs=1.087e-01,p99=6.816e-02,rel=2.133e-04
MXFP4,BITSHIFT,SparseSpikes,4,7168,7168,16x64x32_w4,SKIP,path-B FP4 not implemented yet
MXFP4,LUT,SparseSpikes,4,7168,7168,16x64x64_w4,OK,ms=1.856,tflops=0.22,gbps=14.8,maxabs=1.087e-01,p99=6.816e-02,rel=2.133e-04
MXFP4,BITSHIFT,SparseSpikes,4,7168,7168,16x64x64_w4,SKIP,path-B FP4 not implemented yet
MXFP4,LUT,SparseSpikes,4,7168,7168,16x128x32_w8,OK,ms=1.419,tflops=0.29,gbps=19.4,maxabs=1.087e-01,p99=6.816e-02,rel=2.133e-04
MXFP4,BITSHIFT,SparseSpikes,4,7168,7168,16x128x32_w8,SKIP,path-B FP4 not implemented yet
MXFP4,LUT,SparseSpikes,4,7168,7168,16x128x64_w8,OK,ms=1.910,tflops=0.22,gbps=14.4,maxabs=1.087e-01,p99=6.816e-02,rel=2.133e-04
MXFP4,BITSHIFT,SparseSpikes,4,7168,7168,16x128x64_w8,SKIP,path-B FP4 not implemented yet
MXFP4,LUT,SparseSpikes,8,7168,7168,16x64x32_w4,OK,ms=1.419,tflops=0.58,gbps=19.6,maxabs=1.110e-01,p99=6.799e-02,rel=2.140e-04
MXFP4,BITSHIFT,SparseSpikes,8,7168,7168,16x64x32_w4,SKIP,path-B FP4 not implemented yet
MXFP4,LUT,SparseSpikes,8,7168,7168,16x64x64_w4,OK,ms=1.857,tflops=0.44,gbps=14.9,maxabs=1.110e-01,p99=6.799e-02,rel=2.140e-04
MXFP4,BITSHIFT,SparseSpikes,8,7168,7168,16x64x64_w4,SKIP,path-B FP4 not implemented yet
MXFP4,LUT,SparseSpikes,8,7168,7168,16x128x32_w8,OK,ms=1.453,tflops=0.57,gbps=19.1,maxabs=1.110e-01,p99=6.799e-02,rel=2.140e-04
MXFP4,BITSHIFT,SparseSpikes,8,7168,7168,16x128x32_w8,SKIP,path-B FP4 not implemented yet
MXFP4,LUT,SparseSpikes,8,7168,7168,16x128x64_w8,OK,ms=1.914,tflops=0.43,gbps=14.5,maxabs=1.110e-01,p99=6.799e-02,rel=2.140e-04
MXFP4,BITSHIFT,SparseSpikes,8,7168,7168,16x128x64_w8,SKIP,path-B FP4 not implemented yet
MXFP4,LUT,SparseSpikes,16,7168,7168,16x64x32_w4,OK,ms=1.436,tflops=1.14,gbps=19.6,maxabs=1.299e-01,p99=6.770e-02,rel=2.143e-04
MXFP4,BITSHIFT,SparseSpikes,16,7168,7168,16x64x32_w4,SKIP,path-B FP4 not implemented yet
MXFP4,LUT,SparseSpikes,16,7168,7168,16x64x64_w4,OK,ms=1.871,tflops=0.88,gbps=15.1,maxabs=1.299e-01,p99=6.770e-02,rel=2.143e-04
MXFP4,BITSHIFT,SparseSpikes,16,7168,7168,16x64x64_w4,SKIP,path-B FP4 not implemented yet
MXFP4,LUT,SparseSpikes,16,7168,7168,16x128x32_w8,OK,ms=1.498,tflops=1.10,gbps=18.8,maxabs=1.299e-01,p99=6.770e-02,rel=2.143e-04
MXFP4,BITSHIFT,SparseSpikes,16,7168,7168,16x128x32_w8,SKIP,path-B FP4 not implemented yet
MXFP4,LUT,SparseSpikes,16,7168,7168,16x128x64_w8,OK,ms=1.917,tflops=0.86,gbps=14.7,maxabs=1.299e-01,p99=6.770e-02,rel=2.143e-04
MXFP4,BITSHIFT,SparseSpikes,16,7168,7168,16x128x64_w8,SKIP,path-B FP4 not implemented yet
MXFP4,LUT,SparseSpikes,32,7168,7168,16x64x32_w4,OK,ms=1.577,tflops=2.09,gbps=18.5,maxabs=1.300e-01,p99=6.768e-02,rel=2.137e-04
MXFP4,BITSHIFT,SparseSpikes,32,7168,7168,16x64x32_w4,SKIP,path-B FP4 not implemented yet
MXFP4,LUT,SparseSpikes,32,7168,7168,16x64x64_w4,OK,ms=1.900,tflops=1.73,gbps=15.3,maxabs=1.300e-01,p99=6.768e-02,rel=2.137e-04
MXFP4,BITSHIFT,SparseSpikes,32,7168,7168,16x64x64_w4,SKIP,path-B FP4 not implemented yet
MXFP4,LUT,SparseSpikes,32,7168,7168,16x128x32_w8,OK,ms=1.705,tflops=1.93,gbps=17.1,maxabs=1.300e-01,p99=6.768e-02,rel=2.137e-04
MXFP4,BITSHIFT,SparseSpikes,32,7168,7168,16x128x32_w8,SKIP,path-B FP4 not implemented yet
MXFP4,LUT,SparseSpikes,32,7168,7168,16x128x64_w8,OK,ms=2.015,tflops=1.63,gbps=14.5,maxabs=1.300e-01,p99=6.768e-02,rel=2.137e-04
MXFP4,BITSHIFT,SparseSpikes,32,7168,7168,16x128x64_w8,SKIP,path-B FP4 not implemented yet
MXFP4,LUT,SparseSpikes,64,7168,7168,16x64x32_w4,OK,ms=1.811,tflops=3.63,gbps=17.1,maxabs=1.300e-01,p99=6.777e-02,rel=2.135e-04
MXFP4,BITSHIFT,SparseSpikes,64,7168,7168,16x64x32_w4,SKIP,path-B FP4 not implemented yet
MXFP4,LUT,SparseSpikes,64,7168,7168,16x64x64_w4,OK,ms=2.138,tflops=3.08,gbps=14.5,maxabs=1.300e-01,p99=6.777e-02,rel=2.135e-04
MXFP4,BITSHIFT,SparseSpikes,64,7168,7168,16x64x64_w4,SKIP,path-B FP4 not implemented yet
MXFP4,LUT,SparseSpikes,64,7168,7168,16x128x32_w8,OK,ms=1.866,tflops=3.52,gbps=16.6,maxabs=1.300e-01,p99=6.777e-02,rel=2.135e-04
MXFP4,BITSHIFT,SparseSpikes,64,7168,7168,16x128x32_w8,SKIP,path-B FP4 not implemented yet
MXFP4,LUT,SparseSpikes,64,7168,7168,16x128x64_w8,OK,ms=2.221,tflops=2.96,gbps=13.9,maxabs=1.300e-01,p99=6.777e-02,rel=2.135e-04
MXFP4,BITSHIFT,SparseSpikes,64,7168,7168,16x128x64_w8,SKIP,path-B FP4 not implemented yet
F8_E4M3_B128,LUT,SparseSpikes,1,4096,4096,16x64x32_w4,OK,ms=1.257,tflops=0.03,gbps=13.5,maxabs=7.344e-02,p99=5.104e-02,rel=2.134e-04
F8_E4M3_B128,BITSHIFT,SparseSpikes,1,4096,4096,16x64x32_w4,SKIP,path-B FP8 not implemented yet
F8_E4M3_B128,LUT,SparseSpikes,1,4096,4096,16x64x64_w4,OK,ms=1.248,tflops=0.03,gbps=13.6,maxabs=7.344e-02,p99=5.104e-02,rel=2.134e-04
F8_E4M3_B128,BITSHIFT,SparseSpikes,1,4096,4096,16x64x64_w4,SKIP,path-B FP8 not implemented yet
F8_E4M3_B128,LUT,SparseSpikes,1,4096,4096,16x128x32_w8,OK,ms=1.305,tflops=0.03,gbps=13.0,maxabs=7.344e-02,p99=5.104e-02,rel=2.134e-04
F8_E4M3_B128,BITSHIFT,SparseSpikes,1,4096,4096,16x128x32_w8,SKIP,path-B FP8 not implemented yet
F8_E4M3_B128,LUT,SparseSpikes,1,4096,4096,16x128x64_w8,OK,ms=1.340,tflops=0.03,gbps=12.6,maxabs=7.344e-02,p99=5.104e-02,rel=2.134e-04
F8_E4M3_B128,BITSHIFT,SparseSpikes,1,4096,4096,16x128x64_w8,SKIP,path-B FP8 not implemented yet
F8_E4M3_B128,LUT,SparseSpikes,4,4096,4096,16x64x32_w4,OK,ms=1.252,tflops=0.11,gbps=13.6,maxabs=8.937e-02,p99=5.157e-02,rel=2.134e-04
F8_E4M3_B128,BITSHIFT,SparseSpikes,4,4096,4096,16x64x32_w4,SKIP,path-B FP8 not implemented yet
F8_E4M3_B128,LUT,SparseSpikes,4,4096,4096,16x64x64_w4,OK,ms=1.252,tflops=0.11,gbps=13.6,maxabs=8.937e-02,p99=5.157e-02,rel=2.134e-04
F8_E4M3_B128,BITSHIFT,SparseSpikes,4,4096,4096,16x64x64_w4,SKIP,path-B FP8 not implemented yet
F8_E4M3_B128,LUT,SparseSpikes,4,4096,4096,16x128x32_w8,OK,ms=1.308,tflops=0.10,gbps=13.0,maxabs=8.937e-02,p99=5.157e-02,rel=2.134e-04
F8_E4M3_B128,BITSHIFT,SparseSpikes,4,4096,4096,16x128x32_w8,SKIP,path-B FP8 not implemented yet
F8_E4M3_B128,LUT,SparseSpikes,4,4096,4096,16x128x64_w8,OK,ms=1.348,tflops=0.10,gbps=12.6,maxabs=8.937e-02,p99=5.157e-02,rel=2.134e-04
F8_E4M3_B128,BITSHIFT,SparseSpikes,4,4096,4096,16x128x64_w8,SKIP,path-B FP8 not implemented yet
F8_E4M3_B128,LUT,SparseSpikes,8,4096,4096,16x64x32_w4,OK,ms=1.249,tflops=0.21,gbps=13.8,maxabs=9.299e-02,p99=5.198e-02,rel=2.158e-04
F8_E4M3_B128,BITSHIFT,SparseSpikes,8,4096,4096,16x64x32_w4,SKIP,path-B FP8 not implemented yet
F8_E4M3_B128,LUT,SparseSpikes,8,4096,4096,16x64x64_w4,OK,ms=1.253,tflops=0.21,gbps=13.7,maxabs=9.299e-02,p99=5.198e-02,rel=2.158e-04
F8_E4M3_B128,BITSHIFT,SparseSpikes,8,4096,4096,16x64x64_w4,SKIP,path-B FP8 not implemented yet
F8_E4M3_B128,LUT,SparseSpikes,8,4096,4096,16x128x32_w8,OK,ms=1.325,tflops=0.20,gbps=13.0,maxabs=9.299e-02,p99=5.198e-02,rel=2.158e-04
F8_E4M3_B128,BITSHIFT,SparseSpikes,8,4096,4096,16x128x32_w8,SKIP,path-B FP8 not implemented yet
F8_E4M3_B128,LUT,SparseSpikes,8,4096,4096,16x128x64_w8,OK,ms=1.346,tflops=0.20,gbps=12.8,maxabs=9.299e-02,p99=5.198e-02,rel=2.158e-04
F8_E4M3_B128,BITSHIFT,SparseSpikes,8,4096,4096,16x128x64_w8,SKIP,path-B FP8 not implemented yet
F8_E4M3_B128,LUT,SparseSpikes,16,4096,4096,16x64x32_w4,OK,ms=1.255,tflops=0.43,gbps=13.9,maxabs=9.302e-02,p99=5.192e-02,rel=2.143e-04
F8_E4M3_B128,BITSHIFT,SparseSpikes,16,4096,4096,16x64x32_w4,SKIP,path-B FP8 not implemented yet
F8_E4M3_B128,LUT,SparseSpikes,16,4096,4096,16x64x64_w4,OK,ms=1.261,tflops=0.43,gbps=13.8,maxabs=9.302e-02,p99=5.192e-02,rel=2.143e-04
F8_E4M3_B128,BITSHIFT,SparseSpikes,16,4096,4096,16x64x64_w4,SKIP,path-B FP8 not implemented yet
F8_E4M3_B128,LUT,SparseSpikes,16,4096,4096,16x128x32_w8,OK,ms=1.346,tflops=0.40,gbps=13.0,maxabs=9.302e-02,p99=5.192e-02,rel=2.143e-04
F8_E4M3_B128,BITSHIFT,SparseSpikes,16,4096,4096,16x128x32_w8,SKIP,path-B FP8 not implemented yet
F8_E4M3_B128,LUT,SparseSpikes,16,4096,4096,16x128x64_w8,OK,ms=1.349,tflops=0.40,gbps=12.9,maxabs=9.302e-02,p99=5.192e-02,rel=2.143e-04
F8_E4M3_B128,BITSHIFT,SparseSpikes,16,4096,4096,16x128x64_w8,SKIP,path-B FP8 not implemented yet
F8_E4M3_B128,LUT,SparseSpikes,32,4096,4096,16x64x32_w4,OK,ms=1.256,tflops=0.85,gbps=14.3,maxabs=9.305e-02,p99=5.204e-02,rel=2.150e-04
F8_E4M3_B128,BITSHIFT,SparseSpikes,32,4096,4096,16x64x32_w4,SKIP,path-B FP8 not implemented yet
F8_E4M3_B128,LUT,SparseSpikes,32,4096,4096,16x64x64_w4,OK,ms=1.265,tflops=0.85,gbps=14.2,maxabs=9.305e-02,p99=5.204e-02,rel=2.150e-04
F8_E4M3_B128,BITSHIFT,SparseSpikes,32,4096,4096,16x64x64_w4,SKIP,path-B FP8 not implemented yet
F8_E4M3_B128,LUT,SparseSpikes,32,4096,4096,16x128x32_w8,OK,ms=1.328,tflops=0.81,gbps=13.5,maxabs=9.305e-02,p99=5.204e-02,rel=2.150e-04
F8_E4M3_B128,BITSHIFT,SparseSpikes,32,4096,4096,16x128x32_w8,SKIP,path-B FP8 not implemented yet
F8_E4M3_B128,LUT,SparseSpikes,32,4096,4096,16x128x64_w8,OK,ms=1.334,tflops=0.80,gbps=13.5,maxabs=9.305e-02,p99=5.204e-02,rel=2.150e-04
F8_E4M3_B128,BITSHIFT,SparseSpikes,32,4096,4096,16x128x64_w8,SKIP,path-B FP8 not implemented yet
F8_E4M3_B128,LUT,SparseSpikes,64,4096,4096,16x64x32_w4,OK,ms=1.276,tflops=1.68,gbps=14.9,maxabs=9.305e-02,p99=5.170e-02,rel=2.138e-04
F8_E4M3_B128,BITSHIFT,SparseSpikes,64,4096,4096,16x64x32_w4,SKIP,path-B FP8 not implemented yet
F8_E4M3_B128,LUT,SparseSpikes,64,4096,4096,16x64x64_w4,OK,ms=1.354,tflops=1.59,gbps=14.0,maxabs=9.305e-02,p99=5.170e-02,rel=2.138e-04
F8_E4M3_B128,BITSHIFT,SparseSpikes,64,4096,4096,16x64x64_w4,SKIP,path-B FP8 not implemented yet
F8_E4M3_B128,LUT,SparseSpikes,64,4096,4096,16x128x32_w8,OK,ms=1.326,tflops=1.62,gbps=14.3,maxabs=9.305e-02,p99=5.170e-02,rel=2.138e-04
F8_E4M3_B128,BITSHIFT,SparseSpikes,64,4096,4096,16x128x32_w8,SKIP,path-B FP8 not implemented yet
F8_E4M3_B128,LUT,SparseSpikes,64,4096,4096,16x128x64_w8,OK,ms=1.335,tflops=1.61,gbps=14.2,maxabs=9.305e-02,p99=5.170e-02,rel=2.138e-04
F8_E4M3_B128,BITSHIFT,SparseSpikes,64,4096,4096,16x128x64_w8,SKIP,path-B FP8 not implemented yet
F8_E4M3_B128,LUT,SparseSpikes,1,7168,7168,16x64x32_w4,OK,ms=2.128,tflops=0.05,gbps=24.4,maxabs=9.722e-02,p99=6.708e-02,rel=2.142e-04
F8_E4M3_B128,BITSHIFT,SparseSpikes,1,7168,7168,16x64x32_w4,SKIP,path-B FP8 not implemented yet
F8_E4M3_B128,LUT,SparseSpikes,1,7168,7168,16x64x64_w4,OK,ms=2.267,tflops=0.05,gbps=22.9,maxabs=9.722e-02,p99=6.708e-02,rel=2.142e-04
F8_E4M3_B128,BITSHIFT,SparseSpikes,1,7168,7168,16x64x64_w4,SKIP,path-B FP8 not implemented yet
F8_E4M3_B128,LUT,SparseSpikes,1,7168,7168,16x128x32_w8,OK,ms=2.331,tflops=0.04,gbps=22.2,maxabs=9.722e-02,p99=6.708e-02,rel=2.142e-04
F8_E4M3_B128,BITSHIFT,SparseSpikes,1,7168,7168,16x128x32_w8,SKIP,path-B FP8 not implemented yet
F8_E4M3_B128,LUT,SparseSpikes,1,7168,7168,16x128x64_w8,OK,ms=2.285,tflops=0.04,gbps=22.7,maxabs=9.722e-02,p99=6.708e-02,rel=2.142e-04
F8_E4M3_B128,BITSHIFT,SparseSpikes,1,7168,7168,16x128x64_w8,SKIP,path-B FP8 not implemented yet
F8_E4M3_B128,LUT,SparseSpikes,4,7168,7168,16x64x32_w4,OK,ms=2.137,tflops=0.19,gbps=24.3,maxabs=1.049e-01,p99=6.755e-02,rel=2.136e-04
F8_E4M3_B128,BITSHIFT,SparseSpikes,4,7168,7168,16x64x32_w4,SKIP,path-B FP8 not implemented yet
F8_E4M3_B128,LUT,SparseSpikes,4,7168,7168,16x64x64_w4,OK,ms=2.273,tflops=0.18,gbps=22.9,maxabs=1.049e-01,p99=6.755e-02,rel=2.136e-04
F8_E4M3_B128,BITSHIFT,SparseSpikes,4,7168,7168,16x64x64_w4,SKIP,path-B FP8 not implemented yet
F8_E4M3_B128,LUT,SparseSpikes,4,7168,7168,16x128x32_w8,OK,ms=2.338,tflops=0.18,gbps=22.2,maxabs=1.049e-01,p99=6.755e-02,rel=2.136e-04
F8_E4M3_B128,BITSHIFT,SparseSpikes,4,7168,7168,16x128x32_w8,SKIP,path-B FP8 not implemented yet
F8_E4M3_B128,LUT,SparseSpikes,4,7168,7168,16x128x64_w8,OK,ms=2.289,tflops=0.18,gbps=22.7,maxabs=1.049e-01,p99=6.755e-02,rel=2.136e-04
F8_E4M3_B128,BITSHIFT,SparseSpikes,4,7168,7168,16x128x64_w8,SKIP,path-B FP8 not implemented yet
F8_E4M3_B128,LUT,SparseSpikes,8,7168,7168,16x64x32_w4,OK,ms=2.141,tflops=0.38,gbps=24.4,maxabs=1.076e-01,p99=6.762e-02,rel=2.141e-04
F8_E4M3_B128,BITSHIFT,SparseSpikes,8,7168,7168,16x64x32_w4,SKIP,path-B FP8 not implemented yet
F8_E4M3_B128,LUT,SparseSpikes,8,7168,7168,16x64x64_w4,OK,ms=2.271,tflops=0.36,gbps=23.0,maxabs=1.076e-01,p99=6.762e-02,rel=2.141e-04
F8_E4M3_B128,BITSHIFT,SparseSpikes,8,7168,7168,16x64x64_w4,SKIP,path-B FP8 not implemented yet
F8_E4M3_B128,LUT,SparseSpikes,8,7168,7168,16x128x32_w8,OK,ms=2.369,tflops=0.35,gbps=22.1,maxabs=1.076e-01,p99=6.762e-02,rel=2.141e-04
F8_E4M3_B128,BITSHIFT,SparseSpikes,8,7168,7168,16x128x32_w8,SKIP,path-B FP8 not implemented yet
F8_E4M3_B128,LUT,SparseSpikes,8,7168,7168,16x128x64_w8,OK,ms=2.294,tflops=0.36,gbps=22.8,maxabs=1.076e-01,p99=6.762e-02,rel=2.141e-04
F8_E4M3_B128,BITSHIFT,SparseSpikes,8,7168,7168,16x128x64_w8,SKIP,path-B FP8 not implemented yet
F8_E4M3_B128,LUT,SparseSpikes,16,7168,7168,16x64x32_w4,OK,ms=2.154,tflops=0.76,gbps=24.5,maxabs=1.294e-01,p99=6.746e-02,rel=2.145e-04
F8_E4M3_B128,BITSHIFT,SparseSpikes,16,7168,7168,16x64x32_w4,SKIP,path-B FP8 not implemented yet
F8_E4M3_B128,LUT,SparseSpikes,16,7168,7168,16x64x64_w4,OK,ms=2.287,tflops=0.72,gbps=23.0,maxabs=1.294e-01,p99=6.746e-02,rel=2.145e-04
F8_E4M3_B128,BITSHIFT,SparseSpikes,16,7168,7168,16x64x64_w4,SKIP,path-B FP8 not implemented yet
F8_E4M3_B128,LUT,SparseSpikes,16,7168,7168,16x128x32_w8,OK,ms=2.401,tflops=0.68,gbps=21.9,maxabs=1.294e-01,p99=6.746e-02,rel=2.145e-04
F8_E4M3_B128,BITSHIFT,SparseSpikes,16,7168,7168,16x128x32_w8,SKIP,path-B FP8 not implemented yet
F8_E4M3_B128,LUT,SparseSpikes,16,7168,7168,16x128x64_w8,OK,ms=2.296,tflops=0.72,gbps=22.9,maxabs=1.294e-01,p99=6.746e-02,rel=2.145e-04
F8_E4M3_B128,BITSHIFT,SparseSpikes,16,7168,7168,16x128x64_w8,SKIP,path-B FP8 not implemented yet
F8_E4M3_B128,LUT,SparseSpikes,32,7168,7168,16x64x32_w4,OK,ms=2.133,tflops=1.54,gbps=25.1,maxabs=1.293e-01,p99=6.758e-02,rel=2.137e-04
F8_E4M3_B128,BITSHIFT,SparseSpikes,32,7168,7168,16x64x32_w4,SKIP,path-B FP8 not implemented yet
F8_E4M3_B128,LUT,SparseSpikes,32,7168,7168,16x64x64_w4,OK,ms=2.273,tflops=1.45,gbps=23.6,maxabs=1.293e-01,p99=6.758e-02,rel=2.137e-04
F8_E4M3_B128,BITSHIFT,SparseSpikes,32,7168,7168,16x64x64_w4,SKIP,path-B FP8 not implemented yet
F8_E4M3_B128,LUT,SparseSpikes,32,7168,7168,16x128x32_w8,OK,ms=2.424,tflops=1.36,gbps=22.1,maxabs=1.293e-01,p99=6.758e-02,rel=2.137e-04
F8_E4M3_B128,BITSHIFT,SparseSpikes,32,7168,7168,16x128x32_w8,SKIP,path-B FP8 not implemented yet
F8_E4M3_B128,LUT,SparseSpikes,32,7168,7168,16x128x64_w8,OK,ms=2.387,tflops=1.38,gbps=22.5,maxabs=1.293e-01,p99=6.758e-02,rel=2.137e-04
F8_E4M3_B128,BITSHIFT,SparseSpikes,32,7168,7168,16x128x64_w8,SKIP,path-B FP8 not implemented yet
F8_E4M3_B128,LUT,SparseSpikes,64,7168,7168,16x64x32_w4,OK,ms=2.287,tflops=2.88,gbps=24.2,maxabs=1.293e-01,p99=6.766e-02,rel=2.134e-04
F8_E4M3_B128,BITSHIFT,SparseSpikes,64,7168,7168,16x64x32_w4,SKIP,path-B FP8 not implemented yet
F8_E4M3_B128,LUT,SparseSpikes,64,7168,7168,16x64x64_w4,OK,ms=2.529,tflops=2.60,gbps=21.9,maxabs=1.293e-01,p99=6.766e-02,rel=2.134e-04
F8_E4M3_B128,BITSHIFT,SparseSpikes,64,7168,7168,16x64x64_w4,SKIP,path-B FP8 not implemented yet
F8_E4M3_B128,LUT,SparseSpikes,64,7168,7168,16x128x32_w8,OK,ms=2.533,tflops=2.60,gbps=21.9,maxabs=1.293e-01,p99=6.766e-02,rel=2.134e-04
F8_E4M3_B128,BITSHIFT,SparseSpikes,64,7168,7168,16x128x32_w8,SKIP,path-B FP8 not implemented yet
F8_E4M3_B128,LUT,SparseSpikes,64,7168,7168,16x128x64_w8,OK,ms=2.632,tflops=2.50,gbps=21.1,maxabs=1.293e-01,p99=6.766e-02,rel=2.134e-04
F8_E4M3_B128,BITSHIFT,SparseSpikes,64,7168,7168,16x128x64_w8,SKIP,path-B FP8 not implemented yet
INT8,LUT,Adversarial,1,4096,4096,16x64x32_w4,OK,ms=0.803,tflops=0.04,gbps=22.2,maxabs=8.133e+00,p99=7.773e+00,rel=9.129e-05
INT8,BITSHIFT,Adversarial,1,4096,4096,16x64x32_w4,OK,ms=0.442,tflops=0.08,gbps=40.4,maxabs=1.406e-01,p99=1.172e-01,rel=7.197e-07
INT8,LUT,Adversarial,1,4096,4096,16x64x64_w4,OK,ms=0.918,tflops=0.04,gbps=19.5,maxabs=8.133e+00,p99=7.773e+00,rel=9.129e-05
INT8,BITSHIFT,Adversarial,1,4096,4096,16x64x64_w4,OK,ms=0.505,tflops=0.07,gbps=35.3,maxabs=1.406e-01,p99=1.172e-01,rel=7.197e-07
INT8,LUT,Adversarial,1,4096,4096,16x128x32_w8,OK,ms=0.780,tflops=0.04,gbps=22.9,maxabs=8.133e+00,p99=7.773e+00,rel=9.129e-05
INT8,BITSHIFT,Adversarial,1,4096,4096,16x128x32_w8,OK,ms=0.531,tflops=0.06,gbps=33.6,maxabs=1.406e-01,p99=1.172e-01,rel=7.197e-07
INT8,LUT,Adversarial,1,4096,4096,16x128x64_w8,OK,ms=1.001,tflops=0.03,gbps=17.8,maxabs=8.133e+00,p99=7.773e+00,rel=9.129e-05
INT8,BITSHIFT,Adversarial,1,4096,4096,16x128x64_w8,OK,ms=0.627,tflops=0.05,gbps=28.5,maxabs=1.406e-01,p99=1.172e-01,rel=7.197e-07
INT8,LUT,Adversarial,4,4096,4096,16x64x32_w4,OK,ms=0.755,tflops=0.18,gbps=23.8,maxabs=8.516e+00,p99=7.773e+00,rel=8.983e-05
INT8,BITSHIFT,Adversarial,4,4096,4096,16x64x32_w4,OK,ms=0.487,tflops=0.28,gbps=36.9,maxabs=4.453e-01,p99=4.141e-01,rel=1.617e-06
INT8,LUT,Adversarial,4,4096,4096,16x64x64_w4,OK,ms=0.914,tflops=0.15,gbps=19.6,maxabs=8.516e+00,p99=7.773e+00,rel=8.983e-05
INT8,BITSHIFT,Adversarial,4,4096,4096,16x64x64_w4,OK,ms=0.537,tflops=0.25,gbps=33.5,maxabs=4.453e-01,p99=4.141e-01,rel=1.617e-06
INT8,LUT,Adversarial,4,4096,4096,16x128x32_w8,OK,ms=0.769,tflops=0.17,gbps=23.3,maxabs=8.516e+00,p99=7.773e+00,rel=8.983e-05
INT8,BITSHIFT,Adversarial,4,4096,4096,16x128x32_w8,OK,ms=0.552,tflops=0.24,gbps=32.5,maxabs=4.453e-01,p99=4.141e-01,rel=1.617e-06
INT8,LUT,Adversarial,4,4096,4096,16x128x64_w8,OK,ms=1.006,tflops=0.13,gbps=17.8,maxabs=8.516e+00,p99=7.773e+00,rel=8.983e-05
INT8,BITSHIFT,Adversarial,4,4096,4096,16x128x64_w8,OK,ms=0.654,tflops=0.21,gbps=27.5,maxabs=4.453e-01,p99=4.141e-01,rel=1.617e-06
INT8,LUT,Adversarial,8,4096,4096,16x64x32_w4,OK,ms=0.755,tflops=0.36,gbps=24.0,maxabs=8.617e+00,p99=7.891e+00,rel=9.110e-05
INT8,BITSHIFT,Adversarial,8,4096,4096,16x64x32_w4,OK,ms=0.536,tflops=0.50,gbps=33.8,maxabs=5.703e-01,p99=5.156e-01,rel=1.884e-06
INT8,LUT,Adversarial,8,4096,4096,16x64x64_w4,OK,ms=0.918,tflops=0.29,gbps=19.7,maxabs=8.617e+00,p99=7.891e+00,rel=9.110e-05
INT8,BITSHIFT,Adversarial,8,4096,4096,16x64x64_w4,OK,ms=0.592,tflops=0.45,gbps=30.6,maxabs=5.703e-01,p99=5.156e-01,rel=1.884e-06
INT8,LUT,Adversarial,8,4096,4096,16x128x32_w8,OK,ms=0.820,tflops=0.33,gbps=22.0,maxabs=8.617e+00,p99=7.891e+00,rel=9.110e-05
INT8,BITSHIFT,Adversarial,8,4096,4096,16x128x32_w8,OK,ms=0.652,tflops=0.41,gbps=27.7,maxabs=5.703e-01,p99=5.156e-01,rel=1.884e-06
INT8,LUT,Adversarial,8,4096,4096,16x128x64_w8,OK,ms=1.005,tflops=0.27,gbps=18.0,maxabs=8.617e+00,p99=7.891e+00,rel=9.110e-05
INT8,BITSHIFT,Adversarial,8,4096,4096,16x128x64_w8,OK,ms=0.739,tflops=0.36,gbps=24.5,maxabs=5.703e-01,p99=5.156e-01,rel=1.884e-06
INT8,LUT,Adversarial,16,4096,4096,16x64x32_w4,OK,ms=0.756,tflops=0.71,gbps=24.3,maxabs=8.625e+00,p99=7.844e+00,rel=9.071e-05
INT8,BITSHIFT,Adversarial,16,4096,4096,16x64x32_w4,OK,ms=0.654,tflops=0.82,gbps=28.0,maxabs=5.703e-01,p99=5.000e-01,rel=1.769e-06
INT8,LUT,Adversarial,16,4096,4096,16x64x64_w4,OK,ms=0.925,tflops=0.58,gbps=19.8,maxabs=8.625e+00,p99=7.844e+00,rel=9.071e-05
INT8,BITSHIFT,Adversarial,16,4096,4096,16x64x64_w4,OK,ms=0.726,tflops=0.74,gbps=25.3,maxabs=5.703e-01,p99=5.000e-01,rel=1.769e-06
INT8,LUT,Adversarial,16,4096,4096,16x128x32_w8,OK,ms=0.839,tflops=0.64,gbps=21.9,maxabs=8.625e+00,p99=7.844e+00,rel=9.071e-05
INT8,BITSHIFT,Adversarial,16,4096,4096,16x128x32_w8,OK,ms=0.810,tflops=0.66,gbps=22.7,maxabs=5.703e-01,p99=5.000e-01,rel=1.769e-06
INT8,LUT,Adversarial,16,4096,4096,16x128x64_w8,OK,ms=1.006,tflops=0.53,gbps=18.2,maxabs=8.625e+00,p99=7.844e+00,rel=9.071e-05
INT8,BITSHIFT,Adversarial,16,4096,4096,16x128x64_w8,OK,ms=0.865,tflops=0.62,gbps=21.2,maxabs=5.703e-01,p99=5.000e-01,rel=1.769e-06
INT8,LUT,Adversarial,32,4096,4096,16x64x32_w4,OK,ms=0.769,tflops=1.40,gbps=24.5,maxabs=8.625e+00,p99=7.836e+00,rel=9.051e-05
INT8,BITSHIFT,Adversarial,32,4096,4096,16x64x32_w4,OK,ms=0.743,tflops=1.45,gbps=25.4,maxabs=5.781e-01,p99=4.141e-01,rel=1.681e-06
INT8,LUT,Adversarial,32,4096,4096,16x64x64_w4,OK,ms=0.930,tflops=1.15,gbps=20.3,maxabs=8.625e+00,p99=7.836e+00,rel=9.051e-05
INT8,BITSHIFT,Adversarial,32,4096,4096,16x64x64_w4,OK,ms=0.831,tflops=1.29,gbps=22.7,maxabs=5.781e-01,p99=4.141e-01,rel=1.681e-06
INT8,LUT,Adversarial,32,4096,4096,16x128x32_w8,OK,ms=0.818,tflops=1.31,gbps=23.1,maxabs=8.625e+00,p99=7.836e+00,rel=9.051e-05
INT8,BITSHIFT,Adversarial,32,4096,4096,16x128x32_w8,OK,ms=0.806,tflops=1.33,gbps=23.4,maxabs=5.781e-01,p99=4.141e-01,rel=1.681e-06
INT8,LUT,Adversarial,32,4096,4096,16x128x64_w8,OK,ms=0.995,tflops=1.08,gbps=19.0,maxabs=8.625e+00,p99=7.836e+00,rel=9.051e-05
INT8,BITSHIFT,Adversarial,32,4096,4096,16x128x64_w8,OK,ms=0.848,tflops=1.27,gbps=22.3,maxabs=5.781e-01,p99=4.141e-01,rel=1.681e-06
INT8,LUT,Adversarial,64,4096,4096,16x64x32_w4,OK,ms=0.806,tflops=2.67,gbps=24.7,maxabs=8.688e+00,p99=7.852e+00,rel=9.062e-05
INT8,BITSHIFT,Adversarial,64,4096,4096,16x64x32_w4,OK,ms=0.995,tflops=2.16,gbps=20.0,maxabs=5.781e-01,p99=4.219e-01,rel=1.727e-06
INT8,LUT,Adversarial,64,4096,4096,16x64x64_w4,OK,ms=1.023,tflops=2.10,gbps=19.5,maxabs=8.688e+00,p99=7.852e+00,rel=9.062e-05
INT8,BITSHIFT,Adversarial,64,4096,4096,16x64x64_w4,OK,ms=1.166,tflops=1.84,gbps=17.1,maxabs=5.781e-01,p99=4.219e-01,rel=1.727e-06
INT8,LUT,Adversarial,64,4096,4096,16x128x32_w8,OK,ms=0.831,tflops=2.58,gbps=24.0,maxabs=8.688e+00,p99=7.852e+00,rel=9.062e-05
INT8,BITSHIFT,Adversarial,64,4096,4096,16x128x32_w8,OK,ms=1.055,tflops=2.04,gbps=18.9,maxabs=5.781e-01,p99=4.219e-01,rel=1.727e-06
INT8,LUT,Adversarial,64,4096,4096,16x128x64_w8,OK,ms=0.998,tflops=2.15,gbps=20.0,maxabs=8.688e+00,p99=7.852e+00,rel=9.062e-05
INT8,BITSHIFT,Adversarial,64,4096,4096,16x128x64_w8,OK,ms=1.224,tflops=1.75,gbps=16.3,maxabs=5.781e-01,p99=4.219e-01,rel=1.727e-06
INT8,LUT,Adversarial,1,7168,7168,16x64x32_w4,OK,ms=1.452,tflops=0.07,gbps=37.6,maxabs=2.172e+01,p99=2.119e+01,rel=1.547e-04
INT8,BITSHIFT,Adversarial,1,7168,7168,16x64x32_w4,OK,ms=0.912,tflops=0.11,gbps=59.9,maxabs=3.125e-01,p99=2.656e-01,rel=1.311e-06
INT8,LUT,Adversarial,1,7168,7168,16x64x64_w4,OK,ms=1.753,tflops=0.06,gbps=31.2,maxabs=2.172e+01,p99=2.119e+01,rel=1.547e-04
INT8,BITSHIFT,Adversarial,1,7168,7168,16x64x64_w4,OK,ms=1.106,tflops=0.09,gbps=49.4,maxabs=3.125e-01,p99=2.656e-01,rel=1.311e-06
INT8,LUT,Adversarial,1,7168,7168,16x128x32_w8,OK,ms=1.445,tflops=0.07,gbps=37.8,maxabs=2.172e+01,p99=2.119e+01,rel=1.547e-04
INT8,BITSHIFT,Adversarial,1,7168,7168,16x128x32_w8,OK,ms=0.942,tflops=0.11,gbps=58.0,maxabs=3.125e-01,p99=2.656e-01,rel=1.311e-06
INT8,LUT,Adversarial,1,7168,7168,16x128x64_w8,OK,ms=1.763,tflops=0.06,gbps=31.0,maxabs=2.172e+01,p99=2.119e+01,rel=1.547e-04
INT8,BITSHIFT,Adversarial,1,7168,7168,16x128x64_w8,OK,ms=1.096,tflops=0.09,gbps=49.9,maxabs=3.125e-01,p99=2.656e-01,rel=1.311e-06
INT8,LUT,Adversarial,4,7168,7168,16x64x32_w4,OK,ms=1.432,tflops=0.29,gbps=38.3,maxabs=2.200e+01,p99=2.125e+01,rel=1.535e-04
INT8,BITSHIFT,Adversarial,4,7168,7168,16x64x32_w4,OK,ms=0.993,tflops=0.41,gbps=55.2,maxabs=5.156e-01,p99=4.375e-01,rel=1.262e-06
INT8,LUT,Adversarial,4,7168,7168,16x64x64_w4,OK,ms=1.760,tflops=0.23,gbps=31.2,maxabs=2.200e+01,p99=2.125e+01,rel=1.535e-04
INT8,BITSHIFT,Adversarial,4,7168,7168,16x64x64_w4,OK,ms=1.194,tflops=0.34,gbps=45.9,maxabs=5.156e-01,p99=4.375e-01,rel=1.262e-06
INT8,LUT,Adversarial,4,7168,7168,16x128x32_w8,OK,ms=1.450,tflops=0.28,gbps=37.8,maxabs=2.200e+01,p99=2.125e+01,rel=1.535e-04
INT8,BITSHIFT,Adversarial,4,7168,7168,16x128x32_w8,OK,ms=0.992,tflops=0.41,gbps=55.3,maxabs=5.156e-01,p99=4.375e-01,rel=1.262e-06
INT8,LUT,Adversarial,4,7168,7168,16x128x64_w8,OK,ms=1.771,tflops=0.23,gbps=30.9,maxabs=2.200e+01,p99=2.125e+01,rel=1.535e-04
INT8,BITSHIFT,Adversarial,4,7168,7168,16x128x64_w8,OK,ms=1.169,tflops=0.35,gbps=46.9,maxabs=5.156e-01,p99=4.375e-01,rel=1.262e-06
INT8,LUT,Adversarial,8,7168,7168,16x64x32_w4,OK,ms=1.436,tflops=0.57,gbps=38.3,maxabs=2.216e+01,p99=2.127e+01,rel=1.538e-04
INT8,BITSHIFT,Adversarial,8,7168,7168,16x64x32_w4,OK,ms=1.106,tflops=0.74,gbps=49.8,maxabs=5.156e-01,p99=4.297e-01,rel=1.083e-06
INT8,LUT,Adversarial,8,7168,7168,16x64x64_w4,OK,ms=1.760,tflops=0.47,gbps=31.3,maxabs=2.216e+01,p99=2.127e+01,rel=1.538e-04
INT8,BITSHIFT,Adversarial,8,7168,7168,16x64x64_w4,OK,ms=1.311,tflops=0.63,gbps=42.0,maxabs=5.156e-01,p99=4.297e-01,rel=1.083e-06
INT8,LUT,Adversarial,8,7168,7168,16x128x32_w8,OK,ms=1.500,tflops=0.55,gbps=36.7,maxabs=2.216e+01,p99=2.127e+01,rel=1.538e-04
INT8,BITSHIFT,Adversarial,8,7168,7168,16x128x32_w8,OK,ms=1.158,tflops=0.71,gbps=47.5,maxabs=5.156e-01,p99=4.297e-01,rel=1.083e-06
INT8,LUT,Adversarial,8,7168,7168,16x128x64_w8,OK,ms=1.773,tflops=0.46,gbps=31.1,maxabs=2.216e+01,p99=2.127e+01,rel=1.538e-04
INT8,BITSHIFT,Adversarial,8,7168,7168,16x128x64_w8,OK,ms=1.313,tflops=0.63,gbps=41.9,maxabs=5.156e-01,p99=4.297e-01,rel=1.083e-06
INT8,LUT,Adversarial,16,7168,7168,16x64x32_w4,OK,ms=1.443,tflops=1.14,gbps=38.5,maxabs=2.225e+01,p99=2.122e+01,rel=1.535e-04
INT8,BITSHIFT,Adversarial,16,7168,7168,16x64x32_w4,OK,ms=1.318,tflops=1.25,gbps=42.1,maxabs=5.781e-01,p99=4.062e-01,rel=9.729e-07
INT8,LUT,Adversarial,16,7168,7168,16x64x64_w4,OK,ms=1.776,tflops=0.93,gbps=31.3,maxabs=2.225e+01,p99=2.122e+01,rel=1.535e-04
INT8,BITSHIFT,Adversarial,16,7168,7168,16x64x64_w4,OK,ms=1.535,tflops=1.07,gbps=36.2,maxabs=5.781e-01,p99=4.062e-01,rel=9.729e-07
INT8,LUT,Adversarial,16,7168,7168,16x128x32_w8,OK,ms=1.530,tflops=1.07,gbps=36.3,maxabs=2.225e+01,p99=2.122e+01,rel=1.535e-04
INT8,BITSHIFT,Adversarial,16,7168,7168,16x128x32_w8,OK,ms=1.418,tflops=1.16,gbps=39.2,maxabs=5.781e-01,p99=4.062e-01,rel=9.729e-07
INT8,LUT,Adversarial,16,7168,7168,16x128x64_w8,OK,ms=1.780,tflops=0.92,gbps=31.2,maxabs=2.225e+01,p99=2.122e+01,rel=1.535e-04
INT8,BITSHIFT,Adversarial,16,7168,7168,16x128x64_w8,OK,ms=1.515,tflops=1.09,gbps=36.6,maxabs=5.781e-01,p99=4.062e-01,rel=9.729e-07
INT8,LUT,Adversarial,32,7168,7168,16x64x32_w4,OK,ms=1.496,tflops=2.20,gbps=37.7,maxabs=2.216e+01,p99=2.120e+01,rel=1.533e-04
INT8,BITSHIFT,Adversarial,32,7168,7168,16x64x32_w4,OK,ms=1.578,tflops=2.08,gbps=35.8,maxabs=5.156e-01,p99=3.750e-01,rel=8.920e-07
INT8,LUT,Adversarial,32,7168,7168,16x64x64_w4,OK,ms=1.798,tflops=1.83,gbps=31.4,maxabs=2.216e+01,p99=2.120e+01,rel=1.533e-04
INT8,BITSHIFT,Adversarial,32,7168,7168,16x64x64_w4,OK,ms=1.767,tflops=1.86,gbps=31.9,maxabs=5.156e-01,p99=3.750e-01,rel=8.920e-07
INT8,LUT,Adversarial,32,7168,7168,16x128x32_w8,OK,ms=1.539,tflops=2.14,gbps=36.7,maxabs=2.216e+01,p99=2.120e+01,rel=1.533e-04
INT8,BITSHIFT,Adversarial,32,7168,7168,16x128x32_w8,OK,ms=1.937,tflops=1.70,gbps=29.1,maxabs=5.156e-01,p99=3.750e-01,rel=8.920e-07
INT8,LUT,Adversarial,32,7168,7168,16x128x64_w8,OK,ms=1.850,tflops=1.78,gbps=30.5,maxabs=2.216e+01,p99=2.120e+01,rel=1.533e-04
INT8,BITSHIFT,Adversarial,32,7168,7168,16x128x64_w8,OK,ms=2.193,tflops=1.50,gbps=25.7,maxabs=5.156e-01,p99=3.750e-01,rel=8.920e-07
INT8,LUT,Adversarial,64,7168,7168,16x64x32_w4,OK,ms=1.613,tflops=4.08,gbps=36.1,maxabs=2.225e+01,p99=2.120e+01,rel=1.533e-04
INT8,BITSHIFT,Adversarial,64,7168,7168,16x64x32_w4,OK,ms=2.276,tflops=2.89,gbps=25.6,maxabs=5.625e-01,p99=3.828e-01,rel=9.283e-07
INT8,LUT,Adversarial,64,7168,7168,16x64x64_w4,OK,ms=1.971,tflops=3.34,gbps=29.6,maxabs=2.225e+01,p99=2.120e+01,rel=1.533e-04
INT8,BITSHIFT,Adversarial,64,7168,7168,16x64x64_w4,OK,ms=2.654,tflops=2.48,gbps=22.0,maxabs=5.625e-01,p99=3.828e-01,rel=9.283e-07
INT8,LUT,Adversarial,64,7168,7168,16x128x32_w8,OK,ms=1.654,tflops=3.98,gbps=35.2,maxabs=2.225e+01,p99=2.120e+01,rel=1.533e-04
INT8,BITSHIFT,Adversarial,64,7168,7168,16x128x32_w8,OK,ms=2.417,tflops=2.72,gbps=24.1,maxabs=5.625e-01,p99=3.828e-01,rel=9.283e-07
INT8,LUT,Adversarial,64,7168,7168,16x128x64_w8,OK,ms=2.033,tflops=3.24,gbps=28.7,maxabs=2.225e+01,p99=2.120e+01,rel=1.533e-04
INT8,BITSHIFT,Adversarial,64,7168,7168,16x128x64_w8,OK,ms=2.781,tflops=2.37,gbps=21.0,maxabs=5.625e-01,p99=3.828e-01,rel=9.283e-07
INT4,LUT,Adversarial,1,4096,4096,16x64x32_w4,OK,ms=0.658,tflops=0.05,gbps=14.4,maxabs=8.273e+00,p99=7.625e+00,rel=8.801e-05
INT4,BITSHIFT,Adversarial,1,4096,4096,16x64x32_w4,OK,ms=0.453,tflops=0.07,gbps=20.9,maxabs=1.562e-01,p99=1.250e-01,rel=7.437e-07
INT4,LUT,Adversarial,1,4096,4096,16x64x64_w4,OK,ms=0.773,tflops=0.04,gbps=12.2,maxabs=8.273e+00,p99=7.625e+00,rel=8.801e-05
INT4,BITSHIFT,Adversarial,1,4096,4096,16x64x64_w4,OK,ms=0.474,tflops=0.07,gbps=20.0,maxabs=1.562e-01,p99=1.250e-01,rel=7.437e-07
INT4,LUT,Adversarial,1,4096,4096,16x128x32_w8,OK,ms=0.771,tflops=0.04,gbps=12.3,maxabs=8.273e+00,p99=7.625e+00,rel=8.801e-05
INT4,BITSHIFT,Adversarial,1,4096,4096,16x128x32_w8,OK,ms=0.528,tflops=0.06,gbps=17.9,maxabs=1.562e-01,p99=1.250e-01,rel=7.437e-07
INT4,LUT,Adversarial,1,4096,4096,16x128x64_w8,OK,ms=0.853,tflops=0.04,gbps=11.1,maxabs=8.273e+00,p99=7.625e+00,rel=8.801e-05
INT4,BITSHIFT,Adversarial,1,4096,4096,16x128x64_w8,OK,ms=0.591,tflops=0.06,gbps=16.0,maxabs=1.562e-01,p99=1.250e-01,rel=7.437e-07
INT4,LUT,Adversarial,4,4096,4096,16x64x32_w4,OK,ms=0.632,tflops=0.21,gbps=15.1,maxabs=8.523e+00,p99=7.625e+00,rel=8.653e-05
INT4,BITSHIFT,Adversarial,4,4096,4096,16x64x32_w4,OK,ms=0.500,tflops=0.27,gbps=19.1,maxabs=4.766e-01,p99=4.219e-01,rel=1.625e-06
INT4,LUT,Adversarial,4,4096,4096,16x64x64_w4,OK,ms=0.776,tflops=0.17,gbps=12.3,maxabs=8.523e+00,p99=7.625e+00,rel=8.653e-05
INT4,BITSHIFT,Adversarial,4,4096,4096,16x64x64_w4,OK,ms=0.509,tflops=0.26,gbps=18.8,maxabs=4.766e-01,p99=4.219e-01,rel=1.625e-06
INT4,LUT,Adversarial,4,4096,4096,16x128x32_w8,OK,ms=0.769,tflops=0.17,gbps=12.4,maxabs=8.523e+00,p99=7.625e+00,rel=8.653e-05
INT4,BITSHIFT,Adversarial,4,4096,4096,16x128x32_w8,OK,ms=0.565,tflops=0.24,gbps=16.9,maxabs=4.766e-01,p99=4.219e-01,rel=1.625e-06
INT4,LUT,Adversarial,4,4096,4096,16x128x64_w8,OK,ms=0.860,tflops=0.16,gbps=11.1,maxabs=8.523e+00,p99=7.625e+00,rel=8.653e-05
INT4,BITSHIFT,Adversarial,4,4096,4096,16x128x64_w8,OK,ms=0.629,tflops=0.21,gbps=15.2,maxabs=4.766e-01,p99=4.219e-01,rel=1.625e-06
INT4,LUT,Adversarial,8,4096,4096,16x64x32_w4,OK,ms=0.641,tflops=0.42,gbps=15.1,maxabs=8.586e+00,p99=7.727e+00,rel=8.777e-05
INT4,BITSHIFT,Adversarial,8,4096,4096,16x64x32_w4,OK,ms=0.559,tflops=0.48,gbps=17.3,maxabs=5.781e-01,p99=5.156e-01,rel=1.891e-06
INT4,LUT,Adversarial,8,4096,4096,16x64x64_w4,OK,ms=0.780,tflops=0.34,gbps=12.4,maxabs=8.586e+00,p99=7.727e+00,rel=8.777e-05
INT4,BITSHIFT,Adversarial,8,4096,4096,16x64x64_w4,OK,ms=0.567,tflops=0.47,gbps=17.1,maxabs=5.781e-01,p99=5.156e-01,rel=1.891e-06
INT4,LUT,Adversarial,8,4096,4096,16x128x32_w8,OK,ms=0.793,tflops=0.34,gbps=12.2,maxabs=8.586e+00,p99=7.727e+00,rel=8.777e-05
INT4,BITSHIFT,Adversarial,8,4096,4096,16x128x32_w8,OK,ms=0.639,tflops=0.42,gbps=15.2,maxabs=5.781e-01,p99=5.156e-01,rel=1.891e-06
INT4,LUT,Adversarial,8,4096,4096,16x128x64_w8,OK,ms=0.864,tflops=0.31,gbps=11.2,maxabs=8.586e+00,p99=7.727e+00,rel=8.777e-05
INT4,BITSHIFT,Adversarial,8,4096,4096,16x128x64_w8,OK,ms=0.695,tflops=0.39,gbps=14.0,maxabs=5.781e-01,p99=5.156e-01,rel=1.891e-06
INT4,LUT,Adversarial,16,4096,4096,16x64x32_w4,OK,ms=0.676,tflops=0.79,gbps=14.7,maxabs=8.578e+00,p99=7.688e+00,rel=8.734e-05
INT4,BITSHIFT,Adversarial,16,4096,4096,16x64x32_w4,OK,ms=0.690,tflops=0.78,gbps=14.4,maxabs=5.859e-01,p99=5.000e-01,rel=1.782e-06
INT4,LUT,Adversarial,16,4096,4096,16x64x64_w4,OK,ms=0.789,tflops=0.68,gbps=12.6,maxabs=8.578e+00,p99=7.688e+00,rel=8.734e-05
INT4,BITSHIFT,Adversarial,16,4096,4096,16x64x64_w4,OK,ms=0.701,tflops=0.77,gbps=14.2,maxabs=5.859e-01,p99=5.000e-01,rel=1.782e-06
INT4,LUT,Adversarial,16,4096,4096,16x128x32_w8,OK,ms=0.822,tflops=0.65,gbps=12.1,maxabs=8.578e+00,p99=7.688e+00,rel=8.734e-05
INT4,BITSHIFT,Adversarial,16,4096,4096,16x128x32_w8,OK,ms=0.814,tflops=0.66,gbps=12.2,maxabs=5.859e-01,p99=5.000e-01,rel=1.782e-06
INT4,LUT,Adversarial,16,4096,4096,16x128x64_w8,OK,ms=0.870,tflops=0.62,gbps=11.5,maxabs=8.578e+00,p99=7.688e+00,rel=8.734e-05
INT4,BITSHIFT,Adversarial,16,4096,4096,16x128x64_w8,OK,ms=0.824,tflops=0.65,gbps=12.1,maxabs=5.859e-01,p99=5.000e-01,rel=1.782e-06
INT4,LUT,Adversarial,32,4096,4096,16x64x32_w4,OK,ms=0.757,tflops=1.42,gbps=13.9,maxabs=8.586e+00,p99=7.680e+00,rel=8.714e-05
INT4,BITSHIFT,Adversarial,32,4096,4096,16x64x32_w4,OK,ms=0.743,tflops=1.44,gbps=14.1,maxabs=5.781e-01,p99=4.219e-01,rel=1.689e-06
INT4,LUT,Adversarial,32,4096,4096,16x64x64_w4,OK,ms=0.814,tflops=1.32,gbps=12.9,maxabs=8.586e+00,p99=7.680e+00,rel=8.714e-05
INT4,BITSHIFT,Adversarial,32,4096,4096,16x64x64_w4,OK,ms=0.804,tflops=1.33,gbps=13.0,maxabs=5.781e-01,p99=4.219e-01,rel=1.689e-06
INT4,LUT,Adversarial,32,4096,4096,16x128x32_w8,OK,ms=0.815,tflops=1.32,gbps=12.9,maxabs=8.586e+00,p99=7.680e+00,rel=8.714e-05
INT4,BITSHIFT,Adversarial,32,4096,4096,16x128x32_w8,OK,ms=0.814,tflops=1.32,gbps=12.9,maxabs=5.781e-01,p99=4.219e-01,rel=1.689e-06
INT4,LUT,Adversarial,32,4096,4096,16x128x64_w8,OK,ms=0.854,tflops=1.26,gbps=12.3,maxabs=8.586e+00,p99=7.680e+00,rel=8.714e-05
INT4,BITSHIFT,Adversarial,32,4096,4096,16x128x64_w8,OK,ms=0.818,tflops=1.31,gbps=12.8,maxabs=5.781e-01,p99=4.219e-01,rel=1.689e-06
INT4,LUT,Adversarial,64,4096,4096,16x64x32_w4,OK,ms=0.814,tflops=2.64,gbps=14.2,maxabs=8.883e+00,p99=7.695e+00,rel=8.726e-05
INT4,BITSHIFT,Adversarial,64,4096,4096,16x64x32_w4,OK,ms=0.985,tflops=2.18,gbps=11.7,maxabs=5.781e-01,p99=4.297e-01,rel=1.737e-06
INT4,LUT,Adversarial,64,4096,4096,16x64x64_w4,OK,ms=0.880,tflops=2.44,gbps=13.1,maxabs=8.883e+00,p99=7.695e+00,rel=8.726e-05
INT4,BITSHIFT,Adversarial,64,4096,4096,16x64x64_w4,OK,ms=1.182,tflops=1.82,gbps=9.8,maxabs=5.781e-01,p99=4.297e-01,rel=1.737e-06
INT4,LUT,Adversarial,64,4096,4096,16x128x32_w8,OK,ms=0.829,tflops=2.59,gbps=13.9,maxabs=8.883e+00,p99=7.695e+00,rel=8.726e-05
INT4,BITSHIFT,Adversarial,64,4096,4096,16x128x32_w8,OK,ms=1.024,tflops=2.10,gbps=11.3,maxabs=5.781e-01,p99=4.297e-01,rel=1.737e-06
INT4,LUT,Adversarial,64,4096,4096,16x128x64_w8,OK,ms=0.866,tflops=2.48,gbps=13.3,maxabs=8.883e+00,p99=7.695e+00,rel=8.726e-05
INT4,BITSHIFT,Adversarial,64,4096,4096,16x128x64_w8,OK,ms=1.221,tflops=1.76,gbps=9.4,maxabs=5.781e-01,p99=4.297e-01,rel=1.737e-06
INT4,LUT,Adversarial,1,7168,7168,16x64x32_w4,OK,ms=1.365,tflops=0.08,gbps=21.2,maxabs=2.156e+01,p99=2.086e+01,rel=1.511e-04
INT4,BITSHIFT,Adversarial,1,7168,7168,16x64x32_w4,OK,ms=0.886,tflops=0.12,gbps=32.7,maxabs=3.203e-01,p99=2.812e-01,rel=1.311e-06
INT4,LUT,Adversarial,1,7168,7168,16x64x64_w4,OK,ms=1.472,tflops=0.07,gbps=19.7,maxabs=2.156e+01,p99=2.086e+01,rel=1.511e-04
INT4,BITSHIFT,Adversarial,1,7168,7168,16x64x64_w4,OK,ms=1.002,tflops=0.10,gbps=28.9,maxabs=3.203e-01,p99=2.812e-01,rel=1.311e-06
INT4,LUT,Adversarial,1,7168,7168,16x128x32_w8,OK,ms=1.360,tflops=0.08,gbps=21.3,maxabs=2.156e+01,p99=2.086e+01,rel=1.511e-04
INT4,BITSHIFT,Adversarial,1,7168,7168,16x128x32_w8,OK,ms=0.926,tflops=0.11,gbps=31.3,maxabs=3.203e-01,p99=2.812e-01,rel=1.311e-06
INT4,LUT,Adversarial,1,7168,7168,16x128x64_w8,OK,ms=1.510,tflops=0.07,gbps=19.2,maxabs=2.156e+01,p99=2.086e+01,rel=1.511e-04
INT4,BITSHIFT,Adversarial,1,7168,7168,16x128x64_w8,OK,ms=1.028,tflops=0.10,gbps=28.2,maxabs=3.203e-01,p99=2.812e-01,rel=1.311e-06
INT4,LUT,Adversarial,4,7168,7168,16x64x32_w4,OK,ms=1.341,tflops=0.31,gbps=21.7,maxabs=2.191e+01,p99=2.086e+01,rel=1.499e-04
INT4,BITSHIFT,Adversarial,4,7168,7168,16x64x32_w4,OK,ms=0.956,tflops=0.43,gbps=30.5,maxabs=5.625e-01,p99=4.453e-01,rel=1.268e-06
INT4,LUT,Adversarial,4,7168,7168,16x64x64_w4,OK,ms=1.486,tflops=0.28,gbps=19.6,maxabs=2.191e+01,p99=2.086e+01,rel=1.499e-04
INT4,BITSHIFT,Adversarial,4,7168,7168,16x64x64_w4,OK,ms=1.089,tflops=0.38,gbps=26.7,maxabs=5.625e-01,p99=4.453e-01,rel=1.268e-06
INT4,LUT,Adversarial,4,7168,7168,16x128x32_w8,OK,ms=1.350,tflops=0.30,gbps=21.6,maxabs=2.191e+01,p99=2.086e+01,rel=1.499e-04
INT4,BITSHIFT,Adversarial,4,7168,7168,16x128x32_w8,OK,ms=0.988,tflops=0.42,gbps=29.5,maxabs=5.625e-01,p99=4.453e-01,rel=1.268e-06
INT4,LUT,Adversarial,4,7168,7168,16x128x64_w8,OK,ms=1.525,tflops=0.27,gbps=19.1,maxabs=2.191e+01,p99=2.086e+01,rel=1.499e-04
INT4,BITSHIFT,Adversarial,4,7168,7168,16x128x64_w8,OK,ms=1.096,tflops=0.38,gbps=26.6,maxabs=5.625e-01,p99=4.453e-01,rel=1.268e-06
INT4,LUT,Adversarial,8,7168,7168,16x64x32_w4,OK,ms=1.336,tflops=0.62,gbps=22.0,maxabs=2.212e+01,p99=2.089e+01,rel=1.502e-04
INT4,BITSHIFT,Adversarial,8,7168,7168,16x64x32_w4,OK,ms=1.078,tflops=0.76,gbps=27.2,maxabs=5.625e-01,p99=4.297e-01,rel=1.089e-06
INT4,LUT,Adversarial,8,7168,7168,16x64x64_w4,OK,ms=1.480,tflops=0.56,gbps=19.8,maxabs=2.212e+01,p99=2.089e+01,rel=1.502e-04
INT4,BITSHIFT,Adversarial,8,7168,7168,16x64x64_w4,OK,ms=1.202,tflops=0.68,gbps=24.4,maxabs=5.625e-01,p99=4.297e-01,rel=1.089e-06
INT4,LUT,Adversarial,8,7168,7168,16x128x32_w8,OK,ms=1.400,tflops=0.59,gbps=21.0,maxabs=2.212e+01,p99=2.089e+01,rel=1.502e-04
INT4,BITSHIFT,Adversarial,8,7168,7168,16x128x32_w8,OK,ms=1.119,tflops=0.73,gbps=26.2,maxabs=5.625e-01,p99=4.297e-01,rel=1.089e-06
INT4,LUT,Adversarial,8,7168,7168,16x128x64_w8,OK,ms=1.530,tflops=0.54,gbps=19.2,maxabs=2.212e+01,p99=2.089e+01,rel=1.502e-04
INT4,BITSHIFT,Adversarial,8,7168,7168,16x128x64_w8,OK,ms=1.205,tflops=0.68,gbps=24.4,maxabs=5.625e-01,p99=4.297e-01,rel=1.089e-06
INT4,LUT,Adversarial,16,7168,7168,16x64x32_w4,OK,ms=1.395,tflops=1.18,gbps=21.4,maxabs=2.214e+01,p99=2.084e+01,rel=1.499e-04
INT4,BITSHIFT,Adversarial,16,7168,7168,16x64x32_w4,OK,ms=1.318,tflops=1.25,gbps=22.6,maxabs=6.016e-01,p99=4.219e-01,rel=9.854e-07
INT4,LUT,Adversarial,16,7168,7168,16x64x64_w4,OK,ms=1.504,tflops=1.09,gbps=19.8,maxabs=2.214e+01,p99=2.084e+01,rel=1.499e-04
INT4,BITSHIFT,Adversarial,16,7168,7168,16x64x64_w4,OK,ms=1.431,tflops=1.15,gbps=20.8,maxabs=6.016e-01,p99=4.219e-01,rel=9.854e-07
INT4,LUT,Adversarial,16,7168,7168,16x128x32_w8,OK,ms=1.434,tflops=1.15,gbps=20.8,maxabs=2.214e+01,p99=2.084e+01,rel=1.499e-04
INT4,BITSHIFT,Adversarial,16,7168,7168,16x128x32_w8,OK,ms=1.432,tflops=1.15,gbps=20.8,maxabs=6.016e-01,p99=4.219e-01,rel=9.854e-07
INT4,LUT,Adversarial,16,7168,7168,16x128x64_w8,OK,ms=1.536,tflops=1.07,gbps=19.4,maxabs=2.214e+01,p99=2.084e+01,rel=1.499e-04
INT4,BITSHIFT,Adversarial,16,7168,7168,16x128x64_w8,OK,ms=1.429,tflops=1.15,gbps=20.9,maxabs=6.016e-01,p99=4.219e-01,rel=9.854e-07
INT4,LUT,Adversarial,32,7168,7168,16x64x32_w4,OK,ms=1.421,tflops=2.31,gbps=21.6,maxabs=2.214e+01,p99=2.083e+01,rel=1.497e-04
INT4,BITSHIFT,Adversarial,32,7168,7168,16x64x32_w4,OK,ms=1.477,tflops=2.23,gbps=20.8,maxabs=5.547e-01,p99=3.750e-01,rel=9.047e-07
INT4,LUT,Adversarial,32,7168,7168,16x64x64_w4,OK,ms=1.563,tflops=2.10,gbps=19.7,maxabs=2.214e+01,p99=2.083e+01,rel=1.497e-04
INT4,BITSHIFT,Adversarial,32,7168,7168,16x64x64_w4,OK,ms=1.722,tflops=1.91,gbps=17.8,maxabs=5.547e-01,p99=3.750e-01,rel=9.047e-07
INT4,LUT,Adversarial,32,7168,7168,16x128x32_w8,OK,ms=1.493,tflops=2.20,gbps=20.6,maxabs=2.214e+01,p99=2.083e+01,rel=1.497e-04
INT4,BITSHIFT,Adversarial,32,7168,7168,16x128x32_w8,OK,ms=1.778,tflops=1.85,gbps=17.3,maxabs=5.547e-01,p99=3.750e-01,rel=9.047e-07
INT4,LUT,Adversarial,32,7168,7168,16x128x64_w8,OK,ms=1.650,tflops=1.99,gbps=18.6,maxabs=2.214e+01,p99=2.083e+01,rel=1.497e-04
INT4,BITSHIFT,Adversarial,32,7168,7168,16x128x64_w8,OK,ms=2.122,tflops=1.55,gbps=14.5,maxabs=5.547e-01,p99=3.750e-01,rel=9.047e-07
INT4,LUT,Adversarial,64,7168,7168,16x64x32_w4,OK,ms=1.571,tflops=4.19,gbps=20.7,maxabs=2.214e+01,p99=2.083e+01,rel=1.497e-04
INT4,BITSHIFT,Adversarial,64,7168,7168,16x64x32_w4,OK,ms=2.227,tflops=2.95,gbps=14.6,maxabs=5.391e-01,p99=3.906e-01,rel=9.422e-07
INT4,LUT,Adversarial,64,7168,7168,16x64x64_w4,OK,ms=1.775,tflops=3.71,gbps=18.3,maxabs=2.214e+01,p99=2.083e+01,rel=1.497e-04
INT4,BITSHIFT,Adversarial,64,7168,7168,16x64x64_w4,OK,ms=2.673,tflops=2.46,gbps=12.2,maxabs=5.391e-01,p99=3.906e-01,rel=9.422e-07
INT4,LUT,Adversarial,64,7168,7168,16x128x32_w8,OK,ms=1.613,tflops=4.08,gbps=20.2,maxabs=2.214e+01,p99=2.083e+01,rel=1.497e-04
INT4,BITSHIFT,Adversarial,64,7168,7168,16x128x32_w8,OK,ms=2.297,tflops=2.86,gbps=14.2,maxabs=5.391e-01,p99=3.906e-01,rel=9.422e-07
INT4,LUT,Adversarial,64,7168,7168,16x128x64_w8,OK,ms=1.875,tflops=3.51,gbps=17.4,maxabs=2.214e+01,p99=2.083e+01,rel=1.497e-04
INT4,BITSHIFT,Adversarial,64,7168,7168,16x128x64_w8,OK,ms=2.772,tflops=2.37,gbps=11.7,maxabs=5.391e-01,p99=3.906e-01,rel=9.422e-07
MXFP4,LUT,Adversarial,1,4096,4096,16x64x32_w4,OK,ms=0.678,tflops=0.05,gbps=13.2,maxabs=1.555e+00,p99=1.539e+00,rel=1.355e-05
MXFP4,BITSHIFT,Adversarial,1,4096,4096,16x64x32_w4,SKIP,path-B FP4 not implemented yet
MXFP4,LUT,Adversarial,1,4096,4096,16x64x64_w4,OK,ms=0.852,tflops=0.04,gbps=10.5,maxabs=1.555e+00,p99=1.539e+00,rel=1.355e-05
MXFP4,BITSHIFT,Adversarial,1,4096,4096,16x64x64_w4,SKIP,path-B FP4 not implemented yet
MXFP4,LUT,Adversarial,1,4096,4096,16x128x32_w8,OK,ms=0.731,tflops=0.05,gbps=12.2,maxabs=1.555e+00,p99=1.539e+00,rel=1.355e-05
MXFP4,BITSHIFT,Adversarial,1,4096,4096,16x128x32_w8,SKIP,path-B FP4 not implemented yet
MXFP4,LUT,Adversarial,1,4096,4096,16x128x64_w8,OK,ms=0.934,tflops=0.04,gbps=9.6,maxabs=1.555e+00,p99=1.539e+00,rel=1.355e-05
MXFP4,BITSHIFT,Adversarial,1,4096,4096,16x128x64_w8,SKIP,path-B FP4 not implemented yet
MXFP4,LUT,Adversarial,4,4096,4096,16x64x32_w4,OK,ms=0.655,tflops=0.21,gbps=13.8,maxabs=1.781e+00,p99=1.742e+00,rel=1.217e-05
MXFP4,BITSHIFT,Adversarial,4,4096,4096,16x64x32_w4,SKIP,path-B FP4 not implemented yet
MXFP4,LUT,Adversarial,4,4096,4096,16x64x64_w4,OK,ms=0.861,tflops=0.16,gbps=10.5,maxabs=1.781e+00,p99=1.742e+00,rel=1.217e-05
MXFP4,BITSHIFT,Adversarial,4,4096,4096,16x64x64_w4,SKIP,path-B FP4 not implemented yet
MXFP4,LUT,Adversarial,4,4096,4096,16x128x32_w8,OK,ms=0.734,tflops=0.18,gbps=12.3,maxabs=1.781e+00,p99=1.742e+00,rel=1.217e-05
MXFP4,BITSHIFT,Adversarial,4,4096,4096,16x128x32_w8,SKIP,path-B FP4 not implemented yet
MXFP4,LUT,Adversarial,4,4096,4096,16x128x64_w8,OK,ms=0.941,tflops=0.14,gbps=9.6,maxabs=1.781e+00,p99=1.742e+00,rel=1.217e-05
MXFP4,BITSHIFT,Adversarial,4,4096,4096,16x128x64_w8,SKIP,path-B FP4 not implemented yet
MXFP4,LUT,Adversarial,8,4096,4096,16x64x32_w4,OK,ms=0.660,tflops=0.41,gbps=13.9,maxabs=2.023e+00,p99=1.969e+00,rel=1.348e-05
MXFP4,BITSHIFT,Adversarial,8,4096,4096,16x64x32_w4,SKIP,path-B FP4 not implemented yet
MXFP4,LUT,Adversarial,8,4096,4096,16x64x64_w4,OK,ms=0.861,tflops=0.31,gbps=10.7,maxabs=2.023e+00,p99=1.969e+00,rel=1.348e-05
MXFP4,BITSHIFT,Adversarial,8,4096,4096,16x64x64_w4,SKIP,path-B FP4 not implemented yet
MXFP4,LUT,Adversarial,8,4096,4096,16x128x32_w8,OK,ms=0.755,tflops=0.36,gbps=12.1,maxabs=2.023e+00,p99=1.969e+00,rel=1.348e-05
MXFP4,BITSHIFT,Adversarial,8,4096,4096,16x128x32_w8,SKIP,path-B FP4 not implemented yet
MXFP4,LUT,Adversarial,8,4096,4096,16x128x64_w8,OK,ms=0.942,tflops=0.28,gbps=9.7,maxabs=2.023e+00,p99=1.969e+00,rel=1.348e-05
MXFP4,BITSHIFT,Adversarial,8,4096,4096,16x128x64_w8,SKIP,path-B FP4 not implemented yet
MXFP4,LUT,Adversarial,16,4096,4096,16x64x32_w4,OK,ms=0.669,tflops=0.80,gbps=14.1,maxabs=2.031e+00,p99=1.914e+00,rel=1.312e-05
MXFP4,BITSHIFT,Adversarial,16,4096,4096,16x64x32_w4,SKIP,path-B FP4 not implemented yet
MXFP4,LUT,Adversarial,16,4096,4096,16x64x64_w4,OK,ms=0.869,tflops=0.62,gbps=10.9,maxabs=2.031e+00,p99=1.914e+00,rel=1.312e-05
MXFP4,BITSHIFT,Adversarial,16,4096,4096,16x64x64_w4,SKIP,path-B FP4 not implemented yet
MXFP4,LUT,Adversarial,16,4096,4096,16x128x32_w8,OK,ms=0.787,tflops=0.68,gbps=12.0,maxabs=2.031e+00,p99=1.914e+00,rel=1.312e-05
MXFP4,BITSHIFT,Adversarial,16,4096,4096,16x128x32_w8,SKIP,path-B FP4 not implemented yet
MXFP4,LUT,Adversarial,16,4096,4096,16x128x64_w8,OK,ms=0.947,tflops=0.57,gbps=10.0,maxabs=2.031e+00,p99=1.914e+00,rel=1.312e-05
MXFP4,BITSHIFT,Adversarial,16,4096,4096,16x128x64_w8,SKIP,path-B FP4 not implemented yet
MXFP4,LUT,Adversarial,32,4096,4096,16x64x32_w4,OK,ms=0.722,tflops=1.49,gbps=13.8,maxabs=2.023e+00,p99=1.875e+00,rel=1.289e-05
MXFP4,BITSHIFT,Adversarial,32,4096,4096,16x64x32_w4,SKIP,path-B FP4 not implemented yet
MXFP4,LUT,Adversarial,32,4096,4096,16x64x64_w4,OK,ms=0.894,tflops=1.20,gbps=11.1,maxabs=2.023e+00,p99=1.875e+00,rel=1.289e-05
MXFP4,BITSHIFT,Adversarial,32,4096,4096,16x64x64_w4,SKIP,path-B FP4 not implemented yet
MXFP4,LUT,Adversarial,32,4096,4096,16x128x32_w8,OK,ms=0.770,tflops=1.39,gbps=12.9,maxabs=2.023e+00,p99=1.875e+00,rel=1.289e-05
MXFP4,BITSHIFT,Adversarial,32,4096,4096,16x128x32_w8,SKIP,path-B FP4 not implemented yet
MXFP4,LUT,Adversarial,32,4096,4096,16x128x64_w8,OK,ms=0.931,tflops=1.15,gbps=10.7,maxabs=2.023e+00,p99=1.875e+00,rel=1.289e-05
MXFP4,BITSHIFT,Adversarial,32,4096,4096,16x128x64_w8,SKIP,path-B FP4 not implemented yet
MXFP4,LUT,Adversarial,64,4096,4096,16x64x32_w4,OK,ms=0.802,tflops=2.68,gbps=13.7,maxabs=2.023e+00,p99=1.852e+00,rel=1.301e-05
MXFP4,BITSHIFT,Adversarial,64,4096,4096,16x64x32_w4,SKIP,path-B FP4 not implemented yet
MXFP4,LUT,Adversarial,64,4096,4096,16x64x64_w4,OK,ms=0.952,tflops=2.25,gbps=11.6,maxabs=2.023e+00,p99=1.852e+00,rel=1.301e-05
MXFP4,BITSHIFT,Adversarial,64,4096,4096,16x64x64_w4,SKIP,path-B FP4 not implemented yet
MXFP4,LUT,Adversarial,64,4096,4096,16x128x32_w8,OK,ms=0.829,tflops=2.59,gbps=13.3,maxabs=2.023e+00,p99=1.852e+00,rel=1.301e-05
MXFP4,BITSHIFT,Adversarial,64,4096,4096,16x128x32_w8,SKIP,path-B FP4 not implemented yet
MXFP4,LUT,Adversarial,64,4096,4096,16x128x64_w8,OK,ms=0.943,tflops=2.28,gbps=11.7,maxabs=2.023e+00,p99=1.852e+00,rel=1.301e-05
MXFP4,BITSHIFT,Adversarial,64,4096,4096,16x128x64_w8,SKIP,path-B FP4 not implemented yet
MXFP4,LUT,Adversarial,1,7168,7168,16x64x32_w4,OK,ms=1.389,tflops=0.07,gbps=19.7,maxabs=5.602e+00,p99=5.570e+00,rel=4.264e-05
MXFP4,BITSHIFT,Adversarial,1,7168,7168,16x64x32_w4,SKIP,path-B FP4 not implemented yet
MXFP4,LUT,Adversarial,1,7168,7168,16x64x64_w4,OK,ms=1.848,tflops=0.06,gbps=14.8,maxabs=5.602e+00,p99=5.570e+00,rel=4.264e-05
MXFP4,BITSHIFT,Adversarial,1,7168,7168,16x64x64_w4,SKIP,path-B FP4 not implemented yet
MXFP4,LUT,Adversarial,1,7168,7168,16x128x32_w8,OK,ms=1.406,tflops=0.07,gbps=19.5,maxabs=5.602e+00,p99=5.570e+00,rel=4.264e-05
MXFP4,BITSHIFT,Adversarial,1,7168,7168,16x128x32_w8,SKIP,path-B FP4 not implemented yet
MXFP4,LUT,Adversarial,1,7168,7168,16x128x64_w8,OK,ms=1.902,tflops=0.05,gbps=14.4,maxabs=5.602e+00,p99=5.570e+00,rel=4.264e-05
MXFP4,BITSHIFT,Adversarial,1,7168,7168,16x128x64_w8,SKIP,path-B FP4 not implemented yet
MXFP4,LUT,Adversarial,4,7168,7168,16x64x32_w4,OK,ms=1.406,tflops=0.29,gbps=19.6,maxabs=5.828e+00,p99=5.766e+00,rel=4.168e-05
MXFP4,BITSHIFT,Adversarial,4,7168,7168,16x64x32_w4,SKIP,path-B FP4 not implemented yet
MXFP4,LUT,Adversarial,4,7168,7168,16x64x64_w4,OK,ms=1.858,tflops=0.22,gbps=14.8,maxabs=5.828e+00,p99=5.766e+00,rel=4.168e-05
MXFP4,BITSHIFT,Adversarial,4,7168,7168,16x64x64_w4,SKIP,path-B FP4 not implemented yet
MXFP4,LUT,Adversarial,4,7168,7168,16x128x32_w8,OK,ms=1.419,tflops=0.29,gbps=19.4,maxabs=5.828e+00,p99=5.766e+00,rel=4.168e-05
MXFP4,BITSHIFT,Adversarial,4,7168,7168,16x128x32_w8,SKIP,path-B FP4 not implemented yet
MXFP4,LUT,Adversarial,4,7168,7168,16x128x64_w8,OK,ms=1.911,tflops=0.22,gbps=14.4,maxabs=5.828e+00,p99=5.766e+00,rel=4.168e-05
MXFP4,BITSHIFT,Adversarial,4,7168,7168,16x128x64_w8,SKIP,path-B FP4 not implemented yet
MXFP4,LUT,Adversarial,8,7168,7168,16x64x32_w4,OK,ms=1.418,tflops=0.58,gbps=19.6,maxabs=5.859e+00,p99=5.805e+00,rel=4.203e-05
MXFP4,BITSHIFT,Adversarial,8,7168,7168,16x64x32_w4,SKIP,path-B FP4 not implemented yet
MXFP4,LUT,Adversarial,8,7168,7168,16x64x64_w4,OK,ms=1.858,tflops=0.44,gbps=14.9,maxabs=5.859e+00,p99=5.805e+00,rel=4.203e-05
MXFP4,BITSHIFT,Adversarial,8,7168,7168,16x64x64_w4,SKIP,path-B FP4 not implemented yet
MXFP4,LUT,Adversarial,8,7168,7168,16x128x32_w8,OK,ms=1.454,tflops=0.57,gbps=19.1,maxabs=5.859e+00,p99=5.805e+00,rel=4.203e-05
MXFP4,BITSHIFT,Adversarial,8,7168,7168,16x128x32_w8,SKIP,path-B FP4 not implemented yet
MXFP4,LUT,Adversarial,8,7168,7168,16x128x64_w8,OK,ms=1.915,tflops=0.43,gbps=14.5,maxabs=5.859e+00,p99=5.805e+00,rel=4.203e-05
MXFP4,BITSHIFT,Adversarial,8,7168,7168,16x128x64_w8,SKIP,path-B FP4 not implemented yet
MXFP4,LUT,Adversarial,16,7168,7168,16x64x32_w4,OK,ms=1.436,tflops=1.15,gbps=19.7,maxabs=5.938e+00,p99=5.836e+00,rel=4.169e-05
MXFP4,BITSHIFT,Adversarial,16,7168,7168,16x64x32_w4,SKIP,path-B FP4 not implemented yet
MXFP4,LUT,Adversarial,16,7168,7168,16x64x64_w4,OK,ms=1.873,tflops=0.88,gbps=15.1,maxabs=5.938e+00,p99=5.836e+00,rel=4.169e-05
MXFP4,BITSHIFT,Adversarial,16,7168,7168,16x64x64_w4,SKIP,path-B FP4 not implemented yet
MXFP4,LUT,Adversarial,16,7168,7168,16x128x32_w8,OK,ms=1.501,tflops=1.10,gbps=18.8,maxabs=5.938e+00,p99=5.836e+00,rel=4.169e-05
MXFP4,BITSHIFT,Adversarial,16,7168,7168,16x128x32_w8,SKIP,path-B FP4 not implemented yet
MXFP4,LUT,Adversarial,16,7168,7168,16x128x64_w8,OK,ms=1.919,tflops=0.86,gbps=14.7,maxabs=5.938e+00,p99=5.836e+00,rel=4.169e-05
MXFP4,BITSHIFT,Adversarial,16,7168,7168,16x128x64_w8,SKIP,path-B FP4 not implemented yet
MXFP4,LUT,Adversarial,32,7168,7168,16x64x32_w4,OK,ms=1.575,tflops=2.09,gbps=18.5,maxabs=5.922e+00,p99=5.773e+00,rel=4.147e-05
MXFP4,BITSHIFT,Adversarial,32,7168,7168,16x64x32_w4,SKIP,path-B FP4 not implemented yet
MXFP4,LUT,Adversarial,32,7168,7168,16x64x64_w4,OK,ms=1.899,tflops=1.73,gbps=15.3,maxabs=5.922e+00,p99=5.773e+00,rel=4.147e-05
MXFP4,BITSHIFT,Adversarial,32,7168,7168,16x64x64_w4,SKIP,path-B FP4 not implemented yet
MXFP4,LUT,Adversarial,32,7168,7168,16x128x32_w8,OK,ms=1.707,tflops=1.93,gbps=17.1,maxabs=5.922e+00,p99=5.773e+00,rel=4.147e-05
MXFP4,BITSHIFT,Adversarial,32,7168,7168,16x128x32_w8,SKIP,path-B FP4 not implemented yet
MXFP4,LUT,Adversarial,32,7168,7168,16x128x64_w8,OK,ms=2.016,tflops=1.63,gbps=14.4,maxabs=5.922e+00,p99=5.773e+00,rel=4.147e-05
MXFP4,BITSHIFT,Adversarial,32,7168,7168,16x128x64_w8,SKIP,path-B FP4 not implemented yet
MXFP4,LUT,Adversarial,64,7168,7168,16x64x32_w4,OK,ms=1.810,tflops=3.63,gbps=17.1,maxabs=5.953e+00,p99=5.766e+00,rel=4.147e-05
MXFP4,BITSHIFT,Adversarial,64,7168,7168,16x64x32_w4,SKIP,path-B FP4 not implemented yet
MXFP4,LUT,Adversarial,64,7168,7168,16x64x64_w4,OK,ms=2.137,tflops=3.08,gbps=14.5,maxabs=5.953e+00,p99=5.766e+00,rel=4.147e-05
MXFP4,BITSHIFT,Adversarial,64,7168,7168,16x64x64_w4,SKIP,path-B FP4 not implemented yet
MXFP4,LUT,Adversarial,64,7168,7168,16x128x32_w8,OK,ms=1.867,tflops=3.52,gbps=16.6,maxabs=5.953e+00,p99=5.766e+00,rel=4.147e-05
MXFP4,BITSHIFT,Adversarial,64,7168,7168,16x128x32_w8,SKIP,path-B FP4 not implemented yet
MXFP4,LUT,Adversarial,64,7168,7168,16x128x64_w8,OK,ms=2.225,tflops=2.96,gbps=13.9,maxabs=5.953e+00,p99=5.766e+00,rel=4.147e-05
MXFP4,BITSHIFT,Adversarial,64,7168,7168,16x128x64_w8,SKIP,path-B FP4 not implemented yet
F8_E4M3_B128,LUT,Adversarial,1,4096,4096,16x64x32_w4,OK,ms=1.198,tflops=0.03,gbps=14.1,maxabs=3.859e+00,p99=3.820e+00,rel=4.472e-05
F8_E4M3_B128,BITSHIFT,Adversarial,1,4096,4096,16x64x32_w4,SKIP,path-B FP8 not implemented yet
F8_E4M3_B128,LUT,Adversarial,1,4096,4096,16x64x64_w4,OK,ms=1.191,tflops=0.03,gbps=14.2,maxabs=3.859e+00,p99=3.820e+00,rel=4.472e-05
F8_E4M3_B128,BITSHIFT,Adversarial,1,4096,4096,16x64x64_w4,SKIP,path-B FP8 not implemented yet
F8_E4M3_B128,LUT,Adversarial,1,4096,4096,16x128x32_w8,OK,ms=1.249,tflops=0.03,gbps=13.6,maxabs=3.859e+00,p99=3.820e+00,rel=4.472e-05
F8_E4M3_B128,BITSHIFT,Adversarial,1,4096,4096,16x128x32_w8,SKIP,path-B FP8 not implemented yet
F8_E4M3_B128,LUT,Adversarial,1,4096,4096,16x128x64_w8,OK,ms=1.275,tflops=0.03,gbps=13.3,maxabs=3.859e+00,p99=3.820e+00,rel=4.472e-05
F8_E4M3_B128,BITSHIFT,Adversarial,1,4096,4096,16x128x64_w8,SKIP,path-B FP8 not implemented yet
F8_E4M3_B128,LUT,Adversarial,4,4096,4096,16x64x32_w4,OK,ms=1.190,tflops=0.11,gbps=14.3,maxabs=4.000e+00,p99=3.938e+00,rel=4.318e-05
F8_E4M3_B128,BITSHIFT,Adversarial,4,4096,4096,16x64x32_w4,SKIP,path-B FP8 not implemented yet
F8_E4M3_B128,LUT,Adversarial,4,4096,4096,16x64x64_w4,OK,ms=1.194,tflops=0.11,gbps=14.3,maxabs=4.000e+00,p99=3.938e+00,rel=4.318e-05
F8_E4M3_B128,BITSHIFT,Adversarial,4,4096,4096,16x64x64_w4,SKIP,path-B FP8 not implemented yet
F8_E4M3_B128,LUT,Adversarial,4,4096,4096,16x128x32_w8,OK,ms=1.250,tflops=0.11,gbps=13.6,maxabs=4.000e+00,p99=3.938e+00,rel=4.318e-05
F8_E4M3_B128,BITSHIFT,Adversarial,4,4096,4096,16x128x32_w8,SKIP,path-B FP8 not implemented yet
F8_E4M3_B128,LUT,Adversarial,4,4096,4096,16x128x64_w8,OK,ms=1.284,tflops=0.10,gbps=13.3,maxabs=4.000e+00,p99=3.938e+00,rel=4.318e-05
F8_E4M3_B128,BITSHIFT,Adversarial,4,4096,4096,16x128x64_w8,SKIP,path-B FP8 not implemented yet
F8_E4M3_B128,LUT,Adversarial,8,4096,4096,16x64x32_w4,OK,ms=1.191,tflops=0.23,gbps=14.4,maxabs=4.234e+00,p99=4.109e+00,rel=4.441e-05
F8_E4M3_B128,BITSHIFT,Adversarial,8,4096,4096,16x64x32_w4,SKIP,path-B FP8 not implemented yet
F8_E4M3_B128,LUT,Adversarial,8,4096,4096,16x64x64_w4,OK,ms=1.199,tflops=0.22,gbps=14.3,maxabs=4.234e+00,p99=4.109e+00,rel=4.441e-05
F8_E4M3_B128,BITSHIFT,Adversarial,8,4096,4096,16x64x64_w4,SKIP,path-B FP8 not implemented yet
F8_E4M3_B128,LUT,Adversarial,8,4096,4096,16x128x32_w8,OK,ms=1.266,tflops=0.21,gbps=13.6,maxabs=4.234e+00,p99=4.109e+00,rel=4.441e-05
F8_E4M3_B128,BITSHIFT,Adversarial,8,4096,4096,16x128x32_w8,SKIP,path-B FP8 not implemented yet
F8_E4M3_B128,LUT,Adversarial,8,4096,4096,16x128x64_w8,OK,ms=1.284,tflops=0.21,gbps=13.4,maxabs=4.234e+00,p99=4.109e+00,rel=4.441e-05
F8_E4M3_B128,BITSHIFT,Adversarial,8,4096,4096,16x128x64_w8,SKIP,path-B FP8 not implemented yet
F8_E4M3_B128,LUT,Adversarial,16,4096,4096,16x64x32_w4,OK,ms=1.195,tflops=0.45,gbps=14.6,maxabs=4.234e+00,p99=4.055e+00,rel=4.406e-05
F8_E4M3_B128,BITSHIFT,Adversarial,16,4096,4096,16x64x32_w4,SKIP,path-B FP8 not implemented yet
F8_E4M3_B128,LUT,Adversarial,16,4096,4096,16x64x64_w4,OK,ms=1.205,tflops=0.45,gbps=14.5,maxabs=4.234e+00,p99=4.055e+00,rel=4.406e-05
F8_E4M3_B128,BITSHIFT,Adversarial,16,4096,4096,16x64x64_w4,SKIP,path-B FP8 not implemented yet
F8_E4M3_B128,LUT,Adversarial,16,4096,4096,16x128x32_w8,OK,ms=1.282,tflops=0.42,gbps=13.6,maxabs=4.234e+00,p99=4.055e+00,rel=4.406e-05
F8_E4M3_B128,BITSHIFT,Adversarial,16,4096,4096,16x128x32_w8,SKIP,path-B FP8 not implemented yet
F8_E4M3_B128,LUT,Adversarial,16,4096,4096,16x128x64_w8,OK,ms=1.290,tflops=0.42,gbps=13.5,maxabs=4.234e+00,p99=4.055e+00,rel=4.406e-05
F8_E4M3_B128,BITSHIFT,Adversarial,16,4096,4096,16x128x64_w8,SKIP,path-B FP8 not implemented yet
F8_E4M3_B128,LUT,Adversarial,32,4096,4096,16x64x32_w4,OK,ms=1.211,tflops=0.89,gbps=14.8,maxabs=4.234e+00,p99=4.023e+00,rel=4.384e-05
F8_E4M3_B128,BITSHIFT,Adversarial,32,4096,4096,16x64x32_w4,SKIP,path-B FP8 not implemented yet
F8_E4M3_B128,LUT,Adversarial,32,4096,4096,16x64x64_w4,OK,ms=1.220,tflops=0.88,gbps=14.7,maxabs=4.234e+00,p99=4.023e+00,rel=4.384e-05
F8_E4M3_B128,BITSHIFT,Adversarial,32,4096,4096,16x64x64_w4,SKIP,path-B FP8 not implemented yet
F8_E4M3_B128,LUT,Adversarial,32,4096,4096,16x128x32_w8,OK,ms=1.259,tflops=0.85,gbps=14.3,maxabs=4.234e+00,p99=4.023e+00,rel=4.384e-05
F8_E4M3_B128,BITSHIFT,Adversarial,32,4096,4096,16x128x32_w8,SKIP,path-B FP8 not implemented yet
F8_E4M3_B128,LUT,Adversarial,32,4096,4096,16x128x64_w8,OK,ms=1.265,tflops=0.85,gbps=14.2,maxabs=4.234e+00,p99=4.023e+00,rel=4.384e-05
F8_E4M3_B128,BITSHIFT,Adversarial,32,4096,4096,16x128x64_w8,SKIP,path-B FP8 not implemented yet
F8_E4M3_B128,LUT,Adversarial,64,4096,4096,16x64x32_w4,OK,ms=1.223,tflops=1.76,gbps=15.5,maxabs=4.234e+00,p99=4.031e+00,rel=4.392e-05
F8_E4M3_B128,BITSHIFT,Adversarial,64,4096,4096,16x64x32_w4,SKIP,path-B FP8 not implemented yet
F8_E4M3_B128,LUT,Adversarial,64,4096,4096,16x64x64_w4,OK,ms=1.305,tflops=1.65,gbps=14.6,maxabs=4.234e+00,p99=4.031e+00,rel=4.392e-05
F8_E4M3_B128,BITSHIFT,Adversarial,64,4096,4096,16x64x64_w4,SKIP,path-B FP8 not implemented yet
F8_E4M3_B128,LUT,Adversarial,64,4096,4096,16x128x32_w8,OK,ms=1.259,tflops=1.71,gbps=15.1,maxabs=4.234e+00,p99=4.031e+00,rel=4.392e-05
F8_E4M3_B128,BITSHIFT,Adversarial,64,4096,4096,16x128x32_w8,SKIP,path-B FP8 not implemented yet
F8_E4M3_B128,LUT,Adversarial,64,4096,4096,16x128x64_w8,OK,ms=1.271,tflops=1.69,gbps=14.9,maxabs=4.234e+00,p99=4.031e+00,rel=4.392e-05
F8_E4M3_B128,BITSHIFT,Adversarial,64,4096,4096,16x128x64_w8,SKIP,path-B FP8 not implemented yet
F8_E4M3_B128,LUT,Adversarial,1,7168,7168,16x64x32_w4,OK,ms=2.014,tflops=0.05,gbps=25.7,maxabs=1.322e+01,p99=1.312e+01,rel=9.760e-05
F8_E4M3_B128,BITSHIFT,Adversarial,1,7168,7168,16x64x32_w4,SKIP,path-B FP8 not implemented yet
F8_E4M3_B128,LUT,Adversarial,1,7168,7168,16x64x64_w4,OK,ms=2.182,tflops=0.05,gbps=23.8,maxabs=1.322e+01,p99=1.312e+01,rel=9.760e-05
F8_E4M3_B128,BITSHIFT,Adversarial,1,7168,7168,16x64x64_w4,SKIP,path-B FP8 not implemented yet
F8_E4M3_B128,LUT,Adversarial,1,7168,7168,16x128x32_w8,OK,ms=2.212,tflops=0.05,gbps=23.4,maxabs=1.322e+01,p99=1.312e+01,rel=9.760e-05
F8_E4M3_B128,BITSHIFT,Adversarial,1,7168,7168,16x128x32_w8,SKIP,path-B FP8 not implemented yet
F8_E4M3_B128,LUT,Adversarial,1,7168,7168,16x128x64_w8,OK,ms=2.213,tflops=0.05,gbps=23.4,maxabs=1.322e+01,p99=1.312e+01,rel=9.760e-05
F8_E4M3_B128,BITSHIFT,Adversarial,1,7168,7168,16x128x64_w8,SKIP,path-B FP8 not implemented yet
F8_E4M3_B128,LUT,Adversarial,4,7168,7168,16x64x32_w4,OK,ms=2.017,tflops=0.20,gbps=25.8,maxabs=1.330e+01,p99=1.311e+01,rel=9.631e-05
F8_E4M3_B128,BITSHIFT,Adversarial,4,7168,7168,16x64x32_w4,SKIP,path-B FP8 not implemented yet
F8_E4M3_B128,LUT,Adversarial,4,7168,7168,16x64x64_w4,OK,ms=2.187,tflops=0.19,gbps=23.8,maxabs=1.330e+01,p99=1.311e+01,rel=9.631e-05
F8_E4M3_B128,BITSHIFT,Adversarial,4,7168,7168,16x64x64_w4,SKIP,path-B FP8 not implemented yet
F8_E4M3_B128,LUT,Adversarial,4,7168,7168,16x128x32_w8,OK,ms=2.225,tflops=0.18,gbps=23.4,maxabs=1.330e+01,p99=1.311e+01,rel=9.631e-05
F8_E4M3_B128,BITSHIFT,Adversarial,4,7168,7168,16x128x32_w8,SKIP,path-B FP8 not implemented yet
F8_E4M3_B128,LUT,Adversarial,4,7168,7168,16x128x64_w8,OK,ms=2.219,tflops=0.19,gbps=23.4,maxabs=1.330e+01,p99=1.311e+01,rel=9.631e-05
F8_E4M3_B128,BITSHIFT,Adversarial,4,7168,7168,16x128x64_w8,SKIP,path-B FP8 not implemented yet
F8_E4M3_B128,LUT,Adversarial,8,7168,7168,16x64x32_w4,OK,ms=2.025,tflops=0.41,gbps=25.8,maxabs=1.345e+01,p99=1.314e+01,rel=9.665e-05
F8_E4M3_B128,BITSHIFT,Adversarial,8,7168,7168,16x64x32_w4,SKIP,path-B FP8 not implemented yet
F8_E4M3_B128,LUT,Adversarial,8,7168,7168,16x64x64_w4,OK,ms=2.190,tflops=0.38,gbps=23.9,maxabs=1.345e+01,p99=1.314e+01,rel=9.665e-05
F8_E4M3_B128,BITSHIFT,Adversarial,8,7168,7168,16x64x64_w4,SKIP,path-B FP8 not implemented yet
F8_E4M3_B128,LUT,Adversarial,8,7168,7168,16x128x32_w8,OK,ms=2.244,tflops=0.37,gbps=23.3,maxabs=1.345e+01,p99=1.314e+01,rel=9.665e-05
F8_E4M3_B128,BITSHIFT,Adversarial,8,7168,7168,16x128x32_w8,SKIP,path-B FP8 not implemented yet
F8_E4M3_B128,LUT,Adversarial,8,7168,7168,16x128x64_w8,OK,ms=2.218,tflops=0.37,gbps=23.6,maxabs=1.345e+01,p99=1.314e+01,rel=9.665e-05
F8_E4M3_B128,BITSHIFT,Adversarial,8,7168,7168,16x128x64_w8,SKIP,path-B FP8 not implemented yet
F8_E4M3_B128,LUT,Adversarial,16,7168,7168,16x64x32_w4,OK,ms=2.032,tflops=0.81,gbps=25.9,maxabs=1.342e+01,p99=1.311e+01,rel=9.627e-05
F8_E4M3_B128,BITSHIFT,Adversarial,16,7168,7168,16x64x32_w4,SKIP,path-B FP8 not implemented yet
F8_E4M3_B128,LUT,Adversarial,16,7168,7168,16x64x64_w4,OK,ms=2.200,tflops=0.75,gbps=24.0,maxabs=1.342e+01,p99=1.311e+01,rel=9.627e-05
F8_E4M3_B128,BITSHIFT,Adversarial,16,7168,7168,16x64x64_w4,SKIP,path-B FP8 not implemented yet
F8_E4M3_B128,LUT,Adversarial,16,7168,7168,16x128x32_w8,OK,ms=2.287,tflops=0.72,gbps=23.0,maxabs=1.342e+01,p99=1.311e+01,rel=9.627e-05
F8_E4M3_B128,BITSHIFT,Adversarial,16,7168,7168,16x128x32_w8,SKIP,path-B FP8 not implemented yet
F8_E4M3_B128,LUT,Adversarial,16,7168,7168,16x128x64_w8,OK,ms=2.227,tflops=0.74,gbps=23.7,maxabs=1.342e+01,p99=1.311e+01,rel=9.627e-05
F8_E4M3_B128,BITSHIFT,Adversarial,16,7168,7168,16x128x64_w8,SKIP,path-B FP8 not implemented yet
F8_E4M3_B128,LUT,Adversarial,32,7168,7168,16x64x32_w4,OK,ms=2.019,tflops=1.63,gbps=26.6,maxabs=1.344e+01,p99=1.314e+01,rel=9.606e-05
F8_E4M3_B128,BITSHIFT,Adversarial,32,7168,7168,16x64x32_w4,SKIP,path-B FP8 not implemented yet
F8_E4M3_B128,LUT,Adversarial,32,7168,7168,16x64x64_w4,OK,ms=2.185,tflops=1.50,gbps=24.5,maxabs=1.344e+01,p99=1.314e+01,rel=9.606e-05
F8_E4M3_B128,BITSHIFT,Adversarial,32,7168,7168,16x64x64_w4,SKIP,path-B FP8 not implemented yet
F8_E4M3_B128,LUT,Adversarial,32,7168,7168,16x128x32_w8,OK,ms=2.311,tflops=1.42,gbps=23.2,maxabs=1.344e+01,p99=1.314e+01,rel=9.606e-05
F8_E4M3_B128,BITSHIFT,Adversarial,32,7168,7168,16x128x32_w8,SKIP,path-B FP8 not implemented yet
F8_E4M3_B128,LUT,Adversarial,32,7168,7168,16x128x64_w8,OK,ms=2.288,tflops=1.44,gbps=23.4,maxabs=1.344e+01,p99=1.314e+01,rel=9.606e-05
F8_E4M3_B128,BITSHIFT,Adversarial,32,7168,7168,16x128x64_w8,SKIP,path-B FP8 not implemented yet
F8_E4M3_B128,LUT,Adversarial,64,7168,7168,16x64x32_w4,OK,ms=2.178,tflops=3.02,gbps=25.5,maxabs=1.366e+01,p99=1.314e+01,rel=9.607e-05
F8_E4M3_B128,BITSHIFT,Adversarial,64,7168,7168,16x64x32_w4,SKIP,path-B FP8 not implemented yet
F8_E4M3_B128,LUT,Adversarial,64,7168,7168,16x64x64_w4,OK,ms=2.423,tflops=2.71,gbps=22.9,maxabs=1.366e+01,p99=1.314e+01,rel=9.607e-05
F8_E4M3_B128,BITSHIFT,Adversarial,64,7168,7168,16x64x64_w4,SKIP,path-B FP8 not implemented yet
F8_E4M3_B128,LUT,Adversarial,64,7168,7168,16x128x32_w8,OK,ms=2.416,tflops=2.72,gbps=23.0,maxabs=1.366e+01,p99=1.314e+01,rel=9.607e-05
F8_E4M3_B128,BITSHIFT,Adversarial,64,7168,7168,16x128x32_w8,SKIP,path-B FP8 not implemented yet
F8_E4M3_B128,LUT,Adversarial,64,7168,7168,16x128x64_w8,OK,ms=2.525,tflops=2.60,gbps=22.0,maxabs=1.366e+01,p99=1.314e+01,rel=9.607e-05
F8_E4M3_B128,BITSHIFT,Adversarial,64,7168,7168,16x128x64_w8,SKIP,path-B FP8 not implemented yet
