format,path,dist,M,N,K,tile,tflops_median,tflops_min,tflops_max,tflops_mean,ms_median,rel,maxabs,p99,n_runs
CUBLAS_FP16,REF,"U(-1,1)",1,7168,7168,cublas,0.570,0.550,0.570,0.566,0.1800,0.0e+0,0.0e+0,0.0e+0,5
CUBLAS_FP16,REF,"U(-1,1)",8,7168,7168,cublas,4.290,4.230,4.330,4.284,0.1920,0.0e+0,0.0e+0,0.0e+0,5
CUBLAS_FP16,REF,"U(-1,1)",32,7168,7168,cublas,15.090,14.680,15.180,15.036,0.2180,0.0e+0,0.0e+0,0.0e+0,5
CUBLAS_FP16,REF,"U(-1,1)",64,7168,7168,cublas,20.190,18.690,20.300,19.848,0.3260,0.0e+0,0.0e+0,0.0e+0,5
CUBLAS_FP16,REF,"U(-1,1)",256,7168,7168,cublas,56.310,55.940,59.360,56.922,0.4670,0.0e+0,0.0e+0,0.0e+0,5
CUBLAS_FP16,REF,"U(-1,1)",1024,7168,7168,cublas,95.170,85.310,96.470,93.526,1.1060,0.0e+0,0.0e+0,0.0e+0,5
CUBLAS_FP16,REF,"U(-1,1)",2048,7168,7168,cublas,98.430,86.520,98.810,96.144,2.1380,0.0e+0,0.0e+0,0.0e+0,5
CUBLAS_FP16,REF,"U(-1,1)",4096,7168,7168,cublas,98.070,86.650,98.670,95.514,4.2920,0.0e+0,0.0e+0,0.0e+0,5
INT8,LUT,"U(-1,1)",1,7168,7168,16x64x32_w4,0.070,0.060,0.070,0.068,1.4770,2.590e-04,2.655e-02,1.872e-02,5
INT8,BITSHIFT,"U(-1,1)",1,7168,7168,16x64x32_w4,0.130,0.110,0.130,0.126,0.7960,1.818e-04,1.871e-02,1.282e-02,5
INT8,LUT,"U(-1,1)",1,7168,7168,16x128x32_w8,0.070,0.070,0.070,0.070,1.4360,2.590e-04,2.655e-02,1.872e-02,5
INT8,BITSHIFT,"U(-1,1)",1,7168,7168,16x128x32_w8,0.120,0.120,0.130,0.122,0.8270,1.818e-04,1.871e-02,1.282e-02,5
INT8,LUT,"U(-1,1)",1,7168,7168,16x128x32_w4f2,0.040,0.040,0.040,0.040,2.5390,2.590e-04,2.655e-02,1.872e-02,5
INT8,LUT,"U(-1,1)",1,7168,7168,16x256x32_w4f4,0.020,0.020,0.020,0.020,4.7720,2.590e-04,2.655e-02,1.872e-02,5
INT8,LUT,"U(-1,1)",1,7168,7168,128x64x32_w4_v1,0.050,0.040,0.050,0.048,2.1940,2.590e-04,2.655e-02,1.872e-02,5
INT8,LUT,"U(-1,1)",1,7168,7168,128x128x32_w4_v1,0.040,0.030,0.040,0.038,2.9190,2.590e-04,2.655e-02,1.872e-02,5
INT8,LUT,"U(-1,1)",1,7168,7168,128x256x32_w4_v1,0.020,0.020,0.020,0.020,6.5610,2.590e-04,2.655e-02,1.872e-02,5
INT8,LUT,"U(-1,1)",1,7168,7168,128x256x32_w8_v1,0.030,0.030,0.030,0.030,3.2870,2.590e-04,2.655e-02,1.872e-02,5
INT8,LUT,"U(-1,1)",1,7168,7168,64x64x32_w4_v1,0.060,0.060,0.060,0.060,1.7170,2.590e-04,2.655e-02,1.872e-02,5
INT8,LUT,"U(-1,1)",1,7168,7168,64x128x32_w4_v1,0.040,0.040,0.040,0.040,2.6550,2.590e-04,2.655e-02,1.872e-02,5
INT8,LUT,"U(-1,1)",1,7168,7168,128x64x32_w4_v2,0.090,0.090,0.090,0.090,1.1180,2.590e-04,2.655e-02,1.872e-02,5
INT8,LUT,"U(-1,1)",1,7168,7168,128x128x32_w4_v2,0.110,0.110,0.110,0.110,0.9730,2.590e-04,2.655e-02,1.872e-02,5
INT8,LUT,"U(-1,1)",1,7168,7168,128x256x32_w4_v2,0.050,0.050,0.050,0.050,2.2030,2.590e-04,2.655e-02,1.872e-02,5
INT8,LUT,"U(-1,1)",1,7168,7168,128x256x32_w8_v2,0.070,0.070,0.070,0.070,1.3770,2.590e-04,2.655e-02,1.872e-02,5
INT8,LUT,"U(-1,1)",1,7168,7168,64x64x32_w4_v2,0.140,0.140,0.140,0.140,0.7310,2.590e-04,2.655e-02,1.872e-02,5
INT8,LUT,"U(-1,1)",1,7168,7168,64x128x32_w4_v2,0.150,0.150,0.150,0.150,0.6760,2.590e-04,2.655e-02,1.872e-02,5
INT8,LUT,"U(-1,1)",1,7168,7168,128x64x32_w4_v3,0.110,0.110,0.110,0.110,0.8980,2.590e-04,2.655e-02,1.872e-02,5
INT8,LUT,"U(-1,1)",1,7168,7168,128x128x32_w4_v3,0.130,0.130,0.130,0.130,0.8010,2.590e-04,2.655e-02,1.872e-02,5
INT8,LUT,"U(-1,1)",1,7168,7168,64x64x32_w4_v3,0.170,0.170,0.170,0.170,0.6160,2.590e-04,2.655e-02,1.872e-02,5
INT8,LUT,"U(-1,1)",1,7168,7168,64x128x32_w4_v3,0.180,0.180,0.180,0.180,0.5710,2.590e-04,2.655e-02,1.872e-02,5
INT8,LUT,"U(-1,1)",1,7168,7168,32x128x32_w4_v3_b1,0.220,0.220,0.220,0.220,0.4750,2.590e-04,2.655e-02,1.872e-02,5
INT8,LUT,"U(-1,1)",1,7168,7168,32x64x32_w4_v3_b1,0.230,0.230,0.230,0.230,0.4440,2.590e-04,2.655e-02,1.872e-02,5
INT8,LUT,"U(-1,1)",1,7168,7168,32x256x32_w8_v3_b1,0.160,0.160,0.160,0.160,0.6410,2.590e-04,2.655e-02,1.872e-02,5
INT8,LUT,"U(-1,1)",1,7168,7168,128x128x32_w8_v3_b1alt,0.110,0.110,0.110,0.110,0.9540,2.590e-04,2.655e-02,1.872e-02,5
INT8,LUT,"U(-1,1)",1,7168,7168,64x128x32_w8_v3_b1alt,0.170,0.170,0.170,0.170,0.5960,2.590e-04,2.655e-02,1.872e-02,5
INT8,LUT,"U(-1,1)",1,7168,7168,128x64x32_w4_v4,0.110,0.110,0.110,0.110,0.9350,2.590e-04,2.655e-02,1.872e-02,5
INT8,LUT,"U(-1,1)",1,7168,7168,128x128x32_w4_v4,0.130,0.130,0.130,0.130,0.8150,2.590e-04,2.655e-02,1.872e-02,5
INT8,LUT,"U(-1,1)",1,7168,7168,64x64x32_w4_v4,0.180,0.170,0.180,0.176,0.5870,2.590e-04,2.655e-02,1.872e-02,5
INT8,LUT,"U(-1,1)",1,7168,7168,64x128x32_w4_v4,0.170,0.170,0.170,0.170,0.5900,2.590e-04,2.655e-02,1.872e-02,5
INT8,LUT,"U(-1,1)",1,7168,7168,128x64x32_w4_v5,0.110,0.110,0.110,0.110,0.9280,2.590e-04,2.655e-02,1.872e-02,5
INT8,LUT,"U(-1,1)",1,7168,7168,128x128x32_w4_v5,0.120,0.120,0.120,0.120,0.8320,2.590e-04,2.655e-02,1.872e-02,5
INT8,LUT,"U(-1,1)",1,7168,7168,64x64x32_w4_v5,0.170,0.170,0.170,0.170,0.5890,2.590e-04,2.655e-02,1.872e-02,5
INT8,LUT,"U(-1,1)",1,7168,7168,64x128x32_w4_v5,0.170,0.170,0.170,0.170,0.5920,2.590e-04,2.655e-02,1.872e-02,5
INT8,LUT,"U(-1,1)",1,7168,7168,128x128x64_w4_v6,0.090,0.090,0.090,0.090,1.1070,2.590e-04,2.655e-02,1.872e-02,5
INT8,LUT,"U(-1,1)",1,7168,7168,128x64x64_w4_v6,0.070,0.070,0.070,0.070,1.5520,2.590e-04,2.655e-02,1.872e-02,5
INT8,LUT,"U(-1,1)",1,7168,7168,64x128x64_w4_v6,0.140,0.140,0.140,0.140,0.7570,2.590e-04,2.655e-02,1.872e-02,5
INT8,LUT,"U(-1,1)",1,7168,7168,64x64x64_w4_v6,0.120,0.120,0.120,0.120,0.8690,2.590e-04,2.655e-02,1.872e-02,5
INT8,LUT,"U(-1,1)",1,7168,7168,64x128x32_w4_v7,0.180,0.180,0.180,0.180,0.5720,2.590e-04,2.655e-02,1.872e-02,5
INT8,LUT,"U(-1,1)",1,7168,7168,64x64x32_w4_v7,0.180,0.180,0.180,0.180,0.5700,2.590e-04,2.655e-02,1.872e-02,5
INT8,LUT,"U(-1,1)",1,7168,7168,32x128x32_w4_v7,0.220,0.220,0.220,0.220,0.4720,2.590e-04,2.655e-02,1.872e-02,5
INT8,LUT,"U(-1,1)",1,7168,7168,32x64x32_w4_v7,0.230,0.230,0.230,0.230,0.4490,2.590e-04,2.655e-02,1.872e-02,5
INT8,LUT,"U(-1,1)",1,7168,7168,128x64x32_w4_v8,0.110,0.110,0.110,0.110,0.8990,5.378e-03,1.195e+00,5.779e-01,5
INT8,LUT,"U(-1,1)",1,7168,7168,128x128x32_w4_v8,0.130,0.130,0.130,0.130,0.7750,5.378e-03,1.195e+00,5.779e-01,5
INT8,LUT,"U(-1,1)",1,7168,7168,64x64x32_w4_v8,0.190,0.190,0.190,0.190,0.5470,5.378e-03,1.195e+00,5.779e-01,5
INT8,LUT,"U(-1,1)",1,7168,7168,64x128x32_w4_v8,0.180,0.180,0.180,0.180,0.5690,5.378e-03,1.195e+00,5.779e-01,5
INT8,LUT,"U(-1,1)",1,7168,7168,32x128x32_w4_v8,0.210,0.210,0.210,0.210,0.4910,5.378e-03,1.195e+00,5.779e-01,5
INT8,LUT,"U(-1,1)",1,7168,7168,32x64x32_w4_v8,0.230,0.230,0.230,0.230,0.4440,5.378e-03,1.195e+00,5.779e-01,5
INT8,LUT,"U(-1,1)",1,7168,7168,128x128x32_w4_v9_ck2,0.120,0.120,0.120,0.120,0.8670,5.040e-01,1.082e+02,6.751e+01,5
INT8,LUT,"U(-1,1)",1,7168,7168,128x128x32_w4_v9_ck4,0.120,0.120,0.120,0.120,0.8260,5.041e-01,1.082e+02,6.751e+01,5
INT8,LUT,"U(-1,1)",1,7168,7168,128x128x32_w4_v9_ck8,0.130,0.130,0.130,0.130,0.8080,5.042e-01,1.082e+02,6.751e+01,5
INT8,LUT,"U(-1,1)",1,7168,7168,64x128x32_w4_v9_ck4,0.180,0.180,0.180,0.180,0.5840,5.041e-01,1.082e+02,6.751e+01,5
INT8,LUT,"U(-1,1)",1,7168,7168,64x64x32_w4_v9_ck4,0.180,0.180,0.180,0.180,0.5710,5.041e-01,1.082e+02,6.751e+01,5
INT8,LUT,"U(-1,1)",1,7168,7168,128x128x32_w4_v10,0.130,0.130,0.130,0.130,0.7990,2.590e-04,2.655e-02,1.872e-02,5
INT8,LUT,"U(-1,1)",1,7168,7168,128x64x32_w4_v10,0.110,0.110,0.110,0.110,0.9070,2.590e-04,2.655e-02,1.872e-02,5
INT8,LUT,"U(-1,1)",1,7168,7168,64x128x32_w4_v10,0.180,0.180,0.180,0.180,0.5670,2.590e-04,2.655e-02,1.872e-02,5
INT8,LUT,"U(-1,1)",1,7168,7168,64x64x32_w4_v10,0.180,0.180,0.180,0.180,0.5630,2.590e-04,2.655e-02,1.872e-02,5
INT8,LUT,"U(-1,1)",1,7168,7168,64x256x32_w8_v10,0.130,0.130,0.130,0.130,0.7950,2.590e-04,2.655e-02,1.872e-02,5
INT8,LUT,"U(-1,1)",1,7168,7168,128x128x32_w4_v11,0.150,0.150,0.150,0.150,0.6850,2.590e-04,2.655e-02,1.872e-02,5
INT8,LUT,"U(-1,1)",1,7168,7168,64x128x32_w4_v11,0.230,0.220,0.230,0.228,0.4560,2.590e-04,2.655e-02,1.872e-02,5
INT8,LUT,"U(-1,1)",1,7168,7168,128x256x32_w8_v11,0.050,0.050,0.050,0.050,1.8930,2.590e-04,2.655e-02,1.872e-02,5
INT8,LUT,"U(-1,1)",1,7168,7168,64x256x32_w8_v11,0.150,0.150,0.150,0.150,0.6890,2.590e-04,2.655e-02,1.872e-02,5
INT8,LUT,"U(-1,1)",1,7168,7168,128x128x16_w4_v11,0.170,0.170,0.170,0.170,0.6000,2.590e-04,2.655e-02,1.872e-02,5
INT8,LUT,"U(-1,1)",1,7168,7168,64x128x16_w4_v11,0.210,0.210,0.210,0.210,0.4810,2.590e-04,2.655e-02,1.872e-02,5
INT8,LUT,"U(-1,1)",1,7168,7168,128x256x16_w8_v11,0.050,0.050,0.050,0.050,1.9800,2.590e-04,2.655e-02,1.872e-02,5
INT8,LUT,"U(-1,1)",1,7168,7168,64x256x16_w8_v11,0.160,0.160,0.160,0.160,0.6340,2.590e-04,2.655e-02,1.872e-02,5
INT8,LUT,"U(-1,1)",1,7168,7168,64x256x16_w4f4_v11,0.160,0.160,0.160,0.160,0.6620,2.590e-04,2.655e-02,1.872e-02,5
INT8,LUT,"U(-1,1)",1,7168,7168,128x256x16_w4f4_v11,0.060,0.060,0.060,0.060,1.7920,2.590e-04,2.655e-02,1.872e-02,5
INT8,LUT,"U(-1,1)",1,7168,7168,32x128x16_w4_v11,0.250,0.250,0.250,0.250,0.4030,2.590e-04,2.655e-02,1.872e-02,5
INT8,LUT,"U(-1,1)",1,7168,7168,32x256x16_w8_v11,0.190,0.190,0.190,0.190,0.5410,2.590e-04,2.655e-02,1.872e-02,5
INT8,LUT,"U(-1,1)",1,7168,7168,32x128x32_w4_v11,0.290,0.290,0.290,0.290,0.3600,2.590e-04,2.655e-02,1.872e-02,5
INT8,LUT,"U(-1,1)",1,7168,7168,192x128x16_w4_v11,0.130,0.130,0.130,0.130,0.8040,2.590e-04,2.655e-02,1.872e-02,5
INT8,LUT,"U(-1,1)",1,7168,7168,256x128x16_w4_v11,0.050,0.050,0.050,0.050,2.0680,2.590e-04,2.655e-02,1.872e-02,5
INT8,LUT,"U(-1,1)",1,7168,7168,64x128x16_w2f4_v11,0.170,0.170,0.170,0.170,0.6190,2.590e-04,2.655e-02,1.872e-02,5
INT8,LUT,"U(-1,1)",1,7168,7168,64x128x32_w2f4_v11,0.160,0.150,0.160,0.156,0.6630,2.590e-04,2.655e-02,1.872e-02,5
INT8,LUT,"U(-1,1)",1,7168,7168,32x128x16_w2f4_v11,0.160,0.160,0.160,0.160,0.6490,2.590e-04,2.655e-02,1.872e-02,5
INT8,LUT,"U(-1,1)",1,7168,7168,128x128x16_w4_v12,0.170,0.170,0.170,0.170,0.6100,5.378e-03,1.195e+00,5.779e-01,5
INT8,LUT,"U(-1,1)",1,7168,7168,64x128x16_w4_v12,0.200,0.200,0.200,0.200,0.5050,5.378e-03,1.195e+00,5.779e-01,5
INT8,LUT,"U(-1,1)",1,7168,7168,128x256x16_w8_v12,0.120,0.120,0.120,0.120,0.8870,5.378e-03,1.195e+00,5.779e-01,5
INT8,LUT,"U(-1,1)",1,7168,7168,64x256x16_w8_v12,0.150,0.150,0.150,0.150,0.6800,5.378e-03,1.195e+00,5.779e-01,5
INT8,LUT,"U(-1,1)",1,7168,7168,128x128x32_w4_v12,0.150,0.150,0.150,0.150,0.6670,5.378e-03,1.195e+00,5.779e-01,5
INT8,LUT,"U(-1,1)",1,7168,7168,64x128x32_w4_v12,0.230,0.230,0.230,0.230,0.4460,5.378e-03,1.195e+00,5.779e-01,5
INT8,LUT,"U(-1,1)",1,7168,7168,32x128x16_w4_v12,0.240,0.240,0.240,0.240,0.4300,5.378e-03,1.195e+00,5.779e-01,5
INT8,LUT,"U(-1,1)",1,7168,7168,32x256x16_w8_v12,0.190,0.190,0.190,0.190,0.5400,5.378e-03,1.195e+00,5.779e-01,5
INT8,LUT,"U(-1,1)",1,7168,7168,64x128x16_w2f4_v12,0.160,0.160,0.160,0.160,0.6250,5.378e-03,1.195e+00,5.779e-01,5
INT8,LUT,"U(-1,1)",1,7168,7168,64x256x16_w4f4_v12,0.140,0.140,0.140,0.140,0.7400,5.378e-03,1.195e+00,5.779e-01,5
INT8,LUT,"U(-1,1)",1,7168,7168,128x128x32_w4_v10s_ks1,0.130,0.130,0.130,0.130,0.8000,2.590e-04,2.655e-02,1.872e-02,5
INT8,LUT,"U(-1,1)",1,7168,7168,128x128x32_w4_v10s_ks2,0.180,0.180,0.180,0.180,0.5640,2.591e-04,2.656e-02,1.871e-02,5
INT8,LUT,"U(-1,1)",1,7168,7168,128x128x32_w4_v10s_ks4,0.180,0.180,0.180,0.180,0.5730,2.591e-04,2.655e-02,1.872e-02,5
INT8,LUT,"U(-1,1)",1,7168,7168,128x128x32_w4_v10s_ks8,0.230,0.230,0.230,0.230,0.4450,2.591e-04,2.653e-02,1.873e-02,5
INT8,LUT,"U(-1,1)",1,7168,7168,64x128x32_w4_v10s_ks2,0.270,0.260,0.270,0.266,0.3870,2.591e-04,2.656e-02,1.871e-02,5
INT8,LUT,"U(-1,1)",1,7168,7168,64x128x32_w4_v10s_ks4,0.310,0.310,0.310,0.310,0.3290,2.591e-04,2.655e-02,1.872e-02,5
INT8,LUT,"U(-1,1)",1,7168,7168,64x128x32_w4_v10s_ks8,0.360,0.350,0.360,0.358,0.2870,2.591e-04,2.653e-02,1.873e-02,5
INT8,LUT,"U(-1,1)",1,7168,7168,64x64x32_w4_v10s_ks2,0.270,0.270,0.270,0.270,0.3780,2.591e-04,2.656e-02,1.871e-02,5
INT8,LUT,"U(-1,1)",1,7168,7168,64x64x32_w4_v10s_ks4,0.240,0.240,0.250,0.244,0.4220,2.591e-04,2.655e-02,1.872e-02,5
INT8,LUT,"U(-1,1)",1,7168,7168,64x64x32_w4_v10s_ks8,0.270,0.270,0.270,0.270,0.3760,2.591e-04,2.654e-02,1.873e-02,5
INT8,LUT,"U(-1,1)",1,7168,7168,64x256x32_w8_v10s_ks2,0.240,0.240,0.240,0.240,0.4240,2.591e-04,2.656e-02,1.871e-02,5
INT8,LUT,"U(-1,1)",1,7168,7168,64x256x32_w8_v10s_ks4,0.280,0.280,0.280,0.280,0.3660,2.591e-04,2.655e-02,1.872e-02,5
INT8,LUT,"U(-1,1)",1,7168,7168,128x128x32_cutlass_p1,0.280,0.260,0.280,0.272,0.3670,2.590e-04,2.655e-02,1.872e-02,5
INT8,BITSHIFT,"U(-1,1)",1,7168,7168,128x128x32_cutlass_p1,0.260,0.240,0.270,0.256,0.3970,2.590e-04,2.655e-02,1.872e-02,5
INT8,LUT,"U(-1,1)",1,7168,7168,64x128x32_cutlass_p1,0.270,0.260,0.280,0.268,0.3770,2.590e-04,2.655e-02,1.872e-02,5
INT8,BITSHIFT,"U(-1,1)",1,7168,7168,64x128x32_cutlass_p1,0.260,0.250,0.270,0.262,0.3950,2.590e-04,2.655e-02,1.872e-02,5
INT8,LUT,"U(-1,1)",1,7168,7168,128x64x32_cutlass_p1,0.270,0.250,0.280,0.266,0.3780,2.590e-04,2.655e-02,1.872e-02,5
INT8,BITSHIFT,"U(-1,1)",1,7168,7168,128x64x32_cutlass_p1,0.260,0.250,0.290,0.268,0.3980,2.590e-04,2.655e-02,1.872e-02,5
INT8,LUT,"U(-1,1)",8,7168,7168,16x64x32_w4,0.570,0.570,0.580,0.574,1.4300,2.621e-04,3.159e-02,1.864e-02,5
INT8,BITSHIFT,"U(-1,1)",8,7168,7168,16x64x32_w4,0.890,0.890,0.900,0.894,0.9190,1.867e-04,2.393e-02,1.337e-02,5
INT8,LUT,"U(-1,1)",8,7168,7168,16x128x32_w8,0.550,0.550,0.550,0.550,1.4890,2.621e-04,3.159e-02,1.864e-02,5
INT8,BITSHIFT,"U(-1,1)",8,7168,7168,16x128x32_w8,0.850,0.850,0.850,0.850,0.9630,1.867e-04,2.393e-02,1.337e-02,5
INT8,LUT,"U(-1,1)",8,7168,7168,16x128x32_w4f2,0.320,0.320,0.320,0.320,2.5710,2.621e-04,3.159e-02,1.864e-02,5
INT8,LUT,"U(-1,1)",8,7168,7168,16x256x32_w4f4,0.170,0.170,0.170,0.170,4.7910,2.621e-04,3.159e-02,1.864e-02,5
INT8,LUT,"U(-1,1)",8,7168,7168,128x64x32_w4_v1,0.370,0.370,0.370,0.370,2.2130,2.621e-04,3.159e-02,1.864e-02,5
INT8,LUT,"U(-1,1)",8,7168,7168,128x128x32_w4_v1,0.280,0.280,0.280,0.280,2.9450,2.621e-04,3.159e-02,1.864e-02,5
INT8,LUT,"U(-1,1)",8,7168,7168,128x256x32_w4_v1,0.120,0.120,0.120,0.120,6.6120,2.621e-04,3.159e-02,1.864e-02,5
INT8,LUT,"U(-1,1)",8,7168,7168,128x256x32_w8_v1,0.250,0.250,0.250,0.250,3.3090,2.621e-04,3.159e-02,1.864e-02,5
INT8,LUT,"U(-1,1)",8,7168,7168,64x64x32_w4_v1,0.480,0.470,0.480,0.476,1.7270,2.621e-04,3.159e-02,1.864e-02,5
INT8,LUT,"U(-1,1)",8,7168,7168,64x128x32_w4_v1,0.310,0.310,0.310,0.310,2.6760,2.621e-04,3.159e-02,1.864e-02,5
INT8,LUT,"U(-1,1)",8,7168,7168,128x64x32_w4_v2,0.730,0.730,0.730,0.730,1.1300,2.621e-04,3.159e-02,1.864e-02,5
INT8,LUT,"U(-1,1)",8,7168,7168,128x128x32_w4_v2,0.850,0.850,0.850,0.850,0.9690,2.621e-04,3.159e-02,1.864e-02,5
INT8,LUT,"U(-1,1)",8,7168,7168,128x256x32_w4_v2,0.370,0.370,0.370,0.370,2.1960,2.621e-04,3.159e-02,1.864e-02,5
INT8,LUT,"U(-1,1)",8,7168,7168,128x256x32_w8_v2,0.600,0.590,0.600,0.598,1.3800,2.621e-04,3.159e-02,1.864e-02,5
INT8,LUT,"U(-1,1)",8,7168,7168,64x64x32_w4_v2,1.110,1.110,1.110,1.110,0.7390,2.621e-04,3.159e-02,1.864e-02,5
INT8,LUT,"U(-1,1)",8,7168,7168,64x128x32_w4_v2,1.220,1.220,1.230,1.222,0.6730,2.621e-04,3.159e-02,1.864e-02,5
INT8,LUT,"U(-1,1)",8,7168,7168,128x64x32_w4_v3,0.910,0.910,0.910,0.910,0.9000,2.621e-04,3.159e-02,1.864e-02,5
INT8,LUT,"U(-1,1)",8,7168,7168,128x128x32_w4_v3,1.030,1.030,1.030,1.030,0.7980,2.621e-04,3.159e-02,1.864e-02,5
INT8,LUT,"U(-1,1)",8,7168,7168,64x64x32_w4_v3,1.330,1.330,1.330,1.330,0.6190,2.621e-04,3.159e-02,1.864e-02,5
INT8,LUT,"U(-1,1)",8,7168,7168,64x128x32_w4_v3,1.430,1.420,1.430,1.428,0.5750,2.621e-04,3.159e-02,1.864e-02,5
INT8,LUT,"U(-1,1)",8,7168,7168,32x128x32_w4_v3_b1,1.710,1.700,1.720,1.712,0.4790,2.621e-04,3.159e-02,1.864e-02,5
INT8,LUT,"U(-1,1)",8,7168,7168,32x64x32_w4_v3_b1,1.840,1.830,1.840,1.838,0.4470,2.621e-04,3.159e-02,1.864e-02,5
INT8,LUT,"U(-1,1)",8,7168,7168,32x256x32_w8_v3_b1,1.300,1.290,1.300,1.298,0.6330,2.621e-04,3.159e-02,1.864e-02,5
INT8,LUT,"U(-1,1)",8,7168,7168,128x128x32_w8_v3_b1alt,0.870,0.870,0.870,0.870,0.9470,2.621e-04,3.159e-02,1.864e-02,5
INT8,LUT,"U(-1,1)",8,7168,7168,64x128x32_w8_v3_b1alt,1.380,1.380,1.380,1.380,0.5950,2.621e-04,3.159e-02,1.864e-02,5
INT8,LUT,"U(-1,1)",8,7168,7168,128x64x32_w4_v4,0.880,0.870,0.880,0.876,0.9400,2.621e-04,3.159e-02,1.864e-02,5
INT8,LUT,"U(-1,1)",8,7168,7168,128x128x32_w4_v4,1.010,1.010,1.020,1.014,0.8100,2.621e-04,3.159e-02,1.864e-02,5
INT8,LUT,"U(-1,1)",8,7168,7168,64x64x32_w4_v4,1.400,1.400,1.400,1.400,0.5880,2.621e-04,3.159e-02,1.864e-02,5
INT8,LUT,"U(-1,1)",8,7168,7168,64x128x32_w4_v4,1.390,1.390,1.400,1.394,0.5890,2.621e-04,3.159e-02,1.864e-02,5
INT8,LUT,"U(-1,1)",8,7168,7168,128x64x32_w4_v5,0.880,0.880,0.890,0.882,0.9290,2.621e-04,3.159e-02,1.864e-02,5
INT8,LUT,"U(-1,1)",8,7168,7168,128x128x32_w4_v5,1.000,1.000,1.000,1.000,0.8220,2.621e-04,3.159e-02,1.864e-02,5
INT8,LUT,"U(-1,1)",8,7168,7168,64x64x32_w4_v5,1.400,1.400,1.410,1.402,0.5870,2.621e-04,3.159e-02,1.864e-02,5
INT8,LUT,"U(-1,1)",8,7168,7168,64x128x32_w4_v5,1.390,1.390,1.390,1.390,0.5900,2.621e-04,3.159e-02,1.864e-02,5
INT8,LUT,"U(-1,1)",8,7168,7168,128x128x64_w4_v6,0.730,0.730,0.730,0.730,1.1290,2.621e-04,3.159e-02,1.864e-02,5
INT8,LUT,"U(-1,1)",8,7168,7168,128x64x64_w4_v6,0.530,0.530,0.530,0.530,1.5540,2.621e-04,3.159e-02,1.864e-02,5
INT8,LUT,"U(-1,1)",8,7168,7168,64x128x64_w4_v6,1.060,1.050,1.060,1.058,0.7770,2.621e-04,3.159e-02,1.864e-02,5
INT8,LUT,"U(-1,1)",8,7168,7168,64x64x64_w4_v6,0.940,0.940,0.940,0.940,0.8770,2.621e-04,3.159e-02,1.864e-02,5
INT8,LUT,"U(-1,1)",8,7168,7168,64x128x32_w4_v7,1.410,1.400,1.410,1.406,0.5840,2.621e-04,3.159e-02,1.864e-02,5
INT8,LUT,"U(-1,1)",8,7168,7168,64x64x32_w4_v7,1.450,1.440,1.460,1.450,0.5660,2.621e-04,3.159e-02,1.864e-02,5
INT8,LUT,"U(-1,1)",8,7168,7168,32x128x32_w4_v7,1.740,1.730,1.750,1.738,0.4730,2.621e-04,3.159e-02,1.864e-02,5
INT8,LUT,"U(-1,1)",8,7168,7168,32x64x32_w4_v7,1.810,1.800,1.810,1.806,0.4550,2.621e-04,3.159e-02,1.864e-02,5
INT8,LUT,"U(-1,1)",8,7168,7168,128x64x32_w4_v8,0.910,0.910,0.910,0.910,0.9030,5.510e-03,2.028e+00,5.961e-01,5
INT8,LUT,"U(-1,1)",8,7168,7168,128x128x32_w4_v8,1.060,1.060,1.060,1.060,0.7760,5.510e-03,2.028e+00,5.961e-01,5
INT8,LUT,"U(-1,1)",8,7168,7168,64x64x32_w4_v8,1.510,1.510,1.520,1.512,0.5440,5.510e-03,2.028e+00,5.961e-01,5
INT8,LUT,"U(-1,1)",8,7168,7168,64x128x32_w4_v8,1.440,1.440,1.450,1.444,0.5690,5.510e-03,2.028e+00,5.961e-01,5
INT8,LUT,"U(-1,1)",8,7168,7168,32x128x32_w4_v8,1.620,1.620,1.620,1.620,0.5080,5.510e-03,2.028e+00,5.961e-01,5
INT8,LUT,"U(-1,1)",8,7168,7168,32x64x32_w4_v8,1.840,1.830,1.840,1.836,0.4480,5.510e-03,2.028e+00,5.961e-01,5
INT8,LUT,"U(-1,1)",8,7168,7168,128x128x32_w4_v9_ck2,0.960,0.940,0.960,0.954,0.8600,7.093e-01,1.596e+02,9.147e+01,5
INT8,LUT,"U(-1,1)",8,7168,7168,128x128x32_w4_v9_ck4,1.000,1.000,1.010,1.002,0.8180,7.094e-01,1.596e+02,9.144e+01,5
INT8,LUT,"U(-1,1)",8,7168,7168,128x128x32_w4_v9_ck8,1.030,1.020,1.030,1.026,0.8020,7.096e-01,1.597e+02,9.143e+01,5
INT8,LUT,"U(-1,1)",8,7168,7168,64x128x32_w4_v9_ck4,1.410,1.400,1.420,1.410,0.5830,7.094e-01,1.596e+02,9.144e+01,5
INT8,LUT,"U(-1,1)",8,7168,7168,64x64x32_w4_v9_ck4,1.430,1.420,1.430,1.426,0.5770,7.094e-01,1.596e+02,9.144e+01,5
INT8,LUT,"U(-1,1)",8,7168,7168,128x128x32_w4_v10,1.030,1.030,1.030,1.030,0.7990,2.621e-04,3.159e-02,1.864e-02,5
INT8,LUT,"U(-1,1)",8,7168,7168,128x64x32_w4_v10,0.910,0.910,0.910,0.910,0.9070,2.621e-04,3.159e-02,1.864e-02,5
INT8,LUT,"U(-1,1)",8,7168,7168,64x128x32_w4_v10,1.440,1.430,1.440,1.438,0.5710,2.621e-04,3.159e-02,1.864e-02,5
INT8,LUT,"U(-1,1)",8,7168,7168,64x64x32_w4_v10,1.470,1.460,1.470,1.468,0.5600,2.621e-04,3.159e-02,1.864e-02,5
INT8,LUT,"U(-1,1)",8,7168,7168,64x256x32_w8_v10,1.050,1.050,1.050,1.050,0.7830,2.621e-04,3.159e-02,1.864e-02,5
INT8,LUT,"U(-1,1)",8,7168,7168,128x128x32_w4_v11,1.220,1.220,1.230,1.224,0.6720,2.621e-04,3.159e-02,1.864e-02,5
INT8,LUT,"U(-1,1)",8,7168,7168,64x128x32_w4_v11,1.840,1.830,1.840,1.838,0.4470,2.621e-04,3.159e-02,1.864e-02,5
INT8,LUT,"U(-1,1)",8,7168,7168,128x256x32_w8_v11,0.440,0.430,0.440,0.436,1.8900,2.621e-04,3.159e-02,1.864e-02,5
INT8,LUT,"U(-1,1)",8,7168,7168,64x256x32_w8_v11,1.240,1.240,1.240,1.240,0.6650,2.621e-04,3.159e-02,1.864e-02,5
INT8,LUT,"U(-1,1)",8,7168,7168,128x128x16_w4_v11,1.150,1.140,1.150,1.146,0.7180,2.621e-04,3.159e-02,1.864e-02,5
INT8,LUT,"U(-1,1)",8,7168,7168,64x128x16_w4_v11,1.370,1.370,1.380,1.374,0.5990,2.621e-04,3.159e-02,1.864e-02,5
INT8,LUT,"U(-1,1)",8,7168,7168,128x256x16_w8_v11,0.410,0.410,0.410,0.410,2.0040,2.621e-04,3.159e-02,1.864e-02,5
INT8,LUT,"U(-1,1)",8,7168,7168,64x256x16_w8_v11,1.210,1.210,1.220,1.212,0.6780,2.621e-04,3.159e-02,1.864e-02,5
INT8,LUT,"U(-1,1)",8,7168,7168,64x256x16_w4f4_v11,1.040,1.040,1.050,1.044,0.7880,2.621e-04,3.159e-02,1.864e-02,5
INT8,LUT,"U(-1,1)",8,7168,7168,128x256x16_w4f4_v11,0.460,0.460,0.460,0.460,1.7920,2.621e-04,3.159e-02,1.864e-02,5
INT8,LUT,"U(-1,1)",8,7168,7168,32x128x16_w4_v11,1.580,1.580,1.600,1.586,0.5210,2.621e-04,3.159e-02,1.864e-02,5
INT8,LUT,"U(-1,1)",8,7168,7168,32x256x16_w8_v11,1.320,1.310,1.330,1.320,0.6230,2.621e-04,3.159e-02,1.864e-02,5
INT8,LUT,"U(-1,1)",8,7168,7168,32x128x32_w4_v11,2.290,2.280,2.290,2.288,0.3590,2.621e-04,3.159e-02,1.864e-02,5
INT8,LUT,"U(-1,1)",8,7168,7168,192x128x16_w4_v11,0.920,0.910,0.920,0.918,0.8980,2.621e-04,3.159e-02,1.864e-02,5
INT8,LUT,"U(-1,1)",8,7168,7168,256x128x16_w4_v11,0.390,0.390,0.390,0.390,2.0990,2.621e-04,3.159e-02,1.864e-02,5
INT8,LUT,"U(-1,1)",8,7168,7168,64x128x16_w2f4_v11,1.130,1.130,1.140,1.132,0.7250,2.621e-04,3.159e-02,1.864e-02,5
INT8,LUT,"U(-1,1)",8,7168,7168,64x128x32_w2f4_v11,1.130,1.130,1.130,1.130,0.7280,2.621e-04,3.159e-02,1.864e-02,5
INT8,LUT,"U(-1,1)",8,7168,7168,32x128x16_w2f4_v11,1.250,1.250,1.250,1.250,0.6580,2.621e-04,3.159e-02,1.864e-02,5
INT8,LUT,"U(-1,1)",8,7168,7168,128x128x16_w4_v12,1.140,1.130,1.140,1.138,0.7210,5.510e-03,2.028e+00,5.961e-01,5
INT8,LUT,"U(-1,1)",8,7168,7168,64x128x16_w4_v12,1.330,1.310,1.330,1.324,0.6200,5.510e-03,2.028e+00,5.961e-01,5
INT8,LUT,"U(-1,1)",8,7168,7168,128x256x16_w8_v12,0.920,0.920,0.930,0.922,0.8890,5.510e-03,2.028e+00,5.961e-01,5
INT8,LUT,"U(-1,1)",8,7168,7168,64x256x16_w8_v12,1.090,1.090,1.090,1.090,0.7560,5.510e-03,2.028e+00,5.961e-01,5
INT8,LUT,"U(-1,1)",8,7168,7168,128x128x32_w4_v12,1.250,1.240,1.250,1.246,0.6580,5.510e-03,2.028e+00,5.961e-01,5
INT8,LUT,"U(-1,1)",8,7168,7168,64x128x32_w4_v12,1.840,1.840,1.850,1.844,0.4460,5.510e-03,2.028e+00,5.961e-01,5
INT8,LUT,"U(-1,1)",8,7168,7168,32x128x16_w4_v12,1.490,1.480,1.500,1.488,0.5520,5.510e-03,2.028e+00,5.961e-01,5
INT8,LUT,"U(-1,1)",8,7168,7168,32x256x16_w8_v12,1.350,1.340,1.360,1.348,0.6100,5.510e-03,2.028e+00,5.961e-01,5
INT8,LUT,"U(-1,1)",8,7168,7168,64x128x16_w2f4_v12,1.140,1.130,1.140,1.136,0.7230,5.510e-03,2.028e+00,5.961e-01,5
INT8,LUT,"U(-1,1)",8,7168,7168,64x256x16_w4f4_v12,1.070,1.070,1.070,1.070,0.7670,5.510e-03,2.028e+00,5.961e-01,5
INT8,LUT,"U(-1,1)",8,7168,7168,128x128x32_w4_v10s_ks1,1.030,1.030,1.030,1.030,0.7990,2.621e-04,3.159e-02,1.864e-02,5
INT8,LUT,"U(-1,1)",8,7168,7168,128x128x32_w4_v10s_ks2,1.450,1.440,1.450,1.448,0.5670,2.621e-04,3.157e-02,1.863e-02,5
INT8,LUT,"U(-1,1)",8,7168,7168,128x128x32_w4_v10s_ks4,1.430,1.420,1.440,1.432,0.5750,2.620e-04,3.156e-02,1.861e-02,5
INT8,LUT,"U(-1,1)",8,7168,7168,128x128x32_w4_v10s_ks8,1.840,1.840,1.850,1.842,0.4470,2.620e-04,3.155e-02,1.861e-02,5
INT8,LUT,"U(-1,1)",8,7168,7168,64x128x32_w4_v10s_ks2,2.100,2.090,2.120,2.104,0.3910,2.621e-04,3.157e-02,1.863e-02,5
INT8,LUT,"U(-1,1)",8,7168,7168,64x128x32_w4_v10s_ks4,2.460,2.450,2.470,2.462,0.3340,2.620e-04,3.156e-02,1.861e-02,5
INT8,LUT,"U(-1,1)",8,7168,7168,64x128x32_w4_v10s_ks8,2.830,2.820,2.830,2.828,0.2900,2.620e-04,3.155e-02,1.861e-02,5
INT8,LUT,"U(-1,1)",8,7168,7168,64x64x32_w4_v10s_ks2,2.160,2.160,2.170,2.162,0.3800,2.621e-04,3.157e-02,1.863e-02,5
INT8,LUT,"U(-1,1)",8,7168,7168,64x64x32_w4_v10s_ks4,1.950,1.910,1.970,1.944,0.4210,2.620e-04,3.156e-02,1.860e-02,5
INT8,LUT,"U(-1,1)",8,7168,7168,64x64x32_w4_v10s_ks8,2.150,2.140,2.160,2.150,0.3820,2.620e-04,3.155e-02,1.861e-02,5
INT8,LUT,"U(-1,1)",8,7168,7168,64x256x32_w8_v10s_ks2,1.970,1.960,1.980,1.968,0.4180,2.621e-04,3.157e-02,1.863e-02,5
INT8,LUT,"U(-1,1)",8,7168,7168,64x256x32_w8_v10s_ks4,2.250,2.240,2.250,2.248,0.3660,2.620e-04,3.156e-02,1.861e-02,5
INT8,LUT,"U(-1,1)",8,7168,7168,128x128x32_cutlass_p1,2.030,1.980,2.160,2.060,0.4050,2.621e-04,3.159e-02,1.864e-02,5
INT8,BITSHIFT,"U(-1,1)",8,7168,7168,128x128x32_cutlass_p1,2.020,1.940,2.140,2.032,0.4080,2.621e-04,3.159e-02,1.864e-02,5
INT8,LUT,"U(-1,1)",8,7168,7168,64x128x32_cutlass_p1,2.030,1.980,2.220,2.070,0.4050,2.621e-04,3.159e-02,1.864e-02,5
INT8,BITSHIFT,"U(-1,1)",8,7168,7168,64x128x32_cutlass_p1,2.050,1.970,2.170,2.068,0.4000,2.621e-04,3.159e-02,1.864e-02,5
INT8,LUT,"U(-1,1)",8,7168,7168,128x64x32_cutlass_p1,2.090,2.020,2.190,2.100,0.3940,2.621e-04,3.159e-02,1.864e-02,5
INT8,BITSHIFT,"U(-1,1)",8,7168,7168,128x64x32_cutlass_p1,2.110,1.980,2.170,2.092,0.3890,2.621e-04,3.159e-02,1.864e-02,5
INT8,LUT,"U(-1,1)",32,7168,7168,16x64x32_w4,2.220,2.210,2.230,2.218,1.4830,2.600e-04,3.285e-02,1.890e-02,5
INT8,BITSHIFT,"U(-1,1)",32,7168,7168,16x64x32_w4,2.710,2.700,2.720,2.708,1.2140,1.850e-04,2.502e-02,1.363e-02,5
INT8,LUT,"U(-1,1)",32,7168,7168,16x128x32_w8,2.140,2.140,2.150,2.144,1.5340,2.600e-04,3.285e-02,1.890e-02,5
INT8,BITSHIFT,"U(-1,1)",32,7168,7168,16x128x32_w8,2.190,2.190,2.190,2.190,1.5020,1.850e-04,2.502e-02,1.363e-02,5
INT8,LUT,"U(-1,1)",32,7168,7168,16x128x32_w4f2,1.290,1.290,1.300,1.292,2.5450,2.600e-04,3.285e-02,1.890e-02,5
INT8,LUT,"U(-1,1)",32,7168,7168,16x256x32_w4f4,0.700,0.700,0.700,0.700,4.6980,2.600e-04,3.285e-02,1.890e-02,5
INT8,LUT,"U(-1,1)",32,7168,7168,128x64x32_w4_v1,1.460,1.460,1.460,1.460,2.2540,2.600e-04,3.285e-02,1.890e-02,5
INT8,LUT,"U(-1,1)",32,7168,7168,128x128x32_w4_v1,1.100,1.090,1.100,1.098,2.9890,2.600e-04,3.285e-02,1.890e-02,5
INT8,LUT,"U(-1,1)",32,7168,7168,128x256x32_w4_v1,0.480,0.480,0.490,0.482,6.7960,2.600e-04,3.285e-02,1.890e-02,5
INT8,LUT,"U(-1,1)",32,7168,7168,128x256x32_w8_v1,0.990,0.990,0.990,0.990,3.3220,2.600e-04,3.285e-02,1.890e-02,5
INT8,LUT,"U(-1,1)",32,7168,7168,64x64x32_w4_v1,1.880,1.880,1.880,1.880,1.7500,2.600e-04,3.285e-02,1.890e-02,5
INT8,LUT,"U(-1,1)",32,7168,7168,64x128x32_w4_v1,1.210,1.210,1.210,1.210,2.7190,2.600e-04,3.285e-02,1.890e-02,5
INT8,LUT,"U(-1,1)",32,7168,7168,128x64x32_w4_v2,2.650,2.650,2.650,2.650,1.2420,2.600e-04,3.285e-02,1.890e-02,5
INT8,LUT,"U(-1,1)",32,7168,7168,128x128x32_w4_v2,3.020,3.020,3.030,3.024,1.0880,2.600e-04,3.285e-02,1.890e-02,5
INT8,LUT,"U(-1,1)",32,7168,7168,128x256x32_w4_v2,1.450,1.450,1.450,1.450,2.2720,2.600e-04,3.285e-02,1.890e-02,5
INT8,LUT,"U(-1,1)",32,7168,7168,128x256x32_w8_v2,2.310,2.310,2.320,2.312,1.4220,2.600e-04,3.285e-02,1.890e-02,5
INT8,LUT,"U(-1,1)",32,7168,7168,64x64x32_w4_v2,3.850,3.850,3.860,3.854,0.8540,2.600e-04,3.285e-02,1.890e-02,5
INT8,LUT,"U(-1,1)",32,7168,7168,64x128x32_w4_v2,4.100,4.080,4.110,4.098,0.8030,2.600e-04,3.285e-02,1.890e-02,5
INT8,LUT,"U(-1,1)",32,7168,7168,128x64x32_w4_v3,3.590,3.580,3.600,3.592,0.9150,2.600e-04,3.285e-02,1.890e-02,5
INT8,LUT,"U(-1,1)",32,7168,7168,128x128x32_w4_v3,3.740,3.730,3.750,3.738,0.8800,2.600e-04,3.285e-02,1.890e-02,5
INT8,LUT,"U(-1,1)",32,7168,7168,64x64x32_w4_v3,5.820,5.780,5.930,5.840,0.5650,2.600e-04,3.285e-02,1.890e-02,5
INT8,LUT,"U(-1,1)",32,7168,7168,64x128x32_w4_v3,5.150,5.130,5.170,5.152,0.6380,2.600e-04,3.285e-02,1.890e-02,5
INT8,LUT,"U(-1,1)",32,7168,7168,32x128x32_w4_v3_b1,5.370,5.360,5.380,5.372,0.6120,2.600e-04,3.285e-02,1.890e-02,5
INT8,LUT,"U(-1,1)",32,7168,7168,32x64x32_w4_v3_b1,6.380,6.340,6.410,6.374,0.5160,2.600e-04,3.285e-02,1.890e-02,5
INT8,LUT,"U(-1,1)",32,7168,7168,32x256x32_w8_v3_b1,4.660,4.650,4.660,4.658,0.7060,2.600e-04,3.285e-02,1.890e-02,5
INT8,LUT,"U(-1,1)",32,7168,7168,128x128x32_w8_v3_b1alt,3.280,3.270,3.290,3.280,1.0040,2.600e-04,3.285e-02,1.890e-02,5
INT8,LUT,"U(-1,1)",32,7168,7168,64x128x32_w8_v3_b1alt,4.960,4.960,4.970,4.964,0.6620,2.600e-04,3.285e-02,1.890e-02,5
INT8,LUT,"U(-1,1)",32,7168,7168,128x64x32_w4_v4,3.460,3.460,3.460,3.460,0.9500,2.600e-04,3.285e-02,1.890e-02,5
INT8,LUT,"U(-1,1)",32,7168,7168,128x128x32_w4_v4,3.730,3.730,3.740,3.732,0.8820,2.600e-04,3.285e-02,1.890e-02,5
INT8,LUT,"U(-1,1)",32,7168,7168,64x64x32_w4_v4,5.420,5.410,5.420,5.418,0.6070,2.600e-04,3.285e-02,1.890e-02,5
INT8,LUT,"U(-1,1)",32,7168,7168,64x128x32_w4_v4,5.050,5.030,5.060,5.044,0.6520,2.600e-04,3.285e-02,1.890e-02,5
INT8,LUT,"U(-1,1)",32,7168,7168,128x64x32_w4_v5,3.480,3.480,3.490,3.482,0.9440,2.600e-04,3.285e-02,1.890e-02,5
INT8,LUT,"U(-1,1)",32,7168,7168,128x128x32_w4_v5,3.730,3.730,3.730,3.730,0.8820,2.600e-04,3.285e-02,1.890e-02,5
INT8,LUT,"U(-1,1)",32,7168,7168,64x64x32_w4_v5,5.380,5.380,5.390,5.382,0.6110,2.600e-04,3.285e-02,1.890e-02,5
INT8,LUT,"U(-1,1)",32,7168,7168,64x128x32_w4_v5,5.110,5.090,5.120,5.108,0.6430,2.600e-04,3.285e-02,1.890e-02,5
INT8,LUT,"U(-1,1)",32,7168,7168,128x128x64_w4_v6,2.860,2.860,2.870,2.864,1.1480,2.600e-04,3.285e-02,1.890e-02,5
INT8,LUT,"U(-1,1)",32,7168,7168,128x64x64_w4_v6,2.110,2.110,2.110,2.110,1.5590,2.600e-04,3.285e-02,1.890e-02,5
INT8,LUT,"U(-1,1)",32,7168,7168,64x128x64_w4_v6,4.140,4.130,4.160,4.146,0.7930,2.600e-04,3.285e-02,1.890e-02,5
INT8,LUT,"U(-1,1)",32,7168,7168,64x64x64_w4_v6,3.730,3.720,3.740,3.730,0.8820,2.600e-04,3.285e-02,1.890e-02,5
INT8,LUT,"U(-1,1)",32,7168,7168,64x128x32_w4_v7,5.110,5.080,5.120,5.104,0.6440,2.600e-04,3.285e-02,1.890e-02,5
INT8,LUT,"U(-1,1)",32,7168,7168,64x64x32_w4_v7,5.950,5.940,5.970,5.952,0.5530,2.600e-04,3.285e-02,1.890e-02,5
INT8,LUT,"U(-1,1)",32,7168,7168,32x128x32_w4_v7,5.410,5.390,5.420,5.408,0.6080,2.600e-04,3.285e-02,1.890e-02,5
INT8,LUT,"U(-1,1)",32,7168,7168,32x64x32_w4_v7,6.420,6.390,6.430,6.412,0.5120,2.600e-04,3.285e-02,1.890e-02,5
INT8,LUT,"U(-1,1)",32,7168,7168,128x64x32_w4_v8,3.610,3.600,3.610,3.606,0.9120,5.471e-03,2.028e+00,5.974e-01,5
INT8,LUT,"U(-1,1)",32,7168,7168,128x128x32_w4_v8,3.810,3.780,3.820,3.804,0.8630,5.471e-03,2.028e+00,5.974e-01,5
INT8,LUT,"U(-1,1)",32,7168,7168,64x64x32_w4_v8,6.020,6.010,6.020,6.016,0.5460,5.471e-03,2.028e+00,5.974e-01,5
INT8,LUT,"U(-1,1)",32,7168,7168,64x128x32_w4_v8,5.140,5.110,5.150,5.138,0.6390,5.471e-03,2.028e+00,5.974e-01,5
INT8,LUT,"U(-1,1)",32,7168,7168,32x128x32_w4_v8,5.270,5.260,5.280,5.270,0.6230,5.471e-03,2.028e+00,5.974e-01,5
INT8,LUT,"U(-1,1)",32,7168,7168,32x64x32_w4_v8,6.420,6.390,6.440,6.418,0.5120,5.471e-03,2.028e+00,5.974e-01,5
INT8,LUT,"U(-1,1)",32,7168,7168,128x128x32_w4_v9_ck2,3.650,3.640,3.680,3.654,0.9000,7.091e-01,1.770e+02,9.233e+01,5
INT8,LUT,"U(-1,1)",32,7168,7168,128x128x32_w4_v9_ck4,3.720,3.720,3.730,3.724,0.8830,7.092e-01,1.770e+02,9.232e+01,5
INT8,LUT,"U(-1,1)",32,7168,7168,128x128x32_w4_v9_ck8,3.730,3.730,3.730,3.730,0.8820,7.094e-01,1.770e+02,9.231e+01,5
INT8,LUT,"U(-1,1)",32,7168,7168,64x128x32_w4_v9_ck4,5.030,5.000,5.040,5.028,0.6530,7.092e-01,1.770e+02,9.232e+01,5
INT8,LUT,"U(-1,1)",32,7168,7168,64x64x32_w4_v9_ck4,5.840,5.830,5.870,5.846,0.5630,7.092e-01,1.770e+02,9.232e+01,5
INT8,LUT,"U(-1,1)",32,7168,7168,128x128x32_w4_v10,3.750,3.750,3.780,3.760,0.8770,2.600e-04,3.285e-02,1.890e-02,5
INT8,LUT,"U(-1,1)",32,7168,7168,128x64x32_w4_v10,3.540,3.530,3.550,3.540,0.9300,2.600e-04,3.285e-02,1.890e-02,5
INT8,LUT,"U(-1,1)",32,7168,7168,64x128x32_w4_v10,5.260,5.260,5.280,5.266,0.6250,2.600e-04,3.285e-02,1.890e-02,5
INT8,LUT,"U(-1,1)",32,7168,7168,64x64x32_w4_v10,5.620,5.610,5.630,5.618,0.5850,2.600e-04,3.285e-02,1.890e-02,5
INT8,LUT,"U(-1,1)",32,7168,7168,64x256x32_w8_v10,3.810,3.810,3.820,3.812,0.8630,2.600e-04,3.285e-02,1.890e-02,5
INT8,LUT,"U(-1,1)",32,7168,7168,128x128x32_w4_v11,4.510,4.500,4.520,4.508,0.7290,2.600e-04,3.285e-02,1.890e-02,5
INT8,LUT,"U(-1,1)",32,7168,7168,64x128x32_w4_v11,6.350,6.330,6.360,6.350,0.5180,2.600e-04,3.285e-02,1.890e-02,5
INT8,LUT,"U(-1,1)",32,7168,7168,128x256x32_w8_v11,1.700,1.700,1.710,1.702,1.9360,2.600e-04,3.285e-02,1.890e-02,5
INT8,LUT,"U(-1,1)",32,7168,7168,64x256x32_w8_v11,4.330,4.330,4.340,4.332,0.7590,2.600e-04,3.285e-02,1.890e-02,5
INT8,LUT,"U(-1,1)",32,7168,7168,128x128x16_w4_v11,4.190,4.190,4.210,4.198,0.7840,2.600e-04,3.285e-02,1.890e-02,5
INT8,LUT,"U(-1,1)",32,7168,7168,64x128x16_w4_v11,4.800,4.780,4.810,4.794,0.6860,2.600e-04,3.285e-02,1.890e-02,5
INT8,LUT,"U(-1,1)",32,7168,7168,128x256x16_w8_v11,1.620,1.610,1.630,1.618,2.0300,2.600e-04,3.285e-02,1.890e-02,5
INT8,LUT,"U(-1,1)",32,7168,7168,64x256x16_w8_v11,4.320,4.310,4.320,4.318,0.7620,2.600e-04,3.285e-02,1.890e-02,5
INT8,LUT,"U(-1,1)",32,7168,7168,64x256x16_w4f4_v11,3.690,3.680,3.690,3.688,0.8910,2.600e-04,3.285e-02,1.890e-02,5
INT8,LUT,"U(-1,1)",32,7168,7168,128x256x16_w4f4_v11,1.750,1.740,1.750,1.748,1.8830,2.600e-04,3.285e-02,1.890e-02,5
INT8,LUT,"U(-1,1)",32,7168,7168,32x128x16_w4_v11,5.430,5.400,5.450,5.424,0.6060,2.600e-04,3.285e-02,1.890e-02,5
INT8,LUT,"U(-1,1)",32,7168,7168,32x256x16_w8_v11,4.860,4.850,4.870,4.862,0.6760,2.600e-04,3.285e-02,1.890e-02,5
INT8,LUT,"U(-1,1)",32,7168,7168,32x128x32_w4_v11,6.370,6.360,6.400,6.376,0.5160,2.600e-04,3.285e-02,1.890e-02,5
INT8,LUT,"U(-1,1)",32,7168,7168,192x128x16_w4_v11,3.400,3.400,3.400,3.400,0.9670,2.600e-04,3.285e-02,1.890e-02,5
INT8,LUT,"U(-1,1)",32,7168,7168,256x128x16_w4_v11,1.490,1.480,1.490,1.486,2.2110,2.600e-04,3.285e-02,1.890e-02,5
INT8,LUT,"U(-1,1)",32,7168,7168,64x128x16_w2f4_v11,4.150,4.140,4.160,4.148,0.7930,2.600e-04,3.285e-02,1.890e-02,5
INT8,LUT,"U(-1,1)",32,7168,7168,64x128x32_w2f4_v11,4.460,4.450,4.470,4.460,0.7370,2.600e-04,3.285e-02,1.890e-02,5
INT8,LUT,"U(-1,1)",32,7168,7168,32x128x16_w2f4_v11,3.780,3.730,3.820,3.776,0.8700,2.600e-04,3.285e-02,1.890e-02,5
INT8,LUT,"U(-1,1)",32,7168,7168,128x128x16_w4_v12,4.150,4.150,4.170,4.156,0.7920,5.471e-03,2.028e+00,5.974e-01,5
INT8,LUT,"U(-1,1)",32,7168,7168,64x128x16_w4_v12,4.630,4.610,4.650,4.630,0.7100,5.471e-03,2.028e+00,5.974e-01,5
INT8,LUT,"U(-1,1)",32,7168,7168,128x256x16_w8_v12,3.700,3.690,3.700,3.698,0.8900,5.471e-03,2.028e+00,5.974e-01,5
INT8,LUT,"U(-1,1)",32,7168,7168,64x256x16_w8_v12,4.340,4.340,4.350,4.344,0.7580,5.471e-03,2.028e+00,5.974e-01,5
INT8,LUT,"U(-1,1)",32,7168,7168,128x128x32_w4_v12,4.540,4.530,4.550,4.540,0.7240,5.471e-03,2.028e+00,5.974e-01,5
INT8,LUT,"U(-1,1)",32,7168,7168,64x128x32_w4_v12,6.430,6.400,6.440,6.428,0.5110,5.471e-03,2.028e+00,5.974e-01,5
INT8,LUT,"U(-1,1)",32,7168,7168,32x128x16_w4_v12,5.230,5.180,5.240,5.216,0.6290,5.471e-03,2.028e+00,5.974e-01,5
INT8,LUT,"U(-1,1)",32,7168,7168,32x256x16_w8_v12,4.800,4.770,4.820,4.800,0.6850,5.471e-03,2.028e+00,5.974e-01,5
INT8,LUT,"U(-1,1)",32,7168,7168,64x128x16_w2f4_v12,4.100,4.090,4.110,4.100,0.8030,5.471e-03,2.028e+00,5.974e-01,5
INT8,LUT,"U(-1,1)",32,7168,7168,64x256x16_w4f4_v12,3.560,3.560,3.570,3.564,0.9220,5.471e-03,2.028e+00,5.974e-01,5
INT8,LUT,"U(-1,1)",32,7168,7168,128x128x32_w4_v10s_ks1,3.760,3.740,3.800,3.762,0.8760,2.600e-04,3.285e-02,1.890e-02,5
INT8,LUT,"U(-1,1)",32,7168,7168,128x128x32_w4_v10s_ks2,5.750,5.730,5.770,5.748,0.5720,2.600e-04,3.288e-02,1.891e-02,5
INT8,LUT,"U(-1,1)",32,7168,7168,128x128x32_w4_v10s_ks4,5.680,5.670,5.690,5.678,0.5790,2.600e-04,3.289e-02,1.891e-02,5
INT8,LUT,"U(-1,1)",32,7168,7168,128x128x32_w4_v10s_ks8,7.230,7.220,7.250,7.232,0.4550,2.600e-04,3.291e-02,1.892e-02,5
INT8,LUT,"U(-1,1)",32,7168,7168,64x128x32_w4_v10s_ks2,8.030,8.010,8.060,8.034,0.4090,2.600e-04,3.288e-02,1.891e-02,5
INT8,LUT,"U(-1,1)",32,7168,7168,64x128x32_w4_v10s_ks4,9.440,9.400,9.490,9.444,0.3480,2.600e-04,3.289e-02,1.891e-02,5
INT8,LUT,"U(-1,1)",32,7168,7168,64x128x32_w4_v10s_ks8,10.730,10.710,10.780,10.736,0.3070,2.600e-04,3.291e-02,1.892e-02,5
INT8,LUT,"U(-1,1)",32,7168,7168,64x64x32_w4_v10s_ks2,8.450,8.420,8.460,8.446,0.3890,2.600e-04,3.288e-02,1.891e-02,5
INT8,LUT,"U(-1,1)",32,7168,7168,64x64x32_w4_v10s_ks4,7.500,7.400,7.580,7.490,0.4380,2.600e-04,3.289e-02,1.891e-02,5
INT8,LUT,"U(-1,1)",32,7168,7168,64x64x32_w4_v10s_ks8,8.300,8.290,8.360,8.310,0.3960,2.600e-04,3.291e-02,1.892e-02,5
INT8,LUT,"U(-1,1)",32,7168,7168,64x256x32_w8_v10s_ks2,7.300,7.290,7.310,7.302,0.4510,2.600e-04,3.288e-02,1.891e-02,5
INT8,LUT,"U(-1,1)",32,7168,7168,64x256x32_w8_v10s_ks4,8.520,8.500,8.540,8.516,0.3860,2.600e-04,3.289e-02,1.891e-02,5
INT8,LUT,"U(-1,1)",32,7168,7168,128x128x32_cutlass_p1,8.440,7.930,8.800,8.334,0.3900,2.600e-04,3.285e-02,1.890e-02,5
INT8,BITSHIFT,"U(-1,1)",32,7168,7168,128x128x32_cutlass_p1,8.100,7.950,8.360,8.130,0.4060,2.600e-04,3.285e-02,1.890e-02,5
INT8,LUT,"U(-1,1)",32,7168,7168,64x128x32_cutlass_p1,8.400,8.240,8.780,8.462,0.3920,2.600e-04,3.285e-02,1.890e-02,5
INT8,BITSHIFT,"U(-1,1)",32,7168,7168,64x128x32_cutlass_p1,8.380,7.950,8.520,8.244,0.3920,2.600e-04,3.285e-02,1.890e-02,5
INT8,LUT,"U(-1,1)",32,7168,7168,128x64x32_cutlass_p1,8.490,8.170,8.940,8.468,0.3870,2.600e-04,3.285e-02,1.890e-02,5
INT8,BITSHIFT,"U(-1,1)",32,7168,7168,128x64x32_cutlass_p1,8.250,8.120,8.570,8.326,0.3990,2.600e-04,3.285e-02,1.890e-02,5
INT8,LUT,"U(-1,1)",64,7168,7168,16x64x32_w4,4.110,4.110,4.120,4.114,1.5990,2.596e-04,3.949e-02,1.861e-02,5
INT8,BITSHIFT,"U(-1,1)",64,7168,7168,16x64x32_w4,3.630,3.630,3.630,3.630,1.8120,1.849e-04,2.502e-02,1.358e-02,5
INT8,LUT,"U(-1,1)",64,7168,7168,16x128x32_w8,4.010,3.950,4.020,3.994,1.6410,2.596e-04,3.949e-02,1.861e-02,5
INT8,BITSHIFT,"U(-1,1)",64,7168,7168,16x128x32_w8,3.530,3.470,3.530,3.512,1.8640,1.849e-04,2.502e-02,1.358e-02,5
INT8,LUT,"U(-1,1)",64,7168,7168,16x128x32_w4f2,2.530,2.510,2.540,2.528,2.6000,2.596e-04,3.949e-02,1.861e-02,5
INT8,LUT,"U(-1,1)",64,7168,7168,16x256x32_w4f4,1.430,1.420,1.440,1.432,4.5850,2.596e-04,3.949e-02,1.861e-02,5
INT8,LUT,"U(-1,1)",64,7168,7168,128x64x32_w4_v1,2.830,2.810,2.840,2.830,2.3220,2.596e-04,3.949e-02,1.861e-02,5
INT8,LUT,"U(-1,1)",64,7168,7168,128x128x32_w4_v1,2.150,2.140,2.150,2.146,3.0650,2.596e-04,3.949e-02,1.861e-02,5
INT8,LUT,"U(-1,1)",64,7168,7168,128x256x32_w4_v1,0.910,0.910,0.910,0.910,7.2360,2.596e-04,3.949e-02,1.861e-02,5
INT8,LUT,"U(-1,1)",64,7168,7168,128x256x32_w8_v1,1.970,1.940,1.970,1.960,3.3450,2.596e-04,3.949e-02,1.861e-02,5
INT8,LUT,"U(-1,1)",64,7168,7168,64x64x32_w4_v1,3.650,3.630,3.650,3.642,1.8020,2.596e-04,3.949e-02,1.861e-02,5
INT8,LUT,"U(-1,1)",64,7168,7168,64x128x32_w4_v1,2.320,2.320,2.330,2.322,2.8300,2.596e-04,3.949e-02,1.861e-02,5
INT8,LUT,"U(-1,1)",64,7168,7168,128x64x32_w4_v2,4.870,4.860,4.880,4.870,1.3500,2.596e-04,3.949e-02,1.861e-02,5
INT8,LUT,"U(-1,1)",64,7168,7168,128x128x32_w4_v2,5.290,5.290,5.300,5.294,1.2420,2.596e-04,3.949e-02,1.861e-02,5
INT8,LUT,"U(-1,1)",64,7168,7168,128x256x32_w4_v2,2.810,2.810,2.820,2.812,2.3380,2.596e-04,3.949e-02,1.861e-02,5
INT8,LUT,"U(-1,1)",64,7168,7168,128x256x32_w8_v2,4.470,4.460,4.470,4.466,1.4710,2.596e-04,3.949e-02,1.861e-02,5
INT8,LUT,"U(-1,1)",64,7168,7168,64x64x32_w4_v2,7.460,7.430,7.500,7.458,0.8810,2.596e-04,3.949e-02,1.861e-02,5
INT8,LUT,"U(-1,1)",64,7168,7168,64x128x32_w4_v2,7.100,7.080,7.110,7.098,0.9260,2.596e-04,3.949e-02,1.861e-02,5
INT8,LUT,"U(-1,1)",64,7168,7168,128x64x32_w4_v3,7.100,7.080,7.110,7.098,0.9260,2.596e-04,3.949e-02,1.861e-02,5
INT8,LUT,"U(-1,1)",64,7168,7168,128x128x32_w4_v3,7.460,7.450,7.460,7.456,0.8820,2.596e-04,3.949e-02,1.861e-02,5
INT8,LUT,"U(-1,1)",64,7168,7168,64x64x32_w4_v3,10.680,10.510,10.740,10.630,0.6160,2.596e-04,3.949e-02,1.861e-02,5
INT8,LUT,"U(-1,1)",64,7168,7168,64x128x32_w4_v3,9.900,9.890,9.920,9.902,0.6640,2.596e-04,3.949e-02,1.861e-02,5
INT8,LUT,"U(-1,1)",64,7168,7168,32x128x32_w4_v3_b1,10.460,10.420,10.470,10.456,0.6290,2.596e-04,3.949e-02,1.861e-02,5
INT8,LUT,"U(-1,1)",64,7168,7168,32x64x32_w4_v3_b1,12.410,12.390,12.460,12.422,0.5300,2.596e-04,3.949e-02,1.861e-02,5
INT8,LUT,"U(-1,1)",64,7168,7168,32x256x32_w8_v3_b1,9.400,9.400,9.420,9.404,0.7000,2.596e-04,3.949e-02,1.861e-02,5
INT8,LUT,"U(-1,1)",64,7168,7168,128x128x32_w8_v3_b1alt,6.400,6.380,6.400,6.394,1.0280,2.596e-04,3.949e-02,1.861e-02,5
INT8,LUT,"U(-1,1)",64,7168,7168,64x128x32_w8_v3_b1alt,8.820,8.780,8.820,8.808,0.7460,2.596e-04,3.949e-02,1.861e-02,5
INT8,LUT,"U(-1,1)",64,7168,7168,128x64x32_w4_v4,6.850,6.840,6.860,6.850,0.9600,2.596e-04,3.949e-02,1.861e-02,5
INT8,LUT,"U(-1,1)",64,7168,7168,128x128x32_w4_v4,7.450,7.440,7.460,7.448,0.8830,2.596e-04,3.949e-02,1.861e-02,5
INT8,LUT,"U(-1,1)",64,7168,7168,64x64x32_w4_v4,10.580,10.550,10.600,10.576,0.6220,2.596e-04,3.949e-02,1.861e-02,5
INT8,LUT,"U(-1,1)",64,7168,7168,64x128x32_w4_v4,9.860,9.840,9.880,9.864,0.6670,2.596e-04,3.949e-02,1.861e-02,5
INT8,LUT,"U(-1,1)",64,7168,7168,128x64x32_w4_v5,6.900,6.880,6.900,6.892,0.9530,2.596e-04,3.949e-02,1.861e-02,5
INT8,LUT,"U(-1,1)",64,7168,7168,128x128x32_w4_v5,7.410,7.400,7.410,7.408,0.8870,2.596e-04,3.949e-02,1.861e-02,5
INT8,LUT,"U(-1,1)",64,7168,7168,64x64x32_w4_v5,10.500,10.490,10.520,10.506,0.6260,2.596e-04,3.949e-02,1.861e-02,5
INT8,LUT,"U(-1,1)",64,7168,7168,64x128x32_w4_v5,9.850,9.840,9.860,9.850,0.6680,2.596e-04,3.949e-02,1.861e-02,5
INT8,LUT,"U(-1,1)",64,7168,7168,128x128x64_w4_v6,5.570,5.570,5.580,5.574,1.1800,2.596e-04,3.949e-02,1.861e-02,5
INT8,LUT,"U(-1,1)",64,7168,7168,128x64x64_w4_v6,4.190,4.180,4.200,4.190,1.5690,2.596e-04,3.949e-02,1.861e-02,5
INT8,LUT,"U(-1,1)",64,7168,7168,64x128x64_w4_v6,7.960,7.930,8.000,7.966,0.8260,2.596e-04,3.949e-02,1.861e-02,5
INT8,LUT,"U(-1,1)",64,7168,7168,64x64x64_w4_v6,7.390,7.380,7.400,7.390,0.8900,2.596e-04,3.949e-02,1.861e-02,5
INT8,LUT,"U(-1,1)",64,7168,7168,64x128x32_w4_v7,9.910,9.910,9.930,9.914,0.6640,2.596e-04,3.949e-02,1.861e-02,5
INT8,LUT,"U(-1,1)",64,7168,7168,64x64x32_w4_v7,10.830,10.830,10.870,10.842,0.6070,2.596e-04,3.949e-02,1.861e-02,5
INT8,LUT,"U(-1,1)",64,7168,7168,32x128x32_w4_v7,10.430,10.390,10.460,10.428,0.6310,2.596e-04,3.949e-02,1.861e-02,5
INT8,LUT,"U(-1,1)",64,7168,7168,32x64x32_w4_v7,12.130,12.100,12.160,12.130,0.5420,2.596e-04,3.949e-02,1.861e-02,5
INT8,LUT,"U(-1,1)",64,7168,7168,128x64x32_w4_v8,7.130,7.120,7.130,7.126,0.9230,5.469e-03,2.259e+00,6.036e-01,5
INT8,LUT,"U(-1,1)",64,7168,7168,128x128x32_w4_v8,7.540,7.500,7.580,7.542,0.8730,5.469e-03,2.259e+00,6.036e-01,5
INT8,LUT,"U(-1,1)",64,7168,7168,64x64x32_w4_v8,11.050,11.040,11.070,11.052,0.5950,5.469e-03,2.259e+00,6.036e-01,5
INT8,LUT,"U(-1,1)",64,7168,7168,64x128x32_w4_v8,9.940,9.930,9.960,9.942,0.6620,5.469e-03,2.259e+00,6.036e-01,5
INT8,LUT,"U(-1,1)",64,7168,7168,32x128x32_w4_v8,10.210,10.200,10.220,10.210,0.6440,5.469e-03,2.259e+00,6.036e-01,5
INT8,LUT,"U(-1,1)",64,7168,7168,32x64x32_w4_v8,12.240,12.180,12.300,12.244,0.5370,5.469e-03,2.259e+00,6.036e-01,5
INT8,LUT,"U(-1,1)",64,7168,7168,128x128x32_w4_v9_ck2,7.110,7.090,7.140,7.114,0.9250,7.099e-01,1.770e+02,9.159e+01,5
INT8,LUT,"U(-1,1)",64,7168,7168,128x128x32_w4_v9_ck4,7.390,7.380,7.410,7.394,0.8900,7.100e-01,1.770e+02,9.157e+01,5
INT8,LUT,"U(-1,1)",64,7168,7168,128x128x32_w4_v9_ck8,7.450,7.440,7.460,7.448,0.8830,7.101e-01,1.770e+02,9.158e+01,5
INT8,LUT,"U(-1,1)",64,7168,7168,64x128x32_w4_v9_ck4,9.800,9.800,9.810,9.802,0.6710,7.100e-01,1.770e+02,9.157e+01,5
INT8,LUT,"U(-1,1)",64,7168,7168,64x64x32_w4_v9_ck4,10.920,10.890,10.960,10.922,0.6020,7.100e-01,1.770e+02,9.157e+01,5
INT8,LUT,"U(-1,1)",64,7168,7168,128x128x32_w4_v10,7.520,7.460,7.520,7.504,0.8750,2.596e-04,3.949e-02,1.861e-02,5
INT8,LUT,"U(-1,1)",64,7168,7168,128x64x32_w4_v10,7.020,7.010,7.030,7.020,0.9370,2.596e-04,3.949e-02,1.861e-02,5
INT8,LUT,"U(-1,1)",64,7168,7168,64x128x32_w4_v10,10.110,10.070,10.120,10.100,0.6510,2.596e-04,3.949e-02,1.861e-02,5
INT8,LUT,"U(-1,1)",64,7168,7168,64x64x32_w4_v10,11.020,11.010,11.050,11.024,0.5970,2.596e-04,3.949e-02,1.861e-02,5
INT8,LUT,"U(-1,1)",64,7168,7168,64x256x32_w8_v10,6.940,6.940,6.950,6.944,0.9470,2.596e-04,3.949e-02,1.861e-02,5
INT8,LUT,"U(-1,1)",64,7168,7168,128x128x32_w4_v11,8.650,8.630,8.670,8.646,0.7600,2.596e-04,3.949e-02,1.861e-02,5
INT8,LUT,"U(-1,1)",64,7168,7168,64x128x32_w4_v11,11.650,11.640,11.680,11.656,0.5650,2.596e-04,3.949e-02,1.861e-02,5
INT8,LUT,"U(-1,1)",64,7168,7168,128x256x32_w8_v11,3.270,3.270,3.270,3.270,2.0100,2.596e-04,3.949e-02,1.861e-02,5
INT8,LUT,"U(-1,1)",64,7168,7168,64x256x32_w8_v11,7.910,7.900,7.920,7.910,0.8310,2.596e-04,3.949e-02,1.861e-02,5
INT8,LUT,"U(-1,1)",64,7168,7168,128x128x16_w4_v11,7.530,7.490,7.530,7.520,0.8730,2.596e-04,3.949e-02,1.861e-02,5
INT8,LUT,"U(-1,1)",64,7168,7168,64x128x16_w4_v11,7.410,7.410,7.420,7.414,0.8880,2.596e-04,3.949e-02,1.861e-02,5
INT8,LUT,"U(-1,1)",64,7168,7168,128x256x16_w8_v11,3.140,3.090,3.180,3.140,2.0930,2.596e-04,3.949e-02,1.861e-02,5
INT8,LUT,"U(-1,1)",64,7168,7168,64x256x16_w8_v11,7.420,7.420,7.430,7.422,0.8860,2.596e-04,3.949e-02,1.861e-02,5
INT8,LUT,"U(-1,1)",64,7168,7168,64x256x16_w4f4_v11,6.050,6.040,6.060,6.052,1.0870,2.596e-04,3.949e-02,1.861e-02,5
INT8,LUT,"U(-1,1)",64,7168,7168,128x256x16_w4f4_v11,3.200,3.200,3.200,3.200,2.0550,2.596e-04,3.949e-02,1.861e-02,5
INT8,LUT,"U(-1,1)",64,7168,7168,32x128x16_w4_v11,11.020,11.000,11.050,11.024,0.5970,2.596e-04,3.949e-02,1.861e-02,5
INT8,LUT,"U(-1,1)",64,7168,7168,32x256x16_w8_v11,9.870,9.860,9.880,9.872,0.6660,2.596e-04,3.949e-02,1.861e-02,5
INT8,LUT,"U(-1,1)",64,7168,7168,32x128x32_w4_v11,12.980,12.940,13.000,12.976,0.5070,2.596e-04,3.949e-02,1.861e-02,5
INT8,LUT,"U(-1,1)",64,7168,7168,192x128x16_w4_v11,5.580,5.570,5.590,5.578,1.1780,2.596e-04,3.949e-02,1.861e-02,5
INT8,LUT,"U(-1,1)",64,7168,7168,256x128x16_w4_v11,2.790,2.780,2.790,2.788,2.3580,2.596e-04,3.949e-02,1.861e-02,5
INT8,LUT,"U(-1,1)",64,7168,7168,64x128x16_w2f4_v11,7.490,7.490,7.520,7.500,0.8780,2.596e-04,3.949e-02,1.861e-02,5
INT8,LUT,"U(-1,1)",64,7168,7168,64x128x32_w2f4_v11,8.370,8.360,8.400,8.380,0.7860,2.596e-04,3.949e-02,1.861e-02,5
INT8,LUT,"U(-1,1)",64,7168,7168,32x128x16_w2f4_v11,7.540,7.430,7.590,7.518,0.8720,2.596e-04,3.949e-02,1.861e-02,5
INT8,LUT,"U(-1,1)",64,7168,7168,128x128x16_w4_v12,7.460,7.460,7.460,7.460,0.8820,5.469e-03,2.259e+00,6.036e-01,5
INT8,LUT,"U(-1,1)",64,7168,7168,64x128x16_w4_v12,7.430,7.410,7.430,7.424,0.8850,5.469e-03,2.259e+00,6.036e-01,5
INT8,LUT,"U(-1,1)",64,7168,7168,128x256x16_w8_v12,5.960,5.960,5.970,5.964,1.1030,5.469e-03,2.259e+00,6.036e-01,5
INT8,LUT,"U(-1,1)",64,7168,7168,64x256x16_w8_v12,7.360,7.350,7.370,7.358,0.8940,5.469e-03,2.259e+00,6.036e-01,5
INT8,LUT,"U(-1,1)",64,7168,7168,128x128x32_w4_v12,8.840,8.830,8.870,8.848,0.7440,5.469e-03,2.259e+00,6.036e-01,5
INT8,LUT,"U(-1,1)",64,7168,7168,64x128x32_w4_v12,12.210,12.200,12.230,12.212,0.5390,5.469e-03,2.259e+00,6.036e-01,5
INT8,LUT,"U(-1,1)",64,7168,7168,32x128x16_w4_v12,10.570,10.540,10.660,10.592,0.6220,5.469e-03,2.259e+00,6.036e-01,5
INT8,LUT,"U(-1,1)",64,7168,7168,32x256x16_w8_v12,9.880,9.820,9.910,9.880,0.6660,5.469e-03,2.259e+00,6.036e-01,5
INT8,LUT,"U(-1,1)",64,7168,7168,64x128x16_w2f4_v12,7.450,7.440,7.460,7.450,0.8830,5.469e-03,2.259e+00,6.036e-01,5
INT8,LUT,"U(-1,1)",64,7168,7168,64x256x16_w4f4_v12,5.990,5.980,5.990,5.988,1.0980,5.469e-03,2.259e+00,6.036e-01,5
INT8,LUT,"U(-1,1)",64,7168,7168,128x128x32_w4_v10s_ks1,7.510,7.460,7.520,7.500,0.8760,2.596e-04,3.949e-02,1.861e-02,5
INT8,LUT,"U(-1,1)",64,7168,7168,128x128x32_w4_v10s_ks2,11.130,11.080,11.190,11.132,0.5910,2.596e-04,3.950e-02,1.862e-02,5
INT8,LUT,"U(-1,1)",64,7168,7168,128x128x32_w4_v10s_ks4,11.010,10.980,11.020,11.006,0.5970,2.596e-04,3.953e-02,1.863e-02,5
INT8,LUT,"U(-1,1)",64,7168,7168,128x128x32_w4_v10s_ks8,13.970,13.920,13.990,13.964,0.4710,2.596e-04,3.949e-02,1.866e-02,5
INT8,LUT,"U(-1,1)",64,7168,7168,64x128x32_w4_v10s_ks2,15.640,15.630,15.740,15.670,0.4210,2.596e-04,3.950e-02,1.862e-02,5
INT8,LUT,"U(-1,1)",64,7168,7168,64x128x32_w4_v10s_ks4,18.250,18.170,18.280,18.232,0.3600,2.596e-04,3.953e-02,1.863e-02,5
INT8,LUT,"U(-1,1)",64,7168,7168,64x128x32_w4_v10s_ks8,20.480,20.410,20.590,20.494,0.3210,2.596e-04,3.949e-02,1.866e-02,5
INT8,LUT,"U(-1,1)",64,7168,7168,64x64x32_w4_v10s_ks2,16.520,16.490,16.540,16.518,0.3980,2.596e-04,3.950e-02,1.862e-02,5
INT8,LUT,"U(-1,1)",64,7168,7168,64x64x32_w4_v10s_ks4,14.440,14.280,14.810,14.480,0.4550,2.596e-04,3.953e-02,1.863e-02,5
INT8,LUT,"U(-1,1)",64,7168,7168,64x64x32_w4_v10s_ks8,15.450,15.390,15.650,15.496,0.4260,2.596e-04,3.949e-02,1.866e-02,5
INT8,LUT,"U(-1,1)",64,7168,7168,64x256x32_w8_v10s_ks2,13.190,13.170,13.210,13.188,0.4980,2.596e-04,3.950e-02,1.862e-02,5
INT8,LUT,"U(-1,1)",64,7168,7168,64x256x32_w8_v10s_ks4,15.860,15.670,15.920,15.838,0.4150,2.596e-04,3.953e-02,1.863e-02,5
INT8,LUT,"U(-1,1)",64,7168,7168,128x128x32_cutlass_p1,16.680,15.950,17.600,16.872,0.3940,2.596e-04,3.949e-02,1.861e-02,5
INT8,BITSHIFT,"U(-1,1)",64,7168,7168,128x128x32_cutlass_p1,17.390,16.010,17.620,16.962,0.3780,2.596e-04,3.949e-02,1.861e-02,5
INT8,LUT,"U(-1,1)",64,7168,7168,64x128x32_cutlass_p1,17.150,16.900,17.780,17.314,0.3830,2.596e-04,3.949e-02,1.861e-02,5
INT8,BITSHIFT,"U(-1,1)",64,7168,7168,64x128x32_cutlass_p1,17.210,16.240,17.740,17.020,0.3820,2.596e-04,3.949e-02,1.861e-02,5
INT8,LUT,"U(-1,1)",64,7168,7168,128x64x32_cutlass_p1,16.750,16.330,17.490,16.848,0.3930,2.596e-04,3.949e-02,1.861e-02,5
INT8,BITSHIFT,"U(-1,1)",64,7168,7168,128x64x32_cutlass_p1,17.060,16.480,17.450,16.962,0.3860,2.596e-04,3.949e-02,1.861e-02,5
INT8,LUT,"U(-1,1)",256,7168,7168,16x64x32_w4,5.070,5.070,5.080,5.072,5.1850,2.595e-04,3.950e-02,1.818e-02,5
INT8,BITSHIFT,"U(-1,1)",256,7168,7168,16x64x32_w4,3.590,3.580,3.680,3.606,7.3250,1.848e-04,2.550e-02,1.292e-02,5
INT8,LUT,"U(-1,1)",256,7168,7168,16x128x32_w8,4.630,4.560,4.690,4.628,5.6770,2.595e-04,3.950e-02,1.818e-02,5
INT8,BITSHIFT,"U(-1,1)",256,7168,7168,16x128x32_w8,3.510,3.420,3.590,3.500,7.4880,1.848e-04,2.550e-02,1.292e-02,5
INT8,LUT,"U(-1,1)",256,7168,7168,16x128x32_w4f2,4.440,4.370,4.450,4.430,5.9240,2.595e-04,3.950e-02,1.818e-02,5
INT8,LUT,"U(-1,1)",256,7168,7168,16x256x32_w4f4,2.680,2.620,2.730,2.678,9.8250,2.595e-04,3.950e-02,1.818e-02,5
INT8,LUT,"U(-1,1)",256,7168,7168,128x64x32_w4_v1,10.080,10.050,10.100,10.078,2.6100,2.595e-04,3.950e-02,1.818e-02,5
INT8,LUT,"U(-1,1)",256,7168,7168,128x128x32_w4_v1,7.800,7.780,7.810,7.796,3.3730,2.595e-04,3.950e-02,1.818e-02,5
INT8,LUT,"U(-1,1)",256,7168,7168,128x256x32_w4_v1,2.990,2.980,2.990,2.988,8.7920,2.595e-04,3.950e-02,1.818e-02,5
INT8,LUT,"U(-1,1)",256,7168,7168,128x256x32_w8_v1,7.770,7.740,7.770,7.762,3.3860,2.595e-04,3.950e-02,1.818e-02,5
INT8,LUT,"U(-1,1)",256,7168,7168,64x64x32_w4_v1,6.490,6.490,6.540,6.508,4.0500,2.595e-04,3.950e-02,1.818e-02,5
INT8,LUT,"U(-1,1)",256,7168,7168,64x128x32_w4_v1,8.790,8.790,8.810,8.796,2.9930,2.595e-04,3.950e-02,1.818e-02,5
INT8,LUT,"U(-1,1)",256,7168,7168,128x64x32_w4_v2,15.320,15.290,15.340,15.320,1.7170,2.595e-04,3.950e-02,1.818e-02,5
INT8,LUT,"U(-1,1)",256,7168,7168,128x128x32_w4_v2,16.730,16.700,16.780,16.732,1.5730,2.595e-04,3.950e-02,1.818e-02,5
INT8,LUT,"U(-1,1)",256,7168,7168,128x256x32_w4_v2,9.040,9.030,9.050,9.042,2.9090,2.595e-04,3.950e-02,1.818e-02,5
INT8,LUT,"U(-1,1)",256,7168,7168,128x256x32_w8_v2,16.110,16.040,16.130,16.092,1.6330,2.595e-04,3.950e-02,1.818e-02,5
INT8,LUT,"U(-1,1)",256,7168,7168,64x64x32_w4_v2,15.380,15.360,15.390,15.378,1.7100,2.595e-04,3.950e-02,1.818e-02,5
INT8,LUT,"U(-1,1)",256,7168,7168,64x128x32_w4_v2,20.350,20.340,20.370,20.352,1.2930,2.595e-04,3.950e-02,1.818e-02,5
INT8,LUT,"U(-1,1)",256,7168,7168,128x64x32_w4_v3,20.720,20.700,20.750,20.720,1.2700,2.595e-04,3.950e-02,1.818e-02,5
INT8,LUT,"U(-1,1)",256,7168,7168,128x128x32_w4_v3,21.430,21.310,21.670,21.486,1.2280,2.595e-04,3.950e-02,1.818e-02,5
INT8,LUT,"U(-1,1)",256,7168,7168,64x64x32_w4_v3,14.160,13.450,14.390,14.050,1.8580,2.595e-04,3.950e-02,1.818e-02,5
INT8,LUT,"U(-1,1)",256,7168,7168,64x128x32_w4_v3,26.960,26.950,26.980,26.964,0.9760,2.595e-04,3.950e-02,1.818e-02,5
INT8,LUT,"U(-1,1)",256,7168,7168,32x128x32_w4_v3_b1,14.890,14.650,15.080,14.874,1.7670,2.595e-04,3.950e-02,1.818e-02,5
INT8,LUT,"U(-1,1)",256,7168,7168,32x64x32_w4_v3_b1,14.170,14.100,14.190,14.158,1.8570,2.595e-04,3.950e-02,1.818e-02,5
INT8,LUT,"U(-1,1)",256,7168,7168,32x256x32_w8_v3_b1,13.660,13.640,13.660,13.654,1.9260,2.595e-04,3.950e-02,1.818e-02,5
INT8,LUT,"U(-1,1)",256,7168,7168,128x128x32_w8_v3_b1alt,15.810,15.800,15.810,15.806,1.6640,2.595e-04,3.950e-02,1.818e-02,5
INT8,LUT,"U(-1,1)",256,7168,7168,64x128x32_w8_v3_b1alt,13.430,13.280,13.540,13.418,1.9590,2.595e-04,3.950e-02,1.818e-02,5
INT8,LUT,"U(-1,1)",256,7168,7168,128x64x32_w4_v4,20.070,20.050,20.070,20.064,1.3110,2.595e-04,3.950e-02,1.818e-02,5
INT8,LUT,"U(-1,1)",256,7168,7168,128x128x32_w4_v4,21.860,21.740,21.910,21.852,1.2030,2.595e-04,3.950e-02,1.818e-02,5
INT8,LUT,"U(-1,1)",256,7168,7168,64x64x32_w4_v4,14.670,14.470,14.680,14.592,1.7940,2.595e-04,3.950e-02,1.818e-02,5
INT8,LUT,"U(-1,1)",256,7168,7168,64x128x32_w4_v4,26.490,26.470,26.520,26.492,0.9930,2.595e-04,3.950e-02,1.818e-02,5
INT8,LUT,"U(-1,1)",256,7168,7168,128x64x32_w4_v5,14.190,14.150,14.240,14.186,1.8530,2.595e-04,3.950e-02,1.818e-02,5
INT8,LUT,"U(-1,1)",256,7168,7168,128x128x32_w4_v5,21.140,21.060,21.200,21.124,1.2440,2.595e-04,3.950e-02,1.818e-02,5
INT8,LUT,"U(-1,1)",256,7168,7168,64x64x32_w4_v5,14.030,13.990,14.130,14.042,1.8750,2.595e-04,3.950e-02,1.818e-02,5
INT8,LUT,"U(-1,1)",256,7168,7168,64x128x32_w4_v5,17.880,17.860,17.900,17.878,1.4710,2.595e-04,3.950e-02,1.818e-02,5
INT8,LUT,"U(-1,1)",256,7168,7168,128x128x64_w4_v6,15.120,15.070,15.180,15.126,1.7400,2.595e-04,3.950e-02,1.818e-02,5
INT8,LUT,"U(-1,1)",256,7168,7168,128x64x64_w4_v6,12.030,12.020,12.030,12.026,2.1870,2.595e-04,3.950e-02,1.818e-02,5
INT8,LUT,"U(-1,1)",256,7168,7168,64x128x64_w4_v6,18.920,18.900,18.940,18.918,1.3910,2.595e-04,3.950e-02,1.818e-02,5
INT8,LUT,"U(-1,1)",256,7168,7168,64x64x64_w4_v6,8.880,8.620,9.010,8.804,2.9640,2.595e-04,3.950e-02,1.818e-02,5
INT8,LUT,"U(-1,1)",256,7168,7168,64x128x32_w4_v7,16.450,16.430,16.480,16.450,1.5990,2.595e-04,3.950e-02,1.818e-02,5
INT8,LUT,"U(-1,1)",256,7168,7168,64x64x32_w4_v7,17.380,17.370,17.400,17.380,1.5140,2.595e-04,3.950e-02,1.818e-02,5
INT8,LUT,"U(-1,1)",256,7168,7168,32x128x32_w4_v7,12.960,12.930,12.980,12.960,2.0300,2.595e-04,3.950e-02,1.818e-02,5
INT8,LUT,"U(-1,1)",256,7168,7168,32x64x32_w4_v7,13.420,13.390,13.440,13.418,1.9600,2.595e-04,3.950e-02,1.818e-02,5
INT8,LUT,"U(-1,1)",256,7168,7168,128x64x32_w4_v8,20.360,20.340,20.390,20.366,1.2920,5.466e-03,2.259e+00,6.049e-01,5
INT8,LUT,"U(-1,1)",256,7168,7168,128x128x32_w4_v8,22.330,22.230,22.350,22.302,1.1780,5.466e-03,2.259e+00,6.049e-01,5
INT8,LUT,"U(-1,1)",256,7168,7168,64x64x32_w4_v8,14.890,14.860,14.900,14.884,1.7670,5.466e-03,2.259e+00,6.049e-01,5
INT8,LUT,"U(-1,1)",256,7168,7168,64x128x32_w4_v8,26.910,26.890,26.940,26.914,0.9770,5.466e-03,2.259e+00,6.049e-01,5
INT8,LUT,"U(-1,1)",256,7168,7168,32x128x32_w4_v8,14.090,13.830,14.670,14.160,1.8680,5.466e-03,2.259e+00,6.049e-01,5
INT8,LUT,"U(-1,1)",256,7168,7168,32x64x32_w4_v8,13.890,13.880,13.920,13.892,1.8940,5.466e-03,2.259e+00,6.049e-01,5
INT8,LUT,"U(-1,1)",256,7168,7168,128x128x32_w4_v9_ck2,20.470,20.240,20.600,20.446,1.2850,7.077e-01,1.820e+02,9.520e+01,5
INT8,LUT,"U(-1,1)",256,7168,7168,128x128x32_w4_v9_ck4,21.410,21.150,21.490,21.370,1.2290,7.078e-01,1.820e+02,9.520e+01,5
INT8,LUT,"U(-1,1)",256,7168,7168,128x128x32_w4_v9_ck8,21.750,21.510,21.770,21.694,1.2090,7.080e-01,1.820e+02,9.519e+01,5
INT8,LUT,"U(-1,1)",256,7168,7168,64x128x32_w4_v9_ck4,26.350,26.310,26.370,26.348,0.9980,7.078e-01,1.820e+02,9.520e+01,5
INT8,LUT,"U(-1,1)",256,7168,7168,64x64x32_w4_v9_ck4,14.810,14.800,14.830,14.810,1.7770,7.078e-01,1.820e+02,9.520e+01,5
INT8,LUT,"U(-1,1)",256,7168,7168,128x128x32_w4_v10,22.540,22.190,22.730,22.520,1.1670,2.595e-04,3.950e-02,1.818e-02,5
INT8,LUT,"U(-1,1)",256,7168,7168,128x64x32_w4_v10,20.610,20.600,20.630,20.612,1.2760,2.595e-04,3.950e-02,1.818e-02,5
INT8,LUT,"U(-1,1)",256,7168,7168,64x128x32_w4_v10,27.980,27.970,27.990,27.978,0.9400,2.595e-04,3.950e-02,1.818e-02,5
INT8,LUT,"U(-1,1)",256,7168,7168,64x64x32_w4_v10,15.590,15.290,15.700,15.536,1.6870,2.595e-04,3.950e-02,1.818e-02,5
INT8,LUT,"U(-1,1)",256,7168,7168,64x256x32_w8_v10,21.040,21.030,21.050,21.042,1.2500,2.595e-04,3.950e-02,1.818e-02,5
INT8,LUT,"U(-1,1)",256,7168,7168,128x128x32_w4_v11,25.060,24.790,25.190,25.018,1.0500,2.595e-04,3.950e-02,1.818e-02,5
INT8,LUT,"U(-1,1)",256,7168,7168,64x128x32_w4_v11,31.890,31.870,31.900,31.888,0.8250,2.595e-04,3.950e-02,1.818e-02,5
INT8,LUT,"U(-1,1)",256,7168,7168,128x256x32_w8_v11,9.240,9.150,9.360,9.256,2.8470,2.595e-04,3.950e-02,1.818e-02,5
INT8,LUT,"U(-1,1)",256,7168,7168,64x256x32_w8_v11,23.460,23.360,23.490,23.450,1.1210,2.595e-04,3.950e-02,1.818e-02,5
INT8,LUT,"U(-1,1)",256,7168,7168,128x128x16_w4_v11,29.150,29.100,29.160,29.136,0.9030,2.595e-04,3.950e-02,1.818e-02,5
INT8,LUT,"U(-1,1)",256,7168,7168,64x128x16_w4_v11,25.890,25.730,26.080,25.896,1.0160,2.595e-04,3.950e-02,1.818e-02,5
INT8,LUT,"U(-1,1)",256,7168,7168,128x256x16_w8_v11,6.990,6.920,7.070,6.996,3.7610,2.595e-04,3.950e-02,1.818e-02,5
INT8,LUT,"U(-1,1)",256,7168,7168,64x256x16_w8_v11,23.600,23.540,23.670,23.598,1.1140,2.595e-04,3.950e-02,1.818e-02,5
INT8,LUT,"U(-1,1)",256,7168,7168,64x256x16_w4f4_v11,22.870,22.830,22.990,22.898,1.1500,2.595e-04,3.950e-02,1.818e-02,5
INT8,LUT,"U(-1,1)",256,7168,7168,128x256x16_w4f4_v11,10.560,10.550,10.590,10.566,2.4920,2.595e-04,3.950e-02,1.818e-02,5
INT8,LUT,"U(-1,1)",256,7168,7168,32x128x16_w4_v11,18.670,17.910,18.730,18.512,1.4090,2.595e-04,3.950e-02,1.818e-02,5
INT8,LUT,"U(-1,1)",256,7168,7168,32x256x16_w8_v11,17.660,17.620,17.680,17.656,1.4890,2.595e-04,3.950e-02,1.818e-02,5
INT8,LUT,"U(-1,1)",256,7168,7168,32x128x32_w4_v11,19.060,18.660,19.160,18.976,1.3800,2.595e-04,3.950e-02,1.818e-02,5
INT8,LUT,"U(-1,1)",256,7168,7168,192x128x16_w4_v11,17.950,17.920,18.020,17.958,1.4660,2.595e-04,3.950e-02,1.818e-02,5
INT8,LUT,"U(-1,1)",256,7168,7168,256x128x16_w4_v11,7.470,7.470,7.480,7.474,3.5210,2.595e-04,3.950e-02,1.818e-02,5
INT8,LUT,"U(-1,1)",256,7168,7168,64x128x16_w2f4_v11,28.450,27.940,28.660,28.372,0.9250,2.595e-04,3.950e-02,1.818e-02,5
INT8,LUT,"U(-1,1)",256,7168,7168,64x128x32_w2f4_v11,30.080,29.820,30.430,30.090,0.8750,2.595e-04,3.950e-02,1.818e-02,5
INT8,LUT,"U(-1,1)",256,7168,7168,32x128x16_w2f4_v11,12.890,12.700,12.920,12.860,2.0400,2.595e-04,3.950e-02,1.818e-02,5
INT8,LUT,"U(-1,1)",256,7168,7168,128x128x16_w4_v12,29.240,29.200,29.290,29.242,0.9000,5.466e-03,2.259e+00,6.049e-01,5
INT8,LUT,"U(-1,1)",256,7168,7168,64x128x16_w4_v12,25.790,25.730,26.010,25.820,1.0200,5.466e-03,2.259e+00,6.049e-01,5
INT8,LUT,"U(-1,1)",256,7168,7168,128x256x16_w8_v12,20.200,19.990,20.210,20.158,1.3030,5.466e-03,2.259e+00,6.049e-01,5
INT8,LUT,"U(-1,1)",256,7168,7168,64x256x16_w8_v12,25.690,25.550,26.040,25.786,1.0240,5.466e-03,2.259e+00,6.049e-01,5
INT8,LUT,"U(-1,1)",256,7168,7168,128x128x32_w4_v12,27.040,26.950,27.080,27.034,0.9730,5.466e-03,2.259e+00,6.049e-01,5
INT8,LUT,"U(-1,1)",256,7168,7168,64x128x32_w4_v12,32.420,32.330,32.460,32.402,0.8110,5.466e-03,2.259e+00,6.049e-01,5
INT8,LUT,"U(-1,1)",256,7168,7168,32x128x16_w4_v12,16.470,16.460,16.540,16.490,1.5970,5.466e-03,2.259e+00,6.049e-01,5
INT8,LUT,"U(-1,1)",256,7168,7168,32x256x16_w8_v12,17.750,17.650,17.760,17.726,1.4820,5.466e-03,2.259e+00,6.049e-01,5
INT8,LUT,"U(-1,1)",256,7168,7168,64x128x16_w2f4_v12,29.140,28.990,29.260,29.112,0.9030,5.466e-03,2.259e+00,6.049e-01,5
INT8,LUT,"U(-1,1)",256,7168,7168,64x256x16_w4f4_v12,23.190,23.120,23.220,23.176,1.1340,5.466e-03,2.259e+00,6.049e-01,5
INT8,LUT,"U(-1,1)",256,7168,7168,128x128x32_w4_v10s_ks1,22.540,22.460,22.600,22.526,1.1670,2.595e-04,3.950e-02,1.818e-02,5
INT8,LUT,"U(-1,1)",256,7168,7168,128x128x32_w4_v10s_ks2,22.080,22.050,22.100,22.078,1.1910,2.594e-04,3.951e-02,1.823e-02,5
INT8,LUT,"U(-1,1)",256,7168,7168,128x128x32_w4_v10s_ks4,27.950,27.860,27.970,27.930,0.9410,2.594e-04,3.954e-02,1.823e-02,5
INT8,LUT,"U(-1,1)",256,7168,7168,128x128x32_w4_v10s_ks8,25.930,25.910,25.970,25.936,1.0140,2.594e-04,3.951e-02,1.820e-02,5
INT8,LUT,"U(-1,1)",256,7168,7168,64x128x32_w4_v10s_ks2,26.830,26.820,26.880,26.848,0.9800,2.594e-04,3.951e-02,1.823e-02,5
INT8,LUT,"U(-1,1)",256,7168,7168,64x128x32_w4_v10s_ks4,26.000,25.970,26.040,26.006,1.0120,2.594e-04,3.954e-02,1.823e-02,5
INT8,LUT,"U(-1,1)",256,7168,7168,64x128x32_w4_v10s_ks8,23.980,23.960,24.000,23.982,1.0970,2.594e-04,3.951e-02,1.820e-02,5
INT8,LUT,"U(-1,1)",256,7168,7168,64x64x32_w4_v10s_ks2,17.000,16.870,17.100,16.990,1.5480,2.594e-04,3.951e-02,1.823e-02,5
INT8,LUT,"U(-1,1)",256,7168,7168,64x64x32_w4_v10s_ks4,18.550,18.420,18.700,18.576,1.4180,2.594e-04,3.954e-02,1.823e-02,5
INT8,LUT,"U(-1,1)",256,7168,7168,64x64x32_w4_v10s_ks8,18.190,18.160,18.270,18.204,1.4460,2.594e-04,3.951e-02,1.820e-02,5
INT8,LUT,"U(-1,1)",256,7168,7168,64x256x32_w8_v10s_ks2,20.780,20.540,21.490,20.918,1.2660,2.594e-04,3.951e-02,1.823e-02,5
INT8,LUT,"U(-1,1)",256,7168,7168,64x256x32_w8_v10s_ks4,25.980,25.930,26.040,25.982,1.0120,2.594e-04,3.954e-02,1.823e-02,5
INT8,LUT,"U(-1,1)",256,7168,7168,128x128x32_cutlass_p1,61.920,59.300,63.280,61.664,0.4250,2.595e-04,3.950e-02,1.818e-02,5
INT8,BITSHIFT,"U(-1,1)",256,7168,7168,128x128x32_cutlass_p1,61.220,55.740,63.320,59.922,0.4300,2.595e-04,3.950e-02,1.818e-02,5
INT8,LUT,"U(-1,1)",256,7168,7168,64x128x32_cutlass_p1,59.130,55.650,59.570,58.042,0.4450,2.595e-04,3.950e-02,1.818e-02,5
INT8,BITSHIFT,"U(-1,1)",256,7168,7168,64x128x32_cutlass_p1,56.680,56.380,58.550,57.264,0.4640,2.595e-04,3.950e-02,1.818e-02,5
INT8,LUT,"U(-1,1)",256,7168,7168,128x64x32_cutlass_p1,59.900,57.220,61.420,59.172,0.4390,2.595e-04,3.950e-02,1.818e-02,5
INT8,BITSHIFT,"U(-1,1)",256,7168,7168,128x64x32_cutlass_p1,58.240,57.650,59.360,58.496,0.4520,2.595e-04,3.950e-02,1.818e-02,5
INT8,LUT,"U(-1,1)",1024,7168,7168,16x64x32_w4,5.000,5.000,5.000,5.000,21.0560,2.594e-04,3.979e-02,1.832e-02,5
INT8,BITSHIFT,"U(-1,1)",1024,7168,7168,16x64x32_w4,3.520,3.460,3.540,3.512,29.8800,1.846e-04,2.680e-02,1.347e-02,5
INT8,LUT,"U(-1,1)",1024,7168,7168,16x128x32_w8,4.740,4.570,4.840,4.730,22.2090,2.594e-04,3.979e-02,1.832e-02,5
INT8,BITSHIFT,"U(-1,1)",1024,7168,7168,16x128x32_w8,3.600,3.570,3.610,3.594,29.1960,1.846e-04,2.680e-02,1.347e-02,5
INT8,LUT,"U(-1,1)",1024,7168,7168,16x128x32_w4f2,5.150,5.110,5.190,5.152,20.4200,2.594e-04,3.979e-02,1.832e-02,5
INT8,LUT,"U(-1,1)",1024,7168,7168,16x256x32_w4f4,3.660,3.660,3.670,3.662,28.7150,2.594e-04,3.979e-02,1.832e-02,5
INT8,LUT,"U(-1,1)",1024,7168,7168,128x64x32_w4_v1,12.470,12.390,12.500,12.462,8.4360,2.594e-04,3.979e-02,1.832e-02,5
INT8,LUT,"U(-1,1)",1024,7168,7168,128x128x32_w4_v1,9.790,9.780,9.800,9.792,10.7470,2.594e-04,3.979e-02,1.832e-02,5
INT8,LUT,"U(-1,1)",1024,7168,7168,128x256x32_w4_v1,4.700,4.660,4.730,4.700,22.3660,2.594e-04,3.979e-02,1.832e-02,5
INT8,LUT,"U(-1,1)",1024,7168,7168,128x256x32_w8_v1,10.410,10.410,10.420,10.414,10.1030,2.594e-04,3.979e-02,1.832e-02,5
INT8,LUT,"U(-1,1)",1024,7168,7168,64x64x32_w4_v1,9.860,9.830,9.880,9.856,10.6740,2.594e-04,3.979e-02,1.832e-02,5
INT8,LUT,"U(-1,1)",1024,7168,7168,64x128x32_w4_v1,8.730,8.720,8.740,8.730,12.0590,2.594e-04,3.979e-02,1.832e-02,5
INT8,LUT,"U(-1,1)",1024,7168,7168,128x64x32_w4_v2,16.850,16.620,16.880,16.798,6.2440,2.594e-04,3.979e-02,1.832e-02,5
INT8,LUT,"U(-1,1)",1024,7168,7168,128x128x32_w4_v2,18.290,18.270,18.410,18.320,5.7550,2.594e-04,3.979e-02,1.832e-02,5
INT8,LUT,"U(-1,1)",1024,7168,7168,128x256x32_w4_v2,9.280,9.240,9.350,9.288,11.3340,2.594e-04,3.979e-02,1.832e-02,5
INT8,LUT,"U(-1,1)",1024,7168,7168,128x256x32_w8_v2,21.400,21.370,21.460,21.406,4.9170,2.594e-04,3.979e-02,1.832e-02,5
INT8,LUT,"U(-1,1)",1024,7168,7168,64x64x32_w4_v2,15.420,15.390,15.440,15.412,6.8240,2.594e-04,3.979e-02,1.832e-02,5
INT8,LUT,"U(-1,1)",1024,7168,7168,64x128x32_w4_v2,21.240,21.180,21.270,21.228,4.9540,2.594e-04,3.979e-02,1.832e-02,5
INT8,LUT,"U(-1,1)",1024,7168,7168,128x64x32_w4_v3,20.900,20.900,20.910,20.904,5.0340,2.594e-04,3.979e-02,1.832e-02,5
INT8,LUT,"U(-1,1)",1024,7168,7168,128x128x32_w4_v3,27.550,27.480,27.710,27.574,3.8190,2.594e-04,3.979e-02,1.832e-02,5
INT8,LUT,"U(-1,1)",1024,7168,7168,64x64x32_w4_v3,18.090,18.060,18.170,18.098,5.8180,2.594e-04,3.979e-02,1.832e-02,5
INT8,LUT,"U(-1,1)",1024,7168,7168,64x128x32_w4_v3,26.850,26.770,26.870,26.836,3.9200,2.594e-04,3.979e-02,1.832e-02,5
INT8,LUT,"U(-1,1)",1024,7168,7168,32x128x32_w4_v3_b1,18.850,18.840,18.870,18.852,5.5830,2.594e-04,3.979e-02,1.832e-02,5
INT8,LUT,"U(-1,1)",1024,7168,7168,32x64x32_w4_v3_b1,14.470,14.450,14.510,14.472,7.2720,2.594e-04,3.979e-02,1.832e-02,5
INT8,LUT,"U(-1,1)",1024,7168,7168,32x256x32_w8_v3_b1,18.560,18.530,18.570,18.554,5.6700,2.594e-04,3.979e-02,1.832e-02,5
INT8,LUT,"U(-1,1)",1024,7168,7168,128x128x32_w8_v3_b1alt,21.410,21.400,21.410,21.406,4.9150,2.594e-04,3.979e-02,1.832e-02,5
INT8,LUT,"U(-1,1)",1024,7168,7168,64x128x32_w8_v3_b1alt,18.300,18.290,18.310,18.302,5.7500,2.594e-04,3.979e-02,1.832e-02,5
INT8,LUT,"U(-1,1)",1024,7168,7168,128x64x32_w4_v4,20.220,20.220,20.220,20.220,5.2040,2.594e-04,3.979e-02,1.832e-02,5
INT8,LUT,"U(-1,1)",1024,7168,7168,128x128x32_w4_v4,27.840,27.810,27.880,27.844,3.7790,2.594e-04,3.979e-02,1.832e-02,5
INT8,LUT,"U(-1,1)",1024,7168,7168,64x64x32_w4_v4,17.910,17.900,17.930,17.914,5.8740,2.594e-04,3.979e-02,1.832e-02,5
INT8,LUT,"U(-1,1)",1024,7168,7168,64x128x32_w4_v4,26.390,26.370,26.420,26.392,3.9880,2.594e-04,3.979e-02,1.832e-02,5
INT8,LUT,"U(-1,1)",1024,7168,7168,128x64x32_w4_v5,16.110,16.110,16.120,16.114,6.5310,2.594e-04,3.979e-02,1.832e-02,5
INT8,LUT,"U(-1,1)",1024,7168,7168,128x128x32_w4_v5,27.300,27.270,27.330,27.296,3.8550,2.594e-04,3.979e-02,1.832e-02,5
INT8,LUT,"U(-1,1)",1024,7168,7168,64x64x32_w4_v5,13.680,13.660,13.690,13.678,7.6920,2.594e-04,3.979e-02,1.832e-02,5
INT8,LUT,"U(-1,1)",1024,7168,7168,64x128x32_w4_v5,21.690,21.630,21.700,21.680,4.8510,2.594e-04,3.979e-02,1.832e-02,5
INT8,LUT,"U(-1,1)",1024,7168,7168,128x128x64_w4_v6,20.950,20.860,20.960,20.922,5.0230,2.594e-04,3.979e-02,1.832e-02,5
INT8,LUT,"U(-1,1)",1024,7168,7168,128x64x64_w4_v6,12.120,12.120,12.120,12.120,8.6840,2.594e-04,3.979e-02,1.832e-02,5
INT8,LUT,"U(-1,1)",1024,7168,7168,64x128x64_w4_v6,19.020,19.020,19.040,19.024,5.5320,2.594e-04,3.979e-02,1.832e-02,5
INT8,LUT,"U(-1,1)",1024,7168,7168,64x64x64_w4_v6,10.980,10.980,10.980,10.980,9.5830,2.594e-04,3.979e-02,1.832e-02,5
INT8,LUT,"U(-1,1)",1024,7168,7168,64x128x32_w4_v7,22.140,22.130,22.190,22.150,4.7520,2.594e-04,3.979e-02,1.832e-02,5
INT8,LUT,"U(-1,1)",1024,7168,7168,64x64x32_w4_v7,17.530,17.490,17.530,17.520,6.0040,2.594e-04,3.979e-02,1.832e-02,5
INT8,LUT,"U(-1,1)",1024,7168,7168,32x128x32_w4_v7,12.700,12.700,12.740,12.714,8.2830,2.594e-04,3.979e-02,1.832e-02,5
INT8,LUT,"U(-1,1)",1024,7168,7168,32x64x32_w4_v7,13.790,13.770,13.810,13.790,7.6310,2.594e-04,3.979e-02,1.832e-02,5
INT8,LUT,"U(-1,1)",1024,7168,7168,128x64x32_w4_v8,20.520,20.510,20.530,20.522,5.1270,5.467e-03,2.450e+00,6.124e-01,5
INT8,LUT,"U(-1,1)",1024,7168,7168,128x128x32_w4_v8,28.540,28.290,28.620,28.472,3.6870,5.467e-03,2.450e+00,6.124e-01,5
INT8,LUT,"U(-1,1)",1024,7168,7168,64x64x32_w4_v8,18.220,18.160,18.230,18.206,5.7750,5.467e-03,2.450e+00,6.124e-01,5
INT8,LUT,"U(-1,1)",1024,7168,7168,64x128x32_w4_v8,26.840,26.780,26.860,26.834,3.9200,5.467e-03,2.450e+00,6.124e-01,5
INT8,LUT,"U(-1,1)",1024,7168,7168,32x128x32_w4_v8,18.740,18.730,18.780,18.752,5.6140,5.467e-03,2.450e+00,6.124e-01,5
INT8,LUT,"U(-1,1)",1024,7168,7168,32x64x32_w4_v8,14.180,14.150,14.190,14.176,7.4200,5.467e-03,2.450e+00,6.124e-01,5
INT8,LUT,"U(-1,1)",1024,7168,7168,128x128x32_w4_v9_ck2,26.580,26.490,26.660,26.580,3.9590,7.072e-01,1.857e+02,9.276e+01,5
INT8,LUT,"U(-1,1)",1024,7168,7168,128x128x32_w4_v9_ck4,27.130,27.080,27.210,27.138,3.8790,7.073e-01,1.856e+02,9.277e+01,5
INT8,LUT,"U(-1,1)",1024,7168,7168,128x128x32_w4_v9_ck8,27.430,27.400,27.480,27.430,3.8370,7.074e-01,1.857e+02,9.276e+01,5
INT8,LUT,"U(-1,1)",1024,7168,7168,64x128x32_w4_v9_ck4,26.240,26.190,26.270,26.240,4.0100,7.073e-01,1.856e+02,9.277e+01,5
INT8,LUT,"U(-1,1)",1024,7168,7168,64x64x32_w4_v9_ck4,18.030,17.950,18.120,18.036,5.8370,7.073e-01,1.856e+02,9.277e+01,5
INT8,LUT,"U(-1,1)",1024,7168,7168,128x128x32_w4_v10,29.510,29.370,29.630,29.498,3.5660,2.594e-04,3.979e-02,1.832e-02,5
INT8,LUT,"U(-1,1)",1024,7168,7168,128x64x32_w4_v10,20.770,20.760,20.770,20.768,5.0670,2.594e-04,3.979e-02,1.832e-02,5
INT8,LUT,"U(-1,1)",1024,7168,7168,64x128x32_w4_v10,27.850,27.820,27.870,27.848,3.7790,2.594e-04,3.979e-02,1.832e-02,5
INT8,LUT,"U(-1,1)",1024,7168,7168,64x64x32_w4_v10,18.540,18.450,18.720,18.564,5.6760,2.594e-04,3.979e-02,1.832e-02,5
INT8,LUT,"U(-1,1)",1024,7168,7168,64x256x32_w8_v10,28.430,28.370,28.710,28.508,3.7020,2.594e-04,3.979e-02,1.832e-02,5
INT8,LUT,"U(-1,1)",1024,7168,7168,128x128x32_w4_v11,33.100,32.970,33.260,33.104,3.1790,2.594e-04,3.979e-02,1.832e-02,5
INT8,LUT,"U(-1,1)",1024,7168,7168,64x128x32_w4_v11,31.710,31.490,31.750,31.664,3.3180,2.594e-04,3.979e-02,1.832e-02,5
INT8,LUT,"U(-1,1)",1024,7168,7168,128x256x32_w8_v11,8.500,8.420,8.550,8.496,12.3860,2.594e-04,3.979e-02,1.832e-02,5
INT8,LUT,"U(-1,1)",1024,7168,7168,64x256x32_w8_v11,31.540,31.360,31.980,31.618,3.3360,2.594e-04,3.979e-02,1.832e-02,5
INT8,LUT,"U(-1,1)",1024,7168,7168,128x128x16_w4_v11,34.590,34.550,34.610,34.582,3.0420,2.594e-04,3.979e-02,1.832e-02,5
INT8,LUT,"U(-1,1)",1024,7168,7168,64x128x16_w4_v11,26.670,26.510,26.720,26.646,3.9450,2.594e-04,3.979e-02,1.832e-02,5
INT8,LUT,"U(-1,1)",1024,7168,7168,128x256x16_w8_v11,6.160,6.150,6.170,6.160,17.0890,2.594e-04,3.979e-02,1.832e-02,5
INT8,LUT,"U(-1,1)",1024,7168,7168,64x256x16_w8_v11,33.400,33.290,33.500,33.398,3.1510,2.594e-04,3.979e-02,1.832e-02,5
INT8,LUT,"U(-1,1)",1024,7168,7168,64x256x16_w4f4_v11,30.370,30.070,30.390,30.282,3.4650,2.594e-04,3.979e-02,1.832e-02,5
INT8,LUT,"U(-1,1)",1024,7168,7168,128x256x16_w4f4_v11,10.600,10.520,10.810,10.634,9.9230,2.594e-04,3.979e-02,1.832e-02,5
INT8,LUT,"U(-1,1)",1024,7168,7168,32x128x16_w4_v11,22.040,21.770,22.080,21.962,4.7740,2.594e-04,3.979e-02,1.832e-02,5
INT8,LUT,"U(-1,1)",1024,7168,7168,32x256x16_w8_v11,21.460,21.440,21.490,21.460,4.9040,2.594e-04,3.979e-02,1.832e-02,5
INT8,LUT,"U(-1,1)",1024,7168,7168,32x128x32_w4_v11,23.440,23.350,23.480,23.434,4.4890,2.594e-04,3.979e-02,1.832e-02,5
INT8,LUT,"U(-1,1)",1024,7168,7168,192x128x16_w4_v11,24.820,24.790,24.970,24.842,4.2400,2.594e-04,3.979e-02,1.832e-02,5
INT8,LUT,"U(-1,1)",1024,7168,7168,256x128x16_w4_v11,10.900,10.860,10.970,10.906,9.6570,2.594e-04,3.979e-02,1.832e-02,5
INT8,LUT,"U(-1,1)",1024,7168,7168,64x128x16_w2f4_v11,35.170,34.480,35.480,35.054,2.9920,2.594e-04,3.979e-02,1.832e-02,5
INT8,LUT,"U(-1,1)",1024,7168,7168,64x128x32_w2f4_v11,29.410,29.150,30.110,29.566,3.5780,2.594e-04,3.979e-02,1.832e-02,5
INT8,LUT,"U(-1,1)",1024,7168,7168,32x128x16_w2f4_v11,6.430,6.240,6.940,6.526,16.3740,2.594e-04,3.979e-02,1.832e-02,5
INT8,LUT,"U(-1,1)",1024,7168,7168,128x128x16_w4_v12,34.980,34.750,35.100,34.946,3.0080,5.467e-03,2.450e+00,6.124e-01,5
INT8,LUT,"U(-1,1)",1024,7168,7168,64x128x16_w4_v12,30.770,30.630,31.300,30.886,3.4190,5.467e-03,2.450e+00,6.124e-01,5
INT8,LUT,"U(-1,1)",1024,7168,7168,128x256x16_w8_v12,26.620,26.580,26.700,26.630,3.9530,5.467e-03,2.450e+00,6.124e-01,5
INT8,LUT,"U(-1,1)",1024,7168,7168,64x256x16_w8_v12,34.080,33.180,34.360,33.914,3.0870,5.467e-03,2.450e+00,6.124e-01,5
INT8,LUT,"U(-1,1)",1024,7168,7168,128x128x32_w4_v12,35.680,35.570,35.830,35.686,2.9490,5.467e-03,2.450e+00,6.124e-01,5
INT8,LUT,"U(-1,1)",1024,7168,7168,64x128x32_w4_v12,32.200,32.130,32.430,32.234,3.2680,5.467e-03,2.450e+00,6.124e-01,5
INT8,LUT,"U(-1,1)",1024,7168,7168,32x128x16_w4_v12,14.140,13.220,14.790,14.016,7.4440,5.467e-03,2.450e+00,6.124e-01,5
INT8,LUT,"U(-1,1)",1024,7168,7168,32x256x16_w8_v12,22.100,22.000,22.220,22.122,4.7620,5.467e-03,2.450e+00,6.124e-01,5
INT8,LUT,"U(-1,1)",1024,7168,7168,64x128x16_w2f4_v12,15.460,15.090,15.600,15.414,6.8070,5.467e-03,2.450e+00,6.124e-01,5
INT8,LUT,"U(-1,1)",1024,7168,7168,64x256x16_w4f4_v12,29.890,29.690,29.980,29.870,3.5200,5.467e-03,2.450e+00,6.124e-01,5
INT8,LUT,"U(-1,1)",1024,7168,7168,128x128x32_w4_v10s_ks1,29.000,28.810,29.270,29.056,3.6280,2.594e-04,3.979e-02,1.832e-02,5
INT8,LUT,"U(-1,1)",1024,7168,7168,128x128x32_w4_v10s_ks2,28.150,28.070,28.230,28.144,3.7380,2.594e-04,3.977e-02,1.843e-02,5
INT8,LUT,"U(-1,1)",1024,7168,7168,128x128x32_w4_v10s_ks4,27.000,26.980,27.140,27.028,3.8970,2.594e-04,3.977e-02,1.843e-02,5
INT8,LUT,"U(-1,1)",1024,7168,7168,128x128x32_w4_v10s_ks8,25.770,25.720,25.890,25.778,4.0840,2.594e-04,3.978e-02,1.844e-02,5
INT8,LUT,"U(-1,1)",1024,7168,7168,64x128x32_w4_v10s_ks2,26.980,26.960,27.000,26.982,3.9000,2.594e-04,3.977e-02,1.843e-02,5
INT8,LUT,"U(-1,1)",1024,7168,7168,64x128x32_w4_v10s_ks4,27.490,27.360,27.550,27.456,3.8280,2.594e-04,3.977e-02,1.843e-02,5
INT8,LUT,"U(-1,1)",1024,7168,7168,64x128x32_w4_v10s_ks8,25.300,25.110,25.310,25.230,4.1590,2.594e-04,3.978e-02,1.844e-02,5
INT8,LUT,"U(-1,1)",1024,7168,7168,64x64x32_w4_v10s_ks2,19.050,19.050,19.220,19.116,5.5220,2.594e-04,3.977e-02,1.843e-02,5
INT8,LUT,"U(-1,1)",1024,7168,7168,64x64x32_w4_v10s_ks4,18.910,18.860,19.150,18.974,5.5660,2.594e-04,3.977e-02,1.843e-02,5
INT8,LUT,"U(-1,1)",1024,7168,7168,64x64x32_w4_v10s_ks8,18.410,18.280,18.550,18.410,5.7170,2.594e-04,3.978e-02,1.844e-02,5
INT8,LUT,"U(-1,1)",1024,7168,7168,64x256x32_w8_v10s_ks2,27.270,27.110,27.520,27.288,3.8590,2.594e-04,3.977e-02,1.843e-02,5
INT8,LUT,"U(-1,1)",1024,7168,7168,64x256x32_w8_v10s_ks4,26.240,25.980,26.380,26.210,4.0100,2.594e-04,3.977e-02,1.843e-02,5
INT8,LUT,"U(-1,1)",1024,7168,7168,128x128x32_cutlass_p1,86.420,86.060,87.120,86.434,1.2180,2.594e-04,3.979e-02,1.832e-02,5
INT8,BITSHIFT,"U(-1,1)",1024,7168,7168,128x128x32_cutlass_p1,86.570,86.390,87.470,86.728,1.2150,2.594e-04,3.979e-02,1.832e-02,5
INT8,LUT,"U(-1,1)",1024,7168,7168,64x128x32_cutlass_p1,65.980,65.940,66.570,66.166,1.5950,2.594e-04,3.979e-02,1.832e-02,5
INT8,BITSHIFT,"U(-1,1)",1024,7168,7168,64x128x32_cutlass_p1,66.470,66.260,66.660,66.458,1.5830,2.594e-04,3.979e-02,1.832e-02,5
INT8,LUT,"U(-1,1)",1024,7168,7168,128x64x32_cutlass_p1,66.660,66.100,67.100,66.650,1.5780,2.594e-04,3.979e-02,1.832e-02,5
INT8,BITSHIFT,"U(-1,1)",1024,7168,7168,128x64x32_cutlass_p1,66.880,66.320,67.470,66.824,1.5730,2.594e-04,3.979e-02,1.832e-02,5
INT8,LUT,"U(-1,1)",2048,7168,7168,16x64x32_w4,5.230,5.190,5.240,5.226,40.2370,2.594e-04,3.975e-02,1.811e-02,5
INT8,BITSHIFT,"U(-1,1)",2048,7168,7168,16x64x32_w4,3.450,3.440,3.490,3.454,60.9970,1.846e-04,2.817e-02,1.329e-02,5
INT8,LUT,"U(-1,1)",2048,7168,7168,16x128x32_w8,5.060,5.000,5.070,5.046,41.5930,2.594e-04,3.975e-02,1.811e-02,5
INT8,BITSHIFT,"U(-1,1)",2048,7168,7168,16x128x32_w8,3.650,3.630,3.680,3.654,57.6810,1.846e-04,2.817e-02,1.329e-02,5
INT8,LUT,"U(-1,1)",2048,7168,7168,16x128x32_w4f2,5.570,5.550,5.590,5.570,37.7880,2.594e-04,3.975e-02,1.811e-02,5
INT8,LUT,"U(-1,1)",2048,7168,7168,16x256x32_w4f4,3.650,3.650,3.660,3.652,57.5910,2.594e-04,3.975e-02,1.811e-02,5
INT8,LUT,"U(-1,1)",2048,7168,7168,128x64x32_w4_v1,12.380,12.370,12.390,12.378,16.9960,2.594e-04,3.975e-02,1.811e-02,5
INT8,LUT,"U(-1,1)",2048,7168,7168,128x128x32_w4_v1,9.690,9.680,9.700,9.690,21.7140,2.594e-04,3.975e-02,1.811e-02,5
INT8,LUT,"U(-1,1)",2048,7168,7168,128x256x32_w4_v1,5.650,5.640,5.650,5.648,37.2490,2.594e-04,3.975e-02,1.811e-02,5
INT8,LUT,"U(-1,1)",2048,7168,7168,128x256x32_w8_v1,10.400,10.390,10.410,10.402,20.2280,2.594e-04,3.975e-02,1.811e-02,5
INT8,LUT,"U(-1,1)",2048,7168,7168,64x64x32_w4_v1,11.020,10.990,11.040,11.014,19.0900,2.594e-04,3.975e-02,1.811e-02,5
INT8,LUT,"U(-1,1)",2048,7168,7168,64x128x32_w4_v1,8.620,8.620,8.630,8.622,24.4260,2.594e-04,3.975e-02,1.811e-02,5
INT8,LUT,"U(-1,1)",2048,7168,7168,128x64x32_w4_v2,16.170,16.160,16.380,16.238,13.0120,2.594e-04,3.975e-02,1.811e-02,5
INT8,LUT,"U(-1,1)",2048,7168,7168,128x128x32_w4_v2,18.110,18.080,18.160,18.122,11.6200,2.594e-04,3.975e-02,1.811e-02,5
INT8,LUT,"U(-1,1)",2048,7168,7168,128x256x32_w4_v2,10.630,10.620,10.650,10.632,19.7990,2.594e-04,3.975e-02,1.811e-02,5
INT8,LUT,"U(-1,1)",2048,7168,7168,128x256x32_w8_v2,21.420,21.420,21.440,21.428,9.8230,2.594e-04,3.975e-02,1.811e-02,5
INT8,LUT,"U(-1,1)",2048,7168,7168,64x64x32_w4_v2,15.740,15.740,15.770,15.748,13.3690,2.594e-04,3.975e-02,1.811e-02,5
INT8,LUT,"U(-1,1)",2048,7168,7168,64x128x32_w4_v2,21.360,21.340,21.380,21.362,9.8510,2.594e-04,3.975e-02,1.811e-02,5
INT8,LUT,"U(-1,1)",2048,7168,7168,128x64x32_w4_v3,20.950,20.940,20.950,20.948,10.0460,2.594e-04,3.975e-02,1.811e-02,5
INT8,LUT,"U(-1,1)",2048,7168,7168,128x128x32_w4_v3,27.530,27.470,27.560,27.518,7.6440,2.594e-04,3.975e-02,1.811e-02,5
INT8,LUT,"U(-1,1)",2048,7168,7168,64x64x32_w4_v3,19.980,19.980,19.980,19.980,10.5320,2.594e-04,3.975e-02,1.811e-02,5
INT8,LUT,"U(-1,1)",2048,7168,7168,64x128x32_w4_v3,27.020,26.860,27.030,26.974,7.7900,2.594e-04,3.975e-02,1.811e-02,5
INT8,LUT,"U(-1,1)",2048,7168,7168,32x128x32_w4_v3_b1,19.170,19.120,19.240,19.188,10.9770,2.594e-04,3.975e-02,1.811e-02,5
INT8,LUT,"U(-1,1)",2048,7168,7168,32x64x32_w4_v3_b1,14.010,13.960,14.020,14.002,15.0180,2.594e-04,3.975e-02,1.811e-02,5
INT8,LUT,"U(-1,1)",2048,7168,7168,32x256x32_w8_v3_b1,18.740,18.680,18.920,18.768,11.2300,2.594e-04,3.975e-02,1.811e-02,5
INT8,LUT,"U(-1,1)",2048,7168,7168,128x128x32_w8_v3_b1alt,21.410,21.410,21.430,21.416,9.8290,2.594e-04,3.975e-02,1.811e-02,5
INT8,LUT,"U(-1,1)",2048,7168,7168,64x128x32_w8_v3_b1alt,18.280,18.260,18.310,18.280,11.5110,2.594e-04,3.975e-02,1.811e-02,5
INT8,LUT,"U(-1,1)",2048,7168,7168,128x64x32_w4_v4,20.230,20.220,20.250,20.230,10.4040,2.594e-04,3.975e-02,1.811e-02,5
INT8,LUT,"U(-1,1)",2048,7168,7168,128x128x32_w4_v4,27.740,27.670,27.840,27.752,7.5870,2.594e-04,3.975e-02,1.811e-02,5
INT8,LUT,"U(-1,1)",2048,7168,7168,64x64x32_w4_v4,18.960,18.950,18.990,18.964,11.0980,2.594e-04,3.975e-02,1.811e-02,5
INT8,LUT,"U(-1,1)",2048,7168,7168,64x128x32_w4_v4,26.540,26.530,26.570,26.544,7.9310,2.594e-04,3.975e-02,1.811e-02,5
INT8,LUT,"U(-1,1)",2048,7168,7168,128x64x32_w4_v5,16.330,16.320,16.330,16.326,12.8880,2.594e-04,3.975e-02,1.811e-02,5
INT8,LUT,"U(-1,1)",2048,7168,7168,128x128x32_w4_v5,26.610,26.530,26.670,26.606,7.9070,2.594e-04,3.975e-02,1.811e-02,5
INT8,LUT,"U(-1,1)",2048,7168,7168,64x64x32_w4_v5,13.920,13.880,13.980,13.928,15.1220,2.594e-04,3.975e-02,1.811e-02,5
INT8,LUT,"U(-1,1)",2048,7168,7168,64x128x32_w4_v5,21.640,21.550,21.660,21.616,9.7240,2.594e-04,3.975e-02,1.811e-02,5
INT8,LUT,"U(-1,1)",2048,7168,7168,128x128x64_w4_v6,20.980,20.970,21.000,20.982,10.0330,2.594e-04,3.975e-02,1.811e-02,5
INT8,LUT,"U(-1,1)",2048,7168,7168,128x64x64_w4_v6,12.120,12.120,12.140,12.126,17.3580,2.594e-04,3.975e-02,1.811e-02,5
INT8,LUT,"U(-1,1)",2048,7168,7168,64x128x64_w4_v6,19.060,19.060,19.090,19.066,11.0410,2.594e-04,3.975e-02,1.811e-02,5
INT8,LUT,"U(-1,1)",2048,7168,7168,64x64x64_w4_v6,12.150,12.140,12.190,12.156,17.3220,2.594e-04,3.975e-02,1.811e-02,5
INT8,LUT,"U(-1,1)",2048,7168,7168,64x128x32_w4_v7,22.150,22.140,22.170,22.152,9.5010,2.594e-04,3.975e-02,1.811e-02,5
INT8,LUT,"U(-1,1)",2048,7168,7168,64x64x32_w4_v7,18.420,18.340,18.450,18.404,11.4260,2.594e-04,3.975e-02,1.811e-02,5
INT8,LUT,"U(-1,1)",2048,7168,7168,32x128x32_w4_v7,13.230,13.220,13.230,13.228,15.9070,2.594e-04,3.975e-02,1.811e-02,5
INT8,LUT,"U(-1,1)",2048,7168,7168,32x64x32_w4_v7,14.130,14.110,14.150,14.132,14.8890,2.594e-04,3.975e-02,1.811e-02,5
INT8,LUT,"U(-1,1)",2048,7168,7168,128x64x32_w4_v8,20.530,20.530,20.550,20.534,10.2490,5.469e-03,2.450e+00,6.244e-01,5
INT8,LUT,"U(-1,1)",2048,7168,7168,128x128x32_w4_v8,28.440,28.410,28.530,28.458,7.3990,5.469e-03,2.450e+00,6.244e-01,5
INT8,LUT,"U(-1,1)",2048,7168,7168,64x64x32_w4_v8,19.340,19.300,19.380,19.340,10.8830,5.469e-03,2.450e+00,6.244e-01,5
INT8,LUT,"U(-1,1)",2048,7168,7168,64x128x32_w4_v8,26.930,26.930,26.960,26.938,7.8140,5.469e-03,2.450e+00,6.244e-01,5
INT8,LUT,"U(-1,1)",2048,7168,7168,32x128x32_w4_v8,19.230,19.130,19.310,19.226,10.9420,5.469e-03,2.450e+00,6.244e-01,5
INT8,LUT,"U(-1,1)",2048,7168,7168,32x64x32_w4_v8,13.550,13.540,13.620,13.562,15.5290,5.469e-03,2.450e+00,6.244e-01,5
INT8,LUT,"U(-1,1)",2048,7168,7168,128x128x32_w4_v9_ck2,26.320,26.270,26.390,26.332,7.9950,7.072e-01,2.039e+02,9.265e+01,5
INT8,LUT,"U(-1,1)",2048,7168,7168,128x128x32_w4_v9_ck4,26.850,26.830,26.860,26.846,7.8390,7.073e-01,2.039e+02,9.264e+01,5
INT8,LUT,"U(-1,1)",2048,7168,7168,128x128x32_w4_v9_ck8,27.180,27.120,27.190,27.170,7.7420,7.075e-01,2.039e+02,9.264e+01,5
INT8,LUT,"U(-1,1)",2048,7168,7168,64x128x32_w4_v9_ck4,26.380,26.350,26.390,26.374,7.9780,7.073e-01,2.039e+02,9.264e+01,5
INT8,LUT,"U(-1,1)",2048,7168,7168,64x64x32_w4_v9_ck4,19.240,19.210,19.250,19.238,10.9400,7.073e-01,2.039e+02,9.264e+01,5
INT8,LUT,"U(-1,1)",2048,7168,7168,128x128x32_w4_v10,29.350,29.310,29.390,29.356,7.1710,2.594e-04,3.975e-02,1.811e-02,5
INT8,LUT,"U(-1,1)",2048,7168,7168,128x64x32_w4_v10,20.780,20.770,20.780,20.776,10.1300,2.594e-04,3.975e-02,1.811e-02,5
INT8,LUT,"U(-1,1)",2048,7168,7168,64x128x32_w4_v10,27.940,27.910,27.970,27.936,7.5330,2.594e-04,3.975e-02,1.811e-02,5
INT8,LUT,"U(-1,1)",2048,7168,7168,64x64x32_w4_v10,19.540,19.460,19.690,19.552,10.7710,2.594e-04,3.975e-02,1.811e-02,5
INT8,LUT,"U(-1,1)",2048,7168,7168,64x256x32_w8_v10,28.360,28.330,28.520,28.386,7.4220,2.594e-04,3.975e-02,1.811e-02,5
INT8,LUT,"U(-1,1)",2048,7168,7168,128x128x32_w4_v11,33.250,33.030,33.550,33.266,6.3290,2.594e-04,3.975e-02,1.811e-02,5
INT8,LUT,"U(-1,1)",2048,7168,7168,64x128x32_w4_v11,32.030,31.840,32.920,32.152,6.5710,2.594e-04,3.975e-02,1.811e-02,5
INT8,LUT,"U(-1,1)",2048,7168,7168,128x256x32_w8_v11,8.060,8.040,8.080,8.056,26.1140,2.594e-04,3.975e-02,1.811e-02,5
INT8,LUT,"U(-1,1)",2048,7168,7168,64x256x32_w8_v11,31.800,31.770,31.860,31.808,6.6180,2.594e-04,3.975e-02,1.811e-02,5
INT8,LUT,"U(-1,1)",2048,7168,7168,128x128x16_w4_v11,35.070,34.860,35.110,35.014,6.0020,2.594e-04,3.975e-02,1.811e-02,5
INT8,LUT,"U(-1,1)",2048,7168,7168,64x128x16_w4_v11,26.380,26.340,26.430,26.386,7.9770,2.594e-04,3.975e-02,1.811e-02,5
INT8,LUT,"U(-1,1)",2048,7168,7168,128x256x16_w8_v11,6.040,6.010,6.060,6.038,34.8410,2.594e-04,3.975e-02,1.811e-02,5
INT8,LUT,"U(-1,1)",2048,7168,7168,64x256x16_w8_v11,33.620,33.200,33.730,33.546,6.2600,2.594e-04,3.975e-02,1.811e-02,5
INT8,LUT,"U(-1,1)",2048,7168,7168,64x256x16_w4f4_v11,29.570,29.360,29.740,29.586,7.1160,2.594e-04,3.975e-02,1.811e-02,5
INT8,LUT,"U(-1,1)",2048,7168,7168,128x256x16_w4f4_v11,10.120,10.090,10.130,10.116,20.7880,2.594e-04,3.975e-02,1.811e-02,5
INT8,LUT,"U(-1,1)",2048,7168,7168,32x128x16_w4_v11,22.070,21.830,22.290,22.098,9.5380,2.594e-04,3.975e-02,1.811e-02,5
INT8,LUT,"U(-1,1)",2048,7168,7168,32x256x16_w8_v11,21.280,21.170,21.580,21.326,9.8890,2.594e-04,3.975e-02,1.811e-02,5
INT8,LUT,"U(-1,1)",2048,7168,7168,32x128x32_w4_v11,18.510,18.070,19.080,18.538,11.3700,2.594e-04,3.975e-02,1.811e-02,5
INT8,LUT,"U(-1,1)",2048,7168,7168,192x128x16_w4_v11,32.930,32.620,33.140,32.904,6.3910,2.594e-04,3.975e-02,1.811e-02,5
INT8,LUT,"U(-1,1)",2048,7168,7168,256x128x16_w4_v11,10.580,10.480,10.630,10.572,19.8900,2.594e-04,3.975e-02,1.811e-02,5
INT8,LUT,"U(-1,1)",2048,7168,7168,64x128x16_w2f4_v11,34.550,34.430,35.090,34.706,6.0910,2.594e-04,3.975e-02,1.811e-02,5
INT8,LUT,"U(-1,1)",2048,7168,7168,64x128x32_w2f4_v11,23.170,22.910,24.120,23.458,9.0830,2.594e-04,3.975e-02,1.811e-02,5
INT8,LUT,"U(-1,1)",2048,7168,7168,32x128x16_w2f4_v11,5.370,5.250,5.610,5.432,39.1760,2.594e-04,3.975e-02,1.811e-02,5
INT8,LUT,"U(-1,1)",2048,7168,7168,128x128x16_w4_v12,35.400,35.300,35.590,35.418,5.9450,5.469e-03,2.450e+00,6.244e-01,5
INT8,LUT,"U(-1,1)",2048,7168,7168,64x128x16_w4_v12,31.170,31.050,31.340,31.206,6.7510,5.469e-03,2.450e+00,6.244e-01,5
INT8,LUT,"U(-1,1)",2048,7168,7168,128x256x16_w8_v12,26.460,26.410,26.480,26.448,7.9540,5.469e-03,2.450e+00,6.244e-01,5
INT8,LUT,"U(-1,1)",2048,7168,7168,64x256x16_w8_v12,33.910,33.790,34.030,33.928,6.2070,5.469e-03,2.450e+00,6.244e-01,5
INT8,LUT,"U(-1,1)",2048,7168,7168,128x128x32_w4_v12,35.290,35.150,35.520,35.284,5.9630,5.469e-03,2.450e+00,6.244e-01,5
INT8,LUT,"U(-1,1)",2048,7168,7168,64x128x32_w4_v12,32.410,32.360,32.540,32.422,6.4940,5.469e-03,2.450e+00,6.244e-01,5
INT8,LUT,"U(-1,1)",2048,7168,7168,32x128x16_w4_v12,7.070,7.010,7.200,7.090,29.7540,5.469e-03,2.450e+00,6.244e-01,5
INT8,LUT,"U(-1,1)",2048,7168,7168,32x256x16_w8_v12,22.260,22.210,22.310,22.264,9.4560,5.469e-03,2.450e+00,6.244e-01,5
INT8,LUT,"U(-1,1)",2048,7168,7168,64x128x16_w2f4_v12,12.160,12.120,12.350,12.204,17.3030,5.469e-03,2.450e+00,6.244e-01,5
INT8,LUT,"U(-1,1)",2048,7168,7168,64x256x16_w4f4_v12,29.650,29.570,29.740,29.654,7.0980,5.469e-03,2.450e+00,6.244e-01,5
INT8,LUT,"U(-1,1)",2048,7168,7168,128x128x32_w4_v10s_ks1,29.020,28.980,29.140,29.042,7.2510,2.594e-04,3.975e-02,1.811e-02,5
INT8,LUT,"U(-1,1)",2048,7168,7168,128x128x32_w4_v10s_ks2,28.150,28.070,28.160,28.124,7.4750,2.594e-04,3.972e-02,1.811e-02,5
INT8,LUT,"U(-1,1)",2048,7168,7168,128x128x32_w4_v10s_ks4,28.040,27.980,28.150,28.060,7.5060,2.593e-04,3.973e-02,1.812e-02,5
INT8,LUT,"U(-1,1)",2048,7168,7168,128x128x32_w4_v10s_ks8,26.260,26.210,26.280,26.248,8.0150,2.593e-04,3.973e-02,1.810e-02,5
INT8,LUT,"U(-1,1)",2048,7168,7168,64x128x32_w4_v10s_ks2,28.480,28.370,28.640,28.498,7.3890,2.594e-04,3.972e-02,1.811e-02,5
INT8,LUT,"U(-1,1)",2048,7168,7168,64x128x32_w4_v10s_ks4,27.130,26.920,27.200,27.084,7.7570,2.593e-04,3.973e-02,1.812e-02,5
INT8,LUT,"U(-1,1)",2048,7168,7168,64x128x32_w4_v10s_ks8,25.140,25.000,25.350,25.150,8.3710,2.593e-04,3.973e-02,1.810e-02,5
INT8,LUT,"U(-1,1)",2048,7168,7168,64x64x32_w4_v10s_ks2,18.860,18.830,18.950,18.874,11.1580,2.594e-04,3.972e-02,1.811e-02,5
INT8,LUT,"U(-1,1)",2048,7168,7168,64x64x32_w4_v10s_ks4,18.900,18.770,18.930,18.884,11.1350,2.593e-04,3.973e-02,1.812e-02,5
INT8,LUT,"U(-1,1)",2048,7168,7168,64x64x32_w4_v10s_ks8,18.390,18.360,18.460,18.402,11.4420,2.593e-04,3.973e-02,1.810e-02,5
INT8,LUT,"U(-1,1)",2048,7168,7168,64x256x32_w8_v10s_ks2,27.300,27.110,27.570,27.302,7.7090,2.594e-04,3.972e-02,1.811e-02,5
INT8,LUT,"U(-1,1)",2048,7168,7168,64x256x32_w8_v10s_ks4,27.430,27.240,27.540,27.396,7.6710,2.593e-04,3.973e-02,1.812e-02,5
INT8,LUT,"U(-1,1)",2048,7168,7168,128x128x32_cutlass_p1,85.260,84.920,85.750,85.266,2.4680,2.594e-04,3.975e-02,1.811e-02,5
INT8,BITSHIFT,"U(-1,1)",2048,7168,7168,128x128x32_cutlass_p1,85.150,84.130,85.990,85.142,2.4710,2.594e-04,3.975e-02,1.811e-02,5
INT8,LUT,"U(-1,1)",2048,7168,7168,64x128x32_cutlass_p1,65.990,64.940,66.180,65.770,3.1890,2.594e-04,3.975e-02,1.811e-02,5
INT8,BITSHIFT,"U(-1,1)",2048,7168,7168,64x128x32_cutlass_p1,64.990,64.230,65.770,64.984,3.2380,2.594e-04,3.975e-02,1.811e-02,5
INT8,LUT,"U(-1,1)",2048,7168,7168,128x64x32_cutlass_p1,64.490,61.970,64.760,63.856,3.2630,2.594e-04,3.975e-02,1.811e-02,5
INT8,BITSHIFT,"U(-1,1)",2048,7168,7168,128x64x32_cutlass_p1,63.790,62.470,65.050,63.564,3.2990,2.594e-04,3.975e-02,1.811e-02,5
INT8,LUT,"U(-1,1)",4096,7168,7168,16x64x32_w4,5.340,5.320,5.340,5.334,78.8880,2.594e-04,3.975e-02,1.873e-02,5
INT8,BITSHIFT,"U(-1,1)",4096,7168,7168,16x64x32_w4,3.310,3.310,3.330,3.314,127.2160,1.846e-04,2.949e-02,1.378e-02,5
INT8,LUT,"U(-1,1)",4096,7168,7168,16x128x32_w8,5.210,5.200,5.210,5.206,80.8590,2.594e-04,3.975e-02,1.873e-02,5
INT8,BITSHIFT,"U(-1,1)",4096,7168,7168,16x128x32_w8,3.680,3.670,3.690,3.682,114.3440,1.846e-04,2.949e-02,1.378e-02,5
INT8,LUT,"U(-1,1)",4096,7168,7168,16x128x32_w4f2,5.600,5.600,5.610,5.602,75.1620,2.594e-04,3.975e-02,1.873e-02,5
INT8,LUT,"U(-1,1)",4096,7168,7168,16x256x32_w4f4,3.820,3.820,3.820,3.820,110.2370,2.594e-04,3.975e-02,1.873e-02,5
INT8,LUT,"U(-1,1)",4096,7168,7168,128x64x32_w4_v1,12.390,12.380,12.410,12.392,33.9810,2.594e-04,3.975e-02,1.873e-02,5
INT8,LUT,"U(-1,1)",4096,7168,7168,128x128x32_w4_v1,9.670,9.650,9.690,9.672,43.5090,2.594e-04,3.975e-02,1.873e-02,5
INT8,LUT,"U(-1,1)",4096,7168,7168,128x256x32_w4_v1,5.610,5.610,5.620,5.614,75.0060,2.594e-04,3.975e-02,1.873e-02,5
INT8,LUT,"U(-1,1)",4096,7168,7168,128x256x32_w8_v1,10.400,10.390,10.410,10.400,40.4830,2.594e-04,3.975e-02,1.873e-02,5
INT8,LUT,"U(-1,1)",4096,7168,7168,64x64x32_w4_v1,10.090,9.960,10.190,10.084,41.7210,2.594e-04,3.975e-02,1.873e-02,5
INT8,LUT,"U(-1,1)",4096,7168,7168,64x128x32_w4_v1,9.210,9.200,9.210,9.208,45.7230,2.594e-04,3.975e-02,1.873e-02,5
INT8,LUT,"U(-1,1)",4096,7168,7168,128x64x32_w4_v2,16.080,15.960,16.130,16.054,26.1790,2.594e-04,3.975e-02,1.873e-02,5
INT8,LUT,"U(-1,1)",4096,7168,7168,128x128x32_w4_v2,18.170,18.160,18.190,18.172,23.1590,2.594e-04,3.975e-02,1.873e-02,5
INT8,LUT,"U(-1,1)",4096,7168,7168,128x256x32_w4_v2,10.370,10.320,10.400,10.366,40.5940,2.594e-04,3.975e-02,1.873e-02,5
INT8,LUT,"U(-1,1)",4096,7168,7168,128x256x32_w8_v2,21.440,21.420,21.440,21.436,19.6330,2.594e-04,3.975e-02,1.873e-02,5
INT8,LUT,"U(-1,1)",4096,7168,7168,64x64x32_w4_v2,16.390,16.390,16.400,16.392,25.6730,2.594e-04,3.975e-02,1.873e-02,5
INT8,LUT,"U(-1,1)",4096,7168,7168,64x128x32_w4_v2,21.710,21.660,21.860,21.730,19.3880,2.594e-04,3.975e-02,1.873e-02,5
INT8,LUT,"U(-1,1)",4096,7168,7168,128x64x32_w4_v3,22.380,22.370,22.380,22.378,18.8100,2.594e-04,3.975e-02,1.873e-02,5
INT8,LUT,"U(-1,1)",4096,7168,7168,128x128x32_w4_v3,27.420,27.360,27.440,27.410,15.3500,2.594e-04,3.975e-02,1.873e-02,5
INT8,LUT,"U(-1,1)",4096,7168,7168,64x64x32_w4_v3,19.800,19.720,19.840,19.796,21.2580,2.594e-04,3.975e-02,1.873e-02,5
INT8,LUT,"U(-1,1)",4096,7168,7168,64x128x32_w4_v3,28.510,28.470,28.660,28.530,14.7620,2.594e-04,3.975e-02,1.873e-02,5
INT8,LUT,"U(-1,1)",4096,7168,7168,32x128x32_w4_v3_b1,13.700,13.430,14.100,13.720,30.7310,2.594e-04,3.975e-02,1.873e-02,5
INT8,LUT,"U(-1,1)",4096,7168,7168,32x64x32_w4_v3_b1,11.660,11.630,11.690,11.662,36.1050,2.594e-04,3.975e-02,1.873e-02,5
INT8,LUT,"U(-1,1)",4096,7168,7168,32x256x32_w8_v3_b1,19.490,19.480,19.490,19.488,21.5970,2.594e-04,3.975e-02,1.873e-02,5
INT8,LUT,"U(-1,1)",4096,7168,7168,128x128x32_w8_v3_b1alt,21.450,21.450,21.460,21.454,19.6200,2.594e-04,3.975e-02,1.873e-02,5
INT8,LUT,"U(-1,1)",4096,7168,7168,64x128x32_w8_v3_b1alt,19.070,19.000,19.090,19.056,22.0730,2.594e-04,3.975e-02,1.873e-02,5
INT8,LUT,"U(-1,1)",4096,7168,7168,128x64x32_w4_v4,21.610,21.610,21.620,21.614,19.4730,2.594e-04,3.975e-02,1.873e-02,5
INT8,LUT,"U(-1,1)",4096,7168,7168,128x128x32_w4_v4,27.670,27.570,27.700,27.658,15.2140,2.594e-04,3.975e-02,1.873e-02,5
INT8,LUT,"U(-1,1)",4096,7168,7168,64x64x32_w4_v4,18.680,18.580,18.700,18.658,22.5330,2.594e-04,3.975e-02,1.873e-02,5
INT8,LUT,"U(-1,1)",4096,7168,7168,64x128x32_w4_v4,28.080,28.030,28.170,28.090,14.9920,2.594e-04,3.975e-02,1.873e-02,5
INT8,LUT,"U(-1,1)",4096,7168,7168,128x64x32_w4_v5,16.980,16.900,17.000,16.964,24.7810,2.594e-04,3.975e-02,1.873e-02,5
INT8,LUT,"U(-1,1)",4096,7168,7168,128x128x32_w4_v5,26.630,26.580,26.700,26.638,15.8050,2.594e-04,3.975e-02,1.873e-02,5
INT8,LUT,"U(-1,1)",4096,7168,7168,64x64x32_w4_v5,14.050,14.020,14.060,14.042,29.9670,2.594e-04,3.975e-02,1.873e-02,5
INT8,LUT,"U(-1,1)",4096,7168,7168,64x128x32_w4_v5,21.830,21.790,21.850,21.824,19.2800,2.594e-04,3.975e-02,1.873e-02,5
INT8,LUT,"U(-1,1)",4096,7168,7168,128x128x64_w4_v6,21.040,21.040,21.060,21.046,20.0030,2.594e-04,3.975e-02,1.873e-02,5
INT8,LUT,"U(-1,1)",4096,7168,7168,128x64x64_w4_v6,12.950,12.950,12.950,12.950,32.5060,2.594e-04,3.975e-02,1.873e-02,5
INT8,LUT,"U(-1,1)",4096,7168,7168,64x128x64_w4_v6,20.410,20.400,20.410,20.408,20.6220,2.594e-04,3.975e-02,1.873e-02,5
INT8,LUT,"U(-1,1)",4096,7168,7168,64x64x64_w4_v6,12.150,12.150,12.160,12.154,34.6300,2.594e-04,3.975e-02,1.873e-02,5
INT8,LUT,"U(-1,1)",4096,7168,7168,64x128x32_w4_v7,23.130,23.100,23.130,23.122,18.2000,2.594e-04,3.975e-02,1.873e-02,5
INT8,LUT,"U(-1,1)",4096,7168,7168,64x64x32_w4_v7,18.040,18.000,18.120,18.054,23.3260,2.594e-04,3.975e-02,1.873e-02,5
INT8,LUT,"U(-1,1)",4096,7168,7168,32x128x32_w4_v7,13.520,13.510,13.520,13.518,31.1390,2.594e-04,3.975e-02,1.873e-02,5
INT8,LUT,"U(-1,1)",4096,7168,7168,32x64x32_w4_v7,14.440,14.420,14.480,14.450,29.1490,2.594e-04,3.975e-02,1.873e-02,5
INT8,LUT,"U(-1,1)",4096,7168,7168,128x64x32_w4_v8,21.930,21.920,21.930,21.928,19.1920,5.468e-03,2.450e+00,6.234e-01,5
INT8,LUT,"U(-1,1)",4096,7168,7168,128x128x32_w4_v8,28.320,28.310,28.350,28.326,14.8600,5.468e-03,2.450e+00,6.234e-01,5
INT8,LUT,"U(-1,1)",4096,7168,7168,64x64x32_w4_v8,18.990,18.980,19.070,19.010,22.1660,5.468e-03,2.450e+00,6.234e-01,5
INT8,LUT,"U(-1,1)",4096,7168,7168,64x128x32_w4_v8,28.840,28.830,28.840,28.838,14.5960,5.468e-03,2.450e+00,6.234e-01,5
INT8,LUT,"U(-1,1)",4096,7168,7168,32x128x32_w4_v8,18.770,18.590,19.360,18.890,22.4260,5.468e-03,2.450e+00,6.234e-01,5
INT8,LUT,"U(-1,1)",4096,7168,7168,32x64x32_w4_v8,11.320,11.300,11.330,11.318,37.1740,5.468e-03,2.450e+00,6.234e-01,5
INT8,LUT,"U(-1,1)",4096,7168,7168,128x128x32_w4_v9_ck2,26.200,26.170,26.220,26.194,16.0650,7.073e-01,2.119e+02,9.372e+01,5
INT8,LUT,"U(-1,1)",4096,7168,7168,128x128x32_w4_v9_ck4,26.730,26.690,26.760,26.730,15.7440,7.074e-01,2.119e+02,9.373e+01,5
INT8,LUT,"U(-1,1)",4096,7168,7168,128x128x32_w4_v9_ck8,27.070,26.970,27.160,27.076,15.5510,7.076e-01,2.119e+02,9.378e+01,5
INT8,LUT,"U(-1,1)",4096,7168,7168,64x128x32_w4_v9_ck4,28.260,28.250,28.260,28.256,14.8950,7.074e-01,2.119e+02,9.373e+01,5
INT8,LUT,"U(-1,1)",4096,7168,7168,64x64x32_w4_v9_ck4,18.890,18.890,18.910,18.896,22.2780,7.074e-01,2.119e+02,9.373e+01,5
INT8,LUT,"U(-1,1)",4096,7168,7168,128x128x32_w4_v10,29.320,29.210,29.350,29.302,14.3560,2.594e-04,3.975e-02,1.873e-02,5
INT8,LUT,"U(-1,1)",4096,7168,7168,128x64x32_w4_v10,22.190,22.190,22.200,22.194,18.9650,2.594e-04,3.975e-02,1.873e-02,5
INT8,LUT,"U(-1,1)",4096,7168,7168,64x128x32_w4_v10,29.230,29.170,29.330,29.242,14.4020,2.594e-04,3.975e-02,1.873e-02,5
INT8,LUT,"U(-1,1)",4096,7168,7168,64x64x32_w4_v10,19.060,18.950,19.150,19.044,22.0870,2.594e-04,3.975e-02,1.873e-02,5
INT8,LUT,"U(-1,1)",4096,7168,7168,64x256x32_w8_v10,28.450,28.140,28.790,28.468,14.7950,2.594e-04,3.975e-02,1.873e-02,5
INT8,LUT,"U(-1,1)",4096,7168,7168,128x128x32_w4_v11,33.870,33.660,33.930,33.840,12.4280,2.594e-04,3.975e-02,1.873e-02,5
INT8,LUT,"U(-1,1)",4096,7168,7168,64x128x32_w4_v11,32.910,32.810,33.040,32.898,12.7890,2.594e-04,3.975e-02,1.873e-02,5
INT8,LUT,"U(-1,1)",4096,7168,7168,128x256x32_w8_v11,7.820,7.800,7.840,7.820,53.8070,2.594e-04,3.975e-02,1.873e-02,5
INT8,LUT,"U(-1,1)",4096,7168,7168,64x256x32_w8_v11,32.460,32.350,32.490,32.426,12.9670,2.594e-04,3.975e-02,1.873e-02,5
INT8,LUT,"U(-1,1)",4096,7168,7168,128x128x16_w4_v11,34.580,34.560,34.650,34.598,12.1700,2.594e-04,3.975e-02,1.873e-02,5
INT8,LUT,"U(-1,1)",4096,7168,7168,64x128x16_w4_v11,25.970,25.330,27.450,26.166,16.2070,2.594e-04,3.975e-02,1.873e-02,5
INT8,LUT,"U(-1,1)",4096,7168,7168,128x256x16_w8_v11,5.840,5.830,5.840,5.836,72.0930,2.594e-04,3.975e-02,1.873e-02,5
INT8,LUT,"U(-1,1)",4096,7168,7168,64x256x16_w8_v11,26.710,24.810,30.270,27.568,15.7560,2.594e-04,3.975e-02,1.873e-02,5
INT8,LUT,"U(-1,1)",4096,7168,7168,64x256x16_w4f4_v11,29.570,29.140,29.830,29.550,14.2340,2.594e-04,3.975e-02,1.873e-02,5
INT8,LUT,"U(-1,1)",4096,7168,7168,128x256x16_w4f4_v11,9.480,9.440,9.510,9.482,44.3900,2.594e-04,3.975e-02,1.873e-02,5
INT8,LUT,"U(-1,1)",4096,7168,7168,32x128x16_w4_v11,16.190,13.260,17.200,15.682,25.9950,2.594e-04,3.975e-02,1.873e-02,5
INT8,LUT,"U(-1,1)",4096,7168,7168,32x256x16_w8_v11,22.380,22.140,22.420,22.324,18.8100,2.594e-04,3.975e-02,1.873e-02,5
INT8,LUT,"U(-1,1)",4096,7168,7168,32x128x32_w4_v11,11.870,11.780,11.930,11.854,35.4500,2.594e-04,3.975e-02,1.873e-02,5
INT8,LUT,"U(-1,1)",4096,7168,7168,192x128x16_w4_v11,33.120,32.960,33.220,33.116,12.7080,2.594e-04,3.975e-02,1.873e-02,5
INT8,LUT,"U(-1,1)",4096,7168,7168,256x128x16_w4_v11,9.850,9.810,9.870,9.848,42.7260,2.594e-04,3.975e-02,1.873e-02,5
INT8,LUT,"U(-1,1)",4096,7168,7168,64x128x16_w2f4_v11,34.230,34.160,34.670,34.310,12.2950,2.594e-04,3.975e-02,1.873e-02,5
INT8,LUT,"U(-1,1)",4096,7168,7168,64x128x32_w2f4_v11,18.930,18.700,19.440,19.070,22.2320,2.594e-04,3.975e-02,1.873e-02,5
INT8,LUT,"U(-1,1)",4096,7168,7168,32x128x16_w2f4_v11,4.720,4.670,4.810,4.732,89.1820,2.594e-04,3.975e-02,1.873e-02,5
INT8,LUT,"U(-1,1)",4096,7168,7168,128x128x16_w4_v12,35.280,35.190,35.360,35.284,11.9310,5.468e-03,2.450e+00,6.234e-01,5
INT8,LUT,"U(-1,1)",4096,7168,7168,64x128x16_w4_v12,14.630,14.440,14.910,14.676,28.7620,5.468e-03,2.450e+00,6.234e-01,5
INT8,LUT,"U(-1,1)",4096,7168,7168,128x256x16_w8_v12,26.810,26.790,26.840,26.808,15.7020,5.468e-03,2.450e+00,6.234e-01,5
INT8,LUT,"U(-1,1)",4096,7168,7168,64x256x16_w8_v12,32.950,32.890,32.990,32.946,12.7730,5.468e-03,2.450e+00,6.234e-01,5
INT8,LUT,"U(-1,1)",4096,7168,7168,128x128x32_w4_v12,35.180,34.840,35.460,35.168,11.9650,5.468e-03,2.450e+00,6.234e-01,5
INT8,LUT,"U(-1,1)",4096,7168,7168,64x128x32_w4_v12,34.300,34.230,34.420,34.320,12.2710,5.468e-03,2.450e+00,6.234e-01,5
INT8,LUT,"U(-1,1)",4096,7168,7168,32x128x16_w4_v12,5.330,5.310,5.380,5.340,78.9590,5.468e-03,2.450e+00,6.234e-01,5
INT8,LUT,"U(-1,1)",4096,7168,7168,32x256x16_w8_v12,22.920,22.880,22.950,22.920,18.3620,5.468e-03,2.450e+00,6.234e-01,5
INT8,LUT,"U(-1,1)",4096,7168,7168,64x128x16_w2f4_v12,9.560,9.460,9.660,9.570,44.0360,5.468e-03,2.450e+00,6.234e-01,5
INT8,LUT,"U(-1,1)",4096,7168,7168,64x256x16_w4f4_v12,29.240,29.200,29.380,29.266,14.3930,5.468e-03,2.450e+00,6.234e-01,5
INT8,LUT,"U(-1,1)",4096,7168,7168,128x128x32_w4_v10s_ks1,28.930,28.870,28.980,28.924,14.5510,2.594e-04,3.975e-02,1.873e-02,5
INT8,LUT,"U(-1,1)",4096,7168,7168,128x128x32_w4_v10s_ks2,29.210,29.140,29.280,29.204,14.4090,2.594e-04,3.972e-02,1.874e-02,5
INT8,LUT,"U(-1,1)",4096,7168,7168,128x128x32_w4_v10s_ks4,28.580,28.500,28.640,28.576,14.7300,2.594e-04,3.973e-02,1.876e-02,5
INT8,LUT,"U(-1,1)",4096,7168,7168,128x128x32_w4_v10s_ks8,26.230,26.210,26.270,26.236,16.0460,2.594e-04,3.973e-02,1.880e-02,5
INT8,LUT,"U(-1,1)",4096,7168,7168,64x128x32_w4_v10s_ks2,28.150,28.090,28.220,28.154,14.9500,2.594e-04,3.972e-02,1.874e-02,5
INT8,LUT,"U(-1,1)",4096,7168,7168,64x128x32_w4_v10s_ks4,27.020,27.010,27.180,27.072,15.5770,2.594e-04,3.973e-02,1.876e-02,5
INT8,LUT,"U(-1,1)",4096,7168,7168,64x128x32_w4_v10s_ks8,25.090,25.060,25.230,25.134,16.7750,2.594e-04,3.973e-02,1.880e-02,5
INT8,LUT,"U(-1,1)",4096,7168,7168,64x64x32_w4_v10s_ks2,18.610,18.590,18.640,18.614,22.6120,2.594e-04,3.972e-02,1.874e-02,5
INT8,LUT,"U(-1,1)",4096,7168,7168,64x64x32_w4_v10s_ks4,18.760,18.760,18.900,18.798,22.4310,2.594e-04,3.973e-02,1.876e-02,5
INT8,LUT,"U(-1,1)",4096,7168,7168,64x64x32_w4_v10s_ks8,18.350,18.350,18.350,18.350,22.9360,2.594e-04,3.973e-02,1.880e-02,5
INT8,LUT,"U(-1,1)",4096,7168,7168,64x256x32_w8_v10s_ks2,28.310,28.300,28.520,28.386,14.8670,2.594e-04,3.972e-02,1.874e-02,5
INT8,LUT,"U(-1,1)",4096,7168,7168,64x256x32_w8_v10s_ks4,28.050,28.000,28.190,28.068,15.0050,2.594e-04,3.973e-02,1.876e-02,5
INT8,LUT,"U(-1,1)",4096,7168,7168,128x128x32_cutlass_p1,83.800,83.390,84.400,83.834,5.0230,2.594e-04,3.975e-02,1.873e-02,5
INT8,BITSHIFT,"U(-1,1)",4096,7168,7168,128x128x32_cutlass_p1,82.850,81.400,83.470,82.736,5.0800,2.594e-04,3.975e-02,1.873e-02,5
INT8,LUT,"U(-1,1)",4096,7168,7168,64x128x32_cutlass_p1,66.780,65.250,67.740,66.468,6.3030,2.594e-04,3.975e-02,1.873e-02,5
INT8,BITSHIFT,"U(-1,1)",4096,7168,7168,64x128x32_cutlass_p1,65.370,65.320,66.880,65.946,6.4390,2.594e-04,3.975e-02,1.873e-02,5
INT8,LUT,"U(-1,1)",4096,7168,7168,128x64x32_cutlass_p1,38.430,36.550,50.580,41.132,10.9520,2.594e-04,3.975e-02,1.873e-02,5
INT8,BITSHIFT,"U(-1,1)",4096,7168,7168,128x64x32_cutlass_p1,49.620,41.890,66.430,53.976,8.4830,2.594e-04,3.975e-02,1.873e-02,5
INT4,LUT,"U(-1,1)",1,7168,7168,16x64x32_w4,0.070,0.060,0.070,0.066,1.5060,2.533e-04,2.849e-02,1.838e-02,5
INT4,BITSHIFT,"U(-1,1)",1,7168,7168,16x64x32_w4,0.130,0.120,0.130,0.128,0.8040,1.821e-04,1.886e-02,1.284e-02,5
INT4,LUT,"U(-1,1)",1,7168,7168,16x128x32_w8,0.070,0.070,0.070,0.070,1.4900,2.533e-04,2.849e-02,1.838e-02,5
INT4,BITSHIFT,"U(-1,1)",1,7168,7168,16x128x32_w8,0.130,0.120,0.140,0.130,0.7910,1.821e-04,1.886e-02,1.284e-02,5
INT4,LUT,"U(-1,1)",1,7168,7168,128x64x32_w4_v2,0.070,0.060,0.070,0.068,1.4600,2.533e-04,2.849e-02,1.838e-02,5
INT4,LUT,"U(-1,1)",1,7168,7168,64x64x32_w4_v2,0.110,0.100,0.120,0.112,0.9090,2.533e-04,2.849e-02,1.838e-02,5
INT4,LUT,"U(-1,1)",1,7168,7168,128x64x32_w4_v3,0.070,0.070,0.070,0.070,1.4390,2.533e-04,2.849e-02,1.838e-02,5
INT4,LUT,"U(-1,1)",1,7168,7168,64x64x32_w4_v3,0.100,0.100,0.110,0.102,1.0170,2.533e-04,2.849e-02,1.838e-02,5
INT4,LUT,"U(-1,1)",1,7168,7168,32x64x32_w4_v3_b1,0.110,0.110,0.120,0.114,0.9060,2.533e-04,2.849e-02,1.838e-02,5
INT4,LUT,"U(-1,1)",1,7168,7168,128x64x32_w4_v4,0.070,0.070,0.070,0.070,1.4370,2.533e-04,2.849e-02,1.838e-02,5
INT4,LUT,"U(-1,1)",1,7168,7168,64x64x32_w4_v4,0.100,0.090,0.100,0.096,1.0760,2.533e-04,2.849e-02,1.838e-02,5
INT4,LUT,"U(-1,1)",1,7168,7168,128x64x32_w4_v5,0.070,0.070,0.070,0.070,1.4070,2.533e-04,2.849e-02,1.838e-02,5
INT4,LUT,"U(-1,1)",1,7168,7168,64x64x32_w4_v5,0.100,0.100,0.100,0.100,1.0240,2.533e-04,2.849e-02,1.838e-02,5
INT4,LUT,"U(-1,1)",1,7168,7168,128x64x32_w4_v3s_ks2,0.120,0.120,0.130,0.124,0.8250,2.533e-04,2.846e-02,1.843e-02,5
INT4,LUT,"U(-1,1)",1,7168,7168,128x64x32_w4_v3s_ks4,0.120,0.120,0.130,0.124,0.8220,2.533e-04,2.840e-02,1.841e-02,5
INT4,LUT,"U(-1,1)",1,7168,7168,64x64x32_w4_v3s_ks2,0.180,0.170,0.180,0.176,0.5750,2.533e-04,2.846e-02,1.843e-02,5
INT4,LUT,"U(-1,1)",1,7168,7168,64x64x32_w4_v3s_ks4,0.140,0.140,0.140,0.140,0.7230,2.533e-04,2.840e-02,1.841e-02,5
INT4,LUT,"U(-1,1)",1,7168,7168,64x64x32_w4_v3s_ks8,0.190,0.180,0.190,0.186,0.5460,2.533e-04,2.840e-02,1.841e-02,5
INT4,LUT,"U(-1,1)",8,7168,7168,16x64x32_w4,0.610,0.610,0.620,0.614,1.3370,2.574e-04,3.204e-02,1.856e-02,5
INT4,BITSHIFT,"U(-1,1)",8,7168,7168,16x64x32_w4,0.940,0.940,0.950,0.942,0.8720,1.891e-04,2.484e-02,1.351e-02,5
INT4,LUT,"U(-1,1)",8,7168,7168,16x128x32_w8,0.590,0.580,0.590,0.588,1.4000,2.574e-04,3.204e-02,1.856e-02,5
INT4,BITSHIFT,"U(-1,1)",8,7168,7168,16x128x32_w8,0.930,0.930,0.930,0.930,0.8810,1.891e-04,2.484e-02,1.351e-02,5
INT4,LUT,"U(-1,1)",8,7168,7168,128x64x32_w4_v2,0.600,0.600,0.600,0.600,1.3750,2.574e-04,3.204e-02,1.856e-02,5
INT4,LUT,"U(-1,1)",8,7168,7168,64x64x32_w4_v2,0.920,0.920,0.930,0.922,0.8940,2.574e-04,3.204e-02,1.856e-02,5
INT4,LUT,"U(-1,1)",8,7168,7168,128x64x32_w4_v3,0.610,0.600,0.610,0.608,1.3520,2.574e-04,3.204e-02,1.856e-02,5
INT4,LUT,"U(-1,1)",8,7168,7168,64x64x32_w4_v3,0.840,0.830,0.840,0.838,0.9820,2.574e-04,3.204e-02,1.856e-02,5
INT4,LUT,"U(-1,1)",8,7168,7168,32x64x32_w4_v3_b1,0.940,0.940,0.940,0.940,0.8770,2.574e-04,3.204e-02,1.856e-02,5
INT4,LUT,"U(-1,1)",8,7168,7168,128x64x32_w4_v4,0.610,0.610,0.610,0.610,1.3530,2.574e-04,3.204e-02,1.856e-02,5
INT4,LUT,"U(-1,1)",8,7168,7168,64x64x32_w4_v4,0.810,0.810,0.820,0.812,1.0110,2.574e-04,3.204e-02,1.856e-02,5
INT4,LUT,"U(-1,1)",8,7168,7168,128x64x32_w4_v5,0.600,0.600,0.610,0.602,1.3600,2.574e-04,3.204e-02,1.856e-02,5
INT4,LUT,"U(-1,1)",8,7168,7168,64x64x32_w4_v5,0.830,0.830,0.830,0.830,0.9930,2.574e-04,3.204e-02,1.856e-02,5
INT4,LUT,"U(-1,1)",8,7168,7168,128x64x32_w4_v3s_ks2,1.030,1.030,1.030,1.030,0.7990,2.574e-04,3.213e-02,1.858e-02,5
INT4,LUT,"U(-1,1)",8,7168,7168,128x64x32_w4_v3s_ks4,1.030,1.030,1.030,1.030,0.7980,2.574e-04,3.213e-02,1.856e-02,5
INT4,LUT,"U(-1,1)",8,7168,7168,64x64x32_w4_v3s_ks2,1.450,1.440,1.450,1.448,0.5680,2.574e-04,3.213e-02,1.858e-02,5
INT4,LUT,"U(-1,1)",8,7168,7168,64x64x32_w4_v3s_ks4,1.130,1.130,1.160,1.140,0.7250,2.574e-04,3.213e-02,1.856e-02,5
INT4,LUT,"U(-1,1)",8,7168,7168,64x64x32_w4_v3s_ks8,1.500,1.500,1.510,1.504,0.5470,2.574e-04,3.212e-02,1.856e-02,5
INT4,LUT,"U(-1,1)",32,7168,7168,16x64x32_w4,2.330,2.320,2.330,2.328,1.4130,2.561e-04,3.464e-02,1.872e-02,5
INT4,BITSHIFT,"U(-1,1)",32,7168,7168,16x64x32_w4,2.850,2.850,2.860,2.854,1.1520,1.870e-04,2.487e-02,1.387e-02,5
INT4,LUT,"U(-1,1)",32,7168,7168,16x128x32_w8,2.210,2.210,2.210,2.210,1.4870,2.561e-04,3.464e-02,1.872e-02,5
INT4,BITSHIFT,"U(-1,1)",32,7168,7168,16x128x32_w8,2.270,2.270,2.280,2.272,1.4490,1.870e-04,2.487e-02,1.387e-02,5
INT4,LUT,"U(-1,1)",32,7168,7168,128x64x32_w4_v2,2.370,2.360,2.370,2.366,1.3900,2.561e-04,3.464e-02,1.872e-02,5
INT4,LUT,"U(-1,1)",32,7168,7168,64x64x32_w4_v2,3.380,3.370,3.390,3.382,0.9720,2.561e-04,3.464e-02,1.872e-02,5
INT4,LUT,"U(-1,1)",32,7168,7168,128x64x32_w4_v3,2.400,2.390,2.400,2.396,1.3720,2.561e-04,3.464e-02,1.872e-02,5
INT4,LUT,"U(-1,1)",32,7168,7168,64x64x32_w4_v3,3.080,3.060,3.080,3.074,1.0690,2.561e-04,3.464e-02,1.872e-02,5
INT4,LUT,"U(-1,1)",32,7168,7168,32x64x32_w4_v3_b1,3.450,3.440,3.460,3.450,0.9530,2.561e-04,3.464e-02,1.872e-02,5
INT4,LUT,"U(-1,1)",32,7168,7168,128x64x32_w4_v4,2.400,2.390,2.400,2.398,1.3720,2.561e-04,3.464e-02,1.872e-02,5
INT4,LUT,"U(-1,1)",32,7168,7168,64x64x32_w4_v4,3.210,3.200,3.210,3.206,1.0260,2.561e-04,3.464e-02,1.872e-02,5
INT4,LUT,"U(-1,1)",32,7168,7168,128x64x32_w4_v5,2.390,2.390,2.400,2.392,1.3750,2.561e-04,3.464e-02,1.872e-02,5
INT4,LUT,"U(-1,1)",32,7168,7168,64x64x32_w4_v5,3.250,3.240,3.250,3.248,1.0120,2.561e-04,3.464e-02,1.872e-02,5
INT4,LUT,"U(-1,1)",32,7168,7168,128x64x32_w4_v3s_ks2,4.060,4.050,4.070,4.060,0.8110,2.561e-04,3.464e-02,1.872e-02,5
INT4,LUT,"U(-1,1)",32,7168,7168,128x64x32_w4_v3s_ks4,4.070,4.060,4.070,4.068,0.8080,2.561e-04,3.464e-02,1.871e-02,5
INT4,LUT,"U(-1,1)",32,7168,7168,64x64x32_w4_v3s_ks2,5.620,5.560,5.670,5.618,0.5860,2.561e-04,3.464e-02,1.872e-02,5
INT4,LUT,"U(-1,1)",32,7168,7168,64x64x32_w4_v3s_ks4,4.450,4.360,4.460,4.432,0.7390,2.561e-04,3.464e-02,1.871e-02,5
INT4,LUT,"U(-1,1)",32,7168,7168,64x64x32_w4_v3s_ks8,5.730,5.700,5.760,5.730,0.5740,2.561e-04,3.464e-02,1.872e-02,5
INT4,LUT,"U(-1,1)",64,7168,7168,16x64x32_w4,4.200,4.200,4.210,4.202,1.5660,2.561e-04,3.466e-02,1.871e-02,5
INT4,BITSHIFT,"U(-1,1)",64,7168,7168,16x64x32_w4,3.610,3.610,3.620,3.612,1.8200,1.865e-04,2.489e-02,1.371e-02,5
INT4,LUT,"U(-1,1)",64,7168,7168,16x128x32_w8,4.090,4.090,4.100,4.092,1.6080,2.561e-04,3.466e-02,1.871e-02,5
INT4,BITSHIFT,"U(-1,1)",64,7168,7168,16x128x32_w8,3.480,3.480,3.490,3.482,1.8880,1.865e-04,2.489e-02,1.371e-02,5
INT4,LUT,"U(-1,1)",64,7168,7168,128x64x32_w4_v2,4.670,4.660,4.670,4.668,1.4090,2.561e-04,3.466e-02,1.871e-02,5
INT4,LUT,"U(-1,1)",64,7168,7168,64x64x32_w4_v2,6.500,6.500,6.510,6.502,1.0120,2.561e-04,3.466e-02,1.871e-02,5
INT4,LUT,"U(-1,1)",64,7168,7168,128x64x32_w4_v3,4.730,4.730,4.740,4.732,1.3890,2.561e-04,3.466e-02,1.871e-02,5
INT4,LUT,"U(-1,1)",64,7168,7168,64x64x32_w4_v3,6.210,6.210,6.230,6.214,1.0590,2.561e-04,3.466e-02,1.871e-02,5
INT4,LUT,"U(-1,1)",64,7168,7168,32x64x32_w4_v3_b1,6.830,6.820,6.850,6.834,0.9630,2.561e-04,3.466e-02,1.871e-02,5
INT4,LUT,"U(-1,1)",64,7168,7168,128x64x32_w4_v4,4.750,4.750,4.760,4.754,1.3840,2.561e-04,3.466e-02,1.871e-02,5
INT4,LUT,"U(-1,1)",64,7168,7168,64x64x32_w4_v4,6.270,6.250,6.280,6.266,1.0490,2.561e-04,3.466e-02,1.871e-02,5
INT4,LUT,"U(-1,1)",64,7168,7168,128x64x32_w4_v5,4.730,4.720,4.730,4.728,1.3910,2.561e-04,3.466e-02,1.871e-02,5
INT4,LUT,"U(-1,1)",64,7168,7168,64x64x32_w4_v5,6.360,6.360,6.380,6.366,1.0340,2.561e-04,3.466e-02,1.871e-02,5
INT4,LUT,"U(-1,1)",64,7168,7168,128x64x32_w4_v3s_ks2,7.970,7.930,7.990,7.962,0.8260,2.561e-04,3.466e-02,1.868e-02,5
INT4,LUT,"U(-1,1)",64,7168,7168,128x64x32_w4_v3s_ks4,7.990,7.980,8.000,7.990,0.8230,2.561e-04,3.465e-02,1.869e-02,5
INT4,LUT,"U(-1,1)",64,7168,7168,64x64x32_w4_v3s_ks2,11.050,11.040,11.100,11.066,0.5950,2.561e-04,3.466e-02,1.868e-02,5
INT4,LUT,"U(-1,1)",64,7168,7168,64x64x32_w4_v3s_ks4,8.710,8.530,8.720,8.640,0.7550,2.561e-04,3.466e-02,1.869e-02,5
INT4,LUT,"U(-1,1)",64,7168,7168,64x64x32_w4_v3s_ks8,11.100,11.030,11.120,11.086,0.5930,2.561e-04,3.466e-02,1.867e-02,5
INT4,LUT,"U(-1,1)",256,7168,7168,16x64x32_w4,4.980,4.980,4.990,4.984,5.2800,2.557e-04,3.903e-02,1.841e-02,5
INT4,BITSHIFT,"U(-1,1)",256,7168,7168,16x64x32_w4,3.490,3.480,3.520,3.494,7.5440,1.863e-04,2.604e-02,1.333e-02,5
INT4,LUT,"U(-1,1)",256,7168,7168,16x128x32_w8,4.750,4.720,4.790,4.758,5.5360,2.557e-04,3.903e-02,1.841e-02,5
INT4,BITSHIFT,"U(-1,1)",256,7168,7168,16x128x32_w8,3.430,3.390,3.460,3.426,7.6680,1.863e-04,2.604e-02,1.333e-02,5
INT4,LUT,"U(-1,1)",256,7168,7168,128x64x32_w4_v2,16.200,16.100,16.260,16.188,1.6230,2.557e-04,3.903e-02,1.841e-02,5
INT4,LUT,"U(-1,1)",256,7168,7168,64x64x32_w4_v2,10.690,10.590,10.770,10.698,2.4610,2.557e-04,3.903e-02,1.841e-02,5
INT4,LUT,"U(-1,1)",256,7168,7168,128x64x32_w4_v3,16.300,16.170,16.350,16.266,1.6140,2.557e-04,3.903e-02,1.841e-02,5
INT4,LUT,"U(-1,1)",256,7168,7168,64x64x32_w4_v3,10.980,10.630,11.010,10.882,2.3960,2.557e-04,3.903e-02,1.841e-02,5
INT4,LUT,"U(-1,1)",256,7168,7168,32x64x32_w4_v3_b1,11.880,11.790,11.910,11.870,2.2140,2.557e-04,3.903e-02,1.841e-02,5
INT4,LUT,"U(-1,1)",256,7168,7168,128x64x32_w4_v4,16.240,16.100,16.330,16.234,1.6200,2.557e-04,3.903e-02,1.841e-02,5
INT4,LUT,"U(-1,1)",256,7168,7168,64x64x32_w4_v4,10.790,10.660,10.820,10.762,2.4380,2.557e-04,3.903e-02,1.841e-02,5
INT4,LUT,"U(-1,1)",256,7168,7168,128x64x32_w4_v5,9.670,9.640,9.730,9.676,2.7190,2.557e-04,3.903e-02,1.841e-02,5
INT4,LUT,"U(-1,1)",256,7168,7168,64x64x32_w4_v5,8.690,8.660,8.720,8.686,3.0280,2.557e-04,3.903e-02,1.841e-02,5
INT4,LUT,"U(-1,1)",256,7168,7168,128x64x32_w4_v3s_ks2,16.120,16.100,16.230,16.150,1.6320,2.557e-04,3.905e-02,1.843e-02,5
INT4,LUT,"U(-1,1)",256,7168,7168,128x64x32_w4_v3s_ks4,15.880,15.840,15.920,15.874,1.6560,2.557e-04,3.903e-02,1.847e-02,5
INT4,LUT,"U(-1,1)",256,7168,7168,64x64x32_w4_v3s_ks2,12.790,12.720,12.840,12.790,2.0580,2.557e-04,3.905e-02,1.843e-02,5
INT4,LUT,"U(-1,1)",256,7168,7168,64x64x32_w4_v3s_ks4,15.020,14.990,15.070,15.026,1.7510,2.557e-04,3.903e-02,1.847e-02,5
INT4,LUT,"U(-1,1)",256,7168,7168,64x64x32_w4_v3s_ks8,15.640,15.600,15.650,15.634,1.6820,2.557e-04,3.903e-02,1.846e-02,5
INT4,LUT,"U(-1,1)",1024,7168,7168,16x64x32_w4,4.960,4.950,4.960,4.958,21.2090,2.556e-04,3.902e-02,1.859e-02,5
INT4,BITSHIFT,"U(-1,1)",1024,7168,7168,16x64x32_w4,3.630,3.630,3.660,3.640,28.9940,1.860e-04,2.781e-02,1.388e-02,5
INT4,LUT,"U(-1,1)",1024,7168,7168,16x128x32_w8,4.790,4.750,4.860,4.800,21.9650,2.556e-04,3.902e-02,1.859e-02,5
INT4,BITSHIFT,"U(-1,1)",1024,7168,7168,16x128x32_w8,3.640,3.630,3.640,3.636,28.9430,1.860e-04,2.781e-02,1.388e-02,5
INT4,LUT,"U(-1,1)",1024,7168,7168,128x64x32_w4_v2,18.630,18.600,18.810,18.666,5.6500,2.556e-04,3.902e-02,1.859e-02,5
INT4,LUT,"U(-1,1)",1024,7168,7168,64x64x32_w4_v2,14.420,14.220,14.490,14.402,7.2970,2.556e-04,3.902e-02,1.859e-02,5
INT4,LUT,"U(-1,1)",1024,7168,7168,128x64x32_w4_v3,16.440,16.430,16.550,16.460,6.3990,2.556e-04,3.902e-02,1.859e-02,5
INT4,LUT,"U(-1,1)",1024,7168,7168,64x64x32_w4_v3,15.840,15.770,15.890,15.836,6.6410,2.556e-04,3.902e-02,1.859e-02,5
INT4,LUT,"U(-1,1)",1024,7168,7168,32x64x32_w4_v3_b1,11.990,11.990,12.000,11.994,8.7760,2.556e-04,3.902e-02,1.859e-02,5
INT4,LUT,"U(-1,1)",1024,7168,7168,128x64x32_w4_v4,16.490,16.470,16.500,16.486,6.3830,2.556e-04,3.902e-02,1.859e-02,5
INT4,LUT,"U(-1,1)",1024,7168,7168,64x64x32_w4_v4,15.220,15.160,15.290,15.222,6.9120,2.556e-04,3.902e-02,1.859e-02,5
INT4,LUT,"U(-1,1)",1024,7168,7168,128x64x32_w4_v5,11.830,11.820,11.830,11.826,8.8970,2.556e-04,3.902e-02,1.859e-02,5
INT4,LUT,"U(-1,1)",1024,7168,7168,64x64x32_w4_v5,8.700,8.700,8.700,8.700,12.0970,2.556e-04,3.902e-02,1.859e-02,5
INT4,LUT,"U(-1,1)",1024,7168,7168,128x64x32_w4_v3s_ks2,16.310,16.310,16.320,16.312,6.4510,2.556e-04,3.904e-02,1.859e-02,5
INT4,LUT,"U(-1,1)",1024,7168,7168,128x64x32_w4_v3s_ks4,16.920,16.910,16.930,16.918,6.2210,2.556e-04,3.903e-02,1.857e-02,5
INT4,LUT,"U(-1,1)",1024,7168,7168,64x64x32_w4_v3s_ks2,17.290,17.290,17.300,17.294,6.0850,2.556e-04,3.904e-02,1.859e-02,5
INT4,LUT,"U(-1,1)",1024,7168,7168,64x64x32_w4_v3s_ks4,16.820,16.810,16.830,16.820,6.2550,2.556e-04,3.903e-02,1.857e-02,5
INT4,LUT,"U(-1,1)",1024,7168,7168,64x64x32_w4_v3s_ks8,16.140,16.140,16.150,16.144,6.5180,2.556e-04,3.902e-02,1.860e-02,5
INT4,LUT,"U(-1,1)",2048,7168,7168,16x64x32_w4,5.160,5.160,5.160,5.160,40.7900,2.555e-04,3.901e-02,1.858e-02,5
INT4,BITSHIFT,"U(-1,1)",2048,7168,7168,16x64x32_w4,3.660,3.660,3.660,3.660,57.4940,1.860e-04,2.781e-02,1.348e-02,5
INT4,LUT,"U(-1,1)",2048,7168,7168,16x128x32_w8,5.070,5.050,5.090,5.070,41.4700,2.555e-04,3.901e-02,1.858e-02,5
INT4,BITSHIFT,"U(-1,1)",2048,7168,7168,16x128x32_w8,3.640,3.640,3.640,3.640,57.8770,1.860e-04,2.781e-02,1.348e-02,5
INT4,LUT,"U(-1,1)",2048,7168,7168,128x64x32_w4_v2,18.820,18.630,18.940,18.770,11.1850,2.555e-04,3.901e-02,1.858e-02,5
INT4,LUT,"U(-1,1)",2048,7168,7168,64x64x32_w4_v2,14.690,14.640,14.710,14.680,14.3240,2.555e-04,3.901e-02,1.858e-02,5
INT4,LUT,"U(-1,1)",2048,7168,7168,128x64x32_w4_v3,16.630,16.630,16.630,16.630,12.6550,2.555e-04,3.901e-02,1.858e-02,5
INT4,LUT,"U(-1,1)",2048,7168,7168,64x64x32_w4_v3,17.730,17.720,17.760,17.732,11.8690,2.555e-04,3.901e-02,1.858e-02,5
INT4,LUT,"U(-1,1)",2048,7168,7168,32x64x32_w4_v3_b1,12.560,12.550,12.560,12.558,16.7530,2.555e-04,3.901e-02,1.858e-02,5
INT4,LUT,"U(-1,1)",2048,7168,7168,128x64x32_w4_v4,16.460,16.450,16.510,16.470,12.7880,2.555e-04,3.901e-02,1.858e-02,5
INT4,LUT,"U(-1,1)",2048,7168,7168,64x64x32_w4_v4,16.910,16.850,16.930,16.902,12.4430,2.555e-04,3.901e-02,1.858e-02,5
INT4,LUT,"U(-1,1)",2048,7168,7168,128x64x32_w4_v5,11.910,11.910,11.920,11.914,17.6650,2.555e-04,3.901e-02,1.858e-02,5
INT4,LUT,"U(-1,1)",2048,7168,7168,64x64x32_w4_v5,8.940,8.930,8.940,8.936,23.5480,2.555e-04,3.901e-02,1.858e-02,5
INT4,LUT,"U(-1,1)",2048,7168,7168,128x64x32_w4_v3s_ks2,17.420,17.420,17.430,17.422,12.0800,2.555e-04,3.903e-02,1.854e-02,5
INT4,LUT,"U(-1,1)",2048,7168,7168,128x64x32_w4_v3s_ks4,16.940,16.940,16.950,16.942,12.4250,2.555e-04,3.901e-02,1.852e-02,5
INT4,LUT,"U(-1,1)",2048,7168,7168,64x64x32_w4_v3s_ks2,17.380,17.370,17.380,17.378,12.1110,2.555e-04,3.903e-02,1.854e-02,5
INT4,LUT,"U(-1,1)",2048,7168,7168,64x64x32_w4_v3s_ks4,16.860,16.840,16.870,16.856,12.4820,2.555e-04,3.901e-02,1.852e-02,5
INT4,LUT,"U(-1,1)",2048,7168,7168,64x64x32_w4_v3s_ks8,16.280,16.280,16.290,16.284,12.9240,2.555e-04,3.901e-02,1.852e-02,5
INT4,LUT,"U(-1,1)",4096,7168,7168,16x64x32_w4,5.200,5.200,5.200,5.200,80.9270,2.555e-04,4.047e-02,1.868e-02,5
INT4,BITSHIFT,"U(-1,1)",4096,7168,7168,16x64x32_w4,3.660,3.650,3.660,3.656,115.1180,1.860e-04,2.995e-02,1.398e-02,5
INT4,LUT,"U(-1,1)",4096,7168,7168,16x128x32_w8,5.200,5.200,5.210,5.204,80.8930,2.555e-04,4.047e-02,1.868e-02,5
INT4,BITSHIFT,"U(-1,1)",4096,7168,7168,16x128x32_w8,3.640,3.640,3.640,3.640,115.7740,1.860e-04,2.995e-02,1.398e-02,5
INT4,LUT,"U(-1,1)",4096,7168,7168,128x64x32_w4_v2,18.970,18.900,19.070,18.990,22.1910,2.555e-04,4.047e-02,1.868e-02,5
INT4,LUT,"U(-1,1)",4096,7168,7168,64x64x32_w4_v2,15.330,15.330,15.330,15.330,27.4510,2.555e-04,4.047e-02,1.868e-02,5
INT4,LUT,"U(-1,1)",4096,7168,7168,128x64x32_w4_v3,17.830,17.820,17.830,17.826,23.6110,2.555e-04,4.047e-02,1.868e-02,5
INT4,LUT,"U(-1,1)",4096,7168,7168,64x64x32_w4_v3,17.690,17.680,17.700,17.692,23.7920,2.555e-04,4.047e-02,1.868e-02,5
INT4,LUT,"U(-1,1)",4096,7168,7168,32x64x32_w4_v3_b1,12.570,12.560,12.570,12.568,33.4920,2.555e-04,4.047e-02,1.868e-02,5
INT4,LUT,"U(-1,1)",4096,7168,7168,128x64x32_w4_v4,17.700,17.690,17.740,17.714,23.7840,2.555e-04,4.047e-02,1.868e-02,5
INT4,LUT,"U(-1,1)",4096,7168,7168,64x64x32_w4_v4,16.930,16.920,16.930,16.928,24.8610,2.555e-04,4.047e-02,1.868e-02,5
INT4,LUT,"U(-1,1)",4096,7168,7168,128x64x32_w4_v5,12.110,12.090,12.130,12.112,34.7690,2.555e-04,4.047e-02,1.868e-02,5
INT4,LUT,"U(-1,1)",4096,7168,7168,64x64x32_w4_v5,8.960,8.950,8.960,8.956,47.0010,2.555e-04,4.047e-02,1.868e-02,5
INT4,LUT,"U(-1,1)",4096,7168,7168,128x64x32_w4_v3s_ks2,17.450,17.450,17.450,17.450,24.1210,2.555e-04,4.048e-02,1.872e-02,5
INT4,LUT,"U(-1,1)",4096,7168,7168,128x64x32_w4_v3s_ks4,16.980,16.980,16.980,16.980,24.7900,2.555e-04,4.046e-02,1.870e-02,5
INT4,LUT,"U(-1,1)",4096,7168,7168,64x64x32_w4_v3s_ks2,17.370,17.270,17.380,17.344,24.2280,2.555e-04,4.048e-02,1.872e-02,5
INT4,LUT,"U(-1,1)",4096,7168,7168,64x64x32_w4_v3s_ks4,16.580,16.540,16.720,16.600,25.3830,2.555e-04,4.046e-02,1.870e-02,5
INT4,LUT,"U(-1,1)",4096,7168,7168,64x64x32_w4_v3s_ks8,16.290,16.200,16.300,16.274,25.8370,2.555e-04,4.048e-02,1.873e-02,5
MXFP4,LUT,"U(-1,1)",1,7168,7168,16x64x32_w4,0.070,0.070,0.070,0.070,1.4250,1.828e-04,1.681e-02,1.181e-02,5
MXFP4,BITSHIFT,"U(-1,1)",1,7168,7168,16x64x32_w4,0.060,0.060,0.070,0.064,1.5810,1.828e-04,1.681e-02,1.181e-02,5
MXFP4,LUT,"U(-1,1)",1,7168,7168,16x128x32_w8,0.070,0.070,0.070,0.070,1.3940,1.828e-04,1.681e-02,1.181e-02,5
MXFP4,BITSHIFT,"U(-1,1)",1,7168,7168,16x128x32_w8,0.060,0.060,0.060,0.060,1.6230,1.828e-04,1.681e-02,1.181e-02,5
MXFP4,LUT,"U(-1,1)",1,7168,7168,128x64x32_w4_v2,0.070,0.070,0.070,0.070,1.4380,1.828e-04,1.681e-02,1.181e-02,5
MXFP4,LUT,"U(-1,1)",1,7168,7168,64x64x32_w4_v2,0.100,0.100,0.100,0.100,1.0260,1.828e-04,1.681e-02,1.181e-02,5
MXFP4,LUT,"U(-1,1)",1,7168,7168,128x64x32_w4_v3,0.100,0.100,0.100,0.100,0.9960,1.828e-04,1.681e-02,1.181e-02,5
MXFP4,LUT,"U(-1,1)",1,7168,7168,64x64x32_w4_v3,0.170,0.170,0.170,0.170,0.6160,1.828e-04,1.681e-02,1.181e-02,5
MXFP4,LUT,"U(-1,1)",1,7168,7168,32x64x32_w4_v3_b1,0.210,0.210,0.220,0.214,0.4790,1.828e-04,1.681e-02,1.181e-02,5
MXFP4,LUT,"U(-1,1)",1,7168,7168,128x64x32_w4_v4,0.100,0.100,0.100,0.100,1.0050,1.828e-04,1.681e-02,1.181e-02,5
MXFP4,LUT,"U(-1,1)",1,7168,7168,64x64x32_w4_v4,0.160,0.160,0.160,0.160,0.6560,1.828e-04,1.681e-02,1.181e-02,5
MXFP4,LUT,"U(-1,1)",1,7168,7168,128x64x32_w4_v5,0.100,0.100,0.100,0.100,1.0080,1.828e-04,1.681e-02,1.181e-02,5
MXFP4,LUT,"U(-1,1)",1,7168,7168,64x64x32_w4_v5,0.160,0.160,0.160,0.160,0.6540,1.828e-04,1.681e-02,1.181e-02,5
MXFP4,LUT,"U(-1,1)",1,7168,7168,128x64x32_w4_v3s_ks2,0.160,0.160,0.160,0.160,0.6540,1.828e-04,1.682e-02,1.181e-02,5
MXFP4,LUT,"U(-1,1)",1,7168,7168,128x64x32_w4_v3s_ks4,0.160,0.160,0.160,0.160,0.6560,1.828e-04,1.681e-02,1.181e-02,5
MXFP4,LUT,"U(-1,1)",1,7168,7168,64x64x32_w4_v3s_ks2,0.250,0.250,0.250,0.250,0.4090,1.828e-04,1.682e-02,1.181e-02,5
MXFP4,LUT,"U(-1,1)",1,7168,7168,64x64x32_w4_v3s_ks4,0.230,0.230,0.230,0.230,0.4530,1.828e-04,1.681e-02,1.181e-02,5
MXFP4,LUT,"U(-1,1)",1,7168,7168,64x64x32_w4_v3s_ks8,0.270,0.270,0.270,0.270,0.3850,1.828e-04,1.681e-02,1.181e-02,5
MXFP4,LUT,"U(-1,1)",8,7168,7168,16x64x32_w4,0.580,0.580,0.580,0.580,1.4090,1.869e-04,2.174e-02,1.225e-02,5
MXFP4,BITSHIFT,"U(-1,1)",8,7168,7168,16x64x32_w4,0.500,0.500,0.500,0.500,1.6590,1.869e-04,2.174e-02,1.225e-02,5
MXFP4,LUT,"U(-1,1)",8,7168,7168,16x128x32_w8,0.570,0.570,0.570,0.570,1.4460,1.869e-04,2.174e-02,1.225e-02,5
MXFP4,BITSHIFT,"U(-1,1)",8,7168,7168,16x128x32_w8,0.480,0.470,0.480,0.478,1.7250,1.869e-04,2.174e-02,1.225e-02,5
MXFP4,LUT,"U(-1,1)",8,7168,7168,128x64x32_w4_v2,0.570,0.570,0.570,0.570,1.4500,1.869e-04,2.174e-02,1.225e-02,5
MXFP4,LUT,"U(-1,1)",8,7168,7168,64x64x32_w4_v2,0.790,0.790,0.790,0.790,1.0390,1.869e-04,2.174e-02,1.225e-02,5
MXFP4,LUT,"U(-1,1)",8,7168,7168,128x64x32_w4_v3,0.820,0.810,0.820,0.818,1.0090,1.869e-04,2.174e-02,1.225e-02,5
MXFP4,LUT,"U(-1,1)",8,7168,7168,64x64x32_w4_v3,1.320,1.310,1.320,1.316,0.6250,1.869e-04,2.174e-02,1.225e-02,5
MXFP4,LUT,"U(-1,1)",8,7168,7168,32x64x32_w4_v3_b1,1.680,1.670,1.680,1.678,0.4890,1.869e-04,2.174e-02,1.225e-02,5
MXFP4,LUT,"U(-1,1)",8,7168,7168,128x64x32_w4_v4,0.810,0.810,0.810,0.810,1.0150,1.869e-04,2.174e-02,1.225e-02,5
MXFP4,LUT,"U(-1,1)",8,7168,7168,64x64x32_w4_v4,1.230,1.230,1.230,1.230,0.6670,1.869e-04,2.174e-02,1.225e-02,5
MXFP4,LUT,"U(-1,1)",8,7168,7168,128x64x32_w4_v5,0.810,0.810,0.810,0.810,1.0200,1.869e-04,2.174e-02,1.225e-02,5
MXFP4,LUT,"U(-1,1)",8,7168,7168,64x64x32_w4_v5,1.240,1.240,1.240,1.240,0.6650,1.869e-04,2.174e-02,1.225e-02,5
MXFP4,LUT,"U(-1,1)",8,7168,7168,128x64x32_w4_v3s_ks2,1.250,1.250,1.250,1.250,0.6570,1.869e-04,2.175e-02,1.225e-02,5
MXFP4,LUT,"U(-1,1)",8,7168,7168,128x64x32_w4_v3s_ks4,1.250,1.240,1.250,1.248,0.6600,1.869e-04,2.174e-02,1.225e-02,5
MXFP4,LUT,"U(-1,1)",8,7168,7168,64x64x32_w4_v3s_ks2,2.000,2.000,2.000,2.000,0.4110,1.869e-04,2.175e-02,1.225e-02,5
MXFP4,LUT,"U(-1,1)",8,7168,7168,64x64x32_w4_v3s_ks4,1.800,1.800,1.800,1.800,0.4560,1.869e-04,2.174e-02,1.225e-02,5
MXFP4,LUT,"U(-1,1)",8,7168,7168,64x64x32_w4_v3s_ks8,2.120,2.120,2.130,2.122,0.3870,1.869e-04,2.174e-02,1.225e-02,5
MXFP4,LUT,"U(-1,1)",32,7168,7168,16x64x32_w4,2.100,2.100,2.110,2.102,1.5630,1.851e-04,2.392e-02,1.256e-02,5
MXFP4,BITSHIFT,"U(-1,1)",32,7168,7168,16x64x32_w4,1.710,1.710,1.720,1.714,1.9210,1.851e-04,2.391e-02,1.257e-02,5
MXFP4,LUT,"U(-1,1)",32,7168,7168,16x128x32_w8,1.950,1.940,1.950,1.948,1.6880,1.851e-04,2.392e-02,1.256e-02,5
MXFP4,BITSHIFT,"U(-1,1)",32,7168,7168,16x128x32_w8,1.530,1.520,1.540,1.530,2.1450,1.851e-04,2.391e-02,1.257e-02,5
MXFP4,LUT,"U(-1,1)",32,7168,7168,128x64x32_w4_v2,2.200,2.200,2.200,2.200,1.4950,1.851e-04,2.392e-02,1.256e-02,5
MXFP4,LUT,"U(-1,1)",32,7168,7168,64x64x32_w4_v2,3.020,3.020,3.030,3.022,1.0880,1.851e-04,2.392e-02,1.256e-02,5
MXFP4,LUT,"U(-1,1)",32,7168,7168,128x64x32_w4_v3,3.160,3.160,3.170,3.164,1.0390,1.851e-04,2.392e-02,1.256e-02,5
MXFP4,LUT,"U(-1,1)",32,7168,7168,64x64x32_w4_v3,5.100,5.090,5.110,5.098,0.6450,1.851e-04,2.392e-02,1.256e-02,5
MXFP4,LUT,"U(-1,1)",32,7168,7168,32x64x32_w4_v3_b1,5.730,5.730,5.730,5.730,0.5740,1.851e-04,2.392e-02,1.256e-02,5
MXFP4,LUT,"U(-1,1)",32,7168,7168,128x64x32_w4_v4,3.170,3.160,3.170,3.168,1.0380,1.851e-04,2.392e-02,1.256e-02,5
MXFP4,LUT,"U(-1,1)",32,7168,7168,64x64x32_w4_v4,4.770,4.760,4.770,4.768,0.6900,1.851e-04,2.392e-02,1.256e-02,5
MXFP4,LUT,"U(-1,1)",32,7168,7168,128x64x32_w4_v5,3.130,3.120,3.130,3.128,1.0510,1.851e-04,2.392e-02,1.256e-02,5
MXFP4,LUT,"U(-1,1)",32,7168,7168,64x64x32_w4_v5,4.710,4.700,4.720,4.712,0.6980,1.851e-04,2.392e-02,1.256e-02,5
MXFP4,LUT,"U(-1,1)",32,7168,7168,128x64x32_w4_v3s_ks2,4.920,4.920,4.930,4.922,0.6680,1.851e-04,2.391e-02,1.256e-02,5
MXFP4,LUT,"U(-1,1)",32,7168,7168,128x64x32_w4_v3s_ks4,4.910,4.900,4.910,4.906,0.6700,1.851e-04,2.392e-02,1.257e-02,5
MXFP4,LUT,"U(-1,1)",32,7168,7168,64x64x32_w4_v3s_ks2,7.780,7.780,7.800,7.788,0.4230,1.851e-04,2.391e-02,1.256e-02,5
MXFP4,LUT,"U(-1,1)",32,7168,7168,64x64x32_w4_v3s_ks4,7.020,6.940,7.030,6.994,0.4680,1.851e-04,2.392e-02,1.257e-02,5
MXFP4,LUT,"U(-1,1)",32,7168,7168,64x64x32_w4_v3s_ks8,8.270,8.270,8.290,8.276,0.3980,1.851e-04,2.392e-02,1.257e-02,5
MXFP4,LUT,"U(-1,1)",64,7168,7168,16x64x32_w4,3.660,3.660,3.660,3.660,1.7970,1.850e-04,2.391e-02,1.255e-02,5
MXFP4,BITSHIFT,"U(-1,1)",64,7168,7168,16x64x32_w4,2.920,2.920,2.930,2.922,2.2490,1.850e-04,2.390e-02,1.256e-02,5
MXFP4,LUT,"U(-1,1)",64,7168,7168,16x128x32_w8,3.550,3.550,3.550,3.550,1.8540,1.850e-04,2.391e-02,1.255e-02,5
MXFP4,BITSHIFT,"U(-1,1)",64,7168,7168,16x128x32_w8,2.690,2.690,2.690,2.690,2.4460,1.850e-04,2.390e-02,1.256e-02,5
MXFP4,LUT,"U(-1,1)",64,7168,7168,128x64x32_w4_v2,4.280,4.270,4.280,4.276,1.5370,1.850e-04,2.391e-02,1.255e-02,5
MXFP4,LUT,"U(-1,1)",64,7168,7168,64x64x32_w4_v2,5.760,5.740,5.780,5.764,1.1410,1.850e-04,2.391e-02,1.255e-02,5
MXFP4,LUT,"U(-1,1)",64,7168,7168,128x64x32_w4_v3,6.200,6.190,6.200,6.196,1.0610,1.850e-04,2.391e-02,1.255e-02,5
MXFP4,LUT,"U(-1,1)",64,7168,7168,64x64x32_w4_v3,9.830,9.760,9.840,9.816,0.6690,1.850e-04,2.391e-02,1.255e-02,5
MXFP4,LUT,"U(-1,1)",64,7168,7168,32x64x32_w4_v3_b1,10.510,10.500,10.520,10.508,0.6260,1.850e-04,2.391e-02,1.255e-02,5
MXFP4,LUT,"U(-1,1)",64,7168,7168,128x64x32_w4_v4,6.200,6.190,6.210,6.198,1.0610,1.850e-04,2.391e-02,1.255e-02,5
MXFP4,LUT,"U(-1,1)",64,7168,7168,64x64x32_w4_v4,9.170,9.150,9.180,9.168,0.7170,1.850e-04,2.391e-02,1.255e-02,5
MXFP4,LUT,"U(-1,1)",64,7168,7168,128x64x32_w4_v5,6.100,6.090,6.100,6.096,1.0780,1.850e-04,2.391e-02,1.255e-02,5
MXFP4,LUT,"U(-1,1)",64,7168,7168,64x64x32_w4_v5,9.060,9.040,9.060,9.054,0.7260,1.850e-04,2.391e-02,1.255e-02,5
MXFP4,LUT,"U(-1,1)",64,7168,7168,128x64x32_w4_v3s_ks2,9.690,9.680,9.700,9.688,0.6790,1.850e-04,2.390e-02,1.255e-02,5
MXFP4,LUT,"U(-1,1)",64,7168,7168,128x64x32_w4_v3s_ks4,9.640,9.630,9.650,9.638,0.6820,1.850e-04,2.391e-02,1.256e-02,5
MXFP4,LUT,"U(-1,1)",64,7168,7168,64x64x32_w4_v3s_ks2,15.120,15.000,15.130,15.092,0.4350,1.850e-04,2.390e-02,1.255e-02,5
MXFP4,LUT,"U(-1,1)",64,7168,7168,64x64x32_w4_v3s_ks4,13.070,12.790,13.370,13.098,0.5030,1.850e-04,2.391e-02,1.256e-02,5
MXFP4,LUT,"U(-1,1)",64,7168,7168,64x64x32_w4_v3s_ks8,16.050,16.040,16.070,16.054,0.4100,1.850e-04,2.391e-02,1.256e-02,5
MXFP4,LUT,"U(-1,1)",256,7168,7168,16x64x32_w4,4.240,4.220,4.280,4.246,6.2090,1.847e-04,2.392e-02,1.214e-02,5
MXFP4,BITSHIFT,"U(-1,1)",256,7168,7168,16x64x32_w4,3.270,3.270,3.270,3.270,8.0460,1.847e-04,2.391e-02,1.215e-02,5
MXFP4,LUT,"U(-1,1)",256,7168,7168,16x128x32_w8,4.210,4.210,4.220,4.212,6.2480,1.847e-04,2.392e-02,1.214e-02,5
MXFP4,BITSHIFT,"U(-1,1)",256,7168,7168,16x128x32_w8,3.040,3.040,3.050,3.044,8.6420,1.847e-04,2.391e-02,1.215e-02,5
MXFP4,LUT,"U(-1,1)",256,7168,7168,128x64x32_w4_v2,15.520,15.500,15.560,15.526,1.6950,1.847e-04,2.392e-02,1.214e-02,5
MXFP4,LUT,"U(-1,1)",256,7168,7168,64x64x32_w4_v2,10.040,10.020,10.140,10.072,2.6200,1.847e-04,2.392e-02,1.214e-02,5
MXFP4,LUT,"U(-1,1)",256,7168,7168,128x64x32_w4_v3,19.520,19.510,19.540,19.522,1.3480,1.847e-04,2.392e-02,1.214e-02,5
MXFP4,LUT,"U(-1,1)",256,7168,7168,64x64x32_w4_v3,13.020,13.010,13.030,13.020,2.0200,1.847e-04,2.392e-02,1.214e-02,5
MXFP4,LUT,"U(-1,1)",256,7168,7168,32x64x32_w4_v3_b1,14.010,14.000,14.020,14.010,1.8780,1.847e-04,2.392e-02,1.214e-02,5
MXFP4,LUT,"U(-1,1)",256,7168,7168,128x64x32_w4_v4,19.420,19.410,19.420,19.416,1.3550,1.847e-04,2.392e-02,1.214e-02,5
MXFP4,LUT,"U(-1,1)",256,7168,7168,64x64x32_w4_v4,13.790,13.700,13.910,13.816,1.9070,1.847e-04,2.392e-02,1.214e-02,5
MXFP4,LUT,"U(-1,1)",256,7168,7168,128x64x32_w4_v5,12.850,12.850,12.880,12.860,2.0470,1.847e-04,2.392e-02,1.214e-02,5
MXFP4,LUT,"U(-1,1)",256,7168,7168,64x64x32_w4_v5,12.290,12.290,12.310,12.296,2.1400,1.847e-04,2.392e-02,1.214e-02,5
MXFP4,LUT,"U(-1,1)",256,7168,7168,128x64x32_w4_v3s_ks2,19.110,19.090,19.120,19.106,1.3770,1.847e-04,2.391e-02,1.215e-02,5
MXFP4,LUT,"U(-1,1)",256,7168,7168,128x64x32_w4_v3s_ks4,18.730,18.720,18.750,18.736,1.4040,1.847e-04,2.391e-02,1.215e-02,5
MXFP4,LUT,"U(-1,1)",256,7168,7168,64x64x32_w4_v3s_ks2,17.140,17.130,17.150,17.140,1.5340,1.847e-04,2.391e-02,1.215e-02,5
MXFP4,LUT,"U(-1,1)",256,7168,7168,64x64x32_w4_v3s_ks4,17.000,16.970,17.040,17.000,1.5480,1.847e-04,2.391e-02,1.215e-02,5
MXFP4,LUT,"U(-1,1)",256,7168,7168,64x64x32_w4_v3s_ks8,16.680,16.560,16.720,16.654,1.5770,1.847e-04,2.392e-02,1.214e-02,5
MXFP4,LUT,"U(-1,1)",1024,7168,7168,16x64x32_w4,4.830,4.830,4.830,4.830,21.7860,1.846e-04,2.579e-02,1.245e-02,5
MXFP4,BITSHIFT,"U(-1,1)",1024,7168,7168,16x64x32_w4,3.310,3.300,3.310,3.306,31.8270,1.846e-04,2.580e-02,1.245e-02,5
MXFP4,LUT,"U(-1,1)",1024,7168,7168,16x128x32_w8,4.210,4.200,4.220,4.208,25.0230,1.846e-04,2.579e-02,1.245e-02,5
MXFP4,BITSHIFT,"U(-1,1)",1024,7168,7168,16x128x32_w8,3.070,3.060,3.070,3.068,34.2650,1.846e-04,2.580e-02,1.245e-02,5
MXFP4,LUT,"U(-1,1)",1024,7168,7168,128x64x32_w4_v2,18.350,18.330,18.370,18.354,5.7330,1.846e-04,2.579e-02,1.245e-02,5
MXFP4,LUT,"U(-1,1)",1024,7168,7168,64x64x32_w4_v2,14.270,14.250,14.300,14.270,7.3730,1.846e-04,2.579e-02,1.245e-02,5
MXFP4,LUT,"U(-1,1)",1024,7168,7168,128x64x32_w4_v3,19.650,19.650,19.660,19.654,5.3540,1.846e-04,2.579e-02,1.245e-02,5
MXFP4,LUT,"U(-1,1)",1024,7168,7168,64x64x32_w4_v3,17.540,17.530,17.550,17.540,5.9980,1.846e-04,2.579e-02,1.245e-02,5
MXFP4,LUT,"U(-1,1)",1024,7168,7168,32x64x32_w4_v3_b1,14.430,14.370,14.490,14.424,7.2930,1.846e-04,2.579e-02,1.245e-02,5
MXFP4,LUT,"U(-1,1)",1024,7168,7168,128x64x32_w4_v4,19.540,19.540,19.550,19.544,5.3840,1.846e-04,2.579e-02,1.245e-02,5
MXFP4,LUT,"U(-1,1)",1024,7168,7168,64x64x32_w4_v4,17.180,17.110,17.190,17.154,6.1260,1.846e-04,2.579e-02,1.245e-02,5
MXFP4,LUT,"U(-1,1)",1024,7168,7168,128x64x32_w4_v5,14.930,14.930,14.990,14.946,7.0460,1.846e-04,2.579e-02,1.245e-02,5
MXFP4,LUT,"U(-1,1)",1024,7168,7168,64x64x32_w4_v5,12.200,12.200,12.280,12.216,8.6270,1.846e-04,2.579e-02,1.245e-02,5
MXFP4,LUT,"U(-1,1)",1024,7168,7168,128x64x32_w4_v3s_ks2,19.260,19.240,19.260,19.254,5.4650,1.846e-04,2.579e-02,1.244e-02,5
MXFP4,LUT,"U(-1,1)",1024,7168,7168,128x64x32_w4_v3s_ks4,19.980,19.970,19.990,19.982,5.2660,1.846e-04,2.580e-02,1.245e-02,5
MXFP4,LUT,"U(-1,1)",1024,7168,7168,64x64x32_w4_v3s_ks2,17.260,17.230,17.320,17.266,6.0970,1.846e-04,2.579e-02,1.244e-02,5
MXFP4,LUT,"U(-1,1)",1024,7168,7168,64x64x32_w4_v3s_ks4,17.900,17.890,17.900,17.898,5.8800,1.846e-04,2.580e-02,1.245e-02,5
MXFP4,LUT,"U(-1,1)",1024,7168,7168,64x64x32_w4_v3s_ks8,17.500,17.490,17.510,17.502,6.0120,1.846e-04,2.579e-02,1.245e-02,5
MXFP4,LUT,"U(-1,1)",2048,7168,7168,16x64x32_w4,4.830,4.830,4.830,4.830,43.5660,1.846e-04,2.631e-02,1.225e-02,5
MXFP4,BITSHIFT,"U(-1,1)",2048,7168,7168,16x64x32_w4,3.420,3.410,3.420,3.418,61.5450,1.846e-04,2.630e-02,1.226e-02,5
MXFP4,LUT,"U(-1,1)",2048,7168,7168,16x128x32_w8,4.390,4.380,4.390,4.388,47.9780,1.846e-04,2.631e-02,1.225e-02,5
MXFP4,BITSHIFT,"U(-1,1)",2048,7168,7168,16x128x32_w8,3.190,3.180,3.190,3.186,66.0600,1.846e-04,2.630e-02,1.226e-02,5
MXFP4,LUT,"U(-1,1)",2048,7168,7168,128x64x32_w4_v2,18.340,18.340,18.350,18.344,11.4730,1.846e-04,2.631e-02,1.225e-02,5
MXFP4,LUT,"U(-1,1)",2048,7168,7168,64x64x32_w4_v2,15.990,15.990,16.000,15.992,13.1590,1.846e-04,2.631e-02,1.225e-02,5
MXFP4,LUT,"U(-1,1)",2048,7168,7168,128x64x32_w4_v3,19.720,19.720,19.730,19.724,10.6690,1.846e-04,2.631e-02,1.225e-02,5
MXFP4,LUT,"U(-1,1)",2048,7168,7168,64x64x32_w4_v3,17.770,17.730,17.800,17.768,11.8440,1.846e-04,2.631e-02,1.225e-02,5
MXFP4,LUT,"U(-1,1)",2048,7168,7168,32x64x32_w4_v3_b1,15.030,15.030,15.040,15.032,13.9990,1.846e-04,2.631e-02,1.225e-02,5
MXFP4,LUT,"U(-1,1)",2048,7168,7168,128x64x32_w4_v4,19.600,19.590,19.610,19.600,10.7390,1.846e-04,2.631e-02,1.225e-02,5
MXFP4,LUT,"U(-1,1)",2048,7168,7168,64x64x32_w4_v4,19.050,19.050,19.050,19.050,11.0480,1.846e-04,2.631e-02,1.225e-02,5
MXFP4,LUT,"U(-1,1)",2048,7168,7168,128x64x32_w4_v5,15.120,14.980,15.130,15.096,13.9170,1.846e-04,2.631e-02,1.225e-02,5
MXFP4,LUT,"U(-1,1)",2048,7168,7168,64x64x32_w4_v5,12.530,12.400,12.540,12.508,16.7900,1.846e-04,2.631e-02,1.225e-02,5
MXFP4,LUT,"U(-1,1)",2048,7168,7168,128x64x32_w4_v3s_ks2,20.560,20.550,20.560,20.556,10.2370,1.846e-04,2.631e-02,1.225e-02,5
MXFP4,LUT,"U(-1,1)",2048,7168,7168,128x64x32_w4_v3s_ks4,20.000,20.000,20.010,20.004,10.5220,1.846e-04,2.631e-02,1.226e-02,5
MXFP4,LUT,"U(-1,1)",2048,7168,7168,64x64x32_w4_v3s_ks2,17.990,17.980,17.990,17.988,11.7000,1.846e-04,2.631e-02,1.225e-02,5
MXFP4,LUT,"U(-1,1)",2048,7168,7168,64x64x32_w4_v3s_ks4,18.080,18.050,18.080,18.072,11.6430,1.846e-04,2.631e-02,1.226e-02,5
MXFP4,LUT,"U(-1,1)",2048,7168,7168,64x64x32_w4_v3s_ks8,17.520,17.520,17.530,17.524,12.0090,1.846e-04,2.630e-02,1.226e-02,5
MXFP4,LUT,"U(-1,1)",4096,7168,7168,16x64x32_w4,4.830,4.830,4.830,4.830,87.1680,1.846e-04,2.655e-02,1.262e-02,5
MXFP4,BITSHIFT,"U(-1,1)",4096,7168,7168,16x64x32_w4,3.480,3.470,3.480,3.476,121.1240,1.846e-04,2.655e-02,1.263e-02,5
MXFP4,LUT,"U(-1,1)",4096,7168,7168,16x128x32_w8,4.480,4.480,4.480,4.480,93.9970,1.846e-04,2.655e-02,1.262e-02,5
MXFP4,BITSHIFT,"U(-1,1)",4096,7168,7168,16x128x32_w8,3.260,3.250,3.260,3.256,129.3080,1.846e-04,2.655e-02,1.263e-02,5
MXFP4,LUT,"U(-1,1)",4096,7168,7168,128x64x32_w4_v2,18.410,18.410,18.430,18.418,22.8610,1.846e-04,2.655e-02,1.262e-02,5
MXFP4,LUT,"U(-1,1)",4096,7168,7168,64x64x32_w4_v2,16.000,16.000,16.010,16.002,26.3020,1.846e-04,2.655e-02,1.262e-02,5
MXFP4,LUT,"U(-1,1)",4096,7168,7168,128x64x32_w4_v3,21.100,21.100,21.100,21.100,19.9490,1.846e-04,2.655e-02,1.262e-02,5
MXFP4,LUT,"U(-1,1)",4096,7168,7168,64x64x32_w4_v3,18.370,18.370,18.370,18.370,22.9150,1.846e-04,2.655e-02,1.262e-02,5
MXFP4,LUT,"U(-1,1)",4096,7168,7168,32x64x32_w4_v3_b1,14.930,14.930,14.930,14.930,28.1940,1.846e-04,2.655e-02,1.262e-02,5
MXFP4,LUT,"U(-1,1)",4096,7168,7168,128x64x32_w4_v4,20.960,20.960,20.960,20.960,20.0810,1.846e-04,2.655e-02,1.262e-02,5
MXFP4,LUT,"U(-1,1)",4096,7168,7168,64x64x32_w4_v4,19.060,19.060,19.060,19.060,22.0800,1.846e-04,2.655e-02,1.262e-02,5
MXFP4,LUT,"U(-1,1)",4096,7168,7168,128x64x32_w4_v5,15.220,15.190,15.230,15.214,27.6550,1.846e-04,2.655e-02,1.262e-02,5
MXFP4,LUT,"U(-1,1)",4096,7168,7168,64x64x32_w4_v5,12.400,12.370,12.410,12.398,33.9480,1.846e-04,2.655e-02,1.262e-02,5
MXFP4,LUT,"U(-1,1)",4096,7168,7168,128x64x32_w4_v3s_ks2,20.580,20.580,20.580,20.580,20.4530,1.846e-04,2.655e-02,1.262e-02,5
MXFP4,LUT,"U(-1,1)",4096,7168,7168,128x64x32_w4_v3s_ks4,20.030,20.030,20.040,20.032,21.0100,1.846e-04,2.655e-02,1.262e-02,5
MXFP4,LUT,"U(-1,1)",4096,7168,7168,64x64x32_w4_v3s_ks2,18.400,18.400,18.400,18.400,22.8730,1.846e-04,2.655e-02,1.262e-02,5
MXFP4,LUT,"U(-1,1)",4096,7168,7168,64x64x32_w4_v3s_ks4,18.150,18.150,18.150,18.150,23.1940,1.846e-04,2.655e-02,1.262e-02,5
MXFP4,LUT,"U(-1,1)",4096,7168,7168,64x64x32_w4_v3s_ks8,17.560,17.560,17.560,17.560,23.9750,1.846e-04,2.655e-02,1.262e-02,5
F8_E4M3_B128,LUT,"U(-1,1)",1,7168,7168,16x64x32_w4,0.050,0.050,0.050,0.050,2.0090,1.819e-04,1.831e-02,1.252e-02,5
F8_E4M3_B128,BITSHIFT,"U(-1,1)",1,7168,7168,16x64x32_w4,0.050,0.050,0.050,0.050,2.2180,1.819e-04,1.832e-02,1.255e-02,5
F8_E4M3_B128,LUT,"U(-1,1)",1,7168,7168,16x128x32_w8,0.050,0.050,0.050,0.050,2.2030,1.819e-04,1.831e-02,1.252e-02,5
F8_E4M3_B128,BITSHIFT,"U(-1,1)",1,7168,7168,16x128x32_w8,0.040,0.040,0.040,0.040,2.4140,1.819e-04,1.832e-02,1.255e-02,5
F8_E4M3_B128,LUT,"U(-1,1)",1,7168,7168,128x64x32_w4_v2,0.040,0.040,0.040,0.040,2.6010,1.819e-04,1.831e-02,1.252e-02,5
F8_E4M3_B128,LUT,"U(-1,1)",1,7168,7168,64x64x32_w4_v2,0.050,0.050,0.050,0.050,2.2150,1.819e-04,1.831e-02,1.252e-02,5
F8_E4M3_B128,LUT,"U(-1,1)",1,7168,7168,128x64x32_w4_v3,0.060,0.060,0.060,0.060,1.7350,1.819e-04,1.831e-02,1.252e-02,5
F8_E4M3_B128,LUT,"U(-1,1)",1,7168,7168,64x64x32_w4_v3,0.070,0.070,0.070,0.070,1.3750,1.819e-04,1.831e-02,1.252e-02,5
F8_E4M3_B128,LUT,"U(-1,1)",1,7168,7168,32x64x32_w4_v3_b1,0.090,0.090,0.090,0.090,1.1770,1.819e-04,1.831e-02,1.252e-02,5
F8_E4M3_B128,LUT,"U(-1,1)",1,7168,7168,128x64x32_w4_v4,0.060,0.060,0.060,0.060,1.7560,1.819e-04,1.831e-02,1.252e-02,5
F8_E4M3_B128,LUT,"U(-1,1)",1,7168,7168,64x64x32_w4_v4,0.070,0.070,0.070,0.070,1.3800,1.819e-04,1.831e-02,1.252e-02,5
F8_E4M3_B128,LUT,"U(-1,1)",1,7168,7168,128x64x32_w4_v5,0.060,0.060,0.060,0.060,1.7450,1.819e-04,1.831e-02,1.252e-02,5
F8_E4M3_B128,LUT,"U(-1,1)",1,7168,7168,64x64x32_w4_v5,0.070,0.070,0.070,0.070,1.3780,1.819e-04,1.831e-02,1.252e-02,5
F8_E4M3_B128,LUT,"U(-1,1)",1,7168,7168,128x64x32_w4_v3s_ks2,0.100,0.100,0.100,0.100,0.9850,1.819e-04,1.833e-02,1.254e-02,5
F8_E4M3_B128,LUT,"U(-1,1)",1,7168,7168,128x64x32_w4_v3s_ks4,0.100,0.100,0.100,0.100,0.9890,1.819e-04,1.832e-02,1.255e-02,5
F8_E4M3_B128,LUT,"U(-1,1)",1,7168,7168,64x64x32_w4_v3s_ks2,0.140,0.140,0.140,0.140,0.7250,1.819e-04,1.833e-02,1.254e-02,5
F8_E4M3_B128,LUT,"U(-1,1)",1,7168,7168,64x64x32_w4_v3s_ks4,0.130,0.130,0.130,0.130,0.7940,1.819e-04,1.832e-02,1.254e-02,5
F8_E4M3_B128,LUT,"U(-1,1)",1,7168,7168,64x64x32_w4_v3s_ks8,0.160,0.160,0.160,0.160,0.6300,1.819e-04,1.833e-02,1.254e-02,5
F8_E4M3_B128,LUT,"U(-1,1)",8,7168,7168,16x64x32_w4,0.410,0.410,0.410,0.410,2.0250,1.867e-04,2.293e-02,1.310e-02,5
F8_E4M3_B128,BITSHIFT,"U(-1,1)",8,7168,7168,16x64x32_w4,0.360,0.360,0.360,0.360,2.2670,1.867e-04,2.284e-02,1.312e-02,5
F8_E4M3_B128,LUT,"U(-1,1)",8,7168,7168,16x128x32_w8,0.370,0.370,0.370,0.370,2.2310,1.867e-04,2.293e-02,1.310e-02,5
F8_E4M3_B128,BITSHIFT,"U(-1,1)",8,7168,7168,16x128x32_w8,0.330,0.330,0.330,0.330,2.4790,1.867e-04,2.284e-02,1.312e-02,5
F8_E4M3_B128,LUT,"U(-1,1)",8,7168,7168,128x64x32_w4_v2,0.320,0.310,0.320,0.316,2.6060,1.867e-04,2.293e-02,1.310e-02,5
F8_E4M3_B128,LUT,"U(-1,1)",8,7168,7168,64x64x32_w4_v2,0.370,0.370,0.370,0.370,2.2180,1.867e-04,2.293e-02,1.310e-02,5
F8_E4M3_B128,LUT,"U(-1,1)",8,7168,7168,128x64x32_w4_v3,0.470,0.470,0.480,0.474,1.7320,1.867e-04,2.293e-02,1.310e-02,5
F8_E4M3_B128,LUT,"U(-1,1)",8,7168,7168,64x64x32_w4_v3,0.600,0.600,0.600,0.600,1.3740,1.867e-04,2.293e-02,1.310e-02,5
F8_E4M3_B128,LUT,"U(-1,1)",8,7168,7168,32x64x32_w4_v3_b1,0.700,0.690,0.700,0.696,1.1830,1.867e-04,2.293e-02,1.310e-02,5
F8_E4M3_B128,LUT,"U(-1,1)",8,7168,7168,128x64x32_w4_v4,0.470,0.470,0.470,0.470,1.7530,1.867e-04,2.293e-02,1.310e-02,5
F8_E4M3_B128,LUT,"U(-1,1)",8,7168,7168,64x64x32_w4_v4,0.600,0.600,0.600,0.600,1.3730,1.867e-04,2.293e-02,1.310e-02,5
F8_E4M3_B128,LUT,"U(-1,1)",8,7168,7168,128x64x32_w4_v5,0.470,0.470,0.470,0.470,1.7450,1.867e-04,2.293e-02,1.310e-02,5
F8_E4M3_B128,LUT,"U(-1,1)",8,7168,7168,64x64x32_w4_v5,0.600,0.600,0.600,0.600,1.3710,1.867e-04,2.293e-02,1.310e-02,5
F8_E4M3_B128,LUT,"U(-1,1)",8,7168,7168,128x64x32_w4_v3s_ks2,0.830,0.830,0.830,0.830,0.9880,1.867e-04,2.288e-02,1.310e-02,5
F8_E4M3_B128,LUT,"U(-1,1)",8,7168,7168,128x64x32_w4_v3s_ks4,0.830,0.830,0.830,0.830,0.9920,1.867e-04,2.287e-02,1.311e-02,5
F8_E4M3_B128,LUT,"U(-1,1)",8,7168,7168,64x64x32_w4_v3s_ks2,1.130,1.130,1.130,1.130,0.7280,1.867e-04,2.288e-02,1.310e-02,5
F8_E4M3_B128,LUT,"U(-1,1)",8,7168,7168,64x64x32_w4_v3s_ks4,1.050,1.030,1.060,1.046,0.7840,1.867e-04,2.287e-02,1.311e-02,5
F8_E4M3_B128,LUT,"U(-1,1)",8,7168,7168,64x64x32_w4_v3s_ks8,1.300,1.290,1.300,1.296,0.6330,1.867e-04,2.285e-02,1.311e-02,5
F8_E4M3_B128,LUT,"U(-1,1)",32,7168,7168,16x64x32_w4,1.630,1.630,1.640,1.632,2.0120,1.851e-04,2.471e-02,1.328e-02,5
F8_E4M3_B128,BITSHIFT,"U(-1,1)",32,7168,7168,16x64x32_w4,1.430,1.420,1.430,1.426,2.3070,1.851e-04,2.473e-02,1.330e-02,5
F8_E4M3_B128,LUT,"U(-1,1)",32,7168,7168,16x128x32_w8,1.430,1.430,1.430,1.430,2.3000,1.851e-04,2.471e-02,1.328e-02,5
F8_E4M3_B128,BITSHIFT,"U(-1,1)",32,7168,7168,16x128x32_w8,1.250,1.240,1.250,1.248,2.6310,1.851e-04,2.473e-02,1.330e-02,5
F8_E4M3_B128,LUT,"U(-1,1)",32,7168,7168,128x64x32_w4_v2,1.260,1.260,1.260,1.260,2.6140,1.851e-04,2.471e-02,1.328e-02,5
F8_E4M3_B128,LUT,"U(-1,1)",32,7168,7168,64x64x32_w4_v2,1.470,1.460,1.470,1.466,2.2430,1.851e-04,2.471e-02,1.328e-02,5
F8_E4M3_B128,LUT,"U(-1,1)",32,7168,7168,128x64x32_w4_v3,1.880,1.880,1.880,1.880,1.7510,1.851e-04,2.471e-02,1.328e-02,5
F8_E4M3_B128,LUT,"U(-1,1)",32,7168,7168,64x64x32_w4_v3,2.370,2.370,2.380,2.372,1.3850,1.851e-04,2.471e-02,1.328e-02,5
F8_E4M3_B128,LUT,"U(-1,1)",32,7168,7168,32x64x32_w4_v3_b1,2.570,2.550,2.580,2.566,1.2790,1.851e-04,2.471e-02,1.328e-02,5
F8_E4M3_B128,LUT,"U(-1,1)",32,7168,7168,128x64x32_w4_v4,1.840,1.830,1.840,1.836,1.7910,1.851e-04,2.471e-02,1.328e-02,5
F8_E4M3_B128,LUT,"U(-1,1)",32,7168,7168,64x64x32_w4_v4,2.310,2.310,2.310,2.310,1.4240,1.851e-04,2.471e-02,1.328e-02,5
F8_E4M3_B128,LUT,"U(-1,1)",32,7168,7168,128x64x32_w4_v5,1.860,1.860,1.860,1.860,1.7700,1.851e-04,2.471e-02,1.328e-02,5
F8_E4M3_B128,LUT,"U(-1,1)",32,7168,7168,64x64x32_w4_v5,2.330,2.330,2.330,2.330,1.4110,1.851e-04,2.471e-02,1.328e-02,5
F8_E4M3_B128,LUT,"U(-1,1)",32,7168,7168,128x64x32_w4_v3s_ks2,3.310,3.300,3.310,3.308,0.9940,1.851e-04,2.471e-02,1.328e-02,5
F8_E4M3_B128,LUT,"U(-1,1)",32,7168,7168,128x64x32_w4_v3s_ks4,3.290,3.290,3.290,3.290,1.0000,1.851e-04,2.472e-02,1.330e-02,5
F8_E4M3_B128,LUT,"U(-1,1)",32,7168,7168,64x64x32_w4_v3s_ks2,4.460,4.450,4.470,4.462,0.7370,1.851e-04,2.471e-02,1.328e-02,5
F8_E4M3_B128,LUT,"U(-1,1)",32,7168,7168,64x64x32_w4_v3s_ks4,4.160,4.150,4.190,4.166,0.7910,1.851e-04,2.472e-02,1.330e-02,5
F8_E4M3_B128,LUT,"U(-1,1)",32,7168,7168,64x64x32_w4_v3s_ks8,5.080,5.070,5.120,5.084,0.6480,1.851e-04,2.473e-02,1.329e-02,5
F8_E4M3_B128,LUT,"U(-1,1)",64,7168,7168,16x64x32_w4,3.020,3.020,3.030,3.024,2.1740,1.849e-04,2.472e-02,1.323e-02,5
F8_E4M3_B128,BITSHIFT,"U(-1,1)",64,7168,7168,16x64x32_w4,2.600,2.600,2.600,2.600,2.5280,1.849e-04,2.474e-02,1.324e-02,5
F8_E4M3_B128,LUT,"U(-1,1)",64,7168,7168,16x128x32_w8,2.740,2.730,2.740,2.738,2.3990,1.849e-04,2.472e-02,1.323e-02,5
F8_E4M3_B128,BITSHIFT,"U(-1,1)",64,7168,7168,16x128x32_w8,2.320,2.310,2.320,2.318,2.8390,1.849e-04,2.474e-02,1.324e-02,5
F8_E4M3_B128,LUT,"U(-1,1)",64,7168,7168,128x64x32_w4_v2,2.510,2.510,2.510,2.510,2.6200,1.849e-04,2.472e-02,1.323e-02,5
F8_E4M3_B128,LUT,"U(-1,1)",64,7168,7168,64x64x32_w4_v2,2.890,2.890,2.890,2.890,2.2760,1.849e-04,2.472e-02,1.323e-02,5
F8_E4M3_B128,LUT,"U(-1,1)",64,7168,7168,128x64x32_w4_v3,3.740,3.740,3.740,3.740,1.7590,1.849e-04,2.472e-02,1.323e-02,5
F8_E4M3_B128,LUT,"U(-1,1)",64,7168,7168,64x64x32_w4_v3,4.590,4.590,4.600,4.592,1.4320,1.849e-04,2.472e-02,1.323e-02,5
F8_E4M3_B128,LUT,"U(-1,1)",64,7168,7168,32x64x32_w4_v3_b1,5.160,5.130,5.180,5.160,1.2750,1.849e-04,2.472e-02,1.323e-02,5
F8_E4M3_B128,LUT,"U(-1,1)",64,7168,7168,128x64x32_w4_v4,3.680,3.670,3.680,3.676,1.7900,1.849e-04,2.472e-02,1.323e-02,5
F8_E4M3_B128,LUT,"U(-1,1)",64,7168,7168,64x64x32_w4_v4,4.630,4.620,4.640,4.628,1.4210,1.849e-04,2.472e-02,1.323e-02,5
F8_E4M3_B128,LUT,"U(-1,1)",64,7168,7168,128x64x32_w4_v5,3.700,3.690,3.710,3.698,1.7790,1.849e-04,2.472e-02,1.323e-02,5
F8_E4M3_B128,LUT,"U(-1,1)",64,7168,7168,64x64x32_w4_v5,4.610,4.600,4.620,4.608,1.4270,1.849e-04,2.472e-02,1.323e-02,5
F8_E4M3_B128,LUT,"U(-1,1)",64,7168,7168,128x64x32_w4_v3s_ks2,6.570,6.570,6.570,6.570,1.0010,1.849e-04,2.472e-02,1.325e-02,5
F8_E4M3_B128,LUT,"U(-1,1)",64,7168,7168,128x64x32_w4_v3s_ks4,6.530,6.520,6.530,6.526,1.0080,1.849e-04,2.473e-02,1.322e-02,5
F8_E4M3_B128,LUT,"U(-1,1)",64,7168,7168,64x64x32_w4_v3s_ks2,8.670,8.660,8.680,8.668,0.7590,1.849e-04,2.472e-02,1.325e-02,5
F8_E4M3_B128,LUT,"U(-1,1)",64,7168,7168,64x64x32_w4_v3s_ks4,8.200,8.150,8.210,8.182,0.8020,1.849e-04,2.473e-02,1.322e-02,5
F8_E4M3_B128,LUT,"U(-1,1)",64,7168,7168,64x64x32_w4_v3s_ks8,10.030,9.900,10.080,10.012,0.6560,1.849e-04,2.473e-02,1.323e-02,5
F8_E4M3_B128,LUT,"U(-1,1)",256,7168,7168,16x64x32_w4,3.510,3.470,3.560,3.512,7.5020,1.848e-04,2.503e-02,1.270e-02,5
F8_E4M3_B128,BITSHIFT,"U(-1,1)",256,7168,7168,16x64x32_w4,3.080,3.070,3.080,3.076,8.5510,1.848e-04,2.501e-02,1.271e-02,5
F8_E4M3_B128,LUT,"U(-1,1)",256,7168,7168,16x128x32_w8,3.430,3.420,3.430,3.428,7.6780,1.848e-04,2.503e-02,1.270e-02,5
F8_E4M3_B128,BITSHIFT,"U(-1,1)",256,7168,7168,16x128x32_w8,2.840,2.830,2.840,2.836,9.2730,1.848e-04,2.501e-02,1.271e-02,5
F8_E4M3_B128,LUT,"U(-1,1)",256,7168,7168,128x64x32_w4_v2,9.620,9.620,9.630,9.624,2.7350,1.848e-04,2.503e-02,1.270e-02,5
F8_E4M3_B128,LUT,"U(-1,1)",256,7168,7168,64x64x32_w4_v2,5.650,5.650,5.660,5.654,4.6530,1.848e-04,2.503e-02,1.270e-02,5
F8_E4M3_B128,LUT,"U(-1,1)",256,7168,7168,128x64x32_w4_v3,13.520,13.500,13.540,13.522,1.9450,1.848e-04,2.503e-02,1.270e-02,5
F8_E4M3_B128,LUT,"U(-1,1)",256,7168,7168,64x64x32_w4_v3,8.730,8.710,8.750,8.734,3.0130,1.848e-04,2.503e-02,1.270e-02,5
F8_E4M3_B128,LUT,"U(-1,1)",256,7168,7168,32x64x32_w4_v3_b1,9.240,9.240,9.250,9.244,2.8480,1.848e-04,2.503e-02,1.270e-02,5
F8_E4M3_B128,LUT,"U(-1,1)",256,7168,7168,128x64x32_w4_v4,13.320,13.290,13.320,13.312,1.9750,1.848e-04,2.503e-02,1.270e-02,5
F8_E4M3_B128,LUT,"U(-1,1)",256,7168,7168,64x64x32_w4_v4,8.380,8.290,8.480,8.382,3.1410,1.848e-04,2.503e-02,1.270e-02,5
F8_E4M3_B128,LUT,"U(-1,1)",256,7168,7168,128x64x32_w4_v5,7.910,7.900,7.910,7.906,3.3270,1.848e-04,2.503e-02,1.270e-02,5
F8_E4M3_B128,LUT,"U(-1,1)",256,7168,7168,64x64x32_w4_v5,6.470,6.470,6.470,6.470,4.0660,1.848e-04,2.503e-02,1.270e-02,5
F8_E4M3_B128,LUT,"U(-1,1)",256,7168,7168,128x64x32_w4_v3s_ks2,13.480,13.480,13.500,13.484,1.9510,1.848e-04,2.500e-02,1.269e-02,5
F8_E4M3_B128,LUT,"U(-1,1)",256,7168,7168,128x64x32_w4_v3s_ks4,13.410,13.400,13.420,13.410,1.9610,1.848e-04,2.502e-02,1.268e-02,5
F8_E4M3_B128,LUT,"U(-1,1)",256,7168,7168,64x64x32_w4_v3s_ks2,10.790,10.760,10.860,10.796,2.4370,1.848e-04,2.500e-02,1.269e-02,5
F8_E4M3_B128,LUT,"U(-1,1)",256,7168,7168,64x64x32_w4_v3s_ks4,12.280,12.260,12.290,12.278,2.1420,1.848e-04,2.502e-02,1.268e-02,5
F8_E4M3_B128,LUT,"U(-1,1)",256,7168,7168,64x64x32_w4_v3s_ks8,13.150,13.140,13.160,13.152,2.0010,1.848e-04,2.501e-02,1.269e-02,5
F8_E4M3_B128,LUT,"U(-1,1)",1024,7168,7168,16x64x32_w4,4.040,4.040,4.040,4.040,26.0450,1.846e-04,2.631e-02,1.321e-02,5
F8_E4M3_B128,BITSHIFT,"U(-1,1)",1024,7168,7168,16x64x32_w4,3.070,3.070,3.070,3.070,34.2710,1.846e-04,2.631e-02,1.327e-02,5
F8_E4M3_B128,LUT,"U(-1,1)",1024,7168,7168,16x128x32_w8,3.420,3.420,3.420,3.420,30.7700,1.846e-04,2.631e-02,1.321e-02,5
F8_E4M3_B128,BITSHIFT,"U(-1,1)",1024,7168,7168,16x128x32_w8,2.820,2.810,2.830,2.820,37.3130,1.846e-04,2.631e-02,1.327e-02,5
F8_E4M3_B128,LUT,"U(-1,1)",1024,7168,7168,128x64x32_w4_v2,12.340,12.340,12.350,12.342,8.5270,1.846e-04,2.631e-02,1.321e-02,5
F8_E4M3_B128,LUT,"U(-1,1)",1024,7168,7168,64x64x32_w4_v2,8.660,8.660,8.670,8.664,12.1510,1.846e-04,2.631e-02,1.321e-02,5
F8_E4M3_B128,LUT,"U(-1,1)",1024,7168,7168,128x64x32_w4_v3,13.830,13.820,13.840,13.828,7.6090,1.846e-04,2.631e-02,1.321e-02,5
F8_E4M3_B128,LUT,"U(-1,1)",1024,7168,7168,64x64x32_w4_v3,12.950,12.940,12.960,12.950,8.1220,1.846e-04,2.631e-02,1.321e-02,5
F8_E4M3_B128,LUT,"U(-1,1)",1024,7168,7168,32x64x32_w4_v3_b1,9.280,9.280,9.300,9.286,11.3340,1.846e-04,2.631e-02,1.321e-02,5
F8_E4M3_B128,LUT,"U(-1,1)",1024,7168,7168,128x64x32_w4_v4,13.570,13.500,13.590,13.556,7.7520,1.846e-04,2.631e-02,1.321e-02,5
F8_E4M3_B128,LUT,"U(-1,1)",1024,7168,7168,64x64x32_w4_v4,12.580,12.570,12.580,12.576,8.3660,1.846e-04,2.631e-02,1.321e-02,5
F8_E4M3_B128,LUT,"U(-1,1)",1024,7168,7168,128x64x32_w4_v5,9.790,9.770,9.800,9.788,10.7520,1.846e-04,2.631e-02,1.321e-02,5
F8_E4M3_B128,LUT,"U(-1,1)",1024,7168,7168,64x64x32_w4_v5,6.510,6.490,6.520,6.506,16.1760,1.846e-04,2.631e-02,1.321e-02,5
F8_E4M3_B128,LUT,"U(-1,1)",1024,7168,7168,128x64x32_w4_v3s_ks2,13.780,13.770,13.780,13.776,7.6360,1.846e-04,2.631e-02,1.324e-02,5
F8_E4M3_B128,LUT,"U(-1,1)",1024,7168,7168,128x64x32_w4_v3s_ks4,14.480,14.470,14.480,14.478,7.2670,1.846e-04,2.631e-02,1.323e-02,5
F8_E4M3_B128,LUT,"U(-1,1)",1024,7168,7168,64x64x32_w4_v3s_ks2,14.230,14.230,14.240,14.232,7.3940,1.846e-04,2.631e-02,1.324e-02,5
F8_E4M3_B128,LUT,"U(-1,1)",1024,7168,7168,64x64x32_w4_v3s_ks4,13.960,13.950,13.960,13.956,7.5400,1.846e-04,2.631e-02,1.323e-02,5
F8_E4M3_B128,LUT,"U(-1,1)",1024,7168,7168,64x64x32_w4_v3s_ks8,13.380,13.380,13.390,13.382,7.8620,1.846e-04,2.631e-02,1.323e-02,5
F8_E4M3_B128,LUT,"U(-1,1)",2048,7168,7168,16x64x32_w4,4.040,4.040,4.040,4.040,52.0770,1.846e-04,2.790e-02,1.309e-02,5
F8_E4M3_B128,BITSHIFT,"U(-1,1)",2048,7168,7168,16x64x32_w4,3.190,3.190,3.190,3.190,65.9610,1.846e-04,2.789e-02,1.309e-02,5
F8_E4M3_B128,LUT,"U(-1,1)",2048,7168,7168,16x128x32_w8,3.570,3.570,3.580,3.572,58.8930,1.846e-04,2.790e-02,1.309e-02,5
F8_E4M3_B128,BITSHIFT,"U(-1,1)",2048,7168,7168,16x128x32_w8,2.950,2.950,2.950,2.950,71.4220,1.846e-04,2.789e-02,1.309e-02,5
F8_E4M3_B128,LUT,"U(-1,1)",2048,7168,7168,128x64x32_w4_v2,12.360,12.350,12.370,12.360,17.0330,1.846e-04,2.790e-02,1.309e-02,5
F8_E4M3_B128,LUT,"U(-1,1)",2048,7168,7168,64x64x32_w4_v2,9.690,9.680,9.700,9.690,21.7120,1.846e-04,2.790e-02,1.309e-02,5
F8_E4M3_B128,LUT,"U(-1,1)",2048,7168,7168,128x64x32_w4_v3,13.950,13.940,13.950,13.946,15.0910,1.846e-04,2.790e-02,1.309e-02,5
F8_E4M3_B128,LUT,"U(-1,1)",2048,7168,7168,64x64x32_w4_v3,14.550,14.540,14.560,14.550,14.4620,1.846e-04,2.790e-02,1.309e-02,5
F8_E4M3_B128,LUT,"U(-1,1)",2048,7168,7168,32x64x32_w4_v3_b1,9.880,9.870,9.880,9.878,21.3030,1.846e-04,2.790e-02,1.309e-02,5
F8_E4M3_B128,LUT,"U(-1,1)",2048,7168,7168,128x64x32_w4_v4,13.680,13.670,13.690,13.680,15.3840,1.846e-04,2.790e-02,1.309e-02,5
F8_E4M3_B128,LUT,"U(-1,1)",2048,7168,7168,64x64x32_w4_v4,14.070,14.070,14.070,14.070,14.9570,1.846e-04,2.790e-02,1.309e-02,5
F8_E4M3_B128,LUT,"U(-1,1)",2048,7168,7168,128x64x32_w4_v5,9.820,9.810,9.840,9.822,21.4310,1.846e-04,2.790e-02,1.309e-02,5
F8_E4M3_B128,LUT,"U(-1,1)",2048,7168,7168,64x64x32_w4_v5,6.770,6.740,6.800,6.770,31.0730,1.846e-04,2.790e-02,1.309e-02,5
F8_E4M3_B128,LUT,"U(-1,1)",2048,7168,7168,128x64x32_w4_v3s_ks2,14.790,14.780,14.790,14.786,14.2320,1.846e-04,2.789e-02,1.309e-02,5
F8_E4M3_B128,LUT,"U(-1,1)",2048,7168,7168,128x64x32_w4_v3s_ks4,14.530,14.520,14.530,14.528,14.4880,1.846e-04,2.790e-02,1.309e-02,5
F8_E4M3_B128,LUT,"U(-1,1)",2048,7168,7168,64x64x32_w4_v3s_ks2,14.290,14.290,14.300,14.294,14.7240,1.846e-04,2.789e-02,1.309e-02,5
F8_E4M3_B128,LUT,"U(-1,1)",2048,7168,7168,64x64x32_w4_v3s_ks4,14.000,14.000,14.010,14.004,15.0280,1.846e-04,2.790e-02,1.309e-02,5
F8_E4M3_B128,LUT,"U(-1,1)",2048,7168,7168,64x64x32_w4_v3s_ks8,13.400,13.390,13.400,13.398,15.7040,1.846e-04,2.789e-02,1.309e-02,5
F8_E4M3_B128,LUT,"U(-1,1)",4096,7168,7168,16x64x32_w4,4.040,4.040,4.040,4.040,104.2130,1.846e-04,2.885e-02,1.347e-02,5
F8_E4M3_B128,BITSHIFT,"U(-1,1)",4096,7168,7168,16x64x32_w4,3.250,3.250,3.250,3.250,129.6120,1.846e-04,2.882e-02,1.348e-02,5
F8_E4M3_B128,LUT,"U(-1,1)",4096,7168,7168,16x128x32_w8,3.650,3.650,3.650,3.650,115.3120,1.846e-04,2.885e-02,1.347e-02,5
F8_E4M3_B128,BITSHIFT,"U(-1,1)",4096,7168,7168,16x128x32_w8,3.010,3.010,3.010,3.010,139.7030,1.846e-04,2.882e-02,1.348e-02,5
F8_E4M3_B128,LUT,"U(-1,1)",4096,7168,7168,128x64x32_w4_v2,12.490,12.470,12.510,12.488,33.7090,1.846e-04,2.885e-02,1.347e-02,5
F8_E4M3_B128,LUT,"U(-1,1)",4096,7168,7168,64x64x32_w4_v2,9.700,9.700,9.700,9.700,43.3800,1.846e-04,2.885e-02,1.347e-02,5
F8_E4M3_B128,LUT,"U(-1,1)",4096,7168,7168,128x64x32_w4_v3,14.960,14.950,14.970,14.960,28.1380,1.846e-04,2.885e-02,1.347e-02,5
F8_E4M3_B128,LUT,"U(-1,1)",4096,7168,7168,64x64x32_w4_v3,14.570,14.560,14.570,14.568,28.8930,1.846e-04,2.885e-02,1.347e-02,5
F8_E4M3_B128,LUT,"U(-1,1)",4096,7168,7168,32x64x32_w4_v3_b1,9.880,9.870,9.880,9.878,42.6220,1.846e-04,2.885e-02,1.347e-02,5
F8_E4M3_B128,LUT,"U(-1,1)",4096,7168,7168,128x64x32_w4_v4,14.690,14.690,14.700,14.692,28.6550,1.846e-04,2.885e-02,1.347e-02,5
F8_E4M3_B128,LUT,"U(-1,1)",4096,7168,7168,64x64x32_w4_v4,14.080,14.080,14.080,14.080,29.8920,1.846e-04,2.885e-02,1.347e-02,5
F8_E4M3_B128,LUT,"U(-1,1)",4096,7168,7168,128x64x32_w4_v5,10.010,10.000,10.020,10.010,42.0440,1.846e-04,2.885e-02,1.347e-02,5
F8_E4M3_B128,LUT,"U(-1,1)",4096,7168,7168,64x64x32_w4_v5,6.750,6.730,6.750,6.744,62.3990,1.846e-04,2.885e-02,1.347e-02,5
F8_E4M3_B128,LUT,"U(-1,1)",4096,7168,7168,128x64x32_w4_v3s_ks2,14.840,14.840,14.850,14.842,28.3640,1.846e-04,2.883e-02,1.348e-02,5
F8_E4M3_B128,LUT,"U(-1,1)",4096,7168,7168,128x64x32_w4_v3s_ks4,14.570,14.560,14.570,14.568,28.8930,1.846e-04,2.882e-02,1.348e-02,5
F8_E4M3_B128,LUT,"U(-1,1)",4096,7168,7168,64x64x32_w4_v3s_ks2,14.300,14.300,14.300,14.300,29.4260,1.846e-04,2.883e-02,1.348e-02,5
F8_E4M3_B128,LUT,"U(-1,1)",4096,7168,7168,64x64x32_w4_v3s_ks4,14.000,14.000,14.010,14.004,30.0580,1.846e-04,2.882e-02,1.348e-02,5
F8_E4M3_B128,LUT,"U(-1,1)",4096,7168,7168,64x64x32_w4_v3s_ks8,13.410,13.410,13.410,13.410,31.3810,1.846e-04,2.881e-02,1.347e-02,5
