format,path,dist,M,N,K,tile,tflops_median,tflops_min,tflops_max,tflops_mean,ms_median,rel,maxabs,p99,n_runs
CUBLAS_FP16,REF,"U(-1,1)",1,7168,7168,cublas,0.570,0.560,0.570,0.568,0.1820,0.0e+0,0.0e+0,0.0e+0,5
CUBLAS_FP16,REF,"U(-1,1)",8,7168,7168,cublas,4.280,4.180,4.330,4.274,0.1920,0.0e+0,0.0e+0,0.0e+0,5
CUBLAS_FP16,REF,"U(-1,1)",32,7168,7168,cublas,15.090,14.680,15.260,15.040,0.2180,0.0e+0,0.0e+0,0.0e+0,5
CUBLAS_FP16,REF,"U(-1,1)",64,7168,7168,cublas,20.020,18.970,20.240,19.778,0.3290,0.0e+0,0.0e+0,0.0e+0,5
CUBLAS_FP16,REF,"U(-1,1)",256,7168,7168,cublas,56.450,55.380,56.980,56.280,0.4660,0.0e+0,0.0e+0,0.0e+0,5
CUBLAS_FP16,REF,"U(-1,1)",1024,7168,7168,cublas,95.560,85.420,95.810,93.570,1.1010,0.0e+0,0.0e+0,0.0e+0,5
CUBLAS_FP16,REF,"U(-1,1)",2048,7168,7168,cublas,98.710,86.710,99.030,96.362,2.1320,0.0e+0,0.0e+0,0.0e+0,5
CUBLAS_FP16,REF,"U(-1,1)",4096,7168,7168,cublas,98.160,89.470,98.600,96.328,4.2880,0.0e+0,0.0e+0,0.0e+0,5
INT8,LUT,"U(-1,1)",1,7168,7168,16x64x32_w4,0.070,0.070,0.070,0.070,1.4870,2.590e-04,2.655e-02,1.872e-02,5
INT8,BITSHIFT,"U(-1,1)",1,7168,7168,16x64x32_w4,0.130,0.120,0.130,0.128,0.7980,1.818e-04,1.871e-02,1.282e-02,5
INT8,LUT,"U(-1,1)",1,7168,7168,16x128x32_w8,0.070,0.070,0.070,0.070,1.4350,2.590e-04,2.655e-02,1.872e-02,5
INT8,BITSHIFT,"U(-1,1)",1,7168,7168,16x128x32_w8,0.120,0.120,0.120,0.120,0.8260,1.818e-04,1.871e-02,1.282e-02,5
INT8,LUT,"U(-1,1)",1,7168,7168,16x128x32_w4f2,0.040,0.040,0.040,0.040,2.5410,2.590e-04,2.655e-02,1.872e-02,5
INT8,LUT,"U(-1,1)",1,7168,7168,16x256x32_w4f4,0.020,0.020,0.020,0.020,4.7880,2.590e-04,2.655e-02,1.872e-02,5
INT8,LUT,"U(-1,1)",1,7168,7168,128x64x32_w4_v1,0.050,0.050,0.050,0.050,2.1920,2.590e-04,2.655e-02,1.872e-02,5
INT8,LUT,"U(-1,1)",1,7168,7168,128x128x32_w4_v1,0.040,0.040,0.040,0.040,2.9210,2.590e-04,2.655e-02,1.872e-02,5
INT8,LUT,"U(-1,1)",1,7168,7168,128x256x32_w4_v1,0.020,0.020,0.020,0.020,6.5600,2.590e-04,2.655e-02,1.872e-02,5
INT8,LUT,"U(-1,1)",1,7168,7168,128x256x32_w8_v1,0.030,0.030,0.030,0.030,3.2880,2.590e-04,2.655e-02,1.872e-02,5
INT8,LUT,"U(-1,1)",1,7168,7168,64x64x32_w4_v1,0.060,0.060,0.060,0.060,1.7180,2.590e-04,2.655e-02,1.872e-02,5
INT8,LUT,"U(-1,1)",1,7168,7168,64x128x32_w4_v1,0.040,0.040,0.040,0.040,2.6540,2.590e-04,2.655e-02,1.872e-02,5
INT8,LUT,"U(-1,1)",1,7168,7168,128x64x32_w4_v2,0.090,0.090,0.090,0.090,1.1180,2.590e-04,2.655e-02,1.872e-02,5
INT8,LUT,"U(-1,1)",1,7168,7168,128x128x32_w4_v2,0.110,0.110,0.110,0.110,0.9720,2.590e-04,2.655e-02,1.872e-02,5
INT8,LUT,"U(-1,1)",1,7168,7168,128x256x32_w4_v2,0.050,0.050,0.050,0.050,2.2000,2.590e-04,2.655e-02,1.872e-02,5
INT8,LUT,"U(-1,1)",1,7168,7168,128x256x32_w8_v2,0.070,0.070,0.070,0.070,1.3780,2.590e-04,2.655e-02,1.872e-02,5
INT8,LUT,"U(-1,1)",1,7168,7168,64x64x32_w4_v2,0.140,0.140,0.140,0.140,0.7310,2.590e-04,2.655e-02,1.872e-02,5
INT8,LUT,"U(-1,1)",1,7168,7168,64x128x32_w4_v2,0.150,0.150,0.150,0.150,0.6770,2.590e-04,2.655e-02,1.872e-02,5
INT8,LUT,"U(-1,1)",1,7168,7168,128x64x32_w4_v3,0.110,0.110,0.110,0.110,0.8980,2.590e-04,2.655e-02,1.872e-02,5
INT8,LUT,"U(-1,1)",1,7168,7168,128x128x32_w4_v3,0.130,0.130,0.130,0.130,0.7990,2.590e-04,2.655e-02,1.872e-02,5
INT8,LUT,"U(-1,1)",1,7168,7168,64x64x32_w4_v3,0.170,0.170,0.170,0.170,0.6150,2.590e-04,2.655e-02,1.872e-02,5
INT8,LUT,"U(-1,1)",1,7168,7168,64x128x32_w4_v3,0.180,0.180,0.180,0.180,0.5710,2.590e-04,2.655e-02,1.872e-02,5
INT8,LUT,"U(-1,1)",1,7168,7168,32x128x32_w4_v3_b1,0.220,0.220,0.220,0.220,0.4750,2.590e-04,2.655e-02,1.872e-02,5
INT8,LUT,"U(-1,1)",1,7168,7168,32x64x32_w4_v3_b1,0.230,0.230,0.230,0.230,0.4440,2.590e-04,2.655e-02,1.872e-02,5
INT8,LUT,"U(-1,1)",1,7168,7168,32x256x32_w8_v3_b1,0.160,0.160,0.160,0.160,0.6410,2.590e-04,2.655e-02,1.872e-02,5
INT8,LUT,"U(-1,1)",1,7168,7168,128x128x32_w8_v3_b1alt,0.110,0.110,0.110,0.110,0.9530,2.590e-04,2.655e-02,1.872e-02,5
INT8,LUT,"U(-1,1)",1,7168,7168,64x128x32_w8_v3_b1alt,0.170,0.170,0.170,0.170,0.5960,2.590e-04,2.655e-02,1.872e-02,5
INT8,LUT,"U(-1,1)",1,7168,7168,128x64x32_w4_v4,0.110,0.110,0.110,0.110,0.9350,2.590e-04,2.655e-02,1.872e-02,5
INT8,LUT,"U(-1,1)",1,7168,7168,128x128x32_w4_v4,0.130,0.130,0.130,0.130,0.8130,2.590e-04,2.655e-02,1.872e-02,5
INT8,LUT,"U(-1,1)",1,7168,7168,64x64x32_w4_v4,0.180,0.180,0.180,0.180,0.5870,2.590e-04,2.655e-02,1.872e-02,5
INT8,LUT,"U(-1,1)",1,7168,7168,64x128x32_w4_v4,0.170,0.170,0.170,0.170,0.5900,2.590e-04,2.655e-02,1.872e-02,5
INT8,LUT,"U(-1,1)",1,7168,7168,128x64x32_w4_v5,0.110,0.110,0.110,0.110,0.9280,2.590e-04,2.655e-02,1.872e-02,5
INT8,LUT,"U(-1,1)",1,7168,7168,128x128x32_w4_v5,0.120,0.120,0.120,0.120,0.8310,2.590e-04,2.655e-02,1.872e-02,5
INT8,LUT,"U(-1,1)",1,7168,7168,64x64x32_w4_v5,0.170,0.170,0.170,0.170,0.5890,2.590e-04,2.655e-02,1.872e-02,5
INT8,LUT,"U(-1,1)",1,7168,7168,64x128x32_w4_v5,0.170,0.170,0.170,0.170,0.5920,2.590e-04,2.655e-02,1.872e-02,5
INT8,LUT,"U(-1,1)",1,7168,7168,128x128x64_w4_v6,0.090,0.090,0.090,0.090,1.1070,2.590e-04,2.655e-02,1.872e-02,5
INT8,LUT,"U(-1,1)",1,7168,7168,128x64x64_w4_v6,0.070,0.070,0.070,0.070,1.5510,2.590e-04,2.655e-02,1.872e-02,5
INT8,LUT,"U(-1,1)",1,7168,7168,64x128x64_w4_v6,0.140,0.140,0.140,0.140,0.7540,2.590e-04,2.655e-02,1.872e-02,5
INT8,LUT,"U(-1,1)",1,7168,7168,64x64x64_w4_v6,0.120,0.120,0.120,0.120,0.8680,2.590e-04,2.655e-02,1.872e-02,5
INT8,LUT,"U(-1,1)",1,7168,7168,64x128x32_w4_v7,0.180,0.180,0.180,0.180,0.5720,2.590e-04,2.655e-02,1.872e-02,5
INT8,LUT,"U(-1,1)",1,7168,7168,64x64x32_w4_v7,0.180,0.180,0.180,0.180,0.5700,2.590e-04,2.655e-02,1.872e-02,5
INT8,LUT,"U(-1,1)",1,7168,7168,32x128x32_w4_v7,0.220,0.220,0.220,0.220,0.4720,2.590e-04,2.655e-02,1.872e-02,5
INT8,LUT,"U(-1,1)",1,7168,7168,32x64x32_w4_v7,0.230,0.230,0.230,0.230,0.4490,2.590e-04,2.655e-02,1.872e-02,5
INT8,LUT,"U(-1,1)",1,7168,7168,128x64x32_w4_v8,0.110,0.110,0.110,0.110,0.9000,5.378e-03,1.195e+00,5.779e-01,5
INT8,LUT,"U(-1,1)",1,7168,7168,128x128x32_w4_v8,0.130,0.130,0.130,0.130,0.7760,5.378e-03,1.195e+00,5.779e-01,5
INT8,LUT,"U(-1,1)",1,7168,7168,64x64x32_w4_v8,0.190,0.190,0.190,0.190,0.5470,5.378e-03,1.195e+00,5.779e-01,5
INT8,LUT,"U(-1,1)",1,7168,7168,64x128x32_w4_v8,0.180,0.180,0.180,0.180,0.5690,5.378e-03,1.195e+00,5.779e-01,5
INT8,LUT,"U(-1,1)",1,7168,7168,32x128x32_w4_v8,0.210,0.210,0.210,0.210,0.4910,5.378e-03,1.195e+00,5.779e-01,5
INT8,LUT,"U(-1,1)",1,7168,7168,32x64x32_w4_v8,0.230,0.230,0.230,0.230,0.4440,5.378e-03,1.195e+00,5.779e-01,5
INT8,LUT,"U(-1,1)",1,7168,7168,128x128x32_w4_v9_ck2,0.120,0.120,0.120,0.120,0.8680,5.040e-01,1.082e+02,6.751e+01,5
INT8,LUT,"U(-1,1)",1,7168,7168,128x128x32_w4_v9_ck4,0.120,0.120,0.120,0.120,0.8270,5.041e-01,1.082e+02,6.751e+01,5
INT8,LUT,"U(-1,1)",1,7168,7168,128x128x32_w4_v9_ck8,0.130,0.130,0.130,0.130,0.8090,5.042e-01,1.082e+02,6.751e+01,5
INT8,LUT,"U(-1,1)",1,7168,7168,64x128x32_w4_v9_ck4,0.180,0.170,0.180,0.178,0.5860,5.041e-01,1.082e+02,6.751e+01,5
INT8,LUT,"U(-1,1)",1,7168,7168,64x64x32_w4_v9_ck4,0.180,0.180,0.180,0.180,0.5680,5.041e-01,1.082e+02,6.751e+01,5
INT8,LUT,"U(-1,1)",1,7168,7168,128x128x32_w4_v10,0.130,0.130,0.130,0.130,0.7970,2.590e-04,2.655e-02,1.872e-02,5
INT8,LUT,"U(-1,1)",1,7168,7168,128x64x32_w4_v10,0.110,0.110,0.110,0.110,0.9080,2.590e-04,2.655e-02,1.872e-02,5
INT8,LUT,"U(-1,1)",1,7168,7168,64x128x32_w4_v10,0.180,0.180,0.180,0.180,0.5670,2.590e-04,2.655e-02,1.872e-02,5
INT8,LUT,"U(-1,1)",1,7168,7168,64x64x32_w4_v10,0.180,0.180,0.180,0.180,0.5620,2.590e-04,2.655e-02,1.872e-02,5
INT8,LUT,"U(-1,1)",1,7168,7168,64x256x32_w8_v10,0.130,0.130,0.130,0.130,0.7950,2.590e-04,2.655e-02,1.872e-02,5
INT8,LUT,"U(-1,1)",1,7168,7168,128x128x32_w4_v11,0.150,0.150,0.150,0.150,0.6870,2.590e-04,2.655e-02,1.872e-02,5
INT8,LUT,"U(-1,1)",1,7168,7168,64x128x32_w4_v11,0.220,0.220,0.230,0.224,0.4570,2.590e-04,2.655e-02,1.872e-02,5
INT8,LUT,"U(-1,1)",1,7168,7168,128x256x32_w8_v11,0.050,0.050,0.050,0.050,1.8950,2.590e-04,2.655e-02,1.872e-02,5
INT8,LUT,"U(-1,1)",1,7168,7168,64x256x32_w8_v11,0.150,0.150,0.150,0.150,0.6890,2.590e-04,2.655e-02,1.872e-02,5
INT8,LUT,"U(-1,1)",1,7168,7168,128x128x16_w4_v11,0.170,0.170,0.170,0.170,0.6000,2.590e-04,2.655e-02,1.872e-02,5
INT8,LUT,"U(-1,1)",1,7168,7168,64x128x16_w4_v11,0.210,0.210,0.210,0.210,0.4810,2.590e-04,2.655e-02,1.872e-02,5
INT8,LUT,"U(-1,1)",1,7168,7168,128x256x16_w8_v11,0.050,0.050,0.050,0.050,1.9990,2.590e-04,2.655e-02,1.872e-02,5
INT8,LUT,"U(-1,1)",1,7168,7168,64x256x16_w8_v11,0.160,0.160,0.160,0.160,0.6330,2.590e-04,2.655e-02,1.872e-02,5
INT8,LUT,"U(-1,1)",1,7168,7168,64x256x16_w4f4_v11,0.160,0.160,0.160,0.160,0.6610,2.590e-04,2.655e-02,1.872e-02,5
INT8,LUT,"U(-1,1)",1,7168,7168,128x256x16_w4f4_v11,0.060,0.060,0.060,0.060,1.7900,2.590e-04,2.655e-02,1.872e-02,5
INT8,LUT,"U(-1,1)",1,7168,7168,32x128x16_w4_v11,0.250,0.250,0.260,0.252,0.4030,2.590e-04,2.655e-02,1.872e-02,5
INT8,LUT,"U(-1,1)",1,7168,7168,32x256x16_w8_v11,0.190,0.190,0.190,0.190,0.5410,2.590e-04,2.655e-02,1.872e-02,5
INT8,LUT,"U(-1,1)",1,7168,7168,32x128x32_w4_v11,0.290,0.280,0.290,0.286,0.3600,2.590e-04,2.655e-02,1.872e-02,5
INT8,LUT,"U(-1,1)",1,7168,7168,192x128x16_w4_v11,0.130,0.130,0.130,0.130,0.8040,2.590e-04,2.655e-02,1.872e-02,5
INT8,LUT,"U(-1,1)",1,7168,7168,256x128x16_w4_v11,0.050,0.050,0.050,0.050,2.0680,2.590e-04,2.655e-02,1.872e-02,5
INT8,LUT,"U(-1,1)",1,7168,7168,64x128x16_w2f4_v11,0.170,0.170,0.170,0.170,0.6200,2.590e-04,2.655e-02,1.872e-02,5
INT8,LUT,"U(-1,1)",1,7168,7168,64x128x32_w2f4_v11,0.150,0.150,0.160,0.154,0.6640,2.590e-04,2.655e-02,1.872e-02,5
INT8,LUT,"U(-1,1)",1,7168,7168,32x128x16_w2f4_v11,0.160,0.160,0.160,0.160,0.6480,2.590e-04,2.655e-02,1.872e-02,5
INT8,LUT,"U(-1,1)",1,7168,7168,128x128x16_w4_v12,0.170,0.170,0.170,0.170,0.6100,5.378e-03,1.195e+00,5.779e-01,5
INT8,LUT,"U(-1,1)",1,7168,7168,64x128x16_w4_v12,0.200,0.200,0.200,0.200,0.5050,5.378e-03,1.195e+00,5.779e-01,5
INT8,LUT,"U(-1,1)",1,7168,7168,128x256x16_w8_v12,0.120,0.120,0.120,0.120,0.8870,5.378e-03,1.195e+00,5.779e-01,5
INT8,LUT,"U(-1,1)",1,7168,7168,64x256x16_w8_v12,0.150,0.150,0.150,0.150,0.6790,5.378e-03,1.195e+00,5.779e-01,5
INT8,LUT,"U(-1,1)",1,7168,7168,128x128x32_w4_v12,0.150,0.150,0.150,0.150,0.6670,5.378e-03,1.195e+00,5.779e-01,5
INT8,LUT,"U(-1,1)",1,7168,7168,64x128x32_w4_v12,0.230,0.230,0.230,0.230,0.4460,5.378e-03,1.195e+00,5.779e-01,5
INT8,LUT,"U(-1,1)",1,7168,7168,32x128x16_w4_v12,0.240,0.240,0.240,0.240,0.4290,5.378e-03,1.195e+00,5.779e-01,5
INT8,LUT,"U(-1,1)",1,7168,7168,32x256x16_w8_v12,0.190,0.190,0.190,0.190,0.5400,5.378e-03,1.195e+00,5.779e-01,5
INT8,LUT,"U(-1,1)",1,7168,7168,64x128x16_w2f4_v12,0.160,0.160,0.160,0.160,0.6250,5.378e-03,1.195e+00,5.779e-01,5
INT8,LUT,"U(-1,1)",1,7168,7168,64x256x16_w4f4_v12,0.140,0.140,0.140,0.140,0.7400,5.378e-03,1.195e+00,5.779e-01,5
INT8,LUT,"U(-1,1)",1,7168,7168,128x128x16_w4_v12_ms3,0.200,0.200,0.200,0.200,0.5230,5.378e-03,1.195e+00,5.779e-01,5
INT8,LUT,"U(-1,1)",1,7168,7168,64x128x16_w4_v12_ms3,0.270,0.270,0.270,0.270,0.3840,5.378e-03,1.195e+00,5.779e-01,5
INT8,LUT,"U(-1,1)",1,7168,7168,128x256x16_w8_v12_ms3,0.130,0.130,0.130,0.130,0.7660,5.378e-03,1.195e+00,5.779e-01,5
INT8,LUT,"U(-1,1)",1,7168,7168,64x256x16_w8_v12_ms3,0.180,0.180,0.180,0.180,0.5800,5.378e-03,1.195e+00,5.779e-01,5
INT8,LUT,"U(-1,1)",1,7168,7168,128x128x32_w4_v12_ms3,0.170,0.170,0.170,0.170,0.6210,5.378e-03,1.195e+00,5.779e-01,5
INT8,LUT,"U(-1,1)",1,7168,7168,64x128x32_w4_v12_ms3,0.280,0.280,0.280,0.280,0.3640,5.378e-03,1.195e+00,5.779e-01,5
INT8,LUT,"U(-1,1)",1,7168,7168,64x256x16_w4f4_v12_ms3,0.170,0.170,0.170,0.170,0.5890,5.378e-03,1.195e+00,5.779e-01,5
INT8,LUT,"U(-1,1)",1,7168,7168,64x128x16_w2f4_v12_ms3,0.210,0.210,0.210,0.210,0.4930,5.378e-03,1.195e+00,5.779e-01,5
INT8,LUT,"U(-1,1)",1,7168,7168,128x128x32_w4_v10s_ks1,0.130,0.130,0.130,0.130,0.7980,2.590e-04,2.655e-02,1.872e-02,5
INT8,LUT,"U(-1,1)",1,7168,7168,128x128x32_w4_v10s_ks2,0.180,0.180,0.180,0.180,0.5650,2.591e-04,2.656e-02,1.871e-02,5
INT8,LUT,"U(-1,1)",1,7168,7168,128x128x32_w4_v10s_ks4,0.180,0.180,0.180,0.180,0.5740,2.591e-04,2.655e-02,1.872e-02,5
INT8,LUT,"U(-1,1)",1,7168,7168,128x128x32_w4_v10s_ks8,0.230,0.230,0.230,0.230,0.4450,2.591e-04,2.653e-02,1.873e-02,5
INT8,LUT,"U(-1,1)",1,7168,7168,64x128x32_w4_v10s_ks2,0.270,0.260,0.270,0.266,0.3870,2.591e-04,2.656e-02,1.871e-02,5
INT8,LUT,"U(-1,1)",1,7168,7168,64x128x32_w4_v10s_ks4,0.310,0.310,0.310,0.310,0.3290,2.591e-04,2.655e-02,1.872e-02,5
INT8,LUT,"U(-1,1)",1,7168,7168,64x128x32_w4_v10s_ks8,0.360,0.360,0.360,0.360,0.2870,2.591e-04,2.653e-02,1.873e-02,5
INT8,LUT,"U(-1,1)",1,7168,7168,64x64x32_w4_v10s_ks2,0.270,0.270,0.270,0.270,0.3780,2.591e-04,2.656e-02,1.871e-02,5
INT8,LUT,"U(-1,1)",1,7168,7168,64x64x32_w4_v10s_ks4,0.240,0.240,0.250,0.242,0.4220,2.591e-04,2.655e-02,1.872e-02,5
INT8,LUT,"U(-1,1)",1,7168,7168,64x64x32_w4_v10s_ks8,0.270,0.270,0.280,0.272,0.3810,2.591e-04,2.653e-02,1.873e-02,5
INT8,LUT,"U(-1,1)",1,7168,7168,64x256x32_w8_v10s_ks2,0.240,0.240,0.240,0.240,0.4240,2.591e-04,2.656e-02,1.871e-02,5
INT8,LUT,"U(-1,1)",1,7168,7168,64x256x32_w8_v10s_ks4,0.280,0.280,0.280,0.280,0.3660,2.591e-04,2.655e-02,1.872e-02,5
INT8,LUT,"U(-1,1)",1,7168,7168,128x128x32_cutlass_p1,0.260,0.250,0.280,0.266,0.4010,2.590e-04,2.655e-02,1.872e-02,5
INT8,BITSHIFT,"U(-1,1)",1,7168,7168,128x128x32_cutlass_p1,0.250,0.240,0.280,0.258,0.4040,2.590e-04,2.655e-02,1.872e-02,5
INT8,LUT,"U(-1,1)",1,7168,7168,64x128x32_cutlass_p1,0.260,0.250,0.270,0.260,0.3960,2.590e-04,2.655e-02,1.872e-02,5
INT8,BITSHIFT,"U(-1,1)",1,7168,7168,64x128x32_cutlass_p1,0.260,0.250,0.280,0.264,0.3930,2.590e-04,2.655e-02,1.872e-02,5
INT8,LUT,"U(-1,1)",1,7168,7168,128x64x32_cutlass_p1,0.250,0.240,0.270,0.254,0.4030,2.590e-04,2.655e-02,1.872e-02,5
INT8,BITSHIFT,"U(-1,1)",1,7168,7168,128x64x32_cutlass_p1,0.270,0.250,0.270,0.262,0.3850,2.590e-04,2.655e-02,1.872e-02,5
INT8,LUT,"U(-1,1)",8,7168,7168,16x64x32_w4,0.570,0.570,0.580,0.572,1.4340,2.621e-04,3.159e-02,1.864e-02,5
INT8,BITSHIFT,"U(-1,1)",8,7168,7168,16x64x32_w4,0.900,0.890,0.900,0.896,0.9180,1.867e-04,2.393e-02,1.337e-02,5
INT8,LUT,"U(-1,1)",8,7168,7168,16x128x32_w8,0.550,0.550,0.550,0.550,1.4860,2.621e-04,3.159e-02,1.864e-02,5
INT8,BITSHIFT,"U(-1,1)",8,7168,7168,16x128x32_w8,0.850,0.850,0.850,0.850,0.9640,1.867e-04,2.393e-02,1.337e-02,5
INT8,LUT,"U(-1,1)",8,7168,7168,16x128x32_w4f2,0.320,0.320,0.320,0.320,2.5690,2.621e-04,3.159e-02,1.864e-02,5
INT8,LUT,"U(-1,1)",8,7168,7168,16x256x32_w4f4,0.170,0.170,0.170,0.170,4.7880,2.621e-04,3.159e-02,1.864e-02,5
INT8,LUT,"U(-1,1)",8,7168,7168,128x64x32_w4_v1,0.370,0.370,0.370,0.370,2.2150,2.621e-04,3.159e-02,1.864e-02,5
INT8,LUT,"U(-1,1)",8,7168,7168,128x128x32_w4_v1,0.280,0.280,0.280,0.280,2.9440,2.621e-04,3.159e-02,1.864e-02,5
INT8,LUT,"U(-1,1)",8,7168,7168,128x256x32_w4_v1,0.120,0.120,0.120,0.120,6.6030,2.621e-04,3.159e-02,1.864e-02,5
INT8,LUT,"U(-1,1)",8,7168,7168,128x256x32_w8_v1,0.250,0.250,0.250,0.250,3.3070,2.621e-04,3.159e-02,1.864e-02,5
INT8,LUT,"U(-1,1)",8,7168,7168,64x64x32_w4_v1,0.480,0.470,0.480,0.476,1.7280,2.621e-04,3.159e-02,1.864e-02,5
INT8,LUT,"U(-1,1)",8,7168,7168,64x128x32_w4_v1,0.310,0.310,0.310,0.310,2.6830,2.621e-04,3.159e-02,1.864e-02,5
INT8,LUT,"U(-1,1)",8,7168,7168,128x64x32_w4_v2,0.730,0.730,0.730,0.730,1.1310,2.621e-04,3.159e-02,1.864e-02,5
INT8,LUT,"U(-1,1)",8,7168,7168,128x128x32_w4_v2,0.850,0.850,0.850,0.850,0.9690,2.621e-04,3.159e-02,1.864e-02,5
INT8,LUT,"U(-1,1)",8,7168,7168,128x256x32_w4_v2,0.370,0.370,0.370,0.370,2.1970,2.621e-04,3.159e-02,1.864e-02,5
INT8,LUT,"U(-1,1)",8,7168,7168,128x256x32_w8_v2,0.600,0.600,0.600,0.600,1.3810,2.621e-04,3.159e-02,1.864e-02,5
INT8,LUT,"U(-1,1)",8,7168,7168,64x64x32_w4_v2,1.110,1.110,1.110,1.110,0.7390,2.621e-04,3.159e-02,1.864e-02,5
INT8,LUT,"U(-1,1)",8,7168,7168,64x128x32_w4_v2,1.220,1.220,1.220,1.220,0.6730,2.621e-04,3.159e-02,1.864e-02,5
INT8,LUT,"U(-1,1)",8,7168,7168,128x64x32_w4_v3,0.910,0.910,0.910,0.910,0.9000,2.621e-04,3.159e-02,1.864e-02,5
INT8,LUT,"U(-1,1)",8,7168,7168,128x128x32_w4_v3,1.030,1.030,1.030,1.030,0.7990,2.621e-04,3.159e-02,1.864e-02,5
INT8,LUT,"U(-1,1)",8,7168,7168,64x64x32_w4_v3,1.330,1.330,1.340,1.332,0.6180,2.621e-04,3.159e-02,1.864e-02,5
INT8,LUT,"U(-1,1)",8,7168,7168,64x128x32_w4_v3,1.430,1.430,1.430,1.430,0.5750,2.621e-04,3.159e-02,1.864e-02,5
INT8,LUT,"U(-1,1)",8,7168,7168,32x128x32_w4_v3_b1,1.710,1.710,1.710,1.710,0.4810,2.621e-04,3.159e-02,1.864e-02,5
INT8,LUT,"U(-1,1)",8,7168,7168,32x64x32_w4_v3_b1,1.840,1.830,1.840,1.836,0.4470,2.621e-04,3.159e-02,1.864e-02,5
INT8,LUT,"U(-1,1)",8,7168,7168,32x256x32_w8_v3_b1,1.300,1.300,1.300,1.300,0.6340,2.621e-04,3.159e-02,1.864e-02,5
INT8,LUT,"U(-1,1)",8,7168,7168,128x128x32_w8_v3_b1alt,0.870,0.870,0.870,0.870,0.9470,2.621e-04,3.159e-02,1.864e-02,5
INT8,LUT,"U(-1,1)",8,7168,7168,64x128x32_w8_v3_b1alt,1.380,1.380,1.390,1.382,0.5950,2.621e-04,3.159e-02,1.864e-02,5
INT8,LUT,"U(-1,1)",8,7168,7168,128x64x32_w4_v4,0.870,0.870,0.880,0.872,0.9410,2.621e-04,3.159e-02,1.864e-02,5
INT8,LUT,"U(-1,1)",8,7168,7168,128x128x32_w4_v4,1.010,1.010,1.020,1.012,0.8100,2.621e-04,3.159e-02,1.864e-02,5
INT8,LUT,"U(-1,1)",8,7168,7168,64x64x32_w4_v4,1.400,1.400,1.400,1.400,0.5870,2.621e-04,3.159e-02,1.864e-02,5
INT8,LUT,"U(-1,1)",8,7168,7168,64x128x32_w4_v4,1.390,1.390,1.400,1.394,0.5900,2.621e-04,3.159e-02,1.864e-02,5
INT8,LUT,"U(-1,1)",8,7168,7168,128x64x32_w4_v5,0.880,0.880,0.890,0.884,0.9290,2.621e-04,3.159e-02,1.864e-02,5
INT8,LUT,"U(-1,1)",8,7168,7168,128x128x32_w4_v5,1.000,1.000,1.000,1.000,0.8230,2.621e-04,3.159e-02,1.864e-02,5
INT8,LUT,"U(-1,1)",8,7168,7168,64x64x32_w4_v5,1.400,1.400,1.400,1.400,0.5860,2.621e-04,3.159e-02,1.864e-02,5
INT8,LUT,"U(-1,1)",8,7168,7168,64x128x32_w4_v5,1.390,1.390,1.390,1.390,0.5900,2.621e-04,3.159e-02,1.864e-02,5
INT8,LUT,"U(-1,1)",8,7168,7168,128x128x64_w4_v6,0.730,0.730,0.730,0.730,1.1300,2.621e-04,3.159e-02,1.864e-02,5
INT8,LUT,"U(-1,1)",8,7168,7168,128x64x64_w4_v6,0.530,0.530,0.530,0.530,1.5540,2.621e-04,3.159e-02,1.864e-02,5
INT8,LUT,"U(-1,1)",8,7168,7168,64x128x64_w4_v6,1.060,1.060,1.060,1.060,0.7750,2.621e-04,3.159e-02,1.864e-02,5
INT8,LUT,"U(-1,1)",8,7168,7168,64x64x64_w4_v6,0.940,0.940,0.940,0.940,0.8760,2.621e-04,3.159e-02,1.864e-02,5
INT8,LUT,"U(-1,1)",8,7168,7168,64x128x32_w4_v7,1.410,1.400,1.420,1.410,0.5840,2.621e-04,3.159e-02,1.864e-02,5
INT8,LUT,"U(-1,1)",8,7168,7168,64x64x32_w4_v7,1.460,1.440,1.460,1.454,0.5630,2.621e-04,3.159e-02,1.864e-02,5
INT8,LUT,"U(-1,1)",8,7168,7168,32x128x32_w4_v7,1.730,1.730,1.740,1.734,0.4740,2.621e-04,3.159e-02,1.864e-02,5
INT8,LUT,"U(-1,1)",8,7168,7168,32x64x32_w4_v7,1.810,1.810,1.810,1.810,0.4550,2.621e-04,3.159e-02,1.864e-02,5
INT8,LUT,"U(-1,1)",8,7168,7168,128x64x32_w4_v8,0.910,0.910,0.910,0.910,0.9030,5.510e-03,2.028e+00,5.961e-01,5
INT8,LUT,"U(-1,1)",8,7168,7168,128x128x32_w4_v8,1.060,1.060,1.060,1.060,0.7760,5.510e-03,2.028e+00,5.961e-01,5
INT8,LUT,"U(-1,1)",8,7168,7168,64x64x32_w4_v8,1.510,1.510,1.520,1.512,0.5440,5.510e-03,2.028e+00,5.961e-01,5
INT8,LUT,"U(-1,1)",8,7168,7168,64x128x32_w4_v8,1.440,1.440,1.450,1.442,0.5700,5.510e-03,2.028e+00,5.961e-01,5
INT8,LUT,"U(-1,1)",8,7168,7168,32x128x32_w4_v8,1.620,1.620,1.630,1.622,0.5070,5.510e-03,2.028e+00,5.961e-01,5
INT8,LUT,"U(-1,1)",8,7168,7168,32x64x32_w4_v8,1.830,1.830,1.830,1.830,0.4480,5.510e-03,2.028e+00,5.961e-01,5
INT8,LUT,"U(-1,1)",8,7168,7168,128x128x32_w4_v9_ck2,0.960,0.950,0.960,0.958,0.8570,7.093e-01,1.596e+02,9.147e+01,5
INT8,LUT,"U(-1,1)",8,7168,7168,128x128x32_w4_v9_ck4,1.000,1.000,1.010,1.002,0.8190,7.094e-01,1.596e+02,9.144e+01,5
INT8,LUT,"U(-1,1)",8,7168,7168,128x128x32_w4_v9_ck8,1.020,1.020,1.030,1.022,0.8030,7.096e-01,1.597e+02,9.143e+01,5
INT8,LUT,"U(-1,1)",8,7168,7168,64x128x32_w4_v9_ck4,1.410,1.410,1.420,1.412,0.5820,7.094e-01,1.596e+02,9.144e+01,5
INT8,LUT,"U(-1,1)",8,7168,7168,64x64x32_w4_v9_ck4,1.430,1.430,1.440,1.432,0.5740,7.094e-01,1.596e+02,9.144e+01,5
INT8,LUT,"U(-1,1)",8,7168,7168,128x128x32_w4_v10,1.030,1.030,1.030,1.030,0.7980,2.621e-04,3.159e-02,1.864e-02,5
INT8,LUT,"U(-1,1)",8,7168,7168,128x64x32_w4_v10,0.910,0.910,0.910,0.910,0.9070,2.621e-04,3.159e-02,1.864e-02,5
INT8,LUT,"U(-1,1)",8,7168,7168,64x128x32_w4_v10,1.440,1.440,1.440,1.440,0.5700,2.621e-04,3.159e-02,1.864e-02,5
INT8,LUT,"U(-1,1)",8,7168,7168,64x64x32_w4_v10,1.470,1.460,1.470,1.468,0.5600,2.621e-04,3.159e-02,1.864e-02,5
INT8,LUT,"U(-1,1)",8,7168,7168,64x256x32_w8_v10,1.050,1.050,1.050,1.050,0.7830,2.621e-04,3.159e-02,1.864e-02,5
INT8,LUT,"U(-1,1)",8,7168,7168,128x128x32_w4_v11,1.220,1.220,1.230,1.222,0.6710,2.621e-04,3.159e-02,1.864e-02,5
INT8,LUT,"U(-1,1)",8,7168,7168,64x128x32_w4_v11,1.840,1.840,1.840,1.840,0.4470,2.621e-04,3.159e-02,1.864e-02,5
INT8,LUT,"U(-1,1)",8,7168,7168,128x256x32_w8_v11,0.430,0.420,0.440,0.430,1.8920,2.621e-04,3.159e-02,1.864e-02,5
INT8,LUT,"U(-1,1)",8,7168,7168,64x256x32_w8_v11,1.240,1.240,1.240,1.240,0.6650,2.621e-04,3.159e-02,1.864e-02,5
INT8,LUT,"U(-1,1)",8,7168,7168,128x128x16_w4_v11,1.140,1.140,1.150,1.142,0.7190,2.621e-04,3.159e-02,1.864e-02,5
INT8,LUT,"U(-1,1)",8,7168,7168,64x128x16_w4_v11,1.370,1.370,1.380,1.374,0.5990,2.621e-04,3.159e-02,1.864e-02,5
INT8,LUT,"U(-1,1)",8,7168,7168,128x256x16_w8_v11,0.410,0.400,0.410,0.408,1.9910,2.621e-04,3.159e-02,1.864e-02,5
INT8,LUT,"U(-1,1)",8,7168,7168,64x256x16_w8_v11,1.220,1.210,1.220,1.216,0.6770,2.621e-04,3.159e-02,1.864e-02,5
INT8,LUT,"U(-1,1)",8,7168,7168,64x256x16_w4f4_v11,1.040,1.040,1.050,1.042,0.7870,2.621e-04,3.159e-02,1.864e-02,5
INT8,LUT,"U(-1,1)",8,7168,7168,128x256x16_w4f4_v11,0.460,0.460,0.460,0.460,1.7890,2.621e-04,3.159e-02,1.864e-02,5
INT8,LUT,"U(-1,1)",8,7168,7168,32x128x16_w4_v11,1.580,1.570,1.590,1.580,0.5200,2.621e-04,3.159e-02,1.864e-02,5
INT8,LUT,"U(-1,1)",8,7168,7168,32x256x16_w8_v11,1.320,1.310,1.320,1.316,0.6220,2.621e-04,3.159e-02,1.864e-02,5
INT8,LUT,"U(-1,1)",8,7168,7168,32x128x32_w4_v11,2.290,2.290,2.300,2.292,0.3590,2.621e-04,3.159e-02,1.864e-02,5
INT8,LUT,"U(-1,1)",8,7168,7168,192x128x16_w4_v11,0.910,0.910,0.920,0.914,0.8990,2.621e-04,3.159e-02,1.864e-02,5
INT8,LUT,"U(-1,1)",8,7168,7168,256x128x16_w4_v11,0.390,0.390,0.390,0.390,2.1000,2.621e-04,3.159e-02,1.864e-02,5
INT8,LUT,"U(-1,1)",8,7168,7168,64x128x16_w2f4_v11,1.130,1.130,1.140,1.134,0.7260,2.621e-04,3.159e-02,1.864e-02,5
INT8,LUT,"U(-1,1)",8,7168,7168,64x128x32_w2f4_v11,1.130,1.130,1.130,1.130,0.7290,2.621e-04,3.159e-02,1.864e-02,5
INT8,LUT,"U(-1,1)",8,7168,7168,32x128x16_w2f4_v11,1.250,1.250,1.260,1.252,0.6560,2.621e-04,3.159e-02,1.864e-02,5
INT8,LUT,"U(-1,1)",8,7168,7168,128x128x16_w4_v12,1.140,1.130,1.140,1.136,0.7230,5.510e-03,2.028e+00,5.961e-01,5
INT8,LUT,"U(-1,1)",8,7168,7168,64x128x16_w4_v12,1.330,1.320,1.330,1.326,0.6200,5.510e-03,2.028e+00,5.961e-01,5
INT8,LUT,"U(-1,1)",8,7168,7168,128x256x16_w8_v12,0.920,0.920,0.930,0.922,0.8890,5.510e-03,2.028e+00,5.961e-01,5
INT8,LUT,"U(-1,1)",8,7168,7168,64x256x16_w8_v12,1.090,1.080,1.090,1.088,0.7560,5.510e-03,2.028e+00,5.961e-01,5
INT8,LUT,"U(-1,1)",8,7168,7168,128x128x32_w4_v12,1.250,1.250,1.250,1.250,0.6570,5.510e-03,2.028e+00,5.961e-01,5
INT8,LUT,"U(-1,1)",8,7168,7168,64x128x32_w4_v12,1.850,1.840,1.850,1.846,0.4460,5.510e-03,2.028e+00,5.961e-01,5
INT8,LUT,"U(-1,1)",8,7168,7168,32x128x16_w4_v12,1.490,1.480,1.490,1.486,0.5530,5.510e-03,2.028e+00,5.961e-01,5
INT8,LUT,"U(-1,1)",8,7168,7168,32x256x16_w8_v12,1.340,1.340,1.360,1.344,0.6120,5.510e-03,2.028e+00,5.961e-01,5
INT8,LUT,"U(-1,1)",8,7168,7168,64x128x16_w2f4_v12,1.140,1.130,1.150,1.140,0.7230,5.510e-03,2.028e+00,5.961e-01,5
INT8,LUT,"U(-1,1)",8,7168,7168,64x256x16_w4f4_v12,1.070,1.070,1.070,1.070,0.7690,5.510e-03,2.028e+00,5.961e-01,5
INT8,LUT,"U(-1,1)",8,7168,7168,128x128x16_w4_v12_ms3,1.570,1.570,1.570,1.570,0.5250,5.510e-03,2.028e+00,5.961e-01,5
INT8,LUT,"U(-1,1)",8,7168,7168,64x128x16_w4_v12_ms3,2.120,2.120,2.130,2.122,0.3870,5.510e-03,2.028e+00,5.961e-01,5
INT8,LUT,"U(-1,1)",8,7168,7168,128x256x16_w8_v12_ms3,1.050,1.050,1.050,1.050,0.7820,5.510e-03,2.028e+00,5.961e-01,5
INT8,LUT,"U(-1,1)",8,7168,7168,64x256x16_w8_v12_ms3,1.410,1.400,1.410,1.406,0.5850,5.510e-03,2.028e+00,5.961e-01,5
INT8,LUT,"U(-1,1)",8,7168,7168,128x128x32_w4_v12_ms3,1.320,1.320,1.330,1.322,0.6210,5.510e-03,2.028e+00,5.961e-01,5
INT8,LUT,"U(-1,1)",8,7168,7168,64x128x32_w4_v12_ms3,2.240,2.230,2.250,2.240,0.3670,5.510e-03,2.028e+00,5.961e-01,5
INT8,LUT,"U(-1,1)",8,7168,7168,64x256x16_w4f4_v12_ms3,1.290,1.290,1.300,1.294,0.6360,5.510e-03,2.028e+00,5.961e-01,5
INT8,LUT,"U(-1,1)",8,7168,7168,64x128x16_w2f4_v12_ms3,1.670,1.660,1.670,1.668,0.4930,5.510e-03,2.028e+00,5.961e-01,5
INT8,LUT,"U(-1,1)",8,7168,7168,128x128x32_w4_v10s_ks1,1.030,1.030,1.030,1.030,0.7990,2.621e-04,3.159e-02,1.864e-02,5
INT8,LUT,"U(-1,1)",8,7168,7168,128x128x32_w4_v10s_ks2,1.450,1.450,1.450,1.450,0.5670,2.621e-04,3.157e-02,1.863e-02,5
INT8,LUT,"U(-1,1)",8,7168,7168,128x128x32_w4_v10s_ks4,1.430,1.430,1.430,1.430,0.5740,2.620e-04,3.156e-02,1.861e-02,5
INT8,LUT,"U(-1,1)",8,7168,7168,128x128x32_w4_v10s_ks8,1.840,1.840,1.840,1.840,0.4460,2.620e-04,3.155e-02,1.861e-02,5
INT8,LUT,"U(-1,1)",8,7168,7168,64x128x32_w4_v10s_ks2,2.110,2.110,2.110,2.110,0.3900,2.621e-04,3.157e-02,1.863e-02,5
INT8,LUT,"U(-1,1)",8,7168,7168,64x128x32_w4_v10s_ks4,2.470,2.440,2.470,2.462,0.3330,2.620e-04,3.156e-02,1.860e-02,5
INT8,LUT,"U(-1,1)",8,7168,7168,64x128x32_w4_v10s_ks8,2.840,2.820,2.840,2.836,0.2900,2.620e-04,3.155e-02,1.861e-02,5
INT8,LUT,"U(-1,1)",8,7168,7168,64x64x32_w4_v10s_ks2,2.160,2.120,2.170,2.154,0.3800,2.621e-04,3.157e-02,1.863e-02,5
INT8,LUT,"U(-1,1)",8,7168,7168,64x64x32_w4_v10s_ks4,1.930,1.890,1.960,1.930,0.4250,2.620e-04,3.156e-02,1.860e-02,5
INT8,LUT,"U(-1,1)",8,7168,7168,64x64x32_w4_v10s_ks8,2.190,2.160,2.210,2.182,0.3760,2.620e-04,3.155e-02,1.861e-02,5
INT8,LUT,"U(-1,1)",8,7168,7168,64x256x32_w8_v10s_ks2,1.970,1.960,1.970,1.966,0.4180,2.621e-04,3.157e-02,1.863e-02,5
INT8,LUT,"U(-1,1)",8,7168,7168,64x256x32_w8_v10s_ks4,2.250,2.240,2.260,2.248,0.3650,2.620e-04,3.156e-02,1.861e-02,5
INT8,LUT,"U(-1,1)",8,7168,7168,128x128x32_cutlass_p1,2.160,1.980,2.220,2.136,0.3810,2.621e-04,3.159e-02,1.864e-02,5
INT8,BITSHIFT,"U(-1,1)",8,7168,7168,128x128x32_cutlass_p1,2.090,2.000,2.120,2.084,0.3940,2.621e-04,3.159e-02,1.864e-02,5
INT8,LUT,"U(-1,1)",8,7168,7168,64x128x32_cutlass_p1,2.120,1.970,2.200,2.104,0.3880,2.621e-04,3.159e-02,1.864e-02,5
INT8,BITSHIFT,"U(-1,1)",8,7168,7168,64x128x32_cutlass_p1,2.140,2.040,2.150,2.120,0.3850,2.621e-04,3.159e-02,1.864e-02,5
INT8,LUT,"U(-1,1)",8,7168,7168,128x64x32_cutlass_p1,2.110,2.090,2.180,2.118,0.3910,2.621e-04,3.159e-02,1.864e-02,5
INT8,BITSHIFT,"U(-1,1)",8,7168,7168,128x64x32_cutlass_p1,2.170,2.090,2.260,2.174,0.3790,2.621e-04,3.159e-02,1.864e-02,5
INT8,LUT,"U(-1,1)",32,7168,7168,16x64x32_w4,2.210,2.200,2.220,2.210,1.4900,2.600e-04,3.285e-02,1.890e-02,5
INT8,BITSHIFT,"U(-1,1)",32,7168,7168,16x64x32_w4,2.710,2.700,2.710,2.708,1.2150,1.850e-04,2.502e-02,1.363e-02,5
INT8,LUT,"U(-1,1)",32,7168,7168,16x128x32_w8,2.150,2.140,2.150,2.148,1.5320,2.600e-04,3.285e-02,1.890e-02,5
INT8,BITSHIFT,"U(-1,1)",32,7168,7168,16x128x32_w8,2.190,2.190,2.190,2.190,1.5010,1.850e-04,2.502e-02,1.363e-02,5
INT8,LUT,"U(-1,1)",32,7168,7168,16x128x32_w4f2,1.290,1.290,1.290,1.290,2.5460,2.600e-04,3.285e-02,1.890e-02,5
INT8,LUT,"U(-1,1)",32,7168,7168,16x256x32_w4f4,0.700,0.700,0.700,0.700,4.6990,2.600e-04,3.285e-02,1.890e-02,5
INT8,LUT,"U(-1,1)",32,7168,7168,128x64x32_w4_v1,1.460,1.460,1.460,1.460,2.2540,2.600e-04,3.285e-02,1.890e-02,5
INT8,LUT,"U(-1,1)",32,7168,7168,128x128x32_w4_v1,1.100,1.100,1.100,1.100,2.9860,2.600e-04,3.285e-02,1.890e-02,5
INT8,LUT,"U(-1,1)",32,7168,7168,128x256x32_w4_v1,0.480,0.480,0.480,0.480,6.8010,2.600e-04,3.285e-02,1.890e-02,5
INT8,LUT,"U(-1,1)",32,7168,7168,128x256x32_w8_v1,0.990,0.990,0.990,0.990,3.3210,2.600e-04,3.285e-02,1.890e-02,5
INT8,LUT,"U(-1,1)",32,7168,7168,64x64x32_w4_v1,1.880,1.880,1.880,1.880,1.7500,2.600e-04,3.285e-02,1.890e-02,5
INT8,LUT,"U(-1,1)",32,7168,7168,64x128x32_w4_v1,1.210,1.200,1.220,1.210,2.7130,2.600e-04,3.285e-02,1.890e-02,5
INT8,LUT,"U(-1,1)",32,7168,7168,128x64x32_w4_v2,2.650,2.640,2.660,2.650,1.2420,2.600e-04,3.285e-02,1.890e-02,5
INT8,LUT,"U(-1,1)",32,7168,7168,128x128x32_w4_v2,3.030,3.020,3.030,3.026,1.0870,2.600e-04,3.285e-02,1.890e-02,5
INT8,LUT,"U(-1,1)",32,7168,7168,128x256x32_w4_v2,1.450,1.450,1.450,1.450,2.2690,2.600e-04,3.285e-02,1.890e-02,5
INT8,LUT,"U(-1,1)",32,7168,7168,128x256x32_w8_v2,2.310,2.310,2.320,2.314,1.4210,2.600e-04,3.285e-02,1.890e-02,5
INT8,LUT,"U(-1,1)",32,7168,7168,64x64x32_w4_v2,3.850,3.850,3.850,3.850,0.8540,2.600e-04,3.285e-02,1.890e-02,5
INT8,LUT,"U(-1,1)",32,7168,7168,64x128x32_w4_v2,4.100,4.100,4.110,4.102,0.8020,2.600e-04,3.285e-02,1.890e-02,5
INT8,LUT,"U(-1,1)",32,7168,7168,128x64x32_w4_v3,3.590,3.590,3.590,3.590,0.9160,2.600e-04,3.285e-02,1.890e-02,5
INT8,LUT,"U(-1,1)",32,7168,7168,128x128x32_w4_v3,3.730,3.730,3.740,3.734,0.8810,2.600e-04,3.285e-02,1.890e-02,5
INT8,LUT,"U(-1,1)",32,7168,7168,64x64x32_w4_v3,5.780,5.620,5.910,5.790,0.5690,2.600e-04,3.285e-02,1.890e-02,5
INT8,LUT,"U(-1,1)",32,7168,7168,64x128x32_w4_v3,5.160,5.160,5.170,5.162,0.6370,2.600e-04,3.285e-02,1.890e-02,5
INT8,LUT,"U(-1,1)",32,7168,7168,32x128x32_w4_v3_b1,5.370,5.370,5.380,5.374,0.6120,2.600e-04,3.285e-02,1.890e-02,5
INT8,LUT,"U(-1,1)",32,7168,7168,32x64x32_w4_v3_b1,6.370,6.350,6.410,6.376,0.5160,2.600e-04,3.285e-02,1.890e-02,5
INT8,LUT,"U(-1,1)",32,7168,7168,32x256x32_w8_v3_b1,4.670,4.660,4.680,4.668,0.7050,2.600e-04,3.285e-02,1.890e-02,5
INT8,LUT,"U(-1,1)",32,7168,7168,128x128x32_w8_v3_b1alt,3.280,3.270,3.280,3.278,1.0030,2.600e-04,3.285e-02,1.890e-02,5
INT8,LUT,"U(-1,1)",32,7168,7168,64x128x32_w8_v3_b1alt,4.970,4.960,4.970,4.968,0.6620,2.600e-04,3.285e-02,1.890e-02,5
INT8,LUT,"U(-1,1)",32,7168,7168,128x64x32_w4_v4,3.460,3.460,3.460,3.460,0.9500,2.600e-04,3.285e-02,1.890e-02,5
INT8,LUT,"U(-1,1)",32,7168,7168,128x128x32_w4_v4,3.730,3.730,3.740,3.734,0.8820,2.600e-04,3.285e-02,1.890e-02,5
INT8,LUT,"U(-1,1)",32,7168,7168,64x64x32_w4_v4,5.420,5.410,5.420,5.416,0.6070,2.600e-04,3.285e-02,1.890e-02,5
INT8,LUT,"U(-1,1)",32,7168,7168,64x128x32_w4_v4,5.040,5.040,5.050,5.044,0.6520,2.600e-04,3.285e-02,1.890e-02,5
INT8,LUT,"U(-1,1)",32,7168,7168,128x64x32_w4_v5,3.490,3.490,3.490,3.490,0.9430,2.600e-04,3.285e-02,1.890e-02,5
INT8,LUT,"U(-1,1)",32,7168,7168,128x128x32_w4_v5,3.730,3.730,3.730,3.730,0.8820,2.600e-04,3.285e-02,1.890e-02,5
INT8,LUT,"U(-1,1)",32,7168,7168,64x64x32_w4_v5,5.380,5.360,5.390,5.376,0.6120,2.600e-04,3.285e-02,1.890e-02,5
INT8,LUT,"U(-1,1)",32,7168,7168,64x128x32_w4_v5,5.110,5.100,5.120,5.110,0.6440,2.600e-04,3.285e-02,1.890e-02,5
INT8,LUT,"U(-1,1)",32,7168,7168,128x128x64_w4_v6,2.860,2.860,2.870,2.864,1.1490,2.600e-04,3.285e-02,1.890e-02,5
INT8,LUT,"U(-1,1)",32,7168,7168,128x64x64_w4_v6,2.110,2.110,2.110,2.110,1.5590,2.600e-04,3.285e-02,1.890e-02,5
INT8,LUT,"U(-1,1)",32,7168,7168,64x128x64_w4_v6,4.140,4.130,4.140,4.138,0.7940,2.600e-04,3.285e-02,1.890e-02,5
INT8,LUT,"U(-1,1)",32,7168,7168,64x64x64_w4_v6,3.730,3.720,3.740,3.730,0.8820,2.600e-04,3.285e-02,1.890e-02,5
INT8,LUT,"U(-1,1)",32,7168,7168,64x128x32_w4_v7,5.110,5.100,5.110,5.108,0.6430,2.600e-04,3.285e-02,1.890e-02,5
INT8,LUT,"U(-1,1)",32,7168,7168,64x64x32_w4_v7,5.950,5.940,5.960,5.948,0.5530,2.600e-04,3.285e-02,1.890e-02,5
INT8,LUT,"U(-1,1)",32,7168,7168,32x128x32_w4_v7,5.410,5.350,5.410,5.396,0.6080,2.600e-04,3.285e-02,1.890e-02,5
INT8,LUT,"U(-1,1)",32,7168,7168,32x64x32_w4_v7,6.410,6.400,6.420,6.410,0.5130,2.600e-04,3.285e-02,1.890e-02,5
INT8,LUT,"U(-1,1)",32,7168,7168,128x64x32_w4_v8,3.600,3.600,3.620,3.606,0.9120,5.471e-03,2.028e+00,5.974e-01,5
INT8,LUT,"U(-1,1)",32,7168,7168,128x128x32_w4_v8,3.810,3.790,3.830,3.812,0.8640,5.471e-03,2.028e+00,5.974e-01,5
INT8,LUT,"U(-1,1)",32,7168,7168,64x64x32_w4_v8,6.020,6.010,6.030,6.022,0.5460,5.471e-03,2.028e+00,5.974e-01,5
INT8,LUT,"U(-1,1)",32,7168,7168,64x128x32_w4_v8,5.140,5.140,5.150,5.144,0.6390,5.471e-03,2.028e+00,5.974e-01,5
INT8,LUT,"U(-1,1)",32,7168,7168,32x128x32_w4_v8,5.260,5.260,5.270,5.264,0.6250,5.471e-03,2.028e+00,5.974e-01,5
INT8,LUT,"U(-1,1)",32,7168,7168,32x64x32_w4_v8,6.400,6.400,6.430,6.408,0.5140,5.471e-03,2.028e+00,5.974e-01,5
INT8,LUT,"U(-1,1)",32,7168,7168,128x128x32_w4_v9_ck2,3.650,3.640,3.670,3.654,0.9010,7.091e-01,1.770e+02,9.233e+01,5
INT8,LUT,"U(-1,1)",32,7168,7168,128x128x32_w4_v9_ck4,3.730,3.720,3.730,3.726,0.8820,7.092e-01,1.770e+02,9.232e+01,5
INT8,LUT,"U(-1,1)",32,7168,7168,128x128x32_w4_v9_ck8,3.730,3.730,3.730,3.730,0.8820,7.094e-01,1.770e+02,9.231e+01,5
INT8,LUT,"U(-1,1)",32,7168,7168,64x128x32_w4_v9_ck4,5.020,5.020,5.040,5.026,0.6540,7.092e-01,1.770e+02,9.232e+01,5
INT8,LUT,"U(-1,1)",32,7168,7168,64x64x32_w4_v9_ck4,5.850,5.830,5.870,5.852,0.5620,7.092e-01,1.770e+02,9.232e+01,5
INT8,LUT,"U(-1,1)",32,7168,7168,128x128x32_w4_v10,3.760,3.750,3.770,3.758,0.8760,2.600e-04,3.285e-02,1.890e-02,5
INT8,LUT,"U(-1,1)",32,7168,7168,128x64x32_w4_v10,3.550,3.540,3.550,3.546,0.9270,2.600e-04,3.285e-02,1.890e-02,5
INT8,LUT,"U(-1,1)",32,7168,7168,64x128x32_w4_v10,5.250,5.240,5.270,5.256,0.6260,2.600e-04,3.285e-02,1.890e-02,5
INT8,LUT,"U(-1,1)",32,7168,7168,64x64x32_w4_v10,5.620,5.610,5.640,5.624,0.5850,2.600e-04,3.285e-02,1.890e-02,5
INT8,LUT,"U(-1,1)",32,7168,7168,64x256x32_w8_v10,3.810,3.800,3.820,3.812,0.8620,2.600e-04,3.285e-02,1.890e-02,5
INT8,LUT,"U(-1,1)",32,7168,7168,128x128x32_w4_v11,4.510,4.500,4.520,4.508,0.7290,2.600e-04,3.285e-02,1.890e-02,5
INT8,LUT,"U(-1,1)",32,7168,7168,64x128x32_w4_v11,6.350,6.340,6.360,6.352,0.5180,2.600e-04,3.285e-02,1.890e-02,5
INT8,LUT,"U(-1,1)",32,7168,7168,128x256x32_w8_v11,1.700,1.700,1.700,1.700,1.9370,2.600e-04,3.285e-02,1.890e-02,5
INT8,LUT,"U(-1,1)",32,7168,7168,64x256x32_w8_v11,4.330,4.330,4.340,4.334,0.7590,2.600e-04,3.285e-02,1.890e-02,5
INT8,LUT,"U(-1,1)",32,7168,7168,128x128x16_w4_v11,4.200,4.180,4.200,4.194,0.7840,2.600e-04,3.285e-02,1.890e-02,5
INT8,LUT,"U(-1,1)",32,7168,7168,64x128x16_w4_v11,4.790,4.780,4.800,4.788,0.6870,2.600e-04,3.285e-02,1.890e-02,5
INT8,LUT,"U(-1,1)",32,7168,7168,128x256x16_w8_v11,1.630,1.610,1.650,1.628,2.0200,2.600e-04,3.285e-02,1.890e-02,5
INT8,LUT,"U(-1,1)",32,7168,7168,64x256x16_w8_v11,4.320,4.310,4.330,4.320,0.7620,2.600e-04,3.285e-02,1.890e-02,5
INT8,LUT,"U(-1,1)",32,7168,7168,64x256x16_w4f4_v11,3.690,3.690,3.700,3.694,0.8910,2.600e-04,3.285e-02,1.890e-02,5
INT8,LUT,"U(-1,1)",32,7168,7168,128x256x16_w4f4_v11,1.750,1.750,1.750,1.750,1.8790,2.600e-04,3.285e-02,1.890e-02,5
INT8,LUT,"U(-1,1)",32,7168,7168,32x128x16_w4_v11,5.420,5.410,5.430,5.422,0.6060,2.600e-04,3.285e-02,1.890e-02,5
INT8,LUT,"U(-1,1)",32,7168,7168,32x256x16_w8_v11,4.870,4.860,4.890,4.874,0.6750,2.600e-04,3.285e-02,1.890e-02,5
INT8,LUT,"U(-1,1)",32,7168,7168,32x128x32_w4_v11,6.370,6.340,6.400,6.372,0.5160,2.600e-04,3.285e-02,1.890e-02,5
INT8,LUT,"U(-1,1)",32,7168,7168,192x128x16_w4_v11,3.400,3.390,3.400,3.398,0.9680,2.600e-04,3.285e-02,1.890e-02,5
INT8,LUT,"U(-1,1)",32,7168,7168,256x128x16_w4_v11,1.480,1.480,1.490,1.484,2.2150,2.600e-04,3.285e-02,1.890e-02,5
INT8,LUT,"U(-1,1)",32,7168,7168,64x128x16_w2f4_v11,4.150,4.140,4.150,4.146,0.7930,2.600e-04,3.285e-02,1.890e-02,5
INT8,LUT,"U(-1,1)",32,7168,7168,64x128x32_w2f4_v11,4.460,4.450,4.470,4.462,0.7370,2.600e-04,3.285e-02,1.890e-02,5
INT8,LUT,"U(-1,1)",32,7168,7168,32x128x16_w2f4_v11,3.760,3.740,3.770,3.758,0.8740,2.600e-04,3.285e-02,1.890e-02,5
INT8,LUT,"U(-1,1)",32,7168,7168,128x128x16_w4_v12,4.150,4.150,4.170,4.156,0.7920,5.471e-03,2.028e+00,5.974e-01,5
INT8,LUT,"U(-1,1)",32,7168,7168,64x128x16_w4_v12,4.630,4.620,4.630,4.626,0.7100,5.471e-03,2.028e+00,5.974e-01,5
INT8,LUT,"U(-1,1)",32,7168,7168,128x256x16_w8_v12,3.700,3.690,3.710,3.702,0.8890,5.471e-03,2.028e+00,5.974e-01,5
INT8,LUT,"U(-1,1)",32,7168,7168,64x256x16_w8_v12,4.340,4.340,4.350,4.342,0.7580,5.471e-03,2.028e+00,5.974e-01,5
INT8,LUT,"U(-1,1)",32,7168,7168,128x128x32_w4_v12,4.530,4.520,4.550,4.536,0.7260,5.471e-03,2.028e+00,5.974e-01,5
INT8,LUT,"U(-1,1)",32,7168,7168,64x128x32_w4_v12,6.430,6.420,6.440,6.430,0.5120,5.471e-03,2.028e+00,5.974e-01,5
INT8,LUT,"U(-1,1)",32,7168,7168,32x128x16_w4_v12,5.200,5.180,5.230,5.206,0.6320,5.471e-03,2.028e+00,5.974e-01,5
INT8,LUT,"U(-1,1)",32,7168,7168,32x256x16_w8_v12,4.800,4.780,4.850,4.804,0.6850,5.471e-03,2.028e+00,5.974e-01,5
INT8,LUT,"U(-1,1)",32,7168,7168,64x128x16_w2f4_v12,4.090,4.080,4.100,4.090,0.8040,5.471e-03,2.028e+00,5.974e-01,5
INT8,LUT,"U(-1,1)",32,7168,7168,64x256x16_w4f4_v12,3.560,3.560,3.570,3.564,0.9220,5.471e-03,2.028e+00,5.974e-01,5
INT8,LUT,"U(-1,1)",32,7168,7168,128x128x16_w4_v12_ms3,6.220,6.200,6.230,6.216,0.5290,5.471e-03,2.028e+00,5.974e-01,5
INT8,LUT,"U(-1,1)",32,7168,7168,64x128x16_w4_v12_ms3,8.070,8.020,8.080,8.058,0.4070,5.471e-03,2.028e+00,5.974e-01,5
INT8,LUT,"U(-1,1)",32,7168,7168,128x256x16_w8_v12_ms3,4.000,3.990,4.000,3.998,0.8220,5.471e-03,2.028e+00,5.974e-01,5
INT8,LUT,"U(-1,1)",32,7168,7168,64x256x16_w8_v12_ms3,5.520,5.510,5.530,5.518,0.5960,5.471e-03,2.028e+00,5.974e-01,5
INT8,LUT,"U(-1,1)",32,7168,7168,128x128x32_w4_v12_ms3,5.260,5.250,5.260,5.256,0.6250,5.471e-03,2.028e+00,5.974e-01,5
INT8,LUT,"U(-1,1)",32,7168,7168,64x128x32_w4_v12_ms3,8.700,8.670,8.730,8.700,0.3780,5.471e-03,2.028e+00,5.974e-01,5
INT8,LUT,"U(-1,1)",32,7168,7168,64x256x16_w4f4_v12_ms3,4.930,4.920,4.930,4.928,0.6680,5.471e-03,2.028e+00,5.974e-01,5
INT8,LUT,"U(-1,1)",32,7168,7168,64x128x16_w2f4_v12_ms3,6.560,6.540,6.580,6.562,0.5010,5.471e-03,2.028e+00,5.974e-01,5
INT8,LUT,"U(-1,1)",32,7168,7168,128x128x32_w4_v10s_ks1,3.750,3.740,3.770,3.754,0.8780,2.600e-04,3.285e-02,1.890e-02,5
INT8,LUT,"U(-1,1)",32,7168,7168,128x128x32_w4_v10s_ks2,5.730,5.720,5.740,5.732,0.5740,2.600e-04,3.288e-02,1.891e-02,5
INT8,LUT,"U(-1,1)",32,7168,7168,128x128x32_w4_v10s_ks4,5.670,5.660,5.680,5.670,0.5800,2.600e-04,3.289e-02,1.891e-02,5
INT8,LUT,"U(-1,1)",32,7168,7168,128x128x32_w4_v10s_ks8,7.220,7.210,7.230,7.218,0.4560,2.600e-04,3.291e-02,1.892e-02,5
INT8,LUT,"U(-1,1)",32,7168,7168,64x128x32_w4_v10s_ks2,8.030,8.000,8.050,8.026,0.4090,2.600e-04,3.288e-02,1.891e-02,5
INT8,LUT,"U(-1,1)",32,7168,7168,64x128x32_w4_v10s_ks4,9.460,9.410,9.480,9.454,0.3480,2.600e-04,3.289e-02,1.891e-02,5
INT8,LUT,"U(-1,1)",32,7168,7168,64x128x32_w4_v10s_ks8,10.740,10.680,10.750,10.732,0.3060,2.600e-04,3.291e-02,1.892e-02,5
INT8,LUT,"U(-1,1)",32,7168,7168,64x64x32_w4_v10s_ks2,8.430,8.410,8.450,8.432,0.3900,2.600e-04,3.288e-02,1.891e-02,5
INT8,LUT,"U(-1,1)",32,7168,7168,64x64x32_w4_v10s_ks4,7.580,7.460,7.650,7.566,0.4340,2.600e-04,3.289e-02,1.891e-02,5
INT8,LUT,"U(-1,1)",32,7168,7168,64x64x32_w4_v10s_ks8,8.340,8.290,8.380,8.332,0.3940,2.600e-04,3.291e-02,1.892e-02,5
INT8,LUT,"U(-1,1)",32,7168,7168,64x256x32_w8_v10s_ks2,7.300,7.220,7.310,7.282,0.4510,2.600e-04,3.288e-02,1.891e-02,5
INT8,LUT,"U(-1,1)",32,7168,7168,64x256x32_w8_v10s_ks4,8.500,8.480,8.540,8.512,0.3870,2.600e-04,3.289e-02,1.891e-02,5
INT8,LUT,"U(-1,1)",32,7168,7168,128x128x32_cutlass_p1,7.780,7.700,8.350,7.916,0.4230,2.600e-04,3.285e-02,1.890e-02,5
INT8,BITSHIFT,"U(-1,1)",32,7168,7168,128x128x32_cutlass_p1,8.090,7.880,8.190,8.064,0.4070,2.600e-04,3.285e-02,1.890e-02,5
INT8,LUT,"U(-1,1)",32,7168,7168,64x128x32_cutlass_p1,7.920,7.810,8.120,7.932,0.4150,2.600e-04,3.285e-02,1.890e-02,5
INT8,BITSHIFT,"U(-1,1)",32,7168,7168,64x128x32_cutlass_p1,8.270,7.870,8.350,8.188,0.3980,2.600e-04,3.285e-02,1.890e-02,5
INT8,LUT,"U(-1,1)",32,7168,7168,128x64x32_cutlass_p1,8.160,8.100,8.440,8.220,0.4030,2.600e-04,3.285e-02,1.890e-02,5
INT8,BITSHIFT,"U(-1,1)",32,7168,7168,128x64x32_cutlass_p1,8.210,8.060,8.580,8.236,0.4010,2.600e-04,3.285e-02,1.890e-02,5
INT8,LUT,"U(-1,1)",64,7168,7168,16x64x32_w4,4.110,4.100,4.110,4.106,1.6010,2.596e-04,3.949e-02,1.861e-02,5
INT8,BITSHIFT,"U(-1,1)",64,7168,7168,16x64x32_w4,3.630,3.610,3.630,3.624,1.8130,1.849e-04,2.502e-02,1.358e-02,5
INT8,LUT,"U(-1,1)",64,7168,7168,16x128x32_w8,4.010,3.980,4.010,4.004,1.6410,2.596e-04,3.949e-02,1.861e-02,5
INT8,BITSHIFT,"U(-1,1)",64,7168,7168,16x128x32_w8,3.530,3.500,3.530,3.524,1.8630,1.849e-04,2.502e-02,1.358e-02,5
INT8,LUT,"U(-1,1)",64,7168,7168,16x128x32_w4f2,2.530,2.510,2.540,2.528,2.5990,2.596e-04,3.949e-02,1.861e-02,5
INT8,LUT,"U(-1,1)",64,7168,7168,16x256x32_w4f4,1.440,1.430,1.440,1.438,4.5700,2.596e-04,3.949e-02,1.861e-02,5
INT8,LUT,"U(-1,1)",64,7168,7168,128x64x32_w4_v1,2.840,2.810,2.840,2.832,2.3180,2.596e-04,3.949e-02,1.861e-02,5
INT8,LUT,"U(-1,1)",64,7168,7168,128x128x32_w4_v1,2.150,2.140,2.150,2.148,3.0650,2.596e-04,3.949e-02,1.861e-02,5
INT8,LUT,"U(-1,1)",64,7168,7168,128x256x32_w4_v1,0.910,0.910,0.910,0.910,7.2470,2.596e-04,3.949e-02,1.861e-02,5
INT8,LUT,"U(-1,1)",64,7168,7168,128x256x32_w8_v1,1.960,1.960,1.960,1.960,3.3520,2.596e-04,3.949e-02,1.861e-02,5
INT8,LUT,"U(-1,1)",64,7168,7168,64x64x32_w4_v1,3.630,3.620,3.640,3.630,1.8110,2.596e-04,3.949e-02,1.861e-02,5
INT8,LUT,"U(-1,1)",64,7168,7168,64x128x32_w4_v1,2.330,2.320,2.330,2.326,2.8240,2.596e-04,3.949e-02,1.861e-02,5
INT8,LUT,"U(-1,1)",64,7168,7168,128x64x32_w4_v2,4.880,4.860,4.880,4.874,1.3490,2.596e-04,3.949e-02,1.861e-02,5
INT8,LUT,"U(-1,1)",64,7168,7168,128x128x32_w4_v2,5.280,5.280,5.290,5.284,1.2440,2.596e-04,3.949e-02,1.861e-02,5
INT8,LUT,"U(-1,1)",64,7168,7168,128x256x32_w4_v2,2.800,2.800,2.810,2.804,2.3450,2.596e-04,3.949e-02,1.861e-02,5
INT8,LUT,"U(-1,1)",64,7168,7168,128x256x32_w8_v2,4.470,4.460,4.480,4.472,1.4700,2.596e-04,3.949e-02,1.861e-02,5
INT8,LUT,"U(-1,1)",64,7168,7168,64x64x32_w4_v2,7.510,7.460,7.510,7.494,0.8760,2.596e-04,3.949e-02,1.861e-02,5
INT8,LUT,"U(-1,1)",64,7168,7168,64x128x32_w4_v2,7.090,7.050,7.120,7.090,0.9280,2.596e-04,3.949e-02,1.861e-02,5
INT8,LUT,"U(-1,1)",64,7168,7168,128x64x32_w4_v3,7.110,7.100,7.120,7.112,0.9250,2.596e-04,3.949e-02,1.861e-02,5
INT8,LUT,"U(-1,1)",64,7168,7168,128x128x32_w4_v3,7.450,7.450,7.460,7.454,0.8820,2.596e-04,3.949e-02,1.861e-02,5
INT8,LUT,"U(-1,1)",64,7168,7168,64x64x32_w4_v3,10.650,10.600,10.720,10.654,0.6180,2.596e-04,3.949e-02,1.861e-02,5
INT8,LUT,"U(-1,1)",64,7168,7168,64x128x32_w4_v3,9.900,9.890,9.900,9.896,0.6640,2.596e-04,3.949e-02,1.861e-02,5
INT8,LUT,"U(-1,1)",64,7168,7168,32x128x32_w4_v3_b1,10.450,10.440,10.480,10.460,0.6290,2.596e-04,3.949e-02,1.861e-02,5
INT8,LUT,"U(-1,1)",64,7168,7168,32x64x32_w4_v3_b1,12.420,12.400,12.430,12.418,0.5290,2.596e-04,3.949e-02,1.861e-02,5
INT8,LUT,"U(-1,1)",64,7168,7168,32x256x32_w8_v3_b1,9.420,9.380,9.420,9.410,0.6980,2.596e-04,3.949e-02,1.861e-02,5
INT8,LUT,"U(-1,1)",64,7168,7168,128x128x32_w8_v3_b1alt,6.400,6.390,6.400,6.396,1.0280,2.596e-04,3.949e-02,1.861e-02,5
INT8,LUT,"U(-1,1)",64,7168,7168,64x128x32_w8_v3_b1alt,8.810,8.790,8.810,8.804,0.7470,2.596e-04,3.949e-02,1.861e-02,5
INT8,LUT,"U(-1,1)",64,7168,7168,128x64x32_w4_v4,6.850,6.850,6.870,6.858,0.9600,2.596e-04,3.949e-02,1.861e-02,5
INT8,LUT,"U(-1,1)",64,7168,7168,128x128x32_w4_v4,7.440,7.440,7.440,7.440,0.8840,2.596e-04,3.949e-02,1.861e-02,5
INT8,LUT,"U(-1,1)",64,7168,7168,64x64x32_w4_v4,10.580,10.570,10.590,10.582,0.6220,2.596e-04,3.949e-02,1.861e-02,5
INT8,LUT,"U(-1,1)",64,7168,7168,64x128x32_w4_v4,9.860,9.850,9.870,9.862,0.6670,2.596e-04,3.949e-02,1.861e-02,5
INT8,LUT,"U(-1,1)",64,7168,7168,128x64x32_w4_v5,6.890,6.880,6.910,6.892,0.9540,2.596e-04,3.949e-02,1.861e-02,5
INT8,LUT,"U(-1,1)",64,7168,7168,128x128x32_w4_v5,7.400,7.390,7.420,7.402,0.8890,2.596e-04,3.949e-02,1.861e-02,5
INT8,LUT,"U(-1,1)",64,7168,7168,64x64x32_w4_v5,10.520,10.490,10.550,10.522,0.6250,2.596e-04,3.949e-02,1.861e-02,5
INT8,LUT,"U(-1,1)",64,7168,7168,64x128x32_w4_v5,9.850,9.840,9.860,9.850,0.6680,2.596e-04,3.949e-02,1.861e-02,5
INT8,LUT,"U(-1,1)",64,7168,7168,128x128x64_w4_v6,5.570,5.570,5.580,5.572,1.1800,2.596e-04,3.949e-02,1.861e-02,5
INT8,LUT,"U(-1,1)",64,7168,7168,128x64x64_w4_v6,4.190,4.180,4.190,4.188,1.5690,2.596e-04,3.949e-02,1.861e-02,5
INT8,LUT,"U(-1,1)",64,7168,7168,64x128x64_w4_v6,8.000,7.940,8.010,7.986,0.8220,2.596e-04,3.949e-02,1.861e-02,5
INT8,LUT,"U(-1,1)",64,7168,7168,64x64x64_w4_v6,7.400,7.390,7.410,7.400,0.8890,2.596e-04,3.949e-02,1.861e-02,5
INT8,LUT,"U(-1,1)",64,7168,7168,64x128x32_w4_v7,9.920,9.910,9.950,9.924,0.6630,2.596e-04,3.949e-02,1.861e-02,5
INT8,LUT,"U(-1,1)",64,7168,7168,64x64x32_w4_v7,10.860,10.850,10.870,10.860,0.6050,2.596e-04,3.949e-02,1.861e-02,5
INT8,LUT,"U(-1,1)",64,7168,7168,32x128x32_w4_v7,10.450,10.420,10.460,10.446,0.6300,2.596e-04,3.949e-02,1.861e-02,5
INT8,LUT,"U(-1,1)",64,7168,7168,32x64x32_w4_v7,12.140,12.090,12.170,12.136,0.5420,2.596e-04,3.949e-02,1.861e-02,5
INT8,LUT,"U(-1,1)",64,7168,7168,128x64x32_w4_v8,7.130,7.120,7.140,7.130,0.9220,5.469e-03,2.259e+00,6.036e-01,5
INT8,LUT,"U(-1,1)",64,7168,7168,128x128x32_w4_v8,7.560,7.530,7.580,7.556,0.8700,5.469e-03,2.259e+00,6.036e-01,5
INT8,LUT,"U(-1,1)",64,7168,7168,64x64x32_w4_v8,11.060,11.040,11.070,11.058,0.5950,5.469e-03,2.259e+00,6.036e-01,5
INT8,LUT,"U(-1,1)",64,7168,7168,64x128x32_w4_v8,9.960,9.920,9.980,9.960,0.6600,5.469e-03,2.259e+00,6.036e-01,5
INT8,LUT,"U(-1,1)",64,7168,7168,32x128x32_w4_v8,10.220,10.190,10.230,10.218,0.6430,5.469e-03,2.259e+00,6.036e-01,5
INT8,LUT,"U(-1,1)",64,7168,7168,32x64x32_w4_v8,12.270,12.250,12.320,12.278,0.5360,5.469e-03,2.259e+00,6.036e-01,5
INT8,LUT,"U(-1,1)",64,7168,7168,128x128x32_w4_v9_ck2,7.090,7.080,7.140,7.100,0.9280,7.099e-01,1.770e+02,9.159e+01,5
INT8,LUT,"U(-1,1)",64,7168,7168,128x128x32_w4_v9_ck4,7.380,7.370,7.410,7.384,0.8910,7.100e-01,1.770e+02,9.157e+01,5
INT8,LUT,"U(-1,1)",64,7168,7168,128x128x32_w4_v9_ck8,7.440,7.430,7.440,7.438,0.8840,7.101e-01,1.770e+02,9.158e+01,5
INT8,LUT,"U(-1,1)",64,7168,7168,64x128x32_w4_v9_ck4,9.790,9.780,9.810,9.794,0.6720,7.100e-01,1.770e+02,9.157e+01,5
INT8,LUT,"U(-1,1)",64,7168,7168,64x64x32_w4_v9_ck4,10.920,10.890,10.940,10.916,0.6020,7.100e-01,1.770e+02,9.157e+01,5
INT8,LUT,"U(-1,1)",64,7168,7168,128x128x32_w4_v10,7.510,7.460,7.520,7.502,0.8760,2.596e-04,3.949e-02,1.861e-02,5
INT8,LUT,"U(-1,1)",64,7168,7168,128x64x32_w4_v10,7.020,7.000,7.030,7.020,0.9360,2.596e-04,3.949e-02,1.861e-02,5
INT8,LUT,"U(-1,1)",64,7168,7168,64x128x32_w4_v10,10.100,10.060,10.120,10.096,0.6510,2.596e-04,3.949e-02,1.861e-02,5
INT8,LUT,"U(-1,1)",64,7168,7168,64x64x32_w4_v10,11.030,10.990,11.030,11.020,0.5960,2.596e-04,3.949e-02,1.861e-02,5
INT8,LUT,"U(-1,1)",64,7168,7168,64x256x32_w8_v10,6.950,6.930,6.960,6.950,0.9460,2.596e-04,3.949e-02,1.861e-02,5
INT8,LUT,"U(-1,1)",64,7168,7168,128x128x32_w4_v11,8.650,8.630,8.650,8.644,0.7610,2.596e-04,3.949e-02,1.861e-02,5
INT8,LUT,"U(-1,1)",64,7168,7168,64x128x32_w4_v11,11.660,11.640,11.680,11.660,0.5640,2.596e-04,3.949e-02,1.861e-02,5
INT8,LUT,"U(-1,1)",64,7168,7168,128x256x32_w8_v11,3.270,3.270,3.270,3.270,2.0110,2.596e-04,3.949e-02,1.861e-02,5
INT8,LUT,"U(-1,1)",64,7168,7168,64x256x32_w8_v11,7.900,7.880,7.910,7.896,0.8320,2.596e-04,3.949e-02,1.861e-02,5
INT8,LUT,"U(-1,1)",64,7168,7168,128x128x16_w4_v11,7.540,7.530,7.580,7.546,0.8720,2.596e-04,3.949e-02,1.861e-02,5
INT8,LUT,"U(-1,1)",64,7168,7168,64x128x16_w4_v11,7.420,7.410,7.420,7.418,0.8870,2.596e-04,3.949e-02,1.861e-02,5
INT8,LUT,"U(-1,1)",64,7168,7168,128x256x16_w8_v11,3.140,3.120,3.170,3.140,2.0970,2.596e-04,3.949e-02,1.861e-02,5
INT8,LUT,"U(-1,1)",64,7168,7168,64x256x16_w8_v11,7.420,7.410,7.420,7.416,0.8870,2.596e-04,3.949e-02,1.861e-02,5
INT8,LUT,"U(-1,1)",64,7168,7168,64x256x16_w4f4_v11,6.050,6.040,6.060,6.050,1.0870,2.596e-04,3.949e-02,1.861e-02,5
INT8,LUT,"U(-1,1)",64,7168,7168,128x256x16_w4f4_v11,3.200,3.190,3.210,3.200,2.0560,2.596e-04,3.949e-02,1.861e-02,5
INT8,LUT,"U(-1,1)",64,7168,7168,32x128x16_w4_v11,11.020,10.980,11.040,11.018,0.5970,2.596e-04,3.949e-02,1.861e-02,5
INT8,LUT,"U(-1,1)",64,7168,7168,32x256x16_w8_v11,9.860,9.840,9.880,9.858,0.6670,2.596e-04,3.949e-02,1.861e-02,5
INT8,LUT,"U(-1,1)",64,7168,7168,32x128x32_w4_v11,12.960,12.910,13.010,12.964,0.5070,2.596e-04,3.949e-02,1.861e-02,5
INT8,LUT,"U(-1,1)",64,7168,7168,192x128x16_w4_v11,5.570,5.570,5.580,5.574,1.1810,2.596e-04,3.949e-02,1.861e-02,5
INT8,LUT,"U(-1,1)",64,7168,7168,256x128x16_w4_v11,2.790,2.780,2.790,2.788,2.3580,2.596e-04,3.949e-02,1.861e-02,5
INT8,LUT,"U(-1,1)",64,7168,7168,64x128x16_w2f4_v11,7.490,7.460,7.510,7.486,0.8780,2.596e-04,3.949e-02,1.861e-02,5
INT8,LUT,"U(-1,1)",64,7168,7168,64x128x32_w2f4_v11,8.370,8.360,8.390,8.372,0.7860,2.596e-04,3.949e-02,1.861e-02,5
INT8,LUT,"U(-1,1)",64,7168,7168,32x128x16_w2f4_v11,7.490,7.430,7.520,7.482,0.8780,2.596e-04,3.949e-02,1.861e-02,5
INT8,LUT,"U(-1,1)",64,7168,7168,128x128x16_w4_v12,7.460,7.460,7.460,7.460,0.8820,5.469e-03,2.259e+00,6.036e-01,5
INT8,LUT,"U(-1,1)",64,7168,7168,64x128x16_w4_v12,7.420,7.410,7.430,7.422,0.8860,5.469e-03,2.259e+00,6.036e-01,5
INT8,LUT,"U(-1,1)",64,7168,7168,128x256x16_w8_v12,5.970,5.960,5.970,5.968,1.1020,5.469e-03,2.259e+00,6.036e-01,5
INT8,LUT,"U(-1,1)",64,7168,7168,64x256x16_w8_v12,7.360,7.350,7.360,7.358,0.8930,5.469e-03,2.259e+00,6.036e-01,5
INT8,LUT,"U(-1,1)",64,7168,7168,128x128x32_w4_v12,8.840,8.810,8.850,8.836,0.7440,5.469e-03,2.259e+00,6.036e-01,5
INT8,LUT,"U(-1,1)",64,7168,7168,64x128x32_w4_v12,12.180,12.160,12.200,12.182,0.5400,5.469e-03,2.259e+00,6.036e-01,5
INT8,LUT,"U(-1,1)",64,7168,7168,32x128x16_w4_v12,10.590,10.590,10.630,10.600,0.6210,5.469e-03,2.259e+00,6.036e-01,5
INT8,LUT,"U(-1,1)",64,7168,7168,32x256x16_w8_v12,9.880,9.850,9.890,9.870,0.6660,5.469e-03,2.259e+00,6.036e-01,5
INT8,LUT,"U(-1,1)",64,7168,7168,64x128x16_w2f4_v12,7.450,7.440,7.460,7.448,0.8830,5.469e-03,2.259e+00,6.036e-01,5
INT8,LUT,"U(-1,1)",64,7168,7168,64x256x16_w4f4_v12,5.990,5.980,6.000,5.988,1.0980,5.469e-03,2.259e+00,6.036e-01,5
INT8,LUT,"U(-1,1)",64,7168,7168,128x128x16_w4_v12_ms3,11.830,11.810,11.840,11.826,0.5560,5.469e-03,2.259e+00,6.036e-01,5
INT8,LUT,"U(-1,1)",64,7168,7168,64x128x16_w4_v12_ms3,14.720,14.670,14.820,14.740,0.4470,5.469e-03,2.259e+00,6.036e-01,5
INT8,LUT,"U(-1,1)",64,7168,7168,128x256x16_w8_v12_ms3,7.600,7.600,7.610,7.604,0.8650,5.469e-03,2.259e+00,6.036e-01,5
INT8,LUT,"U(-1,1)",64,7168,7168,64x256x16_w8_v12_ms3,9.710,9.700,9.720,9.708,0.6770,5.469e-03,2.259e+00,6.036e-01,5
INT8,LUT,"U(-1,1)",64,7168,7168,128x128x32_w4_v12_ms3,10.220,10.210,10.220,10.216,0.6440,5.469e-03,2.259e+00,6.036e-01,5
INT8,LUT,"U(-1,1)",64,7168,7168,64x128x32_w4_v12_ms3,15.740,15.680,15.770,15.734,0.4180,5.469e-03,2.259e+00,6.036e-01,5
INT8,LUT,"U(-1,1)",64,7168,7168,64x256x16_w4f4_v12_ms3,9.150,9.140,9.160,9.150,0.7190,5.469e-03,2.259e+00,6.036e-01,5
INT8,LUT,"U(-1,1)",64,7168,7168,64x128x16_w2f4_v12_ms3,11.740,11.730,11.760,11.744,0.5600,5.469e-03,2.259e+00,6.036e-01,5
INT8,LUT,"U(-1,1)",64,7168,7168,128x128x32_w4_v10s_ks1,7.490,7.460,7.530,7.492,0.8780,2.596e-04,3.949e-02,1.861e-02,5
INT8,LUT,"U(-1,1)",64,7168,7168,128x128x32_w4_v10s_ks2,11.140,11.120,11.160,11.138,0.5900,2.596e-04,3.950e-02,1.862e-02,5
INT8,LUT,"U(-1,1)",64,7168,7168,128x128x32_w4_v10s_ks4,11.020,10.980,11.030,11.012,0.5970,2.596e-04,3.953e-02,1.863e-02,5
INT8,LUT,"U(-1,1)",64,7168,7168,128x128x32_w4_v10s_ks8,13.910,13.890,13.950,13.914,0.4730,2.596e-04,3.949e-02,1.866e-02,5
INT8,LUT,"U(-1,1)",64,7168,7168,64x128x32_w4_v10s_ks2,15.680,15.610,15.740,15.678,0.4190,2.596e-04,3.950e-02,1.862e-02,5
INT8,LUT,"U(-1,1)",64,7168,7168,64x128x32_w4_v10s_ks4,18.160,18.140,18.270,18.182,0.3620,2.596e-04,3.953e-02,1.863e-02,5
INT8,LUT,"U(-1,1)",64,7168,7168,64x128x32_w4_v10s_ks8,20.460,20.440,20.490,20.466,0.3210,2.596e-04,3.949e-02,1.866e-02,5
INT8,LUT,"U(-1,1)",64,7168,7168,64x64x32_w4_v10s_ks2,16.540,16.430,16.560,16.520,0.3980,2.596e-04,3.950e-02,1.862e-02,5
INT8,LUT,"U(-1,1)",64,7168,7168,64x64x32_w4_v10s_ks4,14.540,14.370,14.560,14.514,0.4520,2.596e-04,3.953e-02,1.863e-02,5
INT8,LUT,"U(-1,1)",64,7168,7168,64x64x32_w4_v10s_ks8,15.500,15.360,15.820,15.560,0.4240,2.596e-04,3.949e-02,1.866e-02,5
INT8,LUT,"U(-1,1)",64,7168,7168,64x256x32_w8_v10s_ks2,13.210,13.200,13.250,13.216,0.4980,2.596e-04,3.950e-02,1.862e-02,5
INT8,LUT,"U(-1,1)",64,7168,7168,64x256x32_w8_v10s_ks4,15.850,15.820,15.950,15.872,0.4150,2.596e-04,3.953e-02,1.863e-02,5
INT8,LUT,"U(-1,1)",64,7168,7168,128x128x32_cutlass_p1,16.720,15.670,17.600,16.692,0.3930,2.596e-04,3.949e-02,1.861e-02,5
INT8,BITSHIFT,"U(-1,1)",64,7168,7168,128x128x32_cutlass_p1,16.230,15.510,17.530,16.406,0.4050,2.596e-04,3.949e-02,1.861e-02,5
INT8,LUT,"U(-1,1)",64,7168,7168,64x128x32_cutlass_p1,16.580,15.620,17.500,16.476,0.3970,2.596e-04,3.949e-02,1.861e-02,5
INT8,BITSHIFT,"U(-1,1)",64,7168,7168,64x128x32_cutlass_p1,16.360,15.840,17.440,16.428,0.4020,2.596e-04,3.949e-02,1.861e-02,5
INT8,LUT,"U(-1,1)",64,7168,7168,128x64x32_cutlass_p1,16.760,16.560,17.350,16.868,0.3920,2.596e-04,3.949e-02,1.861e-02,5
INT8,BITSHIFT,"U(-1,1)",64,7168,7168,128x64x32_cutlass_p1,16.600,15.890,17.310,16.638,0.3960,2.596e-04,3.949e-02,1.861e-02,5
INT8,LUT,"U(-1,1)",256,7168,7168,16x64x32_w4,5.070,5.070,5.080,5.074,5.1840,2.595e-04,3.950e-02,1.818e-02,5
INT8,BITSHIFT,"U(-1,1)",256,7168,7168,16x64x32_w4,3.580,3.570,3.620,3.588,7.3420,1.848e-04,2.550e-02,1.292e-02,5
INT8,LUT,"U(-1,1)",256,7168,7168,16x128x32_w8,4.640,4.600,4.680,4.644,5.6750,2.595e-04,3.950e-02,1.818e-02,5
INT8,BITSHIFT,"U(-1,1)",256,7168,7168,16x128x32_w8,3.450,3.420,3.600,3.496,7.6300,1.848e-04,2.550e-02,1.292e-02,5
INT8,LUT,"U(-1,1)",256,7168,7168,16x128x32_w4f2,4.420,4.400,4.440,4.418,5.9540,2.595e-04,3.950e-02,1.818e-02,5
INT8,LUT,"U(-1,1)",256,7168,7168,16x256x32_w4f4,2.660,2.650,2.730,2.678,9.8780,2.595e-04,3.950e-02,1.818e-02,5
INT8,LUT,"U(-1,1)",256,7168,7168,128x64x32_w4_v1,10.050,9.990,10.060,10.034,2.6170,2.595e-04,3.950e-02,1.818e-02,5
INT8,LUT,"U(-1,1)",256,7168,7168,128x128x32_w4_v1,7.780,7.730,7.800,7.768,3.3820,2.595e-04,3.950e-02,1.818e-02,5
INT8,LUT,"U(-1,1)",256,7168,7168,128x256x32_w4_v1,2.990,2.980,3.000,2.990,8.8120,2.595e-04,3.950e-02,1.818e-02,5
INT8,LUT,"U(-1,1)",256,7168,7168,128x256x32_w8_v1,7.750,7.730,7.760,7.746,3.3930,2.595e-04,3.950e-02,1.818e-02,5
INT8,LUT,"U(-1,1)",256,7168,7168,64x64x32_w4_v1,6.520,6.470,6.580,6.520,4.0350,2.595e-04,3.950e-02,1.818e-02,5
INT8,LUT,"U(-1,1)",256,7168,7168,64x128x32_w4_v1,8.780,8.780,8.800,8.786,2.9960,2.595e-04,3.950e-02,1.818e-02,5
INT8,LUT,"U(-1,1)",256,7168,7168,128x64x32_w4_v2,15.320,15.310,15.330,15.322,1.7170,2.595e-04,3.950e-02,1.818e-02,5
INT8,LUT,"U(-1,1)",256,7168,7168,128x128x32_w4_v2,16.730,16.600,16.770,16.692,1.5720,2.595e-04,3.950e-02,1.818e-02,5
INT8,LUT,"U(-1,1)",256,7168,7168,128x256x32_w4_v2,9.020,9.020,9.030,9.024,2.9170,2.595e-04,3.950e-02,1.818e-02,5
INT8,LUT,"U(-1,1)",256,7168,7168,128x256x32_w8_v2,16.060,16.050,16.090,16.068,1.6380,2.595e-04,3.950e-02,1.818e-02,5
INT8,LUT,"U(-1,1)",256,7168,7168,64x64x32_w4_v2,15.380,15.370,15.390,15.380,1.7100,2.595e-04,3.950e-02,1.818e-02,5
INT8,LUT,"U(-1,1)",256,7168,7168,64x128x32_w4_v2,20.350,20.350,20.380,20.360,1.2920,2.595e-04,3.950e-02,1.818e-02,5
INT8,LUT,"U(-1,1)",256,7168,7168,128x64x32_w4_v3,20.720,20.700,20.730,20.718,1.2700,2.595e-04,3.950e-02,1.818e-02,5
INT8,LUT,"U(-1,1)",256,7168,7168,128x128x32_w4_v3,21.540,21.190,21.620,21.496,1.2210,2.595e-04,3.950e-02,1.818e-02,5
INT8,LUT,"U(-1,1)",256,7168,7168,64x64x32_w4_v3,13.910,13.600,14.530,14.026,1.8910,2.595e-04,3.950e-02,1.818e-02,5
INT8,LUT,"U(-1,1)",256,7168,7168,64x128x32_w4_v3,26.960,26.940,26.980,26.964,0.9760,2.595e-04,3.950e-02,1.818e-02,5
INT8,LUT,"U(-1,1)",256,7168,7168,32x128x32_w4_v3_b1,14.800,14.200,14.900,14.606,1.7770,2.595e-04,3.950e-02,1.818e-02,5
INT8,LUT,"U(-1,1)",256,7168,7168,32x64x32_w4_v3_b1,14.170,14.160,14.180,14.170,1.8560,2.595e-04,3.950e-02,1.818e-02,5
INT8,LUT,"U(-1,1)",256,7168,7168,32x256x32_w8_v3_b1,13.640,13.630,13.660,13.644,1.9280,2.595e-04,3.950e-02,1.818e-02,5
INT8,LUT,"U(-1,1)",256,7168,7168,128x128x32_w8_v3_b1alt,15.820,15.800,15.830,15.818,1.6630,2.595e-04,3.950e-02,1.818e-02,5
INT8,LUT,"U(-1,1)",256,7168,7168,64x128x32_w8_v3_b1alt,13.490,13.460,13.590,13.518,1.9490,2.595e-04,3.950e-02,1.818e-02,5
INT8,LUT,"U(-1,1)",256,7168,7168,128x64x32_w4_v4,20.060,20.050,20.080,20.066,1.3110,2.595e-04,3.950e-02,1.818e-02,5
INT8,LUT,"U(-1,1)",256,7168,7168,128x128x32_w4_v4,21.800,21.710,21.980,21.844,1.2070,2.595e-04,3.950e-02,1.818e-02,5
INT8,LUT,"U(-1,1)",256,7168,7168,64x64x32_w4_v4,14.490,14.480,14.600,14.526,1.8150,2.595e-04,3.950e-02,1.818e-02,5
INT8,LUT,"U(-1,1)",256,7168,7168,64x128x32_w4_v4,26.500,26.490,26.520,26.502,0.9930,2.595e-04,3.950e-02,1.818e-02,5
INT8,LUT,"U(-1,1)",256,7168,7168,128x64x32_w4_v5,14.230,14.200,14.290,14.232,1.8480,2.595e-04,3.950e-02,1.818e-02,5
INT8,LUT,"U(-1,1)",256,7168,7168,128x128x32_w4_v5,21.100,21.060,21.150,21.108,1.2470,2.595e-04,3.950e-02,1.818e-02,5
INT8,LUT,"U(-1,1)",256,7168,7168,64x64x32_w4_v5,14.090,14.060,14.120,14.092,1.8670,2.595e-04,3.950e-02,1.818e-02,5
INT8,LUT,"U(-1,1)",256,7168,7168,64x128x32_w4_v5,17.870,17.820,17.920,17.862,1.4720,2.595e-04,3.950e-02,1.818e-02,5
INT8,LUT,"U(-1,1)",256,7168,7168,128x128x64_w4_v6,15.140,15.060,15.190,15.134,1.7370,2.595e-04,3.950e-02,1.818e-02,5
INT8,LUT,"U(-1,1)",256,7168,7168,128x64x64_w4_v6,12.030,12.020,12.030,12.028,2.1870,2.595e-04,3.950e-02,1.818e-02,5
INT8,LUT,"U(-1,1)",256,7168,7168,64x128x64_w4_v6,18.920,18.910,18.930,18.920,1.3900,2.595e-04,3.950e-02,1.818e-02,5
INT8,LUT,"U(-1,1)",256,7168,7168,64x64x64_w4_v6,8.870,8.520,9.010,8.806,2.9670,2.595e-04,3.950e-02,1.818e-02,5
INT8,LUT,"U(-1,1)",256,7168,7168,64x128x32_w4_v7,16.450,16.430,16.460,16.446,1.5990,2.595e-04,3.950e-02,1.818e-02,5
INT8,LUT,"U(-1,1)",256,7168,7168,64x64x32_w4_v7,17.380,17.330,17.400,17.374,1.5130,2.595e-04,3.950e-02,1.818e-02,5
INT8,LUT,"U(-1,1)",256,7168,7168,32x128x32_w4_v7,12.980,12.940,13.010,12.978,2.0270,2.595e-04,3.950e-02,1.818e-02,5
INT8,LUT,"U(-1,1)",256,7168,7168,32x64x32_w4_v7,13.430,13.400,13.440,13.426,1.9580,2.595e-04,3.950e-02,1.818e-02,5
INT8,LUT,"U(-1,1)",256,7168,7168,128x64x32_w4_v8,20.350,20.350,20.370,20.356,1.2920,5.466e-03,2.259e+00,6.049e-01,5
INT8,LUT,"U(-1,1)",256,7168,7168,128x128x32_w4_v8,22.310,22.180,22.320,22.286,1.1790,5.466e-03,2.259e+00,6.049e-01,5
INT8,LUT,"U(-1,1)",256,7168,7168,64x64x32_w4_v8,14.890,14.830,14.890,14.866,1.7670,5.466e-03,2.259e+00,6.049e-01,5
INT8,LUT,"U(-1,1)",256,7168,7168,64x128x32_w4_v8,26.920,26.900,26.930,26.920,0.9770,5.466e-03,2.259e+00,6.049e-01,5
INT8,LUT,"U(-1,1)",256,7168,7168,32x128x32_w4_v8,14.270,13.970,14.660,14.312,1.8440,5.466e-03,2.259e+00,6.049e-01,5
INT8,LUT,"U(-1,1)",256,7168,7168,32x64x32_w4_v8,13.890,13.860,13.900,13.882,1.8940,5.466e-03,2.259e+00,6.049e-01,5
INT8,LUT,"U(-1,1)",256,7168,7168,128x128x32_w4_v9_ck2,20.260,20.130,20.710,20.306,1.2990,7.077e-01,1.820e+02,9.520e+01,5
INT8,LUT,"U(-1,1)",256,7168,7168,128x128x32_w4_v9_ck4,21.320,21.190,21.480,21.316,1.2340,7.078e-01,1.820e+02,9.520e+01,5
INT8,LUT,"U(-1,1)",256,7168,7168,128x128x32_w4_v9_ck8,21.660,21.530,21.750,21.646,1.2150,7.080e-01,1.820e+02,9.519e+01,5
INT8,LUT,"U(-1,1)",256,7168,7168,64x128x32_w4_v9_ck4,26.350,26.310,26.350,26.342,0.9980,7.078e-01,1.820e+02,9.520e+01,5
INT8,LUT,"U(-1,1)",256,7168,7168,64x64x32_w4_v9_ck4,14.810,14.760,14.820,14.796,1.7770,7.078e-01,1.820e+02,9.520e+01,5
INT8,LUT,"U(-1,1)",256,7168,7168,128x128x32_w4_v10,22.610,22.230,22.640,22.506,1.1640,2.595e-04,3.950e-02,1.818e-02,5
INT8,LUT,"U(-1,1)",256,7168,7168,128x64x32_w4_v10,20.600,20.600,20.620,20.604,1.2770,2.595e-04,3.950e-02,1.818e-02,5
INT8,LUT,"U(-1,1)",256,7168,7168,64x128x32_w4_v10,27.970,27.970,27.980,27.974,0.9400,2.595e-04,3.950e-02,1.818e-02,5
INT8,LUT,"U(-1,1)",256,7168,7168,64x64x32_w4_v10,15.580,15.490,15.600,15.550,1.6890,2.595e-04,3.950e-02,1.818e-02,5
INT8,LUT,"U(-1,1)",256,7168,7168,64x256x32_w8_v10,21.040,21.010,21.060,21.038,1.2510,2.595e-04,3.950e-02,1.818e-02,5
INT8,LUT,"U(-1,1)",256,7168,7168,128x128x32_w4_v11,24.960,24.760,25.140,24.964,1.0540,2.595e-04,3.950e-02,1.818e-02,5
INT8,LUT,"U(-1,1)",256,7168,7168,64x128x32_w4_v11,31.890,31.850,31.910,31.884,0.8250,2.595e-04,3.950e-02,1.818e-02,5
INT8,LUT,"U(-1,1)",256,7168,7168,128x256x32_w8_v11,9.260,9.000,9.480,9.208,2.8400,2.595e-04,3.950e-02,1.818e-02,5
INT8,LUT,"U(-1,1)",256,7168,7168,64x256x32_w8_v11,23.520,23.420,23.540,23.488,1.1180,2.595e-04,3.950e-02,1.818e-02,5
INT8,LUT,"U(-1,1)",256,7168,7168,128x128x16_w4_v11,29.160,29.120,29.170,29.154,0.9020,2.595e-04,3.950e-02,1.818e-02,5
INT8,LUT,"U(-1,1)",256,7168,7168,64x128x16_w4_v11,25.870,25.700,25.910,25.844,1.0170,2.595e-04,3.950e-02,1.818e-02,5
INT8,LUT,"U(-1,1)",256,7168,7168,128x256x16_w8_v11,7.030,6.940,7.080,7.016,3.7420,2.595e-04,3.950e-02,1.818e-02,5
INT8,LUT,"U(-1,1)",256,7168,7168,64x256x16_w8_v11,23.590,23.500,23.650,23.576,1.1150,2.595e-04,3.950e-02,1.818e-02,5
INT8,LUT,"U(-1,1)",256,7168,7168,64x256x16_w4f4_v11,22.990,22.910,23.050,22.976,1.1440,2.595e-04,3.950e-02,1.818e-02,5
INT8,LUT,"U(-1,1)",256,7168,7168,128x256x16_w4f4_v11,10.550,10.540,10.570,10.550,2.4950,2.595e-04,3.950e-02,1.818e-02,5
INT8,LUT,"U(-1,1)",256,7168,7168,32x128x16_w4_v11,18.400,18.280,18.430,18.366,1.4300,2.595e-04,3.950e-02,1.818e-02,5
INT8,LUT,"U(-1,1)",256,7168,7168,32x256x16_w8_v11,17.620,17.610,17.710,17.640,1.4930,2.595e-04,3.950e-02,1.818e-02,5
INT8,LUT,"U(-1,1)",256,7168,7168,32x128x32_w4_v11,19.190,18.980,19.480,19.242,1.3710,2.595e-04,3.950e-02,1.818e-02,5
INT8,LUT,"U(-1,1)",256,7168,7168,192x128x16_w4_v11,18.030,18.000,18.080,18.030,1.4590,2.595e-04,3.950e-02,1.818e-02,5
INT8,LUT,"U(-1,1)",256,7168,7168,256x128x16_w4_v11,7.470,7.470,7.480,7.472,3.5210,2.595e-04,3.950e-02,1.818e-02,5
INT8,LUT,"U(-1,1)",256,7168,7168,64x128x16_w2f4_v11,28.440,28.220,28.730,28.436,0.9250,2.595e-04,3.950e-02,1.818e-02,5
INT8,LUT,"U(-1,1)",256,7168,7168,64x128x32_w2f4_v11,29.880,29.520,30.000,29.820,0.8800,2.595e-04,3.950e-02,1.818e-02,5
INT8,LUT,"U(-1,1)",256,7168,7168,32x128x16_w2f4_v11,12.920,12.900,13.010,12.932,2.0370,2.595e-04,3.950e-02,1.818e-02,5
INT8,LUT,"U(-1,1)",256,7168,7168,128x128x16_w4_v12,29.200,29.160,29.210,29.186,0.9010,5.466e-03,2.259e+00,6.049e-01,5
INT8,LUT,"U(-1,1)",256,7168,7168,64x128x16_w4_v12,25.740,25.630,25.900,25.770,1.0220,5.466e-03,2.259e+00,6.049e-01,5
INT8,LUT,"U(-1,1)",256,7168,7168,128x256x16_w8_v12,20.050,19.900,20.230,20.076,1.3120,5.466e-03,2.259e+00,6.049e-01,5
INT8,LUT,"U(-1,1)",256,7168,7168,64x256x16_w8_v12,25.650,25.520,25.820,25.684,1.0260,5.466e-03,2.259e+00,6.049e-01,5
INT8,LUT,"U(-1,1)",256,7168,7168,128x128x32_w4_v12,27.020,26.920,27.120,27.010,0.9730,5.466e-03,2.259e+00,6.049e-01,5
INT8,LUT,"U(-1,1)",256,7168,7168,64x128x32_w4_v12,32.420,32.290,32.500,32.390,0.8120,5.466e-03,2.259e+00,6.049e-01,5
INT8,LUT,"U(-1,1)",256,7168,7168,32x128x16_w4_v12,16.500,16.470,16.540,16.504,1.5950,5.466e-03,2.259e+00,6.049e-01,5
INT8,LUT,"U(-1,1)",256,7168,7168,32x256x16_w8_v12,17.730,17.680,17.740,17.720,1.4840,5.466e-03,2.259e+00,6.049e-01,5
INT8,LUT,"U(-1,1)",256,7168,7168,64x128x16_w2f4_v12,29.090,29.050,29.230,29.112,0.9040,5.466e-03,2.259e+00,6.049e-01,5
INT8,LUT,"U(-1,1)",256,7168,7168,64x256x16_w4f4_v12,23.230,23.140,23.280,23.208,1.1330,5.466e-03,2.259e+00,6.049e-01,5
INT8,LUT,"U(-1,1)",256,7168,7168,128x128x16_w4_v12_ms3,29.000,28.830,29.100,28.974,0.9070,5.466e-03,2.259e+00,6.049e-01,5
INT8,LUT,"U(-1,1)",256,7168,7168,64x128x16_w4_v12_ms3,30.950,30.700,31.160,30.958,0.8500,5.466e-03,2.259e+00,6.049e-01,5
INT8,LUT,"U(-1,1)",256,7168,7168,128x256x16_w8_v12_ms3,28.290,28.220,28.400,28.296,0.9300,5.466e-03,2.259e+00,6.049e-01,5
INT8,LUT,"U(-1,1)",256,7168,7168,64x256x16_w8_v12_ms3,23.220,23.010,23.430,23.246,1.1330,5.466e-03,2.259e+00,6.049e-01,5
INT8,LUT,"U(-1,1)",256,7168,7168,128x128x32_w4_v12_ms3,26.590,26.580,26.610,26.596,0.9890,5.466e-03,2.259e+00,6.049e-01,5
INT8,LUT,"U(-1,1)",256,7168,7168,64x128x32_w4_v12_ms3,30.730,30.670,30.730,30.712,0.8560,5.466e-03,2.259e+00,6.049e-01,5
INT8,LUT,"U(-1,1)",256,7168,7168,64x256x16_w4f4_v12_ms3,23.980,23.900,24.010,23.972,1.0970,5.466e-03,2.259e+00,6.049e-01,5
INT8,LUT,"U(-1,1)",256,7168,7168,64x128x16_w2f4_v12_ms3,25.030,24.660,25.630,25.146,1.0510,5.466e-03,2.259e+00,6.049e-01,5
INT8,LUT,"U(-1,1)",256,7168,7168,128x128x32_w4_v10s_ks1,22.470,22.270,22.680,22.466,1.1710,2.595e-04,3.950e-02,1.818e-02,5
INT8,LUT,"U(-1,1)",256,7168,7168,128x128x32_w4_v10s_ks2,22.120,22.100,22.150,22.122,1.1890,2.594e-04,3.951e-02,1.823e-02,5
INT8,LUT,"U(-1,1)",256,7168,7168,128x128x32_w4_v10s_ks4,27.990,27.890,28.040,27.974,0.9400,2.594e-04,3.954e-02,1.823e-02,5
INT8,LUT,"U(-1,1)",256,7168,7168,128x128x32_w4_v10s_ks8,25.920,25.920,26.020,25.946,1.0150,2.594e-04,3.951e-02,1.820e-02,5
INT8,LUT,"U(-1,1)",256,7168,7168,64x128x32_w4_v10s_ks2,26.840,26.820,26.870,26.842,0.9800,2.594e-04,3.951e-02,1.823e-02,5
INT8,LUT,"U(-1,1)",256,7168,7168,64x128x32_w4_v10s_ks4,26.000,25.980,26.030,26.002,1.0120,2.594e-04,3.954e-02,1.823e-02,5
INT8,LUT,"U(-1,1)",256,7168,7168,64x128x32_w4_v10s_ks8,23.980,23.960,24.000,23.976,1.0970,2.594e-04,3.951e-02,1.820e-02,5
INT8,LUT,"U(-1,1)",256,7168,7168,64x64x32_w4_v10s_ks2,16.870,16.750,16.980,16.870,1.5590,2.594e-04,3.951e-02,1.823e-02,5
INT8,LUT,"U(-1,1)",256,7168,7168,64x64x32_w4_v10s_ks4,18.540,18.380,18.610,18.528,1.4190,2.594e-04,3.954e-02,1.823e-02,5
INT8,LUT,"U(-1,1)",256,7168,7168,64x64x32_w4_v10s_ks8,18.170,18.140,18.230,18.176,1.4480,2.594e-04,3.951e-02,1.820e-02,5
INT8,LUT,"U(-1,1)",256,7168,7168,64x256x32_w8_v10s_ks2,20.830,20.550,21.460,20.920,1.2630,2.594e-04,3.951e-02,1.823e-02,5
INT8,LUT,"U(-1,1)",256,7168,7168,64x256x32_w8_v10s_ks4,25.990,25.880,26.030,25.980,1.0120,2.594e-04,3.954e-02,1.823e-02,5
INT8,LUT,"U(-1,1)",256,7168,7168,128x128x32_cutlass_p1,61.280,54.360,64.310,60.568,0.4290,2.595e-04,3.950e-02,1.818e-02,5
INT8,BITSHIFT,"U(-1,1)",256,7168,7168,128x128x32_cutlass_p1,57.800,55.640,62.830,58.694,0.4550,2.595e-04,3.950e-02,1.818e-02,5
INT8,LUT,"U(-1,1)",256,7168,7168,64x128x32_cutlass_p1,58.340,56.480,59.610,58.210,0.4510,2.595e-04,3.950e-02,1.818e-02,5
INT8,BITSHIFT,"U(-1,1)",256,7168,7168,64x128x32_cutlass_p1,58.600,54.530,60.010,57.960,0.4490,2.595e-04,3.950e-02,1.818e-02,5
INT8,LUT,"U(-1,1)",256,7168,7168,128x64x32_cutlass_p1,58.990,57.310,61.370,59.326,0.4460,2.595e-04,3.950e-02,1.818e-02,5
INT8,BITSHIFT,"U(-1,1)",256,7168,7168,128x64x32_cutlass_p1,60.020,56.290,61.150,59.332,0.4380,2.595e-04,3.950e-02,1.818e-02,5
INT8,LUT,"U(-1,1)",1024,7168,7168,16x64x32_w4,5.000,4.990,5.000,4.998,21.0550,2.594e-04,3.979e-02,1.832e-02,5
INT8,BITSHIFT,"U(-1,1)",1024,7168,7168,16x64x32_w4,3.490,3.460,3.520,3.488,30.1800,1.846e-04,2.680e-02,1.347e-02,5
INT8,LUT,"U(-1,1)",1024,7168,7168,16x128x32_w8,4.700,4.630,4.810,4.708,22.3900,2.594e-04,3.979e-02,1.832e-02,5
INT8,BITSHIFT,"U(-1,1)",1024,7168,7168,16x128x32_w8,3.590,3.570,3.600,3.588,29.2820,1.846e-04,2.680e-02,1.347e-02,5
INT8,LUT,"U(-1,1)",1024,7168,7168,16x128x32_w4f2,5.140,5.100,5.200,5.148,20.4560,2.594e-04,3.979e-02,1.832e-02,5
INT8,LUT,"U(-1,1)",1024,7168,7168,16x256x32_w4f4,3.660,3.660,3.670,3.664,28.7160,2.594e-04,3.979e-02,1.832e-02,5
INT8,LUT,"U(-1,1)",1024,7168,7168,128x64x32_w4_v1,12.480,12.390,12.550,12.476,8.4340,2.594e-04,3.979e-02,1.832e-02,5
INT8,LUT,"U(-1,1)",1024,7168,7168,128x128x32_w4_v1,9.790,9.790,9.800,9.794,10.7450,2.594e-04,3.979e-02,1.832e-02,5
INT8,LUT,"U(-1,1)",1024,7168,7168,128x256x32_w4_v1,4.710,4.680,4.750,4.714,22.3210,2.594e-04,3.979e-02,1.832e-02,5
INT8,LUT,"U(-1,1)",1024,7168,7168,128x256x32_w8_v1,10.410,10.400,10.410,10.406,10.1090,2.594e-04,3.979e-02,1.832e-02,5
INT8,LUT,"U(-1,1)",1024,7168,7168,64x64x32_w4_v1,9.870,9.840,9.890,9.868,10.6600,2.594e-04,3.979e-02,1.832e-02,5
INT8,LUT,"U(-1,1)",1024,7168,7168,64x128x32_w4_v1,8.720,8.710,8.730,8.722,12.0610,2.594e-04,3.979e-02,1.832e-02,5
INT8,LUT,"U(-1,1)",1024,7168,7168,128x64x32_w4_v2,16.940,16.830,17.120,16.938,6.2130,2.594e-04,3.979e-02,1.832e-02,5
INT8,LUT,"U(-1,1)",1024,7168,7168,128x128x32_w4_v2,18.300,18.230,18.390,18.302,5.7500,2.594e-04,3.979e-02,1.832e-02,5
INT8,LUT,"U(-1,1)",1024,7168,7168,128x256x32_w4_v2,9.300,9.220,9.320,9.284,11.3140,2.594e-04,3.979e-02,1.832e-02,5
INT8,LUT,"U(-1,1)",1024,7168,7168,128x256x32_w8_v2,21.380,21.370,21.410,21.388,4.9230,2.594e-04,3.979e-02,1.832e-02,5
INT8,LUT,"U(-1,1)",1024,7168,7168,64x64x32_w4_v2,15.420,15.410,15.440,15.426,6.8240,2.594e-04,3.979e-02,1.832e-02,5
INT8,LUT,"U(-1,1)",1024,7168,7168,64x128x32_w4_v2,21.230,21.190,21.240,21.218,4.9560,2.594e-04,3.979e-02,1.832e-02,5
INT8,LUT,"U(-1,1)",1024,7168,7168,128x64x32_w4_v3,20.900,20.900,20.910,20.904,5.0340,2.594e-04,3.979e-02,1.832e-02,5
INT8,LUT,"U(-1,1)",1024,7168,7168,128x128x32_w4_v3,27.590,27.540,27.710,27.620,3.8140,2.594e-04,3.979e-02,1.832e-02,5
INT8,LUT,"U(-1,1)",1024,7168,7168,64x64x32_w4_v3,18.190,18.080,18.370,18.216,5.7850,2.594e-04,3.979e-02,1.832e-02,5
INT8,LUT,"U(-1,1)",1024,7168,7168,64x128x32_w4_v3,26.820,26.770,26.860,26.818,3.9240,2.594e-04,3.979e-02,1.832e-02,5
INT8,LUT,"U(-1,1)",1024,7168,7168,32x128x32_w4_v3_b1,18.840,18.820,18.870,18.844,5.5840,2.594e-04,3.979e-02,1.832e-02,5
INT8,LUT,"U(-1,1)",1024,7168,7168,32x64x32_w4_v3_b1,14.520,14.450,14.540,14.502,7.2470,2.594e-04,3.979e-02,1.832e-02,5
INT8,LUT,"U(-1,1)",1024,7168,7168,32x256x32_w8_v3_b1,18.570,18.550,18.580,18.566,5.6670,2.594e-04,3.979e-02,1.832e-02,5
INT8,LUT,"U(-1,1)",1024,7168,7168,128x128x32_w8_v3_b1alt,21.410,21.400,21.410,21.408,4.9150,2.594e-04,3.979e-02,1.832e-02,5
INT8,LUT,"U(-1,1)",1024,7168,7168,64x128x32_w8_v3_b1alt,18.310,18.290,18.320,18.306,5.7470,2.594e-04,3.979e-02,1.832e-02,5
INT8,LUT,"U(-1,1)",1024,7168,7168,128x64x32_w4_v4,20.220,20.210,20.220,20.216,5.2050,2.594e-04,3.979e-02,1.832e-02,5
INT8,LUT,"U(-1,1)",1024,7168,7168,128x128x32_w4_v4,27.930,27.910,28.030,27.950,3.7670,2.594e-04,3.979e-02,1.832e-02,5
INT8,LUT,"U(-1,1)",1024,7168,7168,64x64x32_w4_v4,17.930,17.920,18.010,17.946,5.8680,2.594e-04,3.979e-02,1.832e-02,5
INT8,LUT,"U(-1,1)",1024,7168,7168,64x128x32_w4_v4,26.400,26.360,26.430,26.398,3.9860,2.594e-04,3.979e-02,1.832e-02,5
INT8,LUT,"U(-1,1)",1024,7168,7168,128x64x32_w4_v5,16.120,16.100,16.130,16.118,6.5270,2.594e-04,3.979e-02,1.832e-02,5
INT8,LUT,"U(-1,1)",1024,7168,7168,128x128x32_w4_v5,27.240,27.200,27.260,27.240,3.8620,2.594e-04,3.979e-02,1.832e-02,5
INT8,LUT,"U(-1,1)",1024,7168,7168,64x64x32_w4_v5,13.630,13.580,13.630,13.610,7.7230,2.594e-04,3.979e-02,1.832e-02,5
INT8,LUT,"U(-1,1)",1024,7168,7168,64x128x32_w4_v5,21.610,21.580,21.630,21.606,4.8690,2.594e-04,3.979e-02,1.832e-02,5
INT8,LUT,"U(-1,1)",1024,7168,7168,128x128x64_w4_v6,20.920,20.860,20.950,20.918,5.0300,2.594e-04,3.979e-02,1.832e-02,5
INT8,LUT,"U(-1,1)",1024,7168,7168,128x64x64_w4_v6,12.120,12.120,12.120,12.120,8.6850,2.594e-04,3.979e-02,1.832e-02,5
INT8,LUT,"U(-1,1)",1024,7168,7168,64x128x64_w4_v6,19.030,19.020,19.030,19.028,5.5300,2.594e-04,3.979e-02,1.832e-02,5
INT8,LUT,"U(-1,1)",1024,7168,7168,64x64x64_w4_v6,10.980,10.980,10.980,10.980,9.5830,2.594e-04,3.979e-02,1.832e-02,5
INT8,LUT,"U(-1,1)",1024,7168,7168,64x128x32_w4_v7,22.140,22.120,22.150,22.134,4.7520,2.594e-04,3.979e-02,1.832e-02,5
INT8,LUT,"U(-1,1)",1024,7168,7168,64x64x32_w4_v7,17.520,17.510,17.540,17.524,6.0050,2.594e-04,3.979e-02,1.832e-02,5
INT8,LUT,"U(-1,1)",1024,7168,7168,32x128x32_w4_v7,12.710,12.710,12.730,12.716,8.2780,2.594e-04,3.979e-02,1.832e-02,5
INT8,LUT,"U(-1,1)",1024,7168,7168,32x64x32_w4_v7,13.790,13.770,13.820,13.796,7.6300,2.594e-04,3.979e-02,1.832e-02,5
INT8,LUT,"U(-1,1)",1024,7168,7168,128x64x32_w4_v8,20.520,20.510,20.530,20.518,5.1290,5.467e-03,2.450e+00,6.124e-01,5
INT8,LUT,"U(-1,1)",1024,7168,7168,128x128x32_w4_v8,28.580,28.420,28.630,28.566,3.6810,5.467e-03,2.450e+00,6.124e-01,5
INT8,LUT,"U(-1,1)",1024,7168,7168,64x64x32_w4_v8,18.220,18.140,18.230,18.206,5.7750,5.467e-03,2.450e+00,6.124e-01,5
INT8,LUT,"U(-1,1)",1024,7168,7168,64x128x32_w4_v8,26.850,26.800,26.870,26.840,3.9180,5.467e-03,2.450e+00,6.124e-01,5
INT8,LUT,"U(-1,1)",1024,7168,7168,32x128x32_w4_v8,18.760,18.730,18.770,18.754,5.6100,5.467e-03,2.450e+00,6.124e-01,5
INT8,LUT,"U(-1,1)",1024,7168,7168,32x64x32_w4_v8,14.200,14.150,14.200,14.184,7.4130,5.467e-03,2.450e+00,6.124e-01,5
INT8,LUT,"U(-1,1)",1024,7168,7168,128x128x32_w4_v9_ck2,26.540,26.500,26.680,26.560,3.9650,7.072e-01,1.857e+02,9.276e+01,5
INT8,LUT,"U(-1,1)",1024,7168,7168,128x128x32_w4_v9_ck4,27.150,27.080,27.230,27.162,3.8750,7.073e-01,1.856e+02,9.277e+01,5
INT8,LUT,"U(-1,1)",1024,7168,7168,128x128x32_w4_v9_ck8,27.410,27.340,27.500,27.430,3.8380,7.074e-01,1.857e+02,9.276e+01,5
INT8,LUT,"U(-1,1)",1024,7168,7168,64x128x32_w4_v9_ck4,26.250,26.230,26.270,26.246,4.0090,7.073e-01,1.856e+02,9.277e+01,5
INT8,LUT,"U(-1,1)",1024,7168,7168,64x64x32_w4_v9_ck4,18.010,17.930,18.120,18.022,5.8430,7.073e-01,1.856e+02,9.277e+01,5
INT8,LUT,"U(-1,1)",1024,7168,7168,128x128x32_w4_v10,29.460,29.300,29.550,29.432,3.5720,2.594e-04,3.979e-02,1.832e-02,5
INT8,LUT,"U(-1,1)",1024,7168,7168,128x64x32_w4_v10,20.770,20.760,20.770,20.768,5.0670,2.594e-04,3.979e-02,1.832e-02,5
INT8,LUT,"U(-1,1)",1024,7168,7168,64x128x32_w4_v10,27.850,27.840,27.890,27.856,3.7790,2.594e-04,3.979e-02,1.832e-02,5
INT8,LUT,"U(-1,1)",1024,7168,7168,64x64x32_w4_v10,18.520,18.450,18.560,18.510,5.6820,2.594e-04,3.979e-02,1.832e-02,5
INT8,LUT,"U(-1,1)",1024,7168,7168,64x256x32_w8_v10,28.430,28.400,28.490,28.434,3.7020,2.594e-04,3.979e-02,1.832e-02,5
INT8,LUT,"U(-1,1)",1024,7168,7168,128x128x32_w4_v11,32.940,32.790,33.200,32.948,3.1950,2.594e-04,3.979e-02,1.832e-02,5
INT8,LUT,"U(-1,1)",1024,7168,7168,64x128x32_w4_v11,31.620,31.560,31.730,31.644,3.3270,2.594e-04,3.979e-02,1.832e-02,5
INT8,LUT,"U(-1,1)",1024,7168,7168,128x256x32_w8_v11,8.510,8.410,8.570,8.494,12.3630,2.594e-04,3.979e-02,1.832e-02,5
INT8,LUT,"U(-1,1)",1024,7168,7168,64x256x32_w8_v11,31.830,31.480,31.880,31.748,3.3060,2.594e-04,3.979e-02,1.832e-02,5
INT8,LUT,"U(-1,1)",1024,7168,7168,128x128x16_w4_v11,34.560,34.340,35.000,34.596,3.0450,2.594e-04,3.979e-02,1.832e-02,5
INT8,LUT,"U(-1,1)",1024,7168,7168,64x128x16_w4_v11,26.650,26.540,26.690,26.636,3.9490,2.594e-04,3.979e-02,1.832e-02,5
INT8,LUT,"U(-1,1)",1024,7168,7168,128x256x16_w8_v11,6.140,6.130,6.170,6.148,17.1390,2.594e-04,3.979e-02,1.832e-02,5
INT8,LUT,"U(-1,1)",1024,7168,7168,64x256x16_w8_v11,33.350,33.030,33.620,33.292,3.1550,2.594e-04,3.979e-02,1.832e-02,5
INT8,LUT,"U(-1,1)",1024,7168,7168,64x256x16_w4f4_v11,30.110,29.930,30.260,30.102,3.4950,2.594e-04,3.979e-02,1.832e-02,5
INT8,LUT,"U(-1,1)",1024,7168,7168,128x256x16_w4f4_v11,10.580,10.500,10.630,10.564,9.9500,2.594e-04,3.979e-02,1.832e-02,5
INT8,LUT,"U(-1,1)",1024,7168,7168,32x128x16_w4_v11,21.780,21.760,21.940,21.824,4.8310,2.594e-04,3.979e-02,1.832e-02,5
INT8,LUT,"U(-1,1)",1024,7168,7168,32x256x16_w8_v11,21.530,21.340,21.680,21.544,4.8870,2.594e-04,3.979e-02,1.832e-02,5
INT8,LUT,"U(-1,1)",1024,7168,7168,32x128x32_w4_v11,23.450,23.310,23.670,23.470,4.4870,2.594e-04,3.979e-02,1.832e-02,5
INT8,LUT,"U(-1,1)",1024,7168,7168,192x128x16_w4_v11,24.840,24.540,24.940,24.790,4.2350,2.594e-04,3.979e-02,1.832e-02,5
INT8,LUT,"U(-1,1)",1024,7168,7168,256x128x16_w4_v11,10.970,10.810,11.080,10.966,9.5890,2.594e-04,3.979e-02,1.832e-02,5
INT8,LUT,"U(-1,1)",1024,7168,7168,64x128x16_w2f4_v11,35.230,34.880,35.340,35.134,2.9870,2.594e-04,3.979e-02,1.832e-02,5
INT8,LUT,"U(-1,1)",1024,7168,7168,64x128x32_w2f4_v11,29.380,28.270,30.540,29.384,3.5820,2.594e-04,3.979e-02,1.832e-02,5
INT8,LUT,"U(-1,1)",1024,7168,7168,32x128x16_w2f4_v11,6.720,6.220,7.160,6.614,15.6570,2.594e-04,3.979e-02,1.832e-02,5
INT8,LUT,"U(-1,1)",1024,7168,7168,128x128x16_w4_v12,34.990,34.760,35.100,34.962,3.0070,5.467e-03,2.450e+00,6.124e-01,5
INT8,LUT,"U(-1,1)",1024,7168,7168,64x128x16_w4_v12,30.570,30.510,30.820,30.600,3.4420,5.467e-03,2.450e+00,6.124e-01,5
INT8,LUT,"U(-1,1)",1024,7168,7168,128x256x16_w8_v12,26.740,26.480,26.790,26.658,3.9350,5.467e-03,2.450e+00,6.124e-01,5
INT8,LUT,"U(-1,1)",1024,7168,7168,64x256x16_w8_v12,33.980,33.340,34.300,33.912,3.0970,5.467e-03,2.450e+00,6.124e-01,5
INT8,LUT,"U(-1,1)",1024,7168,7168,128x128x32_w4_v12,35.610,35.540,35.950,35.710,2.9550,5.467e-03,2.450e+00,6.124e-01,5
INT8,LUT,"U(-1,1)",1024,7168,7168,64x128x32_w4_v12,32.350,32.110,32.410,32.270,3.2530,5.467e-03,2.450e+00,6.124e-01,5
INT8,LUT,"U(-1,1)",1024,7168,7168,32x128x16_w4_v12,14.290,13.860,14.760,14.302,7.3640,5.467e-03,2.450e+00,6.124e-01,5
INT8,LUT,"U(-1,1)",1024,7168,7168,32x256x16_w8_v12,22.240,22.070,22.250,22.204,4.7320,5.467e-03,2.450e+00,6.124e-01,5
INT8,LUT,"U(-1,1)",1024,7168,7168,64x128x16_w2f4_v12,15.340,14.760,15.510,15.242,6.8590,5.467e-03,2.450e+00,6.124e-01,5
INT8,LUT,"U(-1,1)",1024,7168,7168,64x256x16_w4f4_v12,29.820,29.780,29.900,29.836,3.5280,5.467e-03,2.450e+00,6.124e-01,5
INT8,LUT,"U(-1,1)",1024,7168,7168,128x128x16_w4_v12_ms3,38.960,38.810,39.030,38.938,2.7010,5.467e-03,2.450e+00,6.124e-01,5
INT8,LUT,"U(-1,1)",1024,7168,7168,64x128x16_w4_v12_ms3,29.260,29.180,29.370,29.266,3.5960,5.467e-03,2.450e+00,6.124e-01,5
INT8,LUT,"U(-1,1)",1024,7168,7168,128x256x16_w8_v12_ms3,36.520,36.490,36.840,36.618,2.8810,5.467e-03,2.450e+00,6.124e-01,5
INT8,LUT,"U(-1,1)",1024,7168,7168,64x256x16_w8_v12_ms3,32.440,32.150,32.480,32.392,3.2440,5.467e-03,2.450e+00,6.124e-01,5
INT8,LUT,"U(-1,1)",1024,7168,7168,128x128x32_w4_v12_ms3,35.060,34.910,35.270,35.078,3.0010,5.467e-03,2.450e+00,6.124e-01,5
INT8,LUT,"U(-1,1)",1024,7168,7168,64x128x32_w4_v12_ms3,30.440,30.210,30.470,30.364,3.4570,5.467e-03,2.450e+00,6.124e-01,5
INT8,LUT,"U(-1,1)",1024,7168,7168,64x256x16_w4f4_v12_ms3,32.020,31.950,32.040,32.008,3.2860,5.467e-03,2.450e+00,6.124e-01,5
INT8,LUT,"U(-1,1)",1024,7168,7168,64x128x16_w2f4_v12_ms3,12.000,11.690,12.140,11.908,8.7700,5.467e-03,2.450e+00,6.124e-01,5
INT8,LUT,"U(-1,1)",1024,7168,7168,128x128x32_w4_v10s_ks1,29.020,28.900,29.310,29.066,3.6260,2.594e-04,3.979e-02,1.832e-02,5
INT8,LUT,"U(-1,1)",1024,7168,7168,128x128x32_w4_v10s_ks2,28.170,28.120,28.260,28.186,3.7360,2.594e-04,3.977e-02,1.843e-02,5
INT8,LUT,"U(-1,1)",1024,7168,7168,128x128x32_w4_v10s_ks4,27.020,27.000,27.080,27.036,3.8940,2.594e-04,3.977e-02,1.843e-02,5
INT8,LUT,"U(-1,1)",1024,7168,7168,128x128x32_w4_v10s_ks8,25.770,25.740,25.850,25.788,4.0830,2.594e-04,3.978e-02,1.844e-02,5
INT8,LUT,"U(-1,1)",1024,7168,7168,64x128x32_w4_v10s_ks2,26.970,26.950,26.970,26.964,3.9020,2.594e-04,3.977e-02,1.843e-02,5
INT8,LUT,"U(-1,1)",1024,7168,7168,64x128x32_w4_v10s_ks4,27.500,27.340,27.570,27.460,3.8260,2.594e-04,3.977e-02,1.843e-02,5
INT8,LUT,"U(-1,1)",1024,7168,7168,64x128x32_w4_v10s_ks8,25.150,25.080,25.250,25.158,4.1830,2.594e-04,3.978e-02,1.844e-02,5
INT8,LUT,"U(-1,1)",1024,7168,7168,64x64x32_w4_v10s_ks2,19.080,19.050,19.210,19.118,5.5140,2.594e-04,3.977e-02,1.843e-02,5
INT8,LUT,"U(-1,1)",1024,7168,7168,64x64x32_w4_v10s_ks4,18.970,18.850,19.090,18.984,5.5470,2.594e-04,3.977e-02,1.843e-02,5
INT8,LUT,"U(-1,1)",1024,7168,7168,64x64x32_w4_v10s_ks8,18.400,18.390,18.410,18.400,5.7190,2.594e-04,3.978e-02,1.844e-02,5
INT8,LUT,"U(-1,1)",1024,7168,7168,64x256x32_w8_v10s_ks2,27.310,27.300,27.340,27.318,3.8520,2.594e-04,3.977e-02,1.843e-02,5
INT8,LUT,"U(-1,1)",1024,7168,7168,64x256x32_w8_v10s_ks4,26.260,26.140,26.330,26.260,4.0070,2.594e-04,3.977e-02,1.843e-02,5
INT8,LUT,"U(-1,1)",1024,7168,7168,128x128x32_cutlass_p1,86.420,85.940,86.820,86.410,1.2180,2.594e-04,3.979e-02,1.832e-02,5
INT8,BITSHIFT,"U(-1,1)",1024,7168,7168,128x128x32_cutlass_p1,86.820,86.100,86.930,86.618,1.2120,2.594e-04,3.979e-02,1.832e-02,5
INT8,LUT,"U(-1,1)",1024,7168,7168,64x128x32_cutlass_p1,66.250,65.910,66.580,66.260,1.5880,2.594e-04,3.979e-02,1.832e-02,5
INT8,BITSHIFT,"U(-1,1)",1024,7168,7168,64x128x32_cutlass_p1,66.150,65.700,66.610,66.210,1.5910,2.594e-04,3.979e-02,1.832e-02,5
INT8,LUT,"U(-1,1)",1024,7168,7168,128x64x32_cutlass_p1,66.500,66.220,67.000,66.572,1.5820,2.594e-04,3.979e-02,1.832e-02,5
INT8,BITSHIFT,"U(-1,1)",1024,7168,7168,128x64x32_cutlass_p1,66.730,66.120,67.110,66.720,1.5770,2.594e-04,3.979e-02,1.832e-02,5
INT8,LUT,"U(-1,1)",2048,7168,7168,16x64x32_w4,5.210,5.190,5.230,5.208,40.4300,2.594e-04,3.975e-02,1.811e-02,5
INT8,BITSHIFT,"U(-1,1)",2048,7168,7168,16x64x32_w4,3.450,3.440,3.450,3.448,61.0250,1.846e-04,2.817e-02,1.329e-02,5
INT8,LUT,"U(-1,1)",2048,7168,7168,16x128x32_w8,5.050,4.990,5.060,5.038,41.6810,2.594e-04,3.975e-02,1.811e-02,5
INT8,BITSHIFT,"U(-1,1)",2048,7168,7168,16x128x32_w8,3.640,3.630,3.650,3.642,57.7550,1.846e-04,2.817e-02,1.329e-02,5
INT8,LUT,"U(-1,1)",2048,7168,7168,16x128x32_w4f2,5.540,5.520,5.570,5.544,38.0170,2.594e-04,3.975e-02,1.811e-02,5
INT8,LUT,"U(-1,1)",2048,7168,7168,16x256x32_w4f4,3.660,3.650,3.660,3.656,57.5760,2.594e-04,3.975e-02,1.811e-02,5
INT8,LUT,"U(-1,1)",2048,7168,7168,128x64x32_w4_v1,12.380,12.370,12.380,12.376,17.0020,2.594e-04,3.975e-02,1.811e-02,5
INT8,LUT,"U(-1,1)",2048,7168,7168,128x128x32_w4_v1,9.690,9.680,9.700,9.690,21.7150,2.594e-04,3.975e-02,1.811e-02,5
INT8,LUT,"U(-1,1)",2048,7168,7168,128x256x32_w4_v1,5.650,5.650,5.650,5.650,37.2430,2.594e-04,3.975e-02,1.811e-02,5
INT8,LUT,"U(-1,1)",2048,7168,7168,128x256x32_w8_v1,10.400,10.390,10.410,10.400,20.2320,2.594e-04,3.975e-02,1.811e-02,5
INT8,LUT,"U(-1,1)",2048,7168,7168,64x64x32_w4_v1,11.000,10.980,11.050,11.008,19.1330,2.594e-04,3.975e-02,1.811e-02,5
INT8,LUT,"U(-1,1)",2048,7168,7168,64x128x32_w4_v1,8.630,8.610,8.630,8.624,24.3980,2.594e-04,3.975e-02,1.811e-02,5
INT8,LUT,"U(-1,1)",2048,7168,7168,128x64x32_w4_v2,16.270,16.110,16.340,16.250,12.9350,2.594e-04,3.975e-02,1.811e-02,5
INT8,LUT,"U(-1,1)",2048,7168,7168,128x128x32_w4_v2,18.190,18.040,18.210,18.158,11.5720,2.594e-04,3.975e-02,1.811e-02,5
INT8,LUT,"U(-1,1)",2048,7168,7168,128x256x32_w4_v2,10.640,10.620,10.650,10.638,19.7790,2.594e-04,3.975e-02,1.811e-02,5
INT8,LUT,"U(-1,1)",2048,7168,7168,128x256x32_w8_v2,21.430,21.410,21.450,21.430,9.8200,2.594e-04,3.975e-02,1.811e-02,5
INT8,LUT,"U(-1,1)",2048,7168,7168,64x64x32_w4_v2,15.720,15.700,15.780,15.726,13.3890,2.594e-04,3.975e-02,1.811e-02,5
INT8,LUT,"U(-1,1)",2048,7168,7168,64x128x32_w4_v2,21.350,21.350,21.390,21.362,9.8560,2.594e-04,3.975e-02,1.811e-02,5
INT8,LUT,"U(-1,1)",2048,7168,7168,128x64x32_w4_v3,20.950,20.940,20.950,20.948,10.0460,2.594e-04,3.975e-02,1.811e-02,5
INT8,LUT,"U(-1,1)",2048,7168,7168,128x128x32_w4_v3,27.510,27.400,27.540,27.490,7.6490,2.594e-04,3.975e-02,1.811e-02,5
INT8,LUT,"U(-1,1)",2048,7168,7168,64x64x32_w4_v3,19.980,19.980,19.980,19.980,10.5320,2.594e-04,3.975e-02,1.811e-02,5
INT8,LUT,"U(-1,1)",2048,7168,7168,64x128x32_w4_v3,26.970,26.900,27.030,26.970,7.8030,2.594e-04,3.975e-02,1.811e-02,5
INT8,LUT,"U(-1,1)",2048,7168,7168,32x128x32_w4_v3_b1,19.200,19.180,19.250,19.208,10.9630,2.594e-04,3.975e-02,1.811e-02,5
INT8,LUT,"U(-1,1)",2048,7168,7168,32x64x32_w4_v3_b1,13.970,13.910,14.050,13.976,15.0630,2.594e-04,3.975e-02,1.811e-02,5
INT8,LUT,"U(-1,1)",2048,7168,7168,32x256x32_w8_v3_b1,18.870,18.800,18.870,18.844,11.1540,2.594e-04,3.975e-02,1.811e-02,5
INT8,LUT,"U(-1,1)",2048,7168,7168,128x128x32_w8_v3_b1alt,21.410,21.400,21.420,21.412,9.8290,2.594e-04,3.975e-02,1.811e-02,5
INT8,LUT,"U(-1,1)",2048,7168,7168,64x128x32_w8_v3_b1alt,18.290,18.270,18.290,18.284,11.5090,2.594e-04,3.975e-02,1.811e-02,5
INT8,LUT,"U(-1,1)",2048,7168,7168,128x64x32_w4_v4,20.230,20.230,20.230,20.230,10.4040,2.594e-04,3.975e-02,1.811e-02,5
INT8,LUT,"U(-1,1)",2048,7168,7168,128x128x32_w4_v4,27.750,27.630,27.770,27.728,7.5840,2.594e-04,3.975e-02,1.811e-02,5
INT8,LUT,"U(-1,1)",2048,7168,7168,64x64x32_w4_v4,18.940,18.930,18.960,18.944,11.1120,2.594e-04,3.975e-02,1.811e-02,5
INT8,LUT,"U(-1,1)",2048,7168,7168,64x128x32_w4_v4,26.530,26.530,26.540,26.534,7.9310,2.594e-04,3.975e-02,1.811e-02,5
INT8,LUT,"U(-1,1)",2048,7168,7168,128x64x32_w4_v5,16.320,16.300,16.330,16.320,12.8920,2.594e-04,3.975e-02,1.811e-02,5
INT8,LUT,"U(-1,1)",2048,7168,7168,128x128x32_w4_v5,26.630,26.600,26.650,26.626,7.9030,2.594e-04,3.975e-02,1.811e-02,5
INT8,LUT,"U(-1,1)",2048,7168,7168,64x64x32_w4_v5,13.920,13.920,13.990,13.948,15.1130,2.594e-04,3.975e-02,1.811e-02,5
INT8,LUT,"U(-1,1)",2048,7168,7168,64x128x32_w4_v5,21.650,21.610,21.650,21.640,9.7220,2.594e-04,3.975e-02,1.811e-02,5
INT8,LUT,"U(-1,1)",2048,7168,7168,128x128x64_w4_v6,20.970,20.960,20.990,20.972,10.0350,2.594e-04,3.975e-02,1.811e-02,5
INT8,LUT,"U(-1,1)",2048,7168,7168,128x64x64_w4_v6,12.120,12.120,12.130,12.124,17.3590,2.594e-04,3.975e-02,1.811e-02,5
INT8,LUT,"U(-1,1)",2048,7168,7168,64x128x64_w4_v6,19.060,19.060,19.070,19.064,11.0400,2.594e-04,3.975e-02,1.811e-02,5
INT8,LUT,"U(-1,1)",2048,7168,7168,64x64x64_w4_v6,12.160,12.150,12.160,12.156,17.3090,2.594e-04,3.975e-02,1.811e-02,5
INT8,LUT,"U(-1,1)",2048,7168,7168,64x128x32_w4_v7,22.150,22.140,22.160,22.152,9.5020,2.594e-04,3.975e-02,1.811e-02,5
INT8,LUT,"U(-1,1)",2048,7168,7168,64x64x32_w4_v7,18.440,18.330,18.480,18.432,11.4140,2.594e-04,3.975e-02,1.811e-02,5
INT8,LUT,"U(-1,1)",2048,7168,7168,32x128x32_w4_v7,13.220,13.210,13.230,13.218,15.9160,2.594e-04,3.975e-02,1.811e-02,5
INT8,LUT,"U(-1,1)",2048,7168,7168,32x64x32_w4_v7,14.140,14.120,14.140,14.134,14.8870,2.594e-04,3.975e-02,1.811e-02,5
INT8,LUT,"U(-1,1)",2048,7168,7168,128x64x32_w4_v8,20.530,20.530,20.530,20.530,10.2490,5.469e-03,2.450e+00,6.244e-01,5
INT8,LUT,"U(-1,1)",2048,7168,7168,128x128x32_w4_v8,28.430,28.260,28.570,28.414,7.4020,5.469e-03,2.450e+00,6.244e-01,5
INT8,LUT,"U(-1,1)",2048,7168,7168,64x64x32_w4_v8,19.330,19.320,19.350,19.334,10.8890,5.469e-03,2.450e+00,6.244e-01,5
INT8,LUT,"U(-1,1)",2048,7168,7168,64x128x32_w4_v8,26.930,26.930,26.940,26.934,7.8140,5.469e-03,2.450e+00,6.244e-01,5
INT8,LUT,"U(-1,1)",2048,7168,7168,32x128x32_w4_v8,19.230,19.170,19.270,19.230,10.9440,5.469e-03,2.450e+00,6.244e-01,5
INT8,LUT,"U(-1,1)",2048,7168,7168,32x64x32_w4_v8,13.590,13.530,13.700,13.604,15.4890,5.469e-03,2.450e+00,6.244e-01,5
INT8,LUT,"U(-1,1)",2048,7168,7168,128x128x32_w4_v9_ck2,26.300,26.280,26.320,26.302,8.0020,7.072e-01,2.039e+02,9.265e+01,5
INT8,LUT,"U(-1,1)",2048,7168,7168,128x128x32_w4_v9_ck4,26.820,26.820,26.860,26.834,7.8460,7.073e-01,2.039e+02,9.264e+01,5
INT8,LUT,"U(-1,1)",2048,7168,7168,128x128x32_w4_v9_ck8,27.180,27.070,27.190,27.150,7.7440,7.075e-01,2.039e+02,9.264e+01,5
INT8,LUT,"U(-1,1)",2048,7168,7168,64x128x32_w4_v9_ck4,26.380,26.370,26.380,26.378,7.9780,7.073e-01,2.039e+02,9.264e+01,5
INT8,LUT,"U(-1,1)",2048,7168,7168,64x64x32_w4_v9_ck4,19.240,19.230,19.270,19.244,10.9380,7.073e-01,2.039e+02,9.264e+01,5
INT8,LUT,"U(-1,1)",2048,7168,7168,128x128x32_w4_v10,29.340,29.280,29.400,29.332,7.1720,2.594e-04,3.975e-02,1.811e-02,5
INT8,LUT,"U(-1,1)",2048,7168,7168,128x64x32_w4_v10,20.770,20.770,20.780,20.774,10.1300,2.594e-04,3.975e-02,1.811e-02,5
INT8,LUT,"U(-1,1)",2048,7168,7168,64x128x32_w4_v10,27.920,27.850,27.980,27.922,7.5380,2.594e-04,3.975e-02,1.811e-02,5
INT8,LUT,"U(-1,1)",2048,7168,7168,64x64x32_w4_v10,19.520,19.400,19.590,19.516,10.7790,2.594e-04,3.975e-02,1.811e-02,5
INT8,LUT,"U(-1,1)",2048,7168,7168,64x256x32_w8_v10,28.480,28.310,28.520,28.428,7.3900,2.594e-04,3.975e-02,1.811e-02,5
INT8,LUT,"U(-1,1)",2048,7168,7168,128x128x32_w4_v11,33.410,33.100,33.440,33.340,6.2980,2.594e-04,3.975e-02,1.811e-02,5
INT8,LUT,"U(-1,1)",2048,7168,7168,64x128x32_w4_v11,32.070,31.970,32.230,32.076,6.5620,2.594e-04,3.975e-02,1.811e-02,5
INT8,LUT,"U(-1,1)",2048,7168,7168,128x256x32_w8_v11,8.090,8.070,8.130,8.096,26.0040,2.594e-04,3.975e-02,1.811e-02,5
INT8,LUT,"U(-1,1)",2048,7168,7168,64x256x32_w8_v11,31.780,31.650,31.840,31.776,6.6210,2.594e-04,3.975e-02,1.811e-02,5
INT8,LUT,"U(-1,1)",2048,7168,7168,128x128x16_w4_v11,35.050,34.960,35.120,35.038,6.0050,2.594e-04,3.975e-02,1.811e-02,5
INT8,LUT,"U(-1,1)",2048,7168,7168,64x128x16_w4_v11,26.350,26.230,26.390,26.334,7.9880,2.594e-04,3.975e-02,1.811e-02,5
INT8,LUT,"U(-1,1)",2048,7168,7168,128x256x16_w8_v11,6.040,6.020,6.060,6.040,34.8670,2.594e-04,3.975e-02,1.811e-02,5
INT8,LUT,"U(-1,1)",2048,7168,7168,64x256x16_w8_v11,33.720,33.550,33.930,33.732,6.2410,2.594e-04,3.975e-02,1.811e-02,5
INT8,LUT,"U(-1,1)",2048,7168,7168,64x256x16_w4f4_v11,29.680,29.390,29.810,29.652,7.0910,2.594e-04,3.975e-02,1.811e-02,5
INT8,LUT,"U(-1,1)",2048,7168,7168,128x256x16_w4f4_v11,10.110,10.050,10.160,10.104,20.8090,2.594e-04,3.975e-02,1.811e-02,5
INT8,LUT,"U(-1,1)",2048,7168,7168,32x128x16_w4_v11,22.260,22.040,22.340,22.214,9.4550,2.594e-04,3.975e-02,1.811e-02,5
INT8,LUT,"U(-1,1)",2048,7168,7168,32x256x16_w8_v11,21.290,21.140,21.400,21.274,9.8830,2.594e-04,3.975e-02,1.811e-02,5
INT8,LUT,"U(-1,1)",2048,7168,7168,32x128x32_w4_v11,18.670,18.010,19.320,18.624,11.2720,2.594e-04,3.975e-02,1.811e-02,5
INT8,LUT,"U(-1,1)",2048,7168,7168,192x128x16_w4_v11,32.620,32.280,32.770,32.590,6.4510,2.594e-04,3.975e-02,1.811e-02,5
INT8,LUT,"U(-1,1)",2048,7168,7168,256x128x16_w4_v11,10.610,10.490,10.680,10.582,19.8350,2.594e-04,3.975e-02,1.811e-02,5
INT8,LUT,"U(-1,1)",2048,7168,7168,64x128x16_w2f4_v11,34.660,34.480,34.830,34.636,6.0720,2.594e-04,3.975e-02,1.811e-02,5
INT8,LUT,"U(-1,1)",2048,7168,7168,64x128x32_w2f4_v11,24.700,23.820,26.890,24.988,8.5200,2.594e-04,3.975e-02,1.811e-02,5
INT8,LUT,"U(-1,1)",2048,7168,7168,32x128x16_w2f4_v11,5.370,5.330,5.450,5.372,39.1600,2.594e-04,3.975e-02,1.811e-02,5
INT8,LUT,"U(-1,1)",2048,7168,7168,128x128x16_w4_v12,35.460,35.360,35.590,35.480,5.9360,5.469e-03,2.450e+00,6.244e-01,5
INT8,LUT,"U(-1,1)",2048,7168,7168,64x128x16_w4_v12,31.190,30.910,31.390,31.162,6.7480,5.469e-03,2.450e+00,6.244e-01,5
INT8,LUT,"U(-1,1)",2048,7168,7168,128x256x16_w8_v12,26.450,26.320,26.460,26.424,7.9560,5.469e-03,2.450e+00,6.244e-01,5
INT8,LUT,"U(-1,1)",2048,7168,7168,64x256x16_w8_v12,33.870,33.540,34.030,33.842,6.2140,5.469e-03,2.450e+00,6.244e-01,5
INT8,LUT,"U(-1,1)",2048,7168,7168,128x128x32_w4_v12,35.160,34.860,35.480,35.170,5.9850,5.469e-03,2.450e+00,6.244e-01,5
INT8,LUT,"U(-1,1)",2048,7168,7168,64x128x32_w4_v12,32.090,31.810,32.420,32.154,6.5580,5.469e-03,2.450e+00,6.244e-01,5
INT8,LUT,"U(-1,1)",2048,7168,7168,32x128x16_w4_v12,7.140,7.070,7.220,7.140,29.4790,5.469e-03,2.450e+00,6.244e-01,5
INT8,LUT,"U(-1,1)",2048,7168,7168,32x256x16_w8_v12,22.280,22.260,22.310,22.280,9.4450,5.469e-03,2.450e+00,6.244e-01,5
INT8,LUT,"U(-1,1)",2048,7168,7168,64x128x16_w2f4_v12,12.160,11.980,12.210,12.120,17.3040,5.469e-03,2.450e+00,6.244e-01,5
INT8,LUT,"U(-1,1)",2048,7168,7168,64x256x16_w4f4_v12,29.630,29.580,29.710,29.644,7.1030,5.469e-03,2.450e+00,6.244e-01,5
INT8,LUT,"U(-1,1)",2048,7168,7168,128x128x16_w4_v12_ms3,38.980,38.940,39.170,39.032,5.3980,5.469e-03,2.450e+00,6.244e-01,5
INT8,LUT,"U(-1,1)",2048,7168,7168,64x128x16_w4_v12_ms3,18.160,17.830,19.010,18.254,11.5890,5.469e-03,2.450e+00,6.244e-01,5
INT8,LUT,"U(-1,1)",2048,7168,7168,128x256x16_w8_v12_ms3,36.960,36.950,37.100,36.996,5.6930,5.469e-03,2.450e+00,6.244e-01,5
INT8,LUT,"U(-1,1)",2048,7168,7168,64x256x16_w8_v12_ms3,30.210,28.950,31.670,30.406,6.9660,5.469e-03,2.450e+00,6.244e-01,5
INT8,LUT,"U(-1,1)",2048,7168,7168,128x128x32_w4_v12_ms3,35.310,34.960,35.570,35.340,5.9610,5.469e-03,2.450e+00,6.244e-01,5
INT8,LUT,"U(-1,1)",2048,7168,7168,64x128x32_w4_v12_ms3,30.020,29.850,30.300,30.076,7.0100,5.469e-03,2.450e+00,6.244e-01,5
INT8,LUT,"U(-1,1)",2048,7168,7168,64x256x16_w4f4_v12_ms3,32.130,31.990,32.150,32.090,6.5510,5.469e-03,2.450e+00,6.244e-01,5
INT8,LUT,"U(-1,1)",2048,7168,7168,64x128x16_w2f4_v12_ms3,10.070,10.030,10.180,10.086,20.9010,5.469e-03,2.450e+00,6.244e-01,5
INT8,LUT,"U(-1,1)",2048,7168,7168,128x128x32_w4_v10s_ks1,28.990,28.930,29.090,28.996,7.2590,2.594e-04,3.975e-02,1.811e-02,5
INT8,LUT,"U(-1,1)",2048,7168,7168,128x128x32_w4_v10s_ks2,28.020,27.950,28.150,28.040,7.5100,2.594e-04,3.972e-02,1.811e-02,5
INT8,LUT,"U(-1,1)",2048,7168,7168,128x128x32_w4_v10s_ks4,28.040,27.880,28.070,28.002,7.5060,2.593e-04,3.973e-02,1.812e-02,5
INT8,LUT,"U(-1,1)",2048,7168,7168,128x128x32_w4_v10s_ks8,26.190,26.150,26.230,26.192,8.0370,2.593e-04,3.973e-02,1.810e-02,5
INT8,LUT,"U(-1,1)",2048,7168,7168,64x128x32_w4_v10s_ks2,28.480,28.440,28.540,28.480,7.3880,2.594e-04,3.972e-02,1.811e-02,5
INT8,LUT,"U(-1,1)",2048,7168,7168,64x128x32_w4_v10s_ks4,27.010,26.890,27.220,27.026,7.7920,2.593e-04,3.973e-02,1.812e-02,5
INT8,LUT,"U(-1,1)",2048,7168,7168,64x128x32_w4_v10s_ks8,25.140,24.990,25.270,25.132,8.3720,2.593e-04,3.973e-02,1.810e-02,5
INT8,LUT,"U(-1,1)",2048,7168,7168,64x64x32_w4_v10s_ks2,18.870,18.820,18.980,18.880,11.1520,2.594e-04,3.972e-02,1.811e-02,5
INT8,LUT,"U(-1,1)",2048,7168,7168,64x64x32_w4_v10s_ks4,18.780,18.740,18.880,18.802,11.2060,2.593e-04,3.973e-02,1.812e-02,5
INT8,LUT,"U(-1,1)",2048,7168,7168,64x64x32_w4_v10s_ks8,18.370,18.330,18.390,18.368,11.4560,2.593e-04,3.973e-02,1.810e-02,5
INT8,LUT,"U(-1,1)",2048,7168,7168,64x256x32_w8_v10s_ks2,27.220,27.040,27.390,27.230,7.7320,2.594e-04,3.972e-02,1.811e-02,5
INT8,LUT,"U(-1,1)",2048,7168,7168,64x256x32_w8_v10s_ks4,27.450,27.320,27.520,27.432,7.6660,2.593e-04,3.973e-02,1.812e-02,5
INT8,LUT,"U(-1,1)",2048,7168,7168,128x128x32_cutlass_p1,85.230,85.020,85.320,85.182,2.4690,2.594e-04,3.975e-02,1.811e-02,5
INT8,BITSHIFT,"U(-1,1)",2048,7168,7168,128x128x32_cutlass_p1,84.510,84.160,84.820,84.534,2.4900,2.594e-04,3.975e-02,1.811e-02,5
INT8,LUT,"U(-1,1)",2048,7168,7168,64x128x32_cutlass_p1,65.040,64.570,65.950,65.076,3.2360,2.594e-04,3.975e-02,1.811e-02,5
INT8,BITSHIFT,"U(-1,1)",2048,7168,7168,64x128x32_cutlass_p1,65.070,63.790,65.530,64.754,3.2340,2.594e-04,3.975e-02,1.811e-02,5
INT8,LUT,"U(-1,1)",2048,7168,7168,128x64x32_cutlass_p1,63.930,62.180,64.470,63.660,3.2920,2.594e-04,3.975e-02,1.811e-02,5
INT8,BITSHIFT,"U(-1,1)",2048,7168,7168,128x64x32_cutlass_p1,64.130,62.530,65.860,64.148,3.2820,2.594e-04,3.975e-02,1.811e-02,5
INT8,LUT,"U(-1,1)",4096,7168,7168,16x64x32_w4,5.330,5.330,5.340,5.332,78.9220,2.594e-04,3.975e-02,1.873e-02,5
INT8,BITSHIFT,"U(-1,1)",4096,7168,7168,16x64x32_w4,3.310,3.300,3.310,3.308,127.1820,1.846e-04,2.949e-02,1.378e-02,5
INT8,LUT,"U(-1,1)",4096,7168,7168,16x128x32_w8,5.200,5.190,5.210,5.202,80.8870,2.594e-04,3.975e-02,1.873e-02,5
INT8,BITSHIFT,"U(-1,1)",4096,7168,7168,16x128x32_w8,3.680,3.660,3.690,3.676,114.3650,1.846e-04,2.949e-02,1.378e-02,5
INT8,LUT,"U(-1,1)",4096,7168,7168,16x128x32_w4f2,5.600,5.600,5.600,5.600,75.1600,2.594e-04,3.975e-02,1.873e-02,5
INT8,LUT,"U(-1,1)",4096,7168,7168,16x256x32_w4f4,3.820,3.820,3.820,3.820,110.2550,2.594e-04,3.975e-02,1.873e-02,5
INT8,LUT,"U(-1,1)",4096,7168,7168,128x64x32_w4_v1,12.390,12.390,12.400,12.392,33.9710,2.594e-04,3.975e-02,1.873e-02,5
INT8,LUT,"U(-1,1)",4096,7168,7168,128x128x32_w4_v1,9.670,9.670,9.680,9.672,43.5200,2.594e-04,3.975e-02,1.873e-02,5
INT8,LUT,"U(-1,1)",4096,7168,7168,128x256x32_w4_v1,5.610,5.600,5.620,5.610,75.0420,2.594e-04,3.975e-02,1.873e-02,5
INT8,LUT,"U(-1,1)",4096,7168,7168,128x256x32_w8_v1,10.400,10.390,10.410,10.400,40.4710,2.594e-04,3.975e-02,1.873e-02,5
INT8,LUT,"U(-1,1)",4096,7168,7168,64x64x32_w4_v1,10.140,10.080,10.230,10.154,41.5180,2.594e-04,3.975e-02,1.873e-02,5
INT8,LUT,"U(-1,1)",4096,7168,7168,64x128x32_w4_v1,9.210,9.200,9.210,9.208,45.7140,2.594e-04,3.975e-02,1.873e-02,5
INT8,LUT,"U(-1,1)",4096,7168,7168,128x64x32_w4_v2,16.080,16.070,16.110,16.088,26.1710,2.594e-04,3.975e-02,1.873e-02,5
INT8,LUT,"U(-1,1)",4096,7168,7168,128x128x32_w4_v2,18.150,18.140,18.170,18.154,23.1870,2.594e-04,3.975e-02,1.873e-02,5
INT8,LUT,"U(-1,1)",4096,7168,7168,128x256x32_w4_v2,10.400,10.360,10.430,10.396,40.4530,2.594e-04,3.975e-02,1.873e-02,5
INT8,LUT,"U(-1,1)",4096,7168,7168,128x256x32_w8_v2,21.430,21.430,21.440,21.434,19.6360,2.594e-04,3.975e-02,1.873e-02,5
INT8,LUT,"U(-1,1)",4096,7168,7168,64x64x32_w4_v2,16.390,16.380,16.400,16.392,25.6730,2.594e-04,3.975e-02,1.873e-02,5
INT8,LUT,"U(-1,1)",4096,7168,7168,64x128x32_w4_v2,21.710,21.640,21.760,21.702,19.3900,2.594e-04,3.975e-02,1.873e-02,5
INT8,LUT,"U(-1,1)",4096,7168,7168,128x64x32_w4_v3,22.380,22.380,22.380,22.380,18.8110,2.594e-04,3.975e-02,1.873e-02,5
INT8,LUT,"U(-1,1)",4096,7168,7168,128x128x32_w4_v3,27.440,27.420,27.520,27.452,15.3410,2.594e-04,3.975e-02,1.873e-02,5
INT8,LUT,"U(-1,1)",4096,7168,7168,64x64x32_w4_v3,19.810,19.770,19.830,19.806,21.2470,2.594e-04,3.975e-02,1.873e-02,5
INT8,LUT,"U(-1,1)",4096,7168,7168,64x128x32_w4_v3,28.530,28.480,28.610,28.532,14.7550,2.594e-04,3.975e-02,1.873e-02,5
INT8,LUT,"U(-1,1)",4096,7168,7168,32x128x32_w4_v3_b1,14.100,13.750,14.320,14.014,29.8620,2.594e-04,3.975e-02,1.873e-02,5
INT8,LUT,"U(-1,1)",4096,7168,7168,32x64x32_w4_v3_b1,11.650,11.640,11.690,11.658,36.1240,2.594e-04,3.975e-02,1.873e-02,5
INT8,LUT,"U(-1,1)",4096,7168,7168,32x256x32_w8_v3_b1,19.490,19.480,19.490,19.488,21.5990,2.594e-04,3.975e-02,1.873e-02,5
INT8,LUT,"U(-1,1)",4096,7168,7168,128x128x32_w8_v3_b1alt,21.450,21.450,21.450,21.450,19.6200,2.594e-04,3.975e-02,1.873e-02,5
INT8,LUT,"U(-1,1)",4096,7168,7168,64x128x32_w8_v3_b1alt,19.010,18.960,19.070,19.010,22.1370,2.594e-04,3.975e-02,1.873e-02,5
INT8,LUT,"U(-1,1)",4096,7168,7168,128x64x32_w4_v4,21.610,21.610,21.610,21.610,19.4740,2.594e-04,3.975e-02,1.873e-02,5
INT8,LUT,"U(-1,1)",4096,7168,7168,128x128x32_w4_v4,27.650,27.640,27.660,27.648,15.2230,2.594e-04,3.975e-02,1.873e-02,5
INT8,LUT,"U(-1,1)",4096,7168,7168,64x64x32_w4_v4,18.640,18.590,18.680,18.640,22.5760,2.594e-04,3.975e-02,1.873e-02,5
INT8,LUT,"U(-1,1)",4096,7168,7168,64x128x32_w4_v4,28.010,27.990,28.030,28.012,15.0250,2.594e-04,3.975e-02,1.873e-02,5
INT8,LUT,"U(-1,1)",4096,7168,7168,128x64x32_w4_v5,16.880,16.840,16.930,16.888,24.9400,2.594e-04,3.975e-02,1.873e-02,5
INT8,LUT,"U(-1,1)",4096,7168,7168,128x128x32_w4_v5,26.680,26.600,26.690,26.662,15.7760,2.594e-04,3.975e-02,1.873e-02,5
INT8,LUT,"U(-1,1)",4096,7168,7168,64x64x32_w4_v5,14.050,14.010,14.100,14.046,29.9540,2.594e-04,3.975e-02,1.873e-02,5
INT8,LUT,"U(-1,1)",4096,7168,7168,64x128x32_w4_v5,21.870,21.820,21.870,21.858,19.2470,2.594e-04,3.975e-02,1.873e-02,5
INT8,LUT,"U(-1,1)",4096,7168,7168,128x128x64_w4_v6,21.050,21.050,21.050,21.050,19.9950,2.594e-04,3.975e-02,1.873e-02,5
INT8,LUT,"U(-1,1)",4096,7168,7168,128x64x64_w4_v6,12.950,12.950,12.950,12.950,32.5060,2.594e-04,3.975e-02,1.873e-02,5
INT8,LUT,"U(-1,1)",4096,7168,7168,64x128x64_w4_v6,20.410,20.400,20.410,20.406,20.6260,2.594e-04,3.975e-02,1.873e-02,5
INT8,LUT,"U(-1,1)",4096,7168,7168,64x64x64_w4_v6,12.150,12.140,12.160,12.150,34.6370,2.594e-04,3.975e-02,1.873e-02,5
INT8,LUT,"U(-1,1)",4096,7168,7168,64x128x32_w4_v7,23.120,23.110,23.130,23.120,18.2030,2.594e-04,3.975e-02,1.873e-02,5
INT8,LUT,"U(-1,1)",4096,7168,7168,64x64x32_w4_v7,18.020,17.940,18.060,18.010,23.3520,2.594e-04,3.975e-02,1.873e-02,5
INT8,LUT,"U(-1,1)",4096,7168,7168,32x128x32_w4_v7,13.520,13.510,13.520,13.516,31.1430,2.594e-04,3.975e-02,1.873e-02,5
INT8,LUT,"U(-1,1)",4096,7168,7168,32x64x32_w4_v7,14.450,14.420,14.470,14.448,29.1270,2.594e-04,3.975e-02,1.873e-02,5
INT8,LUT,"U(-1,1)",4096,7168,7168,128x64x32_w4_v8,21.930,21.930,21.930,21.930,19.1920,5.468e-03,2.450e+00,6.234e-01,5
INT8,LUT,"U(-1,1)",4096,7168,7168,128x128x32_w4_v8,28.340,28.280,28.390,28.334,14.8540,5.468e-03,2.450e+00,6.234e-01,5
INT8,LUT,"U(-1,1)",4096,7168,7168,64x64x32_w4_v8,19.030,18.970,19.050,19.020,22.1220,5.468e-03,2.450e+00,6.234e-01,5
INT8,LUT,"U(-1,1)",4096,7168,7168,64x128x32_w4_v8,28.840,28.830,28.840,28.836,14.5960,5.468e-03,2.450e+00,6.234e-01,5
INT8,LUT,"U(-1,1)",4096,7168,7168,32x128x32_w4_v8,18.480,17.630,19.730,18.630,22.7760,5.468e-03,2.450e+00,6.234e-01,5
INT8,LUT,"U(-1,1)",4096,7168,7168,32x64x32_w4_v8,11.250,11.240,11.320,11.268,37.4000,5.468e-03,2.450e+00,6.234e-01,5
INT8,LUT,"U(-1,1)",4096,7168,7168,128x128x32_w4_v9_ck2,26.170,26.170,26.200,26.180,16.0810,7.073e-01,2.119e+02,9.372e+01,5
INT8,LUT,"U(-1,1)",4096,7168,7168,128x128x32_w4_v9_ck4,26.720,26.690,26.750,26.720,15.7500,7.074e-01,2.119e+02,9.373e+01,5
INT8,LUT,"U(-1,1)",4096,7168,7168,128x128x32_w4_v9_ck8,27.040,27.040,27.090,27.052,15.5650,7.076e-01,2.119e+02,9.378e+01,5
INT8,LUT,"U(-1,1)",4096,7168,7168,64x128x32_w4_v9_ck4,28.250,28.250,28.260,28.254,14.8970,7.074e-01,2.119e+02,9.373e+01,5
INT8,LUT,"U(-1,1)",4096,7168,7168,64x64x32_w4_v9_ck4,18.890,18.870,18.960,18.906,22.2830,7.074e-01,2.119e+02,9.373e+01,5
INT8,LUT,"U(-1,1)",4096,7168,7168,128x128x32_w4_v10,29.320,29.300,29.380,29.334,14.3540,2.594e-04,3.975e-02,1.873e-02,5
INT8,LUT,"U(-1,1)",4096,7168,7168,128x64x32_w4_v10,22.190,22.190,22.200,22.192,18.9660,2.594e-04,3.975e-02,1.873e-02,5
INT8,LUT,"U(-1,1)",4096,7168,7168,64x128x32_w4_v10,29.210,29.040,29.340,29.186,14.4090,2.594e-04,3.975e-02,1.873e-02,5
INT8,LUT,"U(-1,1)",4096,7168,7168,64x64x32_w4_v10,18.970,18.870,19.210,19.000,22.1860,2.594e-04,3.975e-02,1.873e-02,5
INT8,LUT,"U(-1,1)",4096,7168,7168,64x256x32_w8_v10,28.460,28.220,28.540,28.410,14.7900,2.594e-04,3.975e-02,1.873e-02,5
INT8,LUT,"U(-1,1)",4096,7168,7168,128x128x32_w4_v11,33.910,33.780,33.930,33.878,12.4130,2.594e-04,3.975e-02,1.873e-02,5
INT8,LUT,"U(-1,1)",4096,7168,7168,64x128x32_w4_v11,33.200,32.810,33.340,33.102,12.6790,2.594e-04,3.975e-02,1.873e-02,5
INT8,LUT,"U(-1,1)",4096,7168,7168,128x256x32_w8_v11,7.820,7.810,7.830,7.820,53.8380,2.594e-04,3.975e-02,1.873e-02,5
INT8,LUT,"U(-1,1)",4096,7168,7168,64x256x32_w8_v11,32.310,32.250,32.580,32.364,13.0270,2.594e-04,3.975e-02,1.873e-02,5
INT8,LUT,"U(-1,1)",4096,7168,7168,128x128x16_w4_v11,34.580,34.550,34.660,34.596,12.1730,2.594e-04,3.975e-02,1.873e-02,5
INT8,LUT,"U(-1,1)",4096,7168,7168,64x128x16_w4_v11,25.310,21.240,26.790,24.476,16.6320,2.594e-04,3.975e-02,1.873e-02,5
INT8,LUT,"U(-1,1)",4096,7168,7168,128x256x16_w8_v11,5.830,5.830,5.840,5.834,72.1530,2.594e-04,3.975e-02,1.873e-02,5
INT8,LUT,"U(-1,1)",4096,7168,7168,64x256x16_w8_v11,26.410,26.120,28.580,26.880,15.9370,2.594e-04,3.975e-02,1.873e-02,5
INT8,LUT,"U(-1,1)",4096,7168,7168,64x256x16_w4f4_v11,29.610,29.460,29.890,29.618,14.2160,2.594e-04,3.975e-02,1.873e-02,5
INT8,LUT,"U(-1,1)",4096,7168,7168,128x256x16_w4f4_v11,9.460,9.440,9.490,9.464,44.4740,2.594e-04,3.975e-02,1.873e-02,5
INT8,LUT,"U(-1,1)",4096,7168,7168,32x128x16_w4_v11,13.470,13.160,14.080,13.636,31.2540,2.594e-04,3.975e-02,1.873e-02,5
INT8,LUT,"U(-1,1)",4096,7168,7168,32x256x16_w8_v11,22.350,22.290,22.440,22.362,18.8350,2.594e-04,3.975e-02,1.873e-02,5
INT8,LUT,"U(-1,1)",4096,7168,7168,32x128x32_w4_v11,11.680,11.650,11.820,11.724,36.0290,2.594e-04,3.975e-02,1.873e-02,5
INT8,LUT,"U(-1,1)",4096,7168,7168,192x128x16_w4_v11,33.100,32.990,33.190,33.090,12.7150,2.594e-04,3.975e-02,1.873e-02,5
INT8,LUT,"U(-1,1)",4096,7168,7168,256x128x16_w4_v11,9.900,9.810,9.930,9.884,42.5060,2.594e-04,3.975e-02,1.873e-02,5
INT8,LUT,"U(-1,1)",4096,7168,7168,64x128x16_w2f4_v11,34.380,34.190,34.570,34.406,12.2430,2.594e-04,3.975e-02,1.873e-02,5
INT8,LUT,"U(-1,1)",4096,7168,7168,64x128x32_w2f4_v11,18.700,18.660,19.160,18.870,22.5030,2.594e-04,3.975e-02,1.873e-02,5
INT8,LUT,"U(-1,1)",4096,7168,7168,32x128x16_w2f4_v11,4.690,4.660,4.790,4.708,89.7680,2.594e-04,3.975e-02,1.873e-02,5
INT8,LUT,"U(-1,1)",4096,7168,7168,128x128x16_w4_v12,35.360,35.330,35.390,35.360,11.9030,5.468e-03,2.450e+00,6.234e-01,5
INT8,LUT,"U(-1,1)",4096,7168,7168,64x128x16_w4_v12,14.390,14.300,14.830,14.500,29.2480,5.468e-03,2.450e+00,6.234e-01,5
INT8,LUT,"U(-1,1)",4096,7168,7168,128x256x16_w8_v12,26.820,26.780,26.840,26.816,15.6960,5.468e-03,2.450e+00,6.234e-01,5
INT8,LUT,"U(-1,1)",4096,7168,7168,64x256x16_w8_v12,33.030,32.890,33.090,33.008,12.7410,5.468e-03,2.450e+00,6.234e-01,5
INT8,LUT,"U(-1,1)",4096,7168,7168,128x128x32_w4_v12,34.970,34.860,35.380,35.034,12.0350,5.468e-03,2.450e+00,6.234e-01,5
INT8,LUT,"U(-1,1)",4096,7168,7168,64x128x32_w4_v12,34.260,34.140,34.500,34.316,12.2860,5.468e-03,2.450e+00,6.234e-01,5
INT8,LUT,"U(-1,1)",4096,7168,7168,32x128x16_w4_v12,5.310,5.270,5.340,5.310,79.2400,5.468e-03,2.450e+00,6.234e-01,5
INT8,LUT,"U(-1,1)",4096,7168,7168,32x256x16_w8_v12,22.890,22.870,22.970,22.908,18.3840,5.468e-03,2.450e+00,6.234e-01,5
INT8,LUT,"U(-1,1)",4096,7168,7168,64x128x16_w2f4_v12,9.520,9.490,9.590,9.538,44.2050,5.468e-03,2.450e+00,6.234e-01,5
INT8,LUT,"U(-1,1)",4096,7168,7168,64x256x16_w4f4_v12,29.190,29.040,29.250,29.154,14.4210,5.468e-03,2.450e+00,6.234e-01,5
INT8,LUT,"U(-1,1)",4096,7168,7168,128x128x16_w4_v12_ms3,38.610,38.370,38.660,38.554,10.9000,5.468e-03,2.450e+00,6.234e-01,5
INT8,LUT,"U(-1,1)",4096,7168,7168,64x128x16_w4_v12_ms3,11.070,10.930,11.150,11.066,38.0100,5.468e-03,2.450e+00,6.234e-01,5
INT8,LUT,"U(-1,1)",4096,7168,7168,128x256x16_w8_v12_ms3,37.020,36.950,37.160,37.038,11.3690,5.468e-03,2.450e+00,6.234e-01,5
INT8,LUT,"U(-1,1)",4096,7168,7168,64x256x16_w8_v12_ms3,16.410,15.330,16.680,16.134,25.6470,5.468e-03,2.450e+00,6.234e-01,5
INT8,LUT,"U(-1,1)",4096,7168,7168,128x128x32_w4_v12_ms3,36.250,36.130,36.390,36.280,11.6100,5.468e-03,2.450e+00,6.234e-01,5
INT8,LUT,"U(-1,1)",4096,7168,7168,64x128x32_w4_v12_ms3,24.920,24.740,25.030,24.920,16.8880,5.468e-03,2.450e+00,6.234e-01,5
INT8,LUT,"U(-1,1)",4096,7168,7168,64x256x16_w4f4_v12_ms3,32.360,32.150,32.420,32.292,13.0090,5.468e-03,2.450e+00,6.234e-01,5
INT8,LUT,"U(-1,1)",4096,7168,7168,64x128x16_w2f4_v12_ms3,8.620,8.570,8.640,8.610,48.8350,5.468e-03,2.450e+00,6.234e-01,5
INT8,LUT,"U(-1,1)",4096,7168,7168,128x128x32_w4_v10s_ks1,28.990,28.870,29.020,28.966,14.5170,2.594e-04,3.975e-02,1.873e-02,5
INT8,LUT,"U(-1,1)",4096,7168,7168,128x128x32_w4_v10s_ks2,29.150,29.100,29.170,29.136,14.4410,2.594e-04,3.972e-02,1.874e-02,5
INT8,LUT,"U(-1,1)",4096,7168,7168,128x128x32_w4_v10s_ks4,28.630,28.620,28.660,28.636,14.7000,2.594e-04,3.973e-02,1.876e-02,5
INT8,LUT,"U(-1,1)",4096,7168,7168,128x128x32_w4_v10s_ks8,26.230,26.190,26.260,26.222,16.0460,2.594e-04,3.973e-02,1.880e-02,5
INT8,LUT,"U(-1,1)",4096,7168,7168,64x128x32_w4_v10s_ks2,28.180,28.120,28.300,28.202,14.9340,2.594e-04,3.972e-02,1.874e-02,5
INT8,LUT,"U(-1,1)",4096,7168,7168,64x128x32_w4_v10s_ks4,27.030,27.010,27.120,27.046,15.5700,2.594e-04,3.973e-02,1.876e-02,5
INT8,LUT,"U(-1,1)",4096,7168,7168,64x128x32_w4_v10s_ks8,25.150,25.100,25.260,25.178,16.7330,2.594e-04,3.973e-02,1.880e-02,5
INT8,LUT,"U(-1,1)",4096,7168,7168,64x64x32_w4_v10s_ks2,18.640,18.580,18.690,18.644,22.5760,2.594e-04,3.972e-02,1.874e-02,5
INT8,LUT,"U(-1,1)",4096,7168,7168,64x64x32_w4_v10s_ks4,18.780,18.770,18.790,18.780,22.4110,2.594e-04,3.973e-02,1.876e-02,5
INT8,LUT,"U(-1,1)",4096,7168,7168,64x64x32_w4_v10s_ks8,18.350,18.330,18.350,18.346,22.9380,2.594e-04,3.973e-02,1.880e-02,5
INT8,LUT,"U(-1,1)",4096,7168,7168,64x256x32_w8_v10s_ks2,28.530,28.390,28.570,28.500,14.7550,2.594e-04,3.972e-02,1.874e-02,5
INT8,LUT,"U(-1,1)",4096,7168,7168,64x256x32_w8_v10s_ks4,28.090,27.970,28.150,28.066,14.9860,2.594e-04,3.973e-02,1.876e-02,5
INT8,LUT,"U(-1,1)",4096,7168,7168,128x128x32_cutlass_p1,83.170,81.350,84.030,82.728,5.0610,2.594e-04,3.975e-02,1.873e-02,5
INT8,BITSHIFT,"U(-1,1)",4096,7168,7168,128x128x32_cutlass_p1,81.490,81.010,83.450,81.938,5.1650,2.594e-04,3.975e-02,1.873e-02,5
INT8,LUT,"U(-1,1)",4096,7168,7168,64x128x32_cutlass_p1,65.590,63.730,67.090,65.224,6.4180,2.594e-04,3.975e-02,1.873e-02,5
INT8,BITSHIFT,"U(-1,1)",4096,7168,7168,64x128x32_cutlass_p1,65.340,63.980,65.620,64.960,6.4420,2.594e-04,3.975e-02,1.873e-02,5
INT8,LUT,"U(-1,1)",4096,7168,7168,128x64x32_cutlass_p1,59.840,36.680,64.510,56.908,7.0340,2.594e-04,3.975e-02,1.873e-02,5
INT8,BITSHIFT,"U(-1,1)",4096,7168,7168,128x64x32_cutlass_p1,55.290,42.600,64.590,55.328,7.6120,2.594e-04,3.975e-02,1.873e-02,5
INT4,LUT,"U(-1,1)",1,7168,7168,16x64x32_w4,0.070,0.060,0.070,0.066,1.5610,2.533e-04,2.849e-02,1.838e-02,5
INT4,BITSHIFT,"U(-1,1)",1,7168,7168,16x64x32_w4,0.120,0.120,0.140,0.126,0.8440,1.821e-04,1.886e-02,1.284e-02,5
INT4,LUT,"U(-1,1)",1,7168,7168,16x128x32_w8,0.070,0.070,0.070,0.070,1.4920,2.533e-04,2.849e-02,1.838e-02,5
INT4,BITSHIFT,"U(-1,1)",1,7168,7168,16x128x32_w8,0.130,0.120,0.140,0.128,0.7710,1.821e-04,1.886e-02,1.284e-02,5
INT4,LUT,"U(-1,1)",1,7168,7168,128x64x32_w4_v2,0.070,0.060,0.070,0.066,1.4680,2.533e-04,2.849e-02,1.838e-02,5
INT4,LUT,"U(-1,1)",1,7168,7168,64x64x32_w4_v2,0.110,0.100,0.120,0.108,0.9150,2.533e-04,2.849e-02,1.838e-02,5
INT4,LUT,"U(-1,1)",1,7168,7168,128x64x32_w4_v3,0.070,0.060,0.070,0.066,1.4500,2.533e-04,2.849e-02,1.838e-02,5
INT4,LUT,"U(-1,1)",1,7168,7168,64x64x32_w4_v3,0.100,0.090,0.110,0.098,1.0260,2.533e-04,2.849e-02,1.838e-02,5
INT4,LUT,"U(-1,1)",1,7168,7168,32x64x32_w4_v3_b1,0.110,0.100,0.120,0.108,0.9090,2.533e-04,2.849e-02,1.838e-02,5
INT4,LUT,"U(-1,1)",1,7168,7168,128x64x32_w4_v4,0.070,0.070,0.080,0.072,1.4470,2.533e-04,2.849e-02,1.838e-02,5
INT4,LUT,"U(-1,1)",1,7168,7168,64x64x32_w4_v4,0.100,0.090,0.100,0.096,1.0790,2.533e-04,2.849e-02,1.838e-02,5
INT4,LUT,"U(-1,1)",1,7168,7168,128x64x32_w4_v5,0.070,0.070,0.080,0.072,1.4510,2.533e-04,2.849e-02,1.838e-02,5
INT4,LUT,"U(-1,1)",1,7168,7168,64x64x32_w4_v5,0.100,0.100,0.100,0.100,1.0560,2.533e-04,2.849e-02,1.838e-02,5
INT4,LUT,"U(-1,1)",1,7168,7168,128x64x32_w4_v3s_ks2,0.120,0.120,0.130,0.124,0.8460,2.533e-04,2.846e-02,1.843e-02,5
INT4,LUT,"U(-1,1)",1,7168,7168,128x64x32_w4_v3s_ks4,0.120,0.120,0.130,0.124,0.8460,2.533e-04,2.840e-02,1.841e-02,5
INT4,LUT,"U(-1,1)",1,7168,7168,64x64x32_w4_v3s_ks2,0.170,0.170,0.180,0.174,0.5920,2.533e-04,2.846e-02,1.843e-02,5
INT4,LUT,"U(-1,1)",1,7168,7168,64x64x32_w4_v3s_ks4,0.140,0.130,0.140,0.138,0.7520,2.533e-04,2.840e-02,1.841e-02,5
INT4,LUT,"U(-1,1)",1,7168,7168,64x64x32_w4_v3s_ks8,0.180,0.180,0.190,0.184,0.5740,2.533e-04,2.840e-02,1.841e-02,5
INT4,LUT,"U(-1,1)",8,7168,7168,16x64x32_w4,0.620,0.580,0.620,0.610,1.3350,2.574e-04,3.204e-02,1.856e-02,5
INT4,BITSHIFT,"U(-1,1)",8,7168,7168,16x64x32_w4,0.940,0.900,0.940,0.932,0.8720,1.891e-04,2.484e-02,1.351e-02,5
INT4,LUT,"U(-1,1)",8,7168,7168,16x128x32_w8,0.590,0.550,0.590,0.582,1.3980,2.574e-04,3.204e-02,1.856e-02,5
INT4,BITSHIFT,"U(-1,1)",8,7168,7168,16x128x32_w8,0.940,0.870,0.940,0.924,0.8790,1.891e-04,2.484e-02,1.351e-02,5
INT4,LUT,"U(-1,1)",8,7168,7168,128x64x32_w4_v2,0.600,0.560,0.600,0.592,1.3720,2.574e-04,3.204e-02,1.856e-02,5
INT4,LUT,"U(-1,1)",8,7168,7168,64x64x32_w4_v2,0.920,0.870,0.920,0.910,0.8920,2.574e-04,3.204e-02,1.856e-02,5
INT4,LUT,"U(-1,1)",8,7168,7168,128x64x32_w4_v3,0.610,0.570,0.610,0.602,1.3510,2.574e-04,3.204e-02,1.856e-02,5
INT4,LUT,"U(-1,1)",8,7168,7168,64x64x32_w4_v3,0.840,0.780,0.840,0.826,0.9810,2.574e-04,3.204e-02,1.856e-02,5
INT4,LUT,"U(-1,1)",8,7168,7168,32x64x32_w4_v3_b1,0.940,0.900,0.940,0.932,0.8780,2.574e-04,3.204e-02,1.856e-02,5
INT4,LUT,"U(-1,1)",8,7168,7168,128x64x32_w4_v4,0.610,0.610,0.610,0.610,1.3530,2.574e-04,3.204e-02,1.856e-02,5
INT4,LUT,"U(-1,1)",8,7168,7168,64x64x32_w4_v4,0.810,0.810,0.810,0.810,1.0110,2.574e-04,3.204e-02,1.856e-02,5
INT4,LUT,"U(-1,1)",8,7168,7168,128x64x32_w4_v5,0.600,0.600,0.610,0.602,1.3600,2.574e-04,3.204e-02,1.856e-02,5
INT4,LUT,"U(-1,1)",8,7168,7168,64x64x32_w4_v5,0.830,0.830,0.830,0.830,0.9930,2.574e-04,3.204e-02,1.856e-02,5
INT4,LUT,"U(-1,1)",8,7168,7168,128x64x32_w4_v3s_ks2,1.030,1.030,1.030,1.030,0.7990,2.574e-04,3.213e-02,1.858e-02,5
INT4,LUT,"U(-1,1)",8,7168,7168,128x64x32_w4_v3s_ks4,1.030,1.030,1.030,1.030,0.8000,2.574e-04,3.213e-02,1.856e-02,5
INT4,LUT,"U(-1,1)",8,7168,7168,64x64x32_w4_v3s_ks2,1.450,1.450,1.460,1.454,0.5670,2.574e-04,3.213e-02,1.858e-02,5
INT4,LUT,"U(-1,1)",8,7168,7168,64x64x32_w4_v3s_ks4,1.140,1.120,1.150,1.138,0.7240,2.574e-04,3.213e-02,1.856e-02,5
INT4,LUT,"U(-1,1)",8,7168,7168,64x64x32_w4_v3s_ks8,1.490,1.490,1.510,1.496,0.5500,2.574e-04,3.212e-02,1.856e-02,5
INT4,LUT,"U(-1,1)",32,7168,7168,16x64x32_w4,2.330,2.330,2.330,2.330,1.4120,2.561e-04,3.464e-02,1.872e-02,5
INT4,BITSHIFT,"U(-1,1)",32,7168,7168,16x64x32_w4,2.850,2.850,2.850,2.850,1.1520,1.870e-04,2.487e-02,1.387e-02,5
INT4,LUT,"U(-1,1)",32,7168,7168,16x128x32_w8,2.210,2.210,2.210,2.210,1.4860,2.561e-04,3.464e-02,1.872e-02,5
INT4,BITSHIFT,"U(-1,1)",32,7168,7168,16x128x32_w8,2.270,2.270,2.270,2.270,1.4490,1.870e-04,2.487e-02,1.387e-02,5
INT4,LUT,"U(-1,1)",32,7168,7168,128x64x32_w4_v2,2.360,2.360,2.360,2.360,1.3910,2.561e-04,3.464e-02,1.872e-02,5
INT4,LUT,"U(-1,1)",32,7168,7168,64x64x32_w4_v2,3.380,3.380,3.390,3.382,0.9720,2.561e-04,3.464e-02,1.872e-02,5
INT4,LUT,"U(-1,1)",32,7168,7168,128x64x32_w4_v3,2.390,2.390,2.400,2.392,1.3740,2.561e-04,3.464e-02,1.872e-02,5
INT4,LUT,"U(-1,1)",32,7168,7168,64x64x32_w4_v3,3.070,3.050,3.080,3.070,1.0700,2.561e-04,3.464e-02,1.872e-02,5
INT4,LUT,"U(-1,1)",32,7168,7168,32x64x32_w4_v3_b1,3.450,3.450,3.460,3.454,0.9520,2.561e-04,3.464e-02,1.872e-02,5
INT4,LUT,"U(-1,1)",32,7168,7168,128x64x32_w4_v4,2.400,2.390,2.400,2.398,1.3720,2.561e-04,3.464e-02,1.872e-02,5
INT4,LUT,"U(-1,1)",32,7168,7168,64x64x32_w4_v4,3.210,3.200,3.210,3.206,1.0260,2.561e-04,3.464e-02,1.872e-02,5
INT4,LUT,"U(-1,1)",32,7168,7168,128x64x32_w4_v5,2.390,2.390,2.390,2.390,1.3750,2.561e-04,3.464e-02,1.872e-02,5
INT4,LUT,"U(-1,1)",32,7168,7168,64x64x32_w4_v5,3.250,3.240,3.250,3.248,1.0130,2.561e-04,3.464e-02,1.872e-02,5
INT4,LUT,"U(-1,1)",32,7168,7168,128x64x32_w4_v3s_ks2,4.050,4.030,4.060,4.046,0.8120,2.561e-04,3.464e-02,1.872e-02,5
INT4,LUT,"U(-1,1)",32,7168,7168,128x64x32_w4_v3s_ks4,4.060,4.060,4.070,4.062,0.8090,2.561e-04,3.464e-02,1.871e-02,5
INT4,LUT,"U(-1,1)",32,7168,7168,64x64x32_w4_v3s_ks2,5.590,5.570,5.590,5.584,0.5880,2.561e-04,3.464e-02,1.872e-02,5
INT4,LUT,"U(-1,1)",32,7168,7168,64x64x32_w4_v3s_ks4,4.430,4.400,4.550,4.458,0.7420,2.561e-04,3.464e-02,1.871e-02,5
INT4,LUT,"U(-1,1)",32,7168,7168,64x64x32_w4_v3s_ks8,5.730,5.720,5.750,5.734,0.5740,2.561e-04,3.464e-02,1.872e-02,5
INT4,LUT,"U(-1,1)",64,7168,7168,16x64x32_w4,4.200,4.200,4.200,4.200,1.5650,2.561e-04,3.466e-02,1.871e-02,5
INT4,BITSHIFT,"U(-1,1)",64,7168,7168,16x64x32_w4,3.610,3.610,3.610,3.610,1.8210,1.865e-04,2.489e-02,1.371e-02,5
INT4,LUT,"U(-1,1)",64,7168,7168,16x128x32_w8,4.090,4.090,4.090,4.090,1.6080,2.561e-04,3.466e-02,1.871e-02,5
INT4,BITSHIFT,"U(-1,1)",64,7168,7168,16x128x32_w8,3.480,3.480,3.480,3.480,1.8880,1.865e-04,2.489e-02,1.371e-02,5
INT4,LUT,"U(-1,1)",64,7168,7168,128x64x32_w4_v2,4.660,4.660,4.660,4.660,1.4100,2.561e-04,3.466e-02,1.871e-02,5
INT4,LUT,"U(-1,1)",64,7168,7168,64x64x32_w4_v2,6.500,6.490,6.510,6.500,1.0120,2.561e-04,3.466e-02,1.871e-02,5
INT4,LUT,"U(-1,1)",64,7168,7168,128x64x32_w4_v3,4.730,4.730,4.740,4.734,1.3900,2.561e-04,3.466e-02,1.871e-02,5
INT4,LUT,"U(-1,1)",64,7168,7168,64x64x32_w4_v3,6.200,6.190,6.220,6.200,1.0600,2.561e-04,3.466e-02,1.871e-02,5
INT4,LUT,"U(-1,1)",64,7168,7168,32x64x32_w4_v3_b1,6.830,6.830,6.840,6.834,0.9620,2.561e-04,3.466e-02,1.871e-02,5
INT4,LUT,"U(-1,1)",64,7168,7168,128x64x32_w4_v4,4.750,4.740,4.750,4.748,1.3850,2.561e-04,3.466e-02,1.871e-02,5
INT4,LUT,"U(-1,1)",64,7168,7168,64x64x32_w4_v4,6.270,6.260,6.270,6.266,1.0490,2.561e-04,3.466e-02,1.871e-02,5
INT4,LUT,"U(-1,1)",64,7168,7168,128x64x32_w4_v5,4.730,4.720,4.730,4.726,1.3920,2.561e-04,3.466e-02,1.871e-02,5
INT4,LUT,"U(-1,1)",64,7168,7168,64x64x32_w4_v5,6.360,6.350,6.370,6.362,1.0340,2.561e-04,3.466e-02,1.871e-02,5
INT4,LUT,"U(-1,1)",64,7168,7168,128x64x32_w4_v3s_ks2,7.970,7.950,7.990,7.972,0.8250,2.561e-04,3.466e-02,1.868e-02,5
INT4,LUT,"U(-1,1)",64,7168,7168,128x64x32_w4_v3s_ks4,7.980,7.970,8.000,7.982,0.8250,2.561e-04,3.465e-02,1.869e-02,5
INT4,LUT,"U(-1,1)",64,7168,7168,64x64x32_w4_v3s_ks2,10.990,10.930,11.110,11.002,0.5980,2.561e-04,3.466e-02,1.868e-02,5
INT4,LUT,"U(-1,1)",64,7168,7168,64x64x32_w4_v3s_ks4,8.740,8.570,8.780,8.686,0.7530,2.561e-04,3.466e-02,1.869e-02,5
INT4,LUT,"U(-1,1)",64,7168,7168,64x64x32_w4_v3s_ks8,11.040,11.020,11.110,11.062,0.5950,2.561e-04,3.466e-02,1.867e-02,5
INT4,LUT,"U(-1,1)",256,7168,7168,16x64x32_w4,4.980,4.970,4.990,4.982,5.2780,2.557e-04,3.903e-02,1.841e-02,5
INT4,BITSHIFT,"U(-1,1)",256,7168,7168,16x64x32_w4,3.490,3.490,3.520,3.498,7.5320,1.863e-04,2.604e-02,1.333e-02,5
INT4,LUT,"U(-1,1)",256,7168,7168,16x128x32_w8,4.760,4.740,4.770,4.758,5.5290,2.557e-04,3.903e-02,1.841e-02,5
INT4,BITSHIFT,"U(-1,1)",256,7168,7168,16x128x32_w8,3.420,3.360,3.440,3.410,7.6960,1.863e-04,2.604e-02,1.333e-02,5
INT4,LUT,"U(-1,1)",256,7168,7168,128x64x32_w4_v2,16.090,15.780,16.280,16.068,1.6350,2.557e-04,3.903e-02,1.841e-02,5
INT4,LUT,"U(-1,1)",256,7168,7168,64x64x32_w4_v2,10.650,10.460,10.760,10.634,2.4700,2.557e-04,3.903e-02,1.841e-02,5
INT4,LUT,"U(-1,1)",256,7168,7168,128x64x32_w4_v3,16.340,16.160,16.360,16.304,1.6100,2.557e-04,3.903e-02,1.841e-02,5
INT4,LUT,"U(-1,1)",256,7168,7168,64x64x32_w4_v3,10.920,10.770,10.940,10.876,2.4090,2.557e-04,3.903e-02,1.841e-02,5
INT4,LUT,"U(-1,1)",256,7168,7168,32x64x32_w4_v3_b1,11.900,11.900,11.920,11.906,2.2100,2.557e-04,3.903e-02,1.841e-02,5
INT4,LUT,"U(-1,1)",256,7168,7168,128x64x32_w4_v4,16.270,16.250,16.330,16.288,1.6170,2.557e-04,3.903e-02,1.841e-02,5
INT4,LUT,"U(-1,1)",256,7168,7168,64x64x32_w4_v4,10.760,10.720,10.890,10.782,2.4460,2.557e-04,3.903e-02,1.841e-02,5
INT4,LUT,"U(-1,1)",256,7168,7168,128x64x32_w4_v5,9.670,9.650,9.720,9.680,2.7210,2.557e-04,3.903e-02,1.841e-02,5
INT4,LUT,"U(-1,1)",256,7168,7168,64x64x32_w4_v5,8.700,8.650,8.710,8.690,3.0230,2.557e-04,3.903e-02,1.841e-02,5
INT4,LUT,"U(-1,1)",256,7168,7168,128x64x32_w4_v3s_ks2,16.150,16.140,16.170,16.152,1.6280,2.557e-04,3.905e-02,1.843e-02,5
INT4,LUT,"U(-1,1)",256,7168,7168,128x64x32_w4_v3s_ks4,15.890,15.870,15.900,15.886,1.6560,2.557e-04,3.903e-02,1.847e-02,5
INT4,LUT,"U(-1,1)",256,7168,7168,64x64x32_w4_v3s_ks2,12.850,12.790,12.910,12.844,2.0470,2.557e-04,3.905e-02,1.843e-02,5
INT4,LUT,"U(-1,1)",256,7168,7168,64x64x32_w4_v3s_ks4,15.000,14.990,15.080,15.014,1.7530,2.557e-04,3.903e-02,1.847e-02,5
INT4,LUT,"U(-1,1)",256,7168,7168,64x64x32_w4_v3s_ks8,15.650,15.620,15.650,15.642,1.6810,2.557e-04,3.903e-02,1.846e-02,5
INT4,LUT,"U(-1,1)",1024,7168,7168,16x64x32_w4,4.970,4.960,4.970,4.966,21.1920,2.556e-04,3.902e-02,1.859e-02,5
INT4,BITSHIFT,"U(-1,1)",1024,7168,7168,16x64x32_w4,3.650,3.630,3.660,3.648,28.7930,1.860e-04,2.781e-02,1.388e-02,5
INT4,LUT,"U(-1,1)",1024,7168,7168,16x128x32_w8,4.810,4.800,4.850,4.818,21.8990,2.556e-04,3.902e-02,1.859e-02,5
INT4,BITSHIFT,"U(-1,1)",1024,7168,7168,16x128x32_w8,3.630,3.630,3.640,3.634,28.9610,1.860e-04,2.781e-02,1.388e-02,5
INT4,LUT,"U(-1,1)",1024,7168,7168,128x64x32_w4_v2,18.700,18.610,18.760,18.694,5.6280,2.556e-04,3.902e-02,1.859e-02,5
INT4,LUT,"U(-1,1)",1024,7168,7168,64x64x32_w4_v2,14.460,14.320,14.490,14.422,7.2770,2.556e-04,3.902e-02,1.859e-02,5
INT4,LUT,"U(-1,1)",1024,7168,7168,128x64x32_w4_v3,16.450,16.400,16.520,16.448,6.3960,2.556e-04,3.902e-02,1.859e-02,5
INT4,LUT,"U(-1,1)",1024,7168,7168,64x64x32_w4_v3,15.860,15.810,15.900,15.852,6.6360,2.556e-04,3.902e-02,1.859e-02,5
INT4,LUT,"U(-1,1)",1024,7168,7168,32x64x32_w4_v3_b1,12.000,11.990,12.000,11.996,8.7700,2.556e-04,3.902e-02,1.859e-02,5
INT4,LUT,"U(-1,1)",1024,7168,7168,128x64x32_w4_v4,16.490,16.470,16.500,16.486,6.3800,2.556e-04,3.902e-02,1.859e-02,5
INT4,LUT,"U(-1,1)",1024,7168,7168,64x64x32_w4_v4,15.240,15.170,15.350,15.254,6.9040,2.556e-04,3.902e-02,1.859e-02,5
INT4,LUT,"U(-1,1)",1024,7168,7168,128x64x32_w4_v5,11.830,11.820,11.840,11.832,8.8960,2.556e-04,3.902e-02,1.859e-02,5
INT4,LUT,"U(-1,1)",1024,7168,7168,64x64x32_w4_v5,8.700,8.690,8.720,8.702,12.0990,2.556e-04,3.902e-02,1.859e-02,5
INT4,LUT,"U(-1,1)",1024,7168,7168,128x64x32_w4_v3s_ks2,16.310,16.310,16.320,16.312,6.4510,2.556e-04,3.904e-02,1.859e-02,5
INT4,LUT,"U(-1,1)",1024,7168,7168,128x64x32_w4_v3s_ks4,16.930,16.910,16.930,16.924,6.2170,2.556e-04,3.903e-02,1.857e-02,5
INT4,LUT,"U(-1,1)",1024,7168,7168,64x64x32_w4_v3s_ks2,17.290,17.290,17.300,17.294,6.0840,2.556e-04,3.904e-02,1.859e-02,5
INT4,LUT,"U(-1,1)",1024,7168,7168,64x64x32_w4_v3s_ks4,16.810,16.800,16.840,16.818,6.2580,2.556e-04,3.903e-02,1.857e-02,5
INT4,LUT,"U(-1,1)",1024,7168,7168,64x64x32_w4_v3s_ks8,16.150,16.140,16.160,16.150,6.5160,2.556e-04,3.902e-02,1.860e-02,5
INT4,LUT,"U(-1,1)",2048,7168,7168,16x64x32_w4,5.160,5.160,5.160,5.160,40.7900,2.555e-04,3.901e-02,1.858e-02,5
INT4,BITSHIFT,"U(-1,1)",2048,7168,7168,16x64x32_w4,3.660,3.650,3.660,3.656,57.5380,1.860e-04,2.781e-02,1.348e-02,5
INT4,LUT,"U(-1,1)",2048,7168,7168,16x128x32_w8,5.090,5.070,5.090,5.084,41.3820,2.555e-04,3.901e-02,1.858e-02,5
INT4,BITSHIFT,"U(-1,1)",2048,7168,7168,16x128x32_w8,3.640,3.640,3.640,3.640,57.8730,1.860e-04,2.781e-02,1.348e-02,5
INT4,LUT,"U(-1,1)",2048,7168,7168,128x64x32_w4_v2,18.780,18.630,18.930,18.752,11.2070,2.555e-04,3.901e-02,1.858e-02,5
INT4,LUT,"U(-1,1)",2048,7168,7168,64x64x32_w4_v2,14.650,14.620,14.700,14.656,14.3620,2.555e-04,3.901e-02,1.858e-02,5
INT4,LUT,"U(-1,1)",2048,7168,7168,128x64x32_w4_v3,16.640,16.630,16.640,16.636,12.6510,2.555e-04,3.901e-02,1.858e-02,5
INT4,LUT,"U(-1,1)",2048,7168,7168,64x64x32_w4_v3,17.730,17.700,17.790,17.744,11.8670,2.555e-04,3.901e-02,1.858e-02,5
INT4,LUT,"U(-1,1)",2048,7168,7168,32x64x32_w4_v3_b1,12.560,12.560,12.560,12.560,16.7530,2.555e-04,3.901e-02,1.858e-02,5
INT4,LUT,"U(-1,1)",2048,7168,7168,128x64x32_w4_v4,16.450,16.430,16.480,16.452,12.7930,2.555e-04,3.901e-02,1.858e-02,5
INT4,LUT,"U(-1,1)",2048,7168,7168,64x64x32_w4_v4,16.900,16.840,16.920,16.886,12.4530,2.555e-04,3.901e-02,1.858e-02,5
INT4,LUT,"U(-1,1)",2048,7168,7168,128x64x32_w4_v5,11.910,11.810,11.920,11.894,17.6660,2.555e-04,3.901e-02,1.858e-02,5
INT4,LUT,"U(-1,1)",2048,7168,7168,64x64x32_w4_v5,8.930,8.860,8.940,8.918,23.5670,2.555e-04,3.901e-02,1.858e-02,5
INT4,LUT,"U(-1,1)",2048,7168,7168,128x64x32_w4_v3s_ks2,17.420,17.410,17.430,17.420,12.0800,2.555e-04,3.903e-02,1.854e-02,5
INT4,LUT,"U(-1,1)",2048,7168,7168,128x64x32_w4_v3s_ks4,16.930,16.920,16.940,16.932,12.4300,2.555e-04,3.901e-02,1.852e-02,5
INT4,LUT,"U(-1,1)",2048,7168,7168,64x64x32_w4_v3s_ks2,17.370,17.370,17.380,17.372,12.1160,2.555e-04,3.903e-02,1.854e-02,5
INT4,LUT,"U(-1,1)",2048,7168,7168,64x64x32_w4_v3s_ks4,16.790,16.720,16.880,16.796,12.5310,2.555e-04,3.901e-02,1.852e-02,5
INT4,LUT,"U(-1,1)",2048,7168,7168,64x64x32_w4_v3s_ks8,16.280,16.190,16.290,16.264,12.9280,2.555e-04,3.901e-02,1.852e-02,5
INT4,LUT,"U(-1,1)",4096,7168,7168,16x64x32_w4,5.200,5.190,5.210,5.200,80.8760,2.555e-04,4.047e-02,1.868e-02,5
INT4,BITSHIFT,"U(-1,1)",4096,7168,7168,16x64x32_w4,3.660,3.660,3.660,3.660,115.0150,1.860e-04,2.995e-02,1.398e-02,5
INT4,LUT,"U(-1,1)",4096,7168,7168,16x128x32_w8,5.200,5.200,5.210,5.204,80.8660,2.555e-04,4.047e-02,1.868e-02,5
INT4,BITSHIFT,"U(-1,1)",4096,7168,7168,16x128x32_w8,3.640,3.640,3.640,3.640,115.7320,1.860e-04,2.995e-02,1.398e-02,5
INT4,LUT,"U(-1,1)",4096,7168,7168,128x64x32_w4_v2,19.010,18.970,19.060,19.010,22.1470,2.555e-04,4.047e-02,1.868e-02,5
INT4,LUT,"U(-1,1)",4096,7168,7168,64x64x32_w4_v2,15.330,15.330,15.340,15.332,27.4550,2.555e-04,4.047e-02,1.868e-02,5
INT4,LUT,"U(-1,1)",4096,7168,7168,128x64x32_w4_v3,17.820,17.820,17.820,17.820,23.6150,2.555e-04,4.047e-02,1.868e-02,5
INT4,LUT,"U(-1,1)",4096,7168,7168,64x64x32_w4_v3,17.690,17.680,17.700,17.692,23.7880,2.555e-04,4.047e-02,1.868e-02,5
INT4,LUT,"U(-1,1)",4096,7168,7168,32x64x32_w4_v3_b1,12.570,12.560,12.570,12.568,33.4950,2.555e-04,4.047e-02,1.868e-02,5
INT4,LUT,"U(-1,1)",4096,7168,7168,128x64x32_w4_v4,17.690,17.660,17.730,17.692,23.7910,2.555e-04,4.047e-02,1.868e-02,5
INT4,LUT,"U(-1,1)",4096,7168,7168,64x64x32_w4_v4,16.930,16.920,16.930,16.928,24.8650,2.555e-04,4.047e-02,1.868e-02,5
INT4,LUT,"U(-1,1)",4096,7168,7168,128x64x32_w4_v5,12.120,12.110,12.130,12.120,34.7210,2.555e-04,4.047e-02,1.868e-02,5
INT4,LUT,"U(-1,1)",4096,7168,7168,64x64x32_w4_v5,8.960,8.950,8.960,8.956,47.0020,2.555e-04,4.047e-02,1.868e-02,5
INT4,LUT,"U(-1,1)",4096,7168,7168,128x64x32_w4_v3s_ks2,17.450,17.450,17.450,17.450,24.1210,2.555e-04,4.048e-02,1.872e-02,5
INT4,LUT,"U(-1,1)",4096,7168,7168,128x64x32_w4_v3s_ks4,16.980,16.970,16.980,16.976,24.7900,2.555e-04,4.046e-02,1.870e-02,5
INT4,LUT,"U(-1,1)",4096,7168,7168,64x64x32_w4_v3s_ks2,17.300,17.280,17.380,17.326,24.3370,2.555e-04,4.048e-02,1.872e-02,5
INT4,LUT,"U(-1,1)",4096,7168,7168,64x64x32_w4_v3s_ks4,16.620,16.520,16.700,16.602,25.3270,2.555e-04,4.046e-02,1.870e-02,5
INT4,LUT,"U(-1,1)",4096,7168,7168,64x64x32_w4_v3s_ks8,16.210,16.190,16.300,16.222,25.9700,2.555e-04,4.048e-02,1.873e-02,5
MXFP4,LUT,"U(-1,1)",1,7168,7168,16x64x32_w4,0.070,0.070,0.070,0.070,1.4360,1.828e-04,1.681e-02,1.181e-02,5
MXFP4,BITSHIFT,"U(-1,1)",1,7168,7168,16x64x32_w4,0.060,0.060,0.060,0.060,1.5900,1.828e-04,1.681e-02,1.181e-02,5
MXFP4,LUT,"U(-1,1)",1,7168,7168,16x128x32_w8,0.070,0.070,0.070,0.070,1.4010,1.828e-04,1.681e-02,1.181e-02,5
MXFP4,BITSHIFT,"U(-1,1)",1,7168,7168,16x128x32_w8,0.060,0.060,0.060,0.060,1.6330,1.828e-04,1.681e-02,1.181e-02,5
MXFP4,LUT,"U(-1,1)",1,7168,7168,128x64x32_w4_v2,0.070,0.070,0.070,0.070,1.4450,1.828e-04,1.681e-02,1.181e-02,5
MXFP4,LUT,"U(-1,1)",1,7168,7168,64x64x32_w4_v2,0.100,0.100,0.100,0.100,1.0300,1.828e-04,1.681e-02,1.181e-02,5
MXFP4,LUT,"U(-1,1)",1,7168,7168,128x64x32_w4_v3,0.100,0.100,0.100,0.100,1.0010,1.828e-04,1.681e-02,1.181e-02,5
MXFP4,LUT,"U(-1,1)",1,7168,7168,64x64x32_w4_v3,0.170,0.170,0.170,0.170,0.6160,1.828e-04,1.681e-02,1.181e-02,5
MXFP4,LUT,"U(-1,1)",1,7168,7168,32x64x32_w4_v3_b1,0.210,0.210,0.210,0.210,0.4810,1.828e-04,1.681e-02,1.181e-02,5
MXFP4,LUT,"U(-1,1)",1,7168,7168,128x64x32_w4_v4,0.100,0.100,0.100,0.100,1.0110,1.828e-04,1.681e-02,1.181e-02,5
MXFP4,LUT,"U(-1,1)",1,7168,7168,64x64x32_w4_v4,0.160,0.160,0.160,0.160,0.6580,1.828e-04,1.681e-02,1.181e-02,5
MXFP4,LUT,"U(-1,1)",1,7168,7168,128x64x32_w4_v5,0.100,0.100,0.100,0.100,1.0110,1.828e-04,1.681e-02,1.181e-02,5
MXFP4,LUT,"U(-1,1)",1,7168,7168,64x64x32_w4_v5,0.160,0.160,0.160,0.160,0.6550,1.828e-04,1.681e-02,1.181e-02,5
MXFP4,LUT,"U(-1,1)",1,7168,7168,128x64x32_w4_v3s_ks2,0.160,0.160,0.160,0.160,0.6550,1.828e-04,1.682e-02,1.181e-02,5
MXFP4,LUT,"U(-1,1)",1,7168,7168,128x64x32_w4_v3s_ks4,0.160,0.160,0.160,0.160,0.6570,1.828e-04,1.681e-02,1.181e-02,5
MXFP4,LUT,"U(-1,1)",1,7168,7168,64x64x32_w4_v3s_ks2,0.250,0.250,0.250,0.250,0.4090,1.828e-04,1.682e-02,1.181e-02,5
MXFP4,LUT,"U(-1,1)",1,7168,7168,64x64x32_w4_v3s_ks4,0.230,0.230,0.230,0.230,0.4530,1.828e-04,1.681e-02,1.181e-02,5
MXFP4,LUT,"U(-1,1)",1,7168,7168,64x64x32_w4_v3s_ks8,0.270,0.260,0.270,0.268,0.3860,1.828e-04,1.681e-02,1.181e-02,5
MXFP4,LUT,"U(-1,1)",8,7168,7168,16x64x32_w4,0.580,0.580,0.580,0.580,1.4100,1.869e-04,2.174e-02,1.225e-02,5
MXFP4,BITSHIFT,"U(-1,1)",8,7168,7168,16x64x32_w4,0.490,0.490,0.500,0.494,1.6610,1.869e-04,2.174e-02,1.225e-02,5
MXFP4,LUT,"U(-1,1)",8,7168,7168,16x128x32_w8,0.570,0.570,0.570,0.570,1.4460,1.869e-04,2.174e-02,1.225e-02,5
MXFP4,BITSHIFT,"U(-1,1)",8,7168,7168,16x128x32_w8,0.480,0.470,0.480,0.478,1.7270,1.869e-04,2.174e-02,1.225e-02,5
MXFP4,LUT,"U(-1,1)",8,7168,7168,128x64x32_w4_v2,0.570,0.570,0.570,0.570,1.4510,1.869e-04,2.174e-02,1.225e-02,5
MXFP4,LUT,"U(-1,1)",8,7168,7168,64x64x32_w4_v2,0.790,0.790,0.790,0.790,1.0400,1.869e-04,2.174e-02,1.225e-02,5
MXFP4,LUT,"U(-1,1)",8,7168,7168,128x64x32_w4_v3,0.810,0.810,0.820,0.814,1.0090,1.869e-04,2.174e-02,1.225e-02,5
MXFP4,LUT,"U(-1,1)",8,7168,7168,64x64x32_w4_v3,1.320,1.310,1.320,1.318,0.6240,1.869e-04,2.174e-02,1.225e-02,5
MXFP4,LUT,"U(-1,1)",8,7168,7168,32x64x32_w4_v3_b1,1.680,1.680,1.680,1.680,0.4900,1.869e-04,2.174e-02,1.225e-02,5
MXFP4,LUT,"U(-1,1)",8,7168,7168,128x64x32_w4_v4,0.810,0.810,0.810,0.810,1.0140,1.869e-04,2.174e-02,1.225e-02,5
MXFP4,LUT,"U(-1,1)",8,7168,7168,64x64x32_w4_v4,1.230,1.230,1.240,1.232,0.6660,1.869e-04,2.174e-02,1.225e-02,5
MXFP4,LUT,"U(-1,1)",8,7168,7168,128x64x32_w4_v5,0.810,0.810,0.810,0.810,1.0200,1.869e-04,2.174e-02,1.225e-02,5
MXFP4,LUT,"U(-1,1)",8,7168,7168,64x64x32_w4_v5,1.240,1.230,1.240,1.238,0.6650,1.869e-04,2.174e-02,1.225e-02,5
MXFP4,LUT,"U(-1,1)",8,7168,7168,128x64x32_w4_v3s_ks2,1.250,1.250,1.250,1.250,0.6570,1.869e-04,2.175e-02,1.225e-02,5
MXFP4,LUT,"U(-1,1)",8,7168,7168,128x64x32_w4_v3s_ks4,1.240,1.240,1.250,1.244,0.6600,1.869e-04,2.174e-02,1.225e-02,5
MXFP4,LUT,"U(-1,1)",8,7168,7168,64x64x32_w4_v3s_ks2,2.000,2.000,2.000,2.000,0.4110,1.869e-04,2.175e-02,1.225e-02,5
MXFP4,LUT,"U(-1,1)",8,7168,7168,64x64x32_w4_v3s_ks4,1.800,1.800,1.810,1.804,0.4560,1.869e-04,2.174e-02,1.225e-02,5
MXFP4,LUT,"U(-1,1)",8,7168,7168,64x64x32_w4_v3s_ks8,2.120,2.120,2.130,2.122,0.3870,1.869e-04,2.174e-02,1.225e-02,5
MXFP4,LUT,"U(-1,1)",32,7168,7168,16x64x32_w4,2.100,2.100,2.110,2.102,1.5630,1.851e-04,2.392e-02,1.256e-02,5
MXFP4,BITSHIFT,"U(-1,1)",32,7168,7168,16x64x32_w4,1.710,1.710,1.720,1.712,1.9180,1.851e-04,2.391e-02,1.257e-02,5
MXFP4,LUT,"U(-1,1)",32,7168,7168,16x128x32_w8,1.940,1.940,1.940,1.940,1.6920,1.851e-04,2.392e-02,1.256e-02,5
MXFP4,BITSHIFT,"U(-1,1)",32,7168,7168,16x128x32_w8,1.530,1.530,1.530,1.530,2.1470,1.851e-04,2.391e-02,1.257e-02,5
MXFP4,LUT,"U(-1,1)",32,7168,7168,128x64x32_w4_v2,2.200,2.200,2.200,2.200,1.4950,1.851e-04,2.392e-02,1.256e-02,5
MXFP4,LUT,"U(-1,1)",32,7168,7168,64x64x32_w4_v2,3.020,3.010,3.030,3.022,1.0890,1.851e-04,2.392e-02,1.256e-02,5
MXFP4,LUT,"U(-1,1)",32,7168,7168,128x64x32_w4_v3,3.170,3.160,3.170,3.166,1.0380,1.851e-04,2.392e-02,1.256e-02,5
MXFP4,LUT,"U(-1,1)",32,7168,7168,64x64x32_w4_v3,5.100,5.090,5.110,5.100,0.6440,1.851e-04,2.392e-02,1.256e-02,5
MXFP4,LUT,"U(-1,1)",32,7168,7168,32x64x32_w4_v3_b1,5.730,5.710,5.750,5.732,0.5740,1.851e-04,2.392e-02,1.256e-02,5
MXFP4,LUT,"U(-1,1)",32,7168,7168,128x64x32_w4_v4,3.170,3.170,3.170,3.170,1.0380,1.851e-04,2.392e-02,1.256e-02,5
MXFP4,LUT,"U(-1,1)",32,7168,7168,64x64x32_w4_v4,4.770,4.760,4.770,4.768,0.6900,1.851e-04,2.392e-02,1.256e-02,5
MXFP4,LUT,"U(-1,1)",32,7168,7168,128x64x32_w4_v5,3.120,3.120,3.130,3.124,1.0520,1.851e-04,2.392e-02,1.256e-02,5
MXFP4,LUT,"U(-1,1)",32,7168,7168,64x64x32_w4_v5,4.710,4.700,4.720,4.712,0.6980,1.851e-04,2.392e-02,1.256e-02,5
MXFP4,LUT,"U(-1,1)",32,7168,7168,128x64x32_w4_v3s_ks2,4.920,4.920,4.930,4.924,0.6690,1.851e-04,2.391e-02,1.256e-02,5
MXFP4,LUT,"U(-1,1)",32,7168,7168,128x64x32_w4_v3s_ks4,4.900,4.900,4.910,4.904,0.6710,1.851e-04,2.392e-02,1.257e-02,5
MXFP4,LUT,"U(-1,1)",32,7168,7168,64x64x32_w4_v3s_ks2,7.780,7.760,7.800,7.780,0.4230,1.851e-04,2.391e-02,1.256e-02,5
MXFP4,LUT,"U(-1,1)",32,7168,7168,64x64x32_w4_v3s_ks4,7.020,6.800,7.040,6.952,0.4690,1.851e-04,2.392e-02,1.257e-02,5
MXFP4,LUT,"U(-1,1)",32,7168,7168,64x64x32_w4_v3s_ks8,8.260,8.260,8.280,8.266,0.3980,1.851e-04,2.392e-02,1.257e-02,5
MXFP4,LUT,"U(-1,1)",64,7168,7168,16x64x32_w4,3.660,3.660,3.660,3.660,1.7980,1.850e-04,2.391e-02,1.255e-02,5
MXFP4,BITSHIFT,"U(-1,1)",64,7168,7168,16x64x32_w4,2.920,2.920,2.920,2.920,2.2510,1.850e-04,2.390e-02,1.256e-02,5
MXFP4,LUT,"U(-1,1)",64,7168,7168,16x128x32_w8,3.550,3.540,3.550,3.548,1.8530,1.850e-04,2.391e-02,1.255e-02,5
MXFP4,BITSHIFT,"U(-1,1)",64,7168,7168,16x128x32_w8,2.690,2.690,2.690,2.690,2.4480,1.850e-04,2.390e-02,1.256e-02,5
MXFP4,LUT,"U(-1,1)",64,7168,7168,128x64x32_w4_v2,4.280,4.270,4.280,4.278,1.5380,1.850e-04,2.391e-02,1.255e-02,5
MXFP4,LUT,"U(-1,1)",64,7168,7168,64x64x32_w4_v2,5.770,5.770,5.780,5.772,1.1400,1.850e-04,2.391e-02,1.255e-02,5
MXFP4,LUT,"U(-1,1)",64,7168,7168,128x64x32_w4_v3,6.200,6.180,6.210,6.198,1.0610,1.850e-04,2.391e-02,1.255e-02,5
MXFP4,LUT,"U(-1,1)",64,7168,7168,64x64x32_w4_v3,9.800,9.790,9.840,9.810,0.6710,1.850e-04,2.391e-02,1.255e-02,5
MXFP4,LUT,"U(-1,1)",64,7168,7168,32x64x32_w4_v3_b1,10.510,10.500,10.520,10.510,0.6260,1.850e-04,2.391e-02,1.255e-02,5
MXFP4,LUT,"U(-1,1)",64,7168,7168,128x64x32_w4_v4,6.200,6.200,6.210,6.202,1.0600,1.850e-04,2.391e-02,1.255e-02,5
MXFP4,LUT,"U(-1,1)",64,7168,7168,64x64x32_w4_v4,9.190,9.160,9.200,9.184,0.7160,1.850e-04,2.391e-02,1.255e-02,5
MXFP4,LUT,"U(-1,1)",64,7168,7168,128x64x32_w4_v5,6.100,6.100,6.100,6.100,1.0780,1.850e-04,2.391e-02,1.255e-02,5
MXFP4,LUT,"U(-1,1)",64,7168,7168,64x64x32_w4_v5,9.070,9.060,9.070,9.066,0.7250,1.850e-04,2.391e-02,1.255e-02,5
MXFP4,LUT,"U(-1,1)",64,7168,7168,128x64x32_w4_v3s_ks2,9.680,9.680,9.700,9.686,0.6790,1.850e-04,2.390e-02,1.255e-02,5
MXFP4,LUT,"U(-1,1)",64,7168,7168,128x64x32_w4_v3s_ks4,9.640,9.620,9.640,9.636,0.6820,1.850e-04,2.391e-02,1.256e-02,5
MXFP4,LUT,"U(-1,1)",64,7168,7168,64x64x32_w4_v3s_ks2,15.130,15.100,15.150,15.128,0.4350,1.850e-04,2.390e-02,1.255e-02,5
MXFP4,LUT,"U(-1,1)",64,7168,7168,64x64x32_w4_v3s_ks4,13.230,13.060,13.340,13.194,0.4970,1.850e-04,2.391e-02,1.256e-02,5
MXFP4,LUT,"U(-1,1)",64,7168,7168,64x64x32_w4_v3s_ks8,16.050,16.030,16.060,16.048,0.4100,1.850e-04,2.391e-02,1.256e-02,5
MXFP4,LUT,"U(-1,1)",256,7168,7168,16x64x32_w4,4.260,4.220,4.260,4.246,6.1820,1.847e-04,2.392e-02,1.214e-02,5
MXFP4,BITSHIFT,"U(-1,1)",256,7168,7168,16x64x32_w4,3.270,3.270,3.270,3.270,8.0490,1.847e-04,2.391e-02,1.215e-02,5
MXFP4,LUT,"U(-1,1)",256,7168,7168,16x128x32_w8,4.210,4.210,4.220,4.214,6.2420,1.847e-04,2.392e-02,1.214e-02,5
MXFP4,BITSHIFT,"U(-1,1)",256,7168,7168,16x128x32_w8,3.050,3.040,3.050,3.046,8.6370,1.847e-04,2.391e-02,1.215e-02,5
MXFP4,LUT,"U(-1,1)",256,7168,7168,128x64x32_w4_v2,15.520,15.500,15.530,15.518,1.6950,1.847e-04,2.392e-02,1.214e-02,5
MXFP4,LUT,"U(-1,1)",256,7168,7168,64x64x32_w4_v2,10.040,9.980,10.110,10.044,2.6200,1.847e-04,2.392e-02,1.214e-02,5
MXFP4,LUT,"U(-1,1)",256,7168,7168,128x64x32_w4_v3,19.530,19.520,19.550,19.532,1.3470,1.847e-04,2.392e-02,1.214e-02,5
MXFP4,LUT,"U(-1,1)",256,7168,7168,64x64x32_w4_v3,13.030,13.010,13.040,13.026,2.0190,1.847e-04,2.392e-02,1.214e-02,5
MXFP4,LUT,"U(-1,1)",256,7168,7168,32x64x32_w4_v3_b1,14.010,13.990,14.010,14.004,1.8770,1.847e-04,2.392e-02,1.214e-02,5
MXFP4,LUT,"U(-1,1)",256,7168,7168,128x64x32_w4_v4,19.420,19.390,19.440,19.420,1.3550,1.847e-04,2.392e-02,1.214e-02,5
MXFP4,LUT,"U(-1,1)",256,7168,7168,64x64x32_w4_v4,13.800,13.690,14.010,13.840,1.9060,1.847e-04,2.392e-02,1.214e-02,5
MXFP4,LUT,"U(-1,1)",256,7168,7168,128x64x32_w4_v5,12.850,12.840,12.870,12.852,2.0470,1.847e-04,2.392e-02,1.214e-02,5
MXFP4,LUT,"U(-1,1)",256,7168,7168,64x64x32_w4_v5,12.300,12.290,12.310,12.302,2.1380,1.847e-04,2.392e-02,1.214e-02,5
MXFP4,LUT,"U(-1,1)",256,7168,7168,128x64x32_w4_v3s_ks2,19.110,19.090,19.130,19.112,1.3760,1.847e-04,2.391e-02,1.215e-02,5
MXFP4,LUT,"U(-1,1)",256,7168,7168,128x64x32_w4_v3s_ks4,18.750,18.730,18.760,18.748,1.4030,1.847e-04,2.391e-02,1.215e-02,5
MXFP4,LUT,"U(-1,1)",256,7168,7168,64x64x32_w4_v3s_ks2,17.150,17.140,17.160,17.148,1.5340,1.847e-04,2.391e-02,1.215e-02,5
MXFP4,LUT,"U(-1,1)",256,7168,7168,64x64x32_w4_v3s_ks4,16.990,16.970,17.050,17.000,1.5480,1.847e-04,2.391e-02,1.215e-02,5
MXFP4,LUT,"U(-1,1)",256,7168,7168,64x64x32_w4_v3s_ks8,16.700,16.560,16.720,16.656,1.5750,1.847e-04,2.392e-02,1.214e-02,5
MXFP4,LUT,"U(-1,1)",1024,7168,7168,16x64x32_w4,4.830,4.830,4.830,4.830,21.7850,1.846e-04,2.579e-02,1.245e-02,5
MXFP4,BITSHIFT,"U(-1,1)",1024,7168,7168,16x64x32_w4,3.300,3.300,3.310,3.302,31.8520,1.846e-04,2.580e-02,1.245e-02,5
MXFP4,LUT,"U(-1,1)",1024,7168,7168,16x128x32_w8,4.210,4.200,4.210,4.206,25.0190,1.846e-04,2.579e-02,1.245e-02,5
MXFP4,BITSHIFT,"U(-1,1)",1024,7168,7168,16x128x32_w8,3.070,3.070,3.070,3.070,34.2690,1.846e-04,2.580e-02,1.245e-02,5
MXFP4,LUT,"U(-1,1)",1024,7168,7168,128x64x32_w4_v2,18.350,18.340,18.370,18.354,5.7340,1.846e-04,2.579e-02,1.245e-02,5
MXFP4,LUT,"U(-1,1)",1024,7168,7168,64x64x32_w4_v2,14.280,14.260,14.300,14.280,7.3680,1.846e-04,2.579e-02,1.245e-02,5
MXFP4,LUT,"U(-1,1)",1024,7168,7168,128x64x32_w4_v3,19.660,19.640,19.660,19.654,5.3530,1.846e-04,2.579e-02,1.245e-02,5
MXFP4,LUT,"U(-1,1)",1024,7168,7168,64x64x32_w4_v3,17.540,17.540,17.550,17.542,5.9980,1.846e-04,2.579e-02,1.245e-02,5
MXFP4,LUT,"U(-1,1)",1024,7168,7168,32x64x32_w4_v3_b1,14.430,14.390,14.480,14.434,7.2920,1.846e-04,2.579e-02,1.245e-02,5
MXFP4,LUT,"U(-1,1)",1024,7168,7168,128x64x32_w4_v4,19.540,19.530,19.540,19.536,5.3860,1.846e-04,2.579e-02,1.245e-02,5
MXFP4,LUT,"U(-1,1)",1024,7168,7168,64x64x32_w4_v4,17.110,17.100,17.180,17.134,6.1500,1.846e-04,2.579e-02,1.245e-02,5
MXFP4,LUT,"U(-1,1)",1024,7168,7168,128x64x32_w4_v5,14.950,14.940,14.980,14.952,7.0390,1.846e-04,2.579e-02,1.245e-02,5
MXFP4,LUT,"U(-1,1)",1024,7168,7168,64x64x32_w4_v5,12.200,12.190,12.240,12.206,8.6230,1.846e-04,2.579e-02,1.245e-02,5
MXFP4,LUT,"U(-1,1)",1024,7168,7168,128x64x32_w4_v3s_ks2,19.250,19.250,19.260,19.254,5.4650,1.846e-04,2.579e-02,1.244e-02,5
MXFP4,LUT,"U(-1,1)",1024,7168,7168,128x64x32_w4_v3s_ks4,19.980,19.970,19.980,19.976,5.2670,1.846e-04,2.580e-02,1.245e-02,5
MXFP4,LUT,"U(-1,1)",1024,7168,7168,64x64x32_w4_v3s_ks2,17.260,17.230,17.320,17.270,6.0980,1.846e-04,2.579e-02,1.244e-02,5
MXFP4,LUT,"U(-1,1)",1024,7168,7168,64x64x32_w4_v3s_ks4,17.900,17.900,17.910,17.902,5.8790,1.846e-04,2.580e-02,1.245e-02,5
MXFP4,LUT,"U(-1,1)",1024,7168,7168,64x64x32_w4_v3s_ks8,17.500,17.490,17.510,17.498,6.0140,1.846e-04,2.579e-02,1.245e-02,5
MXFP4,LUT,"U(-1,1)",2048,7168,7168,16x64x32_w4,4.830,4.830,4.830,4.830,43.5650,1.846e-04,2.631e-02,1.225e-02,5
MXFP4,BITSHIFT,"U(-1,1)",2048,7168,7168,16x64x32_w4,3.420,3.420,3.420,3.420,61.5760,1.846e-04,2.630e-02,1.226e-02,5
MXFP4,LUT,"U(-1,1)",2048,7168,7168,16x128x32_w8,4.380,4.380,4.390,4.384,48.0020,1.846e-04,2.631e-02,1.225e-02,5
MXFP4,BITSHIFT,"U(-1,1)",2048,7168,7168,16x128x32_w8,3.190,3.180,3.190,3.186,66.0700,1.846e-04,2.630e-02,1.226e-02,5
MXFP4,LUT,"U(-1,1)",2048,7168,7168,128x64x32_w4_v2,18.350,18.340,18.360,18.350,11.4700,1.846e-04,2.631e-02,1.225e-02,5
MXFP4,LUT,"U(-1,1)",2048,7168,7168,64x64x32_w4_v2,15.990,15.990,15.990,15.990,13.1590,1.846e-04,2.631e-02,1.225e-02,5
MXFP4,LUT,"U(-1,1)",2048,7168,7168,128x64x32_w4_v3,19.730,19.720,19.730,19.726,10.6690,1.846e-04,2.631e-02,1.225e-02,5
MXFP4,LUT,"U(-1,1)",2048,7168,7168,64x64x32_w4_v3,17.730,17.700,17.770,17.740,11.8690,1.846e-04,2.631e-02,1.225e-02,5
MXFP4,LUT,"U(-1,1)",2048,7168,7168,32x64x32_w4_v3_b1,15.030,15.020,15.040,15.030,14.0000,1.846e-04,2.631e-02,1.225e-02,5
MXFP4,LUT,"U(-1,1)",2048,7168,7168,128x64x32_w4_v4,19.600,19.600,19.600,19.600,10.7370,1.846e-04,2.631e-02,1.225e-02,5
MXFP4,LUT,"U(-1,1)",2048,7168,7168,64x64x32_w4_v4,19.050,19.050,19.050,19.050,11.0460,1.846e-04,2.631e-02,1.225e-02,5
MXFP4,LUT,"U(-1,1)",2048,7168,7168,128x64x32_w4_v5,15.130,15.130,15.130,15.130,13.9060,1.846e-04,2.631e-02,1.225e-02,5
MXFP4,LUT,"U(-1,1)",2048,7168,7168,64x64x32_w4_v5,12.540,12.540,12.540,12.540,16.7830,1.846e-04,2.631e-02,1.225e-02,5
MXFP4,LUT,"U(-1,1)",2048,7168,7168,128x64x32_w4_v3s_ks2,20.560,20.550,20.560,20.556,10.2380,1.846e-04,2.631e-02,1.225e-02,5
MXFP4,LUT,"U(-1,1)",2048,7168,7168,128x64x32_w4_v3s_ks4,20.000,19.990,20.010,20.000,10.5240,1.846e-04,2.631e-02,1.226e-02,5
MXFP4,LUT,"U(-1,1)",2048,7168,7168,64x64x32_w4_v3s_ks2,17.990,17.990,17.990,17.990,11.6990,1.846e-04,2.631e-02,1.225e-02,5
MXFP4,LUT,"U(-1,1)",2048,7168,7168,64x64x32_w4_v3s_ks4,18.070,18.060,18.090,18.072,11.6490,1.846e-04,2.631e-02,1.226e-02,5
MXFP4,LUT,"U(-1,1)",2048,7168,7168,64x64x32_w4_v3s_ks8,17.530,17.520,17.530,17.526,12.0070,1.846e-04,2.630e-02,1.226e-02,5
MXFP4,LUT,"U(-1,1)",4096,7168,7168,16x64x32_w4,4.830,4.820,4.830,4.828,87.1770,1.846e-04,2.655e-02,1.262e-02,5
MXFP4,BITSHIFT,"U(-1,1)",4096,7168,7168,16x64x32_w4,3.480,3.470,3.480,3.476,121.1230,1.846e-04,2.655e-02,1.263e-02,5
MXFP4,LUT,"U(-1,1)",4096,7168,7168,16x128x32_w8,4.480,4.480,4.480,4.480,93.9900,1.846e-04,2.655e-02,1.262e-02,5
MXFP4,BITSHIFT,"U(-1,1)",4096,7168,7168,16x128x32_w8,3.260,3.250,3.260,3.258,129.3020,1.846e-04,2.655e-02,1.263e-02,5
MXFP4,LUT,"U(-1,1)",4096,7168,7168,128x64x32_w4_v2,18.440,18.410,18.460,18.438,22.8300,1.846e-04,2.655e-02,1.262e-02,5
MXFP4,LUT,"U(-1,1)",4096,7168,7168,64x64x32_w4_v2,16.000,16.000,16.000,16.000,26.3050,1.846e-04,2.655e-02,1.262e-02,5
MXFP4,LUT,"U(-1,1)",4096,7168,7168,128x64x32_w4_v3,21.100,21.100,21.100,21.100,19.9490,1.846e-04,2.655e-02,1.262e-02,5
MXFP4,LUT,"U(-1,1)",4096,7168,7168,64x64x32_w4_v3,18.370,18.370,18.370,18.370,22.9130,1.846e-04,2.655e-02,1.262e-02,5
MXFP4,LUT,"U(-1,1)",4096,7168,7168,32x64x32_w4_v3_b1,14.930,14.920,14.940,14.928,28.1910,1.846e-04,2.655e-02,1.262e-02,5
MXFP4,LUT,"U(-1,1)",4096,7168,7168,128x64x32_w4_v4,20.960,20.960,20.960,20.960,20.0790,1.846e-04,2.655e-02,1.262e-02,5
MXFP4,LUT,"U(-1,1)",4096,7168,7168,64x64x32_w4_v4,19.060,19.060,19.070,19.062,22.0800,1.846e-04,2.655e-02,1.262e-02,5
MXFP4,LUT,"U(-1,1)",4096,7168,7168,128x64x32_w4_v5,15.210,15.210,15.230,15.218,27.6680,1.846e-04,2.655e-02,1.262e-02,5
MXFP4,LUT,"U(-1,1)",4096,7168,7168,64x64x32_w4_v5,12.400,12.380,12.410,12.400,33.9320,1.846e-04,2.655e-02,1.262e-02,5
MXFP4,LUT,"U(-1,1)",4096,7168,7168,128x64x32_w4_v3s_ks2,20.580,20.570,20.580,20.578,20.4530,1.846e-04,2.655e-02,1.262e-02,5
MXFP4,LUT,"U(-1,1)",4096,7168,7168,128x64x32_w4_v3s_ks4,20.040,20.030,20.040,20.036,21.0060,1.846e-04,2.655e-02,1.262e-02,5
MXFP4,LUT,"U(-1,1)",4096,7168,7168,64x64x32_w4_v3s_ks2,18.400,18.400,18.400,18.400,22.8730,1.846e-04,2.655e-02,1.262e-02,5
MXFP4,LUT,"U(-1,1)",4096,7168,7168,64x64x32_w4_v3s_ks4,18.150,18.150,18.160,18.154,23.1910,1.846e-04,2.655e-02,1.262e-02,5
MXFP4,LUT,"U(-1,1)",4096,7168,7168,64x64x32_w4_v3s_ks8,17.560,17.550,17.570,17.558,23.9700,1.846e-04,2.655e-02,1.262e-02,5
F8_E4M3_B128,LUT,"U(-1,1)",1,7168,7168,16x64x32_w4,0.050,0.050,0.050,0.050,2.0080,1.819e-04,1.831e-02,1.252e-02,5
F8_E4M3_B128,BITSHIFT,"U(-1,1)",1,7168,7168,16x64x32_w4,0.050,0.050,0.050,0.050,2.2190,1.819e-04,1.832e-02,1.255e-02,5
F8_E4M3_B128,LUT,"U(-1,1)",1,7168,7168,16x128x32_w8,0.050,0.050,0.050,0.050,2.2030,1.819e-04,1.831e-02,1.252e-02,5
F8_E4M3_B128,BITSHIFT,"U(-1,1)",1,7168,7168,16x128x32_w8,0.040,0.040,0.040,0.040,2.4100,1.819e-04,1.832e-02,1.255e-02,5
F8_E4M3_B128,LUT,"U(-1,1)",1,7168,7168,128x64x32_w4_v2,0.040,0.040,0.040,0.040,2.6090,1.819e-04,1.831e-02,1.252e-02,5
F8_E4M3_B128,LUT,"U(-1,1)",1,7168,7168,64x64x32_w4_v2,0.050,0.050,0.050,0.050,2.2160,1.819e-04,1.831e-02,1.252e-02,5
F8_E4M3_B128,LUT,"U(-1,1)",1,7168,7168,128x64x32_w4_v3,0.060,0.060,0.060,0.060,1.7350,1.819e-04,1.831e-02,1.252e-02,5
F8_E4M3_B128,LUT,"U(-1,1)",1,7168,7168,64x64x32_w4_v3,0.070,0.070,0.070,0.070,1.3730,1.819e-04,1.831e-02,1.252e-02,5
F8_E4M3_B128,LUT,"U(-1,1)",1,7168,7168,32x64x32_w4_v3_b1,0.090,0.090,0.090,0.090,1.1770,1.819e-04,1.831e-02,1.252e-02,5
F8_E4M3_B128,LUT,"U(-1,1)",1,7168,7168,128x64x32_w4_v4,0.060,0.060,0.060,0.060,1.7560,1.819e-04,1.831e-02,1.252e-02,5
F8_E4M3_B128,LUT,"U(-1,1)",1,7168,7168,64x64x32_w4_v4,0.070,0.070,0.070,0.070,1.3780,1.819e-04,1.831e-02,1.252e-02,5
F8_E4M3_B128,LUT,"U(-1,1)",1,7168,7168,128x64x32_w4_v5,0.060,0.060,0.060,0.060,1.7440,1.819e-04,1.831e-02,1.252e-02,5
F8_E4M3_B128,LUT,"U(-1,1)",1,7168,7168,64x64x32_w4_v5,0.070,0.070,0.070,0.070,1.3750,1.819e-04,1.831e-02,1.252e-02,5
F8_E4M3_B128,LUT,"U(-1,1)",1,7168,7168,128x64x32_w4_v3s_ks2,0.100,0.100,0.100,0.100,0.9850,1.819e-04,1.833e-02,1.254e-02,5
F8_E4M3_B128,LUT,"U(-1,1)",1,7168,7168,128x64x32_w4_v3s_ks4,0.100,0.100,0.100,0.100,0.9890,1.819e-04,1.832e-02,1.255e-02,5
F8_E4M3_B128,LUT,"U(-1,1)",1,7168,7168,64x64x32_w4_v3s_ks2,0.140,0.140,0.140,0.140,0.7260,1.819e-04,1.833e-02,1.254e-02,5
F8_E4M3_B128,LUT,"U(-1,1)",1,7168,7168,64x64x32_w4_v3s_ks4,0.130,0.130,0.130,0.130,0.7840,1.819e-04,1.832e-02,1.254e-02,5
F8_E4M3_B128,LUT,"U(-1,1)",1,7168,7168,64x64x32_w4_v3s_ks8,0.160,0.160,0.160,0.160,0.6310,1.819e-04,1.833e-02,1.254e-02,5
F8_E4M3_B128,LUT,"U(-1,1)",8,7168,7168,16x64x32_w4,0.410,0.410,0.410,0.410,2.0250,1.867e-04,2.293e-02,1.310e-02,5
F8_E4M3_B128,BITSHIFT,"U(-1,1)",8,7168,7168,16x64x32_w4,0.360,0.360,0.360,0.360,2.2690,1.867e-04,2.284e-02,1.312e-02,5
F8_E4M3_B128,LUT,"U(-1,1)",8,7168,7168,16x128x32_w8,0.370,0.370,0.370,0.370,2.2330,1.867e-04,2.293e-02,1.310e-02,5
F8_E4M3_B128,BITSHIFT,"U(-1,1)",8,7168,7168,16x128x32_w8,0.330,0.330,0.330,0.330,2.4840,1.867e-04,2.284e-02,1.312e-02,5
F8_E4M3_B128,LUT,"U(-1,1)",8,7168,7168,128x64x32_w4_v2,0.310,0.310,0.320,0.314,2.6110,1.867e-04,2.293e-02,1.310e-02,5
F8_E4M3_B128,LUT,"U(-1,1)",8,7168,7168,64x64x32_w4_v2,0.370,0.370,0.370,0.370,2.2190,1.867e-04,2.293e-02,1.310e-02,5
F8_E4M3_B128,LUT,"U(-1,1)",8,7168,7168,128x64x32_w4_v3,0.470,0.470,0.480,0.472,1.7340,1.867e-04,2.293e-02,1.310e-02,5
F8_E4M3_B128,LUT,"U(-1,1)",8,7168,7168,64x64x32_w4_v3,0.600,0.600,0.600,0.600,1.3720,1.867e-04,2.293e-02,1.310e-02,5
F8_E4M3_B128,LUT,"U(-1,1)",8,7168,7168,32x64x32_w4_v3_b1,0.700,0.700,0.700,0.700,1.1810,1.867e-04,2.293e-02,1.310e-02,5
F8_E4M3_B128,LUT,"U(-1,1)",8,7168,7168,128x64x32_w4_v4,0.470,0.470,0.470,0.470,1.7530,1.867e-04,2.293e-02,1.310e-02,5
F8_E4M3_B128,LUT,"U(-1,1)",8,7168,7168,64x64x32_w4_v4,0.600,0.600,0.600,0.600,1.3720,1.867e-04,2.293e-02,1.310e-02,5
F8_E4M3_B128,LUT,"U(-1,1)",8,7168,7168,128x64x32_w4_v5,0.470,0.470,0.470,0.470,1.7440,1.867e-04,2.293e-02,1.310e-02,5
F8_E4M3_B128,LUT,"U(-1,1)",8,7168,7168,64x64x32_w4_v5,0.600,0.600,0.600,0.600,1.3710,1.867e-04,2.293e-02,1.310e-02,5
F8_E4M3_B128,LUT,"U(-1,1)",8,7168,7168,128x64x32_w4_v3s_ks2,0.830,0.830,0.830,0.830,0.9880,1.867e-04,2.288e-02,1.310e-02,5
F8_E4M3_B128,LUT,"U(-1,1)",8,7168,7168,128x64x32_w4_v3s_ks4,0.830,0.830,0.830,0.830,0.9910,1.867e-04,2.287e-02,1.311e-02,5
F8_E4M3_B128,LUT,"U(-1,1)",8,7168,7168,64x64x32_w4_v3s_ks2,1.130,1.130,1.130,1.130,0.7280,1.867e-04,2.288e-02,1.310e-02,5
F8_E4M3_B128,LUT,"U(-1,1)",8,7168,7168,64x64x32_w4_v3s_ks4,1.050,1.020,1.060,1.044,0.7850,1.867e-04,2.287e-02,1.311e-02,5
F8_E4M3_B128,LUT,"U(-1,1)",8,7168,7168,64x64x32_w4_v3s_ks8,1.290,1.290,1.300,1.294,0.6350,1.867e-04,2.286e-02,1.311e-02,5
F8_E4M3_B128,LUT,"U(-1,1)",32,7168,7168,16x64x32_w4,1.630,1.630,1.640,1.632,2.0120,1.851e-04,2.471e-02,1.328e-02,5
F8_E4M3_B128,BITSHIFT,"U(-1,1)",32,7168,7168,16x64x32_w4,1.420,1.420,1.430,1.424,2.3080,1.851e-04,2.473e-02,1.330e-02,5
F8_E4M3_B128,LUT,"U(-1,1)",32,7168,7168,16x128x32_w8,1.430,1.420,1.430,1.428,2.3020,1.851e-04,2.471e-02,1.328e-02,5
F8_E4M3_B128,BITSHIFT,"U(-1,1)",32,7168,7168,16x128x32_w8,1.250,1.250,1.250,1.250,2.6390,1.851e-04,2.473e-02,1.330e-02,5
F8_E4M3_B128,LUT,"U(-1,1)",32,7168,7168,128x64x32_w4_v2,1.260,1.260,1.260,1.260,2.6160,1.851e-04,2.471e-02,1.328e-02,5
F8_E4M3_B128,LUT,"U(-1,1)",32,7168,7168,64x64x32_w4_v2,1.470,1.460,1.470,1.466,2.2440,1.851e-04,2.471e-02,1.328e-02,5
F8_E4M3_B128,LUT,"U(-1,1)",32,7168,7168,128x64x32_w4_v3,1.880,1.880,1.880,1.880,1.7500,1.851e-04,2.471e-02,1.328e-02,5
F8_E4M3_B128,LUT,"U(-1,1)",32,7168,7168,64x64x32_w4_v3,2.370,2.370,2.370,2.370,1.3870,1.851e-04,2.471e-02,1.328e-02,5
F8_E4M3_B128,LUT,"U(-1,1)",32,7168,7168,32x64x32_w4_v3_b1,2.580,2.570,2.580,2.576,1.2760,1.851e-04,2.471e-02,1.328e-02,5
F8_E4M3_B128,LUT,"U(-1,1)",32,7168,7168,128x64x32_w4_v4,1.840,1.830,1.840,1.838,1.7890,1.851e-04,2.471e-02,1.328e-02,5
F8_E4M3_B128,LUT,"U(-1,1)",32,7168,7168,64x64x32_w4_v4,2.320,2.310,2.320,2.316,1.4200,1.851e-04,2.471e-02,1.328e-02,5
F8_E4M3_B128,LUT,"U(-1,1)",32,7168,7168,128x64x32_w4_v5,1.860,1.860,1.860,1.860,1.7660,1.851e-04,2.471e-02,1.328e-02,5
F8_E4M3_B128,LUT,"U(-1,1)",32,7168,7168,64x64x32_w4_v5,2.330,2.330,2.340,2.334,1.4090,1.851e-04,2.471e-02,1.328e-02,5
F8_E4M3_B128,LUT,"U(-1,1)",32,7168,7168,128x64x32_w4_v3s_ks2,3.310,3.310,3.310,3.310,0.9930,1.851e-04,2.471e-02,1.328e-02,5
F8_E4M3_B128,LUT,"U(-1,1)",32,7168,7168,128x64x32_w4_v3s_ks4,3.290,3.290,3.290,3.290,0.9990,1.851e-04,2.472e-02,1.330e-02,5
F8_E4M3_B128,LUT,"U(-1,1)",32,7168,7168,64x64x32_w4_v3s_ks2,4.460,4.450,4.470,4.460,0.7370,1.851e-04,2.471e-02,1.328e-02,5
F8_E4M3_B128,LUT,"U(-1,1)",32,7168,7168,64x64x32_w4_v3s_ks4,4.150,4.090,4.180,4.144,0.7930,1.851e-04,2.472e-02,1.330e-02,5
F8_E4M3_B128,LUT,"U(-1,1)",32,7168,7168,64x64x32_w4_v3s_ks8,5.080,5.080,5.100,5.086,0.6470,1.851e-04,2.472e-02,1.329e-02,5
F8_E4M3_B128,LUT,"U(-1,1)",64,7168,7168,16x64x32_w4,3.020,3.020,3.030,3.022,2.1740,1.849e-04,2.472e-02,1.323e-02,5
F8_E4M3_B128,BITSHIFT,"U(-1,1)",64,7168,7168,16x64x32_w4,2.600,2.600,2.600,2.600,2.5290,1.849e-04,2.474e-02,1.324e-02,5
F8_E4M3_B128,LUT,"U(-1,1)",64,7168,7168,16x128x32_w8,2.740,2.740,2.740,2.740,2.4010,1.849e-04,2.472e-02,1.323e-02,5
F8_E4M3_B128,BITSHIFT,"U(-1,1)",64,7168,7168,16x128x32_w8,2.320,2.320,2.320,2.320,2.8360,1.849e-04,2.474e-02,1.324e-02,5
F8_E4M3_B128,LUT,"U(-1,1)",64,7168,7168,128x64x32_w4_v2,2.510,2.510,2.510,2.510,2.6220,1.849e-04,2.472e-02,1.323e-02,5
F8_E4M3_B128,LUT,"U(-1,1)",64,7168,7168,64x64x32_w4_v2,2.880,2.880,2.890,2.884,2.2800,1.849e-04,2.472e-02,1.323e-02,5
F8_E4M3_B128,LUT,"U(-1,1)",64,7168,7168,128x64x32_w4_v3,3.740,3.740,3.740,3.740,1.7580,1.849e-04,2.472e-02,1.323e-02,5
F8_E4M3_B128,LUT,"U(-1,1)",64,7168,7168,64x64x32_w4_v3,4.600,4.600,4.610,4.602,1.4290,1.849e-04,2.472e-02,1.323e-02,5
F8_E4M3_B128,LUT,"U(-1,1)",64,7168,7168,32x64x32_w4_v3_b1,5.150,5.130,5.160,5.146,1.2780,1.849e-04,2.472e-02,1.323e-02,5
F8_E4M3_B128,LUT,"U(-1,1)",64,7168,7168,128x64x32_w4_v4,3.680,3.670,3.680,3.676,1.7880,1.849e-04,2.472e-02,1.323e-02,5
F8_E4M3_B128,LUT,"U(-1,1)",64,7168,7168,64x64x32_w4_v4,4.640,4.620,4.640,4.634,1.4190,1.849e-04,2.472e-02,1.323e-02,5
F8_E4M3_B128,LUT,"U(-1,1)",64,7168,7168,128x64x32_w4_v5,3.700,3.690,3.710,3.698,1.7780,1.849e-04,2.472e-02,1.323e-02,5
F8_E4M3_B128,LUT,"U(-1,1)",64,7168,7168,64x64x32_w4_v5,4.630,4.610,4.630,4.624,1.4220,1.849e-04,2.472e-02,1.323e-02,5
F8_E4M3_B128,LUT,"U(-1,1)",64,7168,7168,128x64x32_w4_v3s_ks2,6.560,6.560,6.570,6.564,1.0020,1.849e-04,2.472e-02,1.325e-02,5
F8_E4M3_B128,LUT,"U(-1,1)",64,7168,7168,128x64x32_w4_v3s_ks4,6.530,6.520,6.540,6.528,1.0070,1.849e-04,2.473e-02,1.322e-02,5
F8_E4M3_B128,LUT,"U(-1,1)",64,7168,7168,64x64x32_w4_v3s_ks2,8.660,8.620,8.670,8.656,0.7590,1.849e-04,2.472e-02,1.325e-02,5
F8_E4M3_B128,LUT,"U(-1,1)",64,7168,7168,64x64x32_w4_v3s_ks4,8.190,8.130,8.250,8.188,0.8030,1.849e-04,2.473e-02,1.322e-02,5
F8_E4M3_B128,LUT,"U(-1,1)",64,7168,7168,64x64x32_w4_v3s_ks8,10.050,9.910,10.050,10.018,0.6550,1.849e-04,2.474e-02,1.323e-02,5
F8_E4M3_B128,LUT,"U(-1,1)",256,7168,7168,16x64x32_w4,3.490,3.460,3.530,3.500,7.5350,1.848e-04,2.503e-02,1.270e-02,5
F8_E4M3_B128,BITSHIFT,"U(-1,1)",256,7168,7168,16x64x32_w4,3.080,3.080,3.080,3.080,8.5500,1.848e-04,2.501e-02,1.271e-02,5
F8_E4M3_B128,LUT,"U(-1,1)",256,7168,7168,16x128x32_w8,3.420,3.420,3.430,3.424,7.6810,1.848e-04,2.503e-02,1.270e-02,5
F8_E4M3_B128,BITSHIFT,"U(-1,1)",256,7168,7168,16x128x32_w8,2.830,2.830,2.840,2.832,9.2930,1.848e-04,2.501e-02,1.271e-02,5
F8_E4M3_B128,LUT,"U(-1,1)",256,7168,7168,128x64x32_w4_v2,9.620,9.620,9.650,9.626,2.7350,1.848e-04,2.503e-02,1.270e-02,5
F8_E4M3_B128,LUT,"U(-1,1)",256,7168,7168,64x64x32_w4_v2,5.630,5.600,5.660,5.628,4.6740,1.848e-04,2.503e-02,1.270e-02,5
F8_E4M3_B128,LUT,"U(-1,1)",256,7168,7168,128x64x32_w4_v3,13.530,13.530,13.540,13.534,1.9440,1.848e-04,2.503e-02,1.270e-02,5
F8_E4M3_B128,LUT,"U(-1,1)",256,7168,7168,64x64x32_w4_v3,8.730,8.690,8.750,8.720,3.0150,1.848e-04,2.503e-02,1.270e-02,5
F8_E4M3_B128,LUT,"U(-1,1)",256,7168,7168,32x64x32_w4_v3_b1,9.260,9.250,9.260,9.256,2.8420,1.848e-04,2.503e-02,1.270e-02,5
F8_E4M3_B128,LUT,"U(-1,1)",256,7168,7168,128x64x32_w4_v4,13.320,13.310,13.320,13.316,1.9760,1.848e-04,2.503e-02,1.270e-02,5
F8_E4M3_B128,LUT,"U(-1,1)",256,7168,7168,64x64x32_w4_v4,8.320,8.270,8.390,8.324,3.1620,1.848e-04,2.503e-02,1.270e-02,5
F8_E4M3_B128,LUT,"U(-1,1)",256,7168,7168,128x64x32_w4_v5,7.910,7.910,7.910,7.910,3.3270,1.848e-04,2.503e-02,1.270e-02,5
F8_E4M3_B128,LUT,"U(-1,1)",256,7168,7168,64x64x32_w4_v5,6.470,6.470,6.480,6.474,4.0650,1.848e-04,2.503e-02,1.270e-02,5
F8_E4M3_B128,LUT,"U(-1,1)",256,7168,7168,128x64x32_w4_v3s_ks2,13.510,13.430,13.520,13.492,1.9460,1.848e-04,2.500e-02,1.269e-02,5
F8_E4M3_B128,LUT,"U(-1,1)",256,7168,7168,128x64x32_w4_v3s_ks4,13.420,13.420,13.450,13.428,1.9600,1.848e-04,2.502e-02,1.268e-02,5
F8_E4M3_B128,LUT,"U(-1,1)",256,7168,7168,64x64x32_w4_v3s_ks2,10.860,10.810,10.900,10.860,2.4230,1.848e-04,2.500e-02,1.269e-02,5
F8_E4M3_B128,LUT,"U(-1,1)",256,7168,7168,64x64x32_w4_v3s_ks4,12.290,12.270,12.320,12.290,2.1410,1.848e-04,2.502e-02,1.268e-02,5
F8_E4M3_B128,LUT,"U(-1,1)",256,7168,7168,64x64x32_w4_v3s_ks8,13.150,13.140,13.160,13.152,2.0000,1.848e-04,2.501e-02,1.269e-02,5
F8_E4M3_B128,LUT,"U(-1,1)",1024,7168,7168,16x64x32_w4,4.040,4.040,4.040,4.040,26.0470,1.846e-04,2.631e-02,1.321e-02,5
F8_E4M3_B128,BITSHIFT,"U(-1,1)",1024,7168,7168,16x64x32_w4,3.070,3.070,3.070,3.070,34.2760,1.846e-04,2.631e-02,1.327e-02,5
F8_E4M3_B128,LUT,"U(-1,1)",1024,7168,7168,16x128x32_w8,3.420,3.410,3.420,3.418,30.7730,1.846e-04,2.631e-02,1.321e-02,5
F8_E4M3_B128,BITSHIFT,"U(-1,1)",1024,7168,7168,16x128x32_w8,2.820,2.820,2.830,2.822,37.2860,1.846e-04,2.631e-02,1.327e-02,5
F8_E4M3_B128,LUT,"U(-1,1)",1024,7168,7168,128x64x32_w4_v2,12.350,12.330,12.360,12.346,8.5220,1.846e-04,2.631e-02,1.321e-02,5
F8_E4M3_B128,LUT,"U(-1,1)",1024,7168,7168,64x64x32_w4_v2,8.660,8.640,8.690,8.664,12.1560,1.846e-04,2.631e-02,1.321e-02,5
F8_E4M3_B128,LUT,"U(-1,1)",1024,7168,7168,128x64x32_w4_v3,13.830,13.820,13.860,13.836,7.6080,1.846e-04,2.631e-02,1.321e-02,5
F8_E4M3_B128,LUT,"U(-1,1)",1024,7168,7168,64x64x32_w4_v3,12.970,12.950,12.980,12.968,8.1150,1.846e-04,2.631e-02,1.321e-02,5
F8_E4M3_B128,LUT,"U(-1,1)",1024,7168,7168,32x64x32_w4_v3_b1,9.290,9.270,9.300,9.286,11.3310,1.846e-04,2.631e-02,1.321e-02,5
F8_E4M3_B128,LUT,"U(-1,1)",1024,7168,7168,128x64x32_w4_v4,13.560,13.540,13.580,13.558,7.7590,1.846e-04,2.631e-02,1.321e-02,5
F8_E4M3_B128,LUT,"U(-1,1)",1024,7168,7168,64x64x32_w4_v4,12.580,12.570,12.580,12.576,8.3650,1.846e-04,2.631e-02,1.321e-02,5
F8_E4M3_B128,LUT,"U(-1,1)",1024,7168,7168,128x64x32_w4_v5,9.790,9.780,9.800,9.790,10.7440,1.846e-04,2.631e-02,1.321e-02,5
F8_E4M3_B128,LUT,"U(-1,1)",1024,7168,7168,64x64x32_w4_v5,6.500,6.500,6.520,6.506,16.1920,1.846e-04,2.631e-02,1.321e-02,5
F8_E4M3_B128,LUT,"U(-1,1)",1024,7168,7168,128x64x32_w4_v3s_ks2,13.780,13.780,13.780,13.780,7.6370,1.846e-04,2.631e-02,1.324e-02,5
F8_E4M3_B128,LUT,"U(-1,1)",1024,7168,7168,128x64x32_w4_v3s_ks4,14.480,14.470,14.490,14.478,7.2660,1.846e-04,2.631e-02,1.323e-02,5
F8_E4M3_B128,LUT,"U(-1,1)",1024,7168,7168,64x64x32_w4_v3s_ks2,14.230,14.220,14.240,14.230,7.3950,1.846e-04,2.631e-02,1.324e-02,5
F8_E4M3_B128,LUT,"U(-1,1)",1024,7168,7168,64x64x32_w4_v3s_ks4,13.960,13.960,13.970,13.962,7.5380,1.846e-04,2.631e-02,1.323e-02,5
F8_E4M3_B128,LUT,"U(-1,1)",1024,7168,7168,64x64x32_w4_v3s_ks8,13.380,13.380,13.390,13.384,7.8630,1.846e-04,2.631e-02,1.323e-02,5
F8_E4M3_B128,LUT,"U(-1,1)",2048,7168,7168,16x64x32_w4,4.040,4.040,4.040,4.040,52.0770,1.846e-04,2.790e-02,1.309e-02,5
F8_E4M3_B128,BITSHIFT,"U(-1,1)",2048,7168,7168,16x64x32_w4,3.190,3.190,3.190,3.190,65.9710,1.846e-04,2.789e-02,1.309e-02,5
F8_E4M3_B128,LUT,"U(-1,1)",2048,7168,7168,16x128x32_w8,3.580,3.570,3.580,3.576,58.8570,1.846e-04,2.790e-02,1.309e-02,5
F8_E4M3_B128,BITSHIFT,"U(-1,1)",2048,7168,7168,16x128x32_w8,2.950,2.950,2.950,2.950,71.4240,1.846e-04,2.789e-02,1.309e-02,5
F8_E4M3_B128,LUT,"U(-1,1)",2048,7168,7168,128x64x32_w4_v2,12.370,12.350,12.380,12.366,17.0120,1.846e-04,2.790e-02,1.309e-02,5
F8_E4M3_B128,LUT,"U(-1,1)",2048,7168,7168,64x64x32_w4_v2,9.690,9.690,9.690,9.690,21.7120,1.846e-04,2.790e-02,1.309e-02,5
F8_E4M3_B128,LUT,"U(-1,1)",2048,7168,7168,128x64x32_w4_v3,13.940,13.940,13.950,13.944,15.0920,1.846e-04,2.790e-02,1.309e-02,5
F8_E4M3_B128,LUT,"U(-1,1)",2048,7168,7168,64x64x32_w4_v3,14.550,14.540,14.550,14.548,14.4670,1.846e-04,2.790e-02,1.309e-02,5
F8_E4M3_B128,LUT,"U(-1,1)",2048,7168,7168,32x64x32_w4_v3_b1,9.880,9.870,9.880,9.876,21.3110,1.846e-04,2.790e-02,1.309e-02,5
F8_E4M3_B128,LUT,"U(-1,1)",2048,7168,7168,128x64x32_w4_v4,13.680,13.600,13.680,13.662,15.3870,1.846e-04,2.790e-02,1.309e-02,5
F8_E4M3_B128,LUT,"U(-1,1)",2048,7168,7168,64x64x32_w4_v4,14.070,14.070,14.070,14.070,14.9540,1.846e-04,2.790e-02,1.309e-02,5
F8_E4M3_B128,LUT,"U(-1,1)",2048,7168,7168,128x64x32_w4_v5,9.830,9.820,9.840,9.830,21.4120,1.846e-04,2.790e-02,1.309e-02,5
F8_E4M3_B128,LUT,"U(-1,1)",2048,7168,7168,64x64x32_w4_v5,6.770,6.770,6.790,6.778,31.0660,1.846e-04,2.790e-02,1.309e-02,5
F8_E4M3_B128,LUT,"U(-1,1)",2048,7168,7168,128x64x32_w4_v3s_ks2,14.780,14.780,14.790,14.784,14.2340,1.846e-04,2.789e-02,1.309e-02,5
F8_E4M3_B128,LUT,"U(-1,1)",2048,7168,7168,128x64x32_w4_v3s_ks4,14.530,14.520,14.540,14.528,14.4860,1.846e-04,2.790e-02,1.309e-02,5
F8_E4M3_B128,LUT,"U(-1,1)",2048,7168,7168,64x64x32_w4_v3s_ks2,14.290,14.290,14.290,14.290,14.7270,1.846e-04,2.789e-02,1.309e-02,5
F8_E4M3_B128,LUT,"U(-1,1)",2048,7168,7168,64x64x32_w4_v3s_ks4,14.010,14.000,14.010,14.006,15.0250,1.846e-04,2.790e-02,1.309e-02,5
F8_E4M3_B128,LUT,"U(-1,1)",2048,7168,7168,64x64x32_w4_v3s_ks8,13.400,13.390,13.400,13.398,15.7070,1.846e-04,2.789e-02,1.309e-02,5
F8_E4M3_B128,LUT,"U(-1,1)",4096,7168,7168,16x64x32_w4,4.040,4.040,4.040,4.040,104.2170,1.846e-04,2.885e-02,1.347e-02,5
F8_E4M3_B128,BITSHIFT,"U(-1,1)",4096,7168,7168,16x64x32_w4,3.250,3.250,3.250,3.250,129.6240,1.846e-04,2.882e-02,1.348e-02,5
F8_E4M3_B128,LUT,"U(-1,1)",4096,7168,7168,16x128x32_w8,3.650,3.650,3.650,3.650,115.2800,1.846e-04,2.885e-02,1.347e-02,5
F8_E4M3_B128,BITSHIFT,"U(-1,1)",4096,7168,7168,16x128x32_w8,3.010,3.010,3.010,3.010,139.7000,1.846e-04,2.882e-02,1.348e-02,5
F8_E4M3_B128,LUT,"U(-1,1)",4096,7168,7168,128x64x32_w4_v2,12.470,12.470,12.490,12.476,33.7500,1.846e-04,2.885e-02,1.347e-02,5
F8_E4M3_B128,LUT,"U(-1,1)",4096,7168,7168,64x64x32_w4_v2,9.700,9.700,9.700,9.700,43.3790,1.846e-04,2.885e-02,1.347e-02,5
F8_E4M3_B128,LUT,"U(-1,1)",4096,7168,7168,128x64x32_w4_v3,14.960,14.960,14.970,14.962,28.1380,1.846e-04,2.885e-02,1.347e-02,5
F8_E4M3_B128,LUT,"U(-1,1)",4096,7168,7168,64x64x32_w4_v3,14.570,14.560,14.570,14.568,28.8920,1.846e-04,2.885e-02,1.347e-02,5
F8_E4M3_B128,LUT,"U(-1,1)",4096,7168,7168,32x64x32_w4_v3_b1,9.880,9.880,9.880,9.880,42.6160,1.846e-04,2.885e-02,1.347e-02,5
F8_E4M3_B128,LUT,"U(-1,1)",4096,7168,7168,128x64x32_w4_v4,14.690,14.680,14.700,14.690,28.6520,1.846e-04,2.885e-02,1.347e-02,5
F8_E4M3_B128,LUT,"U(-1,1)",4096,7168,7168,64x64x32_w4_v4,14.080,14.080,14.080,14.080,29.8900,1.846e-04,2.885e-02,1.347e-02,5
F8_E4M3_B128,LUT,"U(-1,1)",4096,7168,7168,128x64x32_w4_v5,10.020,10.010,10.030,10.020,41.9920,1.846e-04,2.885e-02,1.347e-02,5
F8_E4M3_B128,LUT,"U(-1,1)",4096,7168,7168,64x64x32_w4_v5,6.760,6.750,6.760,6.756,62.2890,1.846e-04,2.885e-02,1.347e-02,5
F8_E4M3_B128,LUT,"U(-1,1)",4096,7168,7168,128x64x32_w4_v3s_ks2,14.840,14.840,14.840,14.840,28.3620,1.846e-04,2.883e-02,1.348e-02,5
F8_E4M3_B128,LUT,"U(-1,1)",4096,7168,7168,128x64x32_w4_v3s_ks4,14.570,14.570,14.570,14.570,28.8860,1.846e-04,2.882e-02,1.348e-02,5
F8_E4M3_B128,LUT,"U(-1,1)",4096,7168,7168,64x64x32_w4_v3s_ks2,14.300,14.300,14.310,14.302,29.4270,1.846e-04,2.883e-02,1.348e-02,5
F8_E4M3_B128,LUT,"U(-1,1)",4096,7168,7168,64x64x32_w4_v3s_ks4,14.010,14.000,14.010,14.008,30.0520,1.846e-04,2.882e-02,1.348e-02,5
F8_E4M3_B128,LUT,"U(-1,1)",4096,7168,7168,64x64x32_w4_v3s_ks8,13.410,13.410,13.420,13.414,31.3760,1.846e-04,2.881e-02,1.347e-02,5
