========= COMPUTE-SANITIZER
format,path,dist,M,N,K,tile,status,detail
CUBLAS_FP16,REF,U(-1,1),64,7168,7168,cublas,OK,ms=36.709,tflops=0.18,gbps=2.8,maxabs=0.0e+0,p99=0.0e+0,rel=0.0e+0
INT8,LUT,U(-1,1),64,7168,7168,16x64x32_w4,OK,ms=296.011,tflops=0.02,gbps=0.2,maxabs=3.949e-02,p99=1.861e-02,rel=2.596e-04
INT8,BITSHIFT,U(-1,1),64,7168,7168,16x64x32_w4,OK,ms=525.366,tflops=0.01,gbps=0.1,maxabs=2.502e-02,p99=1.358e-02,rel=1.849e-04
INT8,LUT,U(-1,1),64,7168,7168,16x128x32_w8,OK,ms=280.668,tflops=0.02,gbps=0.2,maxabs=3.949e-02,p99=1.861e-02,rel=2.596e-04
INT8,BITSHIFT,U(-1,1),64,7168,7168,16x128x32_w8,OK,ms=499.958,tflops=0.01,gbps=0.1,maxabs=2.502e-02,p99=1.358e-02,rel=1.849e-04
INT8,LUT,U(-1,1),64,7168,7168,16x128x32_w4f2,OK,ms=148.027,tflops=0.04,gbps=0.4,maxabs=3.949e-02,p99=1.861e-02,rel=2.596e-04
INT8,BITSHIFT,U(-1,1),64,7168,7168,16x128x32_w4f2,SKIP,MF path-B not implemented
INT8,LUT,U(-1,1),64,7168,7168,16x256x32_w4f4,OK,ms=104.890,tflops=0.06,gbps=0.6,maxabs=3.949e-02,p99=1.861e-02,rel=2.596e-04
INT8,BITSHIFT,U(-1,1),64,7168,7168,16x256x32_w4f4,SKIP,MF path-B not implemented
INT8,LUT,U(-1,1),64,7168,7168,128x64x32_w4_v1,OK,ms=45.374,tflops=0.14,gbps=1.3,maxabs=3.949e-02,p99=1.861e-02,rel=2.596e-04
INT8,BITSHIFT,U(-1,1),64,7168,7168,128x64x32_w4_v1,SKIP,v1 path-B not implemented
INT8,LUT,U(-1,1),64,7168,7168,128x128x32_w4_v1,OK,ms=51.727,tflops=0.13,gbps=1.1,maxabs=3.949e-02,p99=1.861e-02,rel=2.596e-04
INT8,BITSHIFT,U(-1,1),64,7168,7168,128x128x32_w4_v1,SKIP,v1 path-B not implemented
INT8,LUT,U(-1,1),64,7168,7168,128x256x32_w4_v1,OK,ms=125.272,tflops=0.05,gbps=0.5,maxabs=3.949e-02,p99=1.861e-02,rel=2.596e-04
INT8,BITSHIFT,U(-1,1),64,7168,7168,128x256x32_w4_v1,SKIP,v1 path-B not implemented
INT8,LUT,U(-1,1),64,7168,7168,128x256x32_w8_v1,OK,ms=51.648,tflops=0.13,gbps=1.1,maxabs=3.949e-02,p99=1.861e-02,rel=2.596e-04
INT8,BITSHIFT,U(-1,1),64,7168,7168,128x256x32_w8_v1,SKIP,v1 path-B not implemented
INT8,LUT,U(-1,1),64,7168,7168,64x64x32_w4_v1,OK,ms=33.769,tflops=0.19,gbps=1.7,maxabs=3.949e-02,p99=1.861e-02,rel=2.596e-04
INT8,BITSHIFT,U(-1,1),64,7168,7168,64x64x32_w4_v1,SKIP,v1 path-B not implemented
INT8,LUT,U(-1,1),64,7168,7168,64x128x32_w4_v1,OK,ms=41.365,tflops=0.16,gbps=1.4,maxabs=3.949e-02,p99=1.861e-02,rel=2.596e-04
INT8,BITSHIFT,U(-1,1),64,7168,7168,64x128x32_w4_v1,SKIP,v1 path-B not implemented
INT8,LUT,U(-1,1),64,7168,7168,128x64x32_w4_v2,OK,ms=19.658,tflops=0.33,gbps=3.0,maxabs=3.949e-02,p99=1.861e-02,rel=2.596e-04
INT8,BITSHIFT,U(-1,1),64,7168,7168,128x64x32_w4_v2,SKIP,v2 path-B not implemented
INT8,LUT,U(-1,1),64,7168,7168,128x128x32_w4_v2,OK,ms=22.062,tflops=0.30,gbps=2.6,maxabs=3.949e-02,p99=1.861e-02,rel=2.596e-04
INT8,BITSHIFT,U(-1,1),64,7168,7168,128x128x32_w4_v2,SKIP,v2 path-B not implemented
INT8,LUT,U(-1,1),64,7168,7168,128x256x32_w4_v2,OK,ms=83.032,tflops=0.08,gbps=0.7,maxabs=3.949e-02,p99=1.861e-02,rel=2.596e-04
INT8,BITSHIFT,U(-1,1),64,7168,7168,128x256x32_w4_v2,SKIP,v2 path-B not implemented
INT8,LUT,U(-1,1),64,7168,7168,128x256x32_w8_v2,OK,ms=21.076,tflops=0.31,gbps=2.8,maxabs=3.949e-02,p99=1.861e-02,rel=2.596e-04
INT8,BITSHIFT,U(-1,1),64,7168,7168,128x256x32_w8_v2,SKIP,v2 path-B not implemented
INT8,LUT,U(-1,1),64,7168,7168,64x64x32_w4_v2,OK,ms=14.601,tflops=0.45,gbps=4.0,maxabs=3.949e-02,p99=1.861e-02,rel=2.596e-04
INT8,BITSHIFT,U(-1,1),64,7168,7168,64x64x32_w4_v2,SKIP,v2 path-B not implemented
INT8,LUT,U(-1,1),64,7168,7168,64x128x32_w4_v2,OK,ms=18.004,tflops=0.37,gbps=3.2,maxabs=3.949e-02,p99=1.861e-02,rel=2.596e-04
INT8,BITSHIFT,U(-1,1),64,7168,7168,64x128x32_w4_v2,SKIP,v2 path-B not implemented
INT8,LUT,U(-1,1),64,7168,7168,128x64x32_w4_v3,OK,ms=20.844,tflops=0.32,gbps=2.8,maxabs=3.949e-02,p99=1.861e-02,rel=2.596e-04
INT8,BITSHIFT,U(-1,1),64,7168,7168,128x64x32_w4_v3,SKIP,v3 path-B not implemented
INT8,LUT,U(-1,1),64,7168,7168,128x128x32_w4_v3,OK,ms=23.516,tflops=0.28,gbps=2.5,maxabs=3.949e-02,p99=1.861e-02,rel=2.596e-04
========= Program hit cudaErrorInvalidValue (error 1) due to "invalid argument" on CUDA API call to cudaLaunchKernel.
=========     Saved host backtrace up to driver entry point at error
=========     Host Frame: [0x4caea6]
=========                in /lib/x86_64-linux-gnu/libcuda.so.1
=========     Host Frame:cudaLaunchKernel [0x70ae8]
=========                in /usr/local/cuda/targets/x86_64-linux/lib/libcudart.so.12
=========     Host Frame:__device_stub__ZN7tc_grid7kernels7int8_v314mm_int8_lut_v3ILi128ELi256ELi32ELi8ELi8ELi2EEEvPKaPK6__halfPKfPfiii(signed char const*, __half const*, float const*, float*, int, int, int) [0x121b5]
=========                in /src/tools/tc-grid/build/tc-grid
=========     Host Frame:tc_grid::launch_int8(tc_grid::LaunchSpec const&, void const*, float const*, float*, float const*) [0x211db]
=========                in /src/tools/tc-grid/build/tc-grid
=========     Host Frame:main [0x43e7]
=========                in /src/tools/tc-grid/build/tc-grid
=========     Host Frame: [0x29d90]
=========                in /lib/x86_64-linux-gnu/libc.so.6
=========     Host Frame:__libc_start_main [0x29e40]
=========                in /lib/x86_64-linux-gnu/libc.so.6
=========     Host Frame:_start [0x4975]
=========                in /src/tools/tc-grid/build/tc-grid
========= 
========= Program hit cudaErrorInvalidValue (error 1) due to "invalid argument" on CUDA API call to cudaGetLastError.
=========     Saved host backtrace up to driver entry point at error
=========     Host Frame: [0x4caea6]
=========                in /lib/x86_64-linux-gnu/libcuda.so.1
=========     Host Frame:cudaGetLastError [0x4b341]
=========                in /usr/local/cuda/targets/x86_64-linux/lib/libcudart.so.12
=========     Host Frame:tc_grid::launch_int8(tc_grid::LaunchSpec const&, void const*, float const*, float*, float const*) [0x172b7]
=========                in /src/tools/tc-grid/build/tc-grid
=========     Host Frame:main [0x43e7]
=========                in /src/tools/tc-grid/build/tc-grid
=========     Host Frame: [0x29d90]
=========                in /lib/x86_64-linux-gnu/libc.so.6
=========     Host Frame:__libc_start_main [0x29e40]
=========                in /lib/x86_64-linux-gnu/libc.so.6
=========     Host Frame:_start [0x4975]
=========                in /src/tools/tc-grid/build/tc-grid
========= 
INT8,BITSHIFT,U(-1,1),64,7168,7168,128x128x32_w4_v3,SKIP,v3 path-B not implemented
INT8,LUT,U(-1,1),64,7168,7168,128x256x32_w8_v3,SKIP,invalid argument
INT8,BITSHIFT,U(-1,1),64,7168,7168,128x256x32_w8_v3,SKIP,v3 path-B not implemented
INT8,LUT,U(-1,1),64,7168,7168,64x64x32_w4_v3,OK,ms=14.399,tflops=0.46,gbps=4.0,maxabs=3.949e-02,p99=1.861e-02,rel=2.596e-04
INT8,BITSHIFT,U(-1,1),64,7168,7168,64x64x32_w4_v3,SKIP,v3 path-B not implemented
INT8,LUT,U(-1,1),64,7168,7168,64x128x32_w4_v3,OK,ms=17.962,tflops=0.37,gbps=3.2,maxabs=3.949e-02,p99=1.861e-02,rel=2.596e-04
INT8,BITSHIFT,U(-1,1),64,7168,7168,64x128x32_w4_v3,SKIP,v3 path-B not implemented
INT8,LUT,U(-1,1),64,7168,7168,32x128x32_w4_v3_b1,OK,ms=17.535,tflops=0.38,gbps=3.3,maxabs=3.949e-02,p99=1.861e-02,rel=2.596e-04
INT8,BITSHIFT,U(-1,1),64,7168,7168,32x128x32_w4_v3_b1,SKIP,v3 path-B not implemented
INT8,LUT,U(-1,1),64,7168,7168,32x64x32_w4_v3_b1,OK,ms=21.518,tflops=0.31,gbps=2.7,maxabs=3.949e-02,p99=1.861e-02,rel=2.596e-04
INT8,BITSHIFT,U(-1,1),64,7168,7168,32x64x32_w4_v3_b1,SKIP,v3 path-B not implemented
INT8,LUT,U(-1,1),64,7168,7168,32x256x32_w8_v3_b1,OK,ms=17.364,tflops=0.38,gbps=3.4,maxabs=3.949e-02,p99=1.861e-02,rel=2.596e-04
INT8,BITSHIFT,U(-1,1),64,7168,7168,32x256x32_w8_v3_b1,SKIP,v3 path-B not implemented
INT8,LUT,U(-1,1),64,7168,7168,128x128x32_w8_v3_b1alt,OK,ms=18.664,tflops=0.35,gbps=3.1,maxabs=3.949e-02,p99=1.861e-02,rel=2.596e-04
INT8,BITSHIFT,U(-1,1),64,7168,7168,128x128x32_w8_v3_b1alt,SKIP,v3 path-B not implemented
INT8,LUT,U(-1,1),64,7168,7168,64x128x32_w8_v3_b1alt,OK,ms=12.599,tflops=0.52,gbps=4.6,maxabs=3.949e-02,p99=1.861e-02,rel=2.596e-04
INT8,BITSHIFT,U(-1,1),64,7168,7168,64x128x32_w8_v3_b1alt,SKIP,v3 path-B not implemented
INT8,LUT,U(-1,1),64,7168,7168,128x64x32_w4_v4,OK,ms=22.809,tflops=0.29,gbps=2.6,maxabs=3.949e-02,p99=1.861e-02,rel=2.596e-04
INT8,BITSHIFT,U(-1,1),64,7168,7168,128x64x32_w4_v4,SKIP,v4 path-B not implemented
INT8,LUT,U(-1,1),64,7168,7168,128x128x32_w4_v4,OK,ms=25.382,tflops=0.26,gbps=2.3,maxabs=3.949e-02,p99=1.861e-02,rel=2.596e-04
INT8,BITSHIFT,U(-1,1),64,7168,7168,128x128x32_w4_v4,SKIP,v4 path-B not implemented
INT8,LUT,U(-1,1),64,7168,7168,64x64x32_w4_v4,OK,ms=15.473,tflops=0.43,gbps=3.8,maxabs=3.949e-02,p99=1.861e-02,rel=2.596e-04
INT8,BITSHIFT,U(-1,1),64,7168,7168,64x64x32_w4_v4,SKIP,v4 path-B not implemented
INT8,LUT,U(-1,1),64,7168,7168,64x128x32_w4_v4,OK,ms=18.941,tflops=0.35,gbps=3.1,maxabs=3.949e-02,p99=1.861e-02,rel=2.596e-04
INT8,BITSHIFT,U(-1,1),64,7168,7168,64x128x32_w4_v4,SKIP,v4 path-B not implemented
INT8,LUT,U(-1,1),64,7168,7168,128x64x32_w4_v5,OK,ms=22.784,tflops=0.29,gbps=2.6,maxabs=3.949e-02,p99=1.861e-02,rel=2.596e-04
INT8,BITSHIFT,U(-1,1),64,7168,7168,128x64x32_w4_v5,SKIP,v5 path-B not implemented
INT8,LUT,U(-1,1),64,7168,7168,128x128x32_w4_v5,OK,ms=25.409,tflops=0.26,gbps=2.3,maxabs=3.949e-02,p99=1.861e-02,rel=2.596e-04
INT8,BITSHIFT,U(-1,1),64,7168,7168,128x128x32_w4_v5,SKIP,v5 path-B not implemented
INT8,LUT,U(-1,1),64,7168,7168,64x64x32_w4_v5,OK,ms=15.352,tflops=0.43,gbps=3.8,maxabs=3.949e-02,p99=1.861e-02,rel=2.596e-04
INT8,BITSHIFT,U(-1,1),64,7168,7168,64x64x32_w4_v5,SKIP,v5 path-B not implemented
INT8,LUT,U(-1,1),64,7168,7168,64x128x32_w4_v5,OK,ms=18.937,tflops=0.35,gbps=3.1,maxabs=3.949e-02,p99=1.861e-02,rel=2.596e-04
INT8,BITSHIFT,U(-1,1),64,7168,7168,64x128x32_w4_v5,SKIP,v5 path-B not implemented
INT8,LUT,U(-1,1),64,7168,7168,128x128x64_w4_v6,OK,ms=25.311,tflops=0.26,gbps=2.3,maxabs=3.949e-02,p99=1.861e-02,rel=2.596e-04
INT8,BITSHIFT,U(-1,1),64,7168,7168,128x128x64_w4_v6,SKIP,v6 path-B not implemented
INT8,LUT,U(-1,1),64,7168,7168,128x64x64_w4_v6,OK,ms=22.696,tflops=0.29,gbps=2.6,maxabs=3.949e-02,p99=1.861e-02,rel=2.596e-04
INT8,BITSHIFT,U(-1,1),64,7168,7168,128x64x64_w4_v6,SKIP,v6 path-B not implemented
INT8,LUT,U(-1,1),64,7168,7168,64x128x64_w4_v6,OK,ms=18.788,tflops=0.35,gbps=3.1,maxabs=3.949e-02,p99=1.861e-02,rel=2.596e-04
INT8,BITSHIFT,U(-1,1),64,7168,7168,64x128x64_w4_v6,SKIP,v6 path-B not implemented
INT8,LUT,U(-1,1),64,7168,7168,64x64x64_w4_v6,OK,ms=15.449,tflops=0.43,gbps=3.8,maxabs=3.949e-02,p99=1.861e-02,rel=2.596e-04
INT8,BITSHIFT,U(-1,1),64,7168,7168,64x64x64_w4_v6,SKIP,v6 path-B not implemented
INT8,LUT,U(-1,1),64,7168,7168,64x128x32_w4_v7,OK,ms=18.900,tflops=0.35,gbps=3.1,maxabs=3.949e-02,p99=1.861e-02,rel=2.596e-04
INT8,BITSHIFT,U(-1,1),64,7168,7168,64x128x32_w4_v7,SKIP,v7 path-B not implemented
INT8,LUT,U(-1,1),64,7168,7168,64x64x32_w4_v7,OK,ms=15.516,tflops=0.42,gbps=3.8,maxabs=3.949e-02,p99=1.861e-02,rel=2.596e-04
INT8,BITSHIFT,U(-1,1),64,7168,7168,64x64x32_w4_v7,SKIP,v7 path-B not implemented
INT8,LUT,U(-1,1),64,7168,7168,32x128x32_w4_v7,OK,ms=17.824,tflops=0.37,gbps=3.3,maxabs=3.949e-02,p99=1.861e-02,rel=2.596e-04
INT8,BITSHIFT,U(-1,1),64,7168,7168,32x128x32_w4_v7,SKIP,v7 path-B not implemented
INT8,LUT,U(-1,1),64,7168,7168,32x64x32_w4_v7,OK,ms=22.934,tflops=0.29,gbps=2.5,maxabs=3.949e-02,p99=1.861e-02,rel=2.596e-04
INT8,BITSHIFT,U(-1,1),64,7168,7168,32x64x32_w4_v7,SKIP,v7 path-B not implemented
INT8,LUT,U(-1,1),64,7168,7168,128x64x32_w4_v8,OK,ms=22.691,tflops=0.29,gbps=2.6,maxabs=2.259e+00,p99=6.036e-01,rel=5.469e-03
INT8,BITSHIFT,U(-1,1),64,7168,7168,128x64x32_w4_v8,SKIP,v8 path-B not implemented
INT8,LUT,U(-1,1),64,7168,7168,128x128x32_w4_v8,OK,ms=25.311,tflops=0.26,gbps=2.3,maxabs=2.259e+00,p99=6.036e-01,rel=5.469e-03
INT8,BITSHIFT,U(-1,1),64,7168,7168,128x128x32_w4_v8,SKIP,v8 path-B not implemented
INT8,LUT,U(-1,1),64,7168,7168,64x64x32_w4_v8,OK,ms=15.494,tflops=0.42,gbps=3.8,maxabs=2.259e+00,p99=6.036e-01,rel=5.469e-03
INT8,BITSHIFT,U(-1,1),64,7168,7168,64x64x32_w4_v8,SKIP,v8 path-B not implemented
INT8,LUT,U(-1,1),64,7168,7168,64x128x32_w4_v8,OK,ms=18.811,tflops=0.35,gbps=3.1,maxabs=2.259e+00,p99=6.036e-01,rel=5.469e-03
INT8,BITSHIFT,U(-1,1),64,7168,7168,64x128x32_w4_v8,SKIP,v8 path-B not implemented
INT8,LUT,U(-1,1),64,7168,7168,32x128x32_w4_v8,OK,ms=17.845,tflops=0.37,gbps=3.3,maxabs=2.259e+00,p99=6.036e-01,rel=5.469e-03
INT8,BITSHIFT,U(-1,1),64,7168,7168,32x128x32_w4_v8,SKIP,v8 path-B not implemented
INT8,LUT,U(-1,1),64,7168,7168,32x64x32_w4_v8,OK,ms=22.436,tflops=0.29,gbps=2.6,maxabs=2.259e+00,p99=6.036e-01,rel=5.469e-03
INT8,BITSHIFT,U(-1,1),64,7168,7168,32x64x32_w4_v8,SKIP,v8 path-B not implemented
INT8,LUT,U(-1,1),64,7168,7168,128x128x32_w4_v9_ck2,OK,ms=25.400,tflops=0.26,gbps=2.3,maxabs=1.770e+02,p99=9.159e+01,rel=7.099e-01
INT8,BITSHIFT,U(-1,1),64,7168,7168,128x128x32_w4_v9_ck2,SKIP,v9 path-B not implemented
INT8,LUT,U(-1,1),64,7168,7168,128x128x32_w4_v9_ck4,OK,ms=25.369,tflops=0.26,gbps=2.3,maxabs=1.770e+02,p99=9.157e+01,rel=7.100e-01
INT8,BITSHIFT,U(-1,1),64,7168,7168,128x128x32_w4_v9_ck4,SKIP,v9 path-B not implemented
INT8,LUT,U(-1,1),64,7168,7168,128x128x32_w4_v9_ck8,OK,ms=25.382,tflops=0.26,gbps=2.3,maxabs=1.770e+02,p99=9.158e+01,rel=7.101e-01
INT8,BITSHIFT,U(-1,1),64,7168,7168,128x128x32_w4_v9_ck8,SKIP,v9 path-B not implemented
INT8,LUT,U(-1,1),64,7168,7168,64x128x32_w4_v9_ck4,OK,ms=18.921,tflops=0.35,gbps=3.1,maxabs=1.770e+02,p99=9.157e+01,rel=7.100e-01
INT8,BITSHIFT,U(-1,1),64,7168,7168,64x128x32_w4_v9_ck4,SKIP,v9 path-B not implemented
INT8,LUT,U(-1,1),64,7168,7168,64x64x32_w4_v9_ck4,OK,ms=15.575,tflops=0.42,gbps=3.7,maxabs=1.770e+02,p99=9.157e+01,rel=7.100e-01
INT8,BITSHIFT,U(-1,1),64,7168,7168,64x64x32_w4_v9_ck4,SKIP,v9 path-B not implemented
INT8,LUT,U(-1,1),64,7168,7168,128x128x32_w4_v10,OK,ms=27.222,tflops=0.24,gbps=2.1,maxabs=3.949e-02,p99=1.861e-02,rel=2.596e-04
INT8,BITSHIFT,U(-1,1),64,7168,7168,128x128x32_w4_v10,SKIP,v10 path-B not implemented
INT8,LUT,U(-1,1),64,7168,7168,128x64x32_w4_v10,OK,ms=23.676,tflops=0.28,gbps=2.5,maxabs=3.949e-02,p99=1.861e-02,rel=2.596e-04
INT8,BITSHIFT,U(-1,1),64,7168,7168,128x64x32_w4_v10,SKIP,v10 path-B not implemented
INT8,LUT,U(-1,1),64,7168,7168,64x128x32_w4_v10,OK,ms=20.760,tflops=0.32,gbps=2.8,maxabs=3.949e-02,p99=1.861e-02,rel=2.596e-04
INT8,BITSHIFT,U(-1,1),64,7168,7168,64x128x32_w4_v10,SKIP,v10 path-B not implemented
INT8,LUT,U(-1,1),64,7168,7168,64x64x32_w4_v10,OK,ms=16.428,tflops=0.40,gbps=3.5,maxabs=3.949e-02,p99=1.861e-02,rel=2.596e-04
INT8,BITSHIFT,U(-1,1),64,7168,7168,64x64x32_w4_v10,SKIP,v10 path-B not implemented
INT8,LUT,U(-1,1),64,7168,7168,64x256x32_w8_v10,OK,ms=20.158,tflops=0.33,gbps=2.9,maxabs=3.949e-02,p99=1.861e-02,rel=2.596e-04
========= Program hit cudaErrorInvalidValue (error 1) due to "invalid argument" on CUDA API call to cudaLaunchKernel.
=========     Saved host backtrace up to driver entry point at error
=========     Host Frame: [0x4caea6]
=========                in /lib/x86_64-linux-gnu/libcuda.so.1
=========     Host Frame:cudaLaunchKernel [0x70ae8]
=========                in /usr/local/cuda/targets/x86_64-linux/lib/libcudart.so.12
=========     Host Frame:__device_stub__ZN7tc_grid7kernels8int8_v1015mm_int8_lut_v10ILi128ELi256ELi32ELi8ELi8ELi2EEEvPKaPK6__halfPKfPfiii(signed char const*, __half const*, float const*, float*, int, int, int) [0xb0b5]
=========                in /src/tools/tc-grid/build/tc-grid
=========     Host Frame:tc_grid::launch_int8(tc_grid::LaunchSpec const&, void const*, float const*, float*, float const*) [0x1f47c]
=========                in /src/tools/tc-grid/build/tc-grid
=========     Host Frame:main [0x43e7]
=========                in /src/tools/tc-grid/build/tc-grid
=========     Host Frame: [0x29d90]
=========                in /lib/x86_64-linux-gnu/libc.so.6
=========     Host Frame:__libc_start_main [0x29e40]
=========                in /lib/x86_64-linux-gnu/libc.so.6
=========     Host Frame:_start [0x4975]
=========                in /src/tools/tc-grid/build/tc-grid
========= 
========= Program hit cudaErrorInvalidValue (error 1) due to "invalid argument" on CUDA API call to cudaGetLastError.
=========     Saved host backtrace up to driver entry point at error
=========     Host Frame: [0x4caea6]
=========                in /lib/x86_64-linux-gnu/libcuda.so.1
=========     Host Frame:cudaGetLastError [0x4b341]
=========                in /usr/local/cuda/targets/x86_64-linux/lib/libcudart.so.12
=========     Host Frame:tc_grid::launch_int8(tc_grid::LaunchSpec const&, void const*, float const*, float*, float const*) [0x172b7]
=========                in /src/tools/tc-grid/build/tc-grid
=========     Host Frame:main [0x43e7]
=========                in /src/tools/tc-grid/build/tc-grid
=========     Host Frame: [0x29d90]
=========                in /lib/x86_64-linux-gnu/libc.so.6
=========     Host Frame:__libc_start_main [0x29e40]
=========                in /lib/x86_64-linux-gnu/libc.so.6
=========     Host Frame:_start [0x4975]
=========                in /src/tools/tc-grid/build/tc-grid
========= 
INT8,BITSHIFT,U(-1,1),64,7168,7168,64x256x32_w8_v10,SKIP,v10 path-B not implemented
INT8,LUT,U(-1,1),64,7168,7168,128x256x32_w8_v10,SKIP,invalid argument
INT8,BITSHIFT,U(-1,1),64,7168,7168,128x256x32_w8_v10,SKIP,v10 path-B not implemented
INT8,LUT,U(-1,1),64,7168,7168,128x128x32_w4_v11,OK,ms=26.145,tflops=0.25,gbps=2.2,maxabs=3.949e-02,p99=1.861e-02,rel=2.596e-04
INT8,BITSHIFT,U(-1,1),64,7168,7168,128x128x32_w4_v11,SKIP,v11 path-B not implemented
INT8,LUT,U(-1,1),64,7168,7168,64x128x32_w4_v11,OK,ms=16.082,tflops=0.41,gbps=3.6,maxabs=3.949e-02,p99=1.861e-02,rel=2.596e-04
INT8,BITSHIFT,U(-1,1),64,7168,7168,64x128x32_w4_v11,SKIP,v11 path-B not implemented
INT8,LUT,U(-1,1),64,7168,7168,128x256x32_w8_v11,OK,ms=74.806,tflops=0.09,gbps=0.8,maxabs=3.949e-02,p99=1.861e-02,rel=2.596e-04
INT8,BITSHIFT,U(-1,1),64,7168,7168,128x256x32_w8_v11,SKIP,v11 path-B not implemented
INT8,LUT,U(-1,1),64,7168,7168,64x256x32_w8_v11,OK,ms=15.163,tflops=0.43,gbps=3.8,maxabs=3.949e-02,p99=1.861e-02,rel=2.596e-04
INT8,BITSHIFT,U(-1,1),64,7168,7168,64x256x32_w8_v11,SKIP,v11 path-B not implemented
INT8,LUT,U(-1,1),64,7168,7168,128x128x16_w4_v11,OK,ms=24.872,tflops=0.26,gbps=2.3,maxabs=3.949e-02,p99=1.861e-02,rel=2.596e-04
INT8,BITSHIFT,U(-1,1),64,7168,7168,128x128x16_w4_v11,SKIP,v11 path-B not implemented
INT8,LUT,U(-1,1),64,7168,7168,64x128x16_w4_v11,OK,ms=14.507,tflops=0.45,gbps=4.0,maxabs=3.949e-02,p99=1.861e-02,rel=2.596e-04
INT8,BITSHIFT,U(-1,1),64,7168,7168,64x128x16_w4_v11,SKIP,v11 path-B not implemented
INT8,LUT,U(-1,1),64,7168,7168,128x256x16_w8_v11,OK,ms=57.471,tflops=0.11,gbps=1.0,maxabs=3.949e-02,p99=1.861e-02,rel=2.596e-04
INT8,BITSHIFT,U(-1,1),64,7168,7168,128x256x16_w8_v11,SKIP,v11 path-B not implemented
INT8,LUT,U(-1,1),64,7168,7168,64x256x16_w8_v11,OK,ms=14.085,tflops=0.47,gbps=4.1,maxabs=3.949e-02,p99=1.861e-02,rel=2.596e-04
INT8,BITSHIFT,U(-1,1),64,7168,7168,64x256x16_w8_v11,SKIP,v11 path-B not implemented
INT8,LUT,U(-1,1),64,7168,7168,64x256x16_w4f4_v11,OK,ms=17.693,tflops=0.37,gbps=3.3,maxabs=3.949e-02,p99=1.861e-02,rel=2.596e-04
INT8,BITSHIFT,U(-1,1),64,7168,7168,64x256x16_w4f4_v11,SKIP,v11 path-B not implemented
INT8,LUT,U(-1,1),64,7168,7168,128x256x16_w4f4_v11,OK,ms=72.459,tflops=0.09,gbps=0.8,maxabs=3.949e-02,p99=1.861e-02,rel=2.596e-04
INT8,BITSHIFT,U(-1,1),64,7168,7168,128x256x16_w4f4_v11,SKIP,v11 path-B not implemented
INT8,LUT,U(-1,1),64,7168,7168,32x128x16_w4_v11,OK,ms=10.502,tflops=0.63,gbps=5.5,maxabs=3.949e-02,p99=1.861e-02,rel=2.596e-04
INT8,BITSHIFT,U(-1,1),64,7168,7168,32x128x16_w4_v11,SKIP,v11 path-B not implemented
INT8,LUT,U(-1,1),64,7168,7168,32x256x16_w8_v11,OK,ms=11.011,tflops=0.60,gbps=5.3,maxabs=3.949e-02,p99=1.861e-02,rel=2.596e-04
INT8,BITSHIFT,U(-1,1),64,7168,7168,32x256x16_w8_v11,SKIP,v11 path-B not implemented
INT8,LUT,U(-1,1),64,7168,7168,32x128x32_w4_v11,OK,ms=12.785,tflops=0.51,gbps=4.6,maxabs=3.949e-02,p99=1.861e-02,rel=2.596e-04
INT8,BITSHIFT,U(-1,1),64,7168,7168,32x128x32_w4_v11,SKIP,v11 path-B not implemented
INT8,LUT,U(-1,1),64,7168,7168,192x128x16_w4_v11,OK,ms=34.828,tflops=0.19,gbps=1.7,maxabs=3.949e-02,p99=1.861e-02,rel=2.596e-04
INT8,BITSHIFT,U(-1,1),64,7168,7168,192x128x16_w4_v11,SKIP,v11 path-B not implemented
INT8,LUT,U(-1,1),64,7168,7168,256x128x16_w4_v11,OK,ms=79.153,tflops=0.08,gbps=0.7,maxabs=3.949e-02,p99=1.861e-02,rel=2.596e-04
========= Program hit cudaErrorInvalidValue (error 1) due to "invalid argument" on CUDA API call to cudaLaunchKernel.
=========     Saved host backtrace up to driver entry point at error
=========     Host Frame: [0x4caea6]
=========                in /lib/x86_64-linux-gnu/libcuda.so.1
=========     Host Frame:cudaLaunchKernel [0x70ae8]
=========                in /usr/local/cuda/targets/x86_64-linux/lib/libcudart.so.12
=========     Host Frame:__device_stub__ZN7tc_grid7kernels8int8_v1115mm_int8_lut_v11ILi128ELi128ELi64ELi4ELi16ELi1EEEvPKaPK6__halfPKfPfiii(signed char const*, __half const*, float const*, float*, int, int, int) [0xc875]
=========                in /src/tools/tc-grid/build/tc-grid
=========     Host Frame:tc_grid::launch_int8(tc_grid::LaunchSpec const&, void const*, float const*, float*, float const*) [0x20429]
=========                in /src/tools/tc-grid/build/tc-grid
=========     Host Frame:main [0x43e7]
=========                in /src/tools/tc-grid/build/tc-grid
=========     Host Frame: [0x29d90]
=========                in /lib/x86_64-linux-gnu/libc.so.6
=========     Host Frame:__libc_start_main [0x29e40]
=========                in /lib/x86_64-linux-gnu/libc.so.6
=========     Host Frame:_start [0x4975]
=========                in /src/tools/tc-grid/build/tc-grid
========= 
========= Program hit cudaErrorInvalidValue (error 1) due to "invalid argument" on CUDA API call to cudaGetLastError.
=========     Saved host backtrace up to driver entry point at error
=========     Host Frame: [0x4caea6]
=========                in /lib/x86_64-linux-gnu/libcuda.so.1
=========     Host Frame:cudaGetLastError [0x4b341]
=========                in /usr/local/cuda/targets/x86_64-linux/lib/libcudart.so.12
=========     Host Frame:tc_grid::launch_int8(tc_grid::LaunchSpec const&, void const*, float const*, float*, float const*) [0x172b7]
=========                in /src/tools/tc-grid/build/tc-grid
=========     Host Frame:main [0x43e7]
=========                in /src/tools/tc-grid/build/tc-grid
=========     Host Frame: [0x29d90]
=========                in /lib/x86_64-linux-gnu/libc.so.6
=========     Host Frame:__libc_start_main [0x29e40]
=========                in /lib/x86_64-linux-gnu/libc.so.6
=========     Host Frame:_start [0x4975]
=========                in /src/tools/tc-grid/build/tc-grid
========= 
========= Program hit cudaErrorInvalidValue (error 1) due to "invalid argument" on CUDA API call to cudaLaunchKernel.
=========     Saved host backtrace up to driver entry point at error
=========     Host Frame: [0x4caea6]
=========                in /lib/x86_64-linux-gnu/libcuda.so.1
=========     Host Frame:cudaLaunchKernel [0x70ae8]
=========                in /usr/local/cuda/targets/x86_64-linux/lib/libcudart.so.12
=========     Host Frame:__device_stub__ZN7tc_grid7kernels8int8_v1115mm_int8_lut_v11ILi64ELi128ELi64ELi4ELi8ELi1EEEvPKaPK6__halfPKfPfiii(signed char const*, __half const*, float const*, float*, int, int, int) [0xc9b5]
=========                in /src/tools/tc-grid/build/tc-grid
=========     Host Frame:tc_grid::launch_int8(tc_grid::LaunchSpec const&, void const*, float const*, float*, float const*) [0x2073b]
=========                in /src/tools/tc-grid/build/tc-grid
=========     Host Frame:main [0x43e7]
=========                in /src/tools/tc-grid/build/tc-grid
=========     Host Frame: [0x29d90]
=========                in /lib/x86_64-linux-gnu/libc.so.6
=========     Host Frame:__libc_start_main [0x29e40]
=========                in /lib/x86_64-linux-gnu/libc.so.6
=========     Host Frame:_start [0x4975]
=========                in /src/tools/tc-grid/build/tc-grid
========= 
========= Program hit cudaErrorInvalidValue (error 1) due to "invalid argument" on CUDA API call to cudaGetLastError.
=========     Saved host backtrace up to driver entry point at error
=========     Host Frame: [0x4caea6]
=========                in /lib/x86_64-linux-gnu/libcuda.so.1
=========     Host Frame:cudaGetLastError [0x4b341]
=========                in /usr/local/cuda/targets/x86_64-linux/lib/libcudart.so.12
=========     Host Frame:tc_grid::launch_int8(tc_grid::LaunchSpec const&, void const*, float const*, float*, float const*) [0x172b7]
=========                in /src/tools/tc-grid/build/tc-grid
=========     Host Frame:main [0x43e7]
=========                in /src/tools/tc-grid/build/tc-grid
=========     Host Frame: [0x29d90]
=========                in /lib/x86_64-linux-gnu/libc.so.6
=========     Host Frame:__libc_start_main [0x29e40]
=========                in /lib/x86_64-linux-gnu/libc.so.6
=========     Host Frame:_start [0x4975]
=========                in /src/tools/tc-grid/build/tc-grid
========= 
========= Program hit cudaErrorInvalidValue (error 1) due to "invalid argument" on CUDA API call to cudaLaunchKernel.
=========     Saved host backtrace up to driver entry point at error
=========     Host Frame: [0x4caea6]
=========                in /lib/x86_64-linux-gnu/libcuda.so.1
=========     Host Frame:cudaLaunchKernel [0x70ae8]
=========                in /usr/local/cuda/targets/x86_64-linux/lib/libcudart.so.12
=========     Host Frame:__device_stub__ZN7tc_grid7kernels8int8_v1115mm_int8_lut_v11ILi64ELi256ELi64ELi8ELi8ELi1EEEvPKaPK6__halfPKfPfiii(signed char const*, __half const*, float const*, float*, int, int, int) [0xcaf5]
=========                in /src/tools/tc-grid/build/tc-grid
=========     Host Frame:tc_grid::launch_int8(tc_grid::LaunchSpec const&, void const*, float const*, float*, float const*) [0x1e472]
=========                in /src/tools/tc-grid/build/tc-grid
=========     Host Frame:main [0x43e7]
=========                in /src/tools/tc-grid/build/tc-grid
=========     Host Frame: [0x29d90]
=========                in /lib/x86_64-linux-gnu/libc.so.6
=========     Host Frame:__libc_start_main [0x29e40]
=========                in /lib/x86_64-linux-gnu/libc.so.6
=========     Host Frame:_start [0x4975]
=========                in /src/tools/tc-grid/build/tc-grid
========= 
========= Program hit cudaErrorInvalidValue (error 1) due to "invalid argument" on CUDA API call to cudaGetLastError.
=========     Saved host backtrace up to driver entry point at error
=========     Host Frame: [0x4caea6]
=========                in /lib/x86_64-linux-gnu/libcuda.so.1
=========     Host Frame:cudaGetLastError [0x4b341]
=========                in /usr/local/cuda/targets/x86_64-linux/lib/libcudart.so.12
=========     Host Frame:tc_grid::launch_int8(tc_grid::LaunchSpec const&, void const*, float const*, float*, float const*) [0x172b7]
=========                in /src/tools/tc-grid/build/tc-grid
=========     Host Frame:main [0x43e7]
=========                in /src/tools/tc-grid/build/tc-grid
=========     Host Frame: [0x29d90]
=========                in /lib/x86_64-linux-gnu/libc.so.6
=========     Host Frame:__libc_start_main [0x29e40]
=========                in /lib/x86_64-linux-gnu/libc.so.6
=========     Host Frame:_start [0x4975]
=========                in /src/tools/tc-grid/build/tc-grid
========= 
INT8,BITSHIFT,U(-1,1),64,7168,7168,256x128x16_w4_v11,SKIP,v11 path-B not implemented
INT8,LUT,U(-1,1),64,7168,7168,128x128x64_w4_v11,SKIP,invalid argument
INT8,BITSHIFT,U(-1,1),64,7168,7168,128x128x64_w4_v11,SKIP,v11 path-B not implemented
INT8,LUT,U(-1,1),64,7168,7168,64x128x64_w4_v11,SKIP,invalid argument
INT8,BITSHIFT,U(-1,1),64,7168,7168,64x128x64_w4_v11,SKIP,v11 path-B not implemented
INT8,LUT,U(-1,1),64,7168,7168,64x256x64_w8_v11,SKIP,invalid argument
INT8,BITSHIFT,U(-1,1),64,7168,7168,64x256x64_w8_v11,SKIP,v11 path-B not implemented
INT8,LUT,U(-1,1),64,7168,7168,64x128x16_w2f4_v11,OK,ms=19.925,tflops=0.33,gbps=2.9,maxabs=3.949e-02,p99=1.861e-02,rel=2.596e-04
INT8,BITSHIFT,U(-1,1),64,7168,7168,64x128x16_w2f4_v11,SKIP,v11 path-B not implemented
INT8,LUT,U(-1,1),64,7168,7168,64x128x32_w2f4_v11,OK,ms=21.976,tflops=0.30,gbps=2.7,maxabs=3.949e-02,p99=1.861e-02,rel=2.596e-04
INT8,BITSHIFT,U(-1,1),64,7168,7168,64x128x32_w2f4_v11,SKIP,v11 path-B not implemented
INT8,LUT,U(-1,1),64,7168,7168,32x128x16_w2f4_v11,OK,ms=14.885,tflops=0.44,gbps=3.9,maxabs=3.949e-02,p99=1.861e-02,rel=2.596e-04
INT8,BITSHIFT,U(-1,1),64,7168,7168,32x128x16_w2f4_v11,SKIP,v11 path-B not implemented
INT8,LUT,U(-1,1),64,7168,7168,128x128x16_w4_v12,OK,ms=25.554,tflops=0.26,gbps=2.3,maxabs=2.259e+00,p99=6.036e-01,rel=5.469e-03
INT8,BITSHIFT,U(-1,1),64,7168,7168,128x128x16_w4_v12,SKIP,v12 path-B not implemented
INT8,LUT,U(-1,1),64,7168,7168,64x128x16_w4_v12,OK,ms=15.051,tflops=0.44,gbps=3.9,maxabs=2.259e+00,p99=6.036e-01,rel=5.469e-03
INT8,BITSHIFT,U(-1,1),64,7168,7168,64x128x16_w4_v12,SKIP,v12 path-B not implemented
INT8,LUT,U(-1,1),64,7168,7168,128x256x16_w8_v12,OK,ms=24.136,tflops=0.27,gbps=2.4,maxabs=2.259e+00,p99=6.036e-01,rel=5.469e-03
INT8,BITSHIFT,U(-1,1),64,7168,7168,128x256x16_w8_v12,SKIP,v12 path-B not implemented
INT8,LUT,U(-1,1),64,7168,7168,64x256x16_w8_v12,OK,ms=15.187,tflops=0.43,gbps=3.8,maxabs=2.259e+00,p99=6.036e-01,rel=5.469e-03
INT8,BITSHIFT,U(-1,1),64,7168,7168,64x256x16_w8_v12,SKIP,v12 path-B not implemented
INT8,LUT,U(-1,1),64,7168,7168,128x128x32_w4_v12,OK,ms=26.188,tflops=0.25,gbps=2.2,maxabs=2.259e+00,p99=6.036e-01,rel=5.469e-03
INT8,BITSHIFT,U(-1,1),64,7168,7168,128x128x32_w4_v12,SKIP,v12 path-B not implemented
INT8,LUT,U(-1,1),64,7168,7168,64x128x32_w4_v12,OK,ms=16.126,tflops=0.41,gbps=3.6,maxabs=2.259e+00,p99=6.036e-01,rel=5.469e-03
========= Program hit cudaErrorInvalidValue (error 1) due to "invalid argument" on CUDA API call to cudaLaunchKernel.
=========     Saved host backtrace up to driver entry point at error
=========     Host Frame: [0x4caea6]
=========                in /lib/x86_64-linux-gnu/libcuda.so.1
=========     Host Frame:cudaLaunchKernel [0x70ae8]
=========                in /usr/local/cuda/targets/x86_64-linux/lib/libcudart.so.12
=========     Host Frame:__device_stub__ZN7tc_grid7kernels8int8_v1215mm_int8_lut_v12ILi192ELi128ELi16ELi4ELi24ELi1EEEvPKaPK6__halfPKfPfiii(signed char const*, __half const*, float const*, float*, int, int, int) [0xd775]
=========                in /src/tools/tc-grid/build/tc-grid
=========     Host Frame:tc_grid::launch_int8(tc_grid::LaunchSpec const&, void const*, float const*, float*, float const*) [0x1df13]
=========                in /src/tools/tc-grid/build/tc-grid
=========     Host Frame:main [0x43e7]
=========                in /src/tools/tc-grid/build/tc-grid
=========     Host Frame: [0x29d90]
=========                in /lib/x86_64-linux-gnu/libc.so.6
=========     Host Frame:__libc_start_main [0x29e40]
=========                in /lib/x86_64-linux-gnu/libc.so.6
=========     Host Frame:_start [0x4975]
=========                in /src/tools/tc-grid/build/tc-grid
========= 
========= Program hit cudaErrorInvalidValue (error 1) due to "invalid argument" on CUDA API call to cudaGetLastError.
=========     Saved host backtrace up to driver entry point at error
=========     Host Frame: [0x4caea6]
=========                in /lib/x86_64-linux-gnu/libcuda.so.1
=========     Host Frame:cudaGetLastError [0x4b341]
=========                in /usr/local/cuda/targets/x86_64-linux/lib/libcudart.so.12
=========     Host Frame:tc_grid::launch_int8(tc_grid::LaunchSpec const&, void const*, float const*, float*, float const*) [0x172b7]
=========                in /src/tools/tc-grid/build/tc-grid
=========     Host Frame:main [0x43e7]
=========                in /src/tools/tc-grid/build/tc-grid
=========     Host Frame: [0x29d90]
=========                in /lib/x86_64-linux-gnu/libc.so.6
=========     Host Frame:__libc_start_main [0x29e40]
=========                in /lib/x86_64-linux-gnu/libc.so.6
=========     Host Frame:_start [0x4975]
=========                in /src/tools/tc-grid/build/tc-grid
========= 
========= Program hit cudaErrorInvalidValue (error 1) due to "invalid argument" on CUDA API call to cudaLaunchKernel.
=========     Saved host backtrace up to driver entry point at error
=========     Host Frame: [0x4caea6]
=========                in /lib/x86_64-linux-gnu/libcuda.so.1
=========     Host Frame:cudaLaunchKernel [0x70ae8]
=========                in /usr/local/cuda/targets/x86_64-linux/lib/libcudart.so.12
=========     Host Frame:__device_stub__ZN7tc_grid7kernels8int8_v1215mm_int8_lut_v12ILi256ELi128ELi16ELi4ELi32ELi1EEEvPKaPK6__halfPKfPfiii(signed char const*, __half const*, float const*, float*, int, int, int) [0xd8b5]
=========                in /src/tools/tc-grid/build/tc-grid
=========     Host Frame:tc_grid::launch_int8(tc_grid::LaunchSpec const&, void const*, float const*, float*, float const*) [0x2125c]
=========                in /src/tools/tc-grid/build/tc-grid
=========     Host Frame:main [0x43e7]
=========                in /src/tools/tc-grid/build/tc-grid
=========     Host Frame: [0x29d90]
=========                in /lib/x86_64-linux-gnu/libc.so.6
=========     Host Frame:__libc_start_main [0x29e40]
=========                in /lib/x86_64-linux-gnu/libc.so.6
=========     Host Frame:_start [0x4975]
=========                in /src/tools/tc-grid/build/tc-grid
========= 
========= Program hit cudaErrorInvalidValue (error 1) due to "invalid argument" on CUDA API call to cudaGetLastError.
=========     Saved host backtrace up to driver entry point at error
=========     Host Frame: [0x4caea6]
=========                in /lib/x86_64-linux-gnu/libcuda.so.1
=========     Host Frame:cudaGetLastError [0x4b341]
=========                in /usr/local/cuda/targets/x86_64-linux/lib/libcudart.so.12
=========     Host Frame:tc_grid::launch_int8(tc_grid::LaunchSpec const&, void const*, float const*, float*, float const*) [0x172b7]
=========                in /src/tools/tc-grid/build/tc-grid
=========     Host Frame:main [0x43e7]
=========                in /src/tools/tc-grid/build/tc-grid
=========     Host Frame: [0x29d90]
=========                in /lib/x86_64-linux-gnu/libc.so.6
=========     Host Frame:__libc_start_main [0x29e40]
=========                in /lib/x86_64-linux-gnu/libc.so.6
=========     Host Frame:_start [0x4975]
=========                in /src/tools/tc-grid/build/tc-grid
========= 
INT8,BITSHIFT,U(-1,1),64,7168,7168,64x128x32_w4_v12,SKIP,v12 path-B not implemented
INT8,LUT,U(-1,1),64,7168,7168,192x128x16_w4_v12,SKIP,invalid argument
INT8,BITSHIFT,U(-1,1),64,7168,7168,192x128x16_w4_v12,SKIP,v12 path-B not implemented
INT8,LUT,U(-1,1),64,7168,7168,256x128x16_w4_v12,SKIP,invalid argument
INT8,BITSHIFT,U(-1,1),64,7168,7168,256x128x16_w4_v12,SKIP,v12 path-B not implemented
INT8,LUT,U(-1,1),64,7168,7168,32x128x16_w4_v12,OK,ms=12.374,tflops=0.53,gbps=4.7,maxabs=2.259e+00,p99=6.036e-01,rel=5.469e-03
INT8,BITSHIFT,U(-1,1),64,7168,7168,32x128x16_w4_v12,SKIP,v12 path-B not implemented
INT8,LUT,U(-1,1),64,7168,7168,32x256x16_w8_v12,OK,ms=11.017,tflops=0.60,gbps=5.3,maxabs=2.259e+00,p99=6.036e-01,rel=5.469e-03
INT8,BITSHIFT,U(-1,1),64,7168,7168,32x256x16_w8_v12,SKIP,v12 path-B not implemented
INT8,LUT,U(-1,1),64,7168,7168,64x128x16_w2f4_v12,OK,ms=20.654,tflops=0.32,gbps=2.8,maxabs=2.259e+00,p99=6.036e-01,rel=5.469e-03
INT8,BITSHIFT,U(-1,1),64,7168,7168,64x128x16_w2f4_v12,SKIP,v12 path-B not implemented
INT8,LUT,U(-1,1),64,7168,7168,64x256x16_w4f4_v12,OK,ms=18.861,tflops=0.35,gbps=3.1,maxabs=2.259e+00,p99=6.036e-01,rel=5.469e-03
INT8,BITSHIFT,U(-1,1),64,7168,7168,64x256x16_w4f4_v12,SKIP,v12 path-B not implemented
INT8,LUT,U(-1,1),64,7168,7168,128x128x16_w4_v12_ms3,OK,ms=26.948,tflops=0.24,gbps=2.2,maxabs=2.259e+00,p99=6.036e-01,rel=5.469e-03
INT8,BITSHIFT,U(-1,1),64,7168,7168,128x128x16_w4_v12_ms3,SKIP,v12_ms3 path-B not implemented
INT8,LUT,U(-1,1),64,7168,7168,64x128x16_w4_v12_ms3,OK,ms=17.739,tflops=0.37,gbps=3.3,maxabs=2.259e+00,p99=6.036e-01,rel=5.469e-03
INT8,BITSHIFT,U(-1,1),64,7168,7168,64x128x16_w4_v12_ms3,SKIP,v12_ms3 path-B not implemented
INT8,LUT,U(-1,1),64,7168,7168,128x256x16_w8_v12_ms3,OK,ms=25.210,tflops=0.26,gbps=2.3,maxabs=2.259e+00,p99=6.036e-01,rel=5.469e-03
INT8,BITSHIFT,U(-1,1),64,7168,7168,128x256x16_w8_v12_ms3,SKIP,v12_ms3 path-B not implemented
INT8,LUT,U(-1,1),64,7168,7168,64x256x16_w8_v12_ms3,OK,ms=17.163,tflops=0.38,gbps=3.4,maxabs=2.259e+00,p99=6.036e-01,rel=5.469e-03
INT8,BITSHIFT,U(-1,1),64,7168,7168,64x256x16_w8_v12_ms3,SKIP,v12_ms3 path-B not implemented
INT8,LUT,U(-1,1),64,7168,7168,128x128x32_w4_v12_ms3,OK,ms=26.913,tflops=0.24,gbps=2.2,maxabs=2.259e+00,p99=6.036e-01,rel=5.469e-03
INT8,BITSHIFT,U(-1,1),64,7168,7168,128x128x32_w4_v12_ms3,SKIP,v12_ms3 path-B not implemented
INT8,LUT,U(-1,1),64,7168,7168,64x128x32_w4_v12_ms3,OK,ms=17.658,tflops=0.37,gbps=3.3,maxabs=2.259e+00,p99=6.036e-01,rel=5.469e-03
INT8,BITSHIFT,U(-1,1),64,7168,7168,64x128x32_w4_v12_ms3,SKIP,v12_ms3 path-B not implemented
INT8,LUT,U(-1,1),64,7168,7168,64x256x16_w4f4_v12_ms3,OK,ms=24.336,tflops=0.27,gbps=2.4,maxabs=2.259e+00,p99=6.036e-01,rel=5.469e-03
INT8,BITSHIFT,U(-1,1),64,7168,7168,64x256x16_w4f4_v12_ms3,SKIP,v12_ms3 path-B not implemented
INT8,LUT,U(-1,1),64,7168,7168,64x128x16_w2f4_v12_ms3,OK,ms=25.572,tflops=0.26,gbps=2.3,maxabs=2.259e+00,p99=6.036e-01,rel=5.469e-03
INT8,BITSHIFT,U(-1,1),64,7168,7168,64x128x16_w2f4_v12_ms3,SKIP,v12_ms3 path-B not implemented
INT8,LUT,U(-1,1),64,7168,7168,192x128x16_w4_v12_ms3,OK,ms=35.625,tflops=0.18,gbps=1.6,maxabs=2.259e+00,p99=6.036e-01,rel=5.469e-03
INT8,BITSHIFT,U(-1,1),64,7168,7168,192x128x16_w4_v12_ms3,SKIP,v12_ms3 path-B not implemented
INT8,LUT,U(-1,1),64,7168,7168,256x128x16_w4_v12_ms3,OK,ms=45.393,tflops=0.14,gbps=1.3,maxabs=2.259e+00,p99=6.036e-01,rel=5.469e-03
INT8,BITSHIFT,U(-1,1),64,7168,7168,256x128x16_w4_v12_ms3,SKIP,v12_ms3 path-B not implemented
INT8,LUT,U(-1,1),64,7168,7168,64x128x16_w4_v12s_ks1,OK,ms=17.699,tflops=0.37,gbps=3.3,maxabs=2.259e+00,p99=6.036e-01,rel=5.469e-03
INT8,BITSHIFT,U(-1,1),64,7168,7168,64x128x16_w4_v12s_ks1,SKIP,v12s path-B not implemented
INT8,LUT,U(-1,1),64,7168,7168,64x128x16_w4_v12s_ks2,OK,ms=11.383,tflops=0.58,gbps=5.1,maxabs=1.102e+00,p99=3.871e-01,rel=4.090e-03
INT8,BITSHIFT,U(-1,1),64,7168,7168,64x128x16_w4_v12s_ks2,SKIP,v12s path-B not implemented
INT8,LUT,U(-1,1),64,7168,7168,64x128x16_w4_v12s_ks4,OK,ms=10.135,tflops=0.65,gbps=5.7,maxabs=6.070e-01,p99=2.517e-01,rel=2.998e-03
INT8,BITSHIFT,U(-1,1),64,7168,7168,64x128x16_w4_v12s_ks4,SKIP,v12s path-B not implemented
INT8,LUT,U(-1,1),64,7168,7168,64x128x16_w4_v12s_ks8,OK,ms=15.507,tflops=0.42,gbps=3.8,maxabs=3.511e-01,p99=1.731e-01,rel=2.176e-03
INT8,BITSHIFT,U(-1,1),64,7168,7168,64x128x16_w4_v12s_ks8,SKIP,v12s path-B not implemented
INT8,LUT,U(-1,1),64,7168,7168,64x128x16_w4_v12s_ks16,OK,ms=16.915,tflops=0.39,gbps=3.4,maxabs=2.650e-01,p99=1.189e-01,rel=1.566e-03
INT8,BITSHIFT,U(-1,1),64,7168,7168,64x128x16_w4_v12s_ks16,SKIP,v12s path-B not implemented
INT8,LUT,U(-1,1),64,7168,7168,64x128x32_w4_v12s_ks2,OK,ms=11.334,tflops=0.58,gbps=5.1,maxabs=1.102e+00,p99=3.871e-01,rel=4.090e-03
INT8,BITSHIFT,U(-1,1),64,7168,7168,64x128x32_w4_v12s_ks2,SKIP,v12s path-B not implemented
INT8,LUT,U(-1,1),64,7168,7168,64x128x32_w4_v12s_ks4,OK,ms=9.989,tflops=0.66,gbps=5.8,maxabs=6.070e-01,p99=2.517e-01,rel=2.998e-03
INT8,BITSHIFT,U(-1,1),64,7168,7168,64x128x32_w4_v12s_ks4,SKIP,v12s path-B not implemented
INT8,LUT,U(-1,1),64,7168,7168,64x128x32_w4_v12s_ks8,OK,ms=10.799,tflops=0.61,gbps=5.4,maxabs=3.511e-01,p99=1.731e-01,rel=2.176e-03
INT8,BITSHIFT,U(-1,1),64,7168,7168,64x128x32_w4_v12s_ks8,SKIP,v12s path-B not implemented
INT8,LUT,U(-1,1),64,7168,7168,64x128x16_w4_v12s_ks3,OK,ms=10.377,tflops=0.63,gbps=5.6,maxabs=8.631e-01,p99=2.919e-01,rel=3.415e-03
INT8,BITSHIFT,U(-1,1),64,7168,7168,64x128x16_w4_v12s_ks3,SKIP,v12s path-B not implemented
INT8,LUT,U(-1,1),64,7168,7168,64x128x16_w4_v12s_ks5,OK,ms=13.979,tflops=0.47,gbps=4.2,maxabs=5.588e-01,p99=2.207e-01,rel=2.705e-03
INT8,BITSHIFT,U(-1,1),64,7168,7168,64x128x16_w4_v12s_ks5,SKIP,v12s path-B not implemented
INT8,LUT,U(-1,1),64,7168,7168,128x128x16_w4_v12s_ks2,OK,ms=16.981,tflops=0.39,gbps=3.4,maxabs=1.102e+00,p99=3.871e-01,rel=4.090e-03
INT8,BITSHIFT,U(-1,1),64,7168,7168,128x128x16_w4_v12s_ks2,SKIP,v12s path-B not implemented
INT8,LUT,U(-1,1),64,7168,7168,128x128x16_w4_v12s_ks4,OK,ms=17.914,tflops=0.37,gbps=3.3,maxabs=6.070e-01,p99=2.517e-01,rel=2.998e-03
INT8,BITSHIFT,U(-1,1),64,7168,7168,128x128x16_w4_v12s_ks4,SKIP,v12s path-B not implemented
INT8,LUT,U(-1,1),64,7168,7168,128x128x32_w4_v10s_ks1,OK,ms=27.232,tflops=0.24,gbps=2.1,maxabs=3.949e-02,p99=1.861e-02,rel=2.596e-04
INT8,BITSHIFT,U(-1,1),64,7168,7168,128x128x32_w4_v10s_ks1,SKIP,v10s path-B not implemented
INT8,LUT,U(-1,1),64,7168,7168,128x128x32_w4_v10s_ks2,OK,ms=16.038,tflops=0.41,gbps=3.6,maxabs=3.950e-02,p99=1.862e-02,rel=2.596e-04
INT8,BITSHIFT,U(-1,1),64,7168,7168,128x128x32_w4_v10s_ks2,SKIP,v10s path-B not implemented
INT8,LUT,U(-1,1),64,7168,7168,128x128x32_w4_v10s_ks4,OK,ms=17.362,tflops=0.38,gbps=3.4,maxabs=3.953e-02,p99=1.863e-02,rel=2.596e-04
INT8,BITSHIFT,U(-1,1),64,7168,7168,128x128x32_w4_v10s_ks4,SKIP,v10s path-B not implemented
INT8,LUT,U(-1,1),64,7168,7168,128x128x32_w4_v10s_ks8,OK,ms=13.908,tflops=0.47,gbps=4.2,maxabs=3.949e-02,p99=1.866e-02,rel=2.596e-04
INT8,BITSHIFT,U(-1,1),64,7168,7168,128x128x32_w4_v10s_ks8,SKIP,v10s path-B not implemented
INT8,LUT,U(-1,1),64,7168,7168,64x128x32_w4_v10s_ks2,OK,ms=12.425,tflops=0.53,gbps=4.7,maxabs=3.950e-02,p99=1.862e-02,rel=2.596e-04
INT8,BITSHIFT,U(-1,1),64,7168,7168,64x128x32_w4_v10s_ks2,SKIP,v10s path-B not implemented
INT8,LUT,U(-1,1),64,7168,7168,64x128x32_w4_v10s_ks4,OK,ms=12.669,tflops=0.52,gbps=4.6,maxabs=3.953e-02,p99=1.863e-02,rel=2.596e-04
INT8,BITSHIFT,U(-1,1),64,7168,7168,64x128x32_w4_v10s_ks4,SKIP,v10s path-B not implemented
INT8,LUT,U(-1,1),64,7168,7168,64x128x32_w4_v10s_ks8,OK,ms=13.679,tflops=0.48,gbps=4.3,maxabs=3.949e-02,p99=1.866e-02,rel=2.596e-04
INT8,BITSHIFT,U(-1,1),64,7168,7168,64x128x32_w4_v10s_ks8,SKIP,v10s path-B not implemented
INT8,LUT,U(-1,1),64,7168,7168,64x64x32_w4_v10s_ks2,OK,ms=16.537,tflops=0.40,gbps=3.5,maxabs=3.950e-02,p99=1.862e-02,rel=2.596e-04
INT8,BITSHIFT,U(-1,1),64,7168,7168,64x64x32_w4_v10s_ks2,SKIP,v10s path-B not implemented
INT8,LUT,U(-1,1),64,7168,7168,64x64x32_w4_v10s_ks4,OK,ms=38.264,tflops=0.17,gbps=1.5,maxabs=3.953e-02,p99=1.863e-02,rel=2.596e-04
INT8,BITSHIFT,U(-1,1),64,7168,7168,64x64x32_w4_v10s_ks4,SKIP,v10s path-B not implemented
INT8,LUT,U(-1,1),64,7168,7168,64x64x32_w4_v10s_ks8,OK,ms=38.525,tflops=0.17,gbps=1.5,maxabs=3.949e-02,p99=1.866e-02,rel=2.596e-04
INT8,BITSHIFT,U(-1,1),64,7168,7168,64x64x32_w4_v10s_ks8,SKIP,v10s path-B not implemented
INT8,LUT,U(-1,1),64,7168,7168,64x256x32_w8_v10s_ks2,OK,ms=11.806,tflops=0.56,gbps=4.9,maxabs=3.950e-02,p99=1.862e-02,rel=2.596e-04
INT8,BITSHIFT,U(-1,1),64,7168,7168,64x256x32_w8_v10s_ks2,SKIP,v10s path-B not implemented
INT8,LUT,U(-1,1),64,7168,7168,64x256x32_w8_v10s_ks4,OK,ms=13.279,tflops=0.50,gbps=4.4,maxabs=3.953e-02,p99=1.863e-02,rel=2.596e-04
INT8,BITSHIFT,U(-1,1),64,7168,7168,64x256x32_w8_v10s_ks4,SKIP,v10s path-B not implemented
INT8,LUT,U(-1,1),64,7168,7168,128x128x32_w4_v3s_ks1,SKIP,no template instantiation for this tile
INT8,BITSHIFT,U(-1,1),64,7168,7168,128x128x32_w4_v3s_ks1,SKIP,no template instantiation for this tile
INT8,LUT,U(-1,1),64,7168,7168,128x128x32_w4_v3s_ks2,SKIP,no template instantiation for this tile
INT8,BITSHIFT,U(-1,1),64,7168,7168,128x128x32_w4_v3s_ks2,SKIP,no template instantiation for this tile
INT8,LUT,U(-1,1),64,7168,7168,128x128x32_w4_v3s_ks4,SKIP,no template instantiation for this tile
INT8,BITSHIFT,U(-1,1),64,7168,7168,128x128x32_w4_v3s_ks4,SKIP,no template instantiation for this tile
INT8,LUT,U(-1,1),64,7168,7168,128x128x32_w4_v3s_ks8,SKIP,no template instantiation for this tile
INT8,BITSHIFT,U(-1,1),64,7168,7168,128x128x32_w4_v3s_ks8,SKIP,no template instantiation for this tile
INT8,LUT,U(-1,1),64,7168,7168,128x64x32_w4_v3s_ks2,SKIP,no template instantiation for this tile
INT8,BITSHIFT,U(-1,1),64,7168,7168,128x64x32_w4_v3s_ks2,SKIP,no template instantiation for this tile
INT8,LUT,U(-1,1),64,7168,7168,128x64x32_w4_v3s_ks4,SKIP,no template instantiation for this tile
INT8,BITSHIFT,U(-1,1),64,7168,7168,128x64x32_w4_v3s_ks4,SKIP,no template instantiation for this tile
INT8,LUT,U(-1,1),64,7168,7168,64x128x32_w4_v3s_ks2,SKIP,no template instantiation for this tile
INT8,BITSHIFT,U(-1,1),64,7168,7168,64x128x32_w4_v3s_ks2,SKIP,no template instantiation for this tile
INT8,LUT,U(-1,1),64,7168,7168,64x128x32_w4_v3s_ks4,SKIP,no template instantiation for this tile
INT8,BITSHIFT,U(-1,1),64,7168,7168,64x128x32_w4_v3s_ks4,SKIP,no template instantiation for this tile
INT8,LUT,U(-1,1),64,7168,7168,64x128x32_w4_v3s_ks8,SKIP,no template instantiation for this tile
INT8,BITSHIFT,U(-1,1),64,7168,7168,64x128x32_w4_v3s_ks8,SKIP,no template instantiation for this tile
INT8,LUT,U(-1,1),64,7168,7168,64x64x32_w4_v3s_ks2,SKIP,no template instantiation for this tile
INT8,BITSHIFT,U(-1,1),64,7168,7168,64x64x32_w4_v3s_ks2,SKIP,no template instantiation for this tile
INT8,LUT,U(-1,1),64,7168,7168,64x64x32_w4_v3s_ks4,SKIP,no template instantiation for this tile
INT8,BITSHIFT,U(-1,1),64,7168,7168,64x64x32_w4_v3s_ks4,SKIP,no template instantiation for this tile
INT8,LUT,U(-1,1),64,7168,7168,64x64x32_w4_v3s_ks8,SKIP,no template instantiation for this tile
INT8,BITSHIFT,U(-1,1),64,7168,7168,64x64x32_w4_v3s_ks8,SKIP,no template instantiation for this tile
INT8,LUT,U(-1,1),64,7168,7168,128x128x32_cutlass_p1,OK,ms=14.476,tflops=0.45,gbps=4.0,maxabs=3.949e-02,p99=1.861e-02,rel=2.596e-04
INT8,BITSHIFT,U(-1,1),64,7168,7168,128x128x32_cutlass_p1,OK,ms=14.471,tflops=0.45,gbps=4.0,maxabs=3.949e-02,p99=1.861e-02,rel=2.596e-04
INT8,LUT,U(-1,1),64,7168,7168,64x128x32_cutlass_p1,OK,ms=11.427,tflops=0.58,gbps=5.1,maxabs=3.949e-02,p99=1.861e-02,rel=2.596e-04
INT8,BITSHIFT,U(-1,1),64,7168,7168,64x128x32_cutlass_p1,OK,ms=11.429,tflops=0.58,gbps=5.1,maxabs=3.949e-02,p99=1.861e-02,rel=2.596e-04
INT8,LUT,U(-1,1),64,7168,7168,128x64x32_cutlass_p1,OK,ms=13.094,tflops=0.50,gbps=4.4,maxabs=3.949e-02,p99=1.861e-02,rel=2.596e-04
INT8,BITSHIFT,U(-1,1),64,7168,7168,128x64x32_cutlass_p1,OK,ms=13.092,tflops=0.50,gbps=4.5,maxabs=3.949e-02,p99=1.861e-02,rel=2.596e-04
INT4,LUT,U(-1,1),64,7168,7168,16x64x32_w4,OK,ms=303.509,tflops=0.02,gbps=0.1,maxabs=3.466e-02,p99=1.871e-02,rel=2.561e-04
INT4,BITSHIFT,U(-1,1),64,7168,7168,16x64x32_w4,OK,ms=434.979,tflops=0.02,gbps=0.1,maxabs=2.489e-02,p99=1.371e-02,rel=1.865e-04
INT4,LUT,U(-1,1),64,7168,7168,16x128x32_w8,OK,ms=286.515,tflops=0.02,gbps=0.1,maxabs=3.466e-02,p99=1.871e-02,rel=2.561e-04
INT4,BITSHIFT,U(-1,1),64,7168,7168,16x128x32_w8,OK,ms=410.157,tflops=0.02,gbps=0.1,maxabs=2.489e-02,p99=1.371e-02,rel=1.865e-04
INT4,LUT,U(-1,1),64,7168,7168,16x128x32_w4f2,SKIP,BN/WARPS != 16
INT4,BITSHIFT,U(-1,1),64,7168,7168,16x128x32_w4f2,SKIP,BN/WARPS != 16
INT4,LUT,U(-1,1),64,7168,7168,16x256x32_w4f4,SKIP,BN/WARPS != 16
INT4,BITSHIFT,U(-1,1),64,7168,7168,16x256x32_w4f4,SKIP,BN/WARPS != 16
INT4,LUT,U(-1,1),64,7168,7168,128x64x32_w4_v1,SKIP,no template instantiation for this tile
INT4,BITSHIFT,U(-1,1),64,7168,7168,128x64x32_w4_v1,SKIP,opt only LUT path
INT4,LUT,U(-1,1),64,7168,7168,128x128x32_w4_v1,SKIP,BN/WARPS != 16
INT4,BITSHIFT,U(-1,1),64,7168,7168,128x128x32_w4_v1,SKIP,BN/WARPS != 16
INT4,LUT,U(-1,1),64,7168,7168,128x256x32_w4_v1,SKIP,BN/WARPS != 16
INT4,BITSHIFT,U(-1,1),64,7168,7168,128x256x32_w4_v1,SKIP,BN/WARPS != 16
INT4,LUT,U(-1,1),64,7168,7168,128x256x32_w8_v1,SKIP,BN/WARPS != 16
INT4,BITSHIFT,U(-1,1),64,7168,7168,128x256x32_w8_v1,SKIP,BN/WARPS != 16
INT4,LUT,U(-1,1),64,7168,7168,64x64x32_w4_v1,SKIP,no template instantiation for this tile
INT4,BITSHIFT,U(-1,1),64,7168,7168,64x64x32_w4_v1,SKIP,opt only LUT path
INT4,LUT,U(-1,1),64,7168,7168,64x128x32_w4_v1,SKIP,BN/WARPS != 16
INT4,BITSHIFT,U(-1,1),64,7168,7168,64x128x32_w4_v1,SKIP,BN/WARPS != 16
INT4,LUT,U(-1,1),64,7168,7168,128x64x32_w4_v2,OK,ms=27.931,tflops=0.24,gbps=1.2,maxabs=3.466e-02,p99=1.871e-02,rel=2.561e-04
INT4,BITSHIFT,U(-1,1),64,7168,7168,128x64x32_w4_v2,SKIP,opt only LUT path
INT4,LUT,U(-1,1),64,7168,7168,128x128x32_w4_v2,SKIP,BN/WARPS != 16
INT4,BITSHIFT,U(-1,1),64,7168,7168,128x128x32_w4_v2,SKIP,BN/WARPS != 16
INT4,LUT,U(-1,1),64,7168,7168,128x256x32_w4_v2,SKIP,BN/WARPS != 16
INT4,BITSHIFT,U(-1,1),64,7168,7168,128x256x32_w4_v2,SKIP,BN/WARPS != 16
INT4,LUT,U(-1,1),64,7168,7168,128x256x32_w8_v2,SKIP,BN/WARPS != 16
INT4,BITSHIFT,U(-1,1),64,7168,7168,128x256x32_w8_v2,SKIP,BN/WARPS != 16
INT4,LUT,U(-1,1),64,7168,7168,64x64x32_w4_v2,OK,ms=17.006,tflops=0.39,gbps=1.9,maxabs=3.466e-02,p99=1.871e-02,rel=2.561e-04
INT4,BITSHIFT,U(-1,1),64,7168,7168,64x64x32_w4_v2,SKIP,opt only LUT path
INT4,LUT,U(-1,1),64,7168,7168,64x128x32_w4_v2,SKIP,BN/WARPS != 16
INT4,BITSHIFT,U(-1,1),64,7168,7168,64x128x32_w4_v2,SKIP,BN/WARPS != 16
INT4,LUT,U(-1,1),64,7168,7168,128x64x32_w4_v3,OK,ms=29.801,tflops=0.22,gbps=1.1,maxabs=3.466e-02,p99=1.871e-02,rel=2.561e-04
INT4,BITSHIFT,U(-1,1),64,7168,7168,128x64x32_w4_v3,SKIP,opt only LUT path
INT4,LUT,U(-1,1),64,7168,7168,128x128x32_w4_v3,SKIP,BN/WARPS != 16
INT4,BITSHIFT,U(-1,1),64,7168,7168,128x128x32_w4_v3,SKIP,BN/WARPS != 16
INT4,LUT,U(-1,1),64,7168,7168,128x256x32_w8_v3,SKIP,BN/WARPS != 16
INT4,BITSHIFT,U(-1,1),64,7168,7168,128x256x32_w8_v3,SKIP,BN/WARPS != 16
INT4,LUT,U(-1,1),64,7168,7168,64x64x32_w4_v3,OK,ms=22.282,tflops=0.30,gbps=1.5,maxabs=3.466e-02,p99=1.871e-02,rel=2.561e-04
INT4,BITSHIFT,U(-1,1),64,7168,7168,64x64x32_w4_v3,SKIP,opt only LUT path
INT4,LUT,U(-1,1),64,7168,7168,64x128x32_w4_v3,SKIP,BN/WARPS != 16
INT4,BITSHIFT,U(-1,1),64,7168,7168,64x128x32_w4_v3,SKIP,BN/WARPS != 16
INT4,LUT,U(-1,1),64,7168,7168,32x128x32_w4_v3_b1,SKIP,BN/WARPS != 16
INT4,BITSHIFT,U(-1,1),64,7168,7168,32x128x32_w4_v3_b1,SKIP,BN/WARPS != 16
INT4,LUT,U(-1,1),64,7168,7168,32x64x32_w4_v3_b1,OK,ms=43.881,tflops=0.15,gbps=0.7,maxabs=3.466e-02,p99=1.871e-02,rel=2.561e-04
INT4,BITSHIFT,U(-1,1),64,7168,7168,32x64x32_w4_v3_b1,SKIP,opt only LUT path
INT4,LUT,U(-1,1),64,7168,7168,32x256x32_w8_v3_b1,SKIP,BN/WARPS != 16
INT4,BITSHIFT,U(-1,1),64,7168,7168,32x256x32_w8_v3_b1,SKIP,BN/WARPS != 16
INT4,LUT,U(-1,1),64,7168,7168,128x128x32_w8_v3_b1alt,SKIP,no template instantiation for this tile
INT4,BITSHIFT,U(-1,1),64,7168,7168,128x128x32_w8_v3_b1alt,SKIP,opt only LUT path
INT4,LUT,U(-1,1),64,7168,7168,64x128x32_w8_v3_b1alt,SKIP,no template instantiation for this tile
INT4,BITSHIFT,U(-1,1),64,7168,7168,64x128x32_w8_v3_b1alt,SKIP,opt only LUT path
INT4,LUT,U(-1,1),64,7168,7168,128x64x32_w4_v4,OK,ms=29.731,tflops=0.22,gbps=1.1,maxabs=3.466e-02,p99=1.871e-02,rel=2.561e-04
INT4,BITSHIFT,U(-1,1),64,7168,7168,128x64x32_w4_v4,SKIP,opt only LUT path
INT4,LUT,U(-1,1),64,7168,7168,128x128x32_w4_v4,SKIP,BN/WARPS != 16
INT4,BITSHIFT,U(-1,1),64,7168,7168,128x128x32_w4_v4,SKIP,BN/WARPS != 16
INT4,LUT,U(-1,1),64,7168,7168,64x64x32_w4_v4,OK,ms=22.568,tflops=0.29,gbps=1.4,maxabs=3.466e-02,p99=1.871e-02,rel=2.561e-04
INT4,BITSHIFT,U(-1,1),64,7168,7168,64x64x32_w4_v4,SKIP,opt only LUT path
INT4,LUT,U(-1,1),64,7168,7168,64x128x32_w4_v4,SKIP,BN/WARPS != 16
INT4,BITSHIFT,U(-1,1),64,7168,7168,64x128x32_w4_v4,SKIP,BN/WARPS != 16
INT4,LUT,U(-1,1),64,7168,7168,128x64x32_w4_v5,OK,ms=29.937,tflops=0.22,gbps=1.1,maxabs=3.466e-02,p99=1.871e-02,rel=2.561e-04
INT4,BITSHIFT,U(-1,1),64,7168,7168,128x64x32_w4_v5,SKIP,opt only LUT path
INT4,LUT,U(-1,1),64,7168,7168,128x128x32_w4_v5,SKIP,BN/WARPS != 16
INT4,BITSHIFT,U(-1,1),64,7168,7168,128x128x32_w4_v5,SKIP,BN/WARPS != 16
INT4,LUT,U(-1,1),64,7168,7168,64x64x32_w4_v5,OK,ms=22.398,tflops=0.29,gbps=1.5,maxabs=3.466e-02,p99=1.871e-02,rel=2.561e-04
INT4,BITSHIFT,U(-1,1),64,7168,7168,64x64x32_w4_v5,SKIP,opt only LUT path
INT4,LUT,U(-1,1),64,7168,7168,64x128x32_w4_v5,SKIP,BN/WARPS != 16
INT4,BITSHIFT,U(-1,1),64,7168,7168,64x128x32_w4_v5,SKIP,BN/WARPS != 16
INT4,LUT,U(-1,1),64,7168,7168,128x128x64_w4_v6,SKIP,BN/WARPS != 16
INT4,BITSHIFT,U(-1,1),64,7168,7168,128x128x64_w4_v6,SKIP,BN/WARPS != 16
INT4,LUT,U(-1,1),64,7168,7168,128x64x64_w4_v6,SKIP,v6 only INT8 (A1 retry)
INT4,BITSHIFT,U(-1,1),64,7168,7168,128x64x64_w4_v6,SKIP,opt only LUT path
INT4,LUT,U(-1,1),64,7168,7168,64x128x64_w4_v6,SKIP,BN/WARPS != 16
INT4,BITSHIFT,U(-1,1),64,7168,7168,64x128x64_w4_v6,SKIP,BN/WARPS != 16
INT4,LUT,U(-1,1),64,7168,7168,64x64x64_w4_v6,SKIP,v6 only INT8 (A1 retry)
INT4,BITSHIFT,U(-1,1),64,7168,7168,64x64x64_w4_v6,SKIP,opt only LUT path
INT4,LUT,U(-1,1),64,7168,7168,64x128x32_w4_v7,SKIP,BN/WARPS != 16
INT4,BITSHIFT,U(-1,1),64,7168,7168,64x128x32_w4_v7,SKIP,BN/WARPS != 16
INT4,LUT,U(-1,1),64,7168,7168,64x64x32_w4_v7,SKIP,v7 only INT8 (B3 triple-buffer)
INT4,BITSHIFT,U(-1,1),64,7168,7168,64x64x32_w4_v7,SKIP,opt only LUT path
INT4,LUT,U(-1,1),64,7168,7168,32x128x32_w4_v7,SKIP,BN/WARPS != 16
INT4,BITSHIFT,U(-1,1),64,7168,7168,32x128x32_w4_v7,SKIP,BN/WARPS != 16
INT4,LUT,U(-1,1),64,7168,7168,32x64x32_w4_v7,SKIP,v7 only INT8 (B3 triple-buffer)
INT4,BITSHIFT,U(-1,1),64,7168,7168,32x64x32_w4_v7,SKIP,opt only LUT path
INT4,LUT,U(-1,1),64,7168,7168,128x64x32_w4_v8,SKIP,v8 only INT8 (fixed bank-pad)
INT4,BITSHIFT,U(-1,1),64,7168,7168,128x64x32_w4_v8,SKIP,opt only LUT path
INT4,LUT,U(-1,1),64,7168,7168,128x128x32_w4_v8,SKIP,BN/WARPS != 16
INT4,BITSHIFT,U(-1,1),64,7168,7168,128x128x32_w4_v8,SKIP,BN/WARPS != 16
INT4,LUT,U(-1,1),64,7168,7168,64x64x32_w4_v8,SKIP,v8 only INT8 (fixed bank-pad)
INT4,BITSHIFT,U(-1,1),64,7168,7168,64x64x32_w4_v8,SKIP,opt only LUT path
INT4,LUT,U(-1,1),64,7168,7168,64x128x32_w4_v8,SKIP,BN/WARPS != 16
INT4,BITSHIFT,U(-1,1),64,7168,7168,64x128x32_w4_v8,SKIP,BN/WARPS != 16
INT4,LUT,U(-1,1),64,7168,7168,32x128x32_w4_v8,SKIP,BN/WARPS != 16
INT4,BITSHIFT,U(-1,1),64,7168,7168,32x128x32_w4_v8,SKIP,BN/WARPS != 16
INT4,LUT,U(-1,1),64,7168,7168,32x64x32_w4_v8,SKIP,v8 only INT8 (fixed bank-pad)
INT4,BITSHIFT,U(-1,1),64,7168,7168,32x64x32_w4_v8,SKIP,opt only LUT path
INT4,LUT,U(-1,1),64,7168,7168,128x128x32_w4_v9_ck2,SKIP,BN/WARPS != 16
INT4,BITSHIFT,U(-1,1),64,7168,7168,128x128x32_w4_v9_ck2,SKIP,BN/WARPS != 16
INT4,LUT,U(-1,1),64,7168,7168,128x128x32_w4_v9_ck4,SKIP,BN/WARPS != 16
INT4,BITSHIFT,U(-1,1),64,7168,7168,128x128x32_w4_v9_ck4,SKIP,BN/WARPS != 16
INT4,LUT,U(-1,1),64,7168,7168,128x128x32_w4_v9_ck8,SKIP,BN/WARPS != 16
INT4,BITSHIFT,U(-1,1),64,7168,7168,128x128x32_w4_v9_ck8,SKIP,BN/WARPS != 16
INT4,LUT,U(-1,1),64,7168,7168,64x128x32_w4_v9_ck4,SKIP,BN/WARPS != 16
INT4,BITSHIFT,U(-1,1),64,7168,7168,64x128x32_w4_v9_ck4,SKIP,BN/WARPS != 16
INT4,LUT,U(-1,1),64,7168,7168,64x64x32_w4_v9_ck4,SKIP,v9 only INT8 (mixed-prec)
INT4,BITSHIFT,U(-1,1),64,7168,7168,64x64x32_w4_v9_ck4,SKIP,opt only LUT path
INT4,LUT,U(-1,1),64,7168,7168,128x128x32_w4_v10,SKIP,BN/WARPS != 16
INT4,BITSHIFT,U(-1,1),64,7168,7168,128x128x32_w4_v10,SKIP,BN/WARPS != 16
INT4,LUT,U(-1,1),64,7168,7168,128x64x32_w4_v10,SKIP,v10 only INT8 (row-major B)
INT4,BITSHIFT,U(-1,1),64,7168,7168,128x64x32_w4_v10,SKIP,opt only LUT path
INT4,LUT,U(-1,1),64,7168,7168,64x128x32_w4_v10,SKIP,BN/WARPS != 16
INT4,BITSHIFT,U(-1,1),64,7168,7168,64x128x32_w4_v10,SKIP,BN/WARPS != 16
INT4,LUT,U(-1,1),64,7168,7168,64x64x32_w4_v10,SKIP,v10 only INT8 (row-major B)
INT4,BITSHIFT,U(-1,1),64,7168,7168,64x64x32_w4_v10,SKIP,opt only LUT path
INT4,LUT,U(-1,1),64,7168,7168,64x256x32_w8_v10,SKIP,BN/WARPS != 16
INT4,BITSHIFT,U(-1,1),64,7168,7168,64x256x32_w8_v10,SKIP,BN/WARPS != 16
INT4,LUT,U(-1,1),64,7168,7168,128x256x32_w8_v10,SKIP,BN/WARPS != 16
INT4,BITSHIFT,U(-1,1),64,7168,7168,128x256x32_w8_v10,SKIP,BN/WARPS != 16
INT4,LUT,U(-1,1),64,7168,7168,128x128x32_w4_v11,SKIP,BN/WARPS != 16
INT4,BITSHIFT,U(-1,1),64,7168,7168,128x128x32_w4_v11,SKIP,BN/WARPS != 16
INT4,LUT,U(-1,1),64,7168,7168,64x128x32_w4_v11,SKIP,BN/WARPS != 16
INT4,BITSHIFT,U(-1,1),64,7168,7168,64x128x32_w4_v11,SKIP,BN/WARPS != 16
INT4,LUT,U(-1,1),64,7168,7168,128x256x32_w8_v11,SKIP,BN/WARPS != 16
INT4,BITSHIFT,U(-1,1),64,7168,7168,128x256x32_w8_v11,SKIP,BN/WARPS != 16
INT4,LUT,U(-1,1),64,7168,7168,64x256x32_w8_v11,SKIP,BN/WARPS != 16
INT4,BITSHIFT,U(-1,1),64,7168,7168,64x256x32_w8_v11,SKIP,BN/WARPS != 16
INT4,LUT,U(-1,1),64,7168,7168,128x128x16_w4_v11,SKIP,BN/WARPS != 16
INT4,BITSHIFT,U(-1,1),64,7168,7168,128x128x16_w4_v11,SKIP,BN/WARPS != 16
INT4,LUT,U(-1,1),64,7168,7168,64x128x16_w4_v11,SKIP,BN/WARPS != 16
INT4,BITSHIFT,U(-1,1),64,7168,7168,64x128x16_w4_v11,SKIP,BN/WARPS != 16
INT4,LUT,U(-1,1),64,7168,7168,128x256x16_w8_v11,SKIP,BN/WARPS != 16
INT4,BITSHIFT,U(-1,1),64,7168,7168,128x256x16_w8_v11,SKIP,BN/WARPS != 16
INT4,LUT,U(-1,1),64,7168,7168,64x256x16_w8_v11,SKIP,BN/WARPS != 16
INT4,BITSHIFT,U(-1,1),64,7168,7168,64x256x16_w8_v11,SKIP,BN/WARPS != 16
INT4,LUT,U(-1,1),64,7168,7168,64x256x16_w4f4_v11,SKIP,BN/WARPS != 16
INT4,BITSHIFT,U(-1,1),64,7168,7168,64x256x16_w4f4_v11,SKIP,BN/WARPS != 16
INT4,LUT,U(-1,1),64,7168,7168,128x256x16_w4f4_v11,SKIP,BN/WARPS != 16
INT4,BITSHIFT,U(-1,1),64,7168,7168,128x256x16_w4f4_v11,SKIP,BN/WARPS != 16
INT4,LUT,U(-1,1),64,7168,7168,32x128x16_w4_v11,SKIP,BN/WARPS != 16
INT4,BITSHIFT,U(-1,1),64,7168,7168,32x128x16_w4_v11,SKIP,BN/WARPS != 16
INT4,LUT,U(-1,1),64,7168,7168,32x256x16_w8_v11,SKIP,BN/WARPS != 16
INT4,BITSHIFT,U(-1,1),64,7168,7168,32x256x16_w8_v11,SKIP,BN/WARPS != 16
INT4,LUT,U(-1,1),64,7168,7168,32x128x32_w4_v11,SKIP,BN/WARPS != 16
INT4,BITSHIFT,U(-1,1),64,7168,7168,32x128x32_w4_v11,SKIP,BN/WARPS != 16
INT4,LUT,U(-1,1),64,7168,7168,192x128x16_w4_v11,SKIP,BN/WARPS != 16
INT4,BITSHIFT,U(-1,1),64,7168,7168,192x128x16_w4_v11,SKIP,BN/WARPS != 16
INT4,LUT,U(-1,1),64,7168,7168,256x128x16_w4_v11,SKIP,BN/WARPS != 16
INT4,BITSHIFT,U(-1,1),64,7168,7168,256x128x16_w4_v11,SKIP,BN/WARPS != 16
INT4,LUT,U(-1,1),64,7168,7168,128x128x64_w4_v11,SKIP,BN/WARPS != 16
INT4,BITSHIFT,U(-1,1),64,7168,7168,128x128x64_w4_v11,SKIP,BN/WARPS != 16
INT4,LUT,U(-1,1),64,7168,7168,64x128x64_w4_v11,SKIP,BN/WARPS != 16
INT4,BITSHIFT,U(-1,1),64,7168,7168,64x128x64_w4_v11,SKIP,BN/WARPS != 16
INT4,LUT,U(-1,1),64,7168,7168,64x256x64_w8_v11,SKIP,BN/WARPS != 16
INT4,BITSHIFT,U(-1,1),64,7168,7168,64x256x64_w8_v11,SKIP,BN/WARPS != 16
INT4,LUT,U(-1,1),64,7168,7168,64x128x16_w2f4_v11,SKIP,BN/WARPS != 16
INT4,BITSHIFT,U(-1,1),64,7168,7168,64x128x16_w2f4_v11,SKIP,BN/WARPS != 16
INT4,LUT,U(-1,1),64,7168,7168,64x128x32_w2f4_v11,SKIP,BN/WARPS != 16
INT4,BITSHIFT,U(-1,1),64,7168,7168,64x128x32_w2f4_v11,SKIP,BN/WARPS != 16
INT4,LUT,U(-1,1),64,7168,7168,32x128x16_w2f4_v11,SKIP,BN/WARPS != 16
INT4,BITSHIFT,U(-1,1),64,7168,7168,32x128x16_w2f4_v11,SKIP,BN/WARPS != 16
INT4,LUT,U(-1,1),64,7168,7168,128x128x16_w4_v12,SKIP,BN/WARPS != 16
INT4,BITSHIFT,U(-1,1),64,7168,7168,128x128x16_w4_v12,SKIP,BN/WARPS != 16
INT4,LUT,U(-1,1),64,7168,7168,64x128x16_w4_v12,SKIP,BN/WARPS != 16
INT4,BITSHIFT,U(-1,1),64,7168,7168,64x128x16_w4_v12,SKIP,BN/WARPS != 16
INT4,LUT,U(-1,1),64,7168,7168,128x256x16_w8_v12,SKIP,BN/WARPS != 16
INT4,BITSHIFT,U(-1,1),64,7168,7168,128x256x16_w8_v12,SKIP,BN/WARPS != 16
INT4,LUT,U(-1,1),64,7168,7168,64x256x16_w8_v12,SKIP,BN/WARPS != 16
INT4,BITSHIFT,U(-1,1),64,7168,7168,64x256x16_w8_v12,SKIP,BN/WARPS != 16
INT4,LUT,U(-1,1),64,7168,7168,128x128x32_w4_v12,SKIP,BN/WARPS != 16
INT4,BITSHIFT,U(-1,1),64,7168,7168,128x128x32_w4_v12,SKIP,BN/WARPS != 16
INT4,LUT,U(-1,1),64,7168,7168,64x128x32_w4_v12,SKIP,BN/WARPS != 16
INT4,BITSHIFT,U(-1,1),64,7168,7168,64x128x32_w4_v12,SKIP,BN/WARPS != 16
INT4,LUT,U(-1,1),64,7168,7168,192x128x16_w4_v12,SKIP,BN/WARPS != 16
INT4,BITSHIFT,U(-1,1),64,7168,7168,192x128x16_w4_v12,SKIP,BN/WARPS != 16
INT4,LUT,U(-1,1),64,7168,7168,256x128x16_w4_v12,SKIP,BN/WARPS != 16
INT4,BITSHIFT,U(-1,1),64,7168,7168,256x128x16_w4_v12,SKIP,BN/WARPS != 16
INT4,LUT,U(-1,1),64,7168,7168,32x128x16_w4_v12,SKIP,BN/WARPS != 16
INT4,BITSHIFT,U(-1,1),64,7168,7168,32x128x16_w4_v12,SKIP,BN/WARPS != 16
INT4,LUT,U(-1,1),64,7168,7168,32x256x16_w8_v12,SKIP,BN/WARPS != 16
INT4,BITSHIFT,U(-1,1),64,7168,7168,32x256x16_w8_v12,SKIP,BN/WARPS != 16
INT4,LUT,U(-1,1),64,7168,7168,64x128x16_w2f4_v12,SKIP,BN/WARPS != 16
INT4,BITSHIFT,U(-1,1),64,7168,7168,64x128x16_w2f4_v12,SKIP,BN/WARPS != 16
INT4,LUT,U(-1,1),64,7168,7168,64x256x16_w4f4_v12,SKIP,BN/WARPS != 16
INT4,BITSHIFT,U(-1,1),64,7168,7168,64x256x16_w4f4_v12,SKIP,BN/WARPS != 16
INT4,LUT,U(-1,1),64,7168,7168,128x128x16_w4_v12_ms3,SKIP,BN/WARPS != 16
INT4,BITSHIFT,U(-1,1),64,7168,7168,128x128x16_w4_v12_ms3,SKIP,BN/WARPS != 16
INT4,LUT,U(-1,1),64,7168,7168,64x128x16_w4_v12_ms3,SKIP,BN/WARPS != 16
INT4,BITSHIFT,U(-1,1),64,7168,7168,64x128x16_w4_v12_ms3,SKIP,BN/WARPS != 16
INT4,LUT,U(-1,1),64,7168,7168,128x256x16_w8_v12_ms3,SKIP,BN/WARPS != 16
INT4,BITSHIFT,U(-1,1),64,7168,7168,128x256x16_w8_v12_ms3,SKIP,BN/WARPS != 16
INT4,LUT,U(-1,1),64,7168,7168,64x256x16_w8_v12_ms3,SKIP,BN/WARPS != 16
INT4,BITSHIFT,U(-1,1),64,7168,7168,64x256x16_w8_v12_ms3,SKIP,BN/WARPS != 16
INT4,LUT,U(-1,1),64,7168,7168,128x128x32_w4_v12_ms3,SKIP,BN/WARPS != 16
INT4,BITSHIFT,U(-1,1),64,7168,7168,128x128x32_w4_v12_ms3,SKIP,BN/WARPS != 16
INT4,LUT,U(-1,1),64,7168,7168,64x128x32_w4_v12_ms3,SKIP,BN/WARPS != 16
INT4,BITSHIFT,U(-1,1),64,7168,7168,64x128x32_w4_v12_ms3,SKIP,BN/WARPS != 16
INT4,LUT,U(-1,1),64,7168,7168,64x256x16_w4f4_v12_ms3,SKIP,BN/WARPS != 16
INT4,BITSHIFT,U(-1,1),64,7168,7168,64x256x16_w4f4_v12_ms3,SKIP,BN/WARPS != 16
INT4,LUT,U(-1,1),64,7168,7168,64x128x16_w2f4_v12_ms3,SKIP,BN/WARPS != 16
INT4,BITSHIFT,U(-1,1),64,7168,7168,64x128x16_w2f4_v12_ms3,SKIP,BN/WARPS != 16
INT4,LUT,U(-1,1),64,7168,7168,192x128x16_w4_v12_ms3,SKIP,BN/WARPS != 16
INT4,BITSHIFT,U(-1,1),64,7168,7168,192x128x16_w4_v12_ms3,SKIP,BN/WARPS != 16
INT4,LUT,U(-1,1),64,7168,7168,256x128x16_w4_v12_ms3,SKIP,BN/WARPS != 16
INT4,BITSHIFT,U(-1,1),64,7168,7168,256x128x16_w4_v12_ms3,SKIP,BN/WARPS != 16
INT4,LUT,U(-1,1),64,7168,7168,64x128x16_w4_v12s_ks1,SKIP,BN/WARPS != 16
INT4,BITSHIFT,U(-1,1),64,7168,7168,64x128x16_w4_v12s_ks1,SKIP,BN/WARPS != 16
INT4,LUT,U(-1,1),64,7168,7168,64x128x16_w4_v12s_ks2,SKIP,BN/WARPS != 16
INT4,BITSHIFT,U(-1,1),64,7168,7168,64x128x16_w4_v12s_ks2,SKIP,BN/WARPS != 16
INT4,LUT,U(-1,1),64,7168,7168,64x128x16_w4_v12s_ks4,SKIP,BN/WARPS != 16
INT4,BITSHIFT,U(-1,1),64,7168,7168,64x128x16_w4_v12s_ks4,SKIP,BN/WARPS != 16
INT4,LUT,U(-1,1),64,7168,7168,64x128x16_w4_v12s_ks8,SKIP,BN/WARPS != 16
INT4,BITSHIFT,U(-1,1),64,7168,7168,64x128x16_w4_v12s_ks8,SKIP,BN/WARPS != 16
INT4,LUT,U(-1,1),64,7168,7168,64x128x16_w4_v12s_ks16,SKIP,BN/WARPS != 16
INT4,BITSHIFT,U(-1,1),64,7168,7168,64x128x16_w4_v12s_ks16,SKIP,BN/WARPS != 16
INT4,LUT,U(-1,1),64,7168,7168,64x128x32_w4_v12s_ks2,SKIP,BN/WARPS != 16
INT4,BITSHIFT,U(-1,1),64,7168,7168,64x128x32_w4_v12s_ks2,SKIP,BN/WARPS != 16
INT4,LUT,U(-1,1),64,7168,7168,64x128x32_w4_v12s_ks4,SKIP,BN/WARPS != 16
INT4,BITSHIFT,U(-1,1),64,7168,7168,64x128x32_w4_v12s_ks4,SKIP,BN/WARPS != 16
INT4,LUT,U(-1,1),64,7168,7168,64x128x32_w4_v12s_ks8,SKIP,BN/WARPS != 16
INT4,BITSHIFT,U(-1,1),64,7168,7168,64x128x32_w4_v12s_ks8,SKIP,BN/WARPS != 16
INT4,LUT,U(-1,1),64,7168,7168,64x128x16_w4_v12s_ks3,SKIP,BN/WARPS != 16
INT4,BITSHIFT,U(-1,1),64,7168,7168,64x128x16_w4_v12s_ks3,SKIP,BN/WARPS != 16
INT4,LUT,U(-1,1),64,7168,7168,64x128x16_w4_v12s_ks5,SKIP,BN/WARPS != 16
INT4,BITSHIFT,U(-1,1),64,7168,7168,64x128x16_w4_v12s_ks5,SKIP,BN/WARPS != 16
INT4,LUT,U(-1,1),64,7168,7168,128x128x16_w4_v12s_ks2,SKIP,BN/WARPS != 16
INT4,BITSHIFT,U(-1,1),64,7168,7168,128x128x16_w4_v12s_ks2,SKIP,BN/WARPS != 16
INT4,LUT,U(-1,1),64,7168,7168,128x128x16_w4_v12s_ks4,SKIP,BN/WARPS != 16
INT4,BITSHIFT,U(-1,1),64,7168,7168,128x128x16_w4_v12s_ks4,SKIP,BN/WARPS != 16
INT4,LUT,U(-1,1),64,7168,7168,128x128x32_w4_v10s_ks1,SKIP,BN/WARPS != 16
INT4,BITSHIFT,U(-1,1),64,7168,7168,128x128x32_w4_v10s_ks1,SKIP,BN/WARPS != 16
INT4,LUT,U(-1,1),64,7168,7168,128x128x32_w4_v10s_ks2,SKIP,BN/WARPS != 16
INT4,BITSHIFT,U(-1,1),64,7168,7168,128x128x32_w4_v10s_ks2,SKIP,BN/WARPS != 16
INT4,LUT,U(-1,1),64,7168,7168,128x128x32_w4_v10s_ks4,SKIP,BN/WARPS != 16
INT4,BITSHIFT,U(-1,1),64,7168,7168,128x128x32_w4_v10s_ks4,SKIP,BN/WARPS != 16
INT4,LUT,U(-1,1),64,7168,7168,128x128x32_w4_v10s_ks8,SKIP,BN/WARPS != 16
INT4,BITSHIFT,U(-1,1),64,7168,7168,128x128x32_w4_v10s_ks8,SKIP,BN/WARPS != 16
INT4,LUT,U(-1,1),64,7168,7168,64x128x32_w4_v10s_ks2,SKIP,BN/WARPS != 16
INT4,BITSHIFT,U(-1,1),64,7168,7168,64x128x32_w4_v10s_ks2,SKIP,BN/WARPS != 16
INT4,LUT,U(-1,1),64,7168,7168,64x128x32_w4_v10s_ks4,SKIP,BN/WARPS != 16
INT4,BITSHIFT,U(-1,1),64,7168,7168,64x128x32_w4_v10s_ks4,SKIP,BN/WARPS != 16
INT4,LUT,U(-1,1),64,7168,7168,64x128x32_w4_v10s_ks8,SKIP,BN/WARPS != 16
INT4,BITSHIFT,U(-1,1),64,7168,7168,64x128x32_w4_v10s_ks8,SKIP,BN/WARPS != 16
INT4,LUT,U(-1,1),64,7168,7168,64x64x32_w4_v10s_ks2,SKIP,v10s only INT8 (use version=30 for INT4 SplitK)
INT4,BITSHIFT,U(-1,1),64,7168,7168,64x64x32_w4_v10s_ks2,SKIP,opt only LUT path
INT4,LUT,U(-1,1),64,7168,7168,64x64x32_w4_v10s_ks4,SKIP,v10s only INT8 (use version=30 for INT4 SplitK)
INT4,BITSHIFT,U(-1,1),64,7168,7168,64x64x32_w4_v10s_ks4,SKIP,opt only LUT path
INT4,LUT,U(-1,1),64,7168,7168,64x64x32_w4_v10s_ks8,SKIP,v10s only INT8 (use version=30 for INT4 SplitK)
INT4,BITSHIFT,U(-1,1),64,7168,7168,64x64x32_w4_v10s_ks8,SKIP,opt only LUT path
INT4,LUT,U(-1,1),64,7168,7168,64x256x32_w8_v10s_ks2,SKIP,BN/WARPS != 16
INT4,BITSHIFT,U(-1,1),64,7168,7168,64x256x32_w8_v10s_ks2,SKIP,BN/WARPS != 16
INT4,LUT,U(-1,1),64,7168,7168,64x256x32_w8_v10s_ks4,SKIP,BN/WARPS != 16
INT4,BITSHIFT,U(-1,1),64,7168,7168,64x256x32_w8_v10s_ks4,SKIP,BN/WARPS != 16
INT4,LUT,U(-1,1),64,7168,7168,128x128x32_w4_v3s_ks1,SKIP,BN/WARPS != 16
INT4,BITSHIFT,U(-1,1),64,7168,7168,128x128x32_w4_v3s_ks1,SKIP,BN/WARPS != 16
INT4,LUT,U(-1,1),64,7168,7168,128x128x32_w4_v3s_ks2,SKIP,BN/WARPS != 16
INT4,BITSHIFT,U(-1,1),64,7168,7168,128x128x32_w4_v3s_ks2,SKIP,BN/WARPS != 16
INT4,LUT,U(-1,1),64,7168,7168,128x128x32_w4_v3s_ks4,SKIP,BN/WARPS != 16
INT4,BITSHIFT,U(-1,1),64,7168,7168,128x128x32_w4_v3s_ks4,SKIP,BN/WARPS != 16
INT4,LUT,U(-1,1),64,7168,7168,128x128x32_w4_v3s_ks8,SKIP,BN/WARPS != 16
INT4,BITSHIFT,U(-1,1),64,7168,7168,128x128x32_w4_v3s_ks8,SKIP,BN/WARPS != 16
INT4,LUT,U(-1,1),64,7168,7168,128x64x32_w4_v3s_ks2,OK,ms=34.039,tflops=0.19,gbps=1.0,maxabs=3.466e-02,p99=1.868e-02,rel=2.561e-04
INT4,BITSHIFT,U(-1,1),64,7168,7168,128x64x32_w4_v3s_ks2,SKIP,opt only LUT path
INT4,LUT,U(-1,1),64,7168,7168,128x64x32_w4_v3s_ks4,OK,ms=34.181,tflops=0.19,gbps=1.0,maxabs=3.465e-02,p99=1.869e-02,rel=2.561e-04
INT4,BITSHIFT,U(-1,1),64,7168,7168,128x64x32_w4_v3s_ks4,SKIP,opt only LUT path
INT4,LUT,U(-1,1),64,7168,7168,64x128x32_w4_v3s_ks2,SKIP,BN/WARPS != 16
INT4,BITSHIFT,U(-1,1),64,7168,7168,64x128x32_w4_v3s_ks2,SKIP,BN/WARPS != 16
INT4,LUT,U(-1,1),64,7168,7168,64x128x32_w4_v3s_ks4,SKIP,BN/WARPS != 16
INT4,BITSHIFT,U(-1,1),64,7168,7168,64x128x32_w4_v3s_ks4,SKIP,BN/WARPS != 16
INT4,LUT,U(-1,1),64,7168,7168,64x128x32_w4_v3s_ks8,SKIP,BN/WARPS != 16
INT4,BITSHIFT,U(-1,1),64,7168,7168,64x128x32_w4_v3s_ks8,SKIP,BN/WARPS != 16
INT4,LUT,U(-1,1),64,7168,7168,64x64x32_w4_v3s_ks2,OK,ms=26.623,tflops=0.25,gbps=1.2,maxabs=3.466e-02,p99=1.868e-02,rel=2.561e-04
INT4,BITSHIFT,U(-1,1),64,7168,7168,64x64x32_w4_v3s_ks2,SKIP,opt only LUT path
INT4,LUT,U(-1,1),64,7168,7168,64x64x32_w4_v3s_ks4,OK,ms=49.709,tflops=0.13,gbps=0.7,maxabs=3.465e-02,p99=1.869e-02,rel=2.561e-04
INT4,BITSHIFT,U(-1,1),64,7168,7168,64x64x32_w4_v3s_ks4,SKIP,opt only LUT path
INT4,LUT,U(-1,1),64,7168,7168,64x64x32_w4_v3s_ks8,OK,ms=49.351,tflops=0.13,gbps=0.7,maxabs=3.466e-02,p99=1.867e-02,rel=2.561e-04
INT4,BITSHIFT,U(-1,1),64,7168,7168,64x64x32_w4_v3s_ks8,SKIP,opt only LUT path
INT4,LUT,U(-1,1),64,7168,7168,128x128x32_cutlass_p1,SKIP,BN/WARPS != 16
INT4,BITSHIFT,U(-1,1),64,7168,7168,128x128x32_cutlass_p1,SKIP,BN/WARPS != 16
INT4,LUT,U(-1,1),64,7168,7168,64x128x32_cutlass_p1,SKIP,BN/WARPS != 16
INT4,BITSHIFT,U(-1,1),64,7168,7168,64x128x32_cutlass_p1,SKIP,BN/WARPS != 16
INT4,LUT,U(-1,1),64,7168,7168,128x64x32_cutlass_p1,SKIP,no template instantiation for this tile
INT4,BITSHIFT,U(-1,1),64,7168,7168,128x64x32_cutlass_p1,SKIP,opt only LUT path
MXFP4,LUT,U(-1,1),64,7168,7168,16x64x32_w4,OK,ms=398.042,tflops=0.02,gbps=0.1,maxabs=2.391e-02,p99=1.255e-02,rel=1.850e-04
MXFP4,BITSHIFT,U(-1,1),64,7168,7168,16x64x32_w4,OK,ms=497.148,tflops=0.01,gbps=0.1,maxabs=2.390e-02,p99=1.256e-02,rel=1.850e-04
MXFP4,LUT,U(-1,1),64,7168,7168,16x128x32_w8,OK,ms=385.022,tflops=0.02,gbps=0.1,maxabs=2.391e-02,p99=1.255e-02,rel=1.850e-04
MXFP4,BITSHIFT,U(-1,1),64,7168,7168,16x128x32_w8,OK,ms=473.268,tflops=0.01,gbps=0.1,maxabs=2.390e-02,p99=1.256e-02,rel=1.850e-04
MXFP4,LUT,U(-1,1),64,7168,7168,16x128x32_w4f2,SKIP,BN/WARPS != 16
MXFP4,BITSHIFT,U(-1,1),64,7168,7168,16x128x32_w4f2,SKIP,BN/WARPS != 16
MXFP4,LUT,U(-1,1),64,7168,7168,16x256x32_w4f4,SKIP,BN/WARPS != 16
MXFP4,BITSHIFT,U(-1,1),64,7168,7168,16x256x32_w4f4,SKIP,BN/WARPS != 16
MXFP4,LUT,U(-1,1),64,7168,7168,128x64x32_w4_v1,SKIP,no template
MXFP4,BITSHIFT,U(-1,1),64,7168,7168,128x64x32_w4_v1,SKIP,opt only LUT path
MXFP4,LUT,U(-1,1),64,7168,7168,128x128x32_w4_v1,SKIP,BN/WARPS != 16
MXFP4,BITSHIFT,U(-1,1),64,7168,7168,128x128x32_w4_v1,SKIP,BN/WARPS != 16
MXFP4,LUT,U(-1,1),64,7168,7168,128x256x32_w4_v1,SKIP,BN/WARPS != 16
MXFP4,BITSHIFT,U(-1,1),64,7168,7168,128x256x32_w4_v1,SKIP,BN/WARPS != 16
MXFP4,LUT,U(-1,1),64,7168,7168,128x256x32_w8_v1,SKIP,BN/WARPS != 16
MXFP4,BITSHIFT,U(-1,1),64,7168,7168,128x256x32_w8_v1,SKIP,BN/WARPS != 16
MXFP4,LUT,U(-1,1),64,7168,7168,64x64x32_w4_v1,SKIP,no template
MXFP4,BITSHIFT,U(-1,1),64,7168,7168,64x64x32_w4_v1,SKIP,opt only LUT path
MXFP4,LUT,U(-1,1),64,7168,7168,64x128x32_w4_v1,SKIP,BN/WARPS != 16
MXFP4,BITSHIFT,U(-1,1),64,7168,7168,64x128x32_w4_v1,SKIP,BN/WARPS != 16
MXFP4,LUT,U(-1,1),64,7168,7168,128x64x32_w4_v2,OK,ms=27.865,tflops=0.24,gbps=1.1,maxabs=2.391e-02,p99=1.255e-02,rel=1.850e-04
MXFP4,BITSHIFT,U(-1,1),64,7168,7168,128x64x32_w4_v2,SKIP,opt only LUT path
MXFP4,LUT,U(-1,1),64,7168,7168,128x128x32_w4_v2,SKIP,BN/WARPS != 16
MXFP4,BITSHIFT,U(-1,1),64,7168,7168,128x128x32_w4_v2,SKIP,BN/WARPS != 16
MXFP4,LUT,U(-1,1),64,7168,7168,128x256x32_w4_v2,SKIP,BN/WARPS != 16
MXFP4,BITSHIFT,U(-1,1),64,7168,7168,128x256x32_w4_v2,SKIP,BN/WARPS != 16
MXFP4,LUT,U(-1,1),64,7168,7168,128x256x32_w8_v2,SKIP,BN/WARPS != 16
MXFP4,BITSHIFT,U(-1,1),64,7168,7168,128x256x32_w8_v2,SKIP,BN/WARPS != 16
MXFP4,LUT,U(-1,1),64,7168,7168,64x64x32_w4_v2,OK,ms=21.366,tflops=0.31,gbps=1.4,maxabs=2.391e-02,p99=1.255e-02,rel=1.850e-04
MXFP4,BITSHIFT,U(-1,1),64,7168,7168,64x64x32_w4_v2,SKIP,opt only LUT path
MXFP4,LUT,U(-1,1),64,7168,7168,64x128x32_w4_v2,SKIP,BN/WARPS != 16
MXFP4,BITSHIFT,U(-1,1),64,7168,7168,64x128x32_w4_v2,SKIP,BN/WARPS != 16
MXFP4,LUT,U(-1,1),64,7168,7168,128x64x32_w4_v3,OK,ms=33.154,tflops=0.20,gbps=0.9,maxabs=2.391e-02,p99=1.255e-02,rel=1.850e-04
MXFP4,BITSHIFT,U(-1,1),64,7168,7168,128x64x32_w4_v3,SKIP,opt only LUT path
MXFP4,LUT,U(-1,1),64,7168,7168,128x128x32_w4_v3,SKIP,BN/WARPS != 16
MXFP4,BITSHIFT,U(-1,1),64,7168,7168,128x128x32_w4_v3,SKIP,BN/WARPS != 16
MXFP4,LUT,U(-1,1),64,7168,7168,128x256x32_w8_v3,SKIP,BN/WARPS != 16
MXFP4,BITSHIFT,U(-1,1),64,7168,7168,128x256x32_w8_v3,SKIP,BN/WARPS != 16
MXFP4,LUT,U(-1,1),64,7168,7168,64x64x32_w4_v3,OK,ms=25.506,tflops=0.26,gbps=1.2,maxabs=2.391e-02,p99=1.255e-02,rel=1.850e-04
MXFP4,BITSHIFT,U(-1,1),64,7168,7168,64x64x32_w4_v3,SKIP,opt only LUT path
MXFP4,LUT,U(-1,1),64,7168,7168,64x128x32_w4_v3,SKIP,BN/WARPS != 16
MXFP4,BITSHIFT,U(-1,1),64,7168,7168,64x128x32_w4_v3,SKIP,BN/WARPS != 16
MXFP4,LUT,U(-1,1),64,7168,7168,32x128x32_w4_v3_b1,SKIP,BN/WARPS != 16
MXFP4,BITSHIFT,U(-1,1),64,7168,7168,32x128x32_w4_v3_b1,SKIP,BN/WARPS != 16
MXFP4,LUT,U(-1,1),64,7168,7168,32x64x32_w4_v3_b1,OK,ms=58.213,tflops=0.11,gbps=0.5,maxabs=2.391e-02,p99=1.255e-02,rel=1.850e-04
MXFP4,BITSHIFT,U(-1,1),64,7168,7168,32x64x32_w4_v3_b1,SKIP,opt only LUT path
MXFP4,LUT,U(-1,1),64,7168,7168,32x256x32_w8_v3_b1,SKIP,BN/WARPS != 16
MXFP4,BITSHIFT,U(-1,1),64,7168,7168,32x256x32_w8_v3_b1,SKIP,BN/WARPS != 16
MXFP4,LUT,U(-1,1),64,7168,7168,128x128x32_w8_v3_b1alt,SKIP,no template
MXFP4,BITSHIFT,U(-1,1),64,7168,7168,128x128x32_w8_v3_b1alt,SKIP,opt only LUT path
MXFP4,LUT,U(-1,1),64,7168,7168,64x128x32_w8_v3_b1alt,SKIP,no template
MXFP4,BITSHIFT,U(-1,1),64,7168,7168,64x128x32_w8_v3_b1alt,SKIP,opt only LUT path
MXFP4,LUT,U(-1,1),64,7168,7168,128x64x32_w4_v4,OK,ms=32.861,tflops=0.20,gbps=0.9,maxabs=2.391e-02,p99=1.255e-02,rel=1.850e-04
MXFP4,BITSHIFT,U(-1,1),64,7168,7168,128x64x32_w4_v4,SKIP,opt only LUT path
MXFP4,LUT,U(-1,1),64,7168,7168,128x128x32_w4_v4,SKIP,BN/WARPS != 16
MXFP4,BITSHIFT,U(-1,1),64,7168,7168,128x128x32_w4_v4,SKIP,BN/WARPS != 16
MXFP4,LUT,U(-1,1),64,7168,7168,64x64x32_w4_v4,OK,ms=25.404,tflops=0.26,gbps=1.2,maxabs=2.391e-02,p99=1.255e-02,rel=1.850e-04
MXFP4,BITSHIFT,U(-1,1),64,7168,7168,64x64x32_w4_v4,SKIP,opt only LUT path
MXFP4,LUT,U(-1,1),64,7168,7168,64x128x32_w4_v4,SKIP,BN/WARPS != 16
MXFP4,BITSHIFT,U(-1,1),64,7168,7168,64x128x32_w4_v4,SKIP,BN/WARPS != 16
MXFP4,LUT,U(-1,1),64,7168,7168,128x64x32_w4_v5,OK,ms=32.865,tflops=0.20,gbps=0.9,maxabs=2.391e-02,p99=1.255e-02,rel=1.850e-04
MXFP4,BITSHIFT,U(-1,1),64,7168,7168,128x64x32_w4_v5,SKIP,opt only LUT path
MXFP4,LUT,U(-1,1),64,7168,7168,128x128x32_w4_v5,SKIP,BN/WARPS != 16
MXFP4,BITSHIFT,U(-1,1),64,7168,7168,128x128x32_w4_v5,SKIP,BN/WARPS != 16
MXFP4,LUT,U(-1,1),64,7168,7168,64x64x32_w4_v5,OK,ms=25.287,tflops=0.26,gbps=1.2,maxabs=2.391e-02,p99=1.255e-02,rel=1.850e-04
MXFP4,BITSHIFT,U(-1,1),64,7168,7168,64x64x32_w4_v5,SKIP,opt only LUT path
MXFP4,LUT,U(-1,1),64,7168,7168,64x128x32_w4_v5,SKIP,BN/WARPS != 16
MXFP4,BITSHIFT,U(-1,1),64,7168,7168,64x128x32_w4_v5,SKIP,BN/WARPS != 16
MXFP4,LUT,U(-1,1),64,7168,7168,128x128x64_w4_v6,SKIP,BN/WARPS != 16
MXFP4,BITSHIFT,U(-1,1),64,7168,7168,128x128x64_w4_v6,SKIP,BN/WARPS != 16
MXFP4,LUT,U(-1,1),64,7168,7168,128x64x64_w4_v6,SKIP,v6 only INT8 (A1 retry)
MXFP4,BITSHIFT,U(-1,1),64,7168,7168,128x64x64_w4_v6,SKIP,opt only LUT path
MXFP4,LUT,U(-1,1),64,7168,7168,64x128x64_w4_v6,SKIP,BN/WARPS != 16
MXFP4,BITSHIFT,U(-1,1),64,7168,7168,64x128x64_w4_v6,SKIP,BN/WARPS != 16
MXFP4,LUT,U(-1,1),64,7168,7168,64x64x64_w4_v6,SKIP,v6 only INT8 (A1 retry)
MXFP4,BITSHIFT,U(-1,1),64,7168,7168,64x64x64_w4_v6,SKIP,opt only LUT path
MXFP4,LUT,U(-1,1),64,7168,7168,64x128x32_w4_v7,SKIP,BN/WARPS != 16
MXFP4,BITSHIFT,U(-1,1),64,7168,7168,64x128x32_w4_v7,SKIP,BN/WARPS != 16
MXFP4,LUT,U(-1,1),64,7168,7168,64x64x32_w4_v7,SKIP,v7 only INT8 (B3 triple-buffer)
MXFP4,BITSHIFT,U(-1,1),64,7168,7168,64x64x32_w4_v7,SKIP,opt only LUT path
MXFP4,LUT,U(-1,1),64,7168,7168,32x128x32_w4_v7,SKIP,BN/WARPS != 16
MXFP4,BITSHIFT,U(-1,1),64,7168,7168,32x128x32_w4_v7,SKIP,BN/WARPS != 16
MXFP4,LUT,U(-1,1),64,7168,7168,32x64x32_w4_v7,SKIP,v7 only INT8 (B3 triple-buffer)
MXFP4,BITSHIFT,U(-1,1),64,7168,7168,32x64x32_w4_v7,SKIP,opt only LUT path
MXFP4,LUT,U(-1,1),64,7168,7168,128x64x32_w4_v8,SKIP,v8 only INT8 (fixed bank-pad)
MXFP4,BITSHIFT,U(-1,1),64,7168,7168,128x64x32_w4_v8,SKIP,opt only LUT path
MXFP4,LUT,U(-1,1),64,7168,7168,128x128x32_w4_v8,SKIP,BN/WARPS != 16
MXFP4,BITSHIFT,U(-1,1),64,7168,7168,128x128x32_w4_v8,SKIP,BN/WARPS != 16
MXFP4,LUT,U(-1,1),64,7168,7168,64x64x32_w4_v8,SKIP,v8 only INT8 (fixed bank-pad)
MXFP4,BITSHIFT,U(-1,1),64,7168,7168,64x64x32_w4_v8,SKIP,opt only LUT path
MXFP4,LUT,U(-1,1),64,7168,7168,64x128x32_w4_v8,SKIP,BN/WARPS != 16
MXFP4,BITSHIFT,U(-1,1),64,7168,7168,64x128x32_w4_v8,SKIP,BN/WARPS != 16
MXFP4,LUT,U(-1,1),64,7168,7168,32x128x32_w4_v8,SKIP,BN/WARPS != 16
MXFP4,BITSHIFT,U(-1,1),64,7168,7168,32x128x32_w4_v8,SKIP,BN/WARPS != 16
MXFP4,LUT,U(-1,1),64,7168,7168,32x64x32_w4_v8,SKIP,v8 only INT8 (fixed bank-pad)
MXFP4,BITSHIFT,U(-1,1),64,7168,7168,32x64x32_w4_v8,SKIP,opt only LUT path
MXFP4,LUT,U(-1,1),64,7168,7168,128x128x32_w4_v9_ck2,SKIP,BN/WARPS != 16
MXFP4,BITSHIFT,U(-1,1),64,7168,7168,128x128x32_w4_v9_ck2,SKIP,BN/WARPS != 16
MXFP4,LUT,U(-1,1),64,7168,7168,128x128x32_w4_v9_ck4,SKIP,BN/WARPS != 16
MXFP4,BITSHIFT,U(-1,1),64,7168,7168,128x128x32_w4_v9_ck4,SKIP,BN/WARPS != 16
MXFP4,LUT,U(-1,1),64,7168,7168,128x128x32_w4_v9_ck8,SKIP,BN/WARPS != 16
MXFP4,BITSHIFT,U(-1,1),64,7168,7168,128x128x32_w4_v9_ck8,SKIP,BN/WARPS != 16
MXFP4,LUT,U(-1,1),64,7168,7168,64x128x32_w4_v9_ck4,SKIP,BN/WARPS != 16
MXFP4,BITSHIFT,U(-1,1),64,7168,7168,64x128x32_w4_v9_ck4,SKIP,BN/WARPS != 16
MXFP4,LUT,U(-1,1),64,7168,7168,64x64x32_w4_v9_ck4,SKIP,v9 only INT8 (mixed-prec)
MXFP4,BITSHIFT,U(-1,1),64,7168,7168,64x64x32_w4_v9_ck4,SKIP,opt only LUT path
MXFP4,LUT,U(-1,1),64,7168,7168,128x128x32_w4_v10,SKIP,BN/WARPS != 16
MXFP4,BITSHIFT,U(-1,1),64,7168,7168,128x128x32_w4_v10,SKIP,BN/WARPS != 16
MXFP4,LUT,U(-1,1),64,7168,7168,128x64x32_w4_v10,SKIP,v10 only INT8 (row-major B)
MXFP4,BITSHIFT,U(-1,1),64,7168,7168,128x64x32_w4_v10,SKIP,opt only LUT path
MXFP4,LUT,U(-1,1),64,7168,7168,64x128x32_w4_v10,SKIP,BN/WARPS != 16
MXFP4,BITSHIFT,U(-1,1),64,7168,7168,64x128x32_w4_v10,SKIP,BN/WARPS != 16
MXFP4,LUT,U(-1,1),64,7168,7168,64x64x32_w4_v10,SKIP,v10 only INT8 (row-major B)
MXFP4,BITSHIFT,U(-1,1),64,7168,7168,64x64x32_w4_v10,SKIP,opt only LUT path
MXFP4,LUT,U(-1,1),64,7168,7168,64x256x32_w8_v10,SKIP,BN/WARPS != 16
MXFP4,BITSHIFT,U(-1,1),64,7168,7168,64x256x32_w8_v10,SKIP,BN/WARPS != 16
MXFP4,LUT,U(-1,1),64,7168,7168,128x256x32_w8_v10,SKIP,BN/WARPS != 16
MXFP4,BITSHIFT,U(-1,1),64,7168,7168,128x256x32_w8_v10,SKIP,BN/WARPS != 16
MXFP4,LUT,U(-1,1),64,7168,7168,128x128x32_w4_v11,SKIP,BN/WARPS != 16
MXFP4,BITSHIFT,U(-1,1),64,7168,7168,128x128x32_w4_v11,SKIP,BN/WARPS != 16
MXFP4,LUT,U(-1,1),64,7168,7168,64x128x32_w4_v11,SKIP,BN/WARPS != 16
MXFP4,BITSHIFT,U(-1,1),64,7168,7168,64x128x32_w4_v11,SKIP,BN/WARPS != 16
MXFP4,LUT,U(-1,1),64,7168,7168,128x256x32_w8_v11,SKIP,BN/WARPS != 16
MXFP4,BITSHIFT,U(-1,1),64,7168,7168,128x256x32_w8_v11,SKIP,BN/WARPS != 16
MXFP4,LUT,U(-1,1),64,7168,7168,64x256x32_w8_v11,SKIP,BN/WARPS != 16
MXFP4,BITSHIFT,U(-1,1),64,7168,7168,64x256x32_w8_v11,SKIP,BN/WARPS != 16
MXFP4,LUT,U(-1,1),64,7168,7168,128x128x16_w4_v11,SKIP,BN/WARPS != 16
MXFP4,BITSHIFT,U(-1,1),64,7168,7168,128x128x16_w4_v11,SKIP,BN/WARPS != 16
MXFP4,LUT,U(-1,1),64,7168,7168,64x128x16_w4_v11,SKIP,BN/WARPS != 16
MXFP4,BITSHIFT,U(-1,1),64,7168,7168,64x128x16_w4_v11,SKIP,BN/WARPS != 16
MXFP4,LUT,U(-1,1),64,7168,7168,128x256x16_w8_v11,SKIP,BN/WARPS != 16
MXFP4,BITSHIFT,U(-1,1),64,7168,7168,128x256x16_w8_v11,SKIP,BN/WARPS != 16
MXFP4,LUT,U(-1,1),64,7168,7168,64x256x16_w8_v11,SKIP,BN/WARPS != 16
MXFP4,BITSHIFT,U(-1,1),64,7168,7168,64x256x16_w8_v11,SKIP,BN/WARPS != 16
MXFP4,LUT,U(-1,1),64,7168,7168,64x256x16_w4f4_v11,SKIP,BN/WARPS != 16
MXFP4,BITSHIFT,U(-1,1),64,7168,7168,64x256x16_w4f4_v11,SKIP,BN/WARPS != 16
MXFP4,LUT,U(-1,1),64,7168,7168,128x256x16_w4f4_v11,SKIP,BN/WARPS != 16
MXFP4,BITSHIFT,U(-1,1),64,7168,7168,128x256x16_w4f4_v11,SKIP,BN/WARPS != 16
MXFP4,LUT,U(-1,1),64,7168,7168,32x128x16_w4_v11,SKIP,BN/WARPS != 16
MXFP4,BITSHIFT,U(-1,1),64,7168,7168,32x128x16_w4_v11,SKIP,BN/WARPS != 16
MXFP4,LUT,U(-1,1),64,7168,7168,32x256x16_w8_v11,SKIP,BN/WARPS != 16
MXFP4,BITSHIFT,U(-1,1),64,7168,7168,32x256x16_w8_v11,SKIP,BN/WARPS != 16
MXFP4,LUT,U(-1,1),64,7168,7168,32x128x32_w4_v11,SKIP,BN/WARPS != 16
MXFP4,BITSHIFT,U(-1,1),64,7168,7168,32x128x32_w4_v11,SKIP,BN/WARPS != 16
MXFP4,LUT,U(-1,1),64,7168,7168,192x128x16_w4_v11,SKIP,BN/WARPS != 16
MXFP4,BITSHIFT,U(-1,1),64,7168,7168,192x128x16_w4_v11,SKIP,BN/WARPS != 16
MXFP4,LUT,U(-1,1),64,7168,7168,256x128x16_w4_v11,SKIP,BN/WARPS != 16
MXFP4,BITSHIFT,U(-1,1),64,7168,7168,256x128x16_w4_v11,SKIP,BN/WARPS != 16
MXFP4,LUT,U(-1,1),64,7168,7168,128x128x64_w4_v11,SKIP,BN/WARPS != 16
MXFP4,BITSHIFT,U(-1,1),64,7168,7168,128x128x64_w4_v11,SKIP,BN/WARPS != 16
MXFP4,LUT,U(-1,1),64,7168,7168,64x128x64_w4_v11,SKIP,BN/WARPS != 16
MXFP4,BITSHIFT,U(-1,1),64,7168,7168,64x128x64_w4_v11,SKIP,BN/WARPS != 16
MXFP4,LUT,U(-1,1),64,7168,7168,64x256x64_w8_v11,SKIP,BN/WARPS != 16
MXFP4,BITSHIFT,U(-1,1),64,7168,7168,64x256x64_w8_v11,SKIP,BN/WARPS != 16
MXFP4,LUT,U(-1,1),64,7168,7168,64x128x16_w2f4_v11,SKIP,BN/WARPS != 16
MXFP4,BITSHIFT,U(-1,1),64,7168,7168,64x128x16_w2f4_v11,SKIP,BN/WARPS != 16
MXFP4,LUT,U(-1,1),64,7168,7168,64x128x32_w2f4_v11,SKIP,BN/WARPS != 16
MXFP4,BITSHIFT,U(-1,1),64,7168,7168,64x128x32_w2f4_v11,SKIP,BN/WARPS != 16
MXFP4,LUT,U(-1,1),64,7168,7168,32x128x16_w2f4_v11,SKIP,BN/WARPS != 16
MXFP4,BITSHIFT,U(-1,1),64,7168,7168,32x128x16_w2f4_v11,SKIP,BN/WARPS != 16
MXFP4,LUT,U(-1,1),64,7168,7168,128x128x16_w4_v12,SKIP,BN/WARPS != 16
MXFP4,BITSHIFT,U(-1,1),64,7168,7168,128x128x16_w4_v12,SKIP,BN/WARPS != 16
MXFP4,LUT,U(-1,1),64,7168,7168,64x128x16_w4_v12,SKIP,BN/WARPS != 16
MXFP4,BITSHIFT,U(-1,1),64,7168,7168,64x128x16_w4_v12,SKIP,BN/WARPS != 16
MXFP4,LUT,U(-1,1),64,7168,7168,128x256x16_w8_v12,SKIP,BN/WARPS != 16
MXFP4,BITSHIFT,U(-1,1),64,7168,7168,128x256x16_w8_v12,SKIP,BN/WARPS != 16
MXFP4,LUT,U(-1,1),64,7168,7168,64x256x16_w8_v12,SKIP,BN/WARPS != 16
MXFP4,BITSHIFT,U(-1,1),64,7168,7168,64x256x16_w8_v12,SKIP,BN/WARPS != 16
MXFP4,LUT,U(-1,1),64,7168,7168,128x128x32_w4_v12,SKIP,BN/WARPS != 16
MXFP4,BITSHIFT,U(-1,1),64,7168,7168,128x128x32_w4_v12,SKIP,BN/WARPS != 16
MXFP4,LUT,U(-1,1),64,7168,7168,64x128x32_w4_v12,SKIP,BN/WARPS != 16
MXFP4,BITSHIFT,U(-1,1),64,7168,7168,64x128x32_w4_v12,SKIP,BN/WARPS != 16
MXFP4,LUT,U(-1,1),64,7168,7168,192x128x16_w4_v12,SKIP,BN/WARPS != 16
MXFP4,BITSHIFT,U(-1,1),64,7168,7168,192x128x16_w4_v12,SKIP,BN/WARPS != 16
MXFP4,LUT,U(-1,1),64,7168,7168,256x128x16_w4_v12,SKIP,BN/WARPS != 16
MXFP4,BITSHIFT,U(-1,1),64,7168,7168,256x128x16_w4_v12,SKIP,BN/WARPS != 16
MXFP4,LUT,U(-1,1),64,7168,7168,32x128x16_w4_v12,SKIP,BN/WARPS != 16
MXFP4,BITSHIFT,U(-1,1),64,7168,7168,32x128x16_w4_v12,SKIP,BN/WARPS != 16
MXFP4,LUT,U(-1,1),64,7168,7168,32x256x16_w8_v12,SKIP,BN/WARPS != 16
MXFP4,BITSHIFT,U(-1,1),64,7168,7168,32x256x16_w8_v12,SKIP,BN/WARPS != 16
MXFP4,LUT,U(-1,1),64,7168,7168,64x128x16_w2f4_v12,SKIP,BN/WARPS != 16
MXFP4,BITSHIFT,U(-1,1),64,7168,7168,64x128x16_w2f4_v12,SKIP,BN/WARPS != 16
MXFP4,LUT,U(-1,1),64,7168,7168,64x256x16_w4f4_v12,SKIP,BN/WARPS != 16
MXFP4,BITSHIFT,U(-1,1),64,7168,7168,64x256x16_w4f4_v12,SKIP,BN/WARPS != 16
MXFP4,LUT,U(-1,1),64,7168,7168,128x128x16_w4_v12_ms3,SKIP,BN/WARPS != 16
MXFP4,BITSHIFT,U(-1,1),64,7168,7168,128x128x16_w4_v12_ms3,SKIP,BN/WARPS != 16
MXFP4,LUT,U(-1,1),64,7168,7168,64x128x16_w4_v12_ms3,SKIP,BN/WARPS != 16
MXFP4,BITSHIFT,U(-1,1),64,7168,7168,64x128x16_w4_v12_ms3,SKIP,BN/WARPS != 16
MXFP4,LUT,U(-1,1),64,7168,7168,128x256x16_w8_v12_ms3,SKIP,BN/WARPS != 16
MXFP4,BITSHIFT,U(-1,1),64,7168,7168,128x256x16_w8_v12_ms3,SKIP,BN/WARPS != 16
MXFP4,LUT,U(-1,1),64,7168,7168,64x256x16_w8_v12_ms3,SKIP,BN/WARPS != 16
MXFP4,BITSHIFT,U(-1,1),64,7168,7168,64x256x16_w8_v12_ms3,SKIP,BN/WARPS != 16
MXFP4,LUT,U(-1,1),64,7168,7168,128x128x32_w4_v12_ms3,SKIP,BN/WARPS != 16
MXFP4,BITSHIFT,U(-1,1),64,7168,7168,128x128x32_w4_v12_ms3,SKIP,BN/WARPS != 16
MXFP4,LUT,U(-1,1),64,7168,7168,64x128x32_w4_v12_ms3,SKIP,BN/WARPS != 16
MXFP4,BITSHIFT,U(-1,1),64,7168,7168,64x128x32_w4_v12_ms3,SKIP,BN/WARPS != 16
MXFP4,LUT,U(-1,1),64,7168,7168,64x256x16_w4f4_v12_ms3,SKIP,BN/WARPS != 16
MXFP4,BITSHIFT,U(-1,1),64,7168,7168,64x256x16_w4f4_v12_ms3,SKIP,BN/WARPS != 16
MXFP4,LUT,U(-1,1),64,7168,7168,64x128x16_w2f4_v12_ms3,SKIP,BN/WARPS != 16
MXFP4,BITSHIFT,U(-1,1),64,7168,7168,64x128x16_w2f4_v12_ms3,SKIP,BN/WARPS != 16
MXFP4,LUT,U(-1,1),64,7168,7168,192x128x16_w4_v12_ms3,SKIP,BN/WARPS != 16
MXFP4,BITSHIFT,U(-1,1),64,7168,7168,192x128x16_w4_v12_ms3,SKIP,BN/WARPS != 16
MXFP4,LUT,U(-1,1),64,7168,7168,256x128x16_w4_v12_ms3,SKIP,BN/WARPS != 16
MXFP4,BITSHIFT,U(-1,1),64,7168,7168,256x128x16_w4_v12_ms3,SKIP,BN/WARPS != 16
MXFP4,LUT,U(-1,1),64,7168,7168,64x128x16_w4_v12s_ks1,SKIP,BN/WARPS != 16
MXFP4,BITSHIFT,U(-1,1),64,7168,7168,64x128x16_w4_v12s_ks1,SKIP,BN/WARPS != 16
MXFP4,LUT,U(-1,1),64,7168,7168,64x128x16_w4_v12s_ks2,SKIP,BN/WARPS != 16
MXFP4,BITSHIFT,U(-1,1),64,7168,7168,64x128x16_w4_v12s_ks2,SKIP,BN/WARPS != 16
MXFP4,LUT,U(-1,1),64,7168,7168,64x128x16_w4_v12s_ks4,SKIP,BN/WARPS != 16
MXFP4,BITSHIFT,U(-1,1),64,7168,7168,64x128x16_w4_v12s_ks4,SKIP,BN/WARPS != 16
MXFP4,LUT,U(-1,1),64,7168,7168,64x128x16_w4_v12s_ks8,SKIP,BN/WARPS != 16
MXFP4,BITSHIFT,U(-1,1),64,7168,7168,64x128x16_w4_v12s_ks8,SKIP,BN/WARPS != 16
MXFP4,LUT,U(-1,1),64,7168,7168,64x128x16_w4_v12s_ks16,SKIP,BN/WARPS != 16
MXFP4,BITSHIFT,U(-1,1),64,7168,7168,64x128x16_w4_v12s_ks16,SKIP,BN/WARPS != 16
MXFP4,LUT,U(-1,1),64,7168,7168,64x128x32_w4_v12s_ks2,SKIP,BN/WARPS != 16
MXFP4,BITSHIFT,U(-1,1),64,7168,7168,64x128x32_w4_v12s_ks2,SKIP,BN/WARPS != 16
MXFP4,LUT,U(-1,1),64,7168,7168,64x128x32_w4_v12s_ks4,SKIP,BN/WARPS != 16
MXFP4,BITSHIFT,U(-1,1),64,7168,7168,64x128x32_w4_v12s_ks4,SKIP,BN/WARPS != 16
MXFP4,LUT,U(-1,1),64,7168,7168,64x128x32_w4_v12s_ks8,SKIP,BN/WARPS != 16
MXFP4,BITSHIFT,U(-1,1),64,7168,7168,64x128x32_w4_v12s_ks8,SKIP,BN/WARPS != 16
MXFP4,LUT,U(-1,1),64,7168,7168,64x128x16_w4_v12s_ks3,SKIP,BN/WARPS != 16
MXFP4,BITSHIFT,U(-1,1),64,7168,7168,64x128x16_w4_v12s_ks3,SKIP,BN/WARPS != 16
MXFP4,LUT,U(-1,1),64,7168,7168,64x128x16_w4_v12s_ks5,SKIP,BN/WARPS != 16
MXFP4,BITSHIFT,U(-1,1),64,7168,7168,64x128x16_w4_v12s_ks5,SKIP,BN/WARPS != 16
MXFP4,LUT,U(-1,1),64,7168,7168,128x128x16_w4_v12s_ks2,SKIP,BN/WARPS != 16
MXFP4,BITSHIFT,U(-1,1),64,7168,7168,128x128x16_w4_v12s_ks2,SKIP,BN/WARPS != 16
MXFP4,LUT,U(-1,1),64,7168,7168,128x128x16_w4_v12s_ks4,SKIP,BN/WARPS != 16
MXFP4,BITSHIFT,U(-1,1),64,7168,7168,128x128x16_w4_v12s_ks4,SKIP,BN/WARPS != 16
MXFP4,LUT,U(-1,1),64,7168,7168,128x128x32_w4_v10s_ks1,SKIP,BN/WARPS != 16
MXFP4,BITSHIFT,U(-1,1),64,7168,7168,128x128x32_w4_v10s_ks1,SKIP,BN/WARPS != 16
MXFP4,LUT,U(-1,1),64,7168,7168,128x128x32_w4_v10s_ks2,SKIP,BN/WARPS != 16
MXFP4,BITSHIFT,U(-1,1),64,7168,7168,128x128x32_w4_v10s_ks2,SKIP,BN/WARPS != 16
MXFP4,LUT,U(-1,1),64,7168,7168,128x128x32_w4_v10s_ks4,SKIP,BN/WARPS != 16
MXFP4,BITSHIFT,U(-1,1),64,7168,7168,128x128x32_w4_v10s_ks4,SKIP,BN/WARPS != 16
MXFP4,LUT,U(-1,1),64,7168,7168,128x128x32_w4_v10s_ks8,SKIP,BN/WARPS != 16
MXFP4,BITSHIFT,U(-1,1),64,7168,7168,128x128x32_w4_v10s_ks8,SKIP,BN/WARPS != 16
MXFP4,LUT,U(-1,1),64,7168,7168,64x128x32_w4_v10s_ks2,SKIP,BN/WARPS != 16
MXFP4,BITSHIFT,U(-1,1),64,7168,7168,64x128x32_w4_v10s_ks2,SKIP,BN/WARPS != 16
MXFP4,LUT,U(-1,1),64,7168,7168,64x128x32_w4_v10s_ks4,SKIP,BN/WARPS != 16
MXFP4,BITSHIFT,U(-1,1),64,7168,7168,64x128x32_w4_v10s_ks4,SKIP,BN/WARPS != 16
MXFP4,LUT,U(-1,1),64,7168,7168,64x128x32_w4_v10s_ks8,SKIP,BN/WARPS != 16
MXFP4,BITSHIFT,U(-1,1),64,7168,7168,64x128x32_w4_v10s_ks8,SKIP,BN/WARPS != 16
MXFP4,LUT,U(-1,1),64,7168,7168,64x64x32_w4_v10s_ks2,SKIP,v10s only INT8 (use version=30 for MXFP4 SplitK)
MXFP4,BITSHIFT,U(-1,1),64,7168,7168,64x64x32_w4_v10s_ks2,SKIP,opt only LUT path
MXFP4,LUT,U(-1,1),64,7168,7168,64x64x32_w4_v10s_ks4,SKIP,v10s only INT8 (use version=30 for MXFP4 SplitK)
MXFP4,BITSHIFT,U(-1,1),64,7168,7168,64x64x32_w4_v10s_ks4,SKIP,opt only LUT path
MXFP4,LUT,U(-1,1),64,7168,7168,64x64x32_w4_v10s_ks8,SKIP,v10s only INT8 (use version=30 for MXFP4 SplitK)
MXFP4,BITSHIFT,U(-1,1),64,7168,7168,64x64x32_w4_v10s_ks8,SKIP,opt only LUT path
MXFP4,LUT,U(-1,1),64,7168,7168,64x256x32_w8_v10s_ks2,SKIP,BN/WARPS != 16
MXFP4,BITSHIFT,U(-1,1),64,7168,7168,64x256x32_w8_v10s_ks2,SKIP,BN/WARPS != 16
MXFP4,LUT,U(-1,1),64,7168,7168,64x256x32_w8_v10s_ks4,SKIP,BN/WARPS != 16
MXFP4,BITSHIFT,U(-1,1),64,7168,7168,64x256x32_w8_v10s_ks4,SKIP,BN/WARPS != 16
MXFP4,LUT,U(-1,1),64,7168,7168,128x128x32_w4_v3s_ks1,SKIP,BN/WARPS != 16
MXFP4,BITSHIFT,U(-1,1),64,7168,7168,128x128x32_w4_v3s_ks1,SKIP,BN/WARPS != 16
MXFP4,LUT,U(-1,1),64,7168,7168,128x128x32_w4_v3s_ks2,SKIP,BN/WARPS != 16
MXFP4,BITSHIFT,U(-1,1),64,7168,7168,128x128x32_w4_v3s_ks2,SKIP,BN/WARPS != 16
MXFP4,LUT,U(-1,1),64,7168,7168,128x128x32_w4_v3s_ks4,SKIP,BN/WARPS != 16
MXFP4,BITSHIFT,U(-1,1),64,7168,7168,128x128x32_w4_v3s_ks4,SKIP,BN/WARPS != 16
MXFP4,LUT,U(-1,1),64,7168,7168,128x128x32_w4_v3s_ks8,SKIP,BN/WARPS != 16
MXFP4,BITSHIFT,U(-1,1),64,7168,7168,128x128x32_w4_v3s_ks8,SKIP,BN/WARPS != 16
MXFP4,LUT,U(-1,1),64,7168,7168,128x64x32_w4_v3s_ks2,OK,ms=40.581,tflops=0.16,gbps=0.8,maxabs=2.390e-02,p99=1.255e-02,rel=1.850e-04
MXFP4,BITSHIFT,U(-1,1),64,7168,7168,128x64x32_w4_v3s_ks2,SKIP,opt only LUT path
MXFP4,LUT,U(-1,1),64,7168,7168,128x64x32_w4_v3s_ks4,OK,ms=40.630,tflops=0.16,gbps=0.8,maxabs=2.391e-02,p99=1.256e-02,rel=1.850e-04
MXFP4,BITSHIFT,U(-1,1),64,7168,7168,128x64x32_w4_v3s_ks4,SKIP,opt only LUT path
MXFP4,LUT,U(-1,1),64,7168,7168,64x128x32_w4_v3s_ks2,SKIP,BN/WARPS != 16
MXFP4,BITSHIFT,U(-1,1),64,7168,7168,64x128x32_w4_v3s_ks2,SKIP,BN/WARPS != 16
MXFP4,LUT,U(-1,1),64,7168,7168,64x128x32_w4_v3s_ks4,SKIP,BN/WARPS != 16
MXFP4,BITSHIFT,U(-1,1),64,7168,7168,64x128x32_w4_v3s_ks4,SKIP,BN/WARPS != 16
MXFP4,LUT,U(-1,1),64,7168,7168,64x128x32_w4_v3s_ks8,SKIP,BN/WARPS != 16
MXFP4,BITSHIFT,U(-1,1),64,7168,7168,64x128x32_w4_v3s_ks8,SKIP,BN/WARPS != 16
MXFP4,LUT,U(-1,1),64,7168,7168,64x64x32_w4_v3s_ks2,OK,ms=33.369,tflops=0.20,gbps=0.9,maxabs=2.390e-02,p99=1.255e-02,rel=1.850e-04
MXFP4,BITSHIFT,U(-1,1),64,7168,7168,64x64x32_w4_v3s_ks2,SKIP,opt only LUT path
MXFP4,LUT,U(-1,1),64,7168,7168,64x64x32_w4_v3s_ks4,OK,ms=47.980,tflops=0.14,gbps=0.6,maxabs=2.391e-02,p99=1.256e-02,rel=1.850e-04
MXFP4,BITSHIFT,U(-1,1),64,7168,7168,64x64x32_w4_v3s_ks4,SKIP,opt only LUT path
MXFP4,LUT,U(-1,1),64,7168,7168,64x64x32_w4_v3s_ks8,OK,ms=49.703,tflops=0.13,gbps=0.6,maxabs=2.391e-02,p99=1.256e-02,rel=1.850e-04
MXFP4,BITSHIFT,U(-1,1),64,7168,7168,64x64x32_w4_v3s_ks8,SKIP,opt only LUT path
MXFP4,LUT,U(-1,1),64,7168,7168,128x128x32_cutlass_p1,SKIP,BN/WARPS != 16
MXFP4,BITSHIFT,U(-1,1),64,7168,7168,128x128x32_cutlass_p1,SKIP,BN/WARPS != 16
MXFP4,LUT,U(-1,1),64,7168,7168,64x128x32_cutlass_p1,SKIP,BN/WARPS != 16
MXFP4,BITSHIFT,U(-1,1),64,7168,7168,64x128x32_cutlass_p1,SKIP,BN/WARPS != 16
MXFP4,LUT,U(-1,1),64,7168,7168,128x64x32_cutlass_p1,SKIP,no template
MXFP4,BITSHIFT,U(-1,1),64,7168,7168,128x64x32_cutlass_p1,SKIP,opt only LUT path
F8_E4M3_B128,LUT,U(-1,1),64,7168,7168,16x64x32_w4,OK,ms=299.737,tflops=0.02,gbps=0.2,maxabs=2.472e-02,p99=1.323e-02,rel=1.849e-04
F8_E4M3_B128,BITSHIFT,U(-1,1),64,7168,7168,16x64x32_w4,OK,ms=496.827,tflops=0.01,gbps=0.1,maxabs=2.474e-02,p99=1.324e-02,rel=1.849e-04
F8_E4M3_B128,LUT,U(-1,1),64,7168,7168,16x128x32_w8,OK,ms=283.551,tflops=0.02,gbps=0.2,maxabs=2.472e-02,p99=1.323e-02,rel=1.849e-04
F8_E4M3_B128,BITSHIFT,U(-1,1),64,7168,7168,16x128x32_w8,OK,ms=472.930,tflops=0.01,gbps=0.1,maxabs=2.474e-02,p99=1.324e-02,rel=1.849e-04
F8_E4M3_B128,LUT,U(-1,1),64,7168,7168,16x128x32_w4f2,SKIP,BN/WARPS != 16
F8_E4M3_B128,BITSHIFT,U(-1,1),64,7168,7168,16x128x32_w4f2,SKIP,BN/WARPS != 16
F8_E4M3_B128,LUT,U(-1,1),64,7168,7168,16x256x32_w4f4,SKIP,BN/WARPS != 16
F8_E4M3_B128,BITSHIFT,U(-1,1),64,7168,7168,16x256x32_w4f4,SKIP,BN/WARPS != 16
F8_E4M3_B128,LUT,U(-1,1),64,7168,7168,128x64x32_w4_v1,SKIP,no template
F8_E4M3_B128,BITSHIFT,U(-1,1),64,7168,7168,128x64x32_w4_v1,SKIP,opt only LUT path
F8_E4M3_B128,LUT,U(-1,1),64,7168,7168,128x128x32_w4_v1,SKIP,BN/WARPS != 16
F8_E4M3_B128,BITSHIFT,U(-1,1),64,7168,7168,128x128x32_w4_v1,SKIP,BN/WARPS != 16
F8_E4M3_B128,LUT,U(-1,1),64,7168,7168,128x256x32_w4_v1,SKIP,BN/WARPS != 16
F8_E4M3_B128,BITSHIFT,U(-1,1),64,7168,7168,128x256x32_w4_v1,SKIP,BN/WARPS != 16
F8_E4M3_B128,LUT,U(-1,1),64,7168,7168,128x256x32_w8_v1,SKIP,BN/WARPS != 16
F8_E4M3_B128,BITSHIFT,U(-1,1),64,7168,7168,128x256x32_w8_v1,SKIP,BN/WARPS != 16
F8_E4M3_B128,LUT,U(-1,1),64,7168,7168,64x64x32_w4_v1,SKIP,no template
F8_E4M3_B128,BITSHIFT,U(-1,1),64,7168,7168,64x64x32_w4_v1,SKIP,opt only LUT path
F8_E4M3_B128,LUT,U(-1,1),64,7168,7168,64x128x32_w4_v1,SKIP,BN/WARPS != 16
F8_E4M3_B128,BITSHIFT,U(-1,1),64,7168,7168,64x128x32_w4_v1,SKIP,BN/WARPS != 16
F8_E4M3_B128,LUT,U(-1,1),64,7168,7168,128x64x32_w4_v2,OK,ms=40.231,tflops=0.16,gbps=1.4,maxabs=2.472e-02,p99=1.323e-02,rel=1.849e-04
F8_E4M3_B128,BITSHIFT,U(-1,1),64,7168,7168,128x64x32_w4_v2,SKIP,opt only LUT path
F8_E4M3_B128,LUT,U(-1,1),64,7168,7168,128x128x32_w4_v2,SKIP,BN/WARPS != 16
F8_E4M3_B128,BITSHIFT,U(-1,1),64,7168,7168,128x128x32_w4_v2,SKIP,BN/WARPS != 16
F8_E4M3_B128,LUT,U(-1,1),64,7168,7168,128x256x32_w4_v2,SKIP,BN/WARPS != 16
F8_E4M3_B128,BITSHIFT,U(-1,1),64,7168,7168,128x256x32_w4_v2,SKIP,BN/WARPS != 16
F8_E4M3_B128,LUT,U(-1,1),64,7168,7168,128x256x32_w8_v2,SKIP,BN/WARPS != 16
F8_E4M3_B128,BITSHIFT,U(-1,1),64,7168,7168,128x256x32_w8_v2,SKIP,BN/WARPS != 16
F8_E4M3_B128,LUT,U(-1,1),64,7168,7168,64x64x32_w4_v2,OK,ms=33.649,tflops=0.20,gbps=1.6,maxabs=2.472e-02,p99=1.323e-02,rel=1.849e-04
F8_E4M3_B128,BITSHIFT,U(-1,1),64,7168,7168,64x64x32_w4_v2,SKIP,opt only LUT path
F8_E4M3_B128,LUT,U(-1,1),64,7168,7168,64x128x32_w4_v2,SKIP,BN/WARPS != 16
F8_E4M3_B128,BITSHIFT,U(-1,1),64,7168,7168,64x128x32_w4_v2,SKIP,BN/WARPS != 16
F8_E4M3_B128,LUT,U(-1,1),64,7168,7168,128x64x32_w4_v3,OK,ms=31.572,tflops=0.21,gbps=1.8,maxabs=2.472e-02,p99=1.323e-02,rel=1.849e-04
F8_E4M3_B128,BITSHIFT,U(-1,1),64,7168,7168,128x64x32_w4_v3,SKIP,opt only LUT path
F8_E4M3_B128,LUT,U(-1,1),64,7168,7168,128x128x32_w4_v3,SKIP,BN/WARPS != 16
F8_E4M3_B128,BITSHIFT,U(-1,1),64,7168,7168,128x128x32_w4_v3,SKIP,BN/WARPS != 16
F8_E4M3_B128,LUT,U(-1,1),64,7168,7168,128x256x32_w8_v3,SKIP,BN/WARPS != 16
F8_E4M3_B128,BITSHIFT,U(-1,1),64,7168,7168,128x256x32_w8_v3,SKIP,BN/WARPS != 16
F8_E4M3_B128,LUT,U(-1,1),64,7168,7168,64x64x32_w4_v3,OK,ms=24.200,tflops=0.27,gbps=2.3,maxabs=2.472e-02,p99=1.323e-02,rel=1.849e-04
F8_E4M3_B128,BITSHIFT,U(-1,1),64,7168,7168,64x64x32_w4_v3,SKIP,opt only LUT path
F8_E4M3_B128,LUT,U(-1,1),64,7168,7168,64x128x32_w4_v3,SKIP,BN/WARPS != 16
F8_E4M3_B128,BITSHIFT,U(-1,1),64,7168,7168,64x128x32_w4_v3,SKIP,BN/WARPS != 16
F8_E4M3_B128,LUT,U(-1,1),64,7168,7168,32x128x32_w4_v3_b1,SKIP,BN/WARPS != 16
F8_E4M3_B128,BITSHIFT,U(-1,1),64,7168,7168,32x128x32_w4_v3_b1,SKIP,BN/WARPS != 16
F8_E4M3_B128,LUT,U(-1,1),64,7168,7168,32x64x32_w4_v3_b1,OK,ms=50.360,tflops=0.13,gbps=1.1,maxabs=2.472e-02,p99=1.323e-02,rel=1.849e-04
F8_E4M3_B128,BITSHIFT,U(-1,1),64,7168,7168,32x64x32_w4_v3_b1,SKIP,opt only LUT path
F8_E4M3_B128,LUT,U(-1,1),64,7168,7168,32x256x32_w8_v3_b1,SKIP,BN/WARPS != 16
F8_E4M3_B128,BITSHIFT,U(-1,1),64,7168,7168,32x256x32_w8_v3_b1,SKIP,BN/WARPS != 16
F8_E4M3_B128,LUT,U(-1,1),64,7168,7168,128x128x32_w8_v3_b1alt,SKIP,no template
F8_E4M3_B128,BITSHIFT,U(-1,1),64,7168,7168,128x128x32_w8_v3_b1alt,SKIP,opt only LUT path
F8_E4M3_B128,LUT,U(-1,1),64,7168,7168,64x128x32_w8_v3_b1alt,SKIP,no template
F8_E4M3_B128,BITSHIFT,U(-1,1),64,7168,7168,64x128x32_w8_v3_b1alt,SKIP,opt only LUT path
F8_E4M3_B128,LUT,U(-1,1),64,7168,7168,128x64x32_w4_v4,OK,ms=31.604,tflops=0.21,gbps=1.8,maxabs=2.472e-02,p99=1.323e-02,rel=1.849e-04
F8_E4M3_B128,BITSHIFT,U(-1,1),64,7168,7168,128x64x32_w4_v4,SKIP,opt only LUT path
F8_E4M3_B128,LUT,U(-1,1),64,7168,7168,128x128x32_w4_v4,SKIP,BN/WARPS != 16
F8_E4M3_B128,BITSHIFT,U(-1,1),64,7168,7168,128x128x32_w4_v4,SKIP,BN/WARPS != 16
F8_E4M3_B128,LUT,U(-1,1),64,7168,7168,64x64x32_w4_v4,OK,ms=24.377,tflops=0.27,gbps=2.3,maxabs=2.472e-02,p99=1.323e-02,rel=1.849e-04
F8_E4M3_B128,BITSHIFT,U(-1,1),64,7168,7168,64x64x32_w4_v4,SKIP,opt only LUT path
F8_E4M3_B128,LUT,U(-1,1),64,7168,7168,64x128x32_w4_v4,SKIP,BN/WARPS != 16
F8_E4M3_B128,BITSHIFT,U(-1,1),64,7168,7168,64x128x32_w4_v4,SKIP,BN/WARPS != 16
F8_E4M3_B128,LUT,U(-1,1),64,7168,7168,128x64x32_w4_v5,OK,ms=31.536,tflops=0.21,gbps=1.8,maxabs=2.472e-02,p99=1.323e-02,rel=1.849e-04
F8_E4M3_B128,BITSHIFT,U(-1,1),64,7168,7168,128x64x32_w4_v5,SKIP,opt only LUT path
F8_E4M3_B128,LUT,U(-1,1),64,7168,7168,128x128x32_w4_v5,SKIP,BN/WARPS != 16
F8_E4M3_B128,BITSHIFT,U(-1,1),64,7168,7168,128x128x32_w4_v5,SKIP,BN/WARPS != 16
F8_E4M3_B128,LUT,U(-1,1),64,7168,7168,64x64x32_w4_v5,OK,ms=24.206,tflops=0.27,gbps=2.3,maxabs=2.472e-02,p99=1.323e-02,rel=1.849e-04
F8_E4M3_B128,BITSHIFT,U(-1,1),64,7168,7168,64x64x32_w4_v5,SKIP,opt only LUT path
F8_E4M3_B128,LUT,U(-1,1),64,7168,7168,64x128x32_w4_v5,SKIP,BN/WARPS != 16
F8_E4M3_B128,BITSHIFT,U(-1,1),64,7168,7168,64x128x32_w4_v5,SKIP,BN/WARPS != 16
F8_E4M3_B128,LUT,U(-1,1),64,7168,7168,128x128x64_w4_v6,SKIP,BN/WARPS != 16
F8_E4M3_B128,BITSHIFT,U(-1,1),64,7168,7168,128x128x64_w4_v6,SKIP,BN/WARPS != 16
F8_E4M3_B128,LUT,U(-1,1),64,7168,7168,128x64x64_w4_v6,SKIP,v6 only INT8 (A1 retry)
F8_E4M3_B128,BITSHIFT,U(-1,1),64,7168,7168,128x64x64_w4_v6,SKIP,opt only LUT path
F8_E4M3_B128,LUT,U(-1,1),64,7168,7168,64x128x64_w4_v6,SKIP,BN/WARPS != 16
F8_E4M3_B128,BITSHIFT,U(-1,1),64,7168,7168,64x128x64_w4_v6,SKIP,BN/WARPS != 16
F8_E4M3_B128,LUT,U(-1,1),64,7168,7168,64x64x64_w4_v6,SKIP,v6 only INT8 (A1 retry)
F8_E4M3_B128,BITSHIFT,U(-1,1),64,7168,7168,64x64x64_w4_v6,SKIP,opt only LUT path
F8_E4M3_B128,LUT,U(-1,1),64,7168,7168,64x128x32_w4_v7,SKIP,BN/WARPS != 16
F8_E4M3_B128,BITSHIFT,U(-1,1),64,7168,7168,64x128x32_w4_v7,SKIP,BN/WARPS != 16
F8_E4M3_B128,LUT,U(-1,1),64,7168,7168,64x64x32_w4_v7,SKIP,v7 only INT8 (B3 triple-buffer)
F8_E4M3_B128,BITSHIFT,U(-1,1),64,7168,7168,64x64x32_w4_v7,SKIP,opt only LUT path
F8_E4M3_B128,LUT,U(-1,1),64,7168,7168,32x128x32_w4_v7,SKIP,BN/WARPS != 16
F8_E4M3_B128,BITSHIFT,U(-1,1),64,7168,7168,32x128x32_w4_v7,SKIP,BN/WARPS != 16
F8_E4M3_B128,LUT,U(-1,1),64,7168,7168,32x64x32_w4_v7,SKIP,v7 only INT8 (B3 triple-buffer)
F8_E4M3_B128,BITSHIFT,U(-1,1),64,7168,7168,32x64x32_w4_v7,SKIP,opt only LUT path
F8_E4M3_B128,LUT,U(-1,1),64,7168,7168,128x64x32_w4_v8,SKIP,v8 only INT8 (fixed bank-pad)
F8_E4M3_B128,BITSHIFT,U(-1,1),64,7168,7168,128x64x32_w4_v8,SKIP,opt only LUT path
F8_E4M3_B128,LUT,U(-1,1),64,7168,7168,128x128x32_w4_v8,SKIP,BN/WARPS != 16
F8_E4M3_B128,BITSHIFT,U(-1,1),64,7168,7168,128x128x32_w4_v8,SKIP,BN/WARPS != 16
F8_E4M3_B128,LUT,U(-1,1),64,7168,7168,64x64x32_w4_v8,SKIP,v8 only INT8 (fixed bank-pad)
F8_E4M3_B128,BITSHIFT,U(-1,1),64,7168,7168,64x64x32_w4_v8,SKIP,opt only LUT path
F8_E4M3_B128,LUT,U(-1,1),64,7168,7168,64x128x32_w4_v8,SKIP,BN/WARPS != 16
F8_E4M3_B128,BITSHIFT,U(-1,1),64,7168,7168,64x128x32_w4_v8,SKIP,BN/WARPS != 16
F8_E4M3_B128,LUT,U(-1,1),64,7168,7168,32x128x32_w4_v8,SKIP,BN/WARPS != 16
F8_E4M3_B128,BITSHIFT,U(-1,1),64,7168,7168,32x128x32_w4_v8,SKIP,BN/WARPS != 16
F8_E4M3_B128,LUT,U(-1,1),64,7168,7168,32x64x32_w4_v8,SKIP,v8 only INT8 (fixed bank-pad)
F8_E4M3_B128,BITSHIFT,U(-1,1),64,7168,7168,32x64x32_w4_v8,SKIP,opt only LUT path
F8_E4M3_B128,LUT,U(-1,1),64,7168,7168,128x128x32_w4_v9_ck2,SKIP,BN/WARPS != 16
F8_E4M3_B128,BITSHIFT,U(-1,1),64,7168,7168,128x128x32_w4_v9_ck2,SKIP,BN/WARPS != 16
F8_E4M3_B128,LUT,U(-1,1),64,7168,7168,128x128x32_w4_v9_ck4,SKIP,BN/WARPS != 16
F8_E4M3_B128,BITSHIFT,U(-1,1),64,7168,7168,128x128x32_w4_v9_ck4,SKIP,BN/WARPS != 16
F8_E4M3_B128,LUT,U(-1,1),64,7168,7168,128x128x32_w4_v9_ck8,SKIP,BN/WARPS != 16
F8_E4M3_B128,BITSHIFT,U(-1,1),64,7168,7168,128x128x32_w4_v9_ck8,SKIP,BN/WARPS != 16
F8_E4M3_B128,LUT,U(-1,1),64,7168,7168,64x128x32_w4_v9_ck4,SKIP,BN/WARPS != 16
F8_E4M3_B128,BITSHIFT,U(-1,1),64,7168,7168,64x128x32_w4_v9_ck4,SKIP,BN/WARPS != 16
F8_E4M3_B128,LUT,U(-1,1),64,7168,7168,64x64x32_w4_v9_ck4,SKIP,v9 only INT8 (mixed-prec)
F8_E4M3_B128,BITSHIFT,U(-1,1),64,7168,7168,64x64x32_w4_v9_ck4,SKIP,opt only LUT path
F8_E4M3_B128,LUT,U(-1,1),64,7168,7168,128x128x32_w4_v10,SKIP,BN/WARPS != 16
F8_E4M3_B128,BITSHIFT,U(-1,1),64,7168,7168,128x128x32_w4_v10,SKIP,BN/WARPS != 16
F8_E4M3_B128,LUT,U(-1,1),64,7168,7168,128x64x32_w4_v10,SKIP,v10 only INT8 (row-major B)
F8_E4M3_B128,BITSHIFT,U(-1,1),64,7168,7168,128x64x32_w4_v10,SKIP,opt only LUT path
F8_E4M3_B128,LUT,U(-1,1),64,7168,7168,64x128x32_w4_v10,SKIP,BN/WARPS != 16
F8_E4M3_B128,BITSHIFT,U(-1,1),64,7168,7168,64x128x32_w4_v10,SKIP,BN/WARPS != 16
F8_E4M3_B128,LUT,U(-1,1),64,7168,7168,64x64x32_w4_v10,SKIP,v10 only INT8 (row-major B)
F8_E4M3_B128,BITSHIFT,U(-1,1),64,7168,7168,64x64x32_w4_v10,SKIP,opt only LUT path
F8_E4M3_B128,LUT,U(-1,1),64,7168,7168,64x256x32_w8_v10,SKIP,BN/WARPS != 16
F8_E4M3_B128,BITSHIFT,U(-1,1),64,7168,7168,64x256x32_w8_v10,SKIP,BN/WARPS != 16
F8_E4M3_B128,LUT,U(-1,1),64,7168,7168,128x256x32_w8_v10,SKIP,BN/WARPS != 16
F8_E4M3_B128,BITSHIFT,U(-1,1),64,7168,7168,128x256x32_w8_v10,SKIP,BN/WARPS != 16
F8_E4M3_B128,LUT,U(-1,1),64,7168,7168,128x128x32_w4_v11,SKIP,BN/WARPS != 16
F8_E4M3_B128,BITSHIFT,U(-1,1),64,7168,7168,128x128x32_w4_v11,SKIP,BN/WARPS != 16
F8_E4M3_B128,LUT,U(-1,1),64,7168,7168,64x128x32_w4_v11,SKIP,BN/WARPS != 16
F8_E4M3_B128,BITSHIFT,U(-1,1),64,7168,7168,64x128x32_w4_v11,SKIP,BN/WARPS != 16
F8_E4M3_B128,LUT,U(-1,1),64,7168,7168,128x256x32_w8_v11,SKIP,BN/WARPS != 16
F8_E4M3_B128,BITSHIFT,U(-1,1),64,7168,7168,128x256x32_w8_v11,SKIP,BN/WARPS != 16
F8_E4M3_B128,LUT,U(-1,1),64,7168,7168,64x256x32_w8_v11,SKIP,BN/WARPS != 16
F8_E4M3_B128,BITSHIFT,U(-1,1),64,7168,7168,64x256x32_w8_v11,SKIP,BN/WARPS != 16
F8_E4M3_B128,LUT,U(-1,1),64,7168,7168,128x128x16_w4_v11,SKIP,BN/WARPS != 16
F8_E4M3_B128,BITSHIFT,U(-1,1),64,7168,7168,128x128x16_w4_v11,SKIP,BN/WARPS != 16
F8_E4M3_B128,LUT,U(-1,1),64,7168,7168,64x128x16_w4_v11,SKIP,BN/WARPS != 16
F8_E4M3_B128,BITSHIFT,U(-1,1),64,7168,7168,64x128x16_w4_v11,SKIP,BN/WARPS != 16
F8_E4M3_B128,LUT,U(-1,1),64,7168,7168,128x256x16_w8_v11,SKIP,BN/WARPS != 16
F8_E4M3_B128,BITSHIFT,U(-1,1),64,7168,7168,128x256x16_w8_v11,SKIP,BN/WARPS != 16
F8_E4M3_B128,LUT,U(-1,1),64,7168,7168,64x256x16_w8_v11,SKIP,BN/WARPS != 16
F8_E4M3_B128,BITSHIFT,U(-1,1),64,7168,7168,64x256x16_w8_v11,SKIP,BN/WARPS != 16
F8_E4M3_B128,LUT,U(-1,1),64,7168,7168,64x256x16_w4f4_v11,SKIP,BN/WARPS != 16
F8_E4M3_B128,BITSHIFT,U(-1,1),64,7168,7168,64x256x16_w4f4_v11,SKIP,BN/WARPS != 16
F8_E4M3_B128,LUT,U(-1,1),64,7168,7168,128x256x16_w4f4_v11,SKIP,BN/WARPS != 16
F8_E4M3_B128,BITSHIFT,U(-1,1),64,7168,7168,128x256x16_w4f4_v11,SKIP,BN/WARPS != 16
F8_E4M3_B128,LUT,U(-1,1),64,7168,7168,32x128x16_w4_v11,SKIP,BN/WARPS != 16
F8_E4M3_B128,BITSHIFT,U(-1,1),64,7168,7168,32x128x16_w4_v11,SKIP,BN/WARPS != 16
F8_E4M3_B128,LUT,U(-1,1),64,7168,7168,32x256x16_w8_v11,SKIP,BN/WARPS != 16
F8_E4M3_B128,BITSHIFT,U(-1,1),64,7168,7168,32x256x16_w8_v11,SKIP,BN/WARPS != 16
F8_E4M3_B128,LUT,U(-1,1),64,7168,7168,32x128x32_w4_v11,SKIP,BN/WARPS != 16
F8_E4M3_B128,BITSHIFT,U(-1,1),64,7168,7168,32x128x32_w4_v11,SKIP,BN/WARPS != 16
F8_E4M3_B128,LUT,U(-1,1),64,7168,7168,192x128x16_w4_v11,SKIP,BN/WARPS != 16
F8_E4M3_B128,BITSHIFT,U(-1,1),64,7168,7168,192x128x16_w4_v11,SKIP,BN/WARPS != 16
F8_E4M3_B128,LUT,U(-1,1),64,7168,7168,256x128x16_w4_v11,SKIP,BN/WARPS != 16
F8_E4M3_B128,BITSHIFT,U(-1,1),64,7168,7168,256x128x16_w4_v11,SKIP,BN/WARPS != 16
F8_E4M3_B128,LUT,U(-1,1),64,7168,7168,128x128x64_w4_v11,SKIP,BN/WARPS != 16
F8_E4M3_B128,BITSHIFT,U(-1,1),64,7168,7168,128x128x64_w4_v11,SKIP,BN/WARPS != 16
F8_E4M3_B128,LUT,U(-1,1),64,7168,7168,64x128x64_w4_v11,SKIP,BN/WARPS != 16
F8_E4M3_B128,BITSHIFT,U(-1,1),64,7168,7168,64x128x64_w4_v11,SKIP,BN/WARPS != 16
F8_E4M3_B128,LUT,U(-1,1),64,7168,7168,64x256x64_w8_v11,SKIP,BN/WARPS != 16
F8_E4M3_B128,BITSHIFT,U(-1,1),64,7168,7168,64x256x64_w8_v11,SKIP,BN/WARPS != 16
F8_E4M3_B128,LUT,U(-1,1),64,7168,7168,64x128x16_w2f4_v11,SKIP,BN/WARPS != 16
F8_E4M3_B128,BITSHIFT,U(-1,1),64,7168,7168,64x128x16_w2f4_v11,SKIP,BN/WARPS != 16
F8_E4M3_B128,LUT,U(-1,1),64,7168,7168,64x128x32_w2f4_v11,SKIP,BN/WARPS != 16
F8_E4M3_B128,BITSHIFT,U(-1,1),64,7168,7168,64x128x32_w2f4_v11,SKIP,BN/WARPS != 16
F8_E4M3_B128,LUT,U(-1,1),64,7168,7168,32x128x16_w2f4_v11,SKIP,BN/WARPS != 16
F8_E4M3_B128,BITSHIFT,U(-1,1),64,7168,7168,32x128x16_w2f4_v11,SKIP,BN/WARPS != 16
F8_E4M3_B128,LUT,U(-1,1),64,7168,7168,128x128x16_w4_v12,SKIP,BN/WARPS != 16
F8_E4M3_B128,BITSHIFT,U(-1,1),64,7168,7168,128x128x16_w4_v12,SKIP,BN/WARPS != 16
F8_E4M3_B128,LUT,U(-1,1),64,7168,7168,64x128x16_w4_v12,SKIP,BN/WARPS != 16
F8_E4M3_B128,BITSHIFT,U(-1,1),64,7168,7168,64x128x16_w4_v12,SKIP,BN/WARPS != 16
F8_E4M3_B128,LUT,U(-1,1),64,7168,7168,128x256x16_w8_v12,SKIP,BN/WARPS != 16
F8_E4M3_B128,BITSHIFT,U(-1,1),64,7168,7168,128x256x16_w8_v12,SKIP,BN/WARPS != 16
F8_E4M3_B128,LUT,U(-1,1),64,7168,7168,64x256x16_w8_v12,SKIP,BN/WARPS != 16
F8_E4M3_B128,BITSHIFT,U(-1,1),64,7168,7168,64x256x16_w8_v12,SKIP,BN/WARPS != 16
F8_E4M3_B128,LUT,U(-1,1),64,7168,7168,128x128x32_w4_v12,SKIP,BN/WARPS != 16
F8_E4M3_B128,BITSHIFT,U(-1,1),64,7168,7168,128x128x32_w4_v12,SKIP,BN/WARPS != 16
F8_E4M3_B128,LUT,U(-1,1),64,7168,7168,64x128x32_w4_v12,SKIP,BN/WARPS != 16
F8_E4M3_B128,BITSHIFT,U(-1,1),64,7168,7168,64x128x32_w4_v12,SKIP,BN/WARPS != 16
F8_E4M3_B128,LUT,U(-1,1),64,7168,7168,192x128x16_w4_v12,SKIP,BN/WARPS != 16
F8_E4M3_B128,BITSHIFT,U(-1,1),64,7168,7168,192x128x16_w4_v12,SKIP,BN/WARPS != 16
F8_E4M3_B128,LUT,U(-1,1),64,7168,7168,256x128x16_w4_v12,SKIP,BN/WARPS != 16
F8_E4M3_B128,BITSHIFT,U(-1,1),64,7168,7168,256x128x16_w4_v12,SKIP,BN/WARPS != 16
F8_E4M3_B128,LUT,U(-1,1),64,7168,7168,32x128x16_w4_v12,SKIP,BN/WARPS != 16
F8_E4M3_B128,BITSHIFT,U(-1,1),64,7168,7168,32x128x16_w4_v12,SKIP,BN/WARPS != 16
F8_E4M3_B128,LUT,U(-1,1),64,7168,7168,32x256x16_w8_v12,SKIP,BN/WARPS != 16
F8_E4M3_B128,BITSHIFT,U(-1,1),64,7168,7168,32x256x16_w8_v12,SKIP,BN/WARPS != 16
F8_E4M3_B128,LUT,U(-1,1),64,7168,7168,64x128x16_w2f4_v12,SKIP,BN/WARPS != 16
F8_E4M3_B128,BITSHIFT,U(-1,1),64,7168,7168,64x128x16_w2f4_v12,SKIP,BN/WARPS != 16
F8_E4M3_B128,LUT,U(-1,1),64,7168,7168,64x256x16_w4f4_v12,SKIP,BN/WARPS != 16
F8_E4M3_B128,BITSHIFT,U(-1,1),64,7168,7168,64x256x16_w4f4_v12,SKIP,BN/WARPS != 16
F8_E4M3_B128,LUT,U(-1,1),64,7168,7168,128x128x16_w4_v12_ms3,SKIP,BN/WARPS != 16
F8_E4M3_B128,BITSHIFT,U(-1,1),64,7168,7168,128x128x16_w4_v12_ms3,SKIP,BN/WARPS != 16
F8_E4M3_B128,LUT,U(-1,1),64,7168,7168,64x128x16_w4_v12_ms3,SKIP,BN/WARPS != 16
F8_E4M3_B128,BITSHIFT,U(-1,1),64,7168,7168,64x128x16_w4_v12_ms3,SKIP,BN/WARPS != 16
F8_E4M3_B128,LUT,U(-1,1),64,7168,7168,128x256x16_w8_v12_ms3,SKIP,BN/WARPS != 16
F8_E4M3_B128,BITSHIFT,U(-1,1),64,7168,7168,128x256x16_w8_v12_ms3,SKIP,BN/WARPS != 16
F8_E4M3_B128,LUT,U(-1,1),64,7168,7168,64x256x16_w8_v12_ms3,SKIP,BN/WARPS != 16
F8_E4M3_B128,BITSHIFT,U(-1,1),64,7168,7168,64x256x16_w8_v12_ms3,SKIP,BN/WARPS != 16
F8_E4M3_B128,LUT,U(-1,1),64,7168,7168,128x128x32_w4_v12_ms3,SKIP,BN/WARPS != 16
F8_E4M3_B128,BITSHIFT,U(-1,1),64,7168,7168,128x128x32_w4_v12_ms3,SKIP,BN/WARPS != 16
F8_E4M3_B128,LUT,U(-1,1),64,7168,7168,64x128x32_w4_v12_ms3,SKIP,BN/WARPS != 16
F8_E4M3_B128,BITSHIFT,U(-1,1),64,7168,7168,64x128x32_w4_v12_ms3,SKIP,BN/WARPS != 16
F8_E4M3_B128,LUT,U(-1,1),64,7168,7168,64x256x16_w4f4_v12_ms3,SKIP,BN/WARPS != 16
F8_E4M3_B128,BITSHIFT,U(-1,1),64,7168,7168,64x256x16_w4f4_v12_ms3,SKIP,BN/WARPS != 16
F8_E4M3_B128,LUT,U(-1,1),64,7168,7168,64x128x16_w2f4_v12_ms3,SKIP,BN/WARPS != 16
F8_E4M3_B128,BITSHIFT,U(-1,1),64,7168,7168,64x128x16_w2f4_v12_ms3,SKIP,BN/WARPS != 16
F8_E4M3_B128,LUT,U(-1,1),64,7168,7168,192x128x16_w4_v12_ms3,SKIP,BN/WARPS != 16
F8_E4M3_B128,BITSHIFT,U(-1,1),64,7168,7168,192x128x16_w4_v12_ms3,SKIP,BN/WARPS != 16
F8_E4M3_B128,LUT,U(-1,1),64,7168,7168,256x128x16_w4_v12_ms3,SKIP,BN/WARPS != 16
F8_E4M3_B128,BITSHIFT,U(-1,1),64,7168,7168,256x128x16_w4_v12_ms3,SKIP,BN/WARPS != 16
F8_E4M3_B128,LUT,U(-1,1),64,7168,7168,64x128x16_w4_v12s_ks1,SKIP,BN/WARPS != 16
F8_E4M3_B128,BITSHIFT,U(-1,1),64,7168,7168,64x128x16_w4_v12s_ks1,SKIP,BN/WARPS != 16
F8_E4M3_B128,LUT,U(-1,1),64,7168,7168,64x128x16_w4_v12s_ks2,SKIP,BN/WARPS != 16
F8_E4M3_B128,BITSHIFT,U(-1,1),64,7168,7168,64x128x16_w4_v12s_ks2,SKIP,BN/WARPS != 16
F8_E4M3_B128,LUT,U(-1,1),64,7168,7168,64x128x16_w4_v12s_ks4,SKIP,BN/WARPS != 16
F8_E4M3_B128,BITSHIFT,U(-1,1),64,7168,7168,64x128x16_w4_v12s_ks4,SKIP,BN/WARPS != 16
F8_E4M3_B128,LUT,U(-1,1),64,7168,7168,64x128x16_w4_v12s_ks8,SKIP,BN/WARPS != 16
F8_E4M3_B128,BITSHIFT,U(-1,1),64,7168,7168,64x128x16_w4_v12s_ks8,SKIP,BN/WARPS != 16
F8_E4M3_B128,LUT,U(-1,1),64,7168,7168,64x128x16_w4_v12s_ks16,SKIP,BN/WARPS != 16
F8_E4M3_B128,BITSHIFT,U(-1,1),64,7168,7168,64x128x16_w4_v12s_ks16,SKIP,BN/WARPS != 16
F8_E4M3_B128,LUT,U(-1,1),64,7168,7168,64x128x32_w4_v12s_ks2,SKIP,BN/WARPS != 16
F8_E4M3_B128,BITSHIFT,U(-1,1),64,7168,7168,64x128x32_w4_v12s_ks2,SKIP,BN/WARPS != 16
F8_E4M3_B128,LUT,U(-1,1),64,7168,7168,64x128x32_w4_v12s_ks4,SKIP,BN/WARPS != 16
F8_E4M3_B128,BITSHIFT,U(-1,1),64,7168,7168,64x128x32_w4_v12s_ks4,SKIP,BN/WARPS != 16
F8_E4M3_B128,LUT,U(-1,1),64,7168,7168,64x128x32_w4_v12s_ks8,SKIP,BN/WARPS != 16
F8_E4M3_B128,BITSHIFT,U(-1,1),64,7168,7168,64x128x32_w4_v12s_ks8,SKIP,BN/WARPS != 16
F8_E4M3_B128,LUT,U(-1,1),64,7168,7168,64x128x16_w4_v12s_ks3,SKIP,BN/WARPS != 16
F8_E4M3_B128,BITSHIFT,U(-1,1),64,7168,7168,64x128x16_w4_v12s_ks3,SKIP,BN/WARPS != 16
F8_E4M3_B128,LUT,U(-1,1),64,7168,7168,64x128x16_w4_v12s_ks5,SKIP,BN/WARPS != 16
F8_E4M3_B128,BITSHIFT,U(-1,1),64,7168,7168,64x128x16_w4_v12s_ks5,SKIP,BN/WARPS != 16
F8_E4M3_B128,LUT,U(-1,1),64,7168,7168,128x128x16_w4_v12s_ks2,SKIP,BN/WARPS != 16
F8_E4M3_B128,BITSHIFT,U(-1,1),64,7168,7168,128x128x16_w4_v12s_ks2,SKIP,BN/WARPS != 16
F8_E4M3_B128,LUT,U(-1,1),64,7168,7168,128x128x16_w4_v12s_ks4,SKIP,BN/WARPS != 16
F8_E4M3_B128,BITSHIFT,U(-1,1),64,7168,7168,128x128x16_w4_v12s_ks4,SKIP,BN/WARPS != 16
F8_E4M3_B128,LUT,U(-1,1),64,7168,7168,128x128x32_w4_v10s_ks1,SKIP,BN/WARPS != 16
F8_E4M3_B128,BITSHIFT,U(-1,1),64,7168,7168,128x128x32_w4_v10s_ks1,SKIP,BN/WARPS != 16
F8_E4M3_B128,LUT,U(-1,1),64,7168,7168,128x128x32_w4_v10s_ks2,SKIP,BN/WARPS != 16
F8_E4M3_B128,BITSHIFT,U(-1,1),64,7168,7168,128x128x32_w4_v10s_ks2,SKIP,BN/WARPS != 16
F8_E4M3_B128,LUT,U(-1,1),64,7168,7168,128x128x32_w4_v10s_ks4,SKIP,BN/WARPS != 16
F8_E4M3_B128,BITSHIFT,U(-1,1),64,7168,7168,128x128x32_w4_v10s_ks4,SKIP,BN/WARPS != 16
F8_E4M3_B128,LUT,U(-1,1),64,7168,7168,128x128x32_w4_v10s_ks8,SKIP,BN/WARPS != 16
F8_E4M3_B128,BITSHIFT,U(-1,1),64,7168,7168,128x128x32_w4_v10s_ks8,SKIP,BN/WARPS != 16
F8_E4M3_B128,LUT,U(-1,1),64,7168,7168,64x128x32_w4_v10s_ks2,SKIP,BN/WARPS != 16
F8_E4M3_B128,BITSHIFT,U(-1,1),64,7168,7168,64x128x32_w4_v10s_ks2,SKIP,BN/WARPS != 16
F8_E4M3_B128,LUT,U(-1,1),64,7168,7168,64x128x32_w4_v10s_ks4,SKIP,BN/WARPS != 16
F8_E4M3_B128,BITSHIFT,U(-1,1),64,7168,7168,64x128x32_w4_v10s_ks4,SKIP,BN/WARPS != 16
F8_E4M3_B128,LUT,U(-1,1),64,7168,7168,64x128x32_w4_v10s_ks8,SKIP,BN/WARPS != 16
F8_E4M3_B128,BITSHIFT,U(-1,1),64,7168,7168,64x128x32_w4_v10s_ks8,SKIP,BN/WARPS != 16
F8_E4M3_B128,LUT,U(-1,1),64,7168,7168,64x64x32_w4_v10s_ks2,SKIP,v10s only INT8 (use version=30 for F8 SplitK)
F8_E4M3_B128,BITSHIFT,U(-1,1),64,7168,7168,64x64x32_w4_v10s_ks2,SKIP,opt only LUT path
F8_E4M3_B128,LUT,U(-1,1),64,7168,7168,64x64x32_w4_v10s_ks4,SKIP,v10s only INT8 (use version=30 for F8 SplitK)
F8_E4M3_B128,BITSHIFT,U(-1,1),64,7168,7168,64x64x32_w4_v10s_ks4,SKIP,opt only LUT path
F8_E4M3_B128,LUT,U(-1,1),64,7168,7168,64x64x32_w4_v10s_ks8,SKIP,v10s only INT8 (use version=30 for F8 SplitK)
F8_E4M3_B128,BITSHIFT,U(-1,1),64,7168,7168,64x64x32_w4_v10s_ks8,SKIP,opt only LUT path
F8_E4M3_B128,LUT,U(-1,1),64,7168,7168,64x256x32_w8_v10s_ks2,SKIP,BN/WARPS != 16
F8_E4M3_B128,BITSHIFT,U(-1,1),64,7168,7168,64x256x32_w8_v10s_ks2,SKIP,BN/WARPS != 16
F8_E4M3_B128,LUT,U(-1,1),64,7168,7168,64x256x32_w8_v10s_ks4,SKIP,BN/WARPS != 16
F8_E4M3_B128,BITSHIFT,U(-1,1),64,7168,7168,64x256x32_w8_v10s_ks4,SKIP,BN/WARPS != 16
F8_E4M3_B128,LUT,U(-1,1),64,7168,7168,128x128x32_w4_v3s_ks1,SKIP,BN/WARPS != 16
F8_E4M3_B128,BITSHIFT,U(-1,1),64,7168,7168,128x128x32_w4_v3s_ks1,SKIP,BN/WARPS != 16
F8_E4M3_B128,LUT,U(-1,1),64,7168,7168,128x128x32_w4_v3s_ks2,SKIP,BN/WARPS != 16
F8_E4M3_B128,BITSHIFT,U(-1,1),64,7168,7168,128x128x32_w4_v3s_ks2,SKIP,BN/WARPS != 16
F8_E4M3_B128,LUT,U(-1,1),64,7168,7168,128x128x32_w4_v3s_ks4,SKIP,BN/WARPS != 16
F8_E4M3_B128,BITSHIFT,U(-1,1),64,7168,7168,128x128x32_w4_v3s_ks4,SKIP,BN/WARPS != 16
F8_E4M3_B128,LUT,U(-1,1),64,7168,7168,128x128x32_w4_v3s_ks8,SKIP,BN/WARPS != 16
F8_E4M3_B128,BITSHIFT,U(-1,1),64,7168,7168,128x128x32_w4_v3s_ks8,SKIP,BN/WARPS != 16
F8_E4M3_B128,LUT,U(-1,1),64,7168,7168,128x64x32_w4_v3s_ks2,OK,ms=36.822,tflops=0.18,gbps=1.5,maxabs=2.472e-02,p99=1.325e-02,rel=1.849e-04
F8_E4M3_B128,BITSHIFT,U(-1,1),64,7168,7168,128x64x32_w4_v3s_ks2,SKIP,opt only LUT path
F8_E4M3_B128,LUT,U(-1,1),64,7168,7168,128x64x32_w4_v3s_ks4,OK,ms=37.058,tflops=0.18,gbps=1.5,maxabs=2.473e-02,p99=1.322e-02,rel=1.849e-04
F8_E4M3_B128,BITSHIFT,U(-1,1),64,7168,7168,128x64x32_w4_v3s_ks4,SKIP,opt only LUT path
F8_E4M3_B128,LUT,U(-1,1),64,7168,7168,64x128x32_w4_v3s_ks2,SKIP,BN/WARPS != 16
F8_E4M3_B128,BITSHIFT,U(-1,1),64,7168,7168,64x128x32_w4_v3s_ks2,SKIP,BN/WARPS != 16
F8_E4M3_B128,LUT,U(-1,1),64,7168,7168,64x128x32_w4_v3s_ks4,SKIP,BN/WARPS != 16
F8_E4M3_B128,BITSHIFT,U(-1,1),64,7168,7168,64x128x32_w4_v3s_ks4,SKIP,BN/WARPS != 16
F8_E4M3_B128,LUT,U(-1,1),64,7168,7168,64x128x32_w4_v3s_ks8,SKIP,BN/WARPS != 16
F8_E4M3_B128,BITSHIFT,U(-1,1),64,7168,7168,64x128x32_w4_v3s_ks8,SKIP,BN/WARPS != 16
F8_E4M3_B128,LUT,U(-1,1),64,7168,7168,64x64x32_w4_v3s_ks2,OK,ms=29.575,tflops=0.22,gbps=1.9,maxabs=2.472e-02,p99=1.325e-02,rel=1.849e-04
F8_E4M3_B128,BITSHIFT,U(-1,1),64,7168,7168,64x64x32_w4_v3s_ks2,SKIP,opt only LUT path
F8_E4M3_B128,LUT,U(-1,1),64,7168,7168,64x64x32_w4_v3s_ks4,OK,ms=53.971,tflops=0.12,gbps=1.0,maxabs=2.473e-02,p99=1.322e-02,rel=1.849e-04
F8_E4M3_B128,BITSHIFT,U(-1,1),64,7168,7168,64x64x32_w4_v3s_ks4,SKIP,opt only LUT path
F8_E4M3_B128,LUT,U(-1,1),64,7168,7168,64x64x32_w4_v3s_ks8,OK,ms=52.899,tflops=0.12,gbps=1.0,maxabs=2.473e-02,p99=1.323e-02,rel=1.849e-04
F8_E4M3_B128,BITSHIFT,U(-1,1),64,7168,7168,64x64x32_w4_v3s_ks8,SKIP,opt only LUT path
F8_E4M3_B128,LUT,U(-1,1),64,7168,7168,128x128x32_cutlass_p1,SKIP,BN/WARPS != 16
F8_E4M3_B128,BITSHIFT,U(-1,1),64,7168,7168,128x128x32_cutlass_p1,SKIP,BN/WARPS != 16
F8_E4M3_B128,LUT,U(-1,1),64,7168,7168,64x128x32_cutlass_p1,SKIP,BN/WARPS != 16
F8_E4M3_B128,BITSHIFT,U(-1,1),64,7168,7168,64x128x32_cutlass_p1,SKIP,BN/WARPS != 16
F8_E4M3_B128,LUT,U(-1,1),64,7168,7168,128x64x32_cutlass_p1,SKIP,no template
F8_E4M3_B128,BITSHIFT,U(-1,1),64,7168,7168,128x64x32_cutlass_p1,SKIP,opt only LUT path
========= ERROR SUMMARY: 14 errors
